Batch Id,schedule,sample_e2e,prepare_inputs_e2e,model_execution_e2e,process_model_outputs
0,205.05667400720995,20.191860996419564,1.4617980050388724,182.2193769912701,0.27551800303626806
1,0.35611299972515553,1.0664400033419952,1.2710619921563193,185.22659500013106,0.6143069913377985
2,0.31672998738940805,0.7866499945521355,1.3369679945753887,169.53743300109636,0.724849000107497
3,0.3218000056222081,0.7790460076648742,1.1977109970757738,159.95599800953642,0.9776899969438091
4,0.40128199907485396,0.8542099967598915,1.3276870013214648,159.72969600989018,1.0338190040783957
5,0.2405740087851882,0.7966960110934451,1.3061130011919886,163.34630800702143,1.1238739971304312
6,0.3206859983038157,0.7893469883129001,1.2581670016516,167.15275798924267,1.1688869999488816
7,0.558143001399003,0.799751011072658,1.242748010554351,158.50017899356317,1.3117189955664799
8,0.4104229883523658,0.8228930091718212,1.3833489938406274,173.48281999875326,1.4346030075103045
9,0.48339899512939155,0.8276959997601807,1.2511020031524822,173.678450009902,1.7878500075312331
10,0.4945130058331415,0.8432829927187413,1.2552209955174476,160.95764299097937,2.2052149870432913
11,0.338754995027557,0.7898949988884851,1.3673929934157059,163.36465200583916,1.8814750073943287
12,0.5106099997647107,0.816988991573453,1.2129399983678013,166.72131800442003,1.9428319938015193
13,0.33098999119829386,0.7877769967308268,1.2594199943123385,173.1806290044915,2.0509330061031505
14,0.3319530078442767,0.799373010522686,1.2551180116133764,168.99227800604422,2.115404000505805
15,0.6762849952792749,0.8282810013042763,1.238258002558723,167.08394201123156,2.090162000968121
16,0.3590159903978929,0.829327997053042,1.3254669902380556,165.1167469972279,2.3110190086299554
17,0.39376500353682786,0.7742799934931099,1.3213450001785532,172.39201698976103,2.292024000780657
18,0.350469010300003,0.7798379956511781,1.2391080090310425,174.23348999000154,2.2025619982741773
19,0.5120629939483479,0.8494569920003414,1.2471340014599264,173.267639009282,2.2110470017651096
20,0.384935992769897,0.8102099964162335,1.253355003427714,172.06240000086837,2.463045995682478
21,0.5562540027312934,0.8379089995287359,1.2469320063246414,176.59013300726656,2.6740220055216923
22,0.443413999164477,0.8103839936666191,1.2275420012883842,178.5640160087496,2.982349004014395
23,0.5952600040473044,1.4119779953034595,1.3059839984634891,180.3546839946648,2.6997810055036098
24,0.4065979883307591,0.8062639972195029,1.2448560009943321,170.11679899587762,2.871869000955485
25,0.6202410004334524,0.8221339958254248,1.3673849898623303,172.4866909935372,2.9727320070378482
26,0.4245690070092678,0.8290270052384585,1.2497959978645667,178.28767200990114,3.0197400046745315
27,0.6000389985274523,0.9039750002557412,1.2749560119118541,178.67839099199045,3.097013002843596
28,0.4877399915130809,0.8121990103973076,1.2943769979756325,174.37079299998004,3.1975720048649237
29,0.7540660008089617,0.8404700056416914,1.2556079891510308,183.32723699859343,3.321768992464058
30,0.47405999794136733,0.844647001940757,1.2686190020758659,175.39140400185715,3.395084000658244
31,0.45741000212728977,0.8472229965263978,1.2660319916903973,175.67188300017733,3.3908929908648133
32,0.4677669930970296,0.8555489912396297,1.2580159964272752,186.22698400577065,3.3804380072979257
33,0.7613780035171658,0.8857009961502627,1.2219119962537661,182.4014659941895,3.480027007753961
34,0.4565190029097721,0.8354539895663038,1.2421749997884035,176.1663600045722,3.6958720011170954
35,0.45473901263903826,0.8265329961432144,1.2571420083986595,182.94394500844646,3.5067369899479672
36,0.4578770021907985,0.8266759978141636,1.25382500118576,180.45521299063694,3.533789000357501
37,0.5967690085526556,0.9186940005747601,1.2527899962151423,193.50107200443745,3.73385900456924
38,0.4740370059153065,0.8431970054516569,1.3154689950169995,182.69144200894516,3.8054920005379245
39,0.6919029983691871,0.864898000145331,1.3180959940655157,188.85812000371516,3.9029360050335526
40,0.5014119960833341,0.8261690090876073,1.26050399558153,176.97651400521863,4.166429993347265
41,0.8467579900752753,1.006313003017567,1.2963040062459186,195.03757799975574,4.149343003518879
42,0.5518039979506284,0.8685610082466155,1.3527409901143983,178.617760000634,4.332990007242188
43,0.5322060023900121,0.8555179956601933,1.2852040090365335,181.73523400037084,4.340328989201225
44,0.512684986460954,0.8399439975619316,1.2940540036652237,190.1456329942448,4.409966990351677
45,0.5051670013926923,0.8468849991913885,1.247649997822009,188.8423159980448,4.223594005452469
46,0.6148590036900714,0.9322280093329027,1.2674939935095608,188.43657200341113,4.437141993548721
47,0.7395050051854923,0.8913600031519309,1.274793001357466,192.783024001983,4.502265001065098
48,0.555607010028325,0.8576440013712272,1.2670159921981394,185.47340499935672,4.725232007331215
49,0.7603740086778998,0.9315810020780191,1.342971998383291,192.68542400095612,4.604817004292272
50,0.5550390051212162,0.8588229975430295,1.3097799965180457,187.5218670029426,5.039394003688358
51,0.579403989831917,0.8767020044615492,1.2596479937201366,185.17458499991335,4.669012996600941
52,0.7046190003165975,0.8315050072269514,1.317577000008896,189.30368099245243,4.4950709998374805
53,0.5276870069792494,0.8571039943490177,1.2588250101543963,188.2849969988456,1.742608001222834
54,0.2240510075353086,0.9020130091812462,1.2597729946719483,188.30552100553177,4.7834990109549835
55,0.8159240096574649,0.9156739979516715,1.2863019946962595,195.9137940139044,4.854291008086875
56,0.5689690005965531,0.9568289970047772,1.334704997134395,192.75466199906077,1.8754339980660006
57,0.21622599160764366,0.87221700232476,1.350414997432381,189.93098801001906,5.047810001997277
58,0.696975999744609,0.9446400072192773,1.3407700025709346,206.98535699921194,5.213868003920652
59,0.567465991480276,0.8650010131532326,1.155303994892165,196.19442299881484,1.9381349993636832
60,0.25951399584300816,0.91618399892468,1.408208001521416,192.8814590064576,5.327905004378408
61,0.6241000082809478,0.9356410009786487,1.3237800012575462,196.39994500903413,5.631627005641349
62,0.7372050022240728,0.9114999993471429,1.3341360026970506,204.13738099159673,2.128560998244211
63,0.26216400146950036,0.9167870011879131,1.3354920083656907,209.11528199212626,5.732008998165838
64,0.8948269969550893,0.9358230017824098,1.298260991461575,200.80810799845494,5.9127360000275075
65,0.6679719954263419,0.9430290083400905,1.342389005003497,194.3710089981323,6.051421005395241
66,0.6657299963990226,0.9474489925196394,1.3280020066304132,197.16572199831717,6.061919004423544
67,0.7666269957553595,0.9543239866616204,1.3334969989955425,205.7637379912194,6.111435999628156
68,1.050211998517625,0.9629800042603165,1.3478290056809783,201.3150489947293,6.3173990056384355
69,0.6735880015185103,0.8951329946285114,1.3544160028686747,194.7654120012885,6.531532999360934
70,0.6789769977331161,0.9442669979762286,1.3368279905989766,195.52656800078694,6.390494992956519
71,0.699946001986973,0.9114550048252568,1.4052010083105415,204.8239809955703,6.487774007837288
72,0.6753630004823208,0.8846000127959996,1.3214560021879151,204.28542399895377,6.326087997877039
73,0.9100470051635057,1.0053220030386,0.5015019996790215,207.9121849965304,6.574386003194377
74,0.7631379994563758,0.9579280012985691,1.4794729941058904,202.0790069946088,6.921159001649357
75,0.6942219915799797,0.9264349937438965,1.4939800021238625,207.1972480043769,6.821315997513011
76,0.8232030086219311,0.9186319948639721,1.3275240053189918,203.0226690112613,6.673002993920818
77,1.091696001822129,0.9614750015316531,1.3191990001359954,209.69482099462766,6.665264998446219
78,0.7066530088195577,0.8959929982665926,1.406313996994868,197.7527479903074,7.124430005205795
79,0.7862280035624281,0.9363080025650561,1.3360560114961118,201.2918459950015,6.842891001724638
80,0.7484319939976558,0.9118720045080408,1.3330729998415336,221.6013510042103,6.906930007971823
81,0.7004729995969683,0.9045170008903369,1.3239719992270693,207.53596400027163,6.818405992817134
82,0.8473320049233735,0.9921690070768818,1.3219179963925853,224.0714989893604,7.052514993119985
83,0.7723849994363263,0.9488860087003559,1.3162839895812795,203.97192498785444,6.9271440006559715
84,0.857290011481382,0.9789259929675609,1.3318290002644062,212.19274299801327,7.163251008023508
85,0.7071230065776035,1.1710179969668388,0.5887790030101314,107.40840599464718,7.597746996907517
86,0.7839039899408817,1.179359998786822,0.6838590052211657,114.51505101285875,7.696700995438732
87,0.7236230012495071,1.6360180015908554,0.722965007298626,98.66567498829681,7.977841989486478
88,0.6013899983372539,1.2002279981970787,0.6599509943043813,107.31106200546492,7.675069005927071
89,0.7165279967011884,1.2255449983058497,0.610230999882333,103.29336499853525,7.883854996180162
90,0.8125640015350655,1.143942994531244,0.6076350109651685,100.64005300228018,7.62229401152581
91,0.7349770021392033,1.2039540015393868,0.6393030053004622,99.2303030070616,7.653088992810808
92,0.7159649976529181,1.1772910074796528,0.6404070009011775,102.85023400501814,7.571754991658963
93,0.7334910042118281,1.1499899992486462,0.6360609986586496,98.49610000674147,7.867061998695135
94,0.7191939948825166,1.2282170064281672,0.6274220068007708,99.3071339908056,7.622434000950307
95,0.7438369939336553,1.1783160007325932,0.6246050033951178,104.46836099436041,7.976449996931478
96,0.8088899921858683,1.1375690082786605,0.6378539983415976,99.7879170026863,7.701347989495844
97,0.7761339948046952,1.262198988115415,0.6488570070359856,99.46526799467392,7.532810006523505
98,0.6821499991929159,1.1755150044336915,0.6504320044768974,103.15248199913185,7.771802003844641
99,0.7375380082521588,1.1581609869608656,0.6596159946639091,100.81758600426838,8.076260986854322
100,0.9903220052365214,0.9756159997778013,1.4374150050571188,204.62045799649786,7.553524992545135
101,0.7827310037100688,0.9595879964763299,1.0474300070200115,166.69617500156164,7.316768998862244
102,0.7318029965972528,1.0800460004247725,0.5600930016953498,91.57627700187732,7.488784991437569
103,0.771744002122432,1.2406080059008673,0.6457080016843975,103.32144900166895,7.783930006553419
104,0.7493750017601997,1.1436510103521869,0.6742080004187301,107.5572830013698,8.068750001257285
105,0.615198994637467,1.2044140021316707,0.6094770069466904,99.56011800386477,7.995163003215566
106,0.7563380058854818,1.1974610097240657,0.6266819982556626,98.93624299729709,8.225512996432371
107,0.6012439989717677,1.243768012500368,0.6223460077308118,107.12039799545892,7.9305029939860106
108,0.6810300110373646,1.1473079939605668,0.6309800082817674,100.35173399955966,7.768694005790167
109,0.7731799996690825,1.169694005511701,0.736807007342577,99.32057300466113,7.79707299079746
110,0.6759679963579401,1.1783929949160665,0.6390669877873734,105.68738600704819,7.722289999946952
111,0.6773679924663156,1.2251440057298169,0.644239000394009,101.45666700555012,8.374965997063555
112,0.7855579897295684,1.0063240042654797,0.5843090038979426,89.35351599939167,8.10408299730625
113,0.6416750111384317,1.1756789899664,0.6214439927134663,104.27375099970959,7.694079002249055
114,0.7304470054805279,1.1326910025672987,0.6299730011960492,99.34904400142841,9.069105988601223
115,0.7894249865785241,1.1612420057645068,0.6425979954656214,102.77369499090128,8.193161993403919
116,0.7780399901093915,1.2248250131960958,0.6441910081775859,103.7903649994405,8.079050006926991
117,0.8715519943507388,1.1490960023365915,0.6296360079431906,99.31347898964304,8.253862004494295
118,0.769575999584049,1.203150997753255,0.6556540029123425,100.2134549926268,8.120914004393853
119,0.7549169968115166,1.1958129907725379,0.6331240001600236,104.03664199111518,8.335908001754433
120,0.7711440121056512,1.1917400115635246,0.6579359906027094,98.08049601269886,7.998770990525372
121,0.6664079992333427,1.2118669983465225,0.644083003862761,105.08783299883362,8.1615149974823
122,0.6928109942236915,1.2268330028746277,0.6804500008001924,110.34931101312395,8.085891007794999
123,0.7437619933625683,1.1474700004328042,0.6239870126591995,98.28743500111159,8.201712000300176
124,0.6342909910017624,1.2017870030831546,0.6519120070151985,100.9762299945578,8.212487999117002
125,0.774264000938274,1.3229339965619147,0.6676350021734834,109.21217300347053,7.996284999535419
126,0.6284080009208992,1.174907010863535,0.6233839958440512,99.8514380044071,8.117510005831718
127,0.8184360049199313,1.2133209966123104,0.6414079980459064,99.35358000802808,8.177009003702551
128,0.8026940049603581,1.2019990099361166,0.6189330015331507,117.35485300596338,3.2795680017443374
129,0.2941550046671182,1.161403997684829,0.6237030029296875,103.71884700725786,8.19437600148376
130,0.7582370017189533,1.1916070070583373,0.6281660025706515,100.52387100586202,8.171754001523368
131,0.746559991966933,1.1734769941540435,0.5114980012876913,107.16561799927149,3.234093004721217
132,0.2936550008598715,1.1887889995705336,0.6280939996941015,103.35320699959993,8.17213200207334
133,0.713718996848911,1.2368280004011467,0.6514759879792109,101.42567599541508,8.402880994253792
134,0.8049280004343018,1.2237070041010156,0.5081739946035668,107.64176800148562,3.1952509889379144
135,0.31749799381941557,1.1565780005184934,0.6334320059977472,100.10957300255541,8.281542002805509
136,0.7501969957957044,1.1915659997612238,0.6559999892488122,108.91027899924666,8.112832001643255
137,0.7531119917985052,1.1622890015132725,0.5075560038676485,106.78397200535983,3.308651997940615
138,0.32304300111718476,1.1691520048771054,0.6059620063751936,112.58084699511528,8.211380001739599
139,0.7593649934278801,1.151931006461382,0.3356949891895056,110.27586400450673,8.130908987368457
140,0.820522996946238,1.254645991139114,0.5087339959573001,120.56086001393851,8.168347994796932
141,0.7921889919089153,1.2112810072721913,0.6615750025957823,100.16086000541691,7.964071992319077
142,0.751658997614868,1.21238999417983,0.36940099380444735,109.77430301136337,8.214517001761124
143,0.7616240036441013,1.1800829961430281,0.676887997542508,104.29448999639135,8.405808999668807
144,0.7363810000242665,1.1449110024841502,0.6311890028882772,111.16249700717162,8.183008001651615
145,0.7330310036195442,1.1849889997392893,0.6799010006943718,99.18141200614627,7.996999003808014
146,0.6820540002081543,1.2000040005659685,0.632109004072845,105.35877299844287,7.863327002269216
147,0.6770719919586554,1.1498980020405725,0.6441529985750094,107.30069399869535,10.416438992251642
148,0.8090719929896295,1.227802989888005,0.6871539953863248,102.84937798860483,8.528798003681004
149,0.7917210023151711,1.2280969967832789,0.6482640019385144,105.87006800051313,8.358202991075814
150,0.7489309937227517,1.1365100071998313,0.6768160092178732,100.13429500395432,8.585992007283494
151,0.6687529967166483,1.2409479968482628,0.6323129928205162,104.31141799199395,8.171812005457468
152,0.7785289926687256,1.2067170027876273,0.6512639956781641,105.95853599079419,8.28829400415998
153,0.773180989199318,1.1257739970460534,0.6305760034592822,99.59575200628024,8.087901005637832
154,0.6730239983880892,1.236757991136983,0.7119910005712882,106.3787000020966,8.102009989670478
155,0.5703330098185688,1.4282470074249431,0.6097010045778006,105.58503700303845,7.969690996105783
156,0.7348189974436536,1.1510409967740998,0.6760410033166409,98.6916930123698,8.166532003087923
157,0.675809002132155,1.2506540078902617,0.6766400038031861,103.78694199607708,8.050901000387967
158,0.6473209941759706,1.1912509944522753,0.6514309934573248,127.92331700620707,8.02347699936945
159,0.7596149953315035,1.1437200009822845,0.6066740024834871,100.17182400042657,8.260872011305764
160,0.7319290016312152,1.2380840053083375,0.6572620040969923,106.88781600038055,8.011347992578521
161,0.6064689951017499,1.1568699992494658,0.6634819874307141,105.93704400525894,8.094240998616442
162,0.6150510016595945,1.1675449932226911,0.6334849895210937,99.36544598895125,8.005053008673713
163,0.7406439981423318,1.1780970089603215,0.6310479948297143,108.805317999213,8.170764005626552
164,0.7357970025623217,1.2558670132420957,0.6428749911719933,107.99400899850298,8.317062995047309
165,0.7251990027725697,1.1280199978500605,0.6154949951451272,99.4573229982052,8.13147499866318
166,0.7313340029213578,1.2135290016885847,0.6491640087915584,100.61598099127878,3.340031995321624
167,0.29414400341920555,1.2511600070865825,0.6471449887612835,121.03941799432505,8.02564900368452
168,0.6621929933317006,1.1325639934511855,0.6837409891886637,100.31623400573153,8.01856598991435
169,0.7442000060109422,1.2048869975842535,0.6402900035027415,101.76888399291784,3.4246800059918314
170,0.3593069995986298,1.2108210066799074,0.6425759929697961,104.65111299708951,8.03518200700637
171,0.8338360057678074,1.149465999333188,0.9537180012557656,125.77644900011364,7.840300997486338
172,0.7308560016099364,1.2125590001232922,0.6557059969054535,103.83997700409964,3.227132008760236
173,0.3243259998271242,1.1698970047291368,0.7192550110630691,103.11275599815417,7.707361000939272
174,0.7289490022230893,1.1643410107353702,0.6597899919142947,100.06216200417839,7.844947002013214
175,0.7317529962165281,1.2169700057711452,0.6484839977929369,98.04750999319367,3.2156939996639267
176,0.2857260114978999,1.2087200011592358,0.6135000003268942,110.49083700345363,7.7872240071883425
177,0.8333249861607328,1.193083997350186,0.6300050008576363,111.24531699169893,7.486346003133804
178,0.6518949958262965,1.2041550071444362,0.6550460093421862,99.4974000059301,3.1345210009021685
179,0.2861359971575439,1.1990880011580884,0.632611001492478,103.52188399701845,7.5432489975355566
180,0.7323180034290999,1.182420994155109,0.6293199985520914,103.581008996116,7.685677002882585
181,0.7277230033650994,1.195874996483326,0.6425160099752247,98.4664010029519,3.2010639988584444
182,0.28607199783436954,1.1908649903489277,0.6132410053396598,103.62743699806742,7.79577498906292
183,0.7387189980363473,1.1671139945974573,0.6243159878067672,98.59142299683299,7.543889994849451
184,0.7992520113475621,1.1732679995475337,0.6304120033746585,98.70570299972314,3.2125610014190897
185,0.28976600151509047,1.233279996085912,0.614531003520824,102.87633500411175,8.085373003268614
186,0.9552409901516512,1.5723830001661554,1.3971970038255677,202.49338701250963,7.583529994008131
187,0.7143459952203557,0.9245169931091368,0.8086630114121363,118.38163500942755,3.026097998372279
188,0.26785299996845424,1.056530003552325,0.591232004808262,93.21327198995277,7.6298970088828355
189,0.744372999179177,1.138716994319111,0.6059469887986779,111.09210198628716,7.892459005233832
190,0.6637300102738664,1.5899830032140017,0.6510230014100671,99.18482200009748,3.297276998637244
191,0.31898899760562927,1.1685320059768856,0.6069910014048219,103.95144599897321,7.875017006881535
192,0.7330689986702055,1.1473030026536435,0.6207090045791119,99.98847800306976,7.901160992332734
193,0.7528509886469692,1.173965007183142,0.6305249989964068,98.01209600118455,3.15761000092607
194,0.2970019995700568,1.1971869971603155,0.6433310045395046,104.12406000250485,7.890348992077634
195,0.9371149935759604,0.9087169892154634,1.4774380106246099,212.05674699740484,7.356886999332346
196,1.150214986409992,0.9006600012071431,0.7297270058188587,108.48180300672539,2.9380699998000637
197,0.27810499886982143,1.1433870095061138,0.5624729965347797,98.13984800712205,7.647780003026128
198,0.7555189949925989,1.1177319975104183,0.6437289994210005,102.66448800393846,7.838841003831476
199,0.6627769907936454,1.8723480025073513,0.6194860034156591,98.07106098742224,3.2935519993770868
200,0.2979050041176379,1.2440879945643246,0.6226370023796335,103.39561098953709,7.956884001032449
201,0.7581940008094534,1.1333279981045052,0.6316189974313602,100.54128599585965,8.132647999445908
202,0.817327992990613,2.1021699940320104,0.6847509939689189,104.1337159986142,3.194163989974186
203,0.2880079991882667,1.198451005620882,0.6446199986385182,103.11851999722421,7.732769008725882
204,0.6632489967159927,1.1708789970725775,0.6613410077989101,99.77210899523925,7.596256997203454
205,0.7296109979506582,1.191862000268884,0.6218290072865784,97.3720210022293,3.125625997199677
206,0.2828129945555702,1.1545000015757978,0.6338940002024174,104.57977699115872,7.6346949936123565
207,0.7243919972097501,1.14305000170134,0.6350260082399473,99.938788000145,7.792659002006985
208,0.7119600049918517,1.1982959986198694,0.6527689984068274,105.09924299549311,3.2946200080914423
209,0.3012500092154369,1.2168419925728813,0.6466439954238012,105.88224499952048,3.2107650040416047
210,0.2794479951262474,1.1165300093125552,0.7621939876116812,106.68408300261945,7.893576999776997
211,0.5850300076417625,1.1121440038550645,0.6163400103105232,97.36751799937338,3.2606979948468506
212,0.2846189890988171,1.1750560079235584,0.6114389980211854,102.36938200250734,3.2373729918617755
213,0.297108999802731,1.1147970071760938,0.6182049983181059,100.29052500613034,7.879993005190045
214,0.7358949951594695,1.146984999650158,0.6951919931452721,98.3517069980735,3.266656000050716
215,0.28185600240249187,1.211802999023348,0.637172008282505,105.44151299109217,3.3131500094896182
216,0.3297070070402697,1.157751990831457,0.6299259985098615,100.50026400131173,8.036337996600196
217,0.732323998818174,1.1683230113703758,0.6193820008775219,115.36206900200341,3.3453959913458675
218,0.3051930107176304,1.2111700052628294,0.6358100072247908,104.00849700090475,3.272441987064667
219,0.27751400193665177,1.1206800118088722,0.6340850086417049,98.50691798783373,7.771885997499339
220,0.6591479905182496,1.1317919997964054,0.6101249891798943,96.8493859982118,3.106003990978934
221,0.2813640021486208,1.163321008789353,0.6376370001817122,106.83112300466746,3.2040829973993823
222,0.27902300644200295,1.1486489966046065,0.6024470058036968,100.01612799533177,7.8423399972962216
223,0.7196450023911893,1.1165929900016636,0.6066749920137227,99.27310000057332,3.193423995980993
224,0.2812930033542216,1.2373240024317056,0.6594129954464734,102.87656399304979,3.178814993589185
225,0.28324799495749176,1.1285020009381697,0.6133100105216727,100.20438701030798,7.71390700538177
226,0.7159939996199682,1.1356460017850623,0.6455650000134483,100.61644100642297,3.1450340029550716
227,0.2802519884426147,1.1742310016416013,0.7001070043770596,106.53834900585935,3.2176570093724877
228,0.2761999930953607,1.1157289991388097,0.6324739952106029,98.16870700160507,7.792422009515576
229,0.7463640067726374,1.1064650025218725,0.6587629904970527,97.22971300652716,3.069125988986343
230,0.2802239905577153,1.135298007284291,0.6181009957799688,105.24428098869976,3.1423350010300055
231,0.279551008134149,1.1302429920760915,0.6093270058045164,100.18091899110004,7.61529800365679
232,0.7504919922212139,1.1387319973437116,0.6227809935808182,100.94808199210092,3.256947995396331
233,0.2864130074158311,1.1560429993551224,0.6182350043673068,106.68279200035613,3.2783460046630353
234,0.32910500885918736,1.1062800040235743,0.6027880008332431,100.49313498893753,7.6820169924758375
235,0.7308080093935132,1.1683630000334233,0.6725130078848451,100.37757900136057,3.20803900831379
236,0.29465700208675116,1.1818019993370399,0.6572139973286539,104.28665000654291,3.1799619900994003
237,0.28093000582884997,1.1063019919674844,0.5996140098432079,99.96459900867194,7.6558459986699745
238,0.7330060034291819,1.1239379964536056,0.6453609967138618,96.20058200380299,3.2898560020839795
239,0.2791360020637512,1.1800429929280654,0.6753630004823208,103.70516699913424,3.2600169943179935
240,0.2862140099750832,1.1503279965836555,0.6169419939396903,101.36765999777708,7.805309011018835
241,0.7132280006771907,1.164361005066894,0.6376779929269105,110.7715050020488,3.261211997596547
242,0.2860739914467558,1.1546659952728078,0.667136991978623,102.36472899850924,3.2467260025441647
243,0.2900769904954359,1.0997359931934625,0.6217300106072798,98.5319680039538,7.90794201020617
244,0.715935995685868,1.166493006167002,0.6365119916154072,104.04193999420386,3.1892260012682527
245,0.2990749926539138,1.1419170041335747,0.6434019887819886,104.14918699825648,3.1564840028295293
246,0.28633500915020704,1.128074000007473,0.6138809985714033,99.89032600424252,8.005181996850297
247,0.722905999282375,1.1448800069047138,0.6307469884632155,96.68326600512955,3.3774660114431754
248,0.2829089935403317,1.1665580095723271,0.6245319964364171,102.27371299697552,3.2778820022940636
249,0.32925501000136137,1.2223619996802881,0.6033060053596273,105.0245439982973,7.812444004230201
250,0.7181520049925894,1.1646859929896891,0.640070007648319,96.71850000449922,3.1930410041240975
251,0.2825289993779734,1.159960011136718,0.6035010010236874,100.9791749966098,3.154566991725005
252,0.2800369984470308,1.1073660134570673,0.6264310068218037,103.17548199964222,7.656831992790103
253,0.7002769998507574,1.1504060094011948,0.6589039985556155,97.0268179953564,3.2426929974462837
254,0.27863601280841976,1.11612600449007,0.5989219935145229,105.25393899297342,3.309389008791186
255,0.28047600062564015,1.2262740056030452,0.621123006567359,99.40710400405806,7.823968990123831
256,0.6945049972273409,1.1671200045384467,0.6328669987851754,97.94886100280564,3.1817159906495363
257,0.28563699743244797,1.1235900019528344,0.6673740135738626,102.53381199436262,3.248452994739637
258,0.282741995761171,1.1640029988484457,0.6253879982978106,107.10753299645148,7.6973029936198145
259,0.7360419986071065,1.1403109965613112,0.6267370044952258,96.80271799152251,3.234136995160952
260,0.32029599242378026,1.1381929944036528,0.6396020035026595,100.27710799477063,3.236691001802683
261,0.30260399216786027,1.1163629969814792,0.6473529938375577,101.68580399476923,7.956923000165261
262,0.638130004517734,1.1639270087471232,0.6362040003295988,98.95804000552744,3.294016991276294
263,0.2826450072461739,1.1402420059312135,0.625051005044952,104.05453700514045,3.2318930025212467
264,0.28647099679801613,1.150294003309682,0.6219689967110753,99.90501300489996,7.977609988301992
265,0.7175620121415704,1.196700002765283,0.627850997261703,97.3643410106888,3.4326269960729405
266,0.2982019941555336,1.111057004891336,0.6304910057224333,105.00758999842219,3.152464996674098
267,0.27783199038822204,1.1369650019332767,0.6338750099530444,103.85042200505268,8.066283000516705
268,0.5903810088057071,1.1414970067562535,0.6354939978336915,97.94131699891295,3.408370990655385
269,0.27432299975771457,1.127836003433913,0.6180360069265589,100.86862699245103,3.2948640000540763
270,0.2988869964610785,1.171259005786851,0.6875819963170215,98.52781299559865,7.875472991145216
271,0.9364720026496798,0.9111170074902475,1.4636889973189682,200.94956099637784,2.7771440072683617
272,0.26650101062841713,0.8805599936749786,0.8703020139364526,117.6061560108792,2.742338998359628
273,0.3411469951970503,0.9638119954615831,1.638132001971826,201.26778700796422,7.3962110036518425
274,0.794817999121733,0.8856609929352999,0.745475001167506,116.5658230020199,2.709270003833808
275,0.2546440082369372,1.0630840115481988,0.6089560047257692,94.74593700724654,3.069016005611047
276,0.2766759862424806,1.1406500125303864,0.5911370099056512,99.31039100047201,7.5692149985115975
277,0.6890630029374734,1.2139379978179932,0.6132470007287338,98.55802200036123,3.2645899918861687
278,0.27948101342190057,1.148681010818109,0.6452620000345632,100.61636498721782,3.229409994673915
279,0.281828994047828,1.5814489888725802,0.6170300039229915,102.16593100631144,7.913545006886125
280,0.684422004269436,1.2033579987473786,0.6206050020409748,115.04112000693567,3.175562000251375
281,0.2759080089163035,1.1780080094467849,0.6703909893985838,114.41126899444498,3.185027002473362
282,0.2977739932248369,1.1374800087651238,0.6367269961629063,99.04273999563884,7.626670005265623
283,0.6587350071640685,1.1341969948261976,0.6091950053814799,107.69687499850988,3.1470849935431033
284,0.27542699535842985,1.141603002906777,0.6837660039309412,103.91061900008935,3.2526989962207153
285,0.28533898876048625,1.1974670051131397,0.619835001998581,99.03503899113275,7.70303700119257
286,0.576637001358904,1.1426429991843179,0.6276399944908917,104.91616198851261,3.1163500098045915
287,0.27230699197389185,1.1346310056978837,0.6666109984507784,112.41004199837334,3.352767991600558
288,0.2725809899857268,1.1312160058878362,0.6064549961593002,99.97535400907509,7.962212999700569
289,0.7113519968697801,1.1629390064626932,0.6833020015619695,96.9022820063401,3.359264010214247
290,0.45139799476601183,0.8950899937190115,1.571941000293009,204.93743001134135,2.7505370089784265
291,0.25480300246272236,1.279507006984204,1.3769950019195676,203.911545992014,7.066152000334114
292,0.6792920030420646,1.2938389991177246,1.3225669972598553,186.13252400245983,2.7019129920518026
293,0.25051900593098253,1.0190710017923266,0.5609359941445291,94.98989299754612,3.042071999516338
294,0.2878520026570186,1.1045980063499883,0.6299649976426736,99.41455100488383,7.9177039879141375
295,0.698228002875112,1.0917119943769649,0.6097610021242872,98.55562599841505,3.3615049906075
296,0.27801000396721065,1.1115489905932918,0.6283249967964366,104.3385179946199,3.3230880071641877
297,0.2798979985527694,1.1421429953770712,0.6143700011307374,103.45469700405374,8.060981999733485
298,0.7795359997544438,0.9073249966604635,1.473020005505532,199.52133399783634,2.80569501046557
299,0.2706889936234802,0.9178449981845915,0.9574419964337721,141.82167500257492,2.793978012050502
300,0.2595330006442964,1.145228001405485,0.5736719904234633,95.16240500670392,7.734665006864816
301,0.6467030034400523,1.1668210063362494,0.6613700097659603,98.0717460042797,3.2501759997103363
302,0.2782669907901436,1.1519019899424165,0.613555996096693,102.853429998504,3.214445008779876
303,0.2957969991257414,1.6565709956921637,0.6560799956787378,98.8264409970725,7.689101999858394
304,0.7282250007847324,1.170653005829081,0.6202459917403758,100.8263529947726,3.2789539982331917
305,0.2865020069293678,1.1251510004512966,0.6302099936874583,107.76736799743958,3.1577939953422174
306,0.2757030015345663,1.13802999840118,0.6052980024833232,100.05520599952433,7.586608990095556
307,0.694973990903236,1.1942330020247027,0.628562003839761,97.38683799514547,3.1647789874114096
308,0.2771889994619414,1.180671009933576,0.620324004557915,104.41473498940468,3.186753994668834
309,0.2770650025922805,1.161010004580021,0.7346079946728423,108.50886099797208,8.078839993686415
310,1.24162899737712,0.9448929922655225,1.5639039920642972,197.72961700800806,2.7832210034830496
311,0.25055599689949304,0.890113995410502,1.3298909907462075,201.08666199666914,2.678071992704645
312,0.2515980013413355,0.9907299972837791,0.5614620022242889,89.71322399156634,8.613717000116594
313,0.7199039973784238,1.159199993708171,0.6059669976821169,96.61286999471486,3.163483997923322
314,0.317698999424465,1.178218997665681,0.6586819945368916,106.25463099859189,3.2793270074762404
315,0.29136499506421387,1.688579999608919,0.6207340047694743,99.6674149937462,7.730601995717734
316,0.7679440022911876,1.119778011343442,0.6245219992706552,97.53645899763796,3.1938000029185787
317,0.2804189862217754,1.1172849917784333,0.6069539958843961,103.97966500022449,3.364321994013153
318,0.29868099954910576,1.1035650095436722,0.6192840082803741,112.91803899803199,7.405972006381489
319,0.685377002810128,1.1267970112385228,0.6070239905966446,101.84499699971639,3.0742439994355664
320,0.2777279878500849,1.1190189979970455,0.6070899980841205,101.97593900375068,3.1568100093863904
321,0.2825150004355237,1.102972004446201,0.6255790067370981,101.80033699725755,7.668855003430508
322,0.6887000054121017,1.1286080116406083,0.6039059953764081,100.42273200815544,3.1977769976947457
323,0.2771239960566163,1.1324539955239743,0.6525040080305189,104.20151699509006,3.1693050113972276
324,0.28151799051556736,1.131067008827813,0.7400809990940616,100.3842330101179,7.711803002166562
325,0.6946859939489514,1.1485120048746467,0.6354030047077686,96.79538301134016,3.3912939979927614
326,0.3930060047423467,0.9073430119315162,1.474513002904132,207.16365400585346,2.8539540071506053
327,0.2501909912098199,0.8654109988128766,0.8890280005289242,134.25293000182137,6.9592840009136125
328,0.6692499882774428,1.0236159869236872,0.5863050027983263,88.79283998976462,2.9886529955547303
329,0.28103899967391044,1.099747998523526,0.6410460046026856,101.75382099987473,3.2173020008485764
330,0.30280400824267417,1.157883001724258,0.6312460027402267,106.26972300815396,7.762630993966013
331,0.6876370025565848,1.1133849911857396,0.6364750006468967,107.02372599916998,3.2898159988690168
332,0.4550869925878942,0.9106779907597229,1.5361770056188107,202.85581900679972,2.8606069972738624
333,0.2907049929490313,0.9175430022878572,1.3441109913401306,203.72920400404837,6.975334006710909
334,0.6926839996594936,0.8996389951789752,0.5069129983894527,207.6868490112247,2.648157998919487
335,0.325153989251703,0.9749599994393066,1.3729229976888746,212.91078900685534,2.6406519900774583
336,0.2528079930925742,0.8915990038076416,1.3238520041340962,200.26183901063632,7.0002489956095815
337,0.6068360089557245,0.9073700057342649,0.47714600805193186,220.61099200800527,2.7123579930048436
338,0.24746298731770366,1.0295230022165924,0.5693030107067898,96.86616400722414,3.0348909931490198
339,0.2607219939818606,1.1146079923491925,0.5749800038756803,102.21888200612739,7.6635979930870235
340,0.7705589960096404,1.210923001053743,0.6267419958021492,99.03881000354886,3.2649130007484928
341,0.2788700076052919,1.1454510095063597,0.607449997914955,100.37463299522642,3.256681011407636
342,0.2769419952528551,1.1167100019520149,0.5957170069450513,100.50864500226453,7.748178992187604
343,0.6873460079077631,1.1056310031563044,0.6175699963932857,97.61061999597587,3.215247008483857
344,0.2821770031005144,1.1467870062915608,0.604966000537388,105.33572900749277,3.6070210044272244
345,0.28949799889232963,1.1004110128851607,0.6095389981055632,112.48960900411475,7.7208959992276505
346,0.7121529924916103,1.1503959976835176,0.6075179990148172,101.27971600741148,3.205847999197431
347,0.2887430018745363,1.1452809994807467,0.6094310083426535,102.34817500167992,3.2707500067772344
348,0.2754640008788556,1.1483750131446868,0.6229610007721931,98.82332100823987,7.882252000854351
349,0.5914799985475838,1.1797979968832806,0.6626919930567965,96.4604830078315,3.1454779964406043
350,0.2809549914672971,1.1509530013427138,0.624787004198879,104.8220329976175,3.278052987297997
351,0.2688400127226487,1.175155004602857,0.6004620081512257,104.8384899913799,8.006032992852852
352,0.7031849963823333,1.1175010004080832,0.636872005998157,97.35115099465474,3.2471949962200597
353,0.2875760110327974,1.1527970054885373,0.6129600078566,115.75239800731651,3.2743159972596914
354,0.27836499793920666,1.1279449972789735,0.5980690038995817,98.79137099778745,7.973465995746665
355,0.7006449886830524,1.0859129979507998,0.6359949911711738,98.6064259923296,3.330103005282581
356,0.27687598776537925,1.1903409904334694,0.6073690019547939,103.4268079965841,3.2467590062879026
357,0.28279199614189565,1.1610860092332587,0.590391005971469,100.2326159941731,7.927016995381564
358,0.7261389982886612,1.151678996393457,0.633193994872272,97.51795600459445,3.2639590062899515
359,0.2969659981317818,1.1291599948890507,0.6137169984867796,103.83914099656977,3.317776005133055
360,0.29456400079652667,1.090314006432891,0.6449499924201518,107.36752599768806,7.88077998731751
361,0.6918730068719015,1.1274310090811923,0.6566980009665713,96.8109050008934,3.196825011400506
362,0.27871099882759154,1.1260750034125522,0.6803680007578805,101.0122239968041,3.2405870006186888
363,0.2811919985106215,1.0977740021189675,0.6379910046234727,104.04457499680575,8.006294985534623
364,0.7623009878443554,1.1329280096106231,0.6632489967159927,99.26499100401998,3.3417999948142096
365,0.2785780088743195,1.1867079883813858,0.6804850127082318,102.98891499405727,3.34773599752225
366,0.28924300568178296,1.134273989009671,0.6547090015374124,103.69457599881571,7.819165999535471
367,0.6905359914526343,1.0862600029213354,0.6314130005193874,96.48250699683558,3.2273029937641695
368,0.27876200329046696,1.1270389950368553,0.601170992013067,105.03524000523612,3.233126990380697
369,0.2850700111594051,1.1436140048317611,0.6185930105857551,100.89702499681152,7.7327979961410165
370,0.693632013280876,1.0993180039804429,0.6040209991624579,95.83383800054435,3.180842992151156
371,0.27735900948755443,1.1141330032842234,0.6168379914015532,102.83651699137408,3.1803599995328113
372,0.2736129972618073,1.159403007477522,0.5981970025459304,101.515678994474,7.638504001079127
373,0.6977359880693257,1.2267359998077154,0.6125400104792789,97.78951900079846,3.3541459997650236
374,0.29085999995004386,1.2106579961255193,0.6837419932708144,102.68988099414855,3.399458000785671
375,0.4202980053378269,0.9425750031368807,1.5829449985176325,199.91724799911026,7.098938993294723
376,0.6785269943065941,0.9130079997703433,1.5742149989819154,199.1553109983215,2.6783469947986305
377,0.26237699785269797,0.8514559885952622,0.7034949958324432,113.01094200462103,2.680276011233218
378,0.24609200772829354,1.0317660053260624,0.5653970001731068,90.30893100134563,7.229755006846972
379,0.6923100008862093,1.1504160065669566,0.5943480064161122,100.52541000186466,3.215589007595554
380,0.2721610071603209,1.6008189995773137,0.637956996797584,103.36885399010498,3.3053439983632416
381,0.28765099705196917,1.1171859950991347,0.6350199982989579,114.60710199025925,7.791718991938978
382,0.7033639994915575,1.1397150083212182,0.6273659964790568,114.51110600319225,3.1358539999928325
383,0.2713579888222739,1.1065089929616079,0.6222340016392991,105.73796200333163,3.2272539974655956
384,0.28865999775007367,1.1206979979760945,0.6133449933258817,99.51961399929132,7.535821001511067
385,0.7121489907149225,1.1331940040690824,0.6070399977033958,100.74709499895107,3.1209360022330657
386,0.27432201022747904,1.1492940102471039,0.5932630010647699,110.33768599736504,3.144791000522673
387,0.282164997770451,1.116009007091634,0.6033919926267117,99.67477599275298,7.8139719989849254
388,0.8187339990399778,1.1159179994137958,0.6207270052982494,97.18392600188963,3.2687899947632104
389,0.2980309945996851,1.1071240005549043,0.6132599955890328,104.08034399733879,3.158409002935514
390,0.28830001247115433,1.0789450025185943,0.6083320040488616,99.16536799573805,7.757172992569394
391,0.6919180013937876,1.077339009498246,0.608624002779834,98.21676599676721,3.27618200390134
392,0.4010859993286431,0.919154001167044,1.4428859867621213,203.61641699855682,2.873285993700847
393,0.3303039993625134,0.9163969953078777,1.3963329984107986,206.39021298848093,6.876040992210619
394,0.6761560071026906,0.9212779987137765,1.3773829996353015,199.3371959979413,2.7322579990141094
395,0.2876979997381568,0.9366250014863908,0.6652279989793897,108.93144599685911,2.664903993718326
396,0.25395800184924155,0.9692370076663792,0.5758670013165101,90.01395999803208,7.388585989247076
397,0.6688769935863093,1.1221110034966841,0.6083479966036975,94.65291199740022,3.1331679929280654
398,0.2738940092967823,1.1584119929466397,0.6078000005800277,101.47111299738754,3.358781003043987
399,0.2841569948941469,1.488093999796547,0.5981319991406053,97.44721600145567,7.444411006872542
400,0.7139699882827699,1.0938740015262738,0.6081439933041111,100.77467799419537,3.12748400028795
401,0.2773390006041154,1.0966089903376997,0.605752007686533,105.66889100300614,3.05608099733945
402,0.27270399732515216,1.1247250076849014,0.5960429989499971,98.15115999663249,7.245393993798643
403,0.6707860011374578,1.1136300017824396,0.6273889885051176,95.29474200098775,3.0791570025030524
404,0.2698600001167506,1.1240349995205179,0.6167159881442785,102.1793239924591,3.035517001990229
405,0.28070699772797525,1.0738679993664846,0.6030990043655038,103.61684100644197,7.457318002707325
406,0.6683749961666763,1.0956610058201477,0.6299289962043986,95.61808600847144,3.2251189986709505
407,0.31860599119681865,1.1051879992010072,0.612513002124615,100.1657970045926,3.0573280091630295
408,0.27775700436905026,1.0690369963413104,0.5992340011289343,96.88787099730689,7.298085009097122
409,0.6293939950410277,1.1171980004291981,0.6284219998633489,104.95538701070473,7.554055991931818
410,0.6645359972026199,1.2744549894705415,0.6077720026951283,103.62391300441232,7.58214300731197
411,0.6704419938614592,1.1120459967060015,0.6120159960119054,101.04934699484147,7.348521001404151
412,0.7067970000207424,1.111916993977502,0.6430289940908551,104.84872199594975,7.493636992876418
413,0.6663560052402318,1.0824549972312525,0.6577410094905645,108.04237201227807,7.735859995591454
414,0.7253889925777912,1.1101839918410406,0.6118530000094324,99.95805600192398,7.330915002967231
415,0.7023729995125905,1.0895550076384097,0.6236740009626374,96.00265399785712,7.313137990422547
416,0.6474480032920837,1.1519190011313185,0.5807709967484698,102.04263099876698,7.612376008182764
417,0.6521189934574068,1.0997229983331636,0.5875930073671043,102.83379899919964,7.515047997003421
418,0.6576259911525995,1.1712429986800998,0.6153010035632178,97.02161898894701,7.519774997490458
419,0.7410549878841266,1.1494520003907382,0.6179060001159087,103.11211099906359,7.091941995895468
420,0.6575800071004778,1.050439997925423,0.6015899998601526,98.49776499322616,7.281744998181239
421,0.6100970058469102,1.1160040012327954,0.5869500018889084,102.21401198941749,7.579391996841878
422,1.0872199927689508,0.9107400110224262,1.5472219965886325,203.0641290039057,2.694401002372615
423,0.23945100838318467,0.8736980089452118,1.4409979921765625,204.4035500002792,6.643286993494257
424,0.7159030064940453,0.9294560004491359,1.350870996247977,206.6496679908596,6.748838000930846
425,0.6729070009896532,0.8870439924066886,1.3419199967756867,213.5810460022185,2.588142000604421
426,0.24502500309608877,0.8490699983667582,0.6665669934591278,116.11543899925891,6.730805995175615
427,0.6362249987432733,1.0686129971873015,0.578862993279472,91.47727000527084,7.179054009611718
428,0.5829590081702918,1.0976269986713305,0.640908008790575,105.82191799767315,3.0960590083850548
429,0.26369500847067684,1.0866569937206805,0.5978169938316569,101.58682499604765,7.637679998879321
430,0.8053799974732101,0.9363480057800189,1.2339120003161952,162.6758240017807,6.890772987389937
431,0.6483129982370883,1.0231979977106676,0.555085003725253,93.34465500432998,2.8383060125634074
432,0.2832899917848408,1.0741660080384463,0.5963580042589456,97.50630200142041,7.273902010638267
433,0.5762530054198578,1.093813989427872,0.6122820050222799,101.38002199528273,8.652323987917043
434,0.7220020052045584,1.145515008829534,0.6138809985714033,102.3804879951058,3.4126069949707016
435,0.26764899666886777,1.1187950003659353,0.5759760097134858,98.12428000441287,7.318108007893898
436,0.6324860005406663,1.5741370007162914,0.5945949960732833,99.57561698684003,7.274609000887722
437,0.650438989396207,1.158348997705616,0.650026006042026,102.34706199844368,3.037592992768623
438,0.263538007857278,1.145257003372535,0.6095419958001003,99.93406099965796,7.072178996168077
439,0.6344949943013489,1.1190189979970455,0.6432079972000793,106.94543400313705,7.073212997056544
440,0.6494510016636923,1.1286990047665313,0.5828939902130514,112.3855900077615,3.0419570102822036
441,0.2679730096133426,1.0666710004443303,0.6014539976604283,97.68947699922137,7.490175004932098
442,0.6678700010525063,1.121430002967827,0.6237900088308379,112.48938700009603,7.139680004911497
443,0.6471609958680347,1.149813993833959,0.6481480086222291,106.68336399248801,3.0665830126963556
444,0.25398199795745313,1.5542379987891763,0.5975739913992584,98.63136899366509,7.585861996631138
445,0.6474260007962584,1.0962050000671297,0.6140899931779131,101.32323399011511,7.511948992032558
446,0.6685020052827895,1.20020100439433,0.6285319977905601,103.49338300875388,3.2334249990526587
447,0.36546400224324316,0.8860859961714596,1.2550539977382869,171.7353199928766,7.2020389925455675
448,0.6646520050708205,1.0175159986829385,0.6008749915054068,93.23715900245588,7.005153005593456
449,0.647170003503561,1.1421630042605102,0.6338520033750683,100.7340249925619,3.066858000238426
450,0.2712029963731766,1.0840320028364658,0.6097259902162477,99.43656099494547,7.086761004757136
451,0.7943069940665737,1.1012239992851391,0.6150620029075071,98.25595800066367,7.420519003062509
452,0.6261249945964664,1.0759510041680187,0.624225998762995,117.67777899513021,3.0586770008085296
453,0.26403598894830793,1.1641570017673075,0.6091329996706918,104.50181999476627,7.4133999878540635
454,0.8376159967156127,0.8486489969072863,1.4351769932545722,201.50983400526457,6.612783006858081
455,0.805555988335982,0.8780189964454621,1.3805299968225881,215.24915799091104,2.5200880045304075
456,0.24654099252074957,0.8726939995540306,1.334756991127506,205.22521800012328,6.947959991521202
457,0.6474929978139699,0.8816960034891963,0.7781320018693805,117.64634998689871,6.9149650080362335
458,0.6777080125175416,1.0275499953422695,0.593377000768669,90.91550900484435,2.8851999959442765
459,0.26201199216302484,1.1263449996476993,0.6062320026103407,99.45253899786621,7.382102005067281
460,1.3674020010512322,0.9930789965437725,1.5578570018988103,198.05155300127808,7.085402001393959
461,0.6994819996180013,0.8978050027508289,1.3949909916846082,204.45855098660104,2.536667001550086
462,0.26358199829701334,0.8956340025179088,1.4508050080621615,206.85672799299937,6.450108005083166
463,0.7730640063527972,0.9423160081496462,1.4052280021132901,220.53288700408302,6.5994180040434
464,0.8186099876184016,2.422908990411088,1.3843909982824698,206.91865099070128,2.698380994843319
465,0.2481099945725873,0.8769669948378578,1.112131998525001,166.44603898748755,7.040388998575509
466,0.7379610033240169,1.028688988299109,0.546896000741981,89.43750899925362,7.509999995818362
467,0.7466829993063584,1.0888130054809153,0.6238240021048114,100.88863599230535,3.2842090004123747
468,0.39811299939174205,0.9181380009977147,1.5284440014511347,203.5033489955822,7.240684004500508
469,0.6930849922355264,0.9162649948848411,1.2435800017556176,169.90918199007865,7.1448329981649294
470,0.6710640009259805,0.9436530090169981,0.5524849984794855,91.67205399717204,7.444373986800201
471,0.6904640031279996,1.1565519962459803,0.5984199960948899,98.51917800551746,7.52321800973732
472,0.7075379980960861,1.1260650062467903,0.6374340009642765,98.60283200396225,7.957264009746723
473,0.5752199940616265,1.1036850046366453,0.6717260112054646,104.61058499640785,7.821942999726161
474,0.7266500033438206,1.1289999965811148,0.6237310008145869,99.4864849926671,7.804929991834797
475,0.7162069960031658,1.1172839876962826,0.623159998212941,98.01546999369748,7.581145997392014
476,0.7347429927904159,1.1517579987412319,0.6113400013418868,100.89725100260694,3.108888995484449
477,0.2926179877249524,1.1897310032509267,0.6571859994437546,122.7171069913311,7.56377300422173
478,0.7581319950986654,1.1320310004521161,0.6248110003070906,98.24791400751565,8.147583008394577
479,0.5363109958125278,1.0980549996020272,0.6325709982775152,99.97470599773806,3.1285260047297925
480,0.27296099870000035,1.5410650084959343,0.6509850063594058,98.70561299612746,7.54279900866095
481,0.7063240045681596,1.1038340016966686,0.7231719937408343,97.98601199872792,7.452138001099229
482,0.5860850069439039,1.145540998550132,0.6134869909146801,101.97932799928822,3.123661008430645
483,0.2683450002223253,1.1557289981283247,0.5930399929638952,98.04489600355737,7.723817994701676
484,0.6728800071869045,1.1368689883965999,0.6042960012564436,97.40007300570142,7.756375998724252
485,0.7345820049522445,1.1338580079609528,0.6689059955533594,100.88631699909456,3.1594840111210942
486,0.27199299074709415,1.1239510058658198,0.6236939952941611,97.9016150085954,7.628302002558485
487,0.7123770046746358,1.1310120025882497,0.6040909938747063,97.49145100067835,7.500532010453753
488,0.7444259972544387,1.1290590045973659,0.6239350041141734,99.43721498711966,3.1910590041661635
489,0.2965469902846962,1.0830020037246868,0.611131006735377,98.01795800740365,7.585904997540638
490,0.6226359982974827,1.1111989879282191,0.6178970070322976,99.91832298692316,8.313543992699124
491,0.6773080094717443,1.10475200926885,0.61529700178653,103.36641001049429,3.241012993385084
492,0.27876399690285325,1.0911269928328693,0.6005890027154237,108.51352399913594,7.797020996804349
493,0.6928080110810697,1.1201830056961626,0.6432510126614943,100.51556100370362,7.236094999825582
494,0.6846250034868717,1.1147379991598427,0.5970540078124031,108.27894500107504,3.1233449990395457
495,0.2649119996931404,1.0867750097531825,0.6167989922687411,98.44861099554691,7.5579449912765995
496,0.6689029978588223,1.2086259957868606,0.6357999955071136,96.74135300156195,7.667943005799316
497,0.6610400014324114,1.1481020046630874,0.5962919967714697,100.45950900530443,3.176443002303131
498,0.26906900166068226,1.5381520061055198,0.5956069944659248,100.19890900002792,7.589932007249445
499,0.6768460007151589,1.308027989580296,0.6096549914218485,102.91913300170563,7.395345004624687
500,0.6573139980901033,1.1333529982948676,0.6251820013858378,112.27541200059932,7.61436800530646
501,0.6756439979653805,1.1109119950560853,0.6182400102261454,98.5341470077401,7.512404990848154
502,0.6129239918664098,1.2322710099397227,0.6196600006660447,102.97390300547704,7.215613004518673
503,0.6605410017073154,1.1344030062900856,0.6192790024215356,101.0751169960713,7.411917991703376
504,0.7149309967644513,1.0936080070678145,0.6067759968573228,105.95534899039194,7.420232010190375
505,0.6407600012607872,1.1476439976831898,0.6154759903438389,99.3930039985571,7.475263002561405
506,0.6974860007176176,1.0923789959633723,0.5985239986330271,105.77477001061197,7.571843001642264
507,0.6742100085830316,1.1076619994128123,0.6008569907862693,99.06561599927954,7.6910799980396405
508,0.7315600087167695,1.1732270068023354,0.6068059883546084,112.21871299494524,3.1822799937799573
509,0.28243499400559813,1.1552350042620674,0.6222060037543997,102.47415699996054,7.544045991380699
510,0.7057860057102516,1.1416049965191633,0.6503860058728606,102.45925100753084,7.239531012601219
511,0.6549809913849458,1.0928799893008545,0.5976480024401098,94.94685599929653,3.226196000468917
512,0.27106600464321673,1.122596993809566,0.5838260112795979,100.55238800123334,7.493591998354532
513,0.6747830047970638,1.1338080075802281,0.6362489948514849,105.79519699967932,7.892948007793166
514,0.8944160072132945,0.9360990079585463,1.4622350136050954,195.38796700362582,2.6506199938012287
515,0.32817899773363024,0.9100940078496933,1.4387859991984442,210.74909299204592,6.834379004430957
516,0.7594430062454194,0.8972770010586828,1.333178995992057,207.25328799744602,6.981563012232073
517,0.6127689994173124,0.8739930053707212,1.2075889972038567,179.2149409884587,2.6892099995166063
518,0.2405729901511222,1.004967009066604,0.5604549951385707,94.05062900623307,7.364699005847797
519,0.6700899975840002,1.0975129989674315,0.6664899992756546,98.04736600199249,7.74642699980177
520,0.6114650022936985,1.145063986768946,0.6266920099733397,98.43706300307531,3.279113007010892
521,0.26702499599196017,1.0926109971478581,0.5889019957976416,102.58532900479622,7.830806993297301
522,1.1344189988449216,0.9964729979401454,1.4882429968565702,205.07342599739786,7.226754998555407
523,0.6055800040485337,0.8900440006982535,1.5589230024488643,216.75892401253805,2.660999001818709
524,0.25482798810116947,0.9004599996842444,1.4594660024158657,220.78576200874522,6.840394999017008
525,0.6859649874968454,0.9102890035137534,1.3552629970945418,212.68291199521627,6.892149991472252
526,0.688440995872952,0.9089439990930259,1.0213210043730214,158.79086799395736,2.6572320057312027
527,0.2728179970290512,0.9823419968597591,0.5623430042760447,95.85542899731081,7.285322004463524
528,0.6828790064901114,1.1094820074504241,0.593020988162607,99.67292800138239,7.734780010650866
529,0.6125920044723898,1.1487090087030083,0.6140169862192124,101.90977700403892,9.230198993464
530,0.6946209905436262,1.1330099951010197,0.6343429995467886,112.44779398839455,7.8806160017848015
531,0.6926640053279698,1.112933998228982,0.6096359866205603,100.71516899915878,7.802233987604268
532,0.7539449870819226,1.1267509980825707,0.6308750016614795,100.17659599543549,7.6567979995161295
533,0.7025449885986745,1.1631670058704913,0.6233349995454773,104.52601600263733,7.769670992274769
534,0.6978740129852667,1.1394660104997456,0.6124109931988642,101.74600199388806,7.583653001347557
535,0.6797680107410997,1.1232120014028624,0.7265970052685589,98.43194200948346,7.607815990922973
536,0.7458070031134412,1.1415750050218776,0.6664149987045676,102.43453799921554,7.621220996952616
537,0.6810310005676001,1.1032809998141602,0.6512559921247885,101.21625299507286,8.022242007427849
538,0.6570630066562444,1.7842570086941123,0.6194390007294714,98.50842400919646,7.539402999100275
539,0.6053090037312359,1.1190030054422095,0.5972420040052384,102.39329999603797,8.13363800989464
540,0.7451269921148196,1.5129270032048225,0.606143003096804,100.73245500097983,8.160803001374006
541,0.6832649960415438,1.1300699989078566,0.626877008471638,98.12251100083813,7.858471988583915
542,0.7292310037882999,1.1906139989150688,0.656903997878544,102.40607000014279,7.790310992277227
543,0.7527600100729614,1.1101039999630302,0.6040389998815954,100.84293098771013,7.705677999183536
544,0.7048529951134697,1.2750739988405257,0.6252549937926233,117.82625300111249,7.998290995601565
545,0.5654970009345561,1.1652769899228588,0.6568230019183829,110.79318600241095,7.913900000858121
546,0.7889539992902428,1.1095460067735985,0.6035340047674254,102.1030849951785,7.664218996069394
547,0.6847159966127947,1.1338430049363524,0.6019069987814873,101.23857398866676,7.801410989486612
548,0.6477380084106699,0.9248110000044107,1.172568998299539,163.32772899477277,7.6842670096084476
549,0.702243996784091,1.012227003229782,0.559380991035141,94.81052999035455,7.642133001354523
550,0.6848320044809952,1.1185799958184361,0.6248840072657913,97.44271999807097,7.715632003964856
551,0.7324140024138615,1.1472440091893077,0.6128969980636612,105.70021098828875,7.8238949936348945
552,0.7646759913768619,1.0953849996440113,0.6053300021449104,105.68736399000045,7.570578993181698
553,0.6650029972661287,1.1880590027431026,0.6450119981309399,102.3135099967476,7.5977039959980175
554,0.7179719978012145,1.1669789964798838,0.65308999910485,103.15135099517647,7.529577007517219
555,0.6961570034036413,1.140663996920921,0.660652993246913,100.01856299641076,7.780682994052768
556,0.6989359972067177,1.1463599948910996,0.6370159971993417,104.45624100975692,7.549328001914546
557,0.6153970025479794,1.1063629935961217,0.6345319998217747,114.75758199230768,7.708866003667936
558,0.6771949992980808,1.090121004381217,0.5883429985260591,100.09482299210504,7.487407012376934
559,0.6929410010343418,1.1179069988429546,0.6109440000727773,97.17513500072528,7.6636180019704625
560,0.6871390069136396,1.1221790045965463,0.6042160093784332,117.05933100893162,7.378295995295048
561,0.6724859995301813,1.1071960034314543,0.6208870036061853,100.5071040126495,7.6024309964850545
562,0.6106279906816781,1.1307350068818778,0.6236320041352883,104.58833500160836,7.752426987281069
563,0.5142590089235455,1.1034369963454083,0.6116090080467984,105.05926400946919,7.790700998157263
564,0.7102620002115145,1.5104540070751682,0.6432960071833804,101.4761609985726,7.6704410021193326
565,0.6661560037173331,1.1112710053566843,0.5903730052523315,96.57928900560364,7.676636989344843
566,0.6819889968028292,1.1034540075343102,0.6340459949569777,108.76631998689845,7.9814310010988265
567,1.050869992468506,1.2625069939531386,1.42910800059326,201.48959799553268,7.107528988854028
568,0.6448670028476045,0.8903009875211865,1.4464240084635094,203.25153500016313,7.016873001703061
569,0.6455010006902739,1.225908999913372,1.5246330003719777,213.30483400379308,6.9895630003884435
570,0.7735339895589277,0.8524400036549196,1.150721000158228,181.44734400266316,6.908251991262659
571,0.6263279938139021,1.0354980040574446,0.5556969990720972,89.92299600504339,7.4384150066180155
572,0.6853719969512895,1.1426650016801432,0.6414439994841814,100.41642699798103,7.587947009596974
573,0.6988060049479827,1.0968170099658892,0.5833229952258989,104.36236200621352,7.854004012187943
574,0.7029090047581121,1.106780007830821,0.5868110019946471,101.89755700412206,7.4942739884136245
575,0.5882050027139485,1.1196829873370007,0.6250689912121743,106.92686100082938,8.383752006920986
576,0.7412569975713268,0.8890030003385618,1.350880993413739,173.2118580112001,7.0403440040536225
577,0.6501129973912612,1.0439960024086758,0.5442990077426657,103.99452500860207,7.489342009648681
578,0.6834779924247414,1.0709990019677207,0.6106679938966408,104.84852599620353,7.66512101108674
579,0.6728190055582672,1.1260309984209016,0.6124070059740916,103.87375799473375,7.857463002437726
580,1.0051319986814633,1.2147289962740615,1.5815049991942942,200.62622398836538,7.050353000522591
581,0.6764110003132373,0.8963510044850409,1.4984549925429747,207.66956900479272,6.9864849938312545
582,0.7222099957289174,0.8532869978807867,1.342986011877656,208.26595299877226,6.919902996742167
583,0.7000069890636951,0.8573950035497546,1.0790639935294166,160.4746230004821,6.868547003250569
584,0.6806210003560409,1.0451609996380284,0.5499990074895322,95.26596999785397,7.46291498944629
585,0.7144260016502813,1.1220889864489436,0.6062409956939518,99.76763000304345,7.751714991172776
586,0.6766330043319613,1.0873259889194742,0.6199939962243661,99.83052099414635,7.980342008522712
587,0.6962759944144636,1.0894510051002726,0.5943489959463477,100.99159300443716,7.763265995890833
588,0.6778690003557131,1.1502849956741557,0.6276240019360557,99.23372500634287,7.691698003327474
589,0.6949079979676753,1.1031269968952984,0.6363040010910481,97.1446489857044,7.701706999796443
590,0.6932349933777004,1.079063003999181,0.594166005612351,101.56555299181491,7.434250001097098
591,0.6767320010112599,1.084755000192672,0.6091920076869428,102.92006799136288,7.403427007375285
592,0.6246720004128292,1.1165510077262297,0.6461989978561178,96.86767500534188,7.4826199997914955
593,0.6013940001139417,1.1016409989679232,0.6062949978513643,99.51918499427848,7.75531999533996
594,0.6851009966339916,1.1097469978267327,0.6788030004827306,101.53431899379939,7.901741992100142
595,0.5756729951826856,1.1281240003881976,0.6163959915284067,99.8103220044868,7.559383986517787
596,0.7078769995132461,1.1665540077956393,0.6145770021248609,104.85447000246495,7.858853990910575
597,0.6247319979593158,1.09004600381013,0.6122269987827167,100.83856199344154,8.205354999518022
598,0.9614110022084787,0.8844950061757118,1.4724429929628968,205.4096310021123,7.426121010212228
599,0.6633850134676322,0.8801220101304352,1.4523989957524464,209.99448500515427,7.339542993577197
600,0.829451993922703,0.8999679994303733,1.4078189997235313,210.47575799457263,7.048981002299115
601,1.2147779925726354,0.9610249981051311,0.6366510060615838,99.73739800625481,7.06659400020726
602,0.6953840056667104,1.1066230072174221,0.5787309928564355,99.30551800061949,7.377374000498094
603,0.6877480045659468,1.1268460075370967,0.5940590053796768,98.01388099731412,7.587170010083355
604,0.6845150055596605,1.0945910034934059,0.6257269997149706,99.39469800156076,7.595507995574735
605,0.6873270031064749,1.1107669997727498,0.6098260055296123,100.5688050063327,7.632638007635251
606,0.7393400010187179,1.1064159916713834,0.5916219961363822,98.3892739895964,7.542156003182754
607,0.7071080035530031,1.1144270101794973,0.6162060017231852,96.22341899375897,7.565659005194902
608,0.6931300013093278,1.1451489990577102,0.6844180024927482,99.22580400598235,7.198482009698637
609,0.6997510063229129,1.1807639966718853,0.6566969968844205,103.51724800420925,7.38524500047788
610,0.656978998449631,1.1147869954584166,0.6093989941291511,97.48115000547841,7.580899997265078
611,0.6070939998608083,1.098146996810101,0.6351119955070317,99.45678900112398,7.39886199880857
612,0.7264470041263849,1.1029629968106747,0.6196210015332326,110.56552999070846,7.500347986933775
613,0.6777969974791631,1.0980880033457652,0.625480999588035,96.76815499551594,7.267445995239541
614,0.6686780106974766,1.2271120067453012,0.6015050021233037,101.33823500655126,7.426401003613137
615,0.6857879925519228,1.08640399412252,0.6065619963919744,98.94929399888497,7.652176995179616
616,0.6699249934172258,1.1500999971758574,0.6198280025273561,97.25592900940683,7.683159987209365
617,0.7234960066853091,1.177119993371889,0.6092950061429292,100.25168300489895,7.453986996551976
618,0.6576010055141523,1.1161880102008581,0.6479349976871163,102.4227229936514,7.6510409999173135
619,0.6665300024906173,1.4937619998818263,0.6413640076061711,97.55067199876066,7.5171860080445185
620,0.6763350102119148,1.0945139947580174,0.6821999995736405,99.70399401208851,7.425151998177171
621,0.6606029928661883,1.1264869972364977,0.6189980049384758,98.98021799745038,7.492899996577762
622,0.565525988349691,1.1106180027127266,0.6361529958667234,97.43291500490159,7.546308988821693
623,1.3892649876652285,0.9236249898094684,1.534688999527134,203.4014739911072,11.796033999416977
624,0.5920739931752905,0.881391009897925,1.4441250095842406,204.95788399421144,6.778522001695819
625,0.6482030003098771,0.9584310028003529,1.4292330015450716,208.00880499882624,6.825987002230249
626,0.6413200026145205,0.8590840006945655,1.4257759903557599,210.1996190031059,6.932167001650669
627,0.5583620077231899,0.9987069934140891,0.5573109956458211,93.98530100588687,7.670311999390833
628,0.6749470048816875,1.1834990000352263,0.606026005698368,99.87739099597093,8.054047008045018
629,0.5891890032216907,1.1447550059529021,0.6252099992707372,105.08600500179455,7.841087004635483
630,0.663535000057891,1.097264001145959,0.6081419996917248,102.75846600416116,7.6328110008034855
631,0.6936680001672357,1.1137179972138256,0.6207289989106357,100.58294799819123,7.68484000582248
632,0.6826800090493634,1.0957310005323961,0.6163849902804941,103.57907899015117,7.72814400261268
633,0.6733510090271011,1.1008180008502677,0.6082629988668486,100.0199100089958,7.419885994750075
634,0.6834429950686172,1.1092880013165995,0.6112679984653369,98.71679199568462,7.427253003697842
635,0.5975410022074357,1.1418579961173236,0.6165780068840832,102.4212920019636,7.433610007865354
636,0.7087080011842772,1.0961799998767674,0.6499650044133887,102.16792899882421,7.563998005934991
637,0.6677299970760942,1.1253529955865815,0.6182270008139312,109.73646899219602,7.936494002933614
638,0.6647479895036668,1.1116100067738444,0.6948399968678132,107.67600500548724,7.243756001116708
639,0.6864940078230575,1.0960780055029318,0.6077529978938401,100.5328110040864,7.612925008288585
640,0.6607060058740899,1.1015159980161116,0.606645000516437,97.81055399798788,7.72639800561592
641,0.6513249973068014,1.0905570088652894,0.6051999953342602,102.91876200062688,7.705885000177659
642,0.6694729963783175,1.1272429983364418,0.6226169934961945,104.63559199706651,7.666295001399703
643,0.6764379941159859,1.1281240003881976,0.6242489907890558,99.00459100026637,7.597104005981237
644,0.7425539952237159,1.155871999799274,0.6104890053393319,107.58527299913112,7.802348991390318
645,0.773894993471913,1.1071429908042774,0.6092750118114054,103.93196599034127,8.06300199474208
646,1.0275189997628331,1.098850989365019,0.6050030060578138,98.04612300649751,7.50443700235337
647,0.6701809907099232,1.1277010053163394,0.6034409889252856,103.44122399692424,7.601309000165202
648,0.6418580014724284,1.5108110092114657,0.6241059891181067,99.70304199669044,7.641322998097166
649,0.7257280085468665,1.098843989893794,0.606924993917346,100.15123599441722,7.626310005434789
650,0.6774460052838549,1.176992998807691,0.6032309902366251,104.43828199640848,7.307861000299454
651,0.5866059946129099,1.1458679946372285,0.6344599969452247,100.68402499018703,7.453750004060566
652,0.6616119935642928,1.1538260005181655,0.6280039960984141,102.53089400066528,7.880956996814348
653,0.5908089951844886,1.139164000051096,0.6109880050644279,105.26563200983219,9.245558001566678
654,0.5820460064569488,1.1513299978105351,0.6122969934949651,101.66815300181042,7.490157004212961
655,0.6579269975190982,1.102209003875032,0.6284709961619228,98.52774000319187,7.629234998603351
656,0.6570089899469167,1.1207770003238693,0.6511160027002916,105.19852199649904,7.450037999660708
657,0.6687379936920479,1.1545640008989722,0.6793439970351756,101.83872800553218,7.580630001029931
658,0.6891079974593595,1.1047080042771995,0.5970159982098266,96.87394800130278,7.880463992478326
659,0.6433629896491766,1.096257008612156,0.6151910056360066,104.30664999876171,7.442017013090663
660,0.6464220059569925,1.1602800077525899,0.6545750075019896,101.51613000198267,7.174640995799564
661,0.6673089956166223,1.164436005637981,0.6166679959278554,102.91914700064808,7.268357003340498
662,0.7469800038961694,1.1462669936008751,0.5919719988014549,109.43099499854725,7.330066000577062
663,0.5751179996877909,1.1221470049349591,0.6107820081524551,100.66874300537165,7.583098005852662
664,0.6836589891463518,1.1687660007737577,0.6024700123816729,100.3779989987379,7.622153992997482
665,0.6771449989173561,1.155160993221216,0.6038569990778342,103.15996099961922,7.325896003749222
666,0.6848290067864582,1.14610799937509,0.6266230047913268,101.88270999060478,7.534624004620127
667,0.5641349998768419,1.1564760061446577,0.6169550033519045,102.0770830073161,7.49803199141752
668,0.6896270060678944,1.1790110002039,0.7143650000216439,104.5047310035443,7.68778299971018
669,0.6598859908990562,1.0940289939753711,0.5990939971525222,99.13066499575507,7.569451001472771
670,0.6669660069746897,1.1031430040020496,0.5932569911237806,100.65633700287435,7.445854993420653
671,0.6525579956360161,1.1486919975141063,0.6044750043656677,104.6238330018241,7.539090001955628
672,0.6214530003489926,1.1073389905504882,0.6592839927179739,103.05562800203916,7.657994006876834
673,0.668973007122986,1.101645000744611,0.6053289980627596,98.34417900128756,7.757200990454294
674,0.6573849968845025,1.1689990060403943,0.6179560004966334,107.81025599862915,7.665390003239736
675,0.5902679986320436,1.1120790004497394,0.6334329955279827,100.27902000001632,7.767038987367414
676,0.6643119995715097,1.1469309974927455,0.6165930099086836,102.4483780056471,7.879675991716795
677,0.6176199967740104,1.1355669994372874,0.6450830114772543,104.46861499804072,7.653332999325357
678,0.6312170007731766,1.1174460087204352,0.5947889876551926,99.85663800034672,7.424401992466301
679,0.7022770005278289,1.1546470050234348,0.5832859897054732,99.13630300434306,7.446960007655434
680,0.6302219990175217,1.1171049991389737,0.5894829955650494,107.7873680042103,7.475713995518163
681,0.675788993248716,1.1154590029036626,0.5865290004294366,104.78447200148366,7.516942001529969
682,0.6533599953399971,1.112853002268821,0.6261020025704056,101.52029000164475,7.583481012261473
683,0.5549799971049652,1.098191991331987,0.6238850037334487,107.32128399831709,7.6646450033877045
684,0.5538539990084246,1.1151790095027536,0.593040997046046,112.14551399461925,7.453712009009905
685,0.6585749943042174,1.096343999961391,0.6334510107990354,98.37636600423139,7.476779996068217
686,0.6456620030803606,1.0947780101560056,0.6121500045992434,102.54500499286223,7.574083996587433
687,0.5861319950781763,1.087691998691298,0.6353520002448931,99.13091399357654,7.448710995959118
688,0.6479110015789047,1.097909000236541,0.6471480010077357,102.97869399073534,7.629843006725423
689,0.5373130115913227,1.1415530025260523,0.6175029993755743,115.88262200530153,7.383345000562258
690,0.7092739979270846,1.0996130004059523,0.6087889923946932,98.70090799813624,7.619668002007529
691,0.6307610019575804,1.166001005913131,0.5823009996674955,102.24658700462896,7.768423005472869
692,0.661157988361083,1.1131680075777695,0.615742988884449,102.43927600095049,7.491772994399071
693,0.5594539979938418,1.1107890022685751,0.5754680023528636,101.28595000423957,7.535160999395885
694,0.6597260071430355,1.1012839968316257,0.5962489958619699,98.49862099508755,7.525224005803466
695,0.6304699927568436,1.1292849958408624,0.6097199948271737,102.73187000711914,7.687955992878415
696,0.634764990536496,1.0903539950959384,0.6093849951867014,99.21259200200438,7.263990002684295
697,0.6264729890972376,1.1062919948017225,0.5895119975320995,98.13483199104667,7.609338004840538
698,0.6740780081599951,1.160764993983321,0.6799290131311864,119.98653000046033,7.729687000392005
699,0.6263539980864152,1.1017039942089468,0.6189080013427883,98.71675800241064,7.4643510015448555
700,0.5753010045737028,1.1495600047055632,0.6069849914638326,97.81981600099243,7.51359699643217
701,0.5614340043393895,1.1437559878686443,0.606492001679726,106.36550599883776,7.381211005849764
702,0.5299960030242801,1.0828759986907244,0.5927460006205365,101.36366799997631,7.358760994975455
703,0.6346649897750467,1.1503119894769043,0.5945649900240824,98.11444599472452,7.271549999131821
704,0.6278139917412773,1.1158129927935079,0.5990339996060356,103.29027500119992,7.531216004281305
705,0.5896229995414615,1.0934680030914024,0.6177519971970469,99.65170400391798,7.153771992307156
706,0.6232350133359432,1.1306429951218888,0.605155000812374,100.24912399239838,7.234761986183003
707,0.6393479998223484,1.1924459977308288,0.6230199942365289,104.35178500483744,7.276949007064104
708,0.6432749942177907,1.0931650031125173,0.6032950041117147,104.03754800790921,7.497966988012195
709,0.5744340014643967,1.103096001315862,0.5930569896008819,113.98857799940743,7.417576998705044
710,0.6221369985723868,1.1307329987175763,0.5871370085515082,103.5876430105418,7.1117150073405355
711,0.6295779894571751,1.1160210124216974,0.5964080046396703,100.14857100031804,7.388334008282982
712,0.6907429924467579,1.1035919887945056,0.5932280037086457,102.23036099341698,7.559699995908886
713,0.6335729995043948,1.122121000662446,0.5960790003882721,104.7569200018188,7.419179994030856
714,0.6314030033536255,1.1014549963874742,0.6078080041334033,97.8145900007803,7.479206993593834
715,0.5527159955818206,1.1381689982954413,0.6244010000955313,97.11801499361172,7.515790013712831
716,0.5101830029161647,1.1277160083409399,0.6140890036476776,104.61347599630244,7.2615670069353655
717,0.7356190035352483,1.1192270030733198,0.5907899903832003,99.38699699705467,7.473557998309843
718,0.6623049994232133,1.1369109997758642,0.6170519918669015,96.94371100340504,7.312203000765294
719,0.6337129889288917,1.1139200069010258,0.5843910039402544,104.76389399264008,7.373565007583238
720,0.6298799999058247,1.096698993933387,0.5985669995425269,106.24417499639094,7.299921999219805
721,0.6221520015969872,1.1472860060166568,0.5910170002607629,99.56252999836579,7.182486995588988
722,0.6368439935613424,1.1953229986829683,0.5944150034338236,104.85955300100613,7.52316799480468
723,0.6796280067646876,1.098296997952275,0.5856329953530803,100.1698390027741,7.692252009292133
724,0.6344599969452247,1.1554199882084504,0.6201570067787543,100.53986001003068,7.405110998661257
725,0.6412759976228699,1.140113003202714,0.6284350092755631,104.0995049988851,7.330424006795511
726,0.5727839889004827,1.1043470003642142,0.5887059960514307,98.41612698801327,7.918432995211333
727,1.1022469989256933,0.9045159968081862,1.5327510045608506,203.2347439962905,6.937384998309426
728,0.6388110050465912,0.9258719946956262,1.4074770006118342,207.67580899700988,6.525792006868869
729,0.6194699963089079,0.8782829972915351,1.3658589887199923,206.04259500396438,6.56347100448329
730,0.7936299953144044,0.8860920061124489,1.337749999947846,210.44573599647265,6.506056000944227
731,0.6675079930573702,0.8680739992996678,1.1162059963680804,158.4639420034364,7.205975009128451
732,0.8187220082618296,0.8808679995127022,1.4016320055816323,202.67926299129613,6.796098998165689
733,0.6276329950196669,0.8775910100666806,1.126475995988585,162.04828799527604,7.362693999311887
734,1.1082239943789318,0.8830650040181354,1.4084989961702377,203.49835899833124,6.6488999873399734
735,0.7763040048303083,0.8853089966578409,1.401511995936744,203.83019601285923,6.706576998112723
736,0.6370999908540398,0.9497440041741356,1.435690006474033,204.12255098926835,6.66515200282447
737,0.6878860003780574,0.913694006158039,1.3922599900979549,213.29135898849927,6.917913997313008
738,0.6438729906221852,0.886869995156303,1.3677770039066672,214.2680679971818,6.4928710053209215
739,0.7338020077440888,0.9286290005547926,1.2335299979895353,187.7228980010841,6.719463010085747
740,0.6269610021263361,1.1455009953351691,0.6024390022503212,108.1779939995613,7.210679992567748
741,0.6437729898607358,1.094053004635498,0.6187430117279291,99.16337100730743,7.33449800463859
742,0.6441479927161708,1.1674590059556067,0.6482979952124879,104.46616599801928,7.525588007410988
743,0.6581229972653091,1.184640990686603,0.6274850020417944,105.53526500007138,7.546223001554608
744,0.6660239887423813,1.1183379974681884,0.6101100007072091,100.46932900149841,7.951220002723858
745,0.7222499989438802,1.1330300039844587,0.603713997406885,100.15409499465022,7.477046994608827
746,0.5457299994304776,1.1666020000120625,0.6121670012362301,100.86485800275113,7.369823011686094
747,0.6530680111609399,1.0872819984797388,0.6008649943396449,100.60187899216544,7.267161010531709
748,0.6365459994412959,1.1257339938310906,0.6431509973481297,100.85484900628217,7.31676300347317
749,0.6329059979179874,1.1451419995864853,0.6420930003514513,104.0829600096913,7.548362991656177
750,0.5856390052940696,1.1196549894521013,0.6136349984444678,99.79590700822882,7.635939997271635
751,0.6591589917661622,1.1189630022272468,0.633206989732571,111.00802199507598,7.511974006774835
752,0.6687179993605241,1.148366995039396,0.6135669973446056,107.1999320120085,7.527606008807197
753,0.6737459916621447,1.0669540060916916,0.669850007398054,99.9648629949661,7.598353011417203
754,0.5799530044896528,1.1428370053181425,0.6343580025713891,98.77490501094144,7.490920994314365
755,0.6507409998448566,1.4763259969186038,0.6184149970067665,108.30837700632401,7.522138999775052
756,0.7386590004898608,1.0798930015880615,0.6032240053173155,99.05035499832593,7.691407998208888
757,0.6336899969028309,1.1438299989094958,0.6379469996318221,99.32640800252557,7.586936000734568
758,4.105009997147135,1.2284069962333888,0.6275940104387701,106.02719000598881,13.85804999154061
759,0.5107549950480461,1.1481379915494472,0.6302649999270216,99.74469500593841,7.876396004576236
760,0.7304550090339035,1.139116007834673,0.630208000075072,100.70191300474107,7.6399859972298145
761,0.6680739898001775,1.1118149996036664,0.62776000413578,102.97978601010982,8.0236780049745
762,0.6868899945402518,1.0966160043608397,0.6116559961810708,104.61768200912047,7.670600010897033
763,0.6630239950027317,1.150742988102138,0.6502530013676733,100.78801200143062,7.40692499675788
764,0.6913840043125674,1.1508579918881878,0.6914260011399165,103.07049199764151,7.5163580040680245
765,0.6970229878788814,1.1127870093332604,0.61795100918971,98.95428099844139,7.720232999417931
766,0.6704420084133744,1.1867520079249516,0.6180000054882839,99.50891298649367,7.736614992609248
767,0.5335039895726368,1.165712994406931,0.6207679980434477,107.80613799579442,7.7059879986336455
768,0.7377519941655919,1.1276580044068396,0.6005680043017492,99.57974001008552,7.764918002067134
769,0.6573219870915636,1.1457320069894195,0.5941080016782507,103.58052000810858,7.510160998208448
770,0.5951450002612546,1.1864870029967278,0.6141939957160503,103.91546699975152,7.636442998773418
771,0.6548870005644858,1.129680997109972,0.6570209952769801,98.95161099848337,7.6653330033877864
772,0.5959580012131482,1.164742003311403,0.6157689931569621,116.08315499324817,7.42798499413766
773,0.6557169981533661,1.1442419927334413,0.6285499985096976,117.28293800842948,7.498887003748678
774,0.6510429957415909,1.1584710009628907,0.6477950082626194,99.72703899256885,7.966547986143269
775,0.6854050006950274,1.1365899990778416,0.6840999994892627,100.03168501134496,7.666764999157749
776,0.7007040112512186,1.178848004201427,0.6414800009224564,104.1048810002394,7.720886002061889
777,0.6456819974118844,1.0910330020124093,0.6353140051942319,100.08063100394793,7.488912990083918
778,0.6478440045611933,1.1348150001140311,0.6510509992949665,98.75240099790972,7.462069013854489
779,0.5791190051240847,1.4814720052527264,0.6044490000931546,113.36572701111436,7.524865999585018
780,0.6517919973703101,1.1195769911864772,0.6398080004146323,99.58083000674378,7.544427993707359
781,0.6527160003315657,1.182398002129048,0.6507990037789568,99.42799899727106,7.948559010401368
782,0.5286499945214018,1.147900999058038,0.6073709955671802,102.0920339942677,7.92699700105004
783,0.6597040046472102,1.1224579939153045,0.614567004959099,104.53435299859848,7.727194009930827
784,0.6364099972415715,1.1225950001971796,0.6554959982167929,103.11353098950349,7.650440995348617
785,0.6604840018553659,1.0914700105786324,0.6318200030364096,101.15318099269643,7.537957004387863
786,0.6414569943444803,1.0797790018841624,0.5994000093778595,119.18689000594895,7.579803001135588
787,0.6639049970544875,1.1015669879270718,0.6133400020189583,102.59953000058886,7.412515988107771
788,0.5776430043624714,1.1346740066073835,0.6015370017848909,101.02487499534618,7.472646000678651
789,0.6496139976661652,1.1227710056118667,0.608287999057211,105.20857400842942,7.890518012573011
790,0.715679008862935,1.6472150018671528,0.615684999502264,101.1928249936318,7.863570004701614
791,0.6531120016006753,1.0908150143222883,0.6416440010070801,101.3225320057245,7.75192299624905
792,0.7042119977995753,1.117045001592487,0.5858740041730925,100.84019199712202,7.958611997310072
793,0.8295580046251416,1.240860001416877,1.4672390097985044,205.87712498672772,7.0730739971622825
794,0.6443149904953316,0.855143996886909,0.6845349998911843,120.60282500169706,6.846517993835732
795,0.6081419996917248,1.0418029996799305,0.5399859946919605,91.58883399504703,7.307499996386468
796,0.6785139994462952,1.0984049877151847,0.6263459945330396,99.413326010108,7.548249006504193
797,0.6500830058939755,1.091590995201841,0.6445829931180924,106.30534299707506,7.766081995214336
798,0.6861469883006066,1.0926789982477203,0.6390999915311113,114.02644100598991,7.503300003008917
799,0.6523929914692417,1.1010349990101531,0.6392409995896742,100.7119210116798,7.404903008136898
800,0.6219000060809776,1.081094000255689,0.6504249904537573,104.34739298943896,7.749466996756382
801,0.7138789951568469,0.911172988708131,1.5085880004335195,202.78677500027698,6.781286996556446
802,0.6261269882088527,0.8464770071441308,0.9148000099230558,136.27658599580172,6.883605004986748
803,0.6277689972193912,1.0675300000002608,0.5623009928967804,96.34211299999151,7.594975002575666
804,0.5475640064105392,1.1636129929684103,0.6120960024418309,101.35943700151984,7.399166002869606
805,0.6626609974773601,1.1288490059087053,0.6282679969444871,98.0952070094645,7.597361007356085
806,0.6455059919971973,1.0984260006807745,0.6213940068846568,105.6344600074226,7.452996011124924
807,0.6633940065512434,1.1501489934744313,0.5985370080452412,100.48379100044258,7.625572005053982
808,0.651687994832173,1.0995740012731403,0.627649002126418,111.71220200776588,7.400950009468943
809,0.7242430001497269,1.1017829965567216,0.6124640058260411,102.40113400504924,7.4071249982807785
810,0.649302004603669,1.1294550058664754,0.6032000092091039,102.10255200217944,7.22710500122048
811,0.6714189948979765,1.2863250012742355,0.5844840052304789,99.00000499328598,7.47807500010822
812,0.6620460044359788,1.107753996620886,0.6510099919978529,102.39023399481084,7.42891599657014
813,0.5438410007627681,1.0728130000643432,0.605131994234398,106.39365299721248,7.538670994108543
814,0.6840999994892627,1.128604999394156,0.6433240050682798,113.8161470007617,7.224164990475401
815,0.621985993348062,1.0906579991569743,0.6037349958205596,101.592322011129,7.49405799433589
816,0.6473969988292083,1.0969360009767115,0.6530770042445511,103.29549900779966,7.715376006672159
817,0.6451230001403019,1.0965620022034273,0.6263590039452538,116.7164639919065,7.923773999209516
818,0.7139649969758466,1.097533997381106,0.6195199966896325,101.15442400274333,7.817025994881988
819,0.5828569992445409,1.1584040039451793,0.5861149984411895,126.08565099071711,7.53763499960769
820,0.6354090000968426,1.1344650120008737,0.63067399605643,99.00765199563466,7.599000004120171
821,0.6661509978584945,1.1130529892398044,0.622129999101162,103.39207599463407,7.377633999567479
822,0.7119339861674234,1.1121569987153634,0.5960379930911586,99.54448600183241,7.545586006017402
823,0.6458800053223968,1.1085220030508935,0.607560999924317,100.9941900119884,7.472950004739687
824,0.7157299987738952,1.158682003733702,0.6372670031851158,102.28831200220156,7.69070400565397
825,0.6537320005008951,1.157880004029721,0.6255479966057464,100.91247298987582,7.595360002596863
826,0.6528999947477132,1.111965990276076,0.6403060106094927,100.90618600952439,8.112152005196549
827,0.6935950077604502,1.519279001513496,0.641731996438466,104.80701600317843,7.438283006194979
828,0.6395190139301121,1.1184970062458888,0.6353019998641685,100.26347199163865,7.611708992044441
829,0.647801993181929,1.5722270036349073,0.5985610041534528,99.61538399511483,7.710064004641026
830,0.5285419902065769,1.1092189961345866,0.60134100203868,102.99152300285641,7.308073007152416
831,0.7087419944582507,1.1396709887776524,0.6027310009812936,104.06446999695618,7.695054999203421
832,0.719971998478286,1.154769997810945,0.36624999484047294,101.82729799998924,3.138699001283385
833,0.26866199914366007,1.1682850017677993,0.6551750120706856,102.79902299225796,7.282953010872006
834,0.6280200032051653,1.1468150041764602,0.611374998698011,99.64494399901014,7.491243988624774
835,0.6375780067173764,1.1533050128491595,0.3703069960465655,100.90711200609803,3.0827720038359985
836,0.27187899104319513,1.132203993620351,0.5901380063733086,100.76555900741369,7.150731005822308
837,0.6423489976441488,1.1517630046000704,0.6298480002442375,99.04566599288955,7.283658997039311
838,0.653852999676019,1.1297890014247969,0.33197599987033755,102.1147700084839,3.083374002017081
839,0.2807480050250888,1.131789991632104,0.6136520096333697,100.8095799916191,7.672775987884961
840,0.8882760012056679,0.9284429979743436,1.5386650047730654,202.5469799991697,6.905233007273637
841,0.6410259957192466,0.8956739911809564,0.4863259964622557,173.80670399870723,2.616679994389415
842,0.24125099298544228,1.0461000056238845,0.5356990004656836,93.77993599628098,7.220717001473531
843,0.6202870135894045,1.1255450081080198,0.638875993900001,98.87498700118158,7.377293994068168
844,0.6642660009674728,1.1646320053841919,0.33727000118233263,100.38433800218627,3.20058899524156
845,0.25308299518655986,1.5444900054717436,0.6279110093601048,100.90504499385133,7.180501997936517
846,0.6650180002907291,1.1326999956509098,0.629141999525018,102.17491601360962,7.268883011420257
847,0.7019080076133832,1.1409970029490069,0.32627899781800807,99.90395700151566,3.1492809939663857
848,0.9757149964570999,0.9181970090139657,1.586350001161918,204.41832600045018,7.057435010210611
849,1.1592899973038584,1.1059419921366498,1.4649730001110584,217.67826600989792,6.661035004071891
850,0.6402889994205907,0.8906159928301349,0.6240219954634085,206.158608008991,2.6696099957916886
851,0.24250400019809604,0.8631390082882717,1.188741996884346,161.96980299719144,6.745384991518222
852,0.6879230058984831,0.9766389994183555,0.5639070004690439,91.457321002963,7.128430006559938
853,0.6382389983627945,1.9595460034906864,0.3300160024082288,100.59938600170426,3.1052470003487542
854,0.26765499205794185,1.150912998127751,0.6555699947057292,107.4659189907834,7.338000999880023
855,0.6508730002678931,1.1432400060584769,0.6284350092755631,101.7927119974047,7.415232001221739
856,0.6258360081119463,1.112826997996308,0.3407140029594302,103.03296300116926,3.2085839920910075
857,0.2695880102692172,1.1108809994766489,0.595118006458506,103.35136899084318,7.3323770047863945
858,0.6415210082195699,1.1388490092940629,0.6490769883384928,100.72302399203181,7.27438299509231
859,0.6369839975377545,1.122355999541469,0.31880200549494475,103.07471599662676,3.1377289997180924
860,0.2554740058258176,1.1291870032437146,0.641455000732094,102.51935999258421,7.2207999910460785
861,0.6320450047496706,1.1875829950440675,0.599473001784645,100.54939400288276,7.4330319912405685
862,0.6472210079664364,1.1404380056774244,0.3505380009301007,100.63105999142863,3.1927370000630617
863,0.26093599444720894,1.1648119980236515,0.6106040091253817,104.69818700221367,7.13835000351537
864,0.6402139988495037,1.132708988734521,0.6238679925445467,108.44689000805374,7.750991004286334
865,0.8447180007351562,0.8772759902058169,0.6574480066774413,182.3697719955817,2.726941995206289
866,0.23523099662270397,0.9941169992089272,0.5316960014170036,91.27292800985742,7.184939997387119
867,0.6348710012389347,1.126845003454946,0.6065240013413131,99.81835499638692,7.729656004812568
868,0.6563539936905727,1.1708850070135668,0.3285589918959886,103.54237399587873,3.3512149966554716
869,0.26902699028141797,1.1002309911418706,0.6751610053470358,102.9922349989647,7.7610300068045035
870,0.7192450138973072,1.1990099883405492,0.6207810074556619,101.72991099534556,7.621365002705716
871,0.661185011267662,1.175388999399729,0.3431100049056113,102.88628099078778,7.629063009517267
872,0.6760250107618049,1.1064079881180078,0.5887860024813563,104.42869499092922,7.395257009193301
873,0.6962570041650906,1.140791006037034,0.6924990011611953,107.18805900251027,7.410136007820256
874,0.6677450001006946,1.1067450104746968,0.37822099693585187,108.6251900123898,7.542938998085447
875,0.6588539981748909,1.1200500011909753,0.5948859907221049,101.12665699853096,7.692858998780139
876,0.5358669877750799,1.145771995652467,0.6699279911117628,99.02477600553539,7.8147640015231445
877,0.7703000010224059,1.1534279910847545,0.34150299325119704,108.0863630049862,7.486857008188963
878,0.5791780131403357,1.1134520027553663,0.6396279932232574,113.84492300567217,7.455857994500548
879,0.6248959980439395,1.150525000412017,0.6282149988692254,98.97150799224619,7.738205997156911
880,0.5591189983533695,1.1099889961769804,0.3343680000398308,110.75808299938217,7.577847994980402
881,0.6651190051343292,1.0912199941230938,0.631980990874581,113.49099999642931,7.5061770039610565
882,0.6594900041818619,1.1249279923504218,0.6546590011566877,101.63359600119293,7.585137005662546
883,0.6487150094471872,1.1089890031144023,0.33523399906698614,104.55016400374006,7.5736230064649135
884,0.683726990246214,1.0906279931077734,0.6357450038194656,106.30658999434672,7.555795004009269
885,0.6473380053648725,1.177127007395029,0.6211739964783192,99.98547600116581,7.5684289913624525
886,0.6497370050055906,1.1217839928576723,0.32708699291106313,105.18295400834177,7.409801008179784
887,0.7267059991136193,1.1208950018044561,0.6177110044518486,108.56049999711104,7.745914001134224
888,0.602179003180936,1.117096995585598,0.5957090033916757,98.17775400006212,7.576651987619698
889,0.6715989875374362,1.149595991591923,0.36409200401976705,102.81378999934532,7.461643996066414
890,0.647335997200571,1.1657829891191795,0.6001589936204255,104.89533700456377,7.529567999881692
891,0.6727769941790029,1.1318860051687807,0.614754986600019,100.82116100238636,7.578427990665659
892,0.6512319960165769,1.1565640015760437,0.32684199686627835,103.63800299819559,7.665567987714894
893,0.6531899998662993,1.1746510135708377,0.6384599982993677,103.64552699320484,7.762292996631004
894,0.6445350009016693,1.1739850015146658,0.5939279944868758,100.30026899767108,7.5560060067800805
895,1.1034729977836832,1.1082569981226698,0.31820699223317206,116.15437100408599,7.29799599503167
896,0.6456670089391991,1.128764997702092,0.6084430060582235,101.82144399732351,7.45087000541389
897,0.651074995403178,1.1703570053214207,0.6206390098668635,99.5319270004984,7.475467995391227
898,0.6583679933100939,1.0802850010804832,0.583892993745394,102.04512299969792,7.292376001714729
899,0.7379509916063398,1.1487940064398572,0.6027519993949682,103.48051300388761,7.344356010435149
900,0.5576100083999336,1.1477920052129775,0.6008950003888458,100.32585301087238,7.442797010298818
901,0.6441869918489829,1.117060994147323,0.6213540036696941,102.94185800012201,8.035980994463898
902,0.5775580066256225,1.1170590005349368,0.5906900041736662,104.80341999209486,7.410480000544339
903,0.634055002592504,1.1275089927949011,0.7019709883024916,98.39077899232507,7.439137989422306
904,0.5636139976559207,1.082703995052725,0.6541429902426898,97.32127499592025,3.224571992177516
905,0.25576099869795144,1.1446419957792386,0.6179460033308715,105.77384999487549,7.112285995390266
906,0.640052996459417,1.115776991355233,0.6854169914731756,99.79495700099505,7.4430809909245
907,0.6188560073496774,1.1170619982294738,0.6351469928631559,96.10852799960412,3.2906929991440848
908,0.2535439998609945,1.1476380022941157,0.6158719916129485,102.76488099771086,7.423493996611796
909,0.6147029926069081,1.165259993285872,0.6144729995867237,99.65035099594388,7.5082519906573
910,0.6932910036994144,1.116511004511267,0.3273269976489246,102.03408300003503,3.13015999563504
911,0.24121800379361957,1.124617992900312,0.635133998002857,113.19259500305634,3.2495009945705533
912,0.25768399063963443,1.1622519959928468,0.5885290011065081,98.58915800577961,7.462354013114236
913,0.6497049907920882,1.1131960054626688,0.31712900090496987,100.85247999813873,3.146848001051694
914,0.2835990017047152,1.5120280004339293,0.6036889972165227,102.7095330064185,3.1246069993358105
915,0.2578510029707104,1.145652000559494,0.6210809951880947,103.96789098740555,7.488611008739099
916,0.6947200017748401,1.1483760026749223,0.3148340038023889,101.26486999797635,3.2986779988277704
917,0.2601040032459423,1.1740990012185648,0.6027280032867566,101.63431000546552,3.2901139929890633
918,0.2635300043039024,1.135389000410214,0.5999639979563653,99.17247098928783,7.566159009002149
919,0.6419579876819625,1.1308149987598881,0.31316799868363887,99.99452900956385,3.2009040005505085
920,0.255875987932086,1.1431849998189136,0.6003019952913746,106.33141599828377,3.2716229907236993
921,0.25878800079226494,1.1486790026538074,0.6064900080673397,99.74826099642087,7.4367909983266145
922,0.659017008729279,1.139567990321666,0.3072280087508261,100.82352800236549,3.3009110047714785
923,0.30383998819161206,1.1230810050619766,0.6204020028235391,106.02374300651718,3.494889009743929
924,0.46218300121836364,0.9448580094613135,1.4814309979556128,205.8987140044337,6.978468009037897
925,0.6213189917616546,0.9010679932544008,0.5870140012120828,208.0051279917825,2.655325995874591
926,0.24124400806613266,0.8875600033206865,1.4341889909701422,209.44806799525395,2.5609969889046624
927,0.23560500994790345,0.8899919921532273,1.3829780073137954,210.6444319942966,7.070068008033559
928,0.9181679924950004,0.8986979955807328,0.574660996790044,214.54953899956308,2.6020640070782974
929,0.23868100834079087,0.9385419980389997,1.3611479953397065,205.44563898874912,2.6537380035733804
930,0.2995230024680495,0.8661169995320961,1.4745310036232695,205.51506700576283,6.904659996507689
931,1.0010230034822598,0.8944990113377571,0.5703640053980052,209.44402599707246,2.6862460072152317
932,0.24555099662393332,0.9020490106195211,1.3854069984517992,206.12018700921908,2.700661003473215
933,0.2426089922664687,0.9169400000246242,1.4627689961344004,205.09041201148648,7.063577999360859
934,0.8616429986432195,0.895257995580323,1.460844010580331,206.47030899999663,2.6189640047959983
935,0.24292399757541716,0.888194001163356,1.4705970097566023,204.83129400236066,2.678320000995882
936,0.4026990063721314,0.897534002433531,1.378386004944332,217.67943500890397,6.769922008970752
937,0.6679200014332309,0.8960919949458912,0.5693119892384857,206.3190089975251,2.7384190034354106
938,0.24623700301162899,0.9138979949057102,1.3962419907329604,208.65919299831148,2.8031980036757886
939,0.3037570131709799,0.9004870080389082,1.3058490003459156,210.326635002275,7.25156300177332
940,0.6337599916150793,1.0074909951072186,0.27865299489349127,91.08236600877717,3.0958599963923916
941,0.2738559996942058,1.1447559954831377,0.6044629990356043,100.39123000751715,3.266503001214005
942,0.27808299637399614,1.115220002247952,0.6321679975371808,100.53326499473769,7.753027995931916
943,0.6785440054954961,1.1667849903460592,0.37433000397868454,105.46926599636208,3.2353960123145953
944,0.2654240088304505,1.2378890096442774,0.6518340087495744,102.98909500124864,3.280618999269791
945,0.2884819987230003,1.1169350036652759,0.6176090100780129,100.98631501023192,7.554903000709601
946,0.6790500046918169,1.155171004938893,0.3353929932927713,100.03714499180205,3.2551180047448725
947,0.2678620076039806,1.1960800038650632,0.627382003585808,100.74546599935275,7.848956011002883
948,0.9590929985279217,0.909961003344506,1.5481839946005493,204.74038198881317,7.133932987926528
949,0.7056100002955645,0.8668489899719134,0.5845490086358041,210.77434701146558,7.3207160021411255
950,0.8899670065147802,0.9480640001129359,1.3978819915791973,209.419317994616,7.079279006575234
951,0.6761590047972277,0.9070390078704804,1.4469419984379783,207.14340900303796,7.374585999059491
952,0.7243949949042872,0.8802070078672841,0.36579801235347986,145.23389100213535,7.09674900281243
953,0.5793279997305945,1.0900830093305558,0.5950570048298687,94.923516997369,7.767396004055627
954,0.7065579993650317,1.1283170024398714,0.6646720139542595,102.60816900699865,7.754716993076727
955,0.6895290134707466,1.1878829973284155,0.32758100132923573,104.04607700183988,8.119960999465548
956,0.6268700090004131,1.2773339985869825,0.719896997907199,101.75650000746828,3.3030979975592345
957,0.2737890026764944,1.1425559932831675,0.6725760031258687,103.21353700419422,7.689575999393128
958,0.6706470012431964,1.1307259992463514,0.3891770029440522,103.5843819990987,3.242606995627284
959,0.3209320129826665,1.3433319982141256,0.6161490018712357,104.17050099931657,3.126024006633088
960,0.279678002698347,1.1266290093772113,0.63532599597238,98.09863299597055,7.5285440107109025
961,0.6773280038032681,3.6570020020008087,0.32669999927747995,100.02354001335334,3.1015679996926337
962,0.25164800172206014,1.1271179973846301,0.6163029902381822,103.57192299852613,3.22425999911502
963,0.25633299082983285,1.171419004094787,0.6129669927759096,100.33402900444344,8.071283009485342
964,0.558591986191459,1.1164690076839179,0.338138997904025,97.26263400807511,3.0596159922424704
965,0.25804700271692127,1.1362820077920333,0.631141010671854,99.38826199504547,3.0592539987992495
966,0.2597440034151077,1.1020580132026225,0.6258710054680705,97.29351299756672,7.415850996039808
967,0.6630080024478957,1.1031749891117215,0.3163109940942377,102.25782399356831,3.0911619978724048
968,0.2768990088952705,1.1327780084684491,0.6403439911082387,104.48550200089812,3.174974990542978
969,0.2558349951868877,1.135313999839127,0.6232840096345171,99.24021099868696,7.399176000035368
970,0.639899997622706,1.1188130010850728,0.3501390019664541,98.07775099761784,3.184599001542665
971,0.2651530085131526,1.1863870022352785,0.6150650006020442,100.23087399895303,3.185251000104472
972,0.2548000047681853,1.1368669947842136,0.6043030007276684,110.84500400465913,7.377054993412457
973,0.6289709999691695,1.1468789889477193,0.6155250011943281,99.12722800800111,3.158118008286692
974,0.2537969994591549,1.1446459975559264,0.6778090028092265,98.64903100242373,3.123015005257912
975,0.2530589990783483,1.0794859990710393,0.5854320042999461,97.71133000322152,7.491639000363648
976,0.7073179876897484,1.1065659928135574,0.6127980013843626,93.97425598581322,3.0517050035996363
977,0.2863629924831912,1.1453749903012067,0.5856019997736439,100.57679300371092,3.0805309943389148
978,0.27286600379738957,1.0807820071931928,0.5933689972152933,101.41972899145912,7.521899009589106
979,0.6365589943015948,1.1308929970255122,0.6001770088914782,95.40598400053568,3.1981890060706064
980,0.28384500183165073,1.1470879981061444,0.6075590063119307,99.44394700869452,3.0691799911437556
981,0.3078860027017072,1.1033109913114458,0.6092980038374662,98.40590300154872,7.393246996798553
982,0.5111490027047694,1.1103620054200292,0.6142569909570739,98.6212219868321,3.13937000464648
983,0.27870899066329,1.1311830021440983,0.6579659966519102,103.57113099598791,3.211621005902998
984,0.26729599630925804,1.1087210004916415,0.595160003285855,96.58637500251643,7.42488399555441
985,0.6910649972269312,1.1111499916296452,0.616561999777332,93.88786299678031,3.071543003898114
986,0.26673299726098776,1.1313459981465712,0.6444589962484315,98.5767130041495,3.0567149951821193
987,0.2695440052775666,1.1072759953094646,0.6222810043254867,97.49747000751086,7.086558995069936
988,0.6557559972861782,1.1342039942974225,0.6060289888409898,102.05258900532499,3.1146100081969053
989,0.25247898884117603,1.179575003334321,0.6187450053403154,103.46508299699053,3.2267700007651
990,0.268785996013321,1.1203680041944608,0.6131789996288717,97.61174899176694,7.355787995038554
991,0.6281050009420142,1.1319609911879525,0.6386510067386553,95.35294800298288,3.0701520008733496
992,0.2570189972175285,1.136079998104833,0.60741399647668,98.79357099998742,3.0511540098814294
993,0.26306399377062917,1.127171010011807,0.5832269962411374,98.0114410049282,7.326286009629257
994,0.6242609961191192,1.122219007811509,0.6330820033326745,99.35474100348074,3.2023769890656695
995,0.25061500491574407,1.1391779989935458,0.6144490034785122,111.31707800086588,3.2031430018832907
996,0.25282500428147614,1.1068969906773418,0.6060299929231405,97.21869700297248,7.470240991096944
997,0.6322900007944554,1.1492390040075406,0.640029989881441,97.8727460023947,3.1445560016436502
998,0.2830820012604818,1.1492210032884032,0.6450549990404397,104.14324300654698,3.2378070027334616
999,0.26580299891065806,1.7286170041188598,0.6091210088925436,97.60829601145815,7.404260992188938
1000,0.5362959927879274,1.1227010108996183,0.6244429969228804,95.92288700514473,3.1675150094088167
1001,0.25101800565607846,1.0961299994960427,0.5923080025240779,98.55360000801738,3.1365780014311895
1002,0.26431999867781997,1.086325995856896,0.6038319988874719,97.9471350001404,7.586068008095026
1003,0.7138880027923733,1.1051699984818697,0.6250029982766137,102.03867999371141,3.279281998402439
1004,0.2614270051708445,1.1434140033088624,0.5836439959239215,101.86778700153809,3.1526099919574335
1005,0.27743699320126325,1.1292279959889129,0.5863069964107126,97.22189800231718,7.604236991028301
1006,0.7214930083137006,1.1075209913542494,0.6025160109857097,96.28694600542076,7.374787994194776
1007,0.6537139997817576,1.1094020010204986,0.6218589987838641,99.96178498840891,7.309974011150189
1008,0.6662060040980577,1.08179499511607,0.5844060069648549,99.75671999563929,7.341353004449047
1009,0.6467850034823641,1.1222789908060804,0.6095599965192378,96.96421000990085,7.4395230039954185
1010,0.5328940023900941,1.1156450054841116,0.5913399945711717,99.07381598895881,7.499382001697086
1011,0.6566529918927699,1.07999199826736,0.6119820027379319,103.29011800058652,7.533579002483748
1012,0.6376730016199872,1.1147679906571284,0.6080430030124262,97.75089100003242,7.61958300427068
1013,0.5684939969796687,1.1139210109831765,0.5957709945505485,100.16603198891971,7.6048990013077855
1014,0.7338110008276999,1.1191410012543201,0.597079997533001,97.77439100435004,7.655323002836667
1015,0.629659989499487,1.1468009906820953,0.6076010031392798,100.42250499827787,7.521077001001686
1016,0.6332940101856366,1.1010849993908778,0.6025140028214082,101.01271099119913,7.4144079990219325
1017,0.6677649944322184,1.1139109992654994,0.5857079959241673,98.82032399764284,7.665487995836884
1018,0.6659740029135719,1.105318995541893,0.6087150104576722,96.06171300401911,7.53042999713216
1019,0.653540002531372,1.187264992040582,0.6134760042186826,98.3679229975678,7.504305001930334
1020,0.7029499975033104,1.1367890110705048,0.6118659948697314,102.06970799481496,7.780678002745844
1021,0.7147470023483038,1.1462809925433248,0.6475630070781335,96.36868599045556,7.46595099917613
1022,0.640013997326605,1.1253350094193593,0.6207429978530854,98.86227500101086,7.3706549883354455
1023,0.7073610031511635,1.0751429945230484,0.6099609890952706,96.62393599865027,7.38209999690298
1024,0.6314049969660118,1.134379010181874,0.6265039992285892,104.20302400598302,7.557207994977944
1025,0.5622530006803572,1.083474009647034,0.5892129993299022,103.1843509990722,7.371681000222452
1026,0.6280110101215541,1.1083860008511692,0.6204250094015151,97.20454599300865,7.561670005088672
1027,0.7138799992389977,1.0967999987769872,0.6402940052794293,101.03025000717025,7.460616994649172
1028,0.6759209936717525,1.22951201046817,0.6228169950190932,96.54271299950778,6.964182000956498
1029,0.5997970001772046,1.0960649960907176,0.6055910052964464,107.47172099945601,7.0977579889586195
1030,0.5844029947184026,1.124046990298666,0.3105450014118105,98.14210499462206,7.1145130059449
1031,0.6184090016176924,1.1179270077263936,0.6169319967739284,99.38148800574709,7.21834298747126
1032,0.5854009941685945,1.0846969962585717,0.5909020110266283,95.70563399756793,6.697461009025574
1033,0.6638619961449876,1.0687209869502112,0.3281030076323077,98.18021701357793,6.596067993086763
1034,0.5867030122317374,1.0982919920934364,0.6761429976904765,96.15476299950387,6.845803000032902
1035,0.5909400060772896,1.057101006153971,0.6254479958442971,95.33570999337826,6.8235710059525445
1036,0.5852320027770475,1.0443589999340475,0.32095600909087807,100.6398080062354,6.635691999690607
1037,0.6128600070951506,1.1491859913803637,0.6130990077508613,95.9079119929811,6.818672001827508
1038,0.6294680060818791,1.0815400019055232,0.6204200035426766,96.96167999936733,6.908633004059084
1039,0.5435369967017323,1.1037389922421426,0.3191279974998906,97.78945299331099,6.858382010250352
1040,0.5957079993095249,1.0893389990087599,0.5830579902976751,96.00228600902483,6.95581900072284
1041,0.6200200004968792,1.0983120009768754,0.5897639930481091,94.6161539905006,6.845992000307888
1042,0.5866699939360842,1.0977050114888698,0.3096250002272427,99.8041480052052,6.76888000452891
1043,0.5821090016979724,1.0516259935684502,0.6035569967934862,97.47075400082394,6.9023780088173226
1044,0.5974919913569465,1.0832600091816857,0.6048100040061399,95.14805400976911,6.99759200506378
1045,0.4889760020887479,1.0860159964067861,0.31819299329072237,96.42176800116431,6.904651003424078
1046,0.5880239914404228,1.1408999998820946,0.6368320027831942,100.70775799977127,6.793074004235677
1047,0.5793839955003932,1.110351993702352,0.620005012024194,99.12600798998028,6.745712002157234
1048,0.6162030040286481,1.0772329987958074,0.330925002344884,101.95479799585883,6.832063998444937
1049,0.6169639964355156,1.135530008468777,0.6014560058247298,99.83988999738358,6.920346990227699
1050,0.5895380018046126,1.0925579990725964,0.5968150071566924,94.32248400116805,7.012553003733046
1051,0.5659820017172024,1.0729589994298294,0.31608699646312743,97.23347600083798,6.9800729979760945
1052,0.7027800020296127,1.1180049914401025,0.6153499998617917,97.59742100141011,6.689709989586845
1053,0.5696149892173707,1.077898996300064,0.5863779952051118,94.93825001118239,6.705345993395895
1054,0.578769002459012,1.0850020044017583,0.31518199830316007,96.92280100716744,2.9114339995430782
1055,0.2234210114693269,1.173546988866292,0.5922599957557395,100.38957500364631,2.925724009401165
1056,0.22567900305148214,1.128237010561861,0.6039860018063337,93.32705000997521,6.654409007751383
1057,0.5873659974895418,1.0926700051641092,0.30794199847150594,96.70650000043679,2.943065992440097
1058,0.23243599571287632,1.0662790009519085,0.666931999148801,94.77538599458057,2.870897005777806
1059,0.23326699738390744,1.0943600063910708,0.6167070096125826,97.62231099011842,6.678143996396102
1060,0.5274569994071499,1.1275569995632395,0.3548359964042902,100.90790399408434,2.914775992394425
1061,0.22478200844489038,1.107799995224923,0.6007180054439232,97.95400299481116,2.9143959982320666
1062,0.23243299801833928,1.1462559923529625,0.6524789932882413,94.9825999996392,6.678029996692203
1063,0.5533330113394186,1.0997880017384887,0.34545600647106767,93.38407899485901,2.859854997950606
1064,0.22166900453157723,1.1011210008291528,0.578456005314365,100.30613699927926,2.881596010411158
1065,0.24564699560869485,1.1076899972977117,0.5967030010651797,97.31930200359784,6.829264995758422
1066,0.573053999687545,1.086322998162359,0.30116700509097427,97.69226099888328,2.93354201130569
1067,0.2358920028200373,1.096641004551202,0.5675869906553999,95.80651699798182,2.932980001787655
1068,0.22471499687526375,1.1094420042354614,0.5836089985677972,93.25778199126944,6.790672996430658
1069,0.5799250066047534,1.1176699917996302,0.31060000765137374,92.17988299496938,2.9716749995714054
1070,0.2232489932794124,1.100162000511773,0.5796859913971275,95.80499399453402,3.000393000547774
1071,0.2485009899828583,1.1531650088727474,0.6573230057256296,95.01136999460869,6.549858997459523
1072,0.5896229995414615,1.1320620105834678,0.30697199690621346,108.17502699501347,2.8519250045064837
1073,0.2280930057168007,1.1083850113209337,0.5656029970850796,101.75734099175315,3.0327589920489118
1074,0.22206899302545935,1.1034370108973235,0.5896009970456362,95.58235100121237,6.95007799367886
1075,0.6230069993762299,1.1172360100317746,0.30957099806983024,92.9087769909529,2.9015479958616197
1076,0.22536900360137224,1.073714010999538,0.5885489954380319,98.4735840029316,2.962236001621932
1077,0.22296400857158005,1.1249779927311465,0.5816019984195009,95.34722700482234,6.8349029897945
1078,0.5782630032626912,1.1052419868065044,0.31477000447921455,96.50867999880575,2.9741879989160225
1079,0.22571800218429416,1.0807639919221401,0.590673997066915,96.20903100585565,3.007636987604201
1080,0.24376199871767312,1.15049300075043,0.6322080007521436,97.42429900506977,6.7636129970196635
1081,0.5625149933621287,1.1262560001341626,0.31616199703421444,106.44020700419787,2.8989929996896535
1082,0.22431999968830496,1.0924310045083985,0.5679369933204725,98.11249899212271,2.895682002417743
1083,0.2362489904044196,1.0974750039167702,0.5807269917568192,92.72993200283963,6.689380010357127
1084,0.5471420008689165,1.1045339924748987,0.3030580119229853,93.02000199386384,2.824563009198755
1085,0.2228009980171919,1.1078440002165735,0.580601001274772,94.48354699998163,2.850789009244181
1086,0.23623199376743287,1.1040340032195672,0.6030180084053427,93.62384700216353,6.65170099819079
1087,0.5448220035759732,1.1169630015501752,0.3013039968209341,97.67872199881822,3.0013180075911805
1088,0.22554199676960707,1.0851539991563186,0.654792005661875,100.53381700708997,3.0534379911841825
1089,0.24326199491042644,1.1511789925862104,0.6018089916324243,94.69923500728328,7.004946994129568
1090,0.5600029980996624,1.1392640008125454,0.3183679946232587,94.23543101001997,2.905013010604307
1091,0.24012400535866618,1.1084120051236823,0.6131239933893085,95.15941399149597,2.8426729986676946
1092,0.22277698735706508,1.1026260035578161,0.5794879980385303,96.71615299885161,6.771582004148513
1093,0.5685740034095943,1.0925019887508824,0.3045170014956966,94.04573500796687,2.984082995681092
1094,0.22919400362297893,1.1119129922008142,0.5900489923078567,96.89895999326836,2.971281995996833
1095,0.23169700580183417,1.1147730110678822,0.6049329967936501,94.41389198764227,6.700537996948697
1096,0.5627240025205538,1.1165570031153038,0.30643100035376847,96.82012199482415,2.881214997614734
1097,0.23036799393594265,1.1132359941257164,0.5954719963483512,97.4766300059855,2.916245997766964
1098,0.2387349959462881,1.159758001449518,0.5866110004717484,97.03195000474807,6.7681899963645265
1099,0.555566992261447,1.0928839910775423,0.30426299781538546,94.44873000029474,2.9903050017310306
1100,0.278239996987395,1.1205670016352087,0.5926530138822272,97.26338200562168,2.9152019997127354
1101,0.22793200332671404,1.0780599986901507,0.5867830041097477,94.51580299355555,6.955873992410488
1102,0.5769660056103021,1.095166997401975,0.30294999305624515,99.03903400117997,2.9772790003335103
1103,0.22711599012836814,1.096193998819217,0.5743399960920215,95.09571999660693,2.911071991547942
1104,0.23427400446962565,1.0955860052490607,0.5668410012731329,97.4309449957218,6.777287009754218
1105,0.507255012053065,1.0878949979087338,0.30051499197725207,94.12741599953733,3.0006430024513975
1106,0.23514700296800584,1.1429370060795918,0.5877080111531541,94.49464199133217,2.9093250050209463
1107,0.26674699620343745,1.2322319962549955,0.5928049940848723,94.52932600106578,6.893169003888033
1108,0.5651820101775229,1.0912770085269585,0.30134500411804765,96.23235900653526,2.930113987531513
1109,0.24223299988079816,1.0631909972289577,0.5824190011480823,100.41021699726116,3.2800600019982085
1110,0.31116200261749327,1.0961680090986192,0.6130160036263987,95.40490299696103,6.652172000030987
1111,0.5765340029029176,1.192868992802687,0.3031369997188449,93.19383300316986,2.9644859896507114
1112,0.22532900038640946,1.1007760040229186,0.6352779892040417,96.2673539906973,3.0099629948381335
1113,0.2409290027571842,1.1258370068389922,0.5951849889243022,99.31567900639493,7.061431999318302
1114,0.5812360031995922,1.1050619941670448,0.3118599997833371,94.53988299355842,2.906358990003355
1115,0.24113600375130773,1.1361290089553222,0.5897130031371489,95.63961799722165,3.0016370001249015
1116,0.2455119974911213,1.1038270022254437,0.5966270109638572,94.11066099710297,6.53563799278345
1117,0.5529210029635578,1.1152030056109652,0.30159400193952024,92.93278100085445,2.920320999692194
1118,0.2714509901124984,1.0926679969998077,0.5834140029037371,94.25618998648133,2.909488001023419
1119,0.27036599931307137,1.1042840051231906,0.5889199965167791,93.78388100594748,6.267760996706784
1120,0.5485170113388449,1.111886987928301,0.3059720038436353,90.46903600392397,2.6738649903563783
1121,0.225124997086823,1.0797459981404245,0.573910991079174,94.8036469926592,2.8040920005878434
1122,0.21623600332532078,1.075603999197483,0.5902739940211177,90.21491999737918,6.213827000465244
1123,0.5339149938663468,1.088242992409505,0.3100040048593655,90.60302599391434,2.7921439905185252
1124,0.21954000112600625,1.1138940026285127,0.5616059934254736,94.09703199344222,2.724646998103708
1125,0.23987700114957988,1.0924959933618084,0.5990839999867603,91.70318199903704,6.185776990605518
1126,0.52707499708049,1.0846000077435747,0.33085999893955886,90.25576199928764,2.695582006708719
1127,0.21985899365972728,1.0723960003815591,0.5676090077031404,97.02830199967138,2.677955009858124
1128,0.21459299023263156,1.0941689979517832,0.5697749875253066,93.14958100731019,6.113676005043089
1129,0.522593007190153,1.0985370026901364,0.29607499891426414,90.47141899645794,2.6477589999558404
1130,0.2304989902768284,1.068304991349578,0.5576580006163567,91.58219599339645,2.684161998331547
1131,0.21280899818520993,1.1190599907422438,0.5674120038747787,92.47724599845242,6.220410999958403
1132,0.5321909993654117,1.0699770064093173,0.30373199842870235,90.86118898994755,2.6925610000034794
1133,0.21033501252532005,1.0785719932755455,0.5659250018652529,93.31628799554892,3.7053910054964945
1134,0.22764201276004314,1.1403819953557104,0.600125000346452,95.81667098973412,7.317044990486465
1135,0.577744998736307,1.1186969932168722,0.348865010892041,106.96161800296977,2.71137899835594
1136,0.21335099881980568,1.052067003911361,0.5869290034752339,107.58037799678277,2.7890759956790134
1137,0.2239559980807826,1.0914869926637039,0.5973899969831109,93.9180720015429,6.040330990799703
1138,0.5267800006549805,1.0911959980148822,0.3133209975203499,91.09946199168917,2.6726609939942136
1139,0.2165440091630444,1.0604510025586933,0.5488760070875287,97.5874779978767,2.6893040048889816
1140,0.2322590007679537,1.086812000721693,0.5631170060951263,92.84877100435551,6.042320004780777
1141,0.5198300059419125,1.0618649976095185,0.2947140019387007,92.21282300131861,2.6611079956637695
1142,0.21830800687894225,1.0500860080355778,0.5714099970646203,91.47658399888314,3.732690995093435
1143,0.23161500575952232,1.086380987544544,0.5846819985890761,96.65623100590892,6.0752299905288965
1144,0.5956679960945621,1.078472996596247,0.35594300425145775,97.62361500179395,2.6617870025802404
1145,0.23121100093703717,1.0655579972080886,0.6572089914698154,91.02004799933638,2.6408020057715476
1146,0.23641000734642148,1.1269109963905066,0.598308994085528,93.1098699948052,6.312098994385451
1147,1.2925019982503727,1.155078993178904,0.32251200173050165,90.37059800175484,2.7114059921586886
1148,0.21471000218298286,1.0838180023711175,0.5895130016142502,95.36160599964205,2.742570999544114
1149,0.2551970101194456,1.0801280004670843,0.5950490012764931,93.30610100005288,6.099096004618332
1150,0.5255779979052022,1.0757839918369427,0.31816000409889966,93.00674000405706,2.664010986336507
1151,0.21191300766076893,1.095813000574708,0.5739210027968511,90.21973100607283,2.8020339959766716
1152,0.20874899928458035,1.0936069884337485,0.626706998446025,96.9878659961978,6.135600997367874
1153,0.5277200107229874,1.0913669975707307,0.3009590000147,93.29023900500033,2.711598004680127
1154,0.21420900884550065,1.0638270032359287,0.5973349907435477,92.09944898611866,2.6148140022996813
1155,0.21408600150607526,1.1132899962831289,0.62768098723609,92.24790800362825,6.054037003195845
1156,0.5402719980338588,1.0840909963008016,0.3174050070811063,90.68251300777774,2.706348997890018
1157,0.20805399981327355,1.114522005082108,0.5712239944841713,92.83574200526346,2.7166660001967102
1158,0.25991098664235324,1.1051019973820075,0.5903090059291571,92.57913500186987,7.131955004297197
1159,0.5513950018212199,1.0752689995570108,0.31918899912852794,93.7030649947701,2.627038993523456
1160,0.24002800637390465,1.0871659906115383,0.5888460000278428,91.70631699089427,2.621171995997429
1161,0.23452300229109824,1.0892559948842973,0.5844089901074767,96.17559199978132,6.11418898915872
1162,0.5184930050745606,1.087945987819694,0.29936300416011363,91.00078199116979,2.6537730009295046
1163,0.21136600116733462,1.0867870005313307,0.5518809921341017,94.43789599754382,2.6932100008707494
1164,0.22827700013294816,1.1442649993114173,0.5570400098804384,91.6883419995429,5.98448800155893
1165,0.577690007048659,1.1324740044074133,0.30835300276521593,96.37826700054575,2.7072049997514114
1166,0.206987009732984,1.0583380062598735,0.5488860042532906,93.67782200570218,2.6206850016023964
1167,0.21942199964541942,1.1385590041754767,0.5552539951168001,92.14221399452072,6.146390005596913
1168,0.5147390038473532,1.0823339980561286,0.3268289874540642,91.76484600175172,2.7263350057182834
1169,0.21196600573603064,1.089882993255742,0.5664630007231608,94.58330100460444,2.6531860057730228
1170,0.20613799279090017,1.0704419983085245,0.6077809957787395,92.12546498747543,5.917841001064517
1171,0.5206990026636049,1.0914400045294315,0.3380819980520755,91.0002870077733,2.616420009871945
1172,0.20231101370882243,1.070015990990214,0.6045259942766279,92.57446299307048,2.697793999686837
1173,0.22126799740362912,1.1041510006180033,0.5784450040664524,93.03470999293495,6.137973003205843
1174,0.5091610073577613,1.1041440011467785,0.3185279929311946,93.54884499043692,2.675573996384628
1175,0.21794300118926913,1.0450870031490922,0.5511170020326972,93.21010200073943,2.6684990007197484
1176,0.20537000091280788,1.5434899978572503,0.5929480103077367,92.08554899669252,6.0712529957527295
1177,0.5100929993204772,1.0758470016298816,0.29239799187052995,91.71646200411487,2.737785005592741
1178,0.21756500063929707,1.245613006176427,0.5832479946548119,96.27104799437802,2.7064769965363666
1179,0.22662700212094933,1.0824880009749904,0.5774540040874854,92.88895399367902,6.191380001837388
1180,0.5292510031722486,1.0715799871832132,0.31526600650977343,91.56396499020047,2.643701998749748
1181,0.20327699894551188,1.0414999997010455,0.5489309987751767,93.99531599774491,2.6722320035332814
1182,0.21068799833301455,1.1521869892021641,0.5640430026687682,92.55882998695597,5.992965991026722
1183,0.4993899929104373,1.0725280008045956,0.33584600896574557,89.69644601165783,2.690334993530996
1184,0.21814600040670484,1.0338089923607185,0.5587909981841221,90.81296899239533,2.64480100304354
1185,0.21684299281332642,1.0960210056509823,0.5724200018448755,92.8069189976668,7.312410991289653
1186,0.5692920094588771,1.0736149997683242,0.31770400528330356,94.2914689949248,2.551076002418995
1187,0.208910001674667,1.0771880042739213,0.5729370022891089,92.3579110094579,2.6659340073820204
1188,0.20289499661885202,1.081445996533148,0.5871850007679313,93.15422699728515,6.066037996788509
1189,0.5150149954715744,1.1026050051441416,0.30515801336150616,95.3324989968678,2.5967230030801147
1190,0.2094890078296885,1.109272998291999,0.5709770048270002,91.43077699991409,2.6396119937999174
1191,0.21038799604866654,1.1041610123356804,0.6060099985916167,91.62877599010244,5.844990999321453
1192,0.5355989997042343,1.0883349896175787,0.3035469999304041,89.47357301076408,2.5952930009225383
1193,0.22831599926576018,1.0588500008452684,0.5632429965771735,92.40877300908323,2.5794519897317514
1194,0.21167499653529376,1.090464007575065,0.5785770044894889,93.44849600165617,5.9509650018299
1195,0.5206190107855946,1.1067650048062205,0.2976140094688162,89.96922199730761,2.6256139972247183
1196,0.20696599676739424,1.12865399569273,0.5485199944814667,108.34555899782572,2.64614999468904
1197,0.21784698765259236,1.1054259957745671,0.5685220094164833,100.20641499431804,5.957984001724981
1198,0.5262609920464456,1.1001719976775348,0.2989089989569038,105.75327600236051,2.5744540034793317
1199,0.2004939888138324,1.2785720027750358,0.791995000327006,95.50031000981107,2.5719940022099763
1200,0.21580199245363474,1.1360479984432459,0.690492001012899,89.89484199264552,5.964832002064213
1201,0.500880996696651,1.0875180014409125,0.3089320089202374,93.22706100647338,2.577253006165847
1202,0.20679000590462238,1.0612080077407882,0.7591869944008067,107.78854000091087,2.566758994362317
1203,0.21919100254308432,1.0911499994108453,0.5803770036436617,90.78591900470201,5.962905997876078
1204,0.5341709911590442,1.068892001057975,0.2965460007544607,92.76663699711207,2.638696998474188
1205,0.21686000400222838,1.0747890046332031,0.5797849880764261,93.63949998805765,2.594787991256453
1206,0.20392300211824477,1.1446849966887385,0.5640519957523793,92.86727799917571,5.941493989666924
1207,0.5157230043550953,1.09568600601051,0.3142810019198805,90.65758300130256,2.59073699999135
1208,0.21809700410813093,1.0906300012720749,0.5521119892364368,92.49976300634444,2.6299630117136985
1209,0.22136099869385362,1.064993004547432,0.5922869895584881,89.8947079986101,5.919839997659437
1210,0.569729003473185,1.1095790105173364,0.30231100390665233,95.21073500218336,5.885493999812752
1211,0.5363090022001415,1.4743790088687092,0.567693990888074,93.67773799749557,2.6094829954672605
1212,0.20479800878092647,1.0645379952620715,0.5697990127373487,90.23473699926399,5.851409005117603
1213,0.5179319996386766,1.0797190043376759,0.30157000583130866,94.24834500532597,6.06137901195325
1214,0.49925300118047744,1.0734450042946264,0.5782009975519031,95.88201298902277,2.5554029998602346
1215,0.2036099904216826,1.0638309904607013,0.561845998163335,89.96594599739183,6.013573991367593
1216,0.5062739946879447,1.4451190072577447,0.3115209983661771,93.71363699028734,5.920944007812068
1217,0.509667006554082,1.0862960043596104,0.5714849976357073,93.96215098968241,2.611878007883206
1218,0.20519900135695934,1.0522219963604584,0.6516370049212128,90.58558000833727,5.985160998534411
1219,0.5027419974794611,1.0933040030067787,0.3127260133624077,93.95577199757099,6.006741998135112
1220,0.496358989039436,1.4900509995641187,0.5627840000670403,94.72794098837767,2.582930988864973
1221,0.21272400044836104,1.0618789965519682,0.5880800017621368,92.42529699986335,5.940144998021424
1222,0.5328689876478165,1.0664720030035824,0.31601400405634195,95.44601300149225,5.830203997902572
1223,0.5022419936722144,1.093077997211367,0.5655260029016063,98.3657370088622,2.54164201032836
1224,0.20592899818439037,1.070136990165338,0.579364990699105,91.01393299351912,5.972710001515225
1225,0.4901750071439892,1.0808730003191158,0.3113950078841299,100.27001099660993,5.906691003474407
1226,0.4896099999314174,1.069295991328545,0.5827520071761683,94.6911729988642,2.6078459923155606
1227,0.20018199575133622,1.054175998433493,0.5624180048471317,91.19467499840539,6.053280012565665
1228,0.5475280049722642,1.041730007273145,0.2994499955093488,103.72338299930561,5.68208000913728
1229,0.47286100743804127,1.0279359994456172,0.5633679975289851,95.95343700493686,2.5661820109235123
1230,0.19971599976997823,1.0122269886778668,0.5898119998164475,89.83808499760926,5.733237994718365
1231,0.4855290026171133,1.0427279921714216,0.31039200257509947,94.40552299201954,5.754422993049957
1232,0.48735599557403475,1.0747850028565153,0.5705090006813407,93.6687359935604,2.5820139999268577
1233,0.19783699826803058,1.0131409944733605,0.5822569946758449,88.73746899189427,6.9709739909740165
1234,0.4860580083914101,1.0626120056258515,0.3042820026166737,93.78961799666286,6.7895459942519665
1235,0.5044539866503328,1.0447370004840195,0.5616070120595396,92.78887999244034,2.5233609921997413
1236,0.22276000527199358,1.4300089969765395,0.5672730039805174,90.06838699860964,5.672857994795777
1237,0.48517600225750357,1.0223989957012236,0.3159909974783659,100.47167899028864,2.519620000384748
1238,0.1946319971466437,1.026414000079967,0.5634830013150349,92.78417800669558,2.5615769991418347
1239,0.20048000442329794,1.000752003164962,0.5655760032823309,92.76925800077152,5.742800000007264
1240,0.48528100887779146,0.9999749890994281,0.28573199233505875,91.61203099938575,2.5729289918672293
1241,0.2040959952864796,1.0199679963989183,0.5581879959208891,91.56462400278542,2.525777992559597
1242,0.20073799532838166,1.0195229988312349,0.5637169961119071,90.60884900100064,6.206637001014315
1243,0.5580329889198765,1.2605569936567917,0.29778300086036325,88.14003900624812,2.4826919980114326
1244,0.1960789959412068,1.0455049923621118,0.5550019996007904,92.68351799983066,2.4352530017495155
1245,0.1947699929587543,1.0117890051333234,0.5729670083383098,88.69558999140281,5.5960250028874725
1246,0.47800700122024864,1.0093230084748939,0.2873150078812614,89.07055099552963,2.4427640018984675
1247,0.20624899480026215,1.02783199690748,0.5592490051640198,90.39060700160917,2.4205280060414225
1248,0.21476599795278162,1.017533999402076,0.5475420039147139,89.50439699401613,5.4078999964986
1249,0.4805759963346645,1.0136979981325567,0.29646200709976256,89.97184100735467,2.320587998838164
1250,0.19797599816229194,1.0503469966351986,0.5395210027927533,94.29686200746801,2.448743995046243
1251,0.1956859923666343,0.9789850009838119,0.5670059908879921,100.4186119971564,5.49584100372158
1252,0.4618480015778914,1.0080210049636662,0.5644060001941398,94.87894899211824,2.5329609925393015
1253,0.24255900643765926,1.0696129902498797,0.5716440064134076,89.29884899407625,2.3727590014459565
1254,0.20990498887840658,1.0122940002474934,0.5859910015715286,85.46208999177907,5.359729999327101
1255,0.4567159921862185,1.0165659914491698,0.5653780099237338,96.56886001175735,2.4052119988482445
1256,0.21667100372724235,1.0135429911315441,0.5534689989872277,94.42703500099014,2.3599450069013983
1257,0.19023599452339113,0.9943250042852014,0.5621730088023469,87.66361699963454,5.447598989121616
1258,0.5183780012885109,1.0186869913013652,0.5449510063044727,85.3687969938619,2.518613007850945
1259,0.22729400370735675,1.0215070069534704,0.5576169933192432,88.47142600279767,2.174239998566918
1260,0.1887929975055158,0.9693699976196513,0.5206630012253299,90.01020199502818,4.787401994690299
1261,0.42362000385764986,0.9778209932846949,0.5494629876920953,84.64086698950268,2.264790004119277
1262,0.22792200616095215,0.9911649976857007,0.5610249936580658,84.90127399272751,2.0728359959321097
1263,0.17460000526625663,0.9761959954630584,0.5206630012253299,86.60655499261338,4.925237997667864
1264,0.48342099762521684,1.0114320029970258,0.5813430034322664,85.58227200410329,2.0228420034982264
1265,0.17840199870988727,0.9993050043703988,0.5337309994501993,84.49771199957468,2.0253409893484786
1266,0.17357700562570244,0.9549520036671311,0.534285994945094,84.98956100083888,4.548386990791187
1267,0.41688900091685355,0.9946469945134595,0.5500389961525798,80.2821760007646,2.0179159910185263
1268,0.18732700846157968,1.1933979985769838,0.8037369989324361,92.60160499252379,2.019144987571053
1269,0.17365899111609906,1.0067519906442612,0.630949012702331,87.34217699384317,4.552244994556531
1270,0.44767399958800524,0.9541649924358353,0.5136920080985874,84.52304400270805,1.9458269962342456
1271,0.1643900031922385,1.443592002033256,0.651765993097797,101.79663499002345,1.937109002028592
1272,0.1637899986235425,0.9579280012985691,0.51071000052616,86.9514610094484,4.224524993333034
1273,0.39071599894668907,1.001249998807907,0.5014119960833341,81.05378701293375,2.0292659901315346
1274,0.16833198606036603,1.0235439985990524,0.5215159908402711,91.29307500552386,1.9783009920502082
1275,0.1643919968046248,0.9520869934931397,0.49926700012292713,87.29646900610533,4.272920996299945
1276,0.38414700247813016,0.9366409940412268,0.5031430046074092,84.4844350067433,1.964335999218747
1277,0.16209299792535603,0.9972459956770763,0.52225700346753,89.51504199649207,1.9624309934442863
1278,0.16544399841222912,0.9875340037979186,0.536606996320188,86.2753480032552,4.280426001059823
1279,0.40836900006979704,0.963296988629736,0.5087759927846491,82.98768900567666,2.061940002022311
1280,0.2069710026262328,1.0808700026245788,0.5550060013774782,88.4816149919061,1.9391280075069517
1281,0.1676480023888871,0.9430360078113154,0.5197849968681112,86.5799210005207,4.069283007993363
1282,0.41597399103920907,0.9789150062715635,0.5209289956837893,346.31122699647676,1.8695479957386851
1283,0.15799098764546216,0.968767999438569,0.5040300020482391,84.59088100062218,1.9092949951300398
1284,0.1626250013941899,0.95014700491447,0.49444500473327935,81.75579700036906,4.145601997151971
1285,0.3898630093317479,0.9699789952719584,0.501367001561448,80.85573599964846,4.153314002905972
1286,0.37613199674524367,1.0512040025787428,0.4888539988314733,84.99108199612238,1.963955000974238
1287,0.1813179987948388,0.981660996330902,0.5058279930381104,82.54354800737929,4.286348994355649
1288,0.3974169958382845,1.296475005801767,0.5138669948792085,80.51755999622401,4.22333599999547
1289,0.37942599738016725,0.9965289937099442,0.5357390036806464,86.94350899895653,1.9670879992190748
1290,0.17070298781618476,0.9662430093158036,0.5020590033382177,83.56759500748012,4.194077002466656
1291,0.38086000131443143,0.9772129997145385,0.5334939924068749,80.17060700512957,4.263262002496049
1292,0.38602900167461485,1.0092580050695688,0.5154959944775328,85.24543099338189,1.9456959998933598
1293,0.16427900118287653,0.9547179943183437,0.5052449996583164,83.1319760036422,4.162964003626257
1294,0.4495610046433285,0.954085000557825,0.5125500028952956,81.52692799922079,4.101815997273661
1295,0.3886099875671789,0.9959640010492876,0.5117440014146268,84.48615499946754,1.963378002983518
1296,0.15830399934202433,1.0003369970945641,0.5090860067866743,84.87916400190443,4.188798993709497
1297,0.38196900277398527,0.9803029970498756,0.659333003568463,81.63916799821891,4.206810001051053
1298,0.3752689954126254,0.9838940022746101,0.5757939943578094,84.14870500564575,1.9735840032808483
1299,0.16875300207175314,0.9437140106456354,0.5120439891470596,84.9204709957121,4.152306006290019
1300,0.3941309987567365,0.9447170014027506,0.49580700579099357,83.58985600352753,4.212154992274009
1301,0.3952390106860548,1.0035599989350885,0.5128649936523288,89.29542600526474,1.898863003589213
1302,0.1618550013517961,0.9794259967748076,0.5186380003578961,86.00382800796069,4.123899998376146
1303,0.39035700319800526,0.9553359996061772,0.5033670022385195,81.01545499812346,1.9387539941817522
1304,0.15956499555613846,1.0455600131535903,0.5225439963396639,84.44244100246578,1.8740479863481596
1305,0.163326010806486,1.0008649987867102,0.5243679916020483,82.35545198840555,4.126410000026226
1306,0.3878050047205761,1.0070810094475746,0.502958006109111,80.04210700164549,1.9345930049894378
1307,0.1697370025794953,1.0194600035902113,0.5307190003804862,85.65202300087549,1.8768109875964
1308,0.16502500511705875,0.9984119969885796,0.5224310007179156,97.71905599336606,4.0537500026402995
1309,0.39774000470060855,0.9814049990382046,0.49997400492429733,80.47412999439985,1.9208879966754466
1310,0.17297199519816786,0.993955007288605,0.5267079977784306,83.68205299484544,1.885345991468057
1311,0.16214800416491926,0.9614989976398647,0.5602080054813996,87.55991399812046,4.054475997691043
1312,0.38528999721165746,0.9816010133363307,0.5041039985371754,84.60073299647775,2.0990469929529354
1313,0.1665969903115183,0.9846449975157157,0.5212949909036979,88.80915000918321,1.9293060031486675
1314,0.1637130044400692,0.9267040004488081,0.5121130088809878,82.74553400406148,4.236751992721111
1315,0.3897760034305975,0.9776570077519864,0.4991430032532662,79.6423860010691,1.934252999490127
1316,0.1599160023033619,0.9876810072455555,0.5182089953450486,82.53348700236529,1.9380949961487204
1317,0.1686670002527535,0.9917550050886348,0.5273659917293116,86.52818600239698,4.294059006497264
1318,0.4450799897313118,0.9369890030939132,0.4968470020685345,82.54565400420688,4.113425995456055
1319,0.3772180061787367,0.9745980059960857,0.48051599878817797,87.06535000237636,1.942354007042013
1320,0.17102599667850882,0.9646489925216883,0.4932930023642257,84.06497800024226,4.276448002201505
1321,0.38071899325586855,0.9344940044684336,0.5154209939064458,80.10886100237258,4.370131995528936
1322,0.46000699512660503,0.9828260081121698,0.5403049872256815,86.95201801310759,1.9028730021091178
1323,0.17092499183490872,0.9440169960726053,0.5077259993413463,82.54227800352965,4.205231991363689
1324,0.3917399881174788,0.9427460026927292,0.5083790019853041,81.37196699681226,4.111900998395868
1325,0.40581000212114304,0.9648569975979626,0.5191949894651771,83.37271699565463,2.0565860031638294
1326,0.21764100529253483,1.0038300097221509,0.5012190085835755,84.01676699577365,3.7808779889019206
1327,0.3691360034281388,0.9415160020580515,0.5052810010965914,83.52637999632861,3.7884170014876872
1328,0.3798300022026524,0.9784919966477901,0.5209579976508394,85.94342599099036,1.8434069934301078
1329,0.16947899712249637,0.9492190001765266,0.48434500058647245,82.20642601372674,3.900352996424772
1330,0.35562900302466005,0.949898996623233,0.5272139969747514,80.43178600200918,3.8380660116672516
1331,0.35639700945466757,0.9795219957595691,0.46942400513216853,82.78958399023395,1.8236559990327805
1332,0.15839299885556102,0.9970209939638153,0.532963007572107,83.1499109917786,4.003929992904887
1333,0.35946699790656567,0.9335859940620139,0.5304649967001751,79.14684001298156,3.840923003735952
1334,0.3568440006347373,1.0181920079048723,0.5314040026860312,87.08997200301383,1.7621750012040138
1335,0.15399100084323436,1.00488901080098,0.49803999718278646,83.43649799644481,3.9045150042511523
1336,0.3812569921137765,0.9371990017825738,0.5010019958717749,82.01211999403313,3.9358969952445477
1337,0.35825700615532696,1.0022950009442866,0.5302619974827394,84.35972599545494,1.8275869952049106
1338,0.15305700071621686,0.9648170089349151,0.531167010194622,82.16991600056645,3.9832679904066026
1339,0.3614230081439018,0.9365159930894151,0.4904630040982738,80.01364499796182,3.866860002744943
1340,0.3608130064094439,0.9765090071596205,0.5375710024964064,82.63452199753374,1.7984950100071728
1341,0.15254199388436973,0.9646580001572147,0.5035979993408546,83.24100699974224,3.9775499899405986
1342,0.3609470004448667,0.944856001297012,0.5509960028575733,79.29408099153079,3.9149980002548546
1343,0.35459999344311655,0.9633870067773387,0.5249289970379323,83.10904400423169,1.8003379955189303
1344,0.1564800040796399,0.9380680130561814,0.520278001204133,82.06521000829525,3.8320349995046854
1345,0.37470299866981804,0.9405750024598092,0.49046600179281086,78.16588100104127,3.963230992667377
1346,0.362891994882375,0.978579992079176,0.5329669947968796,85.55559400701895,1.8748860020423308
1347,0.24227699032053351,1.004049991024658,0.5007110012229532,94.304247002583,3.806089996942319
1348,0.3534829884301871,1.0006149968830869,0.4940750077366829,80.81714800209738,3.8390929985325783
1349,0.3726700088009238,1.1537360114743933,0.7326149934669957,87.9286479903385,3.699123000842519
1350,0.4034449957543984,0.9664950048318133,0.5957120010862127,80.02495499385986,3.768176000448875
1351,0.35217200638726354,0.9192930010613054,0.5155830003786832,79.65639598842245,3.7745840090792626
1352,0.36541301233228296,0.9800680127227679,0.6534500134875998,100.39715800667182,1.7489619931438938
1353,0.15375700604636222,0.9257689962396398,0.4845490038860589,79.31332099542487,3.797989003942348
1354,0.36060900310985744,0.9602780046407133,0.5119609995745122,79.75360099226236,3.816651995293796
1355,0.3539710014592856,0.9638320043450221,0.49592400318942964,84.04041700123344,1.8044390017166734
1356,0.1527270069345832,0.9554989956086501,0.5180339940125123,80.62926199636422,3.8512579922098666
1357,0.35163399297744036,0.9514190023764968,0.49504499475006014,80.41492899064906,3.7489529931917787
1358,0.3556500014383346,0.9804989967960864,0.5526490131160244,84.89620000182185,1.7768450052244589
1359,0.1517509954283014,0.94118200649973,0.5179529980523512,81.07412399840541,3.772591007873416
1360,0.355064999894239,0.9347650047857314,0.4984440020052716,78.60036600322928,3.7509630055865273
1361,0.36182500480208546,1.0629539901856333,0.4945130058331415,86.61864799796604,1.7098920070566237
1362,0.15331301256082952,0.9550730028422549,0.49350700282957405,86.98317800008226,4.778778995387256
1363,0.3998159954790026,0.9442779992241412,0.49794600636232644,84.40325100673363,1.747428992530331
1364,0.15367100422736257,0.9692660096334293,0.5012939946027473,84.9118039914174,3.6954310053260997
1365,0.36253599682822824,0.9578710014466196,0.49648901040200144,80.0515769951744,3.645828997832723
1366,0.3452829987509176,0.9458760032430291,0.5217180005274713,79.33958800276741,1.7848589923232794
1367,0.16662999405525625,1.0136769997188821,0.4954530013492331,89.89442299935035,3.864889993565157
1368,0.4197939997538924,1.0438050085213035,0.5124540039105341,82.32180899358355,3.6015640071127564
1369,0.3538669989211485,0.9364629950141534,0.49719099479261786,93.89659301086795,1.737682003295049
1370,0.1500429934822023,0.9540620085317641,0.5049260071245953,96.11028600193094,3.583868994610384
1371,0.36223200731910765,0.9493989928159863,0.5006639985367656,81.05123200220987,3.64445400191471
1372,0.35138599923811853,0.9584549989085644,0.5028510058764368,79.14219400845468,1.6826710052555427
1373,0.14750499394722283,1.0428690002299845,0.5044599965913221,86.50375899742357,3.567522013327107
1374,0.3524599887896329,0.949265988310799,0.537949992576614,82.01031900534872,3.556105002644472
1375,0.3560759942047298,0.9593709983164445,0.5160610016901046,79.99974698759615,1.7023809923557565
1376,0.14077400555834174,0.9671190055087209,0.5122340080561116,84.62568999675568,3.6123309982940555
1377,0.34865300403907895,0.9649560088291764,0.4902239888906479,97.94283800874837,3.5725269990507513
1378,0.33492399961687624,0.9541549952700734,0.5195169942453504,80.02835798833985,1.6978580097202212
1379,0.14507000742014498,0.9940669988282025,0.5455429927678779,82.08834899414796,1.6826119972392917
1380,0.7413940038532019,0.9491489909123629,0.5225979984970763,81.7139849968953,3.449904004810378
1381,0.3361449926160276,0.9243500098818913,0.48088601033668965,77.63343799160793,1.6495890013175085
1382,0.13888099056202918,0.993205001577735,0.5235559947323054,82.93255999160465,1.6164460103027523
1383,0.1384210045216605,1.144527006545104,0.516407992108725,79.70369899703655,3.461888001766056
1384,0.34674200287554413,0.9308180015068501,0.4830659891013056,84.39373300643638,1.6192190087167546
1385,0.13886799570173025,1.0204540012637153,0.5279559991322458,83.62991399189923,1.6140029911184683
1386,0.13956699694972485,0.9659979987191036,0.495183005114086,80.08620601322036,3.474298006040044
1387,0.3378219989826903,0.9368850005557761,0.5071280029369518,79.53989099769387,1.651987011427991
1388,0.13978399510961026,0.9733150072861463,0.4907989932689816,91.20590299426112,1.604204997420311
1389,0.140121002914384,0.9539609891362488,0.48083800356835127,81.03131399548147,3.504166001221165
1390,0.3317380032967776,0.9260090009775013,0.48424200213048607,79.12814200972207,1.5873340016696602
1391,0.14051799371372908,1.080265996279195,0.509742007125169,96.64275099930819,3.4894940035883337
1392,0.9427219920326024,0.9101899922825396,0.5138659907970577,89.45476099324878,3.3127670030808076
1393,0.32938600634224713,0.9059720032382756,0.5054200009908527,79.5326849911362,1.5800359979039058
1394,0.1309200015384704,0.9645480022300035,0.536011008080095,82.26890600053594,3.3261139906244352
1395,0.3150510019622743,0.9378760005347431,0.478575995657593,81.97453200409655,3.3978499996010214
1396,0.3342910058563575,0.9243259992217645,0.48902300477493554,79.82613501371816,1.569676009239629
1397,0.13836799189448357,1.2075269914930686,0.4821579932468012,82.36762699380051,3.3110759977716953
1398,0.3102409973507747,0.9449939971091226,0.5484499997692183,95.67252499982715,3.3259599877055734
1399,0.3167600079905242,0.9323109989054501,0.5641710013151169,90.48904498922639,1.6180249949684367
1400,0.1329079968854785,0.986225000815466,0.5700460023945197,96.40556199883576,3.225123989977874
1401,0.3143420035485178,0.9353310015285388,0.4885870002908632,80.54675899620634,3.3893420040840283
1402,0.32226300390902907,0.9097599977394566,0.49430099898017943,79.11255399812944,1.5756460052216426
1403,0.13769899669568986,1.0032849968411028,0.5046849983045831,83.90015999611933,3.355833003297448
1404,0.3173729928676039,0.9499430016148835,0.4967660061083734,79.19990998925641,3.3403770066797733
1405,0.3163350047543645,0.916628006962128,0.48213600530289114,77.62859000649769,1.5851350035518408
1406,0.13388399383984506,0.9919939911924303,0.5026090075261891,83.88566400390118,3.4462839976185933
1407,0.38816200685687363,0.9501220047241077,0.5053019995102659,80.19758100272156,3.1491779955103993
1408,0.3154079895466566,0.926752996747382,0.4716769908554852,77.36674099578522,1.560435994178988
1409,0.7870640110922977,0.9482960012974218,0.5515020020538941,86.50024099915754,2.961236998089589
1410,0.30298800265882164,0.9348260064143687,0.4797569999936968,76.93512299738359,3.066420991672203
1411,0.3090350073762238,0.9138309978879988,0.482125993585214,74.96285499655642,1.4277760055847466
1412,0.1304239995079115,0.9578369936207309,0.5069460021331906,83.29711201076861,2.994733993546106
1413,0.29658999119419605,0.9264669934054837,0.46527099038939923,80.52272400527727,3.0233319994295016
1414,0.2970299974549562,0.9020510042319074,0.45948399929329753,80.18229299341328,1.3841730105923489
1415,0.12750299356412143,0.9772740013431758,0.52090801182203,82.56324699323159,3.032277003512718
1416,0.3143960057059303,0.9749369928613305,0.48173598770517856,79.77814399055205,3.0701560026500374
1417,0.2938850084319711,0.9060969896381721,0.49399300769437104,78.09542400354985,1.44207599805668
1418,0.1339070004178211,0.932644004933536,0.498381006764248,81.85592599329539,3.0987359932623804
1419,0.312601012410596,0.9325340070063248,0.4873589932685718,77.96005900308955,3.052760992432013
1420,0.3054739936487749,0.9181719942716882,0.4677319957409054,78.2619870005874,1.4412839955184609
1421,0.1290540094487369,0.9345849975943565,0.47519100189674646,80.57320499210618,3.0302960076369345
1422,0.2903700078604743,0.923076004255563,0.46783199650235474,77.83658499829471,3.0676159949507564
1423,0.2948750043287873,0.9136419976130128,0.46882100286893547,76.33603899739683,1.411367004038766
1424,0.12209800479467958,0.943138002185151,0.49513399426359683,81.19055999850389,3.0098199931671843
1425,0.30776800122112036,0.9087899961741641,0.47660499694757164,79.6815599896945,2.975390001665801
1426,0.3188580012647435,0.8925730071496218,0.4997720097890124,78.06300799711607,1.4270939864218235
1427,0.13017799938097596,0.9503439941909164,0.49007699999492615,80.88199699705001,3.0176599975675344
1428,0.314299002639018,0.9467909985687584,0.4625100118573755,81.35658199898899,3.035399000509642
1429,0.32552299671806395,0.9134379943134263,0.4778880102094263,76.19913699454628,1.40662700869143
1430,0.1269899948965758,0.9388329926878214,0.47784899652469903,82.48472800187301,3.0485480092465878
1431,0.30527399212587625,0.906765999388881,0.4818540037376806,78.44497000041883,3.2200150017160922
1432,0.33647801319602877,0.9795439982553944,0.48453999625053257,77.49559498915914,1.3233100034995005
1433,0.12427399633452296,0.9369030012749135,0.483134004753083,89.24462599679828,2.8509680123534054
1434,0.29605699819512665,0.9529230010230094,0.49177499022334814,78.87681799184065,2.888634000555612
1435,0.32370300323236734,0.8959670085459948,0.4938179918099195,76.71707999543287,1.2499669974204153
1436,0.14338399341795594,0.9316869982285425,0.48775499453768134,81.33151500078384,2.6618229894666
1437,0.2624409971758723,0.8944159926613793,0.46867299533914775,82.98659599677194,2.6692690007621422
1438,0.2685710060177371,0.89425100304652,0.45858699013479054,78.44689999183174,1.256563002243638
1439,0.12905499897897243,0.9273790055885911,0.4933599993819371,83.09681600076146,2.6189950003754348
1440,0.25879200256895274,0.9188060066662729,0.45338300697039813,77.16274600534234,2.6830880087800324
1441,0.27504800527822226,0.9027670021168888,0.4585800052154809,77.32474600197747,1.2155180011177436
1442,0.11625999468378723,0.9165149967884645,0.4833959974348545,80.19133500056341,2.6327730010962114
1443,0.26116300432477146,0.9060729935299605,0.4803120100405067,79.02893000573386,2.6940370007650927
1444,0.27276000764686614,0.895026998477988,0.46217700582928956,78.87429599941242,1.2794520007446408
1445,0.11341999925207347,0.9572249982738867,0.49623800441622734,82.2012239950709,2.5879080058075488
1446,0.2648359950399026,0.9034519898705184,0.4667920002248138,78.79101499565877,2.590447009424679
1447,0.2595109981484711,0.9109590027946979,0.4569159937091172,339.5743619912537,1.2814060028176755
1448,0.11193199316039681,0.9408799960510805,0.4769790102727711,81.47748198825866,2.71528800658416
1449,0.3504000051179901,0.975647009909153,0.49776400555856526,82.03804699587636,2.496219996828586
1450,0.2706870000110939,0.8884569979272783,0.48335200699511915,77.70357700064778,1.2079070002073422
1451,0.11373599409125745,0.9138379973592237,0.49460999434813857,86.18651000142563,2.4945960030891
1452,0.2658340090420097,0.9317149961134419,0.4610559990396723,78.45646700297948,2.505188007489778
1453,0.27212999702896923,0.9273320029024035,0.47179299872368574,77.09783599420916,1.2076449929736555
1454,0.11498099775053561,0.9411860082764179,0.4662260034820065,80.35802000085823,2.4618280003778636
1455,0.24648199905641377,0.9097169968299568,0.47286099288612604,92.92310199816711,2.480506998836063
1456,0.2683289931155741,0.8567470067646354,0.45099700218997896,79.96118599839974,1.1810269934358075
1457,0.11982698924839497,0.9790259937290102,0.4644959990400821,83.33741500973701,2.415832001133822
1458,0.26079799863509834,0.9247590060112998,0.489263009512797,80.00656199874356,2.5111019931500778
1459,0.2485290024196729,0.919914004043676,0.4943859967170283,79.39802799955942,1.1769720003940165
1460,0.1132689940277487,0.9199420019285753,0.4826280055567622,81.97218000714201,2.451038992148824
1461,0.25632001052144915,0.9126999939326197,0.45207299990579486,79.35972200357355,2.4839109973981977
1462,0.24922299780882895,0.9037000127136707,0.45707100071012974,77.63246299873572,1.653627012274228
1463,0.15758899098727852,0.9067450009752065,0.4786549980053678,82.24922900262754,1.0985080007230863
1464,0.10801400640048087,0.8767069957684726,0.4409079992910847,91.14251800929196,2.368308007135056
1465,0.23638499260414392,0.9140530019067228,0.4737410054076463,78.16868599911686,1.122019995818846
1466,0.10639899119269103,0.9150410041911528,0.4807579971384257,79.92864001425914,1.1727079981938004
1467,0.10524298704694957,0.9013310045702383,0.4435050068423152,77.43924000533298,2.325572000700049
1468,0.24194798606913537,0.9380730043631047,0.47261199506465346,77.43243599543348,1.1155420070281252
1469,0.10780899901874363,0.9258690115530044,0.48562599113211036,82.95539900427684,1.1319680052110925
1470,0.11032000475097448,1.255052993656136,0.45254900760482997,80.7599219988333,2.470249994075857
1471,0.2844240079866722,0.9032539965119213,0.4522179951891303,82.66693400219083,1.047109006321989
1472,0.1065399992512539,0.9136680018855259,0.46219100477173924,79.21851499122567,1.041055002133362
1473,0.10863998613785952,0.9279919904656708,0.4730299988295883,78.89884599717334,2.190106999478303
1474,0.23258199507836252,0.8978039986686781,0.4670409980462864,77.58058900071774,1.220175006892532
1475,0.15497600543312728,0.6972900009714067,0.4560320085147396,67.38382698677015,1.183344007586129
1476,0.0960140023380518,0.6927450012881309,0.39953899977263063,67.19748499745037,1.851948007242754
1477,0.20981600391678512,0.7036900060484186,0.3945920034311712,67.78166099684313,0.7989030127646402
1478,0.08810599683783948,0.7381390023510903,0.4488720005610958,68.79811400722247,0.7969819998834282
1479,0.08532300125807524,0.7008039974607527,0.4170140018686652,65.04060099541675,1.8791320035234094
1480,0.21239199850242585,0.6753110064892098,0.4179869865765795,65.82324899500236,0.7997759967111051
1481,0.08224400517065078,0.7106639968696982,0.42919300904031843,70.70472599298228,0.7904890080681071
1482,0.08731799607630819,0.6997189921094105,0.3958790039177984,66.4711479912512,1.8249970016768202
1483,0.22478199389297515,0.7068400009302422,0.4227299941703677,65.23818499408662,0.8186290069716051
1484,0.0869350042194128,0.7135880005080253,0.4422029887791723,71.99159800074995,0.8049799944274127
1485,0.08228099613916129,0.7019240001682192,0.39836599898990244,68.85486000101082,1.834128997870721
1486,0.20400900393724442,0.6878299900563434,0.4038879997096956,65.00774298910983,0.7873139984440058
1487,0.08692100527696311,0.6807080062571913,0.4037869948660955,69.56638899282552,0.8086999878287315
1488,0.08773899753578007,0.6805469893151894,0.44451300345826894,66.73403400054667,1.8625369993969798
1489,0.2318099868716672,0.691032997565344,0.41944599070120603,68.64549600868486,0.7848039967939258
1490,0.09931900422088802,0.7010549888946116,0.4597509978339076,67.75706200278364,0.7919349882286042
1491,0.08511099440511316,0.6886430055601522,0.41517299541737884,66.26019300892949,1.895529989269562
1492,0.20421299268491566,0.6961329927435145,0.4045509995194152,82.05536799505353,0.7920969947008416
1493,0.083174993051216,0.7133189938031137,0.426448998041451,79.55678799771704,0.7963999960338697
1494,0.08797699410934001,0.7028270047158003,0.3916470013791695,65.17800700385123,1.8759850063361228
1495,0.21777999063488096,0.6912329990882427,0.4134600021643564,65.03353799053002,0.804422001237981
1496,0.08422599057666957,0.6986099906498566,0.40141500358004123,68.94603700493462,0.7980950031196699
1497,0.08390600851271302,0.6989370012888685,0.4235870001139119,73.2883180025965,1.8502489983802661
1498,0.205119009478949,0.7084620010573417,0.39620298775844276,68.07040300918743,0.8095829980447888
1499,0.08487599552609026,0.7059260096866637,0.4101899976376444,71.67200499679893,1.0825019999174401
1500,0.08548099140170962,0.7102719973772764,0.41737100400496274,66.08465900353622,1.8569489911897108
1501,0.24676999601069838,0.7252679934026673,0.4357990110293031,63.62635100958869,0.812261991086416
1502,0.08517799142282456,0.7011109992163256,0.4052780132042244,76.61879500665236,0.8054990030359477
1503,0.08259399328380823,0.7123980030883104,0.39758799539413303,65.63804000325035,1.8436980026308447
1504,0.22185799025464803,0.746168996556662,0.45338300697039813,64.24797500949353,0.8436720090685412
1505,0.08573099330533296,0.6931210082257167,0.4271100042387843,67.12189401150681,0.7950080034788698
1506,0.08435700146947056,0.719671996193938,0.42531600047368556,67.23247199261095,1.8419710104353726
1507,0.20325000514276326,0.7253890071297064,0.40328799514099956,65.17405100748874,0.9620249911677092
1508,0.08791899017523974,0.6968280067667365,0.43427701166365296,67.82492499041837,0.7851949922041968
1509,0.08374798926524818,0.6821160059189424,0.39511200156994164,65.00907699228264,1.8665809911908582
1510,0.2300000051036477,0.7121439994079992,0.4276919935364276,67.57434899918735,0.799788991571404
1511,0.08548099140170962,0.694528003805317,0.42091100476682186,70.56877799914218,0.7935760077089071
1512,0.09541999315842986,0.6793049979023635,0.4344909975770861,66.41371200385038,1.8945440097013488
1513,0.21024499437771738,0.6912499957252294,0.46265799028333277,64.21212499844842,0.8038519881665707
1514,0.09801099076867104,0.7176509971031919,0.3966649965150282,65.91179600218311,0.7967710116645321
1515,0.08515999070368707,0.7180750108091161,0.4594089987222105,65.68467699980829,1.8545179918874055
1516,0.20538200624287128,0.6803530122851953,0.4270920035196468,73.37779400404543,0.8071740012383088
1517,0.08275399159174412,0.7030389970168471,0.4312090022722259,68.52006299595814,0.8018840017030016
1518,0.08300799527205527,0.7041859935270622,0.3983429924119264,64.29271399974823,1.8594010034576058
1519,0.2085129963234067,0.7157910004025325,0.1768770016497001,71.00291000097059,0.7942289958009496
1520,0.08229199738707393,0.7016750023467466,0.3984239883720875,67.9373240127461,0.7964800024637952
1521,0.08690400863997638,0.7055320020299405,0.3973059938289225,66.09733500226866,1.8128999945474789
1522,0.20397199841681868,0.6981740007176995,0.17160600691568106,70.49129701044876,0.8030089957173914
1523,0.08247799996752292,0.703175988746807,0.4137940122745931,69.17235000582878,0.7890359993325546
1524,0.08683899068273604,0.6996570009505376,0.41594900540076196,65.94380301248748,1.8645779928192496
1525,0.22410499514080584,0.6929649971425533,0.18188699323218316,64.24320800579153,0.8042160043260083
1526,0.10535900946706533,0.7086149998940527,0.39729800482746214,65.668616007315,0.7925690006231889
1527,0.08911000622902066,0.6996919983066618,0.4262060101609677,65.18638899433427,1.8460860010236502
1528,0.2236440050182864,0.6792220083298162,0.1761129969963804,80.62105900899041,0.8463169942842796
1529,0.12777499796357006,0.6775559886591509,0.4179230018053204,69.76514900452457,0.7437280000885949
1530,0.08328100375365466,0.6838620029157028,0.3870979999192059,65.9691040054895,1.6829839878482744
1531,0.19970200082752854,0.7078490016283467,0.3972249978687614,64.22246000147425,0.771053004427813
1532,0.08630599768366665,0.6918969884281978,0.42663900239858776,66.55358900025021,0.7223410066217184
1533,0.08353400335181504,0.6935060082469136,0.384844999643974,65.56844399892725,1.743223998346366
1534,0.19789900397881866,0.7051819993648678,0.4132780013605952,66.12968999252189,0.7392409897875041
1535,0.0807590113254264,0.7108550053089857,0.4126169951632619,67.1578819892602,0.7322530000237748
1536,0.08066599548328668,0.7133720064302906,0.4514280008152127,65.98602099984419,1.706722003291361
1537,0.19168600556440651,0.6971080001676455,0.4011830023955554,63.13369399867952,0.7264329906320199
1538,0.07818700396455824,0.7081169896991923,0.4109430010430515,68.18524799018633,0.7544179970864207
1539,0.08191399683710188,0.6929259980097413,0.4375400021672249,64.44425300287548,1.806931002647616
1540,0.25183499383274466,0.7055699970806018,0.3993339923908934,66.0477330093272,0.7434970029862598
1541,0.08965999586507678,0.7113290048437193,0.40845200419425964,74.25226700433996,0.5897610099054873
1542,0.07319099677260965,0.6984799983911216,0.43616900802589953,67.07063299836591,1.3170210004318506
1543,0.1746219932101667,0.7047300023259595,0.43245599954389036,63.81916199461557,0.5859990051249042
1544,0.0745249999454245,0.6791380001232028,0.4958039935445413,67.99633399350569,0.5812120070913807
1545,0.07366300269495696,0.682680998579599,0.4096140037290752,66.62579800467938,1.3669269974343479
1546,0.1736779959173873,0.6846040050731972,0.3874349931720644,65.22921500436496,0.6065380002837628
1547,0.0725190038792789,0.7017360039753839,0.39440499676857144,68.98939999518916,0.5904910067329183
1548,0.07201799598988146,0.7235809898702428,0.404909995268099,65.07030400098301,1.3518740015570074
1549,0.1718359999358654,0.7121730013750494,0.419874006183818,76.21697399008553,1.3382710021687672
1550,0.17053699411917478,0.6935520068509504,0.39053300861269236,66.63437699899077,0.7035649905446917
1551,0.10459400073159486,0.7165589922806248,0.3945089993067086,66.51831899944227,1.1479950044304132
1552,0.18054500105790794,0.7057990005705506,0.40816499677021056,64.99166700814385,1.2103269982617348
1553,0.1633119973121211,0.6667599955108017,0.3946930082747713,67.9452149925055,0.5306320090312511
1554,0.06598800246138126,0.7108709978638217,0.4192360065644607,66.42661899968516,1.1445849959272891
1555,0.16311299987137318,0.7042030047159642,0.4006630042567849,67.63258499267977,1.1123229924123734
1556,0.15967800572980195,0.6937069993000478,0.39299299533013254,68.35153700376395,0.5204110057093203
1557,0.06865599425509572,0.6996809970587492,0.38322500768117607,86.09468799841125,1.1336619936628267
1558,0.1579060044605285,0.6976289878366515,0.4029459960293025,64.7403290058719,1.3545029942179099
1559,0.750013001379557,0.7518299971707165,0.39631400431971997,68.68937399121933,0.43865598854608834
1560,0.06563999340869486,0.7166220020735636,0.3815660020336509,65.42561900278088,0.971927001955919
1561,0.148974999319762,0.6644950044574216,0.4731520020868629,68.82354700064752,0.9523879998596385
1562,0.14601901057176292,0.6642799999099225,0.41497898928355426,80.17822699912358,0.443116994574666
1563,0.09415700333192945,0.7011760026216507,0.3808740002568811,63.187564999680035,0.9590910049155354
1564,0.1944899995578453,0.6903500034241006,0.42780199146363884,63.876083004288375,0.9199800115311518
1565,0.14763900253456086,0.6679459911538288,0.4122730024391785,68.17463898914866,0.45889700413681567
1566,0.061879996792413294,0.6554489955306053,0.383967999368906,69.002759992145,1.273024987312965
1567,0.18979099695570767,0.6866179901408032,0.39641700277570635,67.19692099431995,0.7086360128596425
1568,0.14253599510993809,0.6564340001204982,0.3800839913310483,69.03058699390385,0.3433899983065203
1569,0.0592740107094869,0.6783760036341846,0.37395300751086324,64.8804679949535,0.7237440004246309
1570,0.13939100608695298,0.670686989906244,0.4020420019514859,65.64259200240485,0.7591429894091561
1571,0.13487899559549987,0.6941040046513081,0.4502520023379475,67.00336199719459,0.3658009954961017
1572,0.06000199937261641,0.6861690053483471,0.3994449944002554,64.883558996371,0.7042749930405989
1573,0.13690600462723523,0.6788739992771298,0.3790399932768196,63.70305299060419,0.7271259964909405
1574,0.13337100972421467,0.7242819992825389,0.3783270076382905,67.3210920067504,0.36340500810183585
1575,0.059609010349959135,0.7294210081454366,0.3785070002777502,66.0452119918773,0.7397659937851131
1576,0.1412959973094985,0.7011790003161877,0.3956720029236749,66.85330400068779,0.7238739926833659
1577,0.13443500210996717,0.6605020025745034,0.38581600529141724,70.18488200264983,0.35881200165022165
1578,0.05803701060358435,0.685089995386079,0.37486701330635697,67.81553401378915,0.7195259968284518
1579,0.1377139997202903,0.6961809995118529,0.37435200647450984,67.2577669902239,0.7278840057551861
1580,0.1395639992551878,0.6802800053264946,0.3886829945258796,68.15849398844875,0.3437029954511672
1581,0.0571939890505746,1.1790260032285005,0.4036839964101091,65.95468099112622,0.7966760022100061
1582,0.13431601109914482,0.6863669987069443,0.40223999531008303,63.909517994034104,0.7556000055046752
1583,0.1554100017528981,0.6683129904558882,0.3867390041705221,65.97182000405155,0.3506619977997616
1584,0.05890699685551226,0.6654720054939389,0.38558799133170396,66.19945599231869,0.7298670097952709
1585,0.13430099352262914,0.6848049961263314,0.3930969978682697,69.67048600199632,0.7415089930873364
1586,0.13533800665754825,0.6985260115470737,0.4055860044900328,68.29448399366811,0.3571159904822707
1587,0.060430000303313136,0.6856719992356375,0.3725260030478239,64.46481400053017,0.6984680076129735
1588,0.13668600877281278,0.6600259948754683,0.38068200228735805,64.36277700413484,0.7244349981192499
1589,0.13453599240165204,0.6811229977756739,0.43063399789389223,67.36090999038424,0.3486689965939149
1590,0.057169003412127495,0.6839529960416257,0.3919500013580546,64.59290599741507,0.7663580036023632
1591,0.1376590080326423,0.7153909973567352,0.40713099588174373,65.21286998759024,0.7426389929605648
1592,0.1326569908997044,0.6527429941343144,0.3980000037699938,69.52520299819298,0.3511810064082965
1593,0.05691499973181635,0.6993599963607267,0.37423099274747074,65.7494740007678,0.7381609902950004
1594,0.1348549994872883,0.7072189910104498,0.4112599999643862,66.17074999667238,0.7391109975287691
1595,0.136455986648798,0.6562990020029247,0.3989289980381727,72.04999000532553,0.34375999530311674
1596,0.07389600796159357,0.7102699892129749,0.3924320044461638,66.20361999375746,0.7366939971689135
1597,0.13607500295620412,0.7375480054179206,0.40269400051329285,65.14085399976466,0.7165869901655242
1598,0.13538000348489732,0.6509859958896413,0.3873430105159059,67.88449700979982,0.34656199568416923
1599,0.05706699448637664,0.6616240134462714,0.4067940026288852,65.06032501056325,0.7407880038954318
1600,0.13618699449580163,0.6512180116260424,0.4081549996044487,66.33029899967369,0.7211789925349876
1601,0.14426700363401324,0.6696549971820787,0.3807260072790086,68.17228700674605,0.3446549962973222
1602,0.06669100548606366,0.6985110085224733,0.3772630007006228,67.35126199782826,0.7518560014432296
1603,0.15387599705718458,0.6639140046900138,0.18075600382871926,66.53974100481719,0.7427390082739294
1604,0.1331530074821785,0.6896260019857436,0.37608300044666976,68.19834701309446,0.3447079943725839
1605,0.057805009419098496,0.7000869954936206,0.3762540000025183,64.57556399982423,0.7660269911866635
1606,0.1584230049047619,0.6523529882542789,0.15559198800474405,91.57164700445719,0.34145600511692464
1607,0.05834299372509122,0.6587340030819178,0.3997009916929528,74.90784100082237,0.34811599471140653
1608,0.05812100425828248,0.6921500025782734,0.38120699173305184,66.86935300240293,0.7429710094584152
1609,0.13383099576458335,0.6893660029163584,0.41085100383497775,66.3031980075175,0.35016299807466567
1610,0.05780201172456145,0.6648420094279572,0.37826900370419025,68.53812100598589,0.3631029976531863
1611,0.057868994190357625,0.632163995760493,0.39173899858724326,81.55918199918233,0.7450139964930713
1612,0.13770500663667917,0.6639719940721989,0.39545299659948796,63.34176199743524,0.3431419900152832
1613,0.06004799797665328,0.6872550002299249,0.384844999643974,68.2799630012596,0.34542901266831905
1614,0.05841400707140565,0.7285959873115644,0.380399011191912,66.48813700303435,0.7472300057997927
1615,0.1527969870949164,0.6719719967804849,0.40568898839410394,64.64435000088997,0.3448920033406466
1616,0.06056700658518821,0.6636280013481155,0.4001720080850646,66.89944901154377,0.3400060086278245
1617,0.056990000302903354,0.6896160048199818,0.37155099562369287,65.65863599826116,0.7409649988403544
1618,0.13403499906416982,0.6393450021278113,0.39849799941293895,63.819889997830614,0.34423399483785033
1619,0.056913995649665594,0.6730299937771633,0.3932189865736291,67.19150599383283,0.34081201010849327
1620,0.05888199666514993,0.7193390047177672,0.3879470023093745,64.44276201364119,0.7730560027994215
1621,0.13445400691125542,0.6540430040331557,0.4041170031996444,64.85999500728212,0.3569429973140359
1622,0.05885900463908911,0.650720001431182,0.3831140056718141,71.15712099766824,0.347440000041388
1623,0.05849199078511447,0.6922600005054846,0.40181601070798934,67.49888599733822,0.7455320010194555
1624,0.13350299559533596,0.6820949929533526,0.3931039973394945,64.14351200510282,0.3673960018204525
1625,0.058559002354741096,0.6697290082229301,0.4309289943194017,67.87965999683365,0.3621179930632934
1626,0.05694199353456497,0.6762679986422881,0.42032300552818924,67.42181500885636,0.7305549952434376
1627,0.13553700409829617,0.6872719968669116,0.3744690038729459,63.767970001208596,0.347854002029635
1628,0.05927500023972243,0.6938410078873858,0.37919500027783215,70.20197600650135,0.36003999412059784
1629,0.05832100578118116,0.6436469993786886,0.4128809960093349,68.70681699365377,0.73125799826812
1630,0.15396700473502278,0.7102789968485013,0.40950799302663654,65.08890500117559,0.374384006136097
1631,0.06128198583610356,0.680725002894178,0.41452099685557187,69.29979599954095,0.34612699528224766
1632,0.059869998949579895,0.6884139875182882,0.39159700099844486,65.6961689965101,0.7091739971656352
1633,0.15310599701479077,0.6546170043293387,0.38554098864551634,63.573933992302045,0.34218600194435567
1634,0.07308900239877403,0.7012880087131634,0.44062100641895086,68.89012300234754,0.3541689948178828
1635,0.05855299241375178,0.6815790111431852,0.39937499968800694,65.49666699720547,0.7496390026062727
1636,0.13402500189840794,0.6543119961861521,0.40157300827559084,66.67983399529476,0.3452689998084679
1637,0.07900400669313967,0.6586520030396059,0.4042630025651306,68.76118099899031,0.34351900103501976
1638,0.05837299977429211,0.6961469916859642,0.43052500404883176,65.98792198929004,0.6993550050538033
1639,0.1356309949187562,0.6555540021508932,0.3773609932977706,65.72947799577378,0.3824729938060045
1640,0.2950490015791729,16.182866995222867,0.37909999082330614,76.22401599655859,0.28672898770309985
1641,0.056420001783408225,0.6494859990198165,0.38603700522799045,68.84396099485457,0.9933929977705702
