Batch Id,mlp_up_proj,mlp_up_proj_all_gather,mlp_activation,mlp_down_proj,mlp_down_proj_all_reduce,attn_pre_proj,attn_pre_proj_all_gather,attn_post_proj,attn_post_proj_all_reduce,attn_kv_cache_save,attn,attn_prefill,attn_decode,attn_rope,attn_input_reshape,attn_output_reshape,embed_linear,embed_all_reduce,lm_head_linear,lm_head_all_gather,input_layernorm,post_attention_layernorm,norm,add,nccl_send,nccl_recv
0,0.579,,0.04,0.3355,0.9904999999999999,0.41100000000000003,,0.1265,1.292,,,0.07783333333333332,,,0.0,0.0015000000000000002,,,,,0.021,0.0195,,,,
1,0.583,,0.0405,0.334,0.9610000000000001,0.40900000000000003,,0.126,1.2925,,,0.06291666666666666,0.024,,0.0,0.00125,,,,,0.02,0.02,,,,
2,0.582,,0.0405,0.335,0.9944999999999999,0.4045,,0.126,2.0045,,,0.075,0.042,,0.0,0.0015,,,,,0.0205,0.02,,,,
3,0.575,,0.0405,0.337,0.985,0.40850000000000003,,0.126,1.0075,,,0.09433333333333332,0.062,,0.0,0.0016666666666666668,,,,,0.02,0.0195,,,,
4,0.5700000000000001,,0.0405,0.336,1.06,0.41300000000000003,,0.127,1.3375000000000001,,,0.10016666666666667,0.0845,,0.0,0.0016666666666666668,,,,,0.021,0.0195,,,,
5,0.5695000000000001,,0.04,0.338,1.089,0.406,,0.1275,1.9000000000000001,,,0.23500000000000001,0.105,,0.0,0.002,,,,,0.02,0.019,,,,
6,0.5805,,0.0405,0.3395,0.9890000000000001,0.41300000000000003,,0.1275,1.1804999999999999,,,0.13316666666666668,0.108,,0.0,0.0016666666666666668,,,,,0.0205,0.019,,,,
7,0.5725,,0.0405,0.34,1.6925,0.41100000000000003,,0.128,1.333,,,0.08783333333333333,0.153,,0.0,0.0013333333333333333,,,,,0.02,0.019,,,,
8,0.581,,0.0405,0.3345,1.0035,0.4055,,0.1335,2.097,,,0.06116666666666666,0.1675,,0.0,0.00125,,,,,0.0205,0.019,,,,
9,0.575,,0.0405,0.339,1.1135,0.40850000000000003,,0.127,4.7605,,,0.07008333333333333,0.195,,0.0,0.0015,,,,,0.02,0.019,,,,
10,0.5740000000000001,,0.0405,0.3395,0.9735,0.41050000000000003,,0.129,1.2730000000000001,,,0.08700000000000001,0.226,,0.0,0.0016666666666666668,,,,,0.02,0.019,,,,
11,0.575,,0.0405,0.3385,0.9765000000000001,0.41350000000000003,,0.127,0.9655,,,0.238,0.2515,,0.0,0.002,,,,,0.02,0.019,,,,
12,0.5765,,0.0405,0.336,1.3745,0.4045,,0.128,0.954,,,0.16583333333333336,0.2565,,0.0,0.0016666666666666668,,,,,0.02,0.019,,,,
13,0.5725,,0.04,0.337,3.6195,0.40650000000000003,,0.1265,3.3680000000000003,,,0.22,0.3165,,0.0,0.002,,,,,0.02,0.019,,,,
14,0.5745,,0.0405,0.3365,1.0295,0.41100000000000003,,0.126,0.9895,,,0.322,0.3185,,0.0,0.002,,,,,0.02,0.019,,,,
15,0.5755,,0.0405,0.3365,1.073,0.41400000000000003,,0.1255,0.935,,,0.13133333333333333,0.3175,,0.0,0.0016666666666666668,,,,,0.02,0.019,,,,
16,0.575,,0.0405,0.3385,1.8245,0.41050000000000003,,0.1275,1.2755,,,0.309,0.3565,,0.0,0.002,,,,,0.02,0.019,,,,
17,0.5700000000000001,,0.0405,0.3365,1.0735000000000001,0.41200000000000003,,0.124,0.937,,,0.41100000000000003,0.356,,0.0,0.002,,,,,0.02,0.019,,,,
18,0.5675000000000001,,0.0405,0.337,1.141,0.41500000000000004,,0.126,0.9745,,,0.514,0.355,,0.0,0.002,,,,,0.02,0.019,,,,
19,0.5755,,0.0405,0.337,1.724,0.40750000000000003,,0.1275,1.212,,,0.19000000000000003,0.3565,,0.0,0.0016666666666666668,,,,,0.02,0.019,,,,
20,0.5690000000000001,,0.0405,0.338,1.318,0.40850000000000003,,0.1245,0.968,,,0.263,0.464,,0.0,0.002,,,,,0.0205,0.019,,,,
21,0.575,,0.0405,0.3385,1.5330000000000001,0.40800000000000003,,0.126,0.9735,,,0.07958333333333333,0.462,,0.0,0.00125,,,,,0.02,0.019,,,,
22,0.5745,,0.04,0.3365,6.710500000000001,0.41100000000000003,,0.1255,1.462,,,0.20650000000000002,0.511,,0.0,0.002,,,,,0.0205,0.019,,,,
23,0.5765,,0.0405,0.3375,0.9515,0.40900000000000003,,0.1245,1.319,,,0.07325000000000001,0.511,,0.0,0.0015,,,,,0.0205,0.019,,,,
24,0.5700000000000001,,0.0405,0.3375,1.1005,0.41500000000000004,,0.1245,0.9495,,,0.3015,0.534,,0.0,0.002,,,,,0.0205,0.019,,,,
25,0.5740000000000001,,0.0405,0.3395,2.0404999999999998,0.40800000000000003,,0.1255,1.6099999999999999,,,0.12016666666666666,0.534,,0.0,0.0016666666666666668,,,,,0.02,0.019,,,,
26,0.5705,,0.0405,0.3375,1.0005,0.41000000000000003,,0.1265,0.9445000000000001,,,0.3,0.5690000000000001,,0.0,0.002,,,,,0.02,0.019,,,,
27,0.5730000000000001,,0.0405,0.338,1.008,0.41050000000000003,,0.1255,1.0230000000000001,,,0.1445,0.5670000000000001,,0.0,0.0016666666666666668,,,,,0.02,0.019,,,,
28,0.5670000000000001,,0.04,0.3385,2.0345,0.40800000000000003,,0.1255,1.457,,,0.2655,0.613,,0.0,0.002,,,,,0.0205,0.019,,,,
29,0.584,,0.0405,0.337,0.9490000000000001,0.41100000000000003,,0.1275,1.465,,,0.0655,0.607,,0.0,0.00125,,,,,0.0205,0.019,,,,
30,0.5720000000000001,,0.0405,0.338,1.646,0.40800000000000003,,0.1275,1.2725,,,0.2445,0.6495,,0.0,0.002,,,,,0.0205,0.019,,,,
31,0.5720000000000001,,0.0405,0.3355,1.8325,0.40800000000000003,,0.1275,1.0365000000000002,,,0.342,0.649,,0.0,0.002,,,,,0.02,0.019,,,,
32,0.5745,,0.0405,0.339,2.148,0.40800000000000003,,0.1265,1.032,,,0.446,0.649,,0.0,0.002,,,,,0.02,0.019,,,,
33,0.5670000000000001,,0.0405,0.34,1.7825000000000002,0.41100000000000003,,0.127,1.33,,,0.17200000000000001,0.6505000000000001,,0.0,0.0016666666666666668,,,,,0.0205,0.019,,,,
34,0.5725,,0.0405,0.34,1.7415000000000003,0.40900000000000003,,0.124,1.0305,,,0.267,0.7075,,0.0,0.002,,,,,0.0205,0.019,,,,
35,0.5700000000000001,,0.04,0.339,1.8105000000000002,0.41000000000000003,,0.1255,0.9740000000000001,,,0.359,0.7075,,0.0,0.002,,,,,0.02,0.019,,,,
36,0.5745,,0.0405,0.3385,0.935,0.41200000000000003,,0.127,0.986,,,0.47400000000000003,0.7064999999999999,,0.0,0.002,,,,,0.0205,0.019,,,,
37,0.5735000000000001,,0.0405,0.337,5.6995000000000005,0.40650000000000003,,0.1245,1.228,,,0.18216666666666667,0.7104999999999999,,0.0,0.0016666666666666668,,,,,0.0205,0.019,,,,
38,0.5745,,0.0405,0.3385,1.5155,0.405,,0.127,1.3185,,,0.2655,0.778,,0.0,0.002,,,,,0.021,0.019,,,,
39,0.5715000000000001,,0.0405,0.34,2.8565,0.41200000000000003,,0.1255,1.2745,,,0.059833333333333336,0.774,,0.0,0.0010500000000000002,,,,,0.0205,0.019,,,,
40,0.575,,0.0405,0.338,0.9450000000000001,0.4145,,0.124,1.437,,,0.2545,0.8115000000000001,,0.0,0.002,,,,,0.0205,0.019,,,,
41,0.581,,0.0405,0.339,0.9745000000000001,0.41100000000000003,,0.1255,2.2555,,,0.08608333333333335,0.812,,0.0,0.0014500000000000001,,,,,0.02,0.019,,,,
42,0.5700000000000001,,0.0405,0.3385,1.065,0.40850000000000003,,0.126,1.8,,,0.23850000000000002,0.8485,,0.0,0.002,,,,,0.02,0.019,,,,
43,0.5720000000000001,,0.0405,0.3365,1.016,0.40750000000000003,,0.1245,1.3175000000000001,,,0.3385,0.8505,,0.0,0.002,,,,,0.0205,0.019,,,,
44,0.5755,,0.0405,0.336,1.0675000000000001,0.4105,,0.126,1.431,,,0.4425,0.851,,0.0,0.002,,,,,0.02,0.019,,,,
45,0.5710000000000001,,0.0405,0.3355,1.0575,0.41050000000000003,,0.126,1.8725,,,0.531,0.8494999999999999,,0.0,0.002,,,,,0.02,0.019,,,,
46,0.5725,,0.0405,0.34,1.699,0.40800000000000003,,0.124,1.072,,,0.14966666666666667,0.853,,0.0,0.0016666666666666668,,,,,0.0205,0.019,,,,
47,0.5725,,0.0405,0.3375,1.0125,0.40950000000000003,,0.1245,1.0475,,,0.11583333333333333,0.9175,,0.0,0.0016666666666666668,,,,,0.0205,0.019,,,,
48,0.5700000000000001,,0.0405,0.336,0.9460000000000001,0.40650000000000003,,0.124,1.009,,,0.306,0.932,,0.0,0.002,,,,,0.0205,0.019,,,,
49,0.5700000000000001,,0.04,0.339,1.121,0.41000000000000003,,0.1245,1.222,,,0.1728333333333333,0.934,,0.0,0.0016666666666666668,,,,,0.02,0.019,,,,
50,0.5735000000000001,,0.0405,0.3375,0.96,0.40800000000000003,,0.128,1.3195000000000001,,,0.23450000000000001,0.9795,,0.0,0.002,,,,,0.0205,0.019,,,,
51,0.5765,,0.0405,0.3385,0.958,0.40850000000000003,,0.1255,1.498,,,0.3435,0.9684999999999999,,0.0,0.002,,,,,0.02,0.019,,,,
52,0.571,,0.0405,0.337,1.0915000000000001,0.40800000000000003,,0.1245,1.3255,,,0.16233333333333333,0.9695,,0.0,0.0016666666666666668,,,,,0.0205,0.019,,,,
53,0.5700000000000001,,0.0405,0.3365,1.113,0.40700000000000003,,0.1265,0.9495,,,0.263,1.0155,,0.0,0.002,,,,,0.02,0.019,,,,
54,0.5760000000000001,,0.0405,0.3375,1.005,0.405,,0.1255,1.1105,,,0.13033333333333333,1.014,,0.0,0.0013333333333333333,,,,,0.02,0.019,,,,
55,0.577,,0.0405,0.338,1.9405000000000001,0.4105,,0.124,1.2235,,,0.06125,1.0514999999999999,,0.0,0.00125,,,,,0.0205,0.019,,,,
56,0.5735,,0.0405,0.3415,1.649,0.40950000000000003,,0.126,1.0795000000000001,,,0.28450000000000003,1.0645,,0.0,0.002,,,,,0.0205,0.019,,,,
57,0.5710000000000001,,0.0405,0.3375,1.322,0.41150000000000003,,0.1255,1.4275,,,0.389,1.0655000000000001,,0.0,0.002,,,,,0.02,0.019,,,,
58,0.577,,0.0405,0.3385,1.3025,0.40800000000000003,,0.125,6.5504999999999995,,,0.1845,1.0625,,0.0,0.0016666666666666668,,,,,0.02,0.019,,,,
59,0.5705,,0.0405,0.336,1.0270000000000001,0.405,,0.125,1.0485000000000002,,,0.245,1.1205,,0.0,0.002,,,,,0.02,0.019,,,,
60,0.5720000000000001,,0.0405,0.336,1.0115,0.406,,0.128,2.1185,,,0.11499999999999999,1.123,,0.0,0.0016666666666666668,,,,,0.02,0.019,,,,
61,0.5740000000000001,,0.0405,0.341,1.5870000000000002,0.404,,0.127,1.658,,,0.132,1.1480000000000001,,0.0,0.0016666666666666668,,,,,0.02,0.019,,,,
62,0.5800000000000001,,0.0405,0.3365,1.323,0.41000000000000003,,0.1265,1.102,,,0.07291666666666667,1.1775,,0.0,0.0015,,,,,0.021,0.019,,,,
63,0.5710000000000001,,0.0405,0.338,6.552,0.40950000000000003,,0.126,2.696,,,0.10816666666666667,1.1785,,0.0,0.0016666666666666668,,,,,0.0205,0.019,,,,
64,0.5835,,0.0405,0.338,1.0285,0.41100000000000003,,0.128,1.2605,,,0.06508333333333334,1.201,,0.0,0.00125,,,,,0.021,0.019,,,,
65,0.5745,,0.0405,0.338,1.036,0.406,,0.124,0.9515,,,0.20650000000000002,1.2400000000000002,,0.0,0.002,,,,,0.0205,0.019,,,,
66,0.5720000000000001,,0.0405,0.3385,1.4925,0.4045,,0.1275,2.687,,,0.3175,1.2355,,0.0,0.002,,,,,0.0205,0.019,,,,
67,0.5780000000000001,,0.0405,0.3385,1.431,0.41100000000000003,,0.1275,1.4809999999999999,,,0.1265,1.2325,,0.0,0.0015,,,,,0.02,0.019,,,,
68,0.5755000000000001,,0.0405,0.34,0.9480000000000001,0.4045,,0.1255,2.5140000000000002,,,0.08483333333333333,1.283,,0.0,0.0014166666666666668,,,,,0.0205,0.019,,,,
69,0.5710000000000001,,0.0405,0.341,1.2095,0.40800000000000003,,0.1245,2.984,,,0.2455,1.2959999999999998,,0.0,0.002,,,,,0.02,0.019,,,,
70,0.5710000000000001,,0.0405,0.3385,0.9855,0.40900000000000003,,0.1255,1.062,,,0.351,1.2955,,0.0,0.002,,,,,0.02,0.019,,,,
71,0.5760000000000001,,0.0405,0.3395,1.2455,0.41100000000000003,,0.1275,0.9695,,,0.4465,1.299,,0.0,0.002,,,,,0.02,0.019,,,,
72,0.5755,,0.0405,0.3385,1.166,0.406,,0.126,1.4365,,,0.547,1.294,,0.0,0.002,,,,,0.0205,0.019,,,,
73,0.5735,,0.0405,0.3375,1.1400000000000001,0.4035,,0.127,1.2375,,,0.1536666666666667,1.2965,,0.0,0.0016666666666666668,,,,,0.02,0.019,,,,
74,0.5755,,0.0405,0.3385,0.9730000000000001,0.41300000000000003,,0.126,0.9390000000000001,,,0.299,1.3785,,0.0,0.002,,,,,0.02,0.019,,,,
75,0.5695000000000001,,0.0405,0.336,2.281,0.41050000000000003,,0.1265,1.3665,,,0.403,1.3810000000000002,,0.0,0.002,,,,,0.02,0.019,,,,
76,0.5735,,0.0405,0.34,1.243,0.406,,0.125,1.1235,,,0.13483333333333333,1.3359999999999999,,0.0,0.0013333333333333333,,,,,0.02,0.019,,,,
77,0.5815,,0.0405,0.339,1.0925,0.40950000000000003,,0.1255,2.3195,,,0.059583333333333335,1.3905,,0.0,0.00125,,,,,0.0205,0.019,,,,
78,0.5710000000000001,,0.0405,0.3375,1.1515,0.41300000000000003,,0.125,1.2625,,,0.2265,1.4245,,0.0,0.002,,,,,0.02,0.019,,,,
79,0.5690000000000001,,0.0405,0.3395,0.9380000000000001,0.40650000000000003,,0.126,1.9175,,,0.3245,1.4205,,0.0,0.002,,,,,0.02,0.019,,,,
80,0.5705,,0.0405,0.3375,2.1875,0.40800000000000003,,0.127,5.488,,,0.427,1.4205,,0.0,0.002,,,,,0.0205,0.019,,,,
81,0.5730000000000001,,0.0405,0.3395,1.004,0.40800000000000003,,0.1235,1.101,,,0.535,1.4195,,0.0,0.002,,,,,0.02,0.019,,,,
82,0.5780000000000001,,0.0405,0.3385,3.484,0.40700000000000003,,0.1265,5.714500000000001,,,0.209,1.4255,,0.0,0.0016666666666666668,,,,,0.02,0.019,,,,
83,0.5745,,0.0405,0.3405,1.0565,0.405,,0.1265,1.0910000000000002,,,0.2515,1.495,,0.0,0.002,,,,,0.02,0.019,,,,
84,0.5730000000000001,,0.0385,0.337,2.435,0.41100000000000003,,0.1405,1.6975000000000002,,,0.08275,1.4955,,0.0,0.0015,,,,,0.02,0.019,,,,
85,0.138,,0.002,0.0665,2.4695,0.075,,0.025,4.9275,,,,1.472,,0.0,0.001,,,,,0.003,0.0025,,,,
86,0.138,,0.002,0.067,2.2445,0.075,,0.025,4.733,,,,1.4685000000000001,,0.0,0.001,,,,,0.003,0.0025,,,,
87,0.138,,0.002,0.0665,0.11000000000000001,0.075,,0.025,0.432,,,,1.477,,0.0,0.001,,,,,0.003,0.003,,,,
88,0.138,,0.002,0.0665,0.5,0.075,,0.025,2.715,,,,1.4755,,0.0,0.001,,,,,0.003,0.0025,,,,
89,0.138,,0.002,0.0665,0.304,0.075,,0.025,0.1505,,,,1.4785,,0.0,0.001,,,,,0.003,0.003,,,,
90,0.1375,,0.002,0.0665,0.482,0.075,,0.025,0.198,,,,1.4715,,0.0,0.001,,,,,0.003,0.003,,,,
91,0.138,,0.002,0.0665,0.5549999999999999,0.075,,0.025,0.548,,,,1.4745,,0.0,0.001,,,,,0.003,0.0025,,,,
92,0.138,,0.002,0.0665,0.20850000000000002,0.075,,0.025,0.18,,,,1.4745,,0.0,0.001,,,,,0.003,0.003,,,,
93,0.1385,,0.002,0.0665,0.11699999999999999,0.075,,0.025,0.16649999999999998,,,,1.4765000000000001,,0.0,0.001,,,,,0.003,0.003,,,,
94,0.138,,0.002,0.0665,0.688,0.075,,0.025,0.288,,,,1.4705,,0.0,0.001,,,,,0.003,0.003,,,,
95,0.1375,,0.002,0.0665,0.39799999999999996,0.0755,,0.025,0.2575,,,,1.4740000000000002,,0.0,0.001,,,,,0.003,0.003,,,,
96,0.138,,0.002,0.067,0.292,0.075,,0.025,0.21100000000000002,,,,1.4785,,0.0,0.001,,,,,0.003,0.003,,,,
97,0.138,,0.002,0.0665,0.566,0.075,,0.025,0.8275,,,,1.476,,0.0,0.001,,,,,0.003,0.003,,,,
98,0.138,,0.002,0.0665,0.774,0.075,,0.025,0.508,,,,1.4765000000000001,,0.0,0.001,,,,,0.003,0.003,,,,
99,0.138,,0.002,0.0665,0.354,0.075,,0.025,0.637,,,,1.4775,,0.0,0.001,,,,,0.003,0.003,,,,
100,0.5760000000000001,,0.0405,0.338,1.939,0.4165,,0.125,1.1920000000000002,,,0.09966666666666668,1.5085000000000002,,0.0,0.0016666666666666668,,,,,0.021,0.019,,,,
101,0.419,,0.014499999999999999,0.1845,1.2385,0.2795,,0.07,1.0625,,,0.04633333333333334,1.525,,0.0,0.0013333333333333333,,,,,0.013000000000000001,0.0125,,,,
102,0.138,,0.002,0.0665,0.352,0.075,,0.025,0.062,,,,1.473,,0.0,0.001,,,,,0.003,0.0025,,,,
103,0.1385,,0.002,0.0665,0.5405,0.075,,0.025,0.486,,,,1.4715,,0.0,0.001,,,,,0.003,0.002,,,,
104,0.138,,0.002,0.0665,0.1265,0.075,,0.025,0.3115,,,,1.475,,0.0,0.001,,,,,0.003,0.003,,,,
105,0.138,,0.002,0.0665,0.1955,0.075,,0.025,0.139,,,,1.476,,0.0,0.001,,,,,0.003,0.0025,,,,
106,0.138,,0.002,0.0665,0.538,0.075,,0.025,0.413,,,,1.4725000000000001,,0.0,0.001,,,,,0.003,0.003,,,,
107,0.138,,0.002,0.0665,1.622,0.075,,0.025,0.33,,,,1.477,,0.0,0.001,,,,,0.003,0.003,,,,
108,0.1385,,0.002,0.0665,0.18450000000000003,0.075,,0.025,0.305,,,,1.4745,,0.0,0.001,,,,,0.003,0.003,,,,
109,0.138,,0.002,0.0665,0.518,0.075,,0.025,0.3315,,,,1.472,,0.0,0.001,,,,,0.003,0.003,,,,
110,0.138,,0.002,0.0665,0.627,0.075,,0.025,0.5950000000000001,,,,1.4725000000000001,,0.0,0.001,,,,,0.003,0.0025,,,,
111,0.138,,0.002,0.0665,0.1545,0.075,,0.025,1.3025,,,,1.4769999999999999,,0.0,0.001,,,,,0.003,0.003,,,,
112,0.138,,0.002,0.0665,0.0775,0.075,,0.025,0.35500000000000004,,,,1.4745,,0.0,0.001,,,,,0.003,0.003,,,,
113,0.138,,0.002,0.0665,0.192,0.075,,0.025,0.6345000000000001,,,,1.4809999999999999,,0.0,0.001,,,,,0.003,0.003,,,,
114,0.1385,,0.002,0.0665,0.34199999999999997,0.075,,0.025,0.21100000000000002,,,,1.4795,,0.0,0.001,,,,,0.003,0.002,,,,
115,0.139,,0.002,0.0665,0.3495,0.075,,0.025,0.3665,,,,1.4775,,0.0,0.001,,,,,0.003,0.0025,,,,
116,0.1375,,0.002,0.0665,0.3715,0.075,,0.025,0.1605,,,,1.4775,,0.0,0.001,,,,,0.003,0.003,,,,
117,0.138,,0.002,0.0665,0.1885,0.075,,0.025,0.2445,,,,1.4785,,0.0,0.001,,,,,0.003,0.002,,,,
118,0.138,,0.002,0.0665,0.481,0.075,,0.025,0.6555000000000001,,,,1.48,,0.0,0.001,,,,,0.003,0.003,,,,
119,0.138,,0.002,0.0665,0.16699999999999998,0.075,,0.025,0.1095,,,,1.483,,0.0,0.001,,,,,0.003,0.0025,,,,
120,0.1375,,0.002,0.0665,0.2875,0.075,,0.025,0.14150000000000001,,,,1.4835,,0.0,0.001,,,,,0.003,0.003,,,,
121,0.1385,,0.002,0.0665,2.0945,0.075,,0.025,0.21450000000000002,,,,1.4855,,0.0,0.001,,,,,0.003,0.003,,,,
122,0.138,,0.002,0.0665,0.7320000000000001,0.075,,0.025,2.3045,,,,1.4849999999999999,,0.0,0.001,,,,,0.003,0.003,,,,
123,0.138,,0.002,0.0665,0.302,0.075,,0.025,0.5205000000000001,,,,1.4860000000000002,,0.0,0.001,,,,,0.003,0.003,,,,
124,0.138,,0.002,0.0665,1.0205,0.075,,0.025,0.23950000000000002,,,,1.4895,,0.0,0.001,,,,,0.003,0.003,,,,
125,0.138,,0.002,0.0665,0.579,0.075,,0.025,1.331,,,,1.4900000000000002,,0.0,0.001,,,,,0.003,0.003,,,,
126,0.1385,,0.002,0.0665,0.095,0.075,,0.025,0.178,,,,1.492,,0.0,0.001,,,,,0.003,0.0025,,,,
127,0.1375,,0.0025,0.0665,0.5245,0.075,,0.025,0.267,,,,1.4865,,0.0,0.001,,,,,0.003,0.003,,,,
128,0.138,,0.002,0.0665,2.524,0.075,,0.025,0.6050000000000001,,,,1.4889999999999999,,0.0,0.001,,,,,0.003,0.0025,,,,
129,0.1385,,0.002,0.0665,0.236,0.075,,0.025,2.4695,,,,1.4855,,0.0,0.001,,,,,0.003,0.003,,,,
130,0.138,,0.002,0.0665,0.6425000000000001,0.075,,0.025,0.6145,,,,1.4895,,0.0,0.001,,,,,0.003,0.003,,,,
131,0.1385,,0.002,0.067,0.2185,0.075,,0.025,0.1745,,,,1.491,,0.0,0.001,,,,,0.003,0.002,,,,
132,0.1385,,0.002,0.0665,0.18350000000000002,0.075,,0.025,0.4995,,,,1.495,,0.0,0.001,,,,,0.003,0.0025,,,,
133,0.138,,0.002,0.0665,0.638,0.075,,0.025,0.625,,,,1.492,,0.0,0.001,,,,,0.003,0.003,,,,
134,0.138,,0.002,0.0665,0.23700000000000002,0.075,,0.025,0.3785,,,,1.491,,0.0,0.001,,,,,0.003,0.003,,,,
135,0.138,,0.002,0.0665,0.1595,0.075,,0.025,0.4155,,,,1.495,,0.0,0.001,,,,,0.003,0.003,,,,
136,0.138,,0.002,0.0665,2.3415000000000004,0.075,,0.025,1.9780000000000002,,,,1.497,,0.0,0.001,,,,,0.003,0.003,,,,
137,0.138,,0.002,0.0665,0.095,0.075,,0.025,0.4445,,,,1.4929999999999999,,0.0,0.001,,,,,0.003,0.003,,,,
138,0.139,,0.002,0.067,2.0225,0.075,,0.025,4.156000000000001,,,,1.496,,0.0,0.001,,,,,0.003,0.0025,,,,
139,0.1385,,0.002,0.0665,0.152,0.075,,0.025,0.7465,,,,1.4985,,0.0,0.001,,,,,0.003,0.003,,,,
140,0.138,,0.002,0.0665,6.293,0.075,,0.025,0.33599999999999997,,,,1.4985,,0.0,0.001,,,,,0.003,0.003,,,,
141,0.138,,0.002,0.0665,0.2265,0.0755,,0.025,0.5875,,,,1.4955,,0.0,0.001,,,,,0.003,0.003,,,,
142,0.138,,0.002,0.066,0.1005,0.075,,0.025,2.3945000000000003,,,,1.4935,,0.0,0.001,,,,,0.003,0.003,,,,
143,0.138,,0.002,0.0665,0.523,0.075,,0.025,0.24050000000000002,,,,1.4995,,0.0,0.001,,,,,0.003,0.0025,,,,
144,0.138,,0.002,0.0665,1.339,0.075,,0.025,4.1145,,,,1.488,,0.0,0.001,,,,,0.003,0.003,,,,
145,0.1375,,0.002,0.0665,0.442,0.075,,0.025,0.6115,,,,1.4885000000000002,,0.0,0.001,,,,,0.003,0.003,,,,
146,0.1375,,0.002,0.0665,0.779,0.075,,0.025,0.269,,,,1.49,,0.0,0.001,,,,,0.003,0.003,,,,
147,0.1375,,0.002,0.0665,1.0815000000000001,0.075,,0.025,0.5915,,,,1.491,,0.0,0.001,,,,,0.003,0.0025,,,,
148,0.138,,0.002,0.0665,0.408,0.075,,0.025,1.5554999999999999,,,,1.495,,0.0,0.001,,,,,0.003,0.0025,,,,
149,0.138,,0.002,0.0665,0.495,0.075,,0.025,0.40349999999999997,,,,1.4875,,0.0,0.001,,,,,0.003,0.003,,,,
150,0.138,,0.002,0.0665,0.754,0.075,,0.025,0.6895,,,,1.4915,,0.0,0.001,,,,,0.003,0.0025,,,,
151,0.138,,0.002,0.0665,0.5695,0.075,,0.025,0.357,,,,1.4889999999999999,,0.0,0.001,,,,,0.003,0.003,,,,
152,0.138,,0.002,0.0665,0.6845,0.075,,0.025,0.4095,,,,1.488,,0.0,0.001,,,,,0.003,0.003,,,,
153,0.138,,0.002,0.0665,0.27,0.075,,0.025,0.684,,,,1.492,,0.0,0.001,,,,,0.003,0.003,,,,
154,0.1385,,0.002,0.0665,1.863,0.075,,0.025,2.473,,,,1.4925000000000002,,0.0,0.001,,,,,0.003,0.0025,,,,
155,0.138,,0.002,0.0665,0.46649999999999997,0.075,,0.025,0.8795,,,,1.4935,,0.0,0.001,,,,,0.003,0.003,,,,
156,0.138,,0.002,0.0665,0.301,0.075,,0.025,0.774,,,,1.4980000000000002,,0.0,0.001,,,,,0.003,0.003,,,,
157,0.138,,0.002,0.0665,1.7615,0.075,,0.025,0.138,,,,1.4969999999999999,,0.0,0.001,,,,,0.003,0.003,,,,
158,0.1375,,0.002,0.0665,2.2765,0.075,,0.025,8.003,,,,1.496,,0.0,0.001,,,,,0.003,0.003,,,,
159,0.1375,,0.002,0.0665,0.14400000000000002,0.075,,0.025,0.0915,,,,1.4975,,0.0,0.001,,,,,0.003,0.003,,,,
160,0.1375,,0.002,0.0665,1.5879999999999999,0.075,,0.025,2.6910000000000003,,,,1.4935,,0.0,0.001,,,,,0.003,0.0025,,,,
161,0.138,,0.002,0.0665,0.672,0.075,,0.025,0.9885,,,,1.4955,,0.0,0.001,,,,,0.003,0.003,,,,
162,0.138,,0.002,0.0665,0.1965,0.075,,0.025,0.0935,,,,1.497,,0.0,0.001,,,,,0.003,0.003,,,,
163,0.138,,0.002,0.0665,0.5155000000000001,0.075,,0.025,1.5919999999999999,,,,1.498,,0.0,0.001,,,,,0.003,0.003,,,,
164,0.138,,0.002,0.0665,0.8375,0.075,,0.025,0.8490000000000001,,,,1.5,,0.0,0.001,,,,,0.003,0.003,,,,
165,0.1375,,0.002,0.0665,0.21200000000000002,0.075,,0.025,0.3795,,,,1.496,,0.0,0.001,,,,,0.003,0.003,,,,
166,0.138,,0.002,0.0665,1.0915000000000001,0.075,,0.025,0.9025000000000001,,,,1.499,,0.0,0.001,,,,,0.003,0.003,,,,
167,0.138,,0.002,0.0665,5.3765,0.075,,0.025,3.43,,,,1.5015,,0.0,0.001,,,,,0.003,0.003,,,,
168,0.138,,0.002,0.0665,0.166,0.075,,0.025,0.22100000000000003,,,,1.5025,,0.0,0.001,,,,,0.003,0.003,,,,
169,0.138,,0.002,0.0665,2.3465000000000003,0.075,,0.025,1.3880000000000001,,,,1.499,,0.0,0.001,,,,,0.003,0.003,,,,
170,0.138,,0.002,0.0665,0.74,0.075,,0.025,0.18650000000000003,,,,1.4875,,0.0,0.001,,,,,0.003,0.0025,,,,
171,0.16,,0.005,0.078,0.36350000000000005,0.0995,,0.0335,0.35950000000000004,,,0.018000000000000002,1.4980000000000002,,0.0,0.001,,,,,0.005,0.005,,,,
172,0.1385,,0.002,0.0665,2.5820000000000003,0.075,,0.025,1.09,,,,1.478,,0.0,0.001,,,,,0.003,0.0025,,,,
173,0.138,,0.002,0.0665,0.3845,0.075,,0.025,0.10450000000000001,,,,1.4835,,0.0,0.001,,,,,0.003,0.0025,,,,
174,0.1395,,0.002,0.067,0.21650000000000003,0.075,,0.025,0.21400000000000002,,,,1.4775,,0.0,0.001,,,,,0.003,0.0025,,,,
175,0.1375,,0.002,0.0665,0.7805000000000001,0.075,,0.025,0.7655,,,,1.4775,,0.0,0.001,,,,,0.003,0.003,,,,
176,0.1385,,0.002,0.0665,3.6975000000000002,0.075,,0.025,1.065,,,,1.4845000000000002,,0.0,0.001,,,,,0.003,0.002,,,,
177,0.138,,0.002,0.0665,2.1295,0.075,,0.025,4.034,,,,1.486,,0.0,0.001,,,,,0.003,0.0025,,,,
178,0.1375,,0.002,0.0665,0.8505,0.075,,0.025,1.515,,,,1.4855,,0.0,0.001,,,,,0.003,0.003,,,,
179,0.1385,,0.002,0.0665,0.524,0.075,,0.025,0.8885000000000001,,,,1.4835,,0.0,0.001,,,,,0.003,0.0025,,,,
180,0.1385,,0.002,0.0665,0.1995,0.075,,0.025,0.8685,,,,1.485,,0.0,0.001,,,,,0.003,0.0025,,,,
181,0.139,,0.002,0.0665,0.6365000000000001,0.075,,0.025,0.783,,,,1.4885000000000002,,0.0,0.001,,,,,0.003,0.003,,,,
182,0.138,,0.002,0.0665,0.539,0.075,,0.025,0.759,,,,1.4849999999999999,,0.0,0.001,,,,,0.003,0.003,,,,
183,0.138,,0.002,0.0665,0.7335,0.075,,0.025,0.19,,,,1.489,,0.0,0.001,,,,,0.003,0.003,,,,
184,0.1385,,0.002,0.0665,0.7705,0.075,,0.025,0.2765,,,,1.491,,0.0,0.001,,,,,0.003,0.003,,,,
185,0.1385,,0.002,0.067,0.5065000000000001,0.075,,0.025,0.66,,,,1.488,,0.0,0.001,,,,,0.003,0.003,,,,
186,0.5894999999999999,,0.0405,0.337,0.997,0.41000000000000003,,0.1275,1.057,,,0.09000000000000001,1.5140000000000002,,0.0,0.0016666666666666668,,,,,0.0205,0.019,,,,
187,0.20950000000000002,,0.008,0.089,0.7434999999999999,0.1335,,0.0405,1.0335,,,0.0415,1.517,,0.0,0.001,,,,,0.008,0.007,,,,
188,0.138,,0.002,0.0665,0.244,0.075,,0.025,0.246,,,,1.4775,,0.0,0.001,,,,,0.003,0.0025,,,,
189,0.1375,,0.002,0.0665,3.608,0.075,,0.025,3.139,,,,1.4785,,0.0,0.001,,,,,0.003,0.003,,,,
190,0.138,,0.002,0.0665,0.876,0.075,,0.025,0.1975,,,,1.4745,,0.0,0.001,,,,,0.003,0.003,,,,
191,0.138,,0.002,0.0665,0.157,0.075,,0.025,0.5845,,,,1.477,,0.0,0.001,,,,,0.003,0.003,,,,
192,0.1375,,0.002,0.0665,0.1295,0.075,,0.025,0.097,,,,1.4780000000000002,,0.0,0.001,,,,,0.003,0.003,,,,
193,0.138,,0.002,0.0665,0.8345,0.075,,0.025,0.23399999999999999,,,,1.4755,,0.0,0.001,,,,,0.003,0.003,,,,
194,0.138,,0.002,0.0665,0.7785,0.075,,0.025,0.14200000000000002,,,,1.4805000000000001,,0.0,0.001,,,,,0.003,0.0025,,,,
195,0.582,,0.0405,0.337,3.634,0.41150000000000003,,0.1275,2.8825000000000003,,,0.199,1.532,,0.0,0.002,,,,,0.0205,0.019,,,,
196,0.17400000000000002,,0.006,0.093,0.522,0.109,,0.032,0.835,,,0.0625,1.4945,,0.0,0.001,,,,,0.006,0.006,,,,
197,0.138,,0.002,0.0665,0.27749999999999997,0.075,,0.025,0.1365,,,,1.484,,0.0,0.001,,,,,0.003,0.003,,,,
198,0.1375,,0.002,0.0665,1.699,0.075,,0.025,0.3165,,,,1.4845000000000002,,0.0,0.001,,,,,0.003,0.003,,,,
199,0.138,,0.002,0.0665,0.305,0.075,,0.025,0.6880000000000001,,,,1.4835,,0.0,0.001,,,,,0.003,0.0025,,,,
200,0.137,,0.002,0.0665,0.6465,0.075,,0.025,0.783,,,,1.4865,,0.0,0.001,,,,,0.003,0.003,,,,
201,0.1375,,0.002,0.0665,0.498,0.0755,,0.025,0.14750000000000002,,,,1.4875,,0.0,0.001,,,,,0.003,0.003,,,,
202,0.138,,0.002,0.0665,0.3725,0.075,,0.025,3.597,,,,1.477,,0.0,0.001,,,,,0.003,0.0025,,,,
203,0.1375,,0.002,0.0665,0.5085000000000001,0.075,,0.025,0.8725,,,,1.4755,,0.0,0.001,,,,,0.003,0.003,,,,
204,0.138,,0.002,0.0665,0.1195,0.075,,0.025,0.1155,,,,1.4745,,0.0,0.001,,,,,0.003,0.003,,,,
205,0.138,,0.002,0.0665,0.773,0.075,,0.025,1.1780000000000002,,,,1.4755,,0.0,0.001,,,,,0.003,0.003,,,,
206,0.138,,0.002,0.0665,0.369,0.075,,0.025,1.1460000000000001,,,,1.476,,0.0,0.001,,,,,0.003,0.003,,,,
207,0.138,,0.002,0.0665,0.136,0.075,,0.025,0.368,,,,1.4765000000000001,,0.0,0.001,,,,,0.003,0.003,,,,
208,0.138,,0.002,0.0665,3.4560000000000004,0.075,,0.025,0.8855000000000001,,,,1.48,,0.0,0.001,,,,,0.003,0.0025,,,,
209,0.138,,0.002,0.0665,0.9225000000000001,0.075,,0.025,1.391,,,,1.4775,,0.0,0.001,,,,,0.003,0.003,,,,
210,0.139,,0.002,0.0665,0.473,0.075,,0.025,2.0485,,,,1.4795,,0.0,0.001,,,,,0.003,0.003,,,,
211,0.138,,0.002,0.0675,0.1205,0.075,,0.025,0.8115,,,,1.4805000000000001,,0.0,0.001,,,,,0.003,0.003,,,,
212,0.138,,0.002,0.0665,0.781,0.075,,0.025,1.202,,,,1.483,,0.0,0.001,,,,,0.003,0.003,,,,
213,0.138,,0.002,0.0665,0.323,0.075,,0.025,0.3115,,,,1.4820000000000002,,0.0,0.001,,,,,0.003,0.003,,,,
214,0.138,,0.002,0.067,0.22249999999999998,0.075,,0.025,0.615,,,,1.4815,,0.0,0.001,,,,,0.003,0.003,,,,
215,0.1375,,0.002,0.0665,0.6125,0.075,,0.025,1.4075000000000002,,,,1.4820000000000002,,0.0,0.001,,,,,0.003,0.0025,,,,
216,0.138,,0.002,0.0665,0.1985,0.075,,0.025,0.4715,,,,1.4820000000000002,,0.0,0.001,,,,,0.003,0.0025,,,,
217,0.138,,0.002,0.0665,6.6815,0.075,,0.025,1.132,,,,1.476,,0.0,0.001,,,,,0.003,0.0025,,,,
218,0.138,,0.002,0.0665,0.55,0.075,,0.025,1.0514999999999999,,,,1.4815,,0.0,0.001,,,,,0.003,0.003,,,,
219,0.1375,,0.002,0.0665,0.1525,0.075,,0.025,0.17700000000000002,,,,1.477,,0.0,0.001,,,,,0.003,0.0025,,,,
220,0.138,,0.002,0.066,0.156,0.0745,,0.025,0.14250000000000002,,,,1.479,,0.0,0.001,,,,,0.003,0.0025,,,,
221,0.138,,0.002,0.0665,0.6375000000000001,0.075,,0.025,1.1535,,,,1.4855,,0.0,0.001,,,,,0.003,0.0025,,,,
222,0.138,,0.002,0.0665,0.453,0.075,,0.025,0.495,,,,1.4865,,0.0,0.001,,,,,0.003,0.0025,,,,
223,0.1375,,0.002,0.0665,0.3135,0.075,,0.025,1.3345,,,,1.491,,0.0,0.001,,,,,0.003,0.003,,,,
224,0.138,,0.002,0.0665,0.8035,0.075,,0.025,1.4165,,,,1.484,,0.0,0.001,,,,,0.003,0.003,,,,
225,0.138,,0.002,0.0665,0.288,0.075,,0.025,0.22999999999999998,,,,1.4835,,0.0,0.001,,,,,0.003,0.0025,,,,
226,0.1385,,0.002,0.067,0.2865,0.075,,0.025,0.4805,,,,1.4835,,0.0,0.001,,,,,0.003,0.003,,,,
227,0.138,,0.002,0.0665,0.382,0.075,,0.025,3.4385000000000003,,,,1.4855,,0.0,0.001,,,,,0.003,0.003,,,,
228,0.1385,,0.002,0.0665,0.1295,0.075,,0.025,0.3235,,,,1.482,,0.0,0.001,,,,,0.003,0.003,,,,
229,0.138,,0.002,0.0665,0.3455,0.075,,0.025,1.355,,,,1.488,,0.0,0.001,,,,,0.003,0.003,,,,
230,0.138,,0.002,0.0665,0.889,0.075,,0.025,1.2805,,,,1.4855,,0.0,0.001,,,,,0.003,0.0025,,,,
231,0.1385,,0.002,0.0665,0.7080000000000001,0.075,,0.025,0.2485,,,,1.488,,0.0,0.001,,,,,0.003,0.003,,,,
232,0.138,,0.002,0.0665,0.425,0.075,,0.025,1.1885000000000001,,,,1.491,,0.0,0.001,,,,,0.003,0.003,,,,
233,0.138,,0.002,0.0665,0.6755000000000001,0.075,,0.025,1.4775,,,,1.4905,,0.0,0.001,,,,,0.003,0.003,,,,
234,0.138,,0.002,0.0665,0.14350000000000002,0.075,,0.025,0.258,,,,1.486,,0.0,0.001,,,,,0.003,0.0025,,,,
235,0.1375,,0.002,0.0665,2.3615,0.075,,0.025,0.815,,,,1.4889999999999999,,0.0,0.001,,,,,0.003,0.0025,,,,
236,0.138,,0.002,0.0665,0.3305,0.075,,0.025,0.6495,,,,1.4905,,0.0,0.001,,,,,0.003,0.0025,,,,
237,0.138,,0.002,0.0665,0.119,0.075,,0.025,0.0975,,,,1.4875,,0.0,0.001,,,,,0.003,0.003,,,,
238,0.1385,,0.002,0.066,0.4915,0.075,,0.025,0.663,,,,1.4905,,0.0,0.001,,,,,0.003,0.0025,,,,
239,0.1385,,0.002,0.0665,0.416,0.075,,0.025,0.757,,,,1.4905,,0.0,0.001,,,,,0.003,0.003,,,,
240,0.138,,0.002,0.0665,0.20750000000000002,0.075,,0.025,0.7030000000000001,,,,1.493,,0.0,0.001,,,,,0.003,0.0025,,,,
241,0.138,,0.0025,0.0665,4.9605,0.075,,0.025,1.3875,,,,1.497,,0.0,0.001,,,,,0.003,0.003,,,,
242,0.138,,0.002,0.0665,0.40199999999999997,0.075,,0.025,1.21,,,,1.4945,,0.0,0.001,,,,,0.003,0.003,,,,
243,0.1385,,0.002,0.0665,0.1315,0.075,,0.025,0.1005,,,,1.491,,0.0,0.001,,,,,0.003,0.003,,,,
244,0.138,,0.002,0.0665,1.961,0.075,,0.025,2.6855,,,,1.499,,0.0,0.001,,,,,0.003,0.003,,,,
245,0.138,,0.002,0.0665,0.4315,0.075,,0.025,1.3625,,,,1.4975,,0.0,0.001,,,,,0.003,0.002,,,,
246,0.138,,0.002,0.0665,0.21150000000000002,0.075,,0.025,0.4065,,,,1.4955,,0.0,0.001,,,,,0.003,0.003,,,,
247,0.1385,,0.002,0.0665,0.5559999999999999,0.075,,0.025,0.6859999999999999,,,,1.4955,,0.0,0.001,,,,,0.003,0.0025,,,,
248,0.138,,0.002,0.066,0.1945,0.075,,0.025,1.0670000000000002,,,,1.496,,0.0,0.001,,,,,0.003,0.003,,,,
249,0.138,,0.002,0.0665,0.122,0.075,,0.025,0.6155,,,,1.4820000000000002,,0.0,0.001,,,,,0.003,0.0025,,,,
250,0.138,,0.002,0.0665,0.2575,0.075,,0.025,0.22499999999999998,,,,1.4809999999999999,,0.0,0.001,,,,,0.003,0.003,,,,
251,0.138,,0.002,0.0665,0.1565,0.075,,0.025,0.364,,,,1.4835,,0.0,0.001,,,,,0.003,0.002,,,,
252,0.138,,0.002,0.0665,0.1315,0.075,,0.025,0.1525,,,,1.483,,0.0,0.001,,,,,0.003,0.003,,,,
253,0.138,,0.002,0.0665,0.648,0.075,,0.025,0.2565,,,,1.4860000000000002,,0.0,0.001,,,,,0.003,0.003,,,,
254,0.138,,0.002,0.0665,0.107,0.075,,0.025,2.3425,,,,1.4809999999999999,,0.0,0.001,,,,,0.003,0.0025,,,,
255,0.1375,,0.002,0.0665,0.1965,0.075,,0.025,0.16699999999999998,,,,1.4825,,0.0,0.001,,,,,0.003,0.0025,,,,
256,0.138,,0.002,0.0665,0.734,0.075,,0.025,0.4315,,,,1.4825,,0.0,0.001,,,,,0.003,0.0025,,,,
257,0.138,,0.002,0.0665,1.8840000000000001,0.075,,0.025,0.9125,,,,1.4875,,0.0,0.001,,,,,0.003,0.0025,,,,
258,0.138,,0.002,0.0665,0.354,0.075,,0.025,2.0225,,,,1.4825,,0.0,0.001,,,,,0.003,0.003,,,,
259,0.138,,0.0025,0.0665,0.1135,0.075,,0.025,0.193,,,,1.484,,0.0,0.001,,,,,0.003,0.003,,,,
260,0.138,,0.002,0.0665,0.199,0.075,,0.025,0.33699999999999997,,,,1.4889999999999999,,0.0,0.001,,,,,0.003,0.0025,,,,
261,0.1385,,0.002,0.0665,0.2795,0.075,,0.025,0.1165,,,,1.4889999999999999,,0.0,0.001,,,,,0.003,0.003,,,,
262,0.138,,0.002,0.0665,0.3295,0.075,,0.025,0.7245,,,,1.4900000000000002,,0.0,0.001,,,,,0.003,0.0025,,,,
263,0.138,,0.002,0.0665,0.124,0.075,,0.025,1.9715,,,,1.489,,0.0,0.001,,,,,0.003,0.003,,,,
264,0.138,,0.002,0.0665,0.1315,0.075,,0.025,0.1005,,,,1.4875,,0.0,0.001,,,,,0.003,0.003,,,,
265,0.138,,0.002,0.0665,0.3635,0.075,,0.025,1.0405,,,,1.4895,,0.0,0.001,,,,,0.003,0.003,,,,
266,0.1385,,0.002,0.0665,0.9785,0.075,,0.025,0.18550000000000003,,,,1.4885000000000002,,0.0,0.001,,,,,0.003,0.0025,,,,
267,0.138,,0.002,0.0665,0.3145,0.075,,0.025,2.4615,,,,1.4900000000000002,,0.0,0.001,,,,,0.003,0.0025,,,,
268,0.138,,0.002,0.067,0.569,0.075,,0.025,0.9375000000000001,,,,1.475,,0.0,0.001,,,,,0.003,0.002,,,,
269,0.138,,0.002,0.0665,0.3865,0.075,,0.025,1.2095,,,,1.4705,,0.0,0.001,,,,,0.003,0.0025,,,,
270,0.138,,0.002,0.0665,0.1505,0.075,,0.025,0.21900000000000003,,,,1.4705,,0.0,0.001,,,,,0.003,0.0025,,,,
271,0.5785,,0.0405,0.339,1.184,0.41050000000000003,,0.1275,1.7115,,,0.196,1.5255,,0.0,0.002,,,,,0.02,0.019,,,,
272,0.17200000000000001,,0.006500000000000001,0.0935,0.515,0.1095,,0.033,1.2165000000000001,,,0.0635,1.4905,,0.0,0.001,,,,,0.006,0.006,,,,
273,0.575,,0.0405,0.336,1.5195,0.41300000000000003,,0.125,1.2035,,,0.1965,1.5345,,0.0,0.002,,,,,0.02,0.019,,,,
274,0.1715,,0.006,0.0935,0.432,0.1065,,0.032,1.2520000000000002,,,0.03383333333333333,1.5,,0.0,0.001,,,,,0.006,0.006,,,,
275,0.138,,0.002,0.0665,0.35100000000000003,0.075,,0.025,1.362,,,,1.483,,0.0,0.001,,,,,0.003,0.003,,,,
276,0.138,,0.002,0.0665,0.2535,0.075,,0.025,0.236,,,,1.486,,0.0,0.001,,,,,0.003,0.003,,,,
277,0.138,,0.002,0.0665,0.672,0.075,,0.025,1.098,,,,1.4849999999999999,,0.0,0.001,,,,,0.003,0.0025,,,,
278,0.138,,0.002,0.0665,0.17350000000000002,0.075,,0.025,0.615,,,,1.4860000000000002,,0.0,0.001,,,,,0.003,0.003,,,,
279,0.138,,0.002,0.0665,0.10950000000000001,0.075,,0.025,0.1985,,,,1.485,,0.0,0.001,,,,,0.003,0.003,,,,
280,0.138,,0.002,0.0665,4.055,0.075,,0.025,3.4505,,,,1.4889999999999999,,0.0,0.001,,,,,0.003,0.002,,,,
281,0.138,,0.002,0.0665,2.5260000000000002,0.075,,0.025,5.4350000000000005,,,,1.4860000000000002,,0.0,0.001,,,,,0.003,0.003,,,,
282,0.138,,0.002,0.0665,0.22049999999999997,0.075,,0.025,0.2795,,,,1.492,,0.0,0.001,,,,,0.003,0.0025,,,,
283,0.1385,,0.002,0.0665,2.803,0.075,,0.025,3.7165,,,,1.491,,0.0,0.001,,,,,0.003,0.003,,,,
284,0.1385,,0.002,0.0665,0.415,0.075,,0.025,1.2565000000000002,,,,1.4905,,0.0,0.001,,,,,0.003,0.0025,,,,
285,0.138,,0.002,0.0665,0.1355,0.075,,0.025,0.14300000000000002,,,,1.488,,0.0,0.001,,,,,0.003,0.003,,,,
286,0.138,,0.002,0.0665,3.944,0.075,,0.025,1.0595,,,,1.4860000000000002,,0.0,0.001,,,,,0.003,0.0025,,,,
287,0.138,,0.002,0.0665,2.2595,0.075,,0.025,4.161,,,,1.4895,,0.0,0.001,,,,,0.003,0.0025,,,,
288,0.1385,,0.002,0.0665,0.1385,0.075,,0.025,0.4545,,,,1.4935,,0.0,0.001,,,,,0.003,0.003,,,,
289,0.1385,,0.002,0.0665,0.64,0.075,,0.025,1.041,,,,1.4935,,0.0,0.001,,,,,0.003,0.002,,,,
290,0.5774999999999999,,0.0405,0.3395,1.2035,0.41450000000000004,,0.1255,2.1385,,,0.1975,1.4855,,0.0,0.002,,,,,0.02,0.019,,,,
291,0.5765,,0.0405,0.3375,1.0990000000000002,0.41200000000000003,,0.1265,1.1215,,,0.3145,1.489,,0.0,0.002,,,,,0.02,0.019,,,,
292,0.561,,0.026500000000000003,0.271,1.1115,0.28450000000000003,,0.122,0.8385,,,0.343,1.487,,0.0,0.002,,,,,0.018000000000000002,0.017,,,,
293,0.1375,,0.002,0.0665,0.261,0.075,,0.025,0.5655,,,,1.475,,0.0,0.001,,,,,0.003,0.0025,,,,
294,0.138,,0.002,0.0665,0.10750000000000001,0.075,,0.025,0.1945,,,,1.4745,,0.0,0.001,,,,,0.003,0.003,,,,
295,0.138,,0.002,0.0665,0.9640000000000001,0.075,,0.025,0.5015000000000001,,,,1.4765000000000001,,0.0,0.001,,,,,0.003,0.0025,,,,
296,0.138,,0.002,0.0665,0.161,0.075,,0.025,0.6445000000000001,,,,1.477,,0.0,0.001,,,,,0.003,0.0025,,,,
297,0.1395,,0.002,0.0665,0.1215,0.075,,0.025,1.9025,,,,1.477,,0.0,0.001,,,,,0.003,0.0025,,,,
298,0.581,,0.0405,0.3365,1.772,0.41400000000000003,,0.125,1.483,,,0.198,1.5185,,0.0,0.002,,,,,0.0205,0.019,,,,
299,0.2965,,0.010499999999999999,0.1525,0.6085,0.201,,0.0615,0.7595000000000001,,,0.1255,1.5090000000000001,,0.0,0.0015000000000000002,,,,,0.01,0.01,,,,
300,0.1385,,0.002,0.0665,0.242,0.075,,0.025,1.9875,,,,1.4735,,0.0,0.001,,,,,0.003,0.003,,,,
301,0.1385,,0.002,0.0665,0.532,0.075,,0.025,0.5275,,,,1.4809999999999999,,0.0,0.001,,,,,0.003,0.002,,,,
302,0.138,,0.002,0.0665,0.369,0.0755,,0.025,1.2550000000000001,,,,1.482,,0.0,0.001,,,,,0.003,0.003,,,,
303,0.138,,0.002,0.0665,0.253,0.075,,0.025,0.46599999999999997,,,,1.476,,0.0,0.001,,,,,0.003,0.002,,,,
304,0.1385,,0.002,0.067,0.6335000000000001,0.075,,0.025,2.166,,,,1.4765000000000001,,0.0,0.001,,,,,0.003,0.003,,,,
305,0.138,,0.002,0.0665,0.4375,0.075,,0.025,3.1305,,,,1.4805000000000001,,0.0,0.001,,,,,0.003,0.0025,,,,
306,0.1385,,0.002,0.0665,0.1505,0.075,,0.025,0.4915,,,,1.4849999999999999,,0.0,0.001,,,,,0.003,0.003,,,,
307,0.138,,0.002,0.0665,0.17950000000000002,0.075,,0.025,0.3455,,,,1.4849999999999999,,0.0,0.001,,,,,0.003,0.0025,,,,
308,0.1385,,0.002,0.0665,0.487,0.075,,0.025,1.032,,,,1.4820000000000002,,0.0,0.001,,,,,0.003,0.003,,,,
309,0.138,,0.002,0.0665,1.8705,0.075,,0.025,2.8000000000000003,,,,1.4809999999999999,,0.0,0.001,,,,,0.003,0.003,,,,
310,0.5760000000000001,,0.0405,0.334,1.0430000000000001,0.41800000000000004,,0.125,1.3455,,,0.195,1.5095,,0.0,0.002,,,,,0.0205,0.019,,,,
311,0.5645,,0.033,0.3365,0.9135,0.40650000000000003,,0.1395,1.2495,,,0.2875,1.5005000000000002,,0.0,0.002,,,,,0.018500000000000003,0.018000000000000002,,,,
312,0.138,,0.002,0.0665,0.082,0.075,,0.025,0.0735,,,,1.4755,,0.0,0.001,,,,,0.003,0.002,,,,
313,0.1385,,0.002,0.0665,0.21600000000000003,0.075,,0.025,0.7875000000000001,,,,1.4685000000000001,,0.0,0.001,,,,,0.003,0.0025,,,,
314,0.1375,,0.002,0.0665,1.468,0.075,,0.025,0.6935,,,,1.4689999999999999,,0.0,0.001,,,,,0.003,0.003,,,,
315,0.1385,,0.002,0.0665,0.412,0.075,,0.025,0.68,,,,1.476,,0.0,0.001,,,,,0.003,0.003,,,,
316,0.138,,0.002,0.0665,0.46049999999999996,0.075,,0.025,0.8770000000000001,,,,1.4755,,0.0,0.001,,,,,0.003,0.003,,,,
317,0.138,,0.002,0.0665,0.756,0.075,,0.025,0.6805000000000001,,,,1.479,,0.0,0.001,,,,,0.003,0.003,,,,
318,0.138,,0.002,0.0665,4.0845,0.075,,0.025,0.965,,,,1.4775,,0.0,0.001,,,,,0.003,0.0025,,,,
319,0.138,,0.002,0.0665,0.324,0.075,,0.025,1.5125000000000002,,,,1.4705,,0.0,0.001,,,,,0.003,0.003,,,,
320,0.1375,,0.002,0.0665,0.137,0.075,,0.025,0.391,,,,1.4745,,0.0,0.001,,,,,0.003,0.003,,,,
321,0.1385,,0.002,0.067,0.20550000000000002,0.075,,0.025,0.22299999999999998,,,,1.4775,,0.0,0.001,,,,,0.003,0.003,,,,
322,0.138,,0.002,0.0665,0.7350000000000001,0.075,,0.025,1.04,,,,1.4745,,0.0,0.001,,,,,0.003,0.0025,,,,
323,0.138,,0.002,0.0665,0.18650000000000003,0.075,,0.025,0.376,,,,1.475,,0.0,0.001,,,,,0.003,0.0025,,,,
324,0.138,,0.002,0.0665,0.14,0.075,,0.025,0.127,,,,1.475,,0.0,0.001,,,,,0.003,0.0025,,,,
325,0.138,,0.002,0.067,0.4495,0.075,,0.025,1.017,,,,1.476,,0.0,0.001,,,,,0.003,0.0025,,,,
326,0.5825,,0.0405,0.338,1.7335000000000003,0.41100000000000003,,0.126,3.106,,,0.196,1.508,,0.0,0.002,,,,,0.0205,0.019,,,,
327,0.2805,,0.01,0.148,0.4805,0.1455,,0.076,2.05,,,0.111,1.5095,,0.0,0.001,,,,,0.009000000000000001,0.009000000000000001,,,,
328,0.138,,0.002,0.0665,0.35950000000000004,0.075,,0.025,1.1595,,,,1.468,,0.0,0.001,,,,,0.003,0.0025,,,,
329,0.1385,,0.002,0.0665,1.113,0.075,,0.025,1.051,,,,1.4605000000000001,,0.0,0.001,,,,,0.003,0.003,,,,
330,0.138,,0.002,0.0665,1.0635000000000001,0.075,,0.025,2.758,,,,1.468,,0.0,0.001,,,,,0.003,0.003,,,,
331,0.138,,0.002,0.0665,2.7535000000000003,0.075,,0.025,1.0435,,,,1.466,,0.0,0.001,,,,,0.003,0.003,,,,
332,0.5794999999999999,,0.0405,0.34,1.933,0.41400000000000003,,0.1275,1.4435,,,0.197,1.4895,,0.0,0.002,,,,,0.0205,0.019,,,,
333,0.573,,0.0405,0.3405,1.756,0.40750000000000003,,0.1255,2.414,,,0.3145,1.4445000000000001,,0.0,0.002,,,,,0.02,0.019,,,,
334,0.5745,,0.0405,0.339,1.0095,0.41000000000000003,,0.1245,1.245,,,0.41250000000000003,1.4455,,0.0,0.002,,,,,0.0205,0.019,,,,
335,0.577,,0.04,0.339,1.1875,0.41100000000000003,,0.127,1.961,,,0.17800000000000002,1.4460000000000002,,0.0,0.0013333333333333333,,,,,0.02,0.019,,,,
336,0.5765,,0.0405,0.336,1.541,0.41150000000000003,,0.128,0.96,,,0.247,1.516,,0.0,0.002,,,,,0.0205,0.019,,,,
337,0.5675000000000001,,0.034,0.338,1.5114999999999998,0.4035,,0.1405,10.733,,,0.313,1.504,,0.0,0.002,,,,,0.019,0.018000000000000002,,,,
338,0.138,,0.002,0.0665,0.216,0.075,,0.025,3.1530000000000005,,,,1.4820000000000002,,0.0,0.001,,,,,0.003,0.003,,,,
339,0.138,,0.002,0.0665,0.1385,0.075,,0.025,1.6370000000000002,,,,1.482,,0.0,0.001,,,,,0.003,0.0025,,,,
340,0.138,,0.002,0.0665,0.7095,0.075,,0.025,1.215,,,,1.4855,,0.0,0.001,,,,,0.003,0.0025,,,,
341,0.1375,,0.002,0.0665,0.49,0.075,,0.025,0.8315,,,,1.488,,0.0,0.001,,,,,0.003,0.003,,,,
342,0.138,,0.002,0.0665,0.15,0.075,,0.025,0.3595,,,,1.485,,0.0,0.001,,,,,0.003,0.0025,,,,
343,0.1385,,0.002,0.0665,0.4785,0.075,,0.025,0.5775,,,,1.4849999999999999,,0.0,0.001,,,,,0.003,0.003,,,,
344,0.138,,0.002,0.0665,0.2635,0.075,,0.025,2.2885000000000004,,,,1.4885000000000002,,0.0,0.001,,,,,0.003,0.003,,,,
345,0.139,,0.002,0.0665,4.3425,0.075,,0.025,2.361,,,,1.479,,0.0,0.001,,,,,0.003,0.003,,,,
346,0.138,,0.002,0.0665,0.9275,0.075,,0.025,1.2435,,,,1.4815,,0.0,0.001,,,,,0.003,0.003,,,,
347,0.138,,0.002,0.0665,0.4335,0.0755,,0.025,1.1195000000000002,,,,1.482,,0.0,0.001,,,,,0.003,0.0025,,,,
348,0.1385,,0.002,0.0665,0.21250000000000002,0.075,,0.025,0.1965,,,,1.4849999999999999,,0.0,0.001,,,,,0.003,0.003,,,,
349,0.1375,,0.002,0.0665,0.3845,0.075,,0.025,0.569,,,,1.4860000000000002,,0.0,0.001,,,,,0.003,0.003,,,,
350,0.138,,0.002,0.0665,0.3445,0.075,,0.025,0.5665,,,,1.4865,,0.0,0.001,,,,,0.003,0.003,,,,
351,0.138,,0.002,0.0665,0.46699999999999997,0.075,,0.025,2.3745000000000003,,,,1.487,,0.0,0.001,,,,,0.003,0.003,,,,
352,0.138,,0.002,0.0665,0.439,0.075,,0.025,0.2725,,,,1.487,,0.0,0.001,,,,,0.003,0.0025,,,,
353,0.138,,0.002,0.0665,5.4159999999999995,0.075,,0.025,1.075,,,,1.4865,,0.0,0.001,,,,,0.003,0.0025,,,,
354,0.1385,,0.002,0.0665,0.11550000000000002,0.075,,0.025,0.267,,,,1.4855,,0.0,0.001,,,,,0.003,0.003,,,,
355,0.138,,0.002,0.0665,0.1515,0.075,,0.025,1.5355,,,,1.488,,0.0,0.001,,,,,0.003,0.003,,,,
356,0.138,,0.002,0.0665,0.517,0.075,,0.025,0.1195,,,,1.489,,0.0,0.001,,,,,0.003,0.003,,,,
357,0.1385,,0.002,0.0665,0.21650000000000003,0.075,,0.025,0.1185,,,,1.494,,0.0,0.001,,,,,0.003,0.003,,,,
358,0.138,,0.002,0.0665,0.10700000000000001,0.075,,0.025,0.317,,,,1.4915,,0.0,0.001,,,,,0.003,0.0025,,,,
359,0.1385,,0.002,0.0665,0.8290000000000001,0.075,,0.025,0.9125,,,,1.492,,0.0,0.001,,,,,0.003,0.0025,,,,
360,0.138,,0.002,0.0665,2.1999999999999997,0.075,,0.025,2.3009999999999997,,,,1.4875,,0.0,0.001,,,,,0.003,0.0025,,,,
361,0.139,,0.002,0.0665,0.552,0.075,,0.025,1.0575,,,,1.494,,0.0,0.001,,,,,0.003,0.0025,,,,
362,0.138,,0.002,0.0665,0.782,0.075,,0.025,0.8885000000000001,,,,1.4955,,0.0,0.001,,,,,0.003,0.0025,,,,
363,0.138,,0.002,0.0665,0.132,0.075,,0.025,0.119,,,,1.494,,0.0,0.001,,,,,0.003,0.0025,,,,
364,0.138,,0.002,0.0665,0.432,0.075,,0.025,1.9540000000000002,,,,1.4875,,0.0,0.001,,,,,0.003,0.003,,,,
365,0.138,,0.002,0.0665,0.7745000000000001,0.075,,0.025,1.0845,,,,1.4889999999999999,,0.0,0.001,,,,,0.003,0.003,,,,
366,0.138,,0.002,0.0665,0.1205,0.075,,0.025,0.24700000000000003,,,,1.4935,,0.0,0.001,,,,,0.003,0.003,,,,
367,0.1385,,0.002,0.0665,0.21400000000000002,0.075,,0.025,0.6214999999999999,,,,1.49,,0.0,0.001,,,,,0.003,0.0025,,,,
368,0.138,,0.002,0.0665,0.7795,0.075,,0.025,1.5610000000000002,,,,1.4875,,0.0,0.001,,,,,0.003,0.0025,,,,
369,0.138,,0.002,0.0665,0.261,0.075,,0.025,1.5595,,,,1.4895,,0.0,0.001,,,,,0.003,0.003,,,,
370,0.1385,,0.002,0.0665,0.2885,0.075,,0.025,0.511,,,,1.492,,0.0,0.001,,,,,0.003,0.003,,,,
371,0.138,,0.002,0.0665,0.7425,0.075,,0.025,1.558,,,,1.4915,,0.0,0.001,,,,,0.003,0.0025,,,,
372,0.138,,0.002,0.0665,0.1275,0.075,,0.025,0.1515,,,,1.4935,,0.0,0.001,,,,,0.003,0.0025,,,,
373,0.139,,0.002,0.0665,0.1635,0.075,,0.025,1.3855,,,,1.4929999999999999,,0.0,0.001,,,,,0.003,0.003,,,,
374,0.1385,,0.002,0.0665,0.352,0.075,,0.025,0.469,,,,1.494,,0.0,0.001,,,,,0.003,0.003,,,,
375,0.5825,,0.0405,0.3365,1.0,0.42000000000000004,,0.125,1.0895000000000001,,,0.1955,1.5070000000000001,,0.0,0.002,,,,,0.02,0.019,,,,
376,0.575,,0.04,0.341,1.5285,0.41600000000000004,,0.126,0.9515,,,0.315,1.5015,,0.0,0.002,,,,,0.0205,0.019,,,,
377,0.1715,,0.006,0.0915,0.249,0.1085,,0.032,0.979,,,0.07050000000000001,1.4725000000000001,,0.0,0.001,,,,,0.006,0.006,,,,
378,0.138,,0.002,0.0665,0.254,0.075,,0.025,0.1335,,,,1.4825,,0.0,0.001,,,,,0.003,0.003,,,,
379,0.138,,0.002,0.0665,0.10400000000000001,0.075,,0.025,2.6655,,,,1.4845000000000002,,0.0,0.001,,,,,0.003,0.003,,,,
380,0.138,,0.002,0.0665,0.1935,0.075,,0.025,0.3695,,,,1.4805000000000001,,0.0,0.001,,,,,0.003,0.0025,,,,
381,0.138,,0.002,0.0665,6.4115,0.075,,0.025,0.9640000000000001,,,,1.4795,,0.0,0.001,,,,,0.003,0.0025,,,,
382,0.138,,0.002,0.0665,3.5854999999999997,0.075,,0.025,3.962,,,,1.4855,,0.0,0.001,,,,,0.003,0.002,,,,
383,0.138,,0.002,0.0665,0.33099999999999996,0.075,,0.025,1.165,,,,1.484,,0.0,0.001,,,,,0.003,0.003,,,,
384,0.1385,,0.002,0.0665,0.2755,0.075,,0.025,0.13,,,,1.484,,0.0,0.001,,,,,0.003,0.003,,,,
385,0.138,,0.002,0.0665,2.6925000000000003,0.075,,0.025,0.9945,,,,1.4875,,0.0,0.001,,,,,0.003,0.003,,,,
386,0.139,,0.002,0.0665,1.873,0.075,,0.025,3.2005000000000003,,,,1.482,,0.0,0.001,,,,,0.003,0.0025,,,,
387,0.1375,,0.002,0.0665,0.2265,0.075,,0.025,0.22299999999999998,,,,1.488,,0.0,0.001,,,,,0.003,0.003,,,,
388,0.138,,0.002,0.066,0.46749999999999997,0.076,,0.025,1.225,,,,1.464,,0.0,0.001,,,,,0.003,0.002,,,,
389,0.138,,0.002,0.066,0.922,0.076,,0.025,1.2155,,,,1.4615,,0.0,0.001,,,,,0.003,0.002,,,,
390,0.1395,,0.002,0.066,0.167,0.076,,0.025,0.7020000000000001,,,,1.4605000000000001,,0.0,0.001,,,,,0.003,0.002,,,,
391,0.138,,0.002,0.066,0.225,0.076,,0.025,2.1455,,,,1.4615,,0.0,0.001,,,,,0.003,0.002,,,,
392,0.5794999999999999,,0.0405,0.3405,1.014,0.40900000000000003,,0.125,1.939,,,0.1955,1.5185,,0.0,0.002,,,,,0.021,0.019,,,,
393,0.577,,0.0405,0.3395,1.6045000000000003,0.40950000000000003,,0.128,1.0195,,,0.1411666666666667,1.484,,0.0,0.0016666666666666668,,,,,0.021,0.019,,,,
394,0.579,,0.0405,0.336,1.032,0.41300000000000003,,0.1275,1.2865,,,0.2235,1.5170000000000001,,0.0,0.002,,,,,0.0205,0.019,,,,
395,0.1535,,0.004,0.079,0.15300000000000002,0.0935,,0.033,0.35750000000000004,,,0.055,1.4625,,0.0,0.001,,,,,0.005,0.004,,,,
396,0.138,,0.002,0.066,0.3855,0.076,,0.025,0.5515,,,,1.4625,,0.0,0.001,,,,,0.003,0.0025,,,,
397,0.138,,0.002,0.066,0.1875,0.076,,0.025,0.5045000000000001,,,,1.465,,0.0,0.001,,,,,0.003,0.002,,,,
398,0.138,,0.002,0.066,0.125,0.076,,0.025,0.8185,,,,1.4620000000000002,,0.0,0.001,,,,,0.003,0.0025,,,,
399,0.138,,0.002,0.066,0.4785,0.076,,0.025,0.257,,,,1.4635,,0.0,0.001,,,,,0.003,0.0025,,,,
400,0.1385,,0.002,0.066,1.861,0.076,,0.025,1.5265,,,,1.4665,,0.0,0.001,,,,,0.003,0.002,,,,
401,0.138,,0.002,0.066,0.18300000000000002,0.076,,0.025,1.5799999999999998,,,,1.463,,0.0,0.001,,,,,0.003,0.002,,,,
402,0.138,,0.0025,0.066,0.382,0.076,,0.025,0.18150000000000002,,,,1.464,,0.0,0.001,,,,,0.003,0.003,,,,
403,0.138,,0.002,0.066,0.095,0.076,,0.025,0.538,,,,1.4665,,0.0,0.001,,,,,0.003,0.003,,,,
404,0.1385,,0.002,0.066,0.518,0.076,,0.025,0.535,,,,1.4675,,0.0,0.001,,,,,0.003,0.0025,,,,
405,0.138,,0.002,0.066,1.8535,0.076,,0.025,1.8895000000000002,,,,1.467,,0.0,0.001,,,,,0.003,0.003,,,,
406,0.1385,,0.002,0.066,0.151,0.076,,0.025,0.289,,,,1.4705,,0.0,0.001,,,,,0.003,0.0025,,,,
407,0.138,,0.002,0.066,0.23550000000000001,0.076,,0.025,0.6785000000000001,,,,1.4245,,0.0,0.001,,,,,0.003,0.0025,,,,
408,0.138,,0.002,0.066,0.318,0.076,,0.025,0.6685,,,,1.427,,0.0,0.001,,,,,0.003,0.003,,,,
409,0.1385,,0.002,0.066,1.8475000000000001,0.076,,0.025,0.5675,,,,1.4220000000000002,,0.0,0.001,,,,,0.003,0.002,,,,
410,0.138,,0.002,0.066,0.4905,0.076,,0.025,0.157,,,,1.426,,0.0,0.001,,,,,0.003,0.0025,,,,
411,0.138,,0.002,0.066,1.815,0.076,,0.025,0.1325,,,,1.4275,,0.0,0.001,,,,,0.003,0.003,,,,
412,0.138,,0.0025,0.066,1.087,0.076,,0.025,0.4985,,,,1.4275,,0.0,0.001,,,,,0.003,0.002,,,,
413,0.138,,0.002,0.066,2.185,0.076,,0.025,0.162,,,,1.4255,,0.0,0.001,,,,,0.003,0.0025,,,,
414,0.138,,0.002,0.066,0.1545,0.076,,0.025,1.0855,,,,1.4184999999999999,,0.0,0.001,,,,,0.003,0.002,,,,
415,0.138,,0.002,0.066,0.139,0.076,,0.025,0.121,,,,1.4215,,0.0,0.001,,,,,0.003,0.0025,,,,
416,0.1385,,0.002,0.066,0.507,0.076,,0.025,0.23850000000000002,,,,1.4245,,0.0,0.001,,,,,0.003,0.0025,,,,
417,0.138,,0.002,0.066,0.306,0.076,,0.025,1.684,,,,1.4224999999999999,,0.0,0.001,,,,,0.003,0.003,,,,
418,0.138,,0.002,0.066,0.215,0.076,,0.025,0.08399999999999999,,,,1.424,,0.0,0.001,,,,,0.003,0.0025,,,,
419,0.138,,0.002,0.066,0.4875,0.076,,0.025,0.24500000000000002,,,,1.421,,0.0,0.001,,,,,0.003,0.003,,,,
420,0.1385,,0.0025,0.066,0.5915,0.076,,0.025,0.7130000000000001,,,,1.4224999999999999,,0.0,0.001,,,,,0.003,0.003,,,,
421,0.138,,0.0025,0.066,0.138,0.076,,0.025,2.249,,,,1.4255,,0.0,0.001,,,,,0.003,0.0025,,,,
422,0.5825,,0.0405,0.3365,0.9400000000000001,0.41500000000000004,,0.127,0.978,,,0.1955,1.479,,0.0,0.002,,,,,0.021,0.019,,,,
423,0.5800000000000001,,0.0405,0.3375,1.4525000000000001,0.40850000000000003,,0.1285,1.492,,,0.318,1.4805000000000001,,0.0,0.002,,,,,0.02,0.019,,,,
424,0.5795,,0.0405,0.338,1.5795000000000001,0.41100000000000003,,0.127,1.2265000000000001,,,0.40900000000000003,1.4740000000000002,,0.0,0.002,,,,,0.02,0.019,,,,
425,0.575,,0.0405,0.3385,0.9435,0.40750000000000003,,0.125,2.1525,,,0.518,1.4695,,0.0,0.002,,,,,0.02,0.019,,,,
426,0.148,,0.004,0.0795,0.3395,0.108,,0.033,0.7450000000000001,,,0.1005,1.427,,0.0,0.001,,,,,0.004,0.004,,,,
427,0.138,,0.002,0.066,0.233,0.076,,0.025,0.0795,,,,1.48,,0.0,0.001,,,,,0.003,0.0025,,,,
428,0.1385,,0.002,0.066,0.187,0.076,,0.025,2.8345000000000002,,,,1.4755,,0.0,0.001,,,,,0.003,0.003,,,,
429,0.138,,0.002,0.066,0.20500000000000002,0.076,,0.025,0.867,,,,1.4780000000000002,,0.0,0.001,,,,,0.003,0.002,,,,
430,0.429,,0.0165,0.2555,0.6925,0.2765,,0.108,0.842,,,0.107,1.525,,0.0,0.002,,,,,0.014499999999999999,0.014,,,,
431,0.138,,0.002,0.066,0.29000000000000004,0.076,,0.025,0.916,,,,1.4705,,0.0,0.001,,,,,0.003,0.0025,,,,
432,0.1385,,0.002,0.066,0.20650000000000002,0.076,,0.025,0.3755,,,,1.4715,,0.0,0.001,,,,,0.003,0.0025,,,,
433,0.138,,0.002,0.066,1.318,0.076,,0.025,0.17250000000000001,,,,1.479,,0.0,0.001,,,,,0.003,0.0025,,,,
434,0.1385,,0.0025,0.066,0.11549999999999999,0.076,,0.025,1.5175,,,,1.4755,,0.0,0.001,,,,,0.003,0.003,,,,
435,0.138,,0.002,0.066,0.255,0.076,,0.025,0.0955,,,,1.4715,,0.0,0.001,,,,,0.003,0.003,,,,
436,0.1385,,0.002,0.0655,1.0935,0.0755,,0.025,0.098,,,,1.4769999999999999,,0.0,0.001,,,,,0.003,0.0025,,,,
437,0.138,,0.002,0.066,0.488,0.076,,0.025,0.887,,,,1.4765000000000001,,0.0,0.001,,,,,0.003,0.003,,,,
438,0.138,,0.002,0.0665,1.0925,0.076,,0.025,0.2265,,,,1.4755,,0.0,0.001,,,,,0.003,0.003,,,,
439,0.138,,0.002,0.066,2.1045,0.076,,0.025,2.3435,,,,1.479,,0.0,0.001,,,,,0.003,0.0025,,,,
440,0.138,,0.002,0.066,1.7335,0.076,,0.025,3.49,,,,1.476,,0.0,0.001,,,,,0.003,0.0025,,,,
441,0.138,,0.002,0.066,0.2545,0.076,,0.025,0.422,,,,1.4805000000000001,,0.0,0.001,,,,,0.003,0.0025,,,,
442,0.138,,0.002,0.066,3.2615000000000003,0.076,,0.025,4.353,,,,1.482,,0.0,0.001,,,,,0.003,0.0025,,,,
443,0.1385,,0.002,0.066,0.9005,0.0755,,0.025,1.8555000000000001,,,,1.479,,0.0,0.001,,,,,0.003,0.0025,,,,
444,0.1385,,0.002,0.066,0.20950000000000002,0.076,,0.025,0.11599999999999999,,,,1.4805000000000001,,0.0,0.001,,,,,0.003,0.003,,,,
445,0.138,,0.002,0.066,0.17800000000000002,0.076,,0.025,0.089,,,,1.4849999999999999,,0.0,0.001,,,,,0.003,0.002,,,,
446,0.1385,,0.0025,0.066,0.193,0.076,,0.025,1.314,,,,1.4835,,0.0,0.001,,,,,0.003,0.0025,,,,
447,0.4325,,0.0175,0.259,0.765,0.275,,0.1085,2.4465000000000003,,,0.11800000000000001,1.526,,0.0,0.0016666666666666668,,,,,0.015,0.014,,,,
448,0.138,,0.002,0.066,0.118,0.076,,0.025,1.6520000000000001,,,,1.4575,,0.0,0.001,,,,,0.003,0.0025,,,,
449,0.138,,0.002,0.066,0.7855000000000001,0.076,,0.025,1.5305000000000002,,,,1.458,,0.0,0.001,,,,,0.003,0.0025,,,,
450,0.138,,0.002,0.066,0.189,0.076,,0.025,0.128,,,,1.4575,,0.0,0.001,,,,,0.003,0.002,,,,
451,0.138,,0.002,0.066,0.155,0.076,,0.025,0.255,,,,1.461,,0.0,0.001,,,,,0.003,0.003,,,,
452,0.1385,,0.002,0.066,6.86,0.076,,0.025,2.239,,,,1.4605000000000001,,0.0,0.001,,,,,0.003,0.002,,,,
453,0.138,,0.002,0.066,0.288,0.076,,0.025,2.8360000000000003,,,,1.456,,0.0,0.001,,,,,0.003,0.0025,,,,
454,0.5765,,0.0405,0.3385,1.7795,0.41700000000000004,,0.1265,1.831,,,0.1965,1.464,,0.0,0.002,,,,,0.02,0.019,,,,
455,0.5814999999999999,,0.0405,0.3385,1.1885000000000001,0.41450000000000004,,0.1255,3.169,,,0.07325000000000001,1.4645000000000001,,0.0,0.0015,,,,,0.0205,0.019,,,,
456,0.5755,,0.0405,0.3405,1.057,0.41200000000000003,,0.125,3.459,,,0.255,1.4995,,0.0,0.002,,,,,0.021,0.019,,,,
457,0.21000000000000002,,0.008,0.0905,0.4645,0.134,,0.04,0.371,,,0.10200000000000001,1.4795,,0.0,0.001,,,,,0.008,0.007,,,,
458,0.1385,,0.002,0.066,0.2195,0.076,,0.025,0.6855,,,,1.4465,,0.0,0.001,,,,,0.003,0.0025,,,,
459,0.138,,0.002,0.066,0.42,0.076,,0.025,1.0790000000000002,,,,1.449,,0.0,0.001,,,,,0.003,0.0025,,,,
460,0.5825,,0.0405,0.3375,2.1065,0.41600000000000004,,0.127,1.119,,,0.197,1.4675,,0.0,0.002,,,,,0.021,0.019,,,,
461,0.5774999999999999,,0.0405,0.34,1.501,0.4165,,0.126,1.3045,,,0.3145,1.4215,,0.0,0.002,,,,,0.0205,0.019,,,,
462,0.5765,,0.0405,0.338,1.4344999999999999,0.41050000000000003,,0.128,2.935,,,0.41400000000000003,1.42,,0.0,0.002,,,,,0.0205,0.019,,,,
463,0.5834999999999999,,0.0405,0.3395,0.9415,0.41150000000000003,,0.1245,3.608,,,0.05410000000000001,1.417,,0.0,0.001142857142857143,,,,,0.02,0.019,,,,
464,0.573,,0.0405,0.341,1.7285000000000001,0.41300000000000003,,0.1255,1.1665,,,0.10116666666666667,1.4995,,0.0,0.0016666666666666668,,,,,0.021,0.019,,,,
465,0.4225,,0.0165,0.2575,0.787,0.2765,,0.1075,1.002,,,0.1855,1.481,,0.0,0.0015000000000000002,,,,,0.014499999999999999,0.014,,,,
466,0.1385,,0.002,0.0665,0.41800000000000004,0.075,,0.025,0.581,,,,1.4595,,0.0,0.001,,,,,0.003,0.003,,,,
467,0.1385,,0.002,0.066,0.34249999999999997,0.076,,0.025,0.926,,,,1.4495,,0.0,0.001,,,,,0.003,0.003,,,,
468,0.5825,,0.0405,0.3385,0.985,0.41050000000000003,,0.1275,1.8225000000000002,,,0.1945,1.4860000000000002,,0.0,0.002,,,,,0.021,0.019,,,,
469,0.4295,,0.017,0.2595,0.9080000000000001,0.281,,0.1075,1.197,,,0.09349999999999999,1.4815,,0.0,0.0013333333333333333,,,,,0.015,0.014,,,,
470,0.1385,,0.002,0.0665,0.31200000000000006,0.075,,0.025,0.35300000000000004,,,,1.454,,0.0,0.001,,,,,0.003,0.003,,,,
471,0.138,,0.002,0.0665,0.132,0.075,,0.025,0.11150000000000002,,,,1.4545,,0.0,0.001,,,,,0.003,0.003,,,,
472,0.138,,0.002,0.0665,0.3795,0.075,,0.025,0.7845,,,,1.4545,,0.0,0.001,,,,,0.003,0.0025,,,,
473,0.138,,0.002,0.0665,0.43,0.075,,0.025,0.176,,,,1.4545,,0.0,0.001,,,,,0.003,0.0025,,,,
474,0.138,,0.002,0.0665,0.24450000000000002,0.075,,0.025,0.344,,,,1.452,,0.0,0.001,,,,,0.003,0.0025,,,,
475,0.138,,0.002,0.0665,0.1955,0.0755,,0.025,0.3115,,,,1.4515,,0.0,0.001,,,,,0.003,0.0025,,,,
476,0.138,,0.002,0.0665,0.274,0.075,,0.025,0.14600000000000002,,,,1.4555,,0.0,0.001,,,,,0.003,0.003,,,,
477,0.1375,,0.002,0.0665,8.468,0.075,,0.025,2.9255000000000004,,,,1.4585,,0.0,0.001,,,,,0.003,0.0025,,,,
478,0.138,,0.002,0.066,0.3155,0.076,,0.025,0.4525,,,,1.458,,0.0,0.001,,,,,0.003,0.0025,,,,
479,0.1385,,0.002,0.066,0.2755,0.076,,0.025,0.3595,,,,1.451,,0.0,0.001,,,,,0.003,0.002,,,,
480,0.138,,0.002,0.066,0.366,0.076,,0.025,0.471,,,,1.452,,0.0,0.001,,,,,0.003,0.0025,,,,
481,0.139,,0.002,0.066,0.5830000000000001,0.076,,0.025,0.777,,,,1.455,,0.0,0.001,,,,,0.003,0.002,,,,
482,0.138,,0.002,0.066,0.3135,0.076,,0.025,1.663,,,,1.4545,,0.0,0.001,,,,,0.003,0.0025,,,,
483,0.138,,0.002,0.066,0.7035,0.076,,0.025,0.2895,,,,1.4555,,0.0,0.001,,,,,0.003,0.002,,,,
484,0.138,,0.002,0.0655,0.2175,0.076,,0.025,0.08549999999999999,,,,1.456,,0.0,0.001,,,,,0.003,0.0025,,,,
485,0.1385,,0.002,0.066,0.1675,0.076,,0.025,1.1165,,,,1.4515,,0.0,0.001,,,,,0.003,0.0025,,,,
486,0.138,,0.002,0.066,0.2005,0.076,,0.025,0.4775,,,,1.4575,,0.0,0.001,,,,,0.003,0.0025,,,,
487,0.1385,,0.002,0.066,0.1625,0.076,,0.025,0.193,,,,1.4575,,0.0,0.001,,,,,0.003,0.002,,,,
488,0.138,,0.002,0.066,0.4265,0.076,,0.025,0.794,,,,1.4585,,0.0,0.001,,,,,0.003,0.003,,,,
489,0.138,,0.002,0.066,0.20750000000000002,0.076,,0.025,0.6455,,,,1.4580000000000002,,0.0,0.001,,,,,0.003,0.0025,,,,
490,0.138,,0.0025,0.066,0.479,0.076,,0.025,0.9355,,,,1.4565000000000001,,0.0,0.001,,,,,0.003,0.0025,,,,
491,0.1385,,0.002,0.066,0.3615,0.076,,0.025,1.4495,,,,1.4529999999999998,,0.0,0.001,,,,,0.003,0.0025,,,,
492,0.138,,0.002,0.066,0.9135,0.076,,0.025,4.446000000000001,,,,1.463,,0.0,0.001,,,,,0.003,0.0025,,,,
493,0.1385,,0.002,0.066,1.5895,0.076,,0.025,0.20500000000000002,,,,1.462,,0.0,0.001,,,,,0.003,0.003,,,,
494,0.138,,0.002,0.066,2.0709999999999997,0.076,,0.025,2.753,,,,1.46,,0.0,0.001,,,,,0.003,0.003,,,,
495,0.138,,0.0025,0.066,0.1305,0.076,,0.025,0.20450000000000002,,,,1.4585,,0.0,0.001,,,,,0.003,0.0025,,,,
496,0.138,,0.0025,0.066,0.153,0.076,,0.025,0.3275,,,,1.464,,0.0,0.001,,,,,0.003,0.0025,,,,
497,0.138,,0.002,0.066,0.3035,0.076,,0.025,1.174,,,,1.4615,,0.0,0.001,,,,,0.003,0.0025,,,,
498,0.1385,,0.002,0.066,0.5585,0.076,,0.025,0.6665000000000001,,,,1.4625,,0.0,0.001,,,,,0.003,0.0025,,,,
499,0.138,,0.002,0.066,0.17700000000000002,0.076,,0.025,2.708,,,,1.4605000000000001,,0.0,0.001,,,,,0.003,0.003,,,,
500,0.138,,0.0025,0.0665,5.022,0.076,,0.025,0.3585,,,,1.4649999999999999,,0.0,0.001,,,,,0.003,0.002,,,,
501,0.138,,0.002,0.0665,0.11699999999999999,0.076,,0.025,0.2985,,,,1.462,,0.0,0.001,,,,,0.003,0.0025,,,,
502,0.1385,,0.002,0.066,0.1945,0.076,,0.025,1.798,,,,1.4605000000000001,,0.0,0.001,,,,,0.003,0.0025,,,,
503,0.138,,0.002,0.066,0.118,0.076,,0.025,0.265,,,,1.4665,,0.0,0.001,,,,,0.003,0.002,,,,
504,0.138,,0.0025,0.066,0.1555,0.076,,0.025,2.089,,,,1.46,,0.0,0.001,,,,,0.003,0.0025,,,,
505,0.138,,0.002,0.066,0.669,0.076,,0.025,0.306,,,,1.4635,,0.0,0.001,,,,,0.003,0.002,,,,
506,0.1385,,0.002,0.066,0.0865,0.076,,0.025,3.0090000000000003,,,,1.4695,,0.0,0.001,,,,,0.003,0.0025,,,,
507,0.138,,0.002,0.066,0.1335,0.076,,0.025,0.156,,,,1.4715,,0.0,0.001,,,,,0.003,0.003,,,,
508,0.138,,0.002,0.066,2.4035,0.076,,0.025,2.188,,,,1.4465,,0.0,0.001,,,,,0.003,0.003,,,,
509,0.1385,,0.002,0.066,0.3885,0.076,,0.025,1.137,,,,1.451,,0.0,0.001,,,,,0.003,0.003,,,,
510,0.138,,0.0025,0.066,1.04,0.076,,0.025,0.442,,,,1.4515,,0.0,0.001,,,,,0.003,0.003,,,,
511,0.1385,,0.0025,0.066,0.1945,0.0755,,0.025,0.2735,,,,1.444,,0.0,0.001,,,,,0.003,0.0025,,,,
512,0.138,,0.0025,0.066,0.4985,0.076,,0.025,0.0955,,,,1.4475,,0.0,0.001,,,,,0.003,0.0025,,,,
513,0.1385,,0.002,0.066,2.203,0.076,,0.025,1.5100000000000002,,,,1.444,,0.0,0.001,,,,,0.003,0.002,,,,
514,0.5854999999999999,,0.0405,0.338,0.9390000000000001,0.4215,,0.1275,1.0410000000000001,,,0.196,1.4365,,0.0,0.002,,,,,0.0205,0.019,,,,
515,0.5765,,0.0405,0.3395,1.195,0.4115,,0.127,1.4395,,,0.15300000000000002,1.437,,0.0,0.0016666666666666668,,,,,0.0205,0.019,,,,
516,0.582,,0.0405,0.3395,1.103,0.41200000000000003,,0.129,0.98,,,0.10783333333333334,1.4735,,0.0,0.0016666666666666668,,,,,0.02,0.019,,,,
517,0.5635000000000001,,0.026000000000000002,0.2685,0.8475,0.28600000000000003,,0.112,2.039,,,0.1535,1.49,,0.0,0.002,,,,,0.017,0.016,,,,
518,0.138,,0.002,0.066,0.42300000000000004,0.076,,0.025,0.7825,,,,1.4395,,0.0,0.001,,,,,0.003,0.002,,,,
519,0.138,,0.002,0.066,0.5325,0.076,,0.025,0.5565,,,,1.4375,,0.0,0.001,,,,,0.003,0.0025,,,,
520,0.1385,,0.002,0.066,0.7925,0.076,,0.025,0.388,,,,1.4445000000000001,,0.0,0.001,,,,,0.003,0.0025,,,,
521,0.138,,0.002,0.066,1.6095000000000002,0.076,,0.025,0.6224999999999999,,,,1.4405000000000001,,0.0,0.001,,,,,0.003,0.002,,,,
522,0.5815,,0.0405,0.338,0.968,0.41250000000000003,,0.127,1.407,,,0.196,1.4675,,0.0,0.002,,,,,0.0205,0.019,,,,
523,0.5834999999999999,,0.0405,0.3375,4.99,0.41100000000000003,,0.126,5.764,,,0.3165,1.4615,,0.0,0.002,,,,,0.02,0.019,,,,
524,0.5760000000000001,,0.0405,0.34,1.312,0.41250000000000003,,0.125,6.6055,,,0.41450000000000004,1.4685000000000001,,0.0,0.002,,,,,0.02,0.019,,,,
525,0.581,,0.0405,0.3385,1.0365000000000002,0.41000000000000003,,0.127,2.846,,,0.522,1.4625,,0.0,0.002,,,,,0.02,0.019,,,,
526,0.429,,0.014,0.171,0.5735,0.2125,,0.065,0.676,,,0.1431666666666667,1.4595,,0.0,0.0013333333333333333,,,,,0.013000000000000001,0.012,,,,
527,0.1375,,0.002,0.0665,0.1115,0.075,,0.025,2.1845,,,,1.478,,0.0,0.001,,,,,0.003,0.0025,,,,
528,0.1385,,0.002,0.0665,0.4265,0.075,,0.025,0.4605,,,,1.479,,0.0,0.001,,,,,0.003,0.0025,,,,
529,0.1375,,0.002,0.0665,0.9215000000000001,0.075,,0.025,0.5405,,,,1.4780000000000002,,0.0,0.001,,,,,0.003,0.003,,,,
530,0.138,,0.002,0.0665,1.9375,0.075,,0.025,2.554,,,,1.484,,0.0,0.001,,,,,0.003,0.003,,,,
531,0.138,,0.0025,0.067,0.63,0.075,,0.025,0.199,,,,1.478,,0.0,0.001,,,,,0.003,0.0025,,,,
532,0.138,,0.002,0.0665,0.239,0.075,,0.025,0.17700000000000002,,,,1.4825,,0.0,0.001,,,,,0.003,0.003,,,,
533,0.1385,,0.002,0.0665,0.3185,0.075,,0.025,1.058,,,,1.4795,,0.0,0.001,,,,,0.003,0.003,,,,
534,0.1375,,0.002,0.0665,0.7315,0.075,,0.025,1.052,,,,1.481,,0.0,0.001,,,,,0.003,0.0025,,,,
535,0.138,,0.002,0.0665,0.353,0.075,,0.025,0.46699999999999997,,,,1.4845000000000002,,0.0,0.001,,,,,0.003,0.003,,,,
536,0.138,,0.002,0.0665,0.528,0.075,,0.025,0.155,,,,1.4849999999999999,,0.0,0.001,,,,,0.003,0.0025,,,,
537,0.138,,0.002,0.0665,1.3905,0.075,,0.025,0.347,,,,1.4805000000000001,,0.0,0.001,,,,,0.003,0.003,,,,
538,0.138,,0.002,0.0665,0.093,0.075,,0.025,0.20350000000000001,,,,1.4845000000000002,,0.0,0.001,,,,,0.003,0.0025,,,,
539,0.138,,0.002,0.0665,0.198,0.075,,0.025,0.414,,,,1.4795,,0.0,0.001,,,,,0.003,0.003,,,,
540,0.1385,,0.002,0.0665,0.5295,0.075,,0.025,0.5905,,,,1.4849999999999999,,0.0,0.001,,,,,0.003,0.003,,,,
541,0.138,,0.002,0.0665,0.1935,0.075,,0.025,0.246,,,,1.484,,0.0,0.001,,,,,0.003,0.003,,,,
542,0.1385,,0.002,0.0665,0.39749999999999996,0.075,,0.025,0.5555,,,,1.4845000000000002,,0.0,0.001,,,,,0.003,0.003,,,,
543,0.1375,,0.002,0.0665,0.5575,0.075,,0.025,0.613,,,,1.484,,0.0,0.001,,,,,0.003,0.003,,,,
544,0.138,,0.002,0.0665,0.504,0.075,,0.025,8.485,,,,1.484,,0.0,0.001,,,,,0.003,0.003,,,,
545,0.139,,0.002,0.0665,2.6025,0.0755,,0.025,0.1105,,,,1.4805000000000001,,0.0,0.001,,,,,0.003,0.003,,,,
546,0.138,,0.002,0.066,0.796,0.076,,0.025,0.8250000000000001,,,,1.474,,0.0,0.001,,,,,0.003,0.003,,,,
547,0.138,,0.002,0.066,0.9750000000000001,0.0755,,0.025,1.6305,,,,1.4755,,0.0,0.001,,,,,0.003,0.0025,,,,
548,0.4265,,0.014499999999999999,0.1855,0.6105,0.28550000000000003,,0.07100000000000001,0.6925,,,0.0995,1.5150000000000001,,0.0,0.0015000000000000002,,,,,0.013500000000000002,0.013000000000000001,,,,
549,0.1385,,0.002,0.066,0.2405,0.076,,0.025,2.2470000000000003,,,,1.4665,,0.0,0.001,,,,,0.003,0.002,,,,
550,0.138,,0.002,0.066,0.232,0.076,,0.025,0.1605,,,,1.471,,0.0,0.001,,,,,0.003,0.0025,,,,
551,0.138,,0.002,0.066,0.518,0.076,,0.025,0.46749999999999997,,,,1.467,,0.0,0.001,,,,,0.003,0.003,,,,
552,0.138,,0.0025,0.066,1.4215,0.076,,0.025,2.1170000000000004,,,,1.447,,0.0,0.001,,,,,0.003,0.0025,,,,
553,0.139,,0.002,0.0655,0.1835,0.076,,0.025,2.8550000000000004,,,,1.443,,0.0,0.001,,,,,0.003,0.002,,,,
554,0.138,,0.002,0.066,0.4345,0.076,,0.025,0.279,,,,1.4475,,0.0,0.001,,,,,0.003,0.003,,,,
555,0.138,,0.002,0.066,0.21450000000000002,0.076,,0.025,0.7160000000000001,,,,1.4460000000000002,,0.0,0.001,,,,,0.003,0.002,,,,
556,0.138,,0.002,0.066,1.4955,0.076,,0.025,2.7230000000000003,,,,1.445,,0.0,0.001,,,,,0.003,0.0025,,,,
557,0.138,,0.002,0.066,1.3385,0.076,,0.025,4.6045,,,,1.4420000000000002,,0.0,0.001,,,,,0.003,0.0025,,,,
558,0.138,,0.002,0.066,0.7775000000000001,0.076,,0.025,0.769,,,,1.4460000000000002,,0.0,0.001,,,,,0.003,0.002,,,,
559,0.1385,,0.002,0.066,0.3135,0.076,,0.025,0.21500000000000002,,,,1.4445000000000001,,0.0,0.001,,,,,0.003,0.003,,,,
560,0.138,,0.002,0.066,1.502,0.076,,0.025,6.119000000000001,,,,1.452,,0.0,0.001,,,,,0.003,0.0025,,,,
561,0.138,,0.002,0.066,0.6145,0.076,,0.025,1.4635,,,,1.443,,0.0,0.001,,,,,0.003,0.0025,,,,
562,0.138,,0.002,0.066,0.3055,0.076,,0.025,2.0635,,,,1.446,,0.0,0.001,,,,,0.003,0.0025,,,,
563,0.138,,0.002,0.066,0.10850000000000001,0.076,,0.025,0.315,,,,1.4465,,0.0,0.001,,,,,0.003,0.003,,,,
564,0.1385,,0.002,0.066,0.5245,0.076,,0.025,0.754,,,,1.448,,0.0,0.001,,,,,0.003,0.0025,,,,
565,0.1385,,0.002,0.066,0.192,0.076,,0.025,0.5990000000000001,,,,1.4495,,0.0,0.001,,,,,0.003,0.0025,,,,
566,0.139,,0.002,0.066,0.2275,0.076,,0.025,3.2775,,,,1.4505,,0.0,0.001,,,,,0.003,0.002,,,,
567,0.581,,0.0405,0.3385,1.2995,0.41700000000000004,,0.1275,0.9935,,,0.1975,1.4805000000000001,,0.0,0.002,,,,,0.0205,0.019,,,,
568,0.5805,,0.0405,0.338,1.5505,0.40900000000000003,,0.127,2.1525,,,0.3175,1.479,,0.0,0.002,,,,,0.0205,0.019,,,,
569,0.5814999999999999,,0.0405,0.339,0.9775,0.41050000000000003,,0.1265,1.7805,,,0.41500000000000004,1.479,,0.0,0.002,,,,,0.02,0.019,,,,
570,0.424,,0.0165,0.2575,3.1225000000000005,0.2755,,0.1085,3.4320000000000004,,,0.3125,1.4609999999999999,,0.0,0.0015000000000000002,,,,,0.014499999999999999,0.014,,,,
571,0.138,,0.002,0.066,0.1545,0.076,,0.025,0.35300000000000004,,,,1.4755,,0.0,0.001,,,,,0.003,0.002,,,,
572,0.138,,0.002,0.066,0.2745,0.076,,0.025,0.1545,,,,1.4785,,0.0,0.001,,,,,0.003,0.002,,,,
573,0.1385,,0.002,0.066,1.1245,0.076,,0.025,0.361,,,,1.4765000000000001,,0.0,0.001,,,,,0.003,0.0025,,,,
574,0.138,,0.002,0.066,1.907,0.076,,0.025,0.22,,,,1.4805000000000001,,0.0,0.001,,,,,0.003,0.0025,,,,
575,0.138,,0.002,0.066,0.23600000000000002,0.076,,0.025,3.2640000000000002,,,,1.476,,0.0,0.001,,,,,0.003,0.003,,,,
576,0.4425,,0.0195,0.265,1.55,0.276,,0.111,1.085,,,0.128,1.4785,,0.0,0.002,,,,,0.016,0.015,,,,
577,0.1385,,0.002,0.066,2.1925000000000003,0.076,,0.025,4.6194999999999995,,,,1.4264999999999999,,0.0,0.001,,,,,0.003,0.003,,,,
578,0.138,,0.002,0.066,0.0905,0.076,,0.025,3.2479999999999998,,,,1.428,,0.0,0.001,,,,,0.003,0.0025,,,,
579,0.1385,,0.002,0.066,0.2625,0.076,,0.025,2.765,,,,1.426,,0.0,0.001,,,,,0.003,0.0025,,,,
580,0.5825,,0.0405,0.3335,1.182,0.4155,,0.1255,1.8905,,,0.1985,1.476,,0.0,0.002,,,,,0.0205,0.019,,,,
581,0.5774999999999999,,0.0405,0.34,1.206,0.41000000000000003,,0.127,2.1710000000000003,,,0.3145,1.4689999999999999,,0.0,0.002,,,,,0.02,0.019,,,,
582,0.579,,0.0405,0.343,1.6315,0.40850000000000003,,0.126,2.0180000000000002,,,0.41200000000000003,1.471,,0.0,0.002,,,,,0.0205,0.019,,,,
583,0.4225,,0.014,0.191,0.673,0.2115,,0.07150000000000001,1.4425000000000001,,,0.14,1.4695,,0.0,0.0013333333333333333,,,,,0.013000000000000001,0.012,,,,
584,0.138,,0.002,0.066,0.164,0.076,,0.025,1.764,,,,1.462,,0.0,0.001,,,,,0.003,0.0025,,,,
585,0.138,,0.002,0.066,0.5835,0.076,,0.025,0.655,,,,1.4655,,0.0,0.001,,,,,0.003,0.002,,,,
586,0.1385,,0.002,0.066,0.423,0.076,,0.025,1.5845,,,,1.465,,0.0,0.001,,,,,0.003,0.002,,,,
587,0.138,,0.002,0.066,0.1535,0.076,,0.025,0.5705,,,,1.4605000000000001,,0.0,0.001,,,,,0.003,0.002,,,,
588,0.138,,0.0025,0.066,0.606,0.076,,0.025,0.11649999999999999,,,,1.4665,,0.0,0.001,,,,,0.003,0.0025,,,,
589,0.138,,0.002,0.066,0.119,0.076,,0.025,0.6665,,,,1.4645000000000001,,0.0,0.001,,,,,0.003,0.002,,,,
590,0.139,,0.002,0.066,0.541,0.076,,0.025,0.633,,,,1.4625,,0.0,0.001,,,,,0.003,0.0025,,,,
591,0.138,,0.0025,0.066,2.5829999999999997,0.0755,,0.025,0.384,,,,1.464,,0.0,0.001,,,,,0.003,0.0025,,,,
592,0.1385,,0.002,0.066,0.1375,0.076,,0.025,0.5455,,,,1.4649999999999999,,0.0,0.001,,,,,0.003,0.0025,,,,
593,0.138,,0.002,0.066,0.2835,0.076,,0.025,0.34349999999999997,,,,1.463,,0.0,0.001,,,,,0.003,0.0025,,,,
594,0.139,,0.002,0.066,0.34199999999999997,0.076,,0.025,1.173,,,,1.4660000000000002,,0.0,0.001,,,,,0.003,0.0025,,,,
595,0.1385,,0.002,0.066,0.7185,0.076,,0.025,0.779,,,,1.4689999999999999,,0.0,0.001,,,,,0.003,0.0025,,,,
596,0.138,,0.002,0.066,0.10900000000000001,0.076,,0.025,2.116,,,,1.4660000000000002,,0.0,0.001,,,,,0.003,0.0025,,,,
597,0.1385,,0.002,0.066,0.134,0.076,,0.025,0.39949999999999997,,,,1.4675,,0.0,0.001,,,,,0.003,0.0025,,,,
598,0.581,,0.0405,0.337,1.097,0.4175,,0.1275,2.277,,,0.196,1.505,,0.0,0.002,,,,,0.0205,0.019,,,,
599,0.577,,0.0405,0.34,1.7690000000000001,0.41150000000000003,,0.127,2.415,,,0.3175,1.504,,0.0,0.002,,,,,0.02,0.019,,,,
600,0.5845,,0.0405,0.338,0.948,0.41200000000000003,,0.126,1.4115,,,0.08133333333333334,1.442,,0.0,0.0013,,,,,0.02,0.019,,,,
601,0.14350000000000002,,0.003,0.0775,0.544,0.08600000000000001,,0.027,0.3515,,,0.031,1.42,,0.0,0.001,,,,,0.003,0.003,,,,
602,0.1385,,0.002,0.066,0.087,0.076,,0.025,0.4225,,,,1.4144999999999999,,0.0,0.001,,,,,0.003,0.0025,,,,
603,0.138,,0.002,0.066,0.7100000000000001,0.076,,0.025,0.8145,,,,1.4129999999999998,,0.0,0.001,,,,,0.003,0.002,,,,
604,0.139,,0.002,0.066,1.8034999999999999,0.076,,0.025,0.217,,,,1.4125,,0.0,0.001,,,,,0.003,0.0025,,,,
605,0.1385,,0.002,0.066,0.154,0.0765,,0.025,0.4905,,,,1.412,,0.0,0.001,,,,,0.003,0.003,,,,
606,0.1385,,0.002,0.066,0.4855,0.076,,0.025,0.8320000000000001,,,,1.4144999999999999,,0.0,0.001,,,,,0.003,0.002,,,,
607,0.1385,,0.002,0.066,0.24300000000000002,0.076,,0.025,0.084,,,,1.4144999999999999,,0.0,0.001,,,,,0.003,0.003,,,,
608,0.1385,,0.002,0.066,0.412,0.076,,0.025,0.418,,,,1.4165,,0.0,0.001,,,,,0.003,0.002,,,,
609,0.1385,,0.002,0.066,0.1345,0.0765,,0.025,2.2359999999999998,,,,1.4169999999999998,,0.0,0.001,,,,,0.003,0.0025,,,,
610,0.138,,0.002,0.066,0.2325,0.076,,0.025,1.099,,,,1.4175,,0.0,0.001,,,,,0.003,0.0025,,,,
611,0.1385,,0.002,0.066,0.0975,0.076,,0.025,0.21550000000000002,,,,1.4175,,0.0,0.001,,,,,0.003,0.0025,,,,
612,0.1385,,0.002,0.066,2.2135000000000002,0.076,,0.025,2.9305000000000003,,,,1.4165,,0.0,0.001,,,,,0.003,0.0025,,,,
613,0.138,,0.002,0.066,0.253,0.076,,0.025,0.21250000000000002,,,,1.4155,,0.0,0.001,,,,,0.003,0.0025,,,,
614,0.1385,,0.002,0.066,0.1885,0.076,,0.025,1.266,,,,1.419,,0.0,0.001,,,,,0.003,0.0025,,,,
615,0.138,,0.002,0.066,0.6975,0.076,,0.025,1.0235,,,,1.4195,,0.0,0.001,,,,,0.003,0.0025,,,,
616,0.138,,0.002,0.066,0.388,0.076,,0.025,0.3035,,,,1.4175,,0.0,0.001,,,,,0.003,0.003,,,,
617,0.138,,0.002,0.066,0.081,0.076,,0.025,0.309,,,,1.419,,0.0,0.001,,,,,0.003,0.0025,,,,
618,0.1385,,0.002,0.0655,1.052,0.076,,0.025,2.0635,,,,1.4184999999999999,,0.0,0.001,,,,,0.003,0.003,,,,
619,0.1385,,0.002,0.066,0.6255000000000001,0.076,,0.025,0.6415,,,,1.42,,0.0,0.001,,,,,0.003,0.0025,,,,
620,0.138,,0.002,0.066,0.231,0.076,,0.025,0.5895,,,,1.4224999999999999,,0.0,0.001,,,,,0.003,0.0025,,,,
621,0.1385,,0.002,0.066,0.9890000000000001,0.076,,0.025,0.8724999999999999,,,,1.4224999999999999,,0.0,0.001,,,,,0.003,0.0025,,,,
622,0.138,,0.002,0.066,0.23,0.0765,,0.025,0.547,,,,1.419,,0.0,0.001,,,,,0.003,0.0025,,,,
623,0.5825,,0.0405,0.3395,0.9915,0.41700000000000004,,0.124,1.4315,,,0.1975,1.4655,,0.0,0.002,,,,,0.021,0.019,,,,
624,0.5775,,0.0405,0.342,1.7165,0.41550000000000004,,0.1275,1.106,,,0.317,1.4645000000000001,,0.0,0.002,,,,,0.02,0.019,,,,
625,0.579,,0.0405,0.3395,1.3705,0.40900000000000003,,0.1265,2.9455,,,0.41050000000000003,1.4660000000000002,,0.0,0.002,,,,,0.0205,0.019,,,,
626,0.5695000000000001,,0.034,0.338,1.847,0.406,,0.139,1.9405,,,0.47400000000000003,1.4580000000000002,,0.0,0.002,,,,,0.0195,0.018000000000000002,,,,
627,0.1385,,0.002,0.066,0.2245,0.076,,0.025,0.7855000000000001,,,,1.4615,,0.0,0.001,,,,,0.003,0.002,,,,
628,0.139,,0.002,0.066,0.3125,0.076,,0.025,0.202,,,,1.464,,0.0,0.001,,,,,0.003,0.003,,,,
629,0.1385,,0.002,0.066,0.08549999999999999,0.0765,,0.025,1.3875,,,,1.4645000000000001,,0.0,0.001,,,,,0.003,0.003,,,,
630,0.1385,,0.002,0.066,0.2895,0.076,,0.025,0.8805000000000001,,,,1.467,,0.0,0.001,,,,,0.003,0.0025,,,,
631,0.1385,,0.002,0.066,0.4195,0.076,,0.025,1.5865,,,,1.4665,,0.0,0.001,,,,,0.003,0.0025,,,,
632,0.1385,,0.0025,0.066,0.665,0.076,,0.025,0.306,,,,1.4665,,0.0,0.001,,,,,0.003,0.002,,,,
633,0.139,,0.002,0.066,0.518,0.076,,0.025,0.384,,,,1.4695,,0.0,0.001,,,,,0.003,0.0025,,,,
634,0.1385,,0.002,0.066,0.931,0.076,,0.025,0.11000000000000001,,,,1.4715,,0.0,0.001,,,,,0.003,0.0025,,,,
635,0.1385,,0.002,0.066,0.2535,0.076,,0.025,0.6005,,,,1.4665,,0.0,0.001,,,,,0.003,0.0025,,,,
636,0.138,,0.002,0.066,0.5700000000000001,0.076,,0.025,1.138,,,,1.471,,0.0,0.001,,,,,0.003,0.003,,,,
637,0.138,,0.002,0.066,4.6875,0.0765,,0.025,0.17600000000000002,,,,1.4735,,0.0,0.001,,,,,0.003,0.002,,,,
638,0.1385,,0.002,0.066,0.08449999999999999,0.076,,0.025,2.7415000000000003,,,,1.4745,,0.0,0.001,,,,,0.003,0.0025,,,,
639,0.138,,0.002,0.066,0.7475,0.076,,0.025,0.321,,,,1.4735,,0.0,0.001,,,,,0.003,0.0025,,,,
640,0.1385,,0.002,0.066,0.17750000000000002,0.0765,,0.025,0.383,,,,1.4725000000000001,,0.0,0.001,,,,,0.003,0.002,,,,
641,0.139,,0.002,0.066,0.39149999999999996,0.076,,0.025,0.11050000000000001,,,,1.473,,0.0,0.001,,,,,0.003,0.003,,,,
642,0.1385,,0.002,0.066,0.786,0.076,,0.025,2.3440000000000003,,,,1.4725000000000001,,0.0,0.001,,,,,0.003,0.0025,,,,
643,0.139,,0.002,0.066,0.24500000000000002,0.076,,0.025,0.608,,,,1.481,,0.0,0.001,,,,,0.003,0.003,,,,
644,0.138,,0.002,0.066,0.509,0.076,,0.025,1.499,,,,1.479,,0.0,0.001,,,,,0.003,0.0025,,,,
645,0.138,,0.002,0.066,0.446,0.0765,,0.025,1.7335,,,,1.4775,,0.0,0.001,,,,,0.003,0.003,,,,
646,0.138,,0.002,0.066,0.452,0.076,,0.025,0.437,,,,1.4580000000000002,,0.0,0.001,,,,,0.003,0.0025,,,,
647,0.138,,0.0025,0.066,0.63,0.076,,0.025,0.623,,,,1.4585,,0.0,0.001,,,,,0.003,0.002,,,,
648,0.1385,,0.002,0.066,0.476,0.076,,0.025,0.4965,,,,1.4565000000000001,,0.0,0.001,,,,,0.003,0.0025,,,,
649,0.138,,0.002,0.066,0.2535,0.076,,0.025,2.369,,,,1.459,,0.0,0.001,,,,,0.003,0.0025,,,,
650,0.1385,,0.002,0.066,0.5325,0.076,,0.025,0.8715,,,,1.455,,0.0,0.001,,,,,0.003,0.002,,,,
651,0.138,,0.002,0.066,0.746,0.076,,0.025,0.9065000000000001,,,,1.463,,0.0,0.001,,,,,0.003,0.003,,,,
652,0.138,,0.0025,0.066,0.3885,0.076,,0.025,2.3685,,,,1.4605000000000001,,0.0,0.001,,,,,0.003,0.002,,,,
653,0.138,,0.002,0.066,0.45499999999999996,0.076,,0.025,0.7635,,,,1.4665,,0.0,0.001,,,,,0.003,0.002,,,,
654,0.138,,0.002,0.066,0.542,0.0755,,0.025,1.3695000000000002,,,,1.4605000000000001,,0.0,0.001,,,,,0.003,0.0025,,,,
655,0.138,,0.002,0.066,0.557,0.076,,0.025,0.083,,,,1.462,,0.0,0.001,,,,,0.003,0.0025,,,,
656,0.138,,0.002,0.066,0.6315,0.076,,0.025,1.6940000000000002,,,,1.4625,,0.0,0.001,,,,,0.003,0.003,,,,
657,0.1385,,0.002,0.066,1.072,0.076,,0.025,0.4785,,,,1.463,,0.0,0.001,,,,,0.003,0.0025,,,,
658,0.138,,0.002,0.066,0.17950000000000002,0.076,,0.025,0.0945,,,,1.4635,,0.0,0.001,,,,,0.003,0.003,,,,
659,0.138,,0.002,0.066,0.651,0.076,,0.025,0.959,,,,1.4635,,0.0,0.001,,,,,0.003,0.0025,,,,
660,0.1385,,0.002,0.0665,0.562,0.0755,,0.025,0.679,,,,1.4645000000000001,,0.0,0.001,,,,,0.003,0.003,,,,
661,0.1375,,0.002,0.066,2.1975000000000002,0.076,,0.025,0.303,,,,1.459,,0.0,0.001,,,,,0.003,0.0025,,,,
662,0.1385,,0.002,0.066,0.501,0.076,,0.025,2.0425,,,,1.4615,,0.0,0.001,,,,,0.003,0.0025,,,,
663,0.138,,0.002,0.066,0.413,0.076,,0.025,0.306,,,,1.4645000000000001,,0.0,0.001,,,,,0.003,0.0025,,,,
664,0.1385,,0.002,0.066,0.1895,0.076,,0.025,0.16,,,,1.4665,,0.0,0.001,,,,,0.003,0.003,,,,
665,0.138,,0.002,0.066,0.386,0.076,,0.025,0.4445,,,,1.4660000000000002,,0.0,0.001,,,,,0.003,0.0025,,,,
666,0.138,,0.002,0.066,0.23450000000000001,0.076,,0.025,0.637,,,,1.4655,,0.0,0.001,,,,,0.003,0.002,,,,
667,0.138,,0.002,0.066,0.531,0.0755,,0.025,2.293,,,,1.469,,0.0,0.001,,,,,0.003,0.002,,,,
668,0.1385,,0.002,0.066,0.11449999999999999,0.0755,,0.025,0.5915,,,,1.4665,,0.0,0.001,,,,,0.003,0.002,,,,
669,0.138,,0.002,0.066,0.4475,0.076,,0.025,0.23,,,,1.4655,,0.0,0.001,,,,,0.003,0.002,,,,
670,0.138,,0.002,0.066,2.2800000000000002,0.0755,,0.025,0.154,,,,1.468,,0.0,0.001,,,,,0.003,0.002,,,,
671,0.1385,,0.002,0.066,0.508,0.076,,0.025,0.787,,,,1.4715,,0.0,0.001,,,,,0.003,0.0025,,,,
672,0.1385,,0.002,0.066,0.32699999999999996,0.0755,,0.025,1.863,,,,1.4665,,0.0,0.001,,,,,0.003,0.0025,,,,
673,0.138,,0.002,0.066,0.3445,0.076,,0.025,0.317,,,,1.471,,0.0,0.001,,,,,0.003,0.002,,,,
674,0.138,,0.002,0.066,0.5355,0.076,,0.025,2.6865,,,,1.4745,,0.0,0.001,,,,,0.003,0.003,,,,
675,0.138,,0.002,0.066,0.568,0.0755,,0.025,0.1695,,,,1.4735,,0.0,0.001,,,,,0.003,0.003,,,,
676,0.138,,0.002,0.066,0.0885,0.076,,0.025,2.0955000000000004,,,,1.4735,,0.0,0.001,,,,,0.003,0.0025,,,,
677,0.138,,0.002,0.066,0.7275,0.076,,0.025,0.921,,,,1.4649999999999999,,0.0,0.001,,,,,0.003,0.002,,,,
678,0.138,,0.002,0.066,0.46449999999999997,0.076,,0.025,0.3545,,,,1.4605000000000001,,0.0,0.001,,,,,0.003,0.0025,,,,
679,0.139,,0.002,0.066,0.6485000000000001,0.076,,0.025,0.2535,,,,1.466,,0.0,0.001,,,,,0.003,0.0025,,,,
680,0.138,,0.002,0.066,0.494,0.076,,0.025,2.279,,,,1.4635,,0.0,0.001,,,,,0.003,0.0025,,,,
681,0.1385,,0.002,0.066,0.4255,0.076,,0.025,1.9435000000000002,,,,1.4665,,0.0,0.001,,,,,0.003,0.0025,,,,
682,0.138,,0.002,0.066,0.23850000000000002,0.076,,0.025,0.092,,,,1.465,,0.0,0.001,,,,,0.003,0.003,,,,
683,0.138,,0.002,0.066,0.5965,0.076,,0.025,0.20400000000000001,,,,1.4689999999999999,,0.0,0.001,,,,,0.003,0.002,,,,
684,0.1385,,0.002,0.0665,2.174,0.076,,0.025,2.5965000000000003,,,,1.4685000000000001,,0.0,0.001,,,,,0.003,0.002,,,,
685,0.138,,0.002,0.066,0.084,0.076,,0.025,0.3165,,,,1.4695,,0.0,0.001,,,,,0.003,0.0025,,,,
686,0.138,,0.002,0.066,0.1235,0.076,,0.025,0.6799999999999999,,,,1.4685000000000001,,0.0,0.001,,,,,0.003,0.002,,,,
687,0.138,,0.002,0.066,0.24600000000000002,0.076,,0.025,0.5810000000000001,,,,1.4665,,0.0,0.001,,,,,0.003,0.002,,,,
688,0.1385,,0.002,0.0655,0.8145,0.076,,0.025,2.2425,,,,1.4705,,0.0,0.001,,,,,0.003,0.0025,,,,
689,0.138,,0.002,0.066,2.2115,0.076,,0.025,4.3345,,,,1.469,,0.0,0.001,,,,,0.003,0.002,,,,
690,0.138,,0.002,0.066,0.353,0.0765,,0.025,0.23500000000000001,,,,1.4685000000000001,,0.0,0.001,,,,,0.003,0.0025,,,,
691,0.1395,,0.002,0.066,2.4015,0.076,,0.025,0.3515,,,,1.464,,0.0,0.001,,,,,0.003,0.0025,,,,
692,0.138,,0.002,0.066,0.17750000000000002,0.076,,0.025,0.149,,,,1.471,,0.0,0.001,,,,,0.003,0.003,,,,
693,0.138,,0.002,0.066,2.2005000000000003,0.076,,0.025,0.098,,,,1.4705,,0.0,0.001,,,,,0.003,0.0025,,,,
694,0.1385,,0.002,0.066,0.1965,0.076,,0.025,0.499,,,,1.4715,,0.0,0.001,,,,,0.003,0.0025,,,,
695,0.1385,,0.002,0.066,0.17750000000000002,0.076,,0.025,0.5875,,,,1.4685000000000001,,0.0,0.001,,,,,0.003,0.0025,,,,
696,0.1385,,0.002,0.066,0.4765,0.076,,0.025,0.45649999999999996,,,,1.457,,0.0,0.001,,,,,0.003,0.002,,,,
697,0.1385,,0.002,0.066,0.308,0.076,,0.025,0.3585,,,,1.4555,,0.0,0.001,,,,,0.003,0.0025,,,,
698,0.138,,0.002,0.066,6.074000000000001,0.076,,0.025,2.1540000000000004,,,,1.4585,,0.0,0.001,,,,,0.003,0.002,,,,
699,0.138,,0.002,0.066,0.307,0.076,,0.025,0.2315,,,,1.457,,0.0,0.001,,,,,0.003,0.002,,,,
700,0.1385,,0.002,0.066,0.17400000000000002,0.076,,0.025,0.17950000000000002,,,,1.4585,,0.0,0.001,,,,,0.003,0.003,,,,
701,0.139,,0.002,0.066,0.388,0.076,,0.025,1.5615,,,,1.462,,0.0,0.001,,,,,0.003,0.002,,,,
702,0.1385,,0.002,0.066,1.9775,0.076,,0.025,0.46199999999999997,,,,1.4635,,0.0,0.001,,,,,0.003,0.0025,,,,
703,0.1385,,0.002,0.066,0.225,0.0765,,0.025,0.38,,,,1.4645000000000001,,0.0,0.001,,,,,0.003,0.0025,,,,
704,0.138,,0.002,0.066,1.2785,0.076,,0.025,0.58,,,,1.4595,,0.0,0.001,,,,,0.003,0.0025,,,,
705,0.138,,0.002,0.066,0.2855,0.0765,,0.025,0.1905,,,,1.4645000000000001,,0.0,0.001,,,,,0.003,0.0025,,,,
706,0.138,,0.002,0.066,0.26,0.076,,0.025,0.968,,,,1.465,,0.0,0.001,,,,,0.003,0.002,,,,
707,0.138,,0.002,0.066,0.6465,0.076,,0.025,0.7055,,,,1.4625,,0.0,0.001,,,,,0.003,0.0025,,,,
708,0.138,,0.002,0.066,2.6965,0.076,,0.025,0.469,,,,1.463,,0.0,0.001,,,,,0.003,0.0025,,,,
709,0.1385,,0.002,0.066,7.006,0.076,,0.025,1.997,,,,1.4645000000000001,,0.0,0.001,,,,,0.003,0.002,,,,
710,0.1385,,0.002,0.066,0.6,0.076,,0.025,0.7060000000000001,,,,1.475,,0.0,0.001,,,,,0.003,0.002,,,,
711,0.1375,,0.002,0.066,0.5865,0.076,,0.025,0.3845,,,,1.4660000000000002,,0.0,0.001,,,,,0.003,0.0025,,,,
712,0.1385,,0.002,0.066,0.265,0.076,,0.025,2.294,,,,1.4635,,0.0,0.001,,,,,0.003,0.0025,,,,
713,0.1385,,0.002,0.066,0.678,0.076,,0.025,1.1395,,,,1.4645000000000001,,0.0,0.001,,,,,0.003,0.0025,,,,
714,0.138,,0.002,0.066,0.21100000000000002,0.076,,0.025,0.5625,,,,1.4745,,0.0,0.001,,,,,0.003,0.003,,,,
715,0.138,,0.002,0.066,0.121,0.076,,0.025,0.1215,,,,1.465,,0.0,0.001,,,,,0.003,0.003,,,,
716,0.139,,0.002,0.066,0.664,0.0755,,0.025,0.1575,,,,1.465,,0.0,0.001,,,,,0.003,0.002,,,,
717,0.138,,0.002,0.066,0.2935,0.076,,0.025,0.476,,,,1.4655,,0.0,0.001,,,,,0.003,0.0025,,,,
718,0.138,,0.002,0.0655,0.382,0.076,,0.025,0.304,,,,1.4675,,0.0,0.001,,,,,0.003,0.0025,,,,
719,0.1385,,0.002,0.066,0.199,0.076,,0.025,0.9675,,,,1.467,,0.0,0.001,,,,,0.003,0.0025,,,,
720,0.139,,0.002,0.0655,0.1965,0.076,,0.025,3.1935,,,,1.467,,0.0,0.001,,,,,0.003,0.002,,,,
721,0.138,,0.002,0.066,0.5085000000000001,0.076,,0.025,0.448,,,,1.4700000000000002,,0.0,0.001,,,,,0.003,0.0025,,,,
722,0.138,,0.002,0.066,0.5900000000000001,0.076,,0.025,0.696,,,,1.4705,,0.0,0.001,,,,,0.003,0.002,,,,
723,0.138,,0.002,0.0665,0.23750000000000002,0.076,,0.025,0.327,,,,1.4675,,0.0,0.001,,,,,0.003,0.002,,,,
724,0.138,,0.003,0.066,1.7305,0.076,,0.025,0.6755000000000001,,,,1.473,,0.0,0.001,,,,,0.003,0.0025,,,,
725,0.138,,0.002,0.066,0.7265,0.076,,0.025,0.5940000000000001,,,,1.4695,,0.0,0.001,,,,,0.003,0.0025,,,,
726,0.138,,0.002,0.066,0.3605,0.076,,0.025,0.6930000000000001,,,,1.4715,,0.0,0.001,,,,,0.003,0.002,,,,
727,0.5780000000000001,,0.0405,0.3365,1.4740000000000002,0.40850000000000003,,0.1255,2.286,,,0.1975,1.4595,,0.0,0.002,,,,,0.0205,0.019,,,,
728,0.577,,0.0405,0.34,1.0715,0.41450000000000004,,0.128,1.8170000000000002,,,0.3135,1.4605000000000001,,0.0,0.002,,,,,0.0205,0.019,,,,
729,0.5740000000000001,,0.0405,0.3415,1.014,0.4195,,0.1275,1.6225,,,0.41800000000000004,1.4585,,0.0,0.002,,,,,0.02,0.019,,,,
730,0.579,,0.0405,0.3405,1.8775,0.41100000000000003,,0.1275,2.5010000000000003,,,0.164,1.459,,0.0,0.0016666666666666668,,,,,0.0205,0.019,,,,
731,0.4275,,0.013500000000000002,0.17250000000000001,0.785,0.214,,0.066,1.4409999999999998,,,0.1325,1.518,,0.0,0.0015000000000000002,,,,,0.013000000000000001,0.012,,,,
732,0.5854999999999999,,0.04,0.336,1.6455,0.41350000000000003,,0.126,2.7430000000000003,,,0.196,1.4775,,0.0,0.002,,,,,0.02,0.019,,,,
733,0.4315,,0.0155,0.1915,0.833,0.28350000000000003,,0.07250000000000001,2.2325,,,0.187,1.4685000000000001,,0.0,0.0015000000000000002,,,,,0.014,0.013500000000000002,,,,
734,0.5774999999999999,,0.0405,0.341,1.0,0.41350000000000003,,0.1275,1.6275,,,0.193,1.4329999999999998,,0.0,0.002,,,,,0.02,0.019,,,,
735,0.579,,0.0405,0.3395,1.3860000000000001,0.41350000000000003,,0.128,1.9115,,,0.316,1.432,,0.0,0.002,,,,,0.02,0.019,,,,
736,0.577,,0.0405,0.3395,1.2135,0.40850000000000003,,0.1275,1.533,,,0.41000000000000003,1.431,,0.0,0.002,,,,,0.0205,0.019,,,,
737,0.5785,,0.0405,0.3375,0.9710000000000001,0.40850000000000003,,0.127,1.653,,,0.512,1.4255,,0.0,0.002,,,,,0.02,0.019,,,,
738,0.5780000000000001,,0.0405,0.34,1.6335,0.40900000000000003,,0.128,2.25,,,0.619,1.4220000000000002,,0.0,0.0023333333333333335,,,,,0.0205,0.019,,,,
739,0.5695,,0.026500000000000003,0.2675,1.137,0.2955,,0.123,0.904,,,0.14150000000000001,1.415,,0.0,0.0016666666666666668,,,,,0.018000000000000002,0.017,,,,
740,0.139,,0.002,0.066,5.8845,0.076,,0.025,1.6675,,,,1.468,,0.0,0.001,,,,,0.003,0.003,,,,
741,0.138,,0.002,0.066,0.20950000000000002,0.076,,0.025,0.7615000000000001,,,,1.4755,,0.0,0.001,,,,,0.003,0.003,,,,
742,0.139,,0.002,0.066,0.24550000000000002,0.076,,0.025,2.845,,,,1.473,,0.0,0.001,,,,,0.003,0.0025,,,,
743,0.138,,0.002,0.066,0.5085000000000001,0.076,,0.025,0.7915000000000001,,,,1.4765000000000001,,0.0,0.001,,,,,0.003,0.0025,,,,
744,0.1385,,0.002,0.066,0.24250000000000002,0.076,,0.025,0.632,,,,1.4769999999999999,,0.0,0.001,,,,,0.003,0.002,,,,
745,0.138,,0.002,0.0655,0.5165000000000001,0.076,,0.025,0.959,,,,1.471,,0.0,0.001,,,,,0.003,0.0025,,,,
746,0.138,,0.002,0.066,0.5885,0.076,,0.025,0.5,,,,1.4689999999999999,,0.0,0.001,,,,,0.003,0.002,,,,
747,0.1385,,0.002,0.066,0.0865,0.076,,0.025,0.0875,,,,1.4775,,0.0,0.001,,,,,0.003,0.002,,,,
748,0.138,,0.002,0.066,0.1405,0.076,,0.025,0.723,,,,1.4725000000000001,,0.0,0.001,,,,,0.003,0.0025,,,,
749,0.1385,,0.002,0.066,0.5055000000000001,0.076,,0.025,1.5710000000000002,,,,1.475,,0.0,0.001,,,,,0.003,0.002,,,,
750,0.138,,0.002,0.066,0.1505,0.076,,0.025,0.23850000000000002,,,,1.4755,,0.0,0.001,,,,,0.003,0.002,,,,
751,0.138,,0.002,0.066,2.7295,0.076,,0.025,3.7390000000000003,,,,1.4740000000000002,,0.0,0.001,,,,,0.003,0.002,,,,
752,0.1385,,0.002,0.066,1.438,0.076,,0.025,1.8880000000000001,,,,1.4725000000000001,,0.0,0.001,,,,,0.003,0.0025,,,,
753,0.138,,0.002,0.066,0.2015,0.076,,0.025,0.217,,,,1.473,,0.0,0.001,,,,,0.003,0.003,,,,
754,0.1385,,0.002,0.066,0.167,0.076,,0.025,0.2535,,,,1.482,,0.0,0.001,,,,,0.003,0.002,,,,
755,0.1385,,0.002,0.066,0.378,0.076,,0.025,1.9565000000000001,,,,1.4785,,0.0,0.001,,,,,0.003,0.0025,,,,
756,0.138,,0.002,0.066,0.118,0.076,,0.025,0.445,,,,1.4795,,0.0,0.001,,,,,0.003,0.0025,,,,
757,0.1385,,0.002,0.066,0.11549999999999999,0.076,,0.025,0.17,,,,1.477,,0.0,0.001,,,,,0.003,0.0025,,,,
758,0.138,,0.002,0.066,1.0935,0.076,,0.025,0.417,,,,1.4815,,0.0,0.001,,,,,0.003,0.002,,,,
759,0.138,,0.002,0.066,0.2515,0.076,,0.025,0.7735,,,,1.4805000000000001,,0.0,0.001,,,,,0.003,0.0025,,,,
760,0.1385,,0.002,0.066,0.11649999999999999,0.076,,0.025,0.3635,,,,1.479,,0.0,0.001,,,,,0.003,0.002,,,,
761,0.138,,0.002,0.066,0.098,0.076,,0.025,0.557,,,,1.4835,,0.0,0.001,,,,,0.003,0.003,,,,
762,0.1375,,0.002,0.066,0.21050000000000002,0.076,,0.025,2.5045,,,,1.4835,,0.0,0.001,,,,,0.003,0.002,,,,
763,0.139,,0.002,0.066,0.1575,0.076,,0.025,1.1845,,,,1.488,,0.0,0.001,,,,,0.003,0.002,,,,
764,0.138,,0.002,0.066,0.5365,0.076,,0.025,0.791,,,,1.4875,,0.0,0.001,,,,,0.003,0.003,,,,
765,0.1385,,0.002,0.066,0.39799999999999996,0.076,,0.025,0.27,,,,1.485,,0.0,0.001,,,,,0.003,0.0025,,,,
766,0.1385,,0.002,0.0655,0.3495,0.0765,,0.025,0.20800000000000002,,,,1.4895,,0.0,0.001,,,,,0.003,0.003,,,,
767,0.1385,,0.002,0.066,0.4265,0.076,,0.025,3.245,,,,1.4885000000000002,,0.0,0.001,,,,,0.003,0.0025,,,,
768,0.138,,0.002,0.066,0.0985,0.076,,0.025,0.309,,,,1.4895,,0.0,0.001,,,,,0.003,0.002,,,,
769,0.138,,0.002,0.0655,0.08499999999999999,0.076,,0.025,2.1325000000000003,,,,1.4889999999999999,,0.0,0.001,,,,,0.003,0.0025,,,,
770,0.1385,,0.002,0.066,0.5840000000000001,0.0765,,0.025,0.5475000000000001,,,,1.488,,0.0,0.001,,,,,0.003,0.002,,,,
771,0.138,,0.002,0.066,0.4735,0.076,,0.025,0.4825,,,,1.491,,0.0,0.001,,,,,0.003,0.0025,,,,
772,0.138,,0.002,0.066,7.268,0.076,,0.025,1.1340000000000001,,,,1.4905,,0.0,0.001,,,,,0.003,0.002,,,,
773,0.138,,0.002,0.066,3.274,0.076,,0.025,1.7795,,,,1.4915,,0.0,0.001,,,,,0.003,0.0025,,,,
774,0.138,,0.002,0.066,0.315,0.076,,0.025,0.1885,,,,1.4895,,0.0,0.001,,,,,0.003,0.0025,,,,
775,0.138,,0.002,0.066,0.4205,0.076,,0.025,0.501,,,,1.487,,0.0,0.001,,,,,0.003,0.0025,,,,
776,0.138,,0.002,0.066,1.1125,0.076,,0.025,1.1145,,,,1.4860000000000002,,0.0,0.001,,,,,0.003,0.0025,,,,
777,0.1385,,0.002,0.066,0.097,0.076,,0.025,0.5790000000000001,,,,1.4835,,0.0,0.001,,,,,0.003,0.002,,,,
778,0.138,,0.002,0.066,0.46849999999999997,0.076,,0.025,0.679,,,,1.483,,0.0,0.001,,,,,0.003,0.002,,,,
779,0.138,,0.002,0.066,2.68,0.076,,0.025,0.9815,,,,1.481,,0.0,0.001,,,,,0.003,0.0025,,,,
780,0.1385,,0.002,0.066,0.525,0.076,,0.025,0.231,,,,1.4785,,0.0,0.001,,,,,0.003,0.0025,,,,
781,0.138,,0.002,0.066,0.4555,0.076,,0.025,0.594,,,,1.484,,0.0,0.001,,,,,0.003,0.003,,,,
782,0.138,,0.003,0.066,0.20400000000000001,0.0755,,0.025,0.5465000000000001,,,,1.483,,0.0,0.001,,,,,0.003,0.003,,,,
783,0.138,,0.002,0.066,0.40399999999999997,0.076,,0.025,2.6255,,,,1.4885000000000002,,0.0,0.001,,,,,0.003,0.003,,,,
784,0.138,,0.002,0.0655,0.201,0.076,,0.025,2.759,,,,1.4855,,0.0,0.001,,,,,0.003,0.0025,,,,
785,0.1385,,0.002,0.066,0.14,0.076,,0.025,0.33799999999999997,,,,1.484,,0.0,0.001,,,,,0.003,0.002,,,,
786,0.138,,0.002,0.066,3.5445,0.076,,0.025,6.0445,,,,1.486,,0.0,0.001,,,,,0.003,0.0025,,,,
787,0.1385,,0.002,0.066,0.233,0.076,,0.025,2.7385,,,,1.4905,,0.0,0.001,,,,,0.003,0.0025,,,,
788,0.1385,,0.002,0.066,0.32699999999999996,0.076,,0.025,0.151,,,,1.4895,,0.0,0.001,,,,,0.003,0.002,,,,
789,0.1385,,0.002,0.066,3.197,0.076,,0.025,0.23950000000000002,,,,1.49,,0.0,0.001,,,,,0.003,0.0025,,,,
790,0.1385,,0.002,0.066,0.2015,0.076,,0.025,1.6325,,,,1.4895,,0.0,0.001,,,,,0.003,0.002,,,,
791,0.138,,0.002,0.066,0.167,0.0755,,0.025,0.132,,,,1.4849999999999999,,0.0,0.001,,,,,0.003,0.0025,,,,
792,0.138,,0.002,0.066,0.6849999999999999,0.076,,0.025,0.10650000000000001,,,,1.488,,0.0,0.001,,,,,0.003,0.003,,,,
793,0.5814999999999999,,0.0405,0.337,0.9810000000000001,0.41300000000000003,,0.1265,2.3455,,,0.1985,1.5290000000000001,,0.0,0.002,,,,,0.02,0.019,,,,
794,0.17350000000000002,,0.006,0.094,0.3095,0.111,,0.032,2.5725000000000002,,,0.0645,1.4980000000000002,,0.0,0.001,,,,,0.006,0.006,,,,
795,0.138,,0.002,0.066,0.2455,0.076,,0.025,0.34700000000000003,,,,1.4795,,0.0,0.001,,,,,0.003,0.0025,,,,
796,0.138,,0.002,0.066,0.277,0.076,,0.025,0.382,,,,1.4855,,0.0,0.001,,,,,0.003,0.0025,,,,
797,0.1385,,0.002,0.066,0.1345,0.076,,0.025,0.6325000000000001,,,,1.4855,,0.0,0.001,,,,,0.003,0.002,,,,
798,0.138,,0.002,0.066,3.99,0.076,,0.025,3.3145,,,,1.4815,,0.0,0.001,,,,,0.003,0.0025,,,,
799,0.1385,,0.002,0.066,0.347,0.076,,0.025,0.326,,,,1.48,,0.0,0.001,,,,,0.003,0.003,,,,
800,0.139,,0.002,0.066,0.475,0.076,,0.025,1.0155,,,,1.4825,,0.0,0.001,,,,,0.003,0.002,,,,
801,0.5834999999999999,,0.0405,0.339,1.5715000000000001,0.4175,,0.126,1.3745,,,0.1965,1.5325000000000002,,0.0,0.002,,,,,0.02,0.019,,,,
802,0.296,,0.01,0.1535,0.6965,0.1995,,0.0605,0.5800000000000001,,,0.116,1.5110000000000001,,0.0,0.0013333333333333333,,,,,0.01,0.009000000000000001,,,,
803,0.1385,,0.002,0.066,0.1755,0.076,,0.025,1.059,,,,1.484,,0.0,0.001,,,,,0.003,0.002,,,,
804,0.1385,,0.002,0.066,0.578,0.076,,0.025,0.5525,,,,1.4855,,0.0,0.001,,,,,0.003,0.002,,,,
805,0.138,,0.002,0.066,0.276,0.076,,0.025,0.2965,,,,1.4849999999999999,,0.0,0.001,,,,,0.003,0.0025,,,,
806,0.1385,,0.002,0.066,0.2325,0.0755,,0.025,2.562,,,,1.4875,,0.0,0.001,,,,,0.003,0.0025,,,,
807,0.138,,0.002,0.066,0.8295,0.076,,0.025,0.5015000000000001,,,,1.488,,0.0,0.001,,,,,0.003,0.002,,,,
808,0.138,,0.002,0.066,4.2075000000000005,0.076,,0.025,2.386,,,,1.4889999999999999,,0.0,0.001,,,,,0.003,0.0025,,,,
809,0.138,,0.002,0.066,0.20350000000000001,0.0755,,0.025,0.15,,,,1.4895,,0.0,0.001,,,,,0.003,0.002,,,,
810,0.138,,0.002,0.066,0.5685,0.0755,,0.025,0.0935,,,,1.491,,0.0,0.001,,,,,0.003,0.0025,,,,
811,0.1385,,0.002,0.066,0.17500000000000002,0.076,,0.025,0.1955,,,,1.4885000000000002,,0.0,0.001,,,,,0.003,0.003,,,,
812,0.138,,0.002,0.0655,0.25,0.076,,0.025,0.88,,,,1.4895,,0.0,0.001,,,,,0.003,0.0025,,,,
813,0.138,,0.002,0.066,1.393,0.076,,0.025,1.446,,,,1.4875,,0.0,0.001,,,,,0.003,0.003,,,,
814,0.1385,,0.002,0.066,4.2509999999999994,0.076,,0.025,3.0585,,,,1.4929999999999999,,0.0,0.001,,,,,0.003,0.0025,,,,
815,0.138,,0.002,0.066,0.23550000000000001,0.0755,,0.025,0.4395,,,,1.4885000000000002,,0.0,0.001,,,,,0.003,0.002,,,,
816,0.138,,0.002,0.066,0.3135,0.0755,,0.025,1.566,,,,1.4965000000000002,,0.0,0.001,,,,,0.003,0.002,,,,
817,0.138,,0.002,0.066,5.0925,0.0765,,0.025,3.8755,,,,1.4925000000000002,,0.0,0.001,,,,,0.003,0.002,,,,
818,0.138,,0.002,0.066,0.27849999999999997,0.076,,0.025,0.7325,,,,1.492,,0.0,0.001,,,,,0.003,0.002,,,,
819,0.138,,0.002,0.066,5.616,0.076,,0.025,5.619,,,,1.4955,,0.0,0.001,,,,,0.003,0.0025,,,,
820,0.138,,0.002,0.066,0.17250000000000001,0.076,,0.025,0.21200000000000002,,,,1.4965000000000002,,0.0,0.001,,,,,0.003,0.002,,,,
821,0.138,,0.002,0.066,0.3085,0.076,,0.025,0.10650000000000001,,,,1.4895,,0.0,0.001,,,,,0.003,0.0025,,,,
822,0.1385,,0.002,0.066,0.226,0.076,,0.025,0.1215,,,,1.498,,0.0,0.001,,,,,0.003,0.0025,,,,
823,0.1385,,0.002,0.066,0.32999999999999996,0.076,,0.025,1.0615,,,,1.4969999999999999,,0.0,0.001,,,,,0.003,0.0025,,,,
824,0.1385,,0.002,0.0665,0.0815,0.0755,,0.025,0.3705,,,,1.5,,0.0,0.001,,,,,0.003,0.0025,,,,
825,0.138,,0.002,0.066,0.257,0.076,,0.025,0.3215,,,,1.495,,0.0,0.001,,,,,0.003,0.0025,,,,
826,0.1385,,0.002,0.066,0.1455,0.076,,0.025,1.2005000000000001,,,,1.4985,,0.0,0.001,,,,,0.003,0.0025,,,,
827,0.1385,,0.002,0.066,0.222,0.076,,0.025,1.014,,,,1.4955,,0.0,0.001,,,,,0.003,0.003,,,,
828,0.138,,0.002,0.066,0.3155,0.076,,0.025,0.6445000000000001,,,,1.496,,0.0,0.001,,,,,0.003,0.002,,,,
829,0.138,,0.0025,0.066,0.501,0.076,,0.025,0.10300000000000001,,,,1.4980000000000002,,0.0,0.001,,,,,0.003,0.002,,,,
830,0.138,,0.002,0.066,0.269,0.076,,0.025,0.16,,,,1.5005000000000002,,0.0,0.001,,,,,0.003,0.002,,,,
831,0.138,,0.002,0.066,0.1205,0.076,,0.025,2.5945,,,,1.5,,0.0,0.001,,,,,0.003,0.0025,,,,
832,0.1385,,0.002,0.0665,0.366,0.076,,0.025,0.1405,,,,1.4649999999999999,,0.0,0.001,,,,,0.003,0.003,,,,
833,0.1385,,0.002,0.066,0.5405000000000001,0.076,,0.025,0.20350000000000001,,,,1.4615,,0.0,0.001,,,,,0.003,0.0025,,,,
834,0.138,,0.002,0.066,0.772,0.076,,0.025,0.319,,,,1.4665,,0.0,0.001,,,,,0.003,0.002,,,,
835,0.138,,0.002,0.066,0.546,0.076,,0.025,1.022,,,,1.4625,,0.0,0.001,,,,,0.003,0.002,,,,
836,0.138,,0.002,0.066,0.2865,0.076,,0.025,0.2215,,,,1.4665,,0.0,0.001,,,,,0.003,0.003,,,,
837,0.138,,0.002,0.066,0.3,0.076,,0.025,0.24600000000000002,,,,1.4675,,0.0,0.001,,,,,0.003,0.003,,,,
838,0.1375,,0.002,0.066,1.2845000000000002,0.076,,0.025,0.5335,,,,1.4660000000000002,,0.0,0.001,,,,,0.003,0.0025,,,,
839,0.139,,0.002,0.066,0.33049999999999996,0.0755,,0.025,0.694,,,,1.4665,,0.0,0.001,,,,,0.003,0.003,,,,
840,0.5874999999999999,,0.0405,0.338,1.8875,0.41900000000000004,,0.125,1.437,,,0.197,1.5105,,0.0,0.002,,,,,0.02,0.019,,,,
841,0.433,,0.0195,0.2725,0.91,0.271,,0.1085,0.9530000000000001,,,0.215,1.4995,,0.0,0.002,,,,,0.016,0.015,,,,
842,0.1385,,0.002,0.066,0.1895,0.076,,0.025,0.637,,,,1.472,,0.0,0.001,,,,,0.003,0.0025,,,,
843,0.138,,0.002,0.066,0.20350000000000001,0.076,,0.025,0.14250000000000002,,,,1.469,,0.0,0.001,,,,,0.003,0.0025,,,,
844,0.138,,0.002,0.0655,0.2725,0.076,,0.025,0.7405,,,,1.466,,0.0,0.001,,,,,0.003,0.0025,,,,
845,0.138,,0.002,0.066,0.8125,0.076,,0.025,0.2025,,,,1.4715,,0.0,0.001,,,,,0.003,0.0025,,,,
846,0.1385,,0.002,0.066,0.11000000000000001,0.076,,0.025,1.5575,,,,1.4745,,0.0,0.001,,,,,0.003,0.003,,,,
847,0.1385,,0.002,0.0655,0.32,0.076,,0.025,0.5665,,,,1.4715,,0.0,0.001,,,,,0.003,0.0025,,,,
848,0.5874999999999999,,0.0405,0.336,1.421,0.4185,,0.125,1.051,,,0.197,1.5140000000000002,,0.0,0.002,,,,,0.0205,0.019,,,,
849,0.5775,,0.0405,0.3385,2.9685,0.41500000000000004,,0.1255,0.9795,,,0.15416666666666667,1.4805000000000001,,0.0,0.0016666666666666668,,,,,0.02,0.019,,,,
850,0.5845,,0.0405,0.337,1.139,0.41300000000000003,,0.126,2.8155,,,0.2175,1.5215,,0.0,0.002,,,,,0.02,0.019,,,,
851,0.426,,0.014,0.1875,1.05,0.2775,,0.07200000000000001,0.8734999999999999,,,0.177,1.5045000000000002,,0.0,0.0015000000000000002,,,,,0.013000000000000001,0.0125,,,,
852,0.1385,,0.002,0.066,0.0905,0.076,,0.025,0.28200000000000003,,,,1.4769999999999999,,0.0,0.001,,,,,0.003,0.0025,,,,
853,0.1385,,0.002,0.066,0.1945,0.076,,0.025,0.3025,,,,1.477,,0.0,0.001,,,,,0.003,0.002,,,,
854,0.138,,0.002,0.066,0.145,0.076,,0.025,0.144,,,,1.48,,0.0,0.001,,,,,0.003,0.0025,,,,
855,0.138,,0.002,0.0655,0.422,0.076,,0.025,0.291,,,,1.4795,,0.0,0.001,,,,,0.003,0.003,,,,
856,0.138,,0.002,0.066,0.2175,0.076,,0.025,1.4500000000000002,,,,1.4769999999999999,,0.0,0.001,,,,,0.003,0.003,,,,
857,0.139,,0.002,0.0665,0.316,0.076,,0.025,0.8140000000000001,,,,1.487,,0.0,0.001,,,,,0.003,0.002,,,,
858,0.1385,,0.002,0.066,0.6045,0.076,,0.025,0.4145,,,,1.4825,,0.0,0.001,,,,,0.003,0.002,,,,
859,0.138,,0.002,0.066,0.5265,0.076,,0.025,0.7265,,,,1.4835,,0.0,0.001,,,,,0.003,0.0025,,,,
860,0.138,,0.002,0.066,0.318,0.076,,0.025,0.7845,,,,1.4875,,0.0,0.001,,,,,0.003,0.0025,,,,
861,0.138,,0.002,0.066,0.515,0.076,,0.025,0.485,,,,1.4845000000000002,,0.0,0.001,,,,,0.003,0.002,,,,
862,0.1385,,0.002,0.066,0.519,0.076,,0.025,0.4765,,,,1.486,,0.0,0.001,,,,,0.003,0.002,,,,
863,0.1385,,0.002,0.066,0.491,0.076,,0.025,0.34049999999999997,,,,1.4815,,0.0,0.001,,,,,0.003,0.0025,,,,
864,0.138,,0.002,0.066,1.7195,0.076,,0.025,2.947,,,,1.4865,,0.0,0.001,,,,,0.003,0.002,,,,
865,0.4445,,0.02,0.2675,0.7715,0.2755,,0.111,1.612,,,0.034916666666666665,1.5150000000000001,,0.0,0.001,,,,,0.017,0.015,,,,
866,0.1385,,0.002,0.066,0.052000000000000005,0.0765,,0.025,0.31050000000000005,,,,1.463,,0.0,0.001,,,,,0.003,0.0025,,,,
867,0.138,,0.002,0.066,0.524,0.076,,0.025,0.582,,,,1.4645000000000001,,0.0,0.001,,,,,0.003,0.0025,,,,
868,0.1385,,0.002,0.066,0.442,0.076,,0.025,0.9,,,,1.467,,0.0,0.001,,,,,0.003,0.002,,,,
869,0.1385,,0.002,0.066,0.311,0.076,,0.025,0.24450000000000002,,,,1.468,,0.0,0.001,,,,,0.003,0.0025,,,,
870,0.138,,0.002,0.066,0.39649999999999996,0.076,,0.025,0.9095000000000001,,,,1.465,,0.0,0.001,,,,,0.003,0.002,,,,
871,0.138,,0.002,0.066,0.414,0.076,,0.025,0.31,,,,1.4665,,0.0,0.001,,,,,0.003,0.0025,,,,
872,0.139,,0.002,0.066,0.14450000000000002,0.076,,0.025,0.6174999999999999,,,,1.4705,,0.0,0.001,,,,,0.003,0.0025,,,,
873,0.138,,0.002,0.066,1.4740000000000002,0.076,,0.025,1.2935,,,,1.4695,,0.0,0.001,,,,,0.003,0.0025,,,,
874,0.138,,0.002,0.066,0.3265,0.076,,0.025,3.106,,,,1.471,,0.0,0.001,,,,,0.003,0.0025,,,,
875,0.138,,0.002,0.066,0.2685,0.0765,,0.025,0.2015,,,,1.4620000000000002,,0.0,0.001,,,,,0.003,0.0025,,,,
876,0.1385,,0.002,0.066,0.46249999999999997,0.076,,0.025,0.5455,,,,1.472,,0.0,0.001,,,,,0.003,0.0025,,,,
877,0.1385,,0.002,0.066,0.3125,0.076,,0.025,2.117,,,,1.4555,,0.0,0.001,,,,,0.003,0.0025,,,,
878,0.138,,0.002,0.066,1.7535,0.076,,0.025,4.4855,,,,1.454,,0.0,0.001,,,,,0.003,0.0025,,,,
879,0.139,,0.002,0.066,0.318,0.076,,0.025,0.1385,,,,1.4575,,0.0,0.001,,,,,0.003,0.0025,,,,
880,0.138,,0.002,0.066,2.4090000000000003,0.076,,0.025,2.0235,,,,1.4555,,0.0,0.001,,,,,0.003,0.0025,,,,
881,0.1385,,0.002,0.066,2.039,0.076,,0.025,4.0945,,,,1.453,,0.0,0.001,,,,,0.003,0.0025,,,,
882,0.139,,0.002,0.066,0.271,0.076,,0.025,0.24600000000000002,,,,1.4569999999999999,,0.0,0.001,,,,,0.003,0.003,,,,
883,0.1385,,0.002,0.0665,1.1595,0.076,,0.025,0.46849999999999997,,,,1.4595,,0.0,0.001,,,,,0.003,0.0025,,,,
884,0.138,,0.002,0.066,0.2295,0.076,,0.025,2.2545,,,,1.4605000000000001,,0.0,0.001,,,,,0.003,0.0025,,,,
885,0.1385,,0.002,0.066,0.1905,0.076,,0.025,0.296,,,,1.4585,,0.0,0.001,,,,,0.003,0.0025,,,,
886,0.138,,0.002,0.066,0.441,0.076,,0.025,0.2855,,,,1.4605000000000001,,0.0,0.001,,,,,0.003,0.003,,,,
887,0.138,,0.002,0.066,2.215,0.0755,,0.025,2.1505,,,,1.462,,0.0,0.001,,,,,0.003,0.003,,,,
888,0.138,,0.002,0.066,0.3675,0.0765,,0.025,0.2975,,,,1.456,,0.0,0.001,,,,,0.003,0.002,,,,
889,0.138,,0.002,0.066,0.4745,0.076,,0.025,0.199,,,,1.4665,,0.0,0.001,,,,,0.003,0.002,,,,
890,0.1385,,0.002,0.066,0.2585,0.076,,0.025,0.8795,,,,1.468,,0.0,0.001,,,,,0.003,0.0025,,,,
891,0.138,,0.002,0.066,0.20450000000000002,0.076,,0.025,0.10850000000000001,,,,1.4645000000000001,,0.0,0.001,,,,,0.003,0.0025,,,,
892,0.139,,0.002,0.066,0.4475,0.0765,,0.025,0.119,,,,1.4660000000000002,,0.0,0.001,,,,,0.003,0.003,,,,
893,0.138,,0.002,0.066,0.46499999999999997,0.076,,0.025,0.225,,,,1.4665,,0.0,0.001,,,,,0.003,0.002,,,,
894,0.1385,,0.002,0.066,0.495,0.076,,0.025,0.479,,,,1.4635,,0.0,0.001,,,,,0.003,0.003,,,,
895,0.139,,0.002,0.066,3.4635000000000002,0.076,,0.025,2.6265,,,,1.464,,0.0,0.001,,,,,0.003,0.003,,,,
896,0.138,,0.002,0.066,0.814,0.076,,0.025,1.0595,,,,1.462,,0.0,0.001,,,,,0.003,0.0025,,,,
897,0.1385,,0.002,0.066,0.5905,0.076,,0.025,0.20550000000000002,,,,1.459,,0.0,0.001,,,,,0.003,0.002,,,,
898,0.138,,0.002,0.066,0.2675,0.076,,0.025,1.9335,,,,1.4609999999999999,,0.0,0.001,,,,,0.003,0.003,,,,
899,0.1385,,0.002,0.066,0.5455,0.076,,0.025,0.503,,,,1.458,,0.0,0.001,,,,,0.003,0.0025,,,,
900,0.138,,0.0025,0.066,0.381,0.076,,0.025,0.2745,,,,1.4585,,0.0,0.001,,,,,0.003,0.003,,,,
901,0.138,,0.002,0.066,1.7395,0.076,,0.025,0.757,,,,1.465,,0.0,0.001,,,,,0.003,0.003,,,,
902,0.138,,0.002,0.066,0.6385,0.076,,0.025,1.5730000000000002,,,,1.46,,0.0,0.001,,,,,0.003,0.0025,,,,
903,0.138,,0.002,0.0655,0.23950000000000002,0.076,,0.025,0.21300000000000002,,,,1.467,,0.0,0.001,,,,,0.003,0.002,,,,
904,0.1385,,0.002,0.066,0.159,0.076,,0.025,0.1635,,,,1.461,,0.0,0.001,,,,,0.003,0.002,,,,
905,0.138,,0.002,0.066,0.471,0.076,,0.025,1.568,,,,1.4595,,0.0,0.001,,,,,0.003,0.002,,,,
906,0.138,,0.002,0.066,0.4505,0.076,,0.025,0.289,,,,1.4620000000000002,,0.0,0.001,,,,,0.003,0.002,,,,
907,0.138,,0.002,0.066,0.45599999999999996,0.076,,0.025,0.278,,,,1.4625,,0.0,0.001,,,,,0.003,0.002,,,,
908,0.138,,0.0025,0.066,0.421,0.076,,0.025,0.231,,,,1.4660000000000002,,0.0,0.001,,,,,0.003,0.002,,,,
909,0.1385,,0.002,0.066,0.197,0.076,,0.025,0.084,,,,1.459,,0.0,0.001,,,,,0.003,0.0025,,,,
910,0.1385,,0.002,0.066,0.2955,0.076,,0.025,1.0330000000000001,,,,1.4635,,0.0,0.001,,,,,0.003,0.003,,,,
911,0.1385,,0.002,0.066,1.984,0.076,,0.025,3.1105000000000005,,,,1.4649999999999999,,0.0,0.001,,,,,0.003,0.0025,,,,
912,0.1385,,0.002,0.066,0.295,0.076,,0.025,0.6075,,,,1.461,,0.0,0.001,,,,,0.003,0.003,,,,
913,0.138,,0.002,0.066,0.39899999999999997,0.076,,0.025,0.491,,,,1.468,,0.0,0.001,,,,,0.003,0.0025,,,,
914,0.1385,,0.002,0.066,0.5599999999999999,0.076,,0.025,1.3665,,,,1.4685000000000001,,0.0,0.001,,,,,0.003,0.002,,,,
915,0.138,,0.002,0.066,0.314,0.076,,0.025,2.9285,,,,1.47,,0.0,0.001,,,,,0.003,0.0025,,,,
916,0.1385,,0.002,0.066,0.27999999999999997,0.076,,0.025,0.444,,,,1.4660000000000002,,0.0,0.001,,,,,0.003,0.0025,,,,
917,0.138,,0.002,0.066,0.5555,0.076,,0.025,0.9775,,,,1.4675,,0.0,0.001,,,,,0.003,0.0025,,,,
918,0.139,,0.002,0.066,0.21500000000000002,0.076,,0.025,0.33649999999999997,,,,1.4675,,0.0,0.001,,,,,0.003,0.0025,,,,
919,0.1385,,0.002,0.066,0.26,0.076,,0.025,0.201,,,,1.47,,0.0,0.001,,,,,0.003,0.0025,,,,
920,0.139,,0.002,0.066,0.477,0.076,,0.025,0.948,,,,1.4695,,0.0,0.001,,,,,0.003,0.0025,,,,
921,0.138,,0.002,0.066,0.272,0.076,,0.025,0.6184999999999999,,,,1.466,,0.0,0.001,,,,,0.003,0.002,,,,
922,0.1375,,0.002,0.066,0.316,0.076,,0.025,0.3615,,,,1.47,,0.0,0.001,,,,,0.003,0.003,,,,
923,0.138,,0.002,0.066,0.5015000000000001,0.076,,0.025,1.2705,,,,1.4705,,0.0,0.001,,,,,0.003,0.0025,,,,
924,0.5825,,0.0405,0.339,1.766,0.4165,,0.127,1.3315000000000001,,,0.194,1.4615,,0.0,0.002,,,,,0.0205,0.019,,,,
925,0.5814999999999999,,0.0405,0.3405,1.1345,0.41350000000000003,,0.1255,3.0020000000000002,,,0.317,1.463,,0.0,0.002,,,,,0.02,0.019,,,,
926,0.5794999999999999,,0.0405,0.34,1.096,0.4155,,0.1275,0.9645,,,0.41300000000000003,1.4575,,0.0,0.002,,,,,0.0205,0.019,,,,
927,0.579,,0.0405,0.341,2.007,0.41050000000000003,,0.128,1.622,,,0.5155000000000001,1.4585,,0.0,0.002,,,,,0.02,0.019,,,,
928,0.5874999999999999,,0.0405,0.3395,1.0755000000000001,0.41700000000000004,,0.1265,1.2690000000000001,,,0.10783333333333334,1.3835000000000002,,0.0,0.0015,,,,,0.0205,0.019,,,,
929,0.5805,,0.0405,0.3405,1.0345,0.41250000000000003,,0.1245,1.3885,,,0.3055,1.4575,,0.0,0.002,,,,,0.02,0.019,,,,
930,0.5805,,0.0405,0.3395,1.955,0.41300000000000003,,0.125,0.9450000000000001,,,0.11833333333333333,1.4649999999999999,,0.0,0.0016666666666666668,,,,,0.02,0.019,,,,
931,0.583,,0.0405,0.3375,1.17,0.41700000000000004,,0.127,1.372,,,0.11483333333333333,1.4575,,0.0,0.0014166666666666668,,,,,0.02,0.019,,,,
932,0.5785,,0.0405,0.3385,1.0125000000000002,0.41400000000000003,,0.1265,1.2485,,,0.254,1.4815,,0.0,0.002,,,,,0.02,0.019,,,,
933,0.58,,0.0405,0.341,1.756,0.41250000000000003,,0.128,1.079,,,0.3615,1.4809999999999999,,0.0,0.002,,,,,0.02,0.019,,,,
934,0.584,,0.0405,0.3405,1.1335,0.41500000000000004,,0.127,1.29,,,0.1925,1.4045,,0.0,0.0016666666666666668,,,,,0.0205,0.019,,,,
935,0.579,,0.0405,0.34,0.9860000000000001,0.41350000000000003,,0.1275,1.2685,,,0.23650000000000002,1.4625,,0.0,0.002,,,,,0.02,0.019,,,,
936,0.5874999999999999,,0.0405,0.341,1.855,0.41250000000000003,,0.127,2.7765,,,0.054700000000000006,1.4620000000000002,,0.0,0.0014000000000000002,,,,,0.0205,0.019,,,,
937,0.581,,0.0405,0.3415,1.6225,0.41700000000000004,,0.1265,1.2810000000000001,,,0.29,1.4895,,0.0,0.002,,,,,0.02,0.019,,,,
938,0.579,,0.0405,0.341,1.062,0.41700000000000004,,0.126,1.3825,,,0.3955,1.489,,0.0,0.002,,,,,0.021,0.019,,,,
939,0.5720000000000001,,0.033,0.3415,1.727,0.41200000000000003,,0.14100000000000001,0.948,,,0.22133333333333335,1.4855,,0.0,0.0016666666666666668,,,,,0.019,0.018000000000000002,,,,
940,0.1385,,0.002,0.066,0.1745,0.076,,0.025,0.511,,,,1.459,,0.0,0.001,,,,,0.003,0.0025,,,,
941,0.138,,0.002,0.0655,0.6035,0.076,,0.025,0.6355000000000001,,,,1.4625,,0.0,0.001,,,,,0.003,0.0025,,,,
942,0.1385,,0.002,0.066,1.183,0.076,,0.025,0.536,,,,1.4635,,0.0,0.001,,,,,0.003,0.0025,,,,
943,0.1385,,0.002,0.066,0.6140000000000001,0.076,,0.025,0.33649999999999997,,,,1.4625,,0.0,0.001,,,,,0.003,0.003,,,,
944,0.1385,,0.002,0.066,0.5815,0.076,,0.025,1.4555,,,,1.4665,,0.0,0.001,,,,,0.003,0.003,,,,
945,0.138,,0.002,0.066,1.1095000000000002,0.076,,0.025,0.253,,,,1.464,,0.0,0.001,,,,,0.003,0.0025,,,,
946,0.139,,0.002,0.066,0.5549999999999999,0.076,,0.025,0.487,,,,1.4685000000000001,,0.0,0.001,,,,,0.003,0.0025,,,,
947,0.138,,0.002,0.066,0.5775,0.076,,0.025,0.20850000000000002,,,,1.4625,,0.0,0.001,,,,,0.003,0.0025,,,,
948,0.586,,0.0405,0.341,1.84,0.4195,,0.126,1.0355,,,0.1965,1.4795,,0.0,0.002,,,,,0.02,0.019,,,,
949,0.58,,0.0405,0.3425,1.02,0.41050000000000003,,0.1265,2.7635,,,0.316,1.484,,0.0,0.002,,,,,0.02,0.019,,,,
950,0.5825,,0.0405,0.3395,1.1660000000000001,0.41500000000000004,,0.126,0.9470000000000001,,,0.13083333333333333,1.4820000000000002,,0.0,0.0016666666666666668,,,,,0.02,0.019,,,,
951,0.583,,0.0405,0.342,1.642,0.41500000000000004,,0.127,1.0170000000000001,,,0.318,1.5180000000000002,,0.0,0.002,,,,,0.02,0.019,,,,
952,0.28800000000000003,,0.01,0.146,0.4135,0.14150000000000001,,0.0775,2.0015,,,0.0565,1.4825,,0.0,0.001,,,,,0.009000000000000001,0.009000000000000001,,,,
953,0.1385,,0.002,0.0665,0.919,0.075,,0.025,0.4645,,,,1.4729999999999999,,0.0,0.001,,,,,0.003,0.003,,,,
954,0.138,,0.002,0.066,0.1295,0.075,,0.025,1.779,,,,1.469,,0.0,0.001,,,,,0.003,0.003,,,,
955,0.1385,,0.002,0.0665,0.285,0.0755,,0.025,0.1565,,,,1.474,,0.0,0.001,,,,,0.003,0.003,,,,
956,0.138,,0.002,0.066,0.719,0.076,,0.025,0.298,,,,1.4675,,0.0,0.001,,,,,0.003,0.002,,,,
957,0.138,,0.002,0.066,0.5725,0.076,,0.025,0.139,,,,1.4685000000000001,,0.0,0.001,,,,,0.003,0.003,,,,
958,0.1385,,0.002,0.066,0.278,0.076,,0.025,2.1545,,,,1.4700000000000002,,0.0,0.001,,,,,0.003,0.002,,,,
959,0.1385,,0.002,0.066,0.158,0.076,,0.025,2.1605000000000003,,,,1.469,,0.0,0.001,,,,,0.003,0.003,,,,
960,0.138,,0.002,0.066,0.4445,0.076,,0.025,0.45799999999999996,,,,1.4585,,0.0,0.001,,,,,0.003,0.003,,,,
961,0.138,,0.002,0.066,0.3245,0.076,,0.025,0.58,,,,1.463,,0.0,0.001,,,,,0.003,0.003,,,,
962,0.138,,0.002,0.066,0.18100000000000002,0.076,,0.025,1.323,,,,1.469,,0.0,0.001,,,,,0.003,0.003,,,,
963,0.138,,0.002,0.066,0.2825,0.076,,0.025,1.0010000000000001,,,,1.4685000000000001,,0.0,0.001,,,,,0.003,0.002,,,,
964,0.1385,,0.002,0.066,0.4735,0.076,,0.025,0.7405,,,,1.3885,,0.0,0.001,,,,,0.003,0.003,,,,
965,0.138,,0.002,0.066,0.635,0.076,,0.025,0.883,,,,1.3855,,0.0,0.001,,,,,0.003,0.0025,,,,
966,0.139,,0.002,0.066,0.081,0.076,,0.025,0.126,,,,1.385,,0.0,0.001,,,,,0.003,0.0025,,,,
967,0.1385,,0.002,0.066,0.5890000000000001,0.0765,,0.025,1.903,,,,1.3890000000000002,,0.0,0.001,,,,,0.003,0.0025,,,,
968,0.138,,0.002,0.066,0.40099999999999997,0.076,,0.025,3.2390000000000003,,,,1.3865,,0.0,0.001,,,,,0.003,0.003,,,,
969,0.1385,,0.002,0.066,0.24250000000000002,0.076,,0.025,0.371,,,,1.3875000000000002,,0.0,0.001,,,,,0.003,0.0025,,,,
970,0.138,,0.002,0.066,0.327,0.076,,0.025,0.5920000000000001,,,,1.3855,,0.0,0.001,,,,,0.003,0.003,,,,
971,0.1385,,0.002,0.0665,0.387,0.076,,0.025,1.0485,,,,1.3845,,0.0,0.001,,,,,0.003,0.0025,,,,
972,0.138,,0.002,0.066,5.2,0.0765,,0.025,0.2495,,,,1.3885,,0.0,0.001,,,,,0.003,0.002,,,,
973,0.1385,,0.002,0.066,0.159,0.076,,0.025,1.7955,,,,1.3885,,0.0,0.001,,,,,0.003,0.002,,,,
974,0.138,,0.002,0.066,0.5920000000000001,0.076,,0.025,0.517,,,,1.3940000000000001,,0.0,0.001,,,,,0.003,0.002,,,,
975,0.138,,0.002,0.066,0.9035000000000001,0.076,,0.025,0.7975000000000001,,,,1.3880000000000001,,0.0,0.001,,,,,0.003,0.002,,,,
976,0.138,,0.002,0.066,0.5435000000000001,0.076,,0.025,0.8115,,,,1.3850000000000002,,0.0,0.001,,,,,0.003,0.0025,,,,
977,0.138,,0.002,0.066,0.1605,0.076,,0.025,1.9565,,,,1.3815,,0.0,0.001,,,,,0.003,0.002,,,,
978,0.1385,,0.0025,0.066,0.6975,0.076,,0.025,3.0145,,,,1.3815,,0.0,0.001,,,,,0.003,0.002,,,,
979,0.138,,0.002,0.066,0.361,0.076,,0.025,0.876,,,,1.3815,,0.0,0.001,,,,,0.003,0.0025,,,,
980,0.138,,0.002,0.066,0.5045000000000001,0.0765,,0.025,0.8550000000000001,,,,1.3880000000000001,,0.0,0.001,,,,,0.003,0.0025,,,,
981,0.1385,,0.002,0.066,0.6905,0.0765,,0.025,0.8570000000000001,,,,1.3840000000000001,,0.0,0.001,,,,,0.003,0.003,,,,
982,0.138,,0.002,0.066,0.23700000000000002,0.076,,0.025,1.9315,,,,1.3815,,0.0,0.001,,,,,0.003,0.002,,,,
983,0.138,,0.002,0.0665,0.533,0.076,,0.025,2.1854999999999998,,,,1.3875000000000002,,0.0,0.001,,,,,0.003,0.002,,,,
984,0.1385,,0.002,0.066,0.1975,0.076,,0.025,0.6080000000000001,,,,1.3850000000000002,,0.0,0.001,,,,,0.003,0.0025,,,,
985,0.1385,,0.002,0.066,0.376,0.076,,0.025,0.33299999999999996,,,,1.387,,0.0,0.001,,,,,0.003,0.0025,,,,
986,0.138,,0.002,0.066,0.5695,0.076,,0.025,0.636,,,,1.3860000000000001,,0.0,0.001,,,,,0.003,0.003,,,,
987,0.138,,0.002,0.066,0.08299999999999999,0.076,,0.025,0.305,,,,1.3875000000000002,,0.0,0.001,,,,,0.003,0.0025,,,,
988,0.138,,0.002,0.066,2.059,0.076,,0.025,2.6165000000000003,,,,1.388,,0.0,0.001,,,,,0.003,0.003,,,,
989,0.138,,0.002,0.0655,0.5695,0.076,,0.025,1.7145000000000001,,,,1.3880000000000001,,0.0,0.001,,,,,0.003,0.0025,,,,
990,0.138,,0.002,0.066,0.33749999999999997,0.076,,0.025,0.6355,,,,1.393,,0.0,0.001,,,,,0.003,0.0025,,,,
991,0.1385,,0.002,0.066,0.418,0.0765,,0.025,0.7,,,,1.3900000000000001,,0.0,0.001,,,,,0.003,0.0025,,,,
992,0.1385,,0.002,0.066,0.51,0.076,,0.025,0.779,,,,1.3915000000000002,,0.0,0.001,,,,,0.003,0.003,,,,
993,0.1385,,0.002,0.066,0.2875,0.0765,,0.025,0.36,,,,1.3895,,0.0,0.001,,,,,0.003,0.0025,,,,
994,0.1385,,0.002,0.066,0.438,0.076,,0.025,1.7440000000000002,,,,1.3915000000000002,,0.0,0.001,,,,,0.003,0.002,,,,
995,0.1385,,0.002,0.066,6.259,0.0765,,0.025,1.0750000000000002,,,,1.3900000000000001,,0.0,0.001,,,,,0.003,0.003,,,,
996,0.138,,0.002,0.066,0.7705,0.076,,0.025,0.782,,,,1.3920000000000001,,0.0,0.001,,,,,0.003,0.0025,,,,
997,0.138,,0.002,0.0665,0.248,0.076,,0.025,2.0364999999999998,,,,1.3940000000000001,,0.0,0.001,,,,,0.003,0.0025,,,,
998,0.1385,,0.002,0.066,0.24200000000000002,0.076,,0.025,3.203,,,,1.3935,,0.0,0.001,,,,,0.003,0.002,,,,
999,0.138,,0.002,0.066,0.485,0.076,,0.025,0.1515,,,,1.392,,0.0,0.001,,,,,0.003,0.003,,,,
1000,0.138,,0.002,0.066,0.362,0.0765,,0.025,0.906,,,,1.3930000000000002,,0.0,0.001,,,,,0.003,0.0025,,,,
1001,0.138,,0.002,0.066,0.2,0.076,,0.025,0.3775,,,,1.395,,0.0,0.001,,,,,0.003,0.0025,,,,
1002,0.138,,0.002,0.066,0.3645,0.076,,0.025,0.5235,,,,1.3940000000000001,,0.0,0.001,,,,,0.003,0.0025,,,,
1003,0.138,,0.002,0.066,1.194,0.0765,,0.025,3.7885,,,,1.395,,0.0,0.001,,,,,0.003,0.0025,,,,
1004,0.1385,,0.002,0.066,0.095,0.076,,0.025,2.228,,,,1.3955000000000002,,0.0,0.001,,,,,0.003,0.003,,,,
1005,0.138,,0.002,0.066,0.372,0.076,,0.025,0.6545,,,,1.3985,,0.0,0.001,,,,,0.003,0.0025,,,,
1006,0.138,,0.002,0.066,0.39649999999999996,0.076,,0.025,0.0865,,,,1.3955000000000002,,0.0,0.001,,,,,0.003,0.0025,,,,
1007,0.1385,,0.002,0.0665,0.4385,0.076,,0.025,0.39499999999999996,,,,1.4015,,0.0,0.001,,,,,0.003,0.002,,,,
1008,0.138,,0.002,0.066,0.8675,0.076,,0.025,2.083,,,,1.3980000000000001,,0.0,0.001,,,,,0.003,0.003,,,,
1009,0.138,,0.002,0.066,0.3655,0.076,,0.025,0.32899999999999996,,,,1.4025,,0.0,0.001,,,,,0.003,0.002,,,,
1010,0.138,,0.002,0.066,0.17600000000000002,0.076,,0.025,0.4275,,,,1.397,,0.0,0.001,,,,,0.003,0.0025,,,,
1011,0.1385,,0.002,0.066,1.6685,0.076,,0.025,0.4385,,,,1.4005,,0.0,0.001,,,,,0.003,0.0025,,,,
1012,0.138,,0.002,0.066,0.4185,0.0765,,0.025,0.324,,,,1.405,,0.0,0.001,,,,,0.003,0.0025,,,,
1013,0.138,,0.002,0.066,0.3465,0.076,,0.025,0.652,,,,1.3995000000000002,,0.0,0.001,,,,,0.003,0.0025,,,,
1014,0.138,,0.002,0.066,0.439,0.076,,0.025,0.499,,,,1.4015,,0.0,0.001,,,,,0.003,0.002,,,,
1015,0.1385,,0.002,0.066,2.3405000000000005,0.076,,0.025,0.2805,,,,1.4,,0.0,0.001,,,,,0.003,0.002,,,,
1016,0.1385,,0.002,0.066,0.0925,0.076,,0.025,0.7205,,,,1.403,,0.0,0.001,,,,,0.003,0.0025,,,,
1017,0.138,,0.002,0.066,0.5145000000000001,0.076,,0.025,0.5325,,,,1.403,,0.0,0.001,,,,,0.003,0.003,,,,
1018,0.1385,,0.002,0.066,0.2205,0.076,,0.025,0.2585,,,,1.4045,,0.0,0.001,,,,,0.003,0.002,,,,
1019,0.139,,0.002,0.066,0.259,0.0765,,0.025,0.1705,,,,1.403,,0.0,0.001,,,,,0.003,0.0025,,,,
1020,0.139,,0.002,0.066,0.584,0.076,,0.025,2.238,,,,1.4020000000000001,,0.0,0.001,,,,,0.003,0.003,,,,
1021,0.138,,0.002,0.066,0.39749999999999996,0.076,,0.025,0.1675,,,,1.379,,0.0,0.001,,,,,0.003,0.002,,,,
1022,0.138,,0.002,0.066,0.267,0.076,,0.025,0.17950000000000002,,,,1.3780000000000001,,0.0,0.001,,,,,0.003,0.0025,,,,
1023,0.138,,0.002,0.066,0.11249999999999999,0.076,,0.025,0.20600000000000002,,,,1.38,,0.0,0.001,,,,,0.003,0.003,,,,
1024,0.1385,,0.002,0.066,1.8115,0.076,,0.025,3.3665000000000003,,,,1.3770000000000002,,0.0,0.001,,,,,0.003,0.0025,,,,
1025,0.138,,0.002,0.066,0.10800000000000001,0.076,,0.025,2.7420000000000004,,,,1.384,,0.0,0.001,,,,,0.003,0.0025,,,,
1026,0.1385,,0.002,0.066,0.3125,0.076,,0.025,0.4395,,,,1.384,,0.0,0.001,,,,,0.003,0.0025,,,,
1027,0.138,,0.002,0.066,2.3745,0.076,,0.025,0.1355,,,,1.3475000000000001,,0.0,0.001,,,,,0.003,0.0025,,,,
1028,0.1385,,0.002,0.066,0.4925,0.076,,0.025,0.2575,,,,1.319,,0.0,0.001,,,,,0.003,0.0025,,,,
1029,0.138,,0.002,0.066,5.366,0.076,,0.025,0.621,,,,1.3199999999999998,,0.0,0.001,,,,,0.003,0.003,,,,
1030,0.1395,,0.002,0.066,0.0935,0.076,,0.025,0.2565,,,,1.3215,,0.0,0.001,,,,,0.003,0.003,,,,
1031,0.138,,0.002,0.066,0.801,0.076,,0.025,1.0005,,,,1.3165,,0.0,0.001,,,,,0.003,0.0025,,,,
1032,0.138,,0.002,0.066,0.5065000000000001,0.0765,,0.025,0.619,,,,1.2635,,0.0,0.001,,,,,0.003,0.002,,,,
1033,0.1375,,0.002,0.066,0.313,0.076,,0.025,0.6275000000000001,,,,1.2640000000000002,,0.0,0.001,,,,,0.003,0.003,,,,
1034,0.138,,0.0025,0.066,0.503,0.076,,0.025,0.8744999999999999,,,,1.2635,,0.0,0.001,,,,,0.003,0.0025,,,,
1035,0.139,,0.002,0.066,0.4385,0.076,,0.025,0.5800000000000001,,,,1.262,,0.0,0.001,,,,,0.003,0.0025,,,,
1036,0.138,,0.002,0.066,1.682,0.076,,0.025,0.349,,,,1.264,,0.0,0.001,,,,,0.003,0.0025,,,,
1037,0.138,,0.002,0.066,0.223,0.0765,,0.025,0.6975,,,,1.268,,0.0,0.001,,,,,0.003,0.002,,,,
1038,0.138,,0.002,0.066,0.5365,0.076,,0.025,1.1395,,,,1.2695,,0.0,0.001,,,,,0.003,0.0025,,,,
1039,0.138,,0.002,0.066,0.4515,0.0765,,0.025,0.408,,,,1.2665000000000002,,0.0,0.001,,,,,0.003,0.0025,,,,
1040,0.1385,,0.002,0.066,0.6085,0.076,,0.025,1.1015000000000001,,,,1.2645,,0.0,0.001,,,,,0.003,0.0025,,,,
1041,0.1375,,0.002,0.066,0.3725,0.076,,0.025,0.7180000000000001,,,,1.2645,,0.0,0.001,,,,,0.003,0.0025,,,,
1042,0.139,,0.002,0.066,0.327,0.076,,0.025,1.348,,,,1.266,,0.0,0.001,,,,,0.003,0.002,,,,
1043,0.138,,0.002,0.066,0.471,0.076,,0.025,1.5010000000000001,,,,1.2705000000000002,,0.0,0.001,,,,,0.003,0.0025,,,,
1044,0.138,,0.002,0.066,0.4425,0.076,,0.025,0.376,,,,1.2670000000000001,,0.0,0.001,,,,,0.003,0.0025,,,,
1045,0.139,,0.002,0.066,0.1665,0.076,,0.025,0.18300000000000002,,,,1.266,,0.0,0.001,,,,,0.003,0.0025,,,,
1046,0.138,,0.002,0.066,0.39649999999999996,0.076,,0.025,1.2610000000000001,,,,1.2680000000000002,,0.0,0.001,,,,,0.003,0.0025,,,,
1047,0.1385,,0.002,0.066,0.0875,0.076,,0.025,0.7275,,,,1.272,,0.0,0.001,,,,,0.003,0.0025,,,,
1048,0.138,,0.002,0.066,0.254,0.076,,0.025,1.9260000000000002,,,,1.2715,,0.0,0.001,,,,,0.003,0.003,,,,
1049,0.138,,0.002,0.0665,0.6415000000000001,0.076,,0.025,1.642,,,,1.2730000000000001,,0.0,0.001,,,,,0.003,0.0025,,,,
1050,0.138,,0.0025,0.066,0.5345,0.076,,0.025,0.097,,,,1.276,,0.0,0.001,,,,,0.003,0.002,,,,
1051,0.1385,,0.002,0.066,0.8955,0.076,,0.025,0.2475,,,,1.27,,0.0,0.001,,,,,0.003,0.0025,,,,
1052,0.139,,0.0025,0.065,0.5825,0.077,,0.025,0.9115,,,,1.249,,0.0,0.001,,,,,0.003,0.002,,,,
1053,0.1385,,0.0025,0.066,0.4225,0.0765,,0.025,0.9775,,,,1.249,,0.0,0.001,,,,,0.003,0.0025,,,,
1054,0.1385,,0.0025,0.066,0.2125,0.0765,,0.025,2.2845,,,,1.2535,,0.0,0.001,,,,,0.003,0.002,,,,
1055,0.139,,0.0025,0.0655,0.4245,0.0765,,0.025,1.416,,,,1.2520000000000002,,0.0,0.001,,,,,0.003,0.0025,,,,
1056,0.1385,,0.0025,0.066,0.4675,0.077,,0.025,0.5695,,,,1.252,,0.0,0.001,,,,,0.003,0.002,,,,
1057,0.1385,,0.0025,0.066,0.48250000000000004,0.0775,,0.025,0.5435000000000001,,,,1.2560000000000002,,0.0,0.001,,,,,0.003,0.0025,,,,
1058,0.139,,0.0025,0.066,0.8045,0.0775,,0.025,0.5895,,,,1.2545000000000002,,0.0,0.001,,,,,0.003,0.0025,,,,
1059,0.139,,0.0025,0.065,0.29200000000000004,0.0775,,0.025,0.4945,,,,1.258,,0.0,0.001,,,,,0.003,0.002,,,,
1060,0.139,,0.0025,0.0655,1.7875,0.0775,,0.025,2.5905000000000005,,,,1.2530000000000001,,0.0,0.001,,,,,0.003,0.0025,,,,
1061,0.139,,0.0025,0.066,0.6885,0.0775,,0.025,1.3225,,,,1.254,,0.0,0.001,,,,,0.003,0.002,,,,
1062,0.1385,,0.0025,0.0655,0.6040000000000001,0.0775,,0.025,0.9795,,,,1.2560000000000002,,0.0,0.001,,,,,0.003,0.0025,,,,
1063,0.139,,0.0025,0.066,0.43600000000000005,0.0775,,0.025,0.422,,,,1.2605,,0.0,0.001,,,,,0.003,0.003,,,,
1064,0.139,,0.0025,0.066,0.631,0.0775,,0.025,0.8965,,,,1.2570000000000001,,0.0,0.001,,,,,0.003,0.0025,,,,
1065,0.1385,,0.0025,0.0655,1.1665,0.077,,0.025,0.6184999999999999,,,,1.2530000000000001,,0.0,0.001,,,,,0.003,0.002,,,,
1066,0.1385,,0.0025,0.065,0.261,0.0775,,0.025,2.824,,,,1.2590000000000001,,0.0,0.001,,,,,0.003,0.002,,,,
1067,0.1385,,0.0025,0.066,0.31100000000000005,0.0775,,0.025,0.8395,,,,1.2615,,0.0,0.001,,,,,0.003,0.0025,,,,
1068,0.139,,0.0025,0.066,0.2565,0.0775,,0.025,0.7155,,,,1.2610000000000001,,0.0,0.001,,,,,0.003,0.002,,,,
1069,0.139,,0.0025,0.0655,0.403,0.077,,0.025,0.5405,,,,1.263,,0.0,0.001,,,,,0.003,0.0025,,,,
1070,0.139,,0.0025,0.066,0.3245,0.0775,,0.025,1.1675000000000002,,,,1.2615,,0.0,0.001,,,,,0.003,0.002,,,,
1071,0.139,,0.0025,0.066,0.486,0.0775,,0.025,1.0565,,,,1.2625000000000002,,0.0,0.001,,,,,0.003,0.002,,,,
1072,0.1395,,0.0025,0.065,0.723,0.0775,,0.025,4.329000000000001,,,,1.259,,0.0,0.001,,,,,0.003,0.002,,,,
1073,0.1385,,0.0025,0.0655,0.7905000000000001,0.0775,,0.025,3.8095000000000003,,,,1.2525,,0.0,0.001,,,,,0.003,0.0025,,,,
1074,0.1385,,0.0025,0.0655,0.627,0.077,,0.025,1.5190000000000001,,,,1.2610000000000001,,0.0,0.001,,,,,0.003,0.002,,,,
1075,0.1385,,0.0025,0.066,0.39149999999999996,0.0775,,0.025,0.49650000000000005,,,,1.2615,,0.0,0.001,,,,,0.003,0.002,,,,
1076,0.139,,0.0025,0.0655,0.25,0.0775,,0.025,2.4055000000000004,,,,1.258,,0.0,0.001,,,,,0.003,0.0025,,,,
1077,0.1395,,0.0025,0.065,0.2325,0.0775,,0.025,1.0885,,,,1.2600000000000002,,0.0,0.001,,,,,0.003,0.0025,,,,
1078,0.139,,0.0025,0.0655,1.777,0.0775,,0.025,0.5825,,,,1.258,,0.0,0.001,,,,,0.003,0.0025,,,,
1079,0.1385,,0.0025,0.0655,0.23800000000000002,0.0775,,0.025,1.679,,,,1.2615,,0.0,0.001,,,,,0.003,0.002,,,,
1080,0.1385,,0.0025,0.0655,0.552,0.0775,,0.025,2.228,,,,1.2615,,0.0,0.001,,,,,0.003,0.002,,,,
1081,0.1385,,0.0025,0.0655,4.3135,0.0775,,0.025,2.285,,,,1.2650000000000001,,0.0,0.001,,,,,0.003,0.0025,,,,
1082,0.1385,,0.0025,0.066,0.10400000000000001,0.0775,,0.025,1.6915,,,,1.2625000000000002,,0.0,0.001,,,,,0.003,0.0025,,,,
1083,0.1395,,0.0025,0.065,0.36550000000000005,0.0775,,0.025,0.34299999999999997,,,,1.2615,,0.0,0.001,,,,,0.003,0.002,,,,
1084,0.139,,0.0025,0.065,0.33199999999999996,0.0775,,0.025,0.704,,,,1.2645,,0.0,0.001,,,,,0.003,0.0025,,,,
1085,0.139,,0.0025,0.066,0.364,0.0775,,0.025,0.667,,,,1.2665000000000002,,0.0,0.001,,,,,0.003,0.0025,,,,
1086,0.139,,0.0025,0.0655,0.42,0.0775,,0.025,0.4685,,,,1.2605,,0.0,0.001,,,,,0.003,0.0025,,,,
1087,0.139,,0.0025,0.066,0.07950000000000002,0.0775,,0.025,2.842,,,,1.264,,0.0,0.001,,,,,0.003,0.002,,,,
1088,0.1385,,0.0025,0.065,1.5465,0.0775,,0.025,1.4145,,,,1.2690000000000001,,0.0,0.001,,,,,0.003,0.002,,,,
1089,0.139,,0.0025,0.066,0.2975,0.0775,,0.025,1.071,,,,1.2665000000000002,,0.0,0.001,,,,,0.003,0.002,,,,
1090,0.1395,,0.0025,0.0655,0.4195,0.0775,,0.025,0.801,,,,1.2680000000000002,,0.0,0.001,,,,,0.003,0.003,,,,
1091,0.139,,0.0025,0.0655,0.32300000000000006,0.077,,0.025,1.1045,,,,1.2695,,0.0,0.001,,,,,0.003,0.0025,,,,
1092,0.1385,,0.0025,0.0655,0.3145,0.077,,0.025,0.3405,,,,1.2665000000000002,,0.0,0.001,,,,,0.003,0.002,,,,
1093,0.139,,0.0025,0.0655,0.4325,0.0775,,0.025,0.8025000000000001,,,,1.2675,,0.0,0.001,,,,,0.003,0.002,,,,
1094,0.14,,0.0025,0.066,0.1895,0.077,,0.025,1.4845000000000002,,,,1.27,,0.0,0.001,,,,,0.003,0.002,,,,
1095,0.139,,0.0025,0.0655,0.195,0.0775,,0.025,0.1165,,,,1.2710000000000001,,0.0,0.001,,,,,0.003,0.002,,,,
1096,0.139,,0.0025,0.0655,0.3065,0.077,,0.025,2.3400000000000003,,,,1.2705000000000002,,0.0,0.001,,,,,0.003,0.002,,,,
1097,0.139,,0.0025,0.066,0.2815,0.0775,,0.025,1.3905,,,,1.2690000000000001,,0.0,0.001,,,,,0.003,0.0025,,,,
1098,0.139,,0.0025,0.066,0.41900000000000004,0.077,,0.025,0.9445,,,,1.27,,0.0,0.001,,,,,0.003,0.002,,,,
1099,0.139,,0.0025,0.0655,0.3355,0.0775,,0.025,0.49850000000000005,,,,1.2725,,0.0,0.001,,,,,0.003,0.002,,,,
1100,0.1385,,0.0025,0.0655,0.9900000000000001,0.0775,,0.025,1.198,,,,1.2695,,0.0,0.001,,,,,0.003,0.002,,,,
1101,0.1395,,0.0025,0.066,0.16,0.0775,,0.025,0.515,,,,1.2725,,0.0,0.001,,,,,0.003,0.002,,,,
1102,0.139,,0.0025,0.066,0.3045,0.0775,,0.025,2.9445,,,,1.274,,0.0,0.001,,,,,0.003,0.002,,,,
1103,0.1385,,0.0025,0.066,0.249,0.0775,,0.025,0.47750000000000004,,,,1.2720000000000002,,0.0,0.001,,,,,0.003,0.0025,,,,
1104,0.1395,,0.0025,0.0655,0.46699999999999997,0.0775,,0.025,1.8495000000000001,,,,1.272,,0.0,0.0015,,,,,0.003,0.002,,,,
1105,0.1385,,0.0025,0.066,0.45699999999999996,0.077,,0.025,0.4375,,,,1.2745000000000002,,0.0,0.001,,,,,0.003,0.0025,,,,
1106,0.1385,,0.0025,0.0655,0.253,0.077,,0.025,0.7255,,,,1.2775,,0.0,0.001,,,,,0.003,0.002,,,,
1107,0.139,,0.0025,0.066,0.3015,0.077,,0.025,0.6055,,,,1.278,,0.0,0.001,,,,,0.003,0.0025,,,,
1108,0.139,,0.0025,0.0655,0.226,0.0775,,0.025,1.4360000000000002,,,,1.276,,0.0,0.001,,,,,0.003,0.0025,,,,
1109,0.1385,,0.0025,0.0655,0.0885,0.0775,,0.025,1.615,,,,1.281,,0.0,0.001,,,,,0.003,0.002,,,,
1110,0.1395,,0.0025,0.0655,1.577,0.077,,0.025,0.17600000000000002,,,,1.239,,0.0,0.001,,,,,0.003,0.002,,,,
1111,0.1385,,0.0025,0.065,0.5315,0.077,,0.025,0.1605,,,,1.2415,,0.0,0.001,,,,,0.003,0.002,,,,
1112,0.1385,,0.0025,0.065,0.07950000000000002,0.0775,,0.025,1.606,,,,1.2365,,0.0,0.001,,,,,0.003,0.002,,,,
1113,0.1395,,0.0025,0.0655,0.2855,0.0765,,0.025,2.2975,,,,1.241,,0.0,0.001,,,,,0.003,0.0025,,,,
1114,0.1395,,0.0025,0.0655,1.1795,0.077,,0.025,0.5225,,,,1.2455,,0.0,0.001,,,,,0.003,0.0025,,,,
1115,0.139,,0.0025,0.0655,0.2625,0.0765,,0.025,1.6079999999999999,,,,1.247,,0.0,0.001,,,,,0.003,0.002,,,,
1116,0.1385,,0.0025,0.066,0.231,0.0765,,0.025,0.604,,,,1.2469999999999999,,0.0,0.001,,,,,0.003,0.002,,,,
1117,0.139,,0.0025,0.0655,0.0915,0.0765,,0.025,0.45549999999999996,,,,1.2425000000000002,,0.0,0.001,,,,,0.003,0.0025,,,,
1118,0.1385,,0.0025,0.066,0.9645,0.077,,0.025,0.7005,,,,1.209,,0.0,0.001,,,,,0.003,0.0025,,,,
1119,0.139,,0.0025,0.066,0.144,0.0775,,0.025,0.857,,,,1.1785,,0.0,0.001,,,,,0.003,0.0025,,,,
1120,0.139,,0.0025,0.0655,0.32699999999999996,0.0775,,0.025,0.14450000000000002,,,,1.1675,,0.0,0.001,,,,,0.003,0.002,,,,
1121,0.1385,,0.0025,0.0655,0.10400000000000001,0.0775,,0.025,2.662,,,,1.1709999999999998,,0.0,0.001,,,,,0.003,0.002,,,,
1122,0.139,,0.0025,0.0655,0.1825,0.0775,,0.025,0.2615,,,,1.1749999999999998,,0.0,0.0015,,,,,0.003,0.002,,,,
1123,0.139,,0.0025,0.0655,0.658,0.0775,,0.025,0.375,,,,1.1735,,0.0,0.001,,,,,0.003,0.002,,,,
1124,0.1385,,0.0025,0.065,0.834,0.0775,,0.025,1.3370000000000002,,,,1.176,,0.0,0.001,,,,,0.003,0.0025,,,,
1125,0.1385,,0.0025,0.066,0.3025,0.0775,,0.025,0.487,,,,1.1755,,0.0,0.001,,,,,0.003,0.0025,,,,
1126,0.1395,,0.0025,0.065,0.403,0.0775,,0.025,0.1715,,,,1.1735,,0.0,0.001,,,,,0.003,0.002,,,,
1127,0.1395,,0.0025,0.0655,0.14250000000000002,0.0775,,0.025,1.1150000000000002,,,,1.1755,,0.0,0.001,,,,,0.003,0.003,,,,
1128,0.139,,0.0025,0.066,0.493,0.0775,,0.025,0.17450000000000002,,,,1.181,,0.0,0.001,,,,,0.003,0.0025,,,,
1129,0.1385,,0.0025,0.0655,0.36650000000000005,0.0775,,0.025,0.24200000000000002,,,,1.174,,0.0,0.001,,,,,0.003,0.002,,,,
1130,0.139,,0.0025,0.066,0.218,0.0775,,0.025,0.293,,,,1.175,,0.0,0.001,,,,,0.003,0.002,,,,
1131,0.1385,,0.0025,0.0655,0.46499999999999997,0.0775,,0.025,0.803,,,,1.182,,0.0,0.001,,,,,0.003,0.0025,,,,
1132,0.139,,0.0025,0.0655,0.4225,0.0775,,0.025,0.45799999999999996,,,,1.1825,,0.0,0.001,,,,,0.003,0.0025,,,,
1133,0.139,,0.0025,0.0655,0.2545,0.0775,,0.025,1.2865000000000002,,,,1.1760000000000002,,0.0,0.001,,,,,0.003,0.0025,,,,
1134,0.139,,0.0025,0.065,0.387,0.0775,,0.025,0.38949999999999996,,,,1.176,,0.0,0.001,,,,,0.003,0.002,,,,
1135,0.1385,,0.0025,0.066,3.959,0.0775,,0.025,4.73,,,,1.178,,0.0,0.001,,,,,0.003,0.002,,,,
1136,0.139,,0.0025,0.066,2.15,0.0775,,0.025,6.55,,,,1.177,,0.0,0.001,,,,,0.003,0.002,,,,
1137,0.1385,,0.0025,0.0655,0.272,0.0765,,0.025,1.4245,,,,1.18,,0.0,0.001,,,,,0.003,0.0025,,,,
1138,0.139,,0.0025,0.066,0.18050000000000002,0.077,,0.025,0.08399999999999999,,,,1.179,,0.0,0.001,,,,,0.003,0.002,,,,
1139,0.1385,,0.0025,0.066,0.116,0.077,,0.025,2.8720000000000003,,,,1.181,,0.0,0.001,,,,,0.003,0.003,,,,
1140,0.1385,,0.0025,0.065,0.5865,0.0775,,0.025,0.555,,,,1.1815,,0.0,0.001,,,,,0.003,0.002,,,,
1141,0.1385,,0.0025,0.066,0.7260000000000001,0.0775,,0.025,0.51,,,,1.178,,0.0,0.001,,,,,0.003,0.002,,,,
1142,0.139,,0.0025,0.066,0.4605,0.0775,,0.025,0.23700000000000002,,,,1.1795,,0.0,0.001,,,,,0.003,0.003,,,,
1143,0.1385,,0.0025,0.065,0.1595,0.0775,,0.025,2.0165,,,,1.178,,0.0,0.001,,,,,0.003,0.002,,,,
1144,0.1385,,0.0025,0.0655,0.3245,0.0775,,0.025,2.8535,,,,1.1804999999999999,,0.0,0.001,,,,,0.003,0.002,,,,
1145,0.1385,,0.0025,0.066,0.355,0.0775,,0.025,0.0765,,,,1.182,,0.0,0.001,,,,,0.003,0.0025,,,,
1146,0.139,,0.0025,0.0655,0.384,0.0775,,0.025,0.7875000000000001,,,,1.1804999999999999,,0.0,0.001,,,,,0.003,0.002,,,,
1147,0.139,,0.0025,0.066,0.48250000000000004,0.077,,0.025,0.33649999999999997,,,,1.178,,0.0,0.001,,,,,0.003,0.0025,,,,
1148,0.139,,0.0025,0.066,0.1825,0.0765,,0.025,1.85,,,,1.1745,,0.0,0.001,,,,,0.003,0.0025,,,,
1149,0.139,,0.0025,0.066,0.278,0.077,,0.025,0.7005,,,,1.1785,,0.0,0.001,,,,,0.003,0.0025,,,,
1150,0.1385,,0.0025,0.0655,0.349,0.077,,0.025,0.23800000000000002,,,,1.176,,0.0,0.001,,,,,0.003,0.002,,,,
1151,0.1395,,0.0025,0.066,0.571,0.0765,,0.025,0.1455,,,,1.1735,,0.0,0.001,,,,,0.003,0.0025,,,,
1152,0.1385,,0.0025,0.0655,1.8455000000000001,0.0765,,0.025,0.3305,,,,1.178,,0.0,0.001,,,,,0.003,0.002,,,,
1153,0.1385,,0.0025,0.0655,0.784,0.0775,,0.025,1.725,,,,1.1785,,0.0,0.001,,,,,0.003,0.002,,,,
1154,0.1385,,0.0025,0.066,0.1385,0.077,,0.025,0.784,,,,1.1815,,0.0,0.001,,,,,0.003,0.003,,,,
1155,0.1385,,0.0025,0.0655,0.7795000000000001,0.0765,,0.025,0.1965,,,,1.1760000000000002,,0.0,0.001,,,,,0.003,0.0025,,,,
1156,0.139,,0.0025,0.066,0.36050000000000004,0.0765,,0.025,0.30500000000000005,,,,1.1800000000000002,,0.0,0.001,,,,,0.003,0.002,,,,
1157,0.139,,0.0025,0.066,0.134,0.0765,,0.025,0.9805,,,,1.176,,0.0,0.001,,,,,0.003,0.002,,,,
1158,0.139,,0.0025,0.0655,0.29500000000000004,0.077,,0.025,0.7474999999999999,,,,1.1785,,0.0,0.001,,,,,0.003,0.002,,,,
1159,0.1385,,0.0025,0.0655,0.35950000000000004,0.077,,0.025,0.315,,,,1.181,,0.0,0.001,,,,,0.003,0.002,,,,
1160,0.139,,0.0025,0.066,0.184,0.0765,,0.025,0.614,,,,1.1835,,0.0,0.001,,,,,0.003,0.0025,,,,
1161,0.1385,,0.0025,0.0655,0.1605,0.077,,0.025,0.35850000000000004,,,,1.1835,,0.0,0.001,,,,,0.003,0.002,,,,
1162,0.139,,0.0025,0.065,0.46299999999999997,0.0765,,0.025,0.877,,,,1.1829999999999998,,0.0,0.001,,,,,0.003,0.002,,,,
1163,0.139,,0.0025,0.0655,0.83,0.0765,,0.025,1.9345,,,,1.182,,0.0,0.001,,,,,0.003,0.002,,,,
1164,0.1385,,0.0025,0.0655,0.352,0.0765,,0.025,0.3315,,,,1.183,,0.0,0.001,,,,,0.003,0.002,,,,
1165,0.1385,,0.0025,0.066,0.498,0.0765,,0.025,2.5695,,,,1.181,,0.0,0.001,,,,,0.003,0.002,,,,
1166,0.1395,,0.0025,0.0655,0.2705,0.0765,,0.025,1.3835000000000002,,,,1.1840000000000002,,0.0,0.001,,,,,0.003,0.002,,,,
1167,0.139,,0.0025,0.0655,0.38150000000000006,0.077,,0.025,0.794,,,,1.1829999999999998,,0.0,0.0015,,,,,0.003,0.0025,,,,
1168,0.1385,,0.0025,0.065,0.478,0.077,,0.025,0.551,,,,1.1855,,0.0,0.001,,,,,0.003,0.0025,,,,
1169,0.1385,,0.0025,0.0655,0.3435,0.0765,,0.025,0.8430000000000001,,,,1.182,,0.0,0.001,,,,,0.003,0.003,,,,
1170,0.1385,,0.0025,0.0655,0.3135,0.077,,0.025,0.662,,,,1.1825,,0.0,0.001,,,,,0.003,0.002,,,,
1171,0.139,,0.0025,0.065,0.28600000000000003,0.0765,,0.025,0.2135,,,,1.185,,0.0,0.001,,,,,0.003,0.002,,,,
1172,0.1385,,0.0025,0.0655,0.905,0.077,,0.025,1.1165,,,,1.1825,,0.0,0.001,,,,,0.003,0.002,,,,
1173,0.139,,0.0025,0.0655,0.2535,0.0765,,0.025,0.2875,,,,1.1789999999999998,,0.0,0.001,,,,,0.003,0.002,,,,
1174,0.1385,,0.0025,0.0655,0.37150000000000005,0.0765,,0.025,1.2775,,,,1.185,,0.0,0.001,,,,,0.003,0.002,,,,
1175,0.139,,0.0025,0.0655,0.4195,0.0765,,0.025,1.4585,,,,1.184,,0.0,0.001,,,,,0.003,0.0025,,,,
1176,0.139,,0.0025,0.065,0.38650000000000007,0.0775,,0.025,0.30200000000000005,,,,1.183,,0.0,0.001,,,,,0.003,0.002,,,,
1177,0.1385,,0.0025,0.0655,0.114,0.077,,0.025,0.147,,,,1.1865,,0.0,0.001,,,,,0.003,0.002,,,,
1178,0.1385,,0.0025,0.0655,1.732,0.0765,,0.025,1.3245,,,,1.188,,0.0,0.001,,,,,0.003,0.0025,,,,
1179,0.1385,,0.0025,0.066,0.1245,0.0765,,0.025,0.345,,,,1.1855,,0.0,0.001,,,,,0.003,0.002,,,,
1180,0.1385,,0.0025,0.0655,0.46699999999999997,0.077,,0.025,0.5920000000000001,,,,1.189,,0.0,0.001,,,,,0.003,0.002,,,,
1181,0.1385,,0.0025,0.066,0.1395,0.077,,0.025,2.04,,,,1.184,,0.0,0.001,,,,,0.003,0.0025,,,,
1182,0.139,,0.0025,0.0655,0.159,0.0775,,0.025,0.7170000000000001,,,,1.1865,,0.0,0.001,,,,,0.003,0.002,,,,
1183,0.1385,,0.0025,0.0655,0.902,0.0765,,0.025,0.271,,,,1.1905000000000001,,0.0,0.001,,,,,0.003,0.002,,,,
1184,0.1385,,0.0025,0.066,0.6825,0.077,,0.025,0.7915000000000001,,,,1.1895,,0.0,0.001,,,,,0.003,0.0025,,,,
1185,0.1385,,0.0025,0.0655,0.094,0.0765,,0.025,0.14250000000000002,,,,1.1855,,0.0,0.001,,,,,0.003,0.003,,,,
1186,0.1395,,0.0025,0.066,0.562,0.0765,,0.025,3.2335000000000003,,,,1.161,,0.0,0.001,,,,,0.003,0.0025,,,,
1187,0.139,,0.0025,0.066,0.5630000000000001,0.0765,,0.025,1.111,,,,1.1585,,0.0,0.001,,,,,0.003,0.0025,,,,
1188,0.139,,0.0025,0.0655,0.36950000000000005,0.0765,,0.025,0.6030000000000001,,,,1.1545,,0.0,0.001,,,,,0.003,0.002,,,,
1189,0.139,,0.0025,0.0655,0.7050000000000001,0.0765,,0.025,1.4405000000000001,,,,1.1495,,0.0,0.001,,,,,0.003,0.003,,,,
1190,0.139,,0.0025,0.0655,0.15350000000000003,0.0765,,0.025,0.5965,,,,1.1635,,0.0,0.001,,,,,0.003,0.0025,,,,
1191,0.139,,0.0025,0.066,0.2905,0.0765,,0.025,0.658,,,,1.1615,,0.0,0.001,,,,,0.003,0.0025,,,,
1192,0.1395,,0.0025,0.0655,0.677,0.0765,,0.025,0.8670000000000001,,,,1.1615,,0.0,0.001,,,,,0.003,0.0025,,,,
1193,0.139,,0.0025,0.0655,0.45199999999999996,0.0765,,0.025,1.719,,,,1.1625,,0.0,0.001,,,,,0.003,0.002,,,,
1194,0.1385,,0.0025,0.066,0.7995,0.077,,0.025,0.37250000000000005,,,,1.163,,0.0,0.001,,,,,0.003,0.002,,,,
1195,0.139,,0.0025,0.066,0.6915,0.0765,,0.025,1.0979999999999999,,,,1.1595,,0.0,0.001,,,,,0.003,0.002,,,,
1196,0.14,,0.0025,0.0655,5.454,0.0765,,0.025,3.7395,,,,1.161,,0.0,0.001,,,,,0.003,0.002,,,,
1197,0.1385,,0.0025,0.0655,2.818,0.0765,,0.025,0.08199999999999999,,,,1.1655,,0.0,0.001,,,,,0.003,0.002,,,,
1198,0.1395,,0.0025,0.066,2.358,0.0765,,0.025,6.039499999999999,,,,1.1680000000000001,,0.0,0.001,,,,,0.003,0.0025,,,,
1199,0.1385,,0.0025,0.066,0.8695,0.0765,,0.025,0.518,,,,1.165,,0.0,0.001,,,,,0.003,0.0025,,,,
1200,0.139,,0.0025,0.066,0.07300000000000001,0.0765,,0.025,0.2475,,,,1.1615,,0.0,0.001,,,,,0.003,0.002,,,,
1201,0.1395,,0.0025,0.066,0.5775,0.0765,,0.025,1.016,,,,1.1625,,0.0,0.001,,,,,0.003,0.0025,,,,
1202,0.1395,,0.0025,0.065,6.064,0.0765,,0.025,2.8845,,,,1.166,,0.0,0.001,,,,,0.003,0.002,,,,
1203,0.139,,0.0025,0.066,0.139,0.0765,,0.025,0.1435,,,,1.163,,0.0,0.001,,,,,0.003,0.0025,,,,
1204,0.139,,0.0025,0.066,0.778,0.0765,,0.025,0.892,,,,1.1655,,0.0,0.001,,,,,0.003,0.002,,,,
1205,0.139,,0.0025,0.0655,0.557,0.0765,,0.025,1.6425,,,,1.166,,0.0,0.001,,,,,0.003,0.002,,,,
1206,0.1385,,0.0025,0.0655,0.187,0.077,,0.025,0.367,,,,1.162,,0.0,0.001,,,,,0.003,0.0025,,,,
1207,0.139,,0.0025,0.0655,0.617,0.0765,,0.025,0.6045,,,,1.1675,,0.0,0.001,,,,,0.003,0.002,,,,
1208,0.1385,,0.0025,0.0655,0.5325,0.0765,,0.025,0.357,,,,1.1640000000000001,,0.0,0.001,,,,,0.003,0.002,,,,
1209,0.139,,0.0025,0.066,0.125,0.0765,,0.025,0.20800000000000002,,,,1.166,,0.0,0.001,,,,,0.003,0.003,,,,
1210,0.139,,0.0025,0.0655,0.12150000000000001,0.0775,,0.025,0.346,,,,1.1575,,0.0,0.001,,,,,0.003,0.002,,,,
1211,0.1385,,0.0025,0.066,1.046,0.0775,,0.025,1.5414999999999999,,,,1.155,,0.0,0.001,,,,,0.003,0.002,,,,
1212,0.1385,,0.0025,0.066,0.23550000000000001,0.0775,,0.025,0.5865,,,,1.1560000000000001,,0.0,0.001,,,,,0.003,0.0025,,,,
1213,0.1385,,0.0025,0.066,0.1085,0.0775,,0.025,0.2905,,,,1.155,,0.0,0.001,,,,,0.003,0.002,,,,
1214,0.139,,0.0025,0.066,0.4445,0.0775,,0.025,1.4280000000000002,,,,1.1545,,0.0,0.001,,,,,0.003,0.0025,,,,
1215,0.1385,,0.0025,0.066,0.23,0.0775,,0.025,0.1365,,,,1.153,,0.0,0.001,,,,,0.003,0.002,,,,
1216,0.1385,,0.0025,0.066,0.15000000000000002,0.0775,,0.025,1.03,,,,1.1560000000000001,,0.0,0.001,,,,,0.003,0.002,,,,
1217,0.1385,,0.0025,0.066,0.641,0.077,,0.025,0.5625,,,,1.1625,,0.0,0.001,,,,,0.003,0.0025,,,,
1218,0.1385,,0.0025,0.066,0.233,0.0775,,0.025,0.0995,,,,1.1604999999999999,,0.0,0.001,,,,,0.003,0.002,,,,
1219,0.139,,0.0025,0.066,0.255,0.0775,,0.025,0.6845,,,,1.1585,,0.0,0.001,,,,,0.003,0.002,,,,
1220,0.1385,,0.0025,0.066,0.8675,0.0775,,0.025,1.805,,,,1.1604999999999999,,0.0,0.001,,,,,0.003,0.003,,,,
1221,0.1385,,0.0025,0.0665,0.186,0.077,,0.025,1.425,,,,1.1629999999999998,,0.0,0.001,,,,,0.003,0.0025,,,,
1222,0.1385,,0.0025,0.066,0.1975,0.0775,,0.025,1.214,,,,1.1585,,0.0,0.001,,,,,0.003,0.002,,,,
1223,0.1385,,0.0025,0.066,0.11950000000000001,0.0775,,0.025,1.73,,,,1.1575,,0.0,0.001,,,,,0.003,0.003,,,,
1224,0.1385,,0.0025,0.066,0.3055,0.0775,,0.025,0.3685,,,,1.1655,,0.0,0.001,,,,,0.003,0.0025,,,,
1225,0.139,,0.0025,0.066,0.1325,0.0775,,0.025,3.367,,,,1.165,,0.0,0.001,,,,,0.003,0.0025,,,,
1226,0.1395,,0.0025,0.066,0.1695,0.0775,,0.025,0.7145,,,,1.1604999999999999,,0.0,0.001,,,,,0.003,0.002,,,,
1227,0.1385,,0.0025,0.066,0.128,0.0775,,0.025,0.7055,,,,1.1629999999999998,,0.0,0.001,,,,,0.003,0.003,,,,
1228,0.128,,0.002,0.07,1.4805000000000001,0.073,,0.025,0.38250000000000006,,,,1.1235,,0.0,0.001,,,,,0.003,0.002,,,,
1229,0.128,,0.002,0.0695,0.17350000000000002,0.0735,,0.025,1.791,,,,1.125,,0.0,0.001,,,,,0.003,0.002,,,,
1230,0.129,,0.002,0.0695,0.137,0.073,,0.025,0.17550000000000002,,,,1.1230000000000002,,0.0,0.001,,,,,0.003,0.002,,,,
1231,0.1285,,0.002,0.07,0.33699999999999997,0.073,,0.025,0.36850000000000005,,,,1.125,,0.0,0.001,,,,,0.003,0.002,,,,
1232,0.128,,0.002,0.07,0.29500000000000004,0.0735,,0.025,0.5825,,,,1.1225,,0.0,0.001,,,,,0.003,0.002,,,,
1233,0.1275,,0.002,0.07,0.203,0.0735,,0.025,1.0745,,,,1.1175000000000002,,0.0,0.001,,,,,0.003,0.002,,,,
1234,0.1285,,0.002,0.07,0.14450000000000002,0.0735,,0.025,1.038,,,,1.126,,0.0,0.001,,,,,0.003,0.0025,,,,
1235,0.128,,0.002,0.07,0.2565,0.0735,,0.025,0.28500000000000003,,,,1.1219999999999999,,0.0,0.001,,,,,0.003,0.002,,,,
1236,0.1285,,0.002,0.0695,0.46299999999999997,0.073,,0.025,0.0935,,,,1.1205,,0.0,0.001,,,,,0.003,0.002,,,,
1237,0.1285,,0.002,0.07,0.7595,0.073,,0.025,0.36050000000000004,,,,1.126,,0.0,0.001,,,,,0.003,0.002,,,,
1238,0.129,,0.002,0.07,0.2575,0.0735,,0.025,1.445,,,,1.1270000000000002,,0.0,0.001,,,,,0.003,0.002,,,,
1239,0.128,,0.002,0.0695,0.17400000000000002,0.0735,,0.025,1.458,,,,1.1245,,0.0,0.001,,,,,0.003,0.002,,,,
1240,0.129,,0.002,0.0695,0.4655,0.073,,0.025,0.20750000000000002,,,,1.1195,,0.0,0.001,,,,,0.003,0.0025,,,,
1241,0.1285,,0.002,0.0695,0.4135,0.0735,,0.025,0.35050000000000003,,,,1.1270000000000002,,0.0,0.001,,,,,0.003,0.002,,,,
1242,0.1285,,0.002,0.07,0.4165,0.073,,0.025,0.7220000000000001,,,,1.125,,0.0,0.001,,,,,0.003,0.0025,,,,
1243,0.1275,,0.002,0.07,0.352,0.073,,0.025,0.5485,,,,1.0125000000000002,,0.0,0.001,,,,,0.003,0.0025,,,,
1244,0.128,,0.002,0.07,1.0374999999999999,0.0735,,0.025,1.3215000000000001,,,,1.014,,0.0,0.001,,,,,0.003,0.002,,,,
1245,0.1285,,0.002,0.07,0.23550000000000001,0.073,,0.025,0.5965,,,,1.0150000000000001,,0.0,0.001,,,,,0.003,0.002,,,,
1246,0.1285,,0.002,0.07,0.29200000000000004,0.073,,0.025,0.6885,,,,1.0175,,0.0,0.001,,,,,0.003,0.002,,,,
1247,0.1275,,0.002,0.07,0.3375,0.0735,,0.025,0.626,,,,1.012,,0.0,0.001,,,,,0.003,0.002,,,,
1248,0.1285,,0.002,0.07,0.23650000000000002,0.0735,,0.025,1.5090000000000001,,,,1.017,,0.0,0.001,,,,,0.003,0.002,,,,
1249,0.1285,,0.002,0.07,0.15150000000000002,0.073,,0.025,0.112,,,,1.0140000000000002,,0.0,0.001,,,,,0.003,0.002,,,,
1250,0.128,,0.002,0.07,0.4,0.0735,,0.025,1.978,,,,1.0135,,0.0,0.001,,,,,0.003,0.002,,,,
1251,0.129,,0.002,0.0695,3.1915,0.0735,,0.025,4.109000000000001,,,,1.0125000000000002,,0.0,0.001,,,,,0.003,0.002,,,,
1252,0.1285,,0.002,0.0695,0.3225,0.073,,0.025,0.7140000000000001,,,,1.0170000000000001,,0.0,0.001,,,,,0.003,0.002,,,,
1253,0.128,,0.002,0.07,0.35850000000000004,0.0735,,0.025,1.4275,,,,0.9775,,0.0,0.001,,,,,0.003,0.002,,,,
1254,0.128,,0.002,0.07,0.1685,0.073,,0.025,0.615,,,,0.9804999999999999,,0.0,0.001,,,,,0.003,0.0025,,,,
1255,0.1285,,0.002,0.07,2.4565,0.0735,,0.025,3.5380000000000003,,,,0.979,,0.0,0.001,,,,,0.003,0.002,,,,
1256,0.128,,0.002,0.07,0.32000000000000006,0.0735,,0.025,1.52,,,,0.979,,0.0,0.001,,,,,0.003,0.002,,,,
1257,0.1285,,0.002,0.07,0.9645,0.073,,0.025,0.5875,,,,0.9775,,0.0,0.001,,,,,0.003,0.002,,,,
1258,0.1285,,0.002,0.07,0.197,0.0735,,0.025,0.9685,,,,0.9420000000000001,,0.0,0.001,,,,,0.003,0.002,,,,
1259,0.1285,,0.002,0.0695,0.197,0.074,,0.025,1.735,,,,0.887,,0.0,0.001,,,,,0.003,0.002,,,,
1260,0.1285,,0.002,0.069,2.4385,0.073,,0.025,0.08549999999999999,,,,0.8885000000000001,,0.0,0.001,,,,,0.003,0.002,,,,
1261,0.1285,,0.002,0.0695,0.079,0.073,,0.025,0.5640000000000001,,,,0.887,,0.0,0.001,,,,,0.003,0.002,,,,
1262,0.1285,,0.002,0.07,0.155,0.0735,,0.025,1.076,,,,0.8195000000000001,,0.0,0.001,,,,,0.003,0.002,,,,
1263,0.1285,,0.002,0.07,0.782,0.073,,0.025,1.5839999999999999,,,,0.8195000000000001,,0.0,0.001,,,,,0.003,0.0025,,,,
1264,0.128,,0.002,0.07,0.07450000000000001,0.073,,0.025,2.593,,,,0.7625,,0.0,0.001,,,,,0.003,0.002,,,,
1265,0.128,,0.002,0.07,0.4475,0.0745,,0.025,1.3195,,,,0.7625,,0.0,0.001,,,,,0.003,0.002,,,,
1266,0.128,,0.002,0.0695,0.5255,0.0735,,0.025,1.099,,,,0.764,,0.0,0.001,,,,,0.003,0.002,,,,
1267,0.128,,0.002,0.07,0.181,0.073,,0.025,0.919,,,,0.7675000000000001,,0.0,0.001,,,,,0.003,0.002,,,,
1268,0.1285,,0.002,0.07,1.6585,0.074,,0.025,3.293,,,,0.7675000000000001,,0.0,0.001,,,,,0.003,0.002,,,,
1269,0.1275,,0.002,0.07,0.7765,0.073,,0.025,2.7655000000000003,,,,0.7625,,0.0,0.001,,,,,0.003,0.002,,,,
1270,0.138,,0.003,0.07,0.0805,0.077,,0.025,2.5805000000000002,,,,0.7455,,0.0,0.001,,,,,0.003,0.002,,,,
1271,0.138,,0.003,0.07,1.3,0.076,,0.025,3.305,,,,0.748,,0.0,0.001,,,,,0.003,0.002,,,,
1272,0.138,,0.003,0.069,0.765,0.077,,0.025,0.921,,,,0.7484999999999999,,0.0,0.001,,,,,0.003,0.002,,,,
1273,0.138,,0.003,0.0695,0.2235,0.0765,,0.025,0.5855,,,,0.7505,,0.0,0.001,,,,,0.003,0.002,,,,
1274,0.138,,0.003,0.0695,0.723,0.077,,0.025,1.0835,,,,0.7505,,0.0,0.001,,,,,0.003,0.002,,,,
1275,0.138,,0.003,0.0695,0.6435000000000001,0.077,,0.025,0.7075,,,,0.7505,,0.0,0.001,,,,,0.003,0.002,,,,
1276,0.138,,0.003,0.0695,0.23500000000000001,0.077,,0.025,0.137,,,,0.749,,0.0,0.001,,,,,0.003,0.002,,,,
1277,0.138,,0.003,0.07,0.8644999999999999,0.0765,,0.025,1.0125,,,,0.75,,0.0,0.001,,,,,0.003,0.002,,,,
1278,0.138,,0.003,0.07,0.34950000000000003,0.0765,,0.025,1.6555,,,,0.7464999999999999,,0.0,0.001,,,,,0.003,0.002,,,,
1279,0.138,,0.003,0.0695,0.6030000000000001,0.077,,0.025,0.6875,,,,0.744,,0.0,0.001,,,,,0.003,0.002,,,,
1280,0.1375,,0.003,0.069,0.6779999999999999,0.077,,0.025,1.8825,,,,0.7144999999999999,,0.0,0.001,,,,,0.003,0.002,,,,
1281,0.138,,0.003,0.069,0.525,0.0765,,0.025,1.3980000000000001,,,,0.7155,,0.0,0.001,,,,,0.003,0.002,,,,
1282,0.1375,,0.003,0.069,0.218,0.077,,0.025,1.3695000000000002,,,,0.711,,0.0,0.001,,,,,0.003,0.002,,,,
1283,0.138,,0.003,0.0695,0.2045,0.077,,0.025,1.6440000000000001,,,,0.7124999999999999,,0.0,0.001,,,,,0.003,0.002,,,,
1284,0.138,,0.003,0.069,0.6345000000000001,0.0765,,0.025,0.7575000000000001,,,,0.7155,,0.0,0.001,,,,,0.003,0.002,,,,
1285,0.138,,0.003,0.069,0.1005,0.0775,,0.025,0.0885,,,,0.715,,0.0,0.001,,,,,0.003,0.0025,,,,
1286,0.138,,0.003,0.069,0.28550000000000003,0.077,,0.025,0.9245,,,,0.712,,0.0,0.001,,,,,0.003,0.002,,,,
1287,0.138,,0.003,0.069,0.29050000000000004,0.077,,0.025,1.001,,,,0.7135,,0.0,0.001,,,,,0.003,0.002,,,,
1288,0.138,,0.003,0.069,0.122,0.077,,0.025,0.2055,,,,0.7144999999999999,,0.0,0.001,,,,,0.003,0.0025,,,,
1289,0.138,,0.003,0.069,0.3165,0.077,,0.025,1.2195,,,,0.713,,0.0,0.001,,,,,0.003,0.002,,,,
1290,0.138,,0.003,0.069,0.649,0.0775,,0.025,0.8075,,,,0.714,,0.0,0.001,,,,,0.003,0.0025,,,,
1291,0.138,,0.003,0.069,0.1895,0.0775,,0.025,0.251,,,,0.7164999999999999,,0.0,0.001,,,,,0.003,0.002,,,,
1292,0.138,,0.003,0.069,0.2445,0.077,,0.025,1.0255,,,,0.715,,0.0,0.001,,,,,0.003,0.002,,,,
1293,0.138,,0.003,0.069,0.528,0.077,,0.025,0.8115,,,,0.7175,,0.0,0.001,,,,,0.003,0.002,,,,
1294,0.138,,0.003,0.069,0.2625,0.077,,0.025,0.208,,,,0.715,,0.0,0.001,,,,,0.003,0.0025,,,,
1295,0.138,,0.003,0.069,0.3955,0.077,,0.025,1.4040000000000001,,,,0.7184999999999999,,0.0,0.001,,,,,0.003,0.002,,,,
1296,0.138,,0.003,0.069,0.5165,0.0775,,0.025,1.129,,,,0.715,,0.0,0.001,,,,,0.003,0.002,,,,
1297,0.138,,0.003,0.069,0.34550000000000003,0.077,,0.025,0.6705,,,,0.7144999999999999,,0.0,0.001,,,,,0.003,0.002,,,,
1298,0.1375,,0.003,0.069,0.42600000000000005,0.077,,0.025,1.1705,,,,0.714,,0.0,0.001,,,,,0.003,0.002,,,,
1299,0.138,,0.003,0.069,0.629,0.077,,0.025,1.787,,,,0.7164999999999999,,0.0,0.001,,,,,0.003,0.002,,,,
1300,0.138,,0.003,0.069,0.163,0.0775,,0.025,2.2424999999999997,,,,0.7164999999999999,,0.0,0.001,,,,,0.003,0.002,,,,
1301,0.1375,,0.003,0.069,0.37100000000000005,0.077,,0.025,3.4370000000000003,,,,0.7164999999999999,,0.0,0.001,,,,,0.003,0.002,,,,
1302,0.138,,0.003,0.069,0.49650000000000005,0.0765,,0.025,1.1095,,,,0.719,,0.0,0.001,,,,,0.003,0.002,,,,
1303,0.138,,0.003,0.069,0.194,0.0775,,0.025,0.5625,,,,0.7195,,0.0,0.001,,,,,0.003,0.002,,,,
1304,0.1375,,0.003,0.069,0.30550000000000005,0.077,,0.025,1.564,,,,0.715,,0.0,0.001,,,,,0.003,0.002,,,,
1305,0.1395,,0.003,0.0695,0.459,0.0765,,0.025,1.0715,,,,0.717,,0.0,0.001,,,,,0.003,0.002,,,,
1306,0.1385,,0.003,0.069,0.31000000000000005,0.0775,,0.025,0.5539999999999999,,,,0.717,,0.0,0.001,,,,,0.003,0.002,,,,
1307,0.1385,,0.003,0.0695,0.861,0.077,,0.025,1.4020000000000001,,,,0.7215,,0.0,0.001,,,,,0.003,0.002,,,,
1308,0.1385,,0.003,0.069,4.773000000000001,0.0765,,0.025,1.6955,,,,0.719,,0.0,0.001,,,,,0.003,0.002,,,,
1309,0.138,,0.003,0.069,0.8555,0.0775,,0.025,0.159,,,,0.7204999999999999,,0.0,0.001,,,,,0.003,0.002,,,,
1310,0.138,,0.003,0.069,0.4605,0.0765,,0.025,1.077,,,,0.718,,0.0,0.001,,,,,0.003,0.002,,,,
1311,0.1385,,0.003,0.069,0.561,0.0765,,0.025,1.3425,,,,0.7204999999999999,,0.0,0.001,,,,,0.003,0.002,,,,
1312,0.1385,,0.003,0.069,0.11699999999999999,0.077,,0.025,0.2365,,,,0.7204999999999999,,0.0,0.001,,,,,0.003,0.002,,,,
1313,0.1385,,0.003,0.069,0.3835,0.077,,0.025,1.183,,,,0.7215,,0.0,0.001,,,,,0.003,0.002,,,,
1314,0.1385,,0.003,0.069,0.599,0.077,,0.025,1.81,,,,0.7195,,0.0,0.001,,,,,0.003,0.002,,,,
1315,0.138,,0.003,0.069,0.187,0.0775,,0.025,0.6745,,,,0.7224999999999999,,0.0,0.001,,,,,0.003,0.002,,,,
1316,0.139,,0.003,0.0695,0.3405,0.0765,,0.025,0.9065000000000001,,,,0.72,,0.0,0.001,,,,,0.003,0.002,,,,
1317,0.1385,,0.003,0.07,0.6805,0.0765,,0.025,1.9260000000000002,,,,0.7195,,0.0,0.001,,,,,0.003,0.002,,,,
1318,0.138,,0.003,0.0695,0.3395,0.0775,,0.025,1.339,,,,0.7235,,0.0,0.001,,,,,0.003,0.002,,,,
1319,0.138,,0.003,0.0695,0.43500000000000005,0.077,,0.025,2.1915,,,,0.721,,0.0,0.001,,,,,0.003,0.002,,,,
1320,0.139,,0.003,0.0695,0.279,0.077,,0.025,1.6535000000000002,,,,0.719,,0.0,0.001,,,,,0.003,0.002,,,,
1321,0.1385,,0.003,0.0695,0.2525,0.077,,0.025,0.5515,,,,0.725,,0.0,0.001,,,,,0.003,0.002,,,,
1322,0.138,,0.003,0.0695,0.455,0.077,,0.025,3.694,,,,0.7115,,0.0,0.001,,,,,0.003,0.002,,,,
1323,0.1385,,0.003,0.069,0.5445,0.0765,,0.025,1.4595,,,,0.7144999999999999,,0.0,0.001,,,,,0.003,0.002,,,,
1324,0.1385,,0.003,0.0695,0.5155,0.077,,0.025,1.115,,,,0.711,,0.0,0.001,,,,,0.003,0.002,,,,
1325,0.138,,0.003,0.07,0.49050000000000005,0.077,,0.025,1.27,,,,0.7155,,0.0,0.001,,,,,0.003,0.002,,,,
1326,0.1385,,0.003,0.0695,0.533,0.0775,,0.025,2.0175,,,,0.643,,0.0,0.001,,,,,0.003,0.002,,,,
1327,0.138,,0.003,0.07,0.34900000000000003,0.0775,,0.025,2.7184999999999997,,,,0.644,,0.0,0.001,,,,,0.003,0.002,,,,
1328,0.1385,,0.003,0.07,0.1465,0.077,,0.025,2.4845,,,,0.649,,0.0,0.001,,,,,0.003,0.002,,,,
1329,0.1385,,0.003,0.0695,0.7115,0.077,,0.025,1.0090000000000001,,,,0.6495,,0.0,0.001,,,,,0.003,0.002,,,,
1330,0.1385,,0.003,0.0695,0.1735,0.0775,,0.025,0.786,,,,0.647,,0.0,0.001,,,,,0.003,0.002,,,,
1331,0.138,,0.003,0.07,0.1325,0.0765,,0.025,1.3825,,,,0.6465000000000001,,0.0,0.001,,,,,0.003,0.002,,,,
1332,0.1385,,0.003,0.07,0.49200000000000005,0.077,,0.025,1.8385,,,,0.649,,0.0,0.001,,,,,0.003,0.002,,,,
1333,0.138,,0.003,0.0695,0.745,0.0775,,0.025,1.0225,,,,0.647,,0.0,0.001,,,,,0.003,0.002,,,,
1334,0.138,,0.003,0.07,0.1705,0.077,,0.025,1.3110000000000002,,,,0.648,,0.0,0.001,,,,,0.003,0.002,,,,
1335,0.138,,0.003,0.07,0.812,0.0765,,0.025,0.94,,,,0.6465000000000001,,0.0,0.001,,,,,0.003,0.002,,,,
1336,0.1375,,0.003,0.0695,0.3295,0.077,,0.025,1.101,,,,0.649,,0.0,0.001,,,,,0.003,0.002,,,,
1337,0.138,,0.003,0.0695,0.1525,0.077,,0.025,1.372,,,,0.651,,0.0,0.001,,,,,0.003,0.002,,,,
1338,0.1385,,0.003,0.07,0.75,0.077,,0.025,0.47850000000000004,,,,0.6495,,0.0,0.001,,,,,0.003,0.0025,,,,
1339,0.138,,0.003,0.0695,0.279,0.077,,0.025,0.4575,,,,0.6465000000000001,,0.0,0.001,,,,,0.003,0.002,,,,
1340,0.138,,0.003,0.07,0.11,0.077,,0.025,0.28750000000000003,,,,0.6455,,0.0,0.001,,,,,0.003,0.002,,,,
1341,0.138,,0.003,0.0695,0.58,0.077,,0.025,1.5695,,,,0.651,,0.0,0.001,,,,,0.003,0.002,,,,
1342,0.138,,0.003,0.07,0.14150000000000001,0.077,,0.025,0.1225,,,,0.646,,0.0,0.001,,,,,0.003,0.002,,,,
1343,0.138,,0.003,0.07,0.1045,0.077,,0.025,1.0005,,,,0.649,,0.0,0.001,,,,,0.003,0.002,,,,
1344,0.138,,0.003,0.0695,0.558,0.0765,,0.025,0.673,,,,0.6485000000000001,,0.0,0.001,,,,,0.003,0.002,,,,
1345,0.138,,0.003,0.0695,0.077,0.077,,0.025,0.213,,,,0.651,,0.0,0.001,,,,,0.003,0.002,,,,
1346,0.1385,,0.003,0.07,0.36550000000000005,0.0765,,0.025,1.4485000000000001,,,,0.649,,0.0,0.001,,,,,0.003,0.002,,,,
1347,0.138,,0.003,0.07,1.2445,0.0765,,0.025,1.3165,,,,0.643,,0.0,0.001,,,,,0.003,0.002,,,,
1348,0.138,,0.003,0.07,0.316,0.077,,0.025,1.7565,,,,0.6375,,0.0,0.001,,,,,0.003,0.002,,,,
1349,0.1375,,0.003,0.07,1.491,0.077,,0.025,1.3595,,,,0.641,,0.0,0.001,,,,,0.003,0.0025,,,,
1350,0.138,,0.003,0.07,0.754,0.0765,,0.025,0.68,,,,0.639,,0.0,0.001,,,,,0.003,0.0025,,,,
1351,0.1375,,0.003,0.07,0.157,0.077,,0.025,1.722,,,,0.64,,0.0,0.001,,,,,0.003,0.0025,,,,
1352,0.138,,0.003,0.07,4.406,0.0765,,0.025,5.1375,,,,0.6395,,0.0,0.001,,,,,0.003,0.002,,,,
1353,0.138,,0.003,0.07,0.093,0.0765,,0.025,1.0225,,,,0.642,,0.0,0.001,,,,,0.003,0.0025,,,,
1354,0.138,,0.003,0.07,0.192,0.077,,0.025,1.2834999999999999,,,,0.6425000000000001,,0.0,0.001,,,,,0.003,0.002,,,,
1355,0.138,,0.003,0.07,0.6054999999999999,0.0765,,0.025,1.5975000000000001,,,,0.6405000000000001,,0.0,0.001,,,,,0.003,0.002,,,,
1356,0.138,,0.003,0.07,0.0805,0.0765,,0.025,0.6625,,,,0.648,,0.0,0.001,,,,,0.003,0.002,,,,
1357,0.1385,,0.003,0.07,0.216,0.0775,,0.025,0.0715,,,,0.6445000000000001,,0.0,0.001,,,,,0.003,0.002,,,,
1358,0.1385,,0.003,0.07,0.28750000000000003,0.077,,0.025,1.5905,,,,0.6465000000000001,,0.0,0.001,,,,,0.003,0.002,,,,
1359,0.138,,0.003,0.07,0.0975,0.0765,,0.025,1.2395,,,,0.6445000000000001,,0.0,0.001,,,,,0.003,0.002,,,,
1360,0.1375,,0.003,0.07,0.2135,0.0765,,0.025,0.073,,,,0.644,,0.0,0.001,,,,,0.003,0.002,,,,
1361,0.1375,,0.003,0.07,1.447,0.077,,0.025,2.4465,,,,0.646,,0.0,0.001,,,,,0.003,0.002,,,,
1362,0.1375,,0.003,0.07,0.166,0.077,,0.025,2.6790000000000003,,,,0.646,,0.0,0.001,,,,,0.003,0.002,,,,
1363,0.1375,,0.003,0.07,1.391,0.0765,,0.025,1.651,,,,0.645,,0.0,0.001,,,,,0.003,0.0025,,,,
1364,0.138,,0.003,0.07,0.057999999999999996,0.0765,,0.025,0.9954999999999999,,,,0.646,,0.0,0.001,,,,,0.003,0.002,,,,
1365,0.138,,0.003,0.07,0.2705,0.0765,,0.025,0.8370000000000001,,,,0.645,,0.0,0.001,,,,,0.003,0.002,,,,
1366,0.1375,,0.003,0.07,0.29000000000000004,0.077,,0.025,0.14,,,,0.647,,0.0,0.001,,,,,0.003,0.002,,,,
1367,0.1375,,0.003,0.07,2.1065,0.0765,,0.025,0.08700000000000001,,,,0.6455,,0.0,0.001,,,,,0.003,0.002,,,,
1368,0.138,,0.003,0.07,0.1545,0.0765,,0.025,0.6575,,,,0.617,,0.0,0.001,,,,,0.003,0.002,,,,
1369,0.138,,0.003,0.07,0.37750000000000006,0.077,,0.025,6.3175,,,,0.6165,,0.0,0.001,,,,,0.003,0.002,,,,
1370,0.138,,0.003,0.07,2.3015,0.0765,,0.025,4.7475,,,,0.619,,0.0,0.001,,,,,0.003,0.002,,,,
1371,0.138,,0.003,0.0695,0.0555,0.0765,,0.025,0.9775,,,,0.6134999999999999,,0.0,0.001,,,,,0.003,0.002,,,,
1372,0.138,,0.003,0.0695,0.204,0.0765,,0.025,1.4835,,,,0.61,,0.0,0.001,,,,,0.003,0.002,,,,
1373,0.138,,0.003,0.07,2.2335,0.0765,,0.025,0.2415,,,,0.612,,0.0,0.001,,,,,0.003,0.0025,,,,
1374,0.1375,,0.003,0.07,1.9395,0.0765,,0.025,0.06,,,,0.6145,,0.0,0.001,,,,,0.003,0.0025,,,,
1375,0.138,,0.003,0.07,0.30500000000000005,0.077,,0.025,1.462,,,,0.6154999999999999,,0.0,0.001,,,,,0.003,0.002,,,,
1376,0.138,,0.003,0.07,0.3905,0.0765,,0.025,0.1285,,,,0.6174999999999999,,0.0,0.001,,,,,0.003,0.002,,,,
1377,0.138,,0.003,0.0695,5.521,0.0765,,0.025,2.422,,,,0.6134999999999999,,0.0,0.001,,,,,0.003,0.002,,,,
1378,0.1385,,0.003,0.07,0.8400000000000001,0.0775,,0.025,0.6775,,,,0.6165,,0.0,0.001,,,,,0.003,0.002,,,,
1379,0.138,,0.003,0.07,0.1805,0.0765,,0.025,1.7080000000000002,,,,0.613,,0.0,0.001,,,,,0.003,0.002,,,,
1380,0.1385,,0.003,0.069,0.7405,0.0765,,0.025,1.032,,,,0.6085,,0.0,0.001,,,,,0.003,0.002,,,,
1381,0.138,,0.003,0.069,0.37800000000000006,0.077,,0.025,0.2585,,,,0.607,,0.0,0.001,,,,,0.003,0.002,,,,
1382,0.1385,,0.003,0.069,0.14,0.077,,0.025,1.5295,,,,0.608,,0.0,0.001,,,,,0.003,0.002,,,,
1383,0.139,,0.003,0.069,0.41650000000000004,0.0765,,0.025,0.7434999999999999,,,,0.6054999999999999,,0.0,0.001,,,,,0.003,0.002,,,,
1384,0.1395,,0.003,0.069,0.44100000000000006,0.0775,,0.025,1.5875000000000001,,,,0.6054999999999999,,0.0,0.001,,,,,0.003,0.002,,,,
1385,0.1375,,0.003,0.07,0.34850000000000003,0.077,,0.025,2.239,,,,0.611,,0.0,0.001,,,,,0.003,0.002,,,,
1386,0.1375,,0.003,0.07,0.208,0.077,,0.025,1.4475,,,,0.6054999999999999,,0.0,0.001,,,,,0.003,0.002,,,,
1387,0.138,,0.003,0.07,0.0615,0.077,,0.025,0.5535,,,,0.607,,0.0,0.001,,,,,0.003,0.002,,,,
1388,0.1375,,0.003,0.069,0.2405,0.077,,0.025,1.696,,,,0.6085,,0.0,0.001,,,,,0.003,0.002,,,,
1389,0.138,,0.003,0.069,0.527,0.077,,0.025,0.846,,,,0.6105,,0.0,0.001,,,,,0.003,0.002,,,,
1390,0.138,,0.003,0.069,0.2195,0.0775,,0.025,1.1165,,,,0.6074999999999999,,0.0,0.001,,,,,0.003,0.002,,,,
1391,0.1385,,0.003,0.069,0.5295,0.0765,,0.025,5.980499999999999,,,,0.612,,0.0,0.001,,,,,0.003,0.002,,,,
1392,0.138,,0.003,0.0695,0.242,0.077,,0.025,3.092,,,,0.597,,0.0,0.001,,,,,0.003,0.002,,,,
1393,0.138,,0.003,0.0695,1.37,0.0775,,0.025,0.223,,,,0.6014999999999999,,0.0,0.001,,,,,0.003,0.002,,,,
1394,0.138,,0.003,0.0695,0.1395,0.0765,,0.025,0.2245,,,,0.6005,,0.0,0.001,,,,,0.003,0.0025,,,,
1395,0.1375,,0.003,0.0695,0.136,0.077,,0.025,1.4615,,,,0.5985,,0.0,0.001,,,,,0.003,0.0025,,,,
1396,0.138,,0.003,0.069,0.185,0.077,,0.025,1.7725,,,,0.602,,0.0,0.001,,,,,0.003,0.002,,,,
1397,0.1375,,0.003,0.0695,0.14,0.0765,,0.025,0.09999999999999999,,,,0.6014999999999999,,0.0,0.001,,,,,0.003,0.002,,,,
1398,0.138,,0.003,0.07,2.963,0.077,,0.025,1.092,,,,0.602,,0.0,0.001,,,,,0.003,0.002,,,,
1399,0.137,,0.003,0.069,2.0010000000000003,0.0775,,0.025,3.089,,,,0.605,,0.0,0.001,,,,,0.003,0.002,,,,
1400,0.1375,,0.003,0.0695,2.3335,0.077,,0.025,4.1345,,,,0.601,,0.0,0.001,,,,,0.003,0.002,,,,
1401,0.138,,0.003,0.0695,0.084,0.077,,0.025,1.933,,,,0.5994999999999999,,0.0,0.001,,,,,0.003,0.002,,,,
1402,0.138,,0.003,0.069,0.2535,0.077,,0.025,0.779,,,,0.6034999999999999,,0.0,0.001,,,,,0.003,0.002,,,,
1403,0.1375,,0.003,0.069,1.418,0.077,,0.025,0.1485,,,,0.603,,0.0,0.001,,,,,0.003,0.002,,,,
1404,0.137,,0.003,0.069,0.30300000000000005,0.0765,,0.025,0.3325,,,,0.603,,0.0,0.001,,,,,0.003,0.002,,,,
1405,0.1375,,0.003,0.0695,0.757,0.077,,0.025,0.277,,,,0.6045,,0.0,0.001,,,,,0.003,0.002,,,,
1406,0.1375,,0.003,0.0695,0.34850000000000003,0.077,,0.025,0.1075,,,,0.6025,,0.0,0.001,,,,,0.003,0.002,,,,
1407,0.127,,0.002,0.066,0.126,0.07200000000000001,,0.025,0.922,,,,0.5740000000000001,,0.0,0.001,,,,,0.003,0.002,,,,
1408,0.1275,,0.002,0.066,0.3895,0.07200000000000001,,0.025,0.5175,,,,0.5785,,0.0,0.001,,,,,0.003,0.002,,,,
1409,0.127,,0.002,0.066,0.6985,0.07200000000000001,,0.025,2.3095,,,,0.543,,0.0,0.001,,,,,0.003,0.002,,,,
1410,0.127,,0.002,0.066,0.1155,0.07200000000000001,,0.025,0.7295,,,,0.545,,0.0,0.001,,,,,0.003,0.002,,,,
1411,0.127,,0.002,0.066,0.2675,0.07200000000000001,,0.025,0.48150000000000004,,,,0.547,,0.0,0.001,,,,,0.003,0.0025,,,,
1412,0.127,,0.002,0.066,0.3755,0.07200000000000001,,0.025,0.6845,,,,0.5465,,0.0,0.001,,,,,0.003,0.002,,,,
1413,0.127,,0.002,0.066,0.1765,0.07200000000000001,,0.025,1.067,,,,0.5485,,0.0,0.001,,,,,0.003,0.002,,,,
1414,0.1265,,0.002,0.066,0.2075,0.07200000000000001,,0.025,1.5805,,,,0.546,,0.0,0.001,,,,,0.003,0.002,,,,
1415,0.1275,,0.002,0.0665,0.046,0.07200000000000001,,0.025,1.3530000000000002,,,,0.549,,0.0,0.001,,,,,0.003,0.002,,,,
1416,0.1275,,0.002,0.066,0.249,0.07200000000000001,,0.025,1.5810000000000002,,,,0.547,,0.0,0.001,,,,,0.003,0.002,,,,
1417,0.127,,0.0025,0.066,0.242,0.07200000000000001,,0.025,0.9025,,,,0.5475000000000001,,0.0,0.001,,,,,0.003,0.002,,,,
1418,0.127,,0.002,0.066,0.316,0.07200000000000001,,0.025,1.268,,,,0.549,,0.0,0.001,,,,,0.003,0.002,,,,
1419,0.1275,,0.002,0.066,0.132,0.07200000000000001,,0.025,0.4685,,,,0.5475000000000001,,0.0,0.001,,,,,0.003,0.002,,,,
1420,0.127,,0.002,0.066,0.257,0.07200000000000001,,0.025,0.41650000000000004,,,,0.547,,0.0,0.001,,,,,0.003,0.002,,,,
1421,0.1265,,0.002,0.066,0.0835,0.07200000000000001,,0.025,1.3165,,,,0.547,,0.0,0.001,,,,,0.003,0.002,,,,
1422,0.1265,,0.002,0.066,0.0795,0.07200000000000001,,0.025,0.6405000000000001,,,,0.5455000000000001,,0.0,0.001,,,,,0.003,0.002,,,,
1423,0.127,,0.002,0.066,0.339,0.07200000000000001,,0.025,0.334,,,,0.547,,0.0,0.001,,,,,0.003,0.002,,,,
1424,0.1265,,0.002,0.066,0.5725,0.07200000000000001,,0.025,1.1575000000000002,,,,0.5535000000000001,,0.0,0.001,,,,,0.003,0.002,,,,
1425,0.127,,0.002,0.066,0.24,0.07200000000000001,,0.025,1.054,,,,0.5475000000000001,,0.0,0.001,,,,,0.003,0.002,,,,
1426,0.1265,,0.002,0.066,0.182,0.07200000000000001,,0.025,1.193,,,,0.5495000000000001,,0.0,0.001,,,,,0.003,0.002,,,,
1427,0.1265,,0.002,0.066,0.16549999999999998,0.07200000000000001,,0.025,0.711,,,,0.5485,,0.0,0.001,,,,,0.003,0.002,,,,
1428,0.1275,,0.002,0.066,0.11,0.07200000000000001,,0.025,1.6090000000000002,,,,0.55,,0.0,0.001,,,,,0.003,0.002,,,,
1429,0.1275,,0.002,0.0665,0.3355,0.07200000000000001,,0.025,0.7335,,,,0.549,,0.0,0.001,,,,,0.003,0.002,,,,
1430,0.127,,0.002,0.066,0.117,0.07200000000000001,,0.025,0.0625,,,,0.5505,,0.0,0.001,,,,,0.003,0.002,,,,
1431,0.127,,0.002,0.066,0.113,0.07200000000000001,,0.025,0.10450000000000001,,,,0.55,,0.0,0.001,,,,,0.003,0.002,,,,
1432,0.128,,0.002,0.066,0.05450000000000001,0.07200000000000001,,0.025,0.084,,,,0.486,,0.0,0.001,,,,,0.003,0.003,,,,
1433,0.1275,,0.002,0.066,2.6425,0.07200000000000001,,0.025,1.3034999999999999,,,,0.485,,0.0,0.001,,,,,0.003,0.003,,,,
1434,0.1275,,0.002,0.066,0.09050000000000001,0.07200000000000001,,0.025,0.5569999999999999,,,,0.486,,0.0,0.001,,,,,0.003,0.0025,,,,
1435,0.128,,0.002,0.066,0.34500000000000003,0.07200000000000001,,0.025,0.5645,,,,0.4645,,0.0,0.001,,,,,0.003,0.0025,,,,
1436,0.128,,0.002,0.066,0.48300000000000004,0.07200000000000001,,0.025,0.142,,,,0.468,,0.0,0.001,,,,,0.003,0.003,,,,
1437,0.128,,0.002,0.066,0.246,0.07200000000000001,,0.025,1.234,,,,0.466,,0.0,0.001,,,,,0.003,0.0025,,,,
1438,0.1275,,0.002,0.066,0.147,0.07200000000000001,,0.025,1.836,,,,0.466,,0.0,0.001,,,,,0.003,0.003,,,,
1439,0.128,,0.002,0.066,0.051500000000000004,0.07200000000000001,,0.025,1.089,,,,0.466,,0.0,0.001,,,,,0.003,0.003,,,,
1440,0.128,,0.002,0.066,0.081,0.07200000000000001,,0.025,0.2145,,,,0.4655,,0.0,0.001,,,,,0.003,0.002,,,,
1441,0.1275,,0.002,0.066,0.149,0.07200000000000001,,0.025,0.9485,,,,0.467,,0.0,0.001,,,,,0.003,0.003,,,,
1442,0.128,,0.002,0.0665,0.3875,0.07200000000000001,,0.025,0.0645,,,,0.4675,,0.0,0.001,,,,,0.003,0.003,,,,
1443,0.1275,,0.002,0.0665,0.08700000000000001,0.07200000000000001,,0.025,1.031,,,,0.4675,,0.0,0.001,,,,,0.003,0.0025,,,,
1444,0.1275,,0.002,0.066,0.381,0.07200000000000001,,0.025,0.7845,,,,0.467,,0.0,0.001,,,,,0.003,0.003,,,,
1445,0.128,,0.002,0.066,0.2215,0.07200000000000001,,0.025,1.377,,,,0.4685,,0.0,0.001,,,,,0.003,0.0025,,,,
1446,0.127,,0.002,0.066,0.082,0.07200000000000001,,0.025,0.36950000000000005,,,,0.46900000000000003,,0.0,0.001,,,,,0.003,0.003,,,,
1447,0.1275,,0.002,0.0665,2.7295000000000003,0.07200000000000001,,0.025,129.22799999999998,,,,0.468,,0.0,0.001,,,,,0.003,0.003,,,,
1448,0.128,,0.002,0.066,0.2625,0.07200000000000001,,0.025,0.11399999999999999,,,,0.467,,0.0,0.001,,,,,0.003,0.003,,,,
1449,0.127,,0.002,0.066,0.7065,0.07200000000000001,,0.025,1.9669999999999999,,,,0.4455,,0.0,0.001,,,,,0.003,0.0025,,,,
1450,0.1275,,0.002,0.066,0.1755,0.07200000000000001,,0.025,0.2355,,,,0.45,,0.0,0.001,,,,,0.003,0.0025,,,,
1451,0.1275,,0.002,0.066,0.529,0.07200000000000001,,0.025,1.798,,,,0.4445,,0.0,0.001,,,,,0.003,0.0025,,,,
1452,0.127,,0.002,0.066,0.10750000000000001,0.07200000000000001,,0.025,0.116,,,,0.444,,0.0,0.001,,,,,0.003,0.0025,,,,
1453,0.1275,,0.002,0.066,0.2365,0.07200000000000001,,0.025,0.68,,,,0.445,,0.0,0.001,,,,,0.003,0.003,,,,
1454,0.128,,0.002,0.066,0.28650000000000003,0.07200000000000001,,0.025,0.1935,,,,0.4455,,0.0,0.001,,,,,0.003,0.003,,,,
1455,0.127,,0.002,0.066,2.5645000000000002,0.07200000000000001,,0.025,5.519500000000001,,,,0.446,,0.0,0.001,,,,,0.003,0.003,,,,
1456,0.127,,0.002,0.066,0.2355,0.07200000000000001,,0.025,0.2425,,,,0.446,,0.0,0.001,,,,,0.003,0.002,,,,
1457,0.1275,,0.002,0.066,0.447,0.07200000000000001,,0.025,0.10450000000000001,,,,0.4455,,0.0,0.001,,,,,0.003,0.0025,,,,
1458,0.127,,0.002,0.066,0.48800000000000004,0.07200000000000001,,0.025,0.7515000000000001,,,,0.4445,,0.0,0.001,,,,,0.003,0.003,,,,
1459,0.1275,,0.002,0.066,0.1615,0.07200000000000001,,0.025,1.737,,,,0.4465,,0.0,0.001,,,,,0.003,0.003,,,,
1460,0.127,,0.002,0.066,0.07,0.07200000000000001,,0.025,0.30150000000000005,,,,0.446,,0.0,0.001,,,,,0.003,0.0025,,,,
1461,0.127,,0.002,0.066,0.5625,0.07200000000000001,,0.025,0.862,,,,0.4485,,0.0,0.001,,,,,0.003,0.0025,,,,
1462,0.127,,0.002,0.066,0.8815000000000001,0.07200000000000001,,0.025,0.757,,,,0.446,,0.0,0.001,,,,,0.003,0.0025,,,,
1463,0.1275,,0.002,0.066,0.1005,0.07200000000000001,,0.025,1.747,,,,0.4465,,0.0,0.001,,,,,0.003,0.0025,,,,
1464,0.128,,0.002,0.066,2.6140000000000003,0.07200000000000001,,0.025,3.3135,,,,0.446,,0.0,0.001,,,,,0.003,0.0025,,,,
1465,0.1275,,0.002,0.066,0.164,0.07200000000000001,,0.025,0.7455,,,,0.4455,,0.0,0.001,,,,,0.003,0.0025,,,,
1466,0.1275,,0.002,0.0665,0.3225,0.07200000000000001,,0.025,2.0525,,,,0.444,,0.0,0.001,,,,,0.003,0.003,,,,
1467,0.127,,0.002,0.066,0.114,0.07200000000000001,,0.025,0.16849999999999998,,,,0.447,,0.0,0.001,,,,,0.003,0.0025,,,,
1468,0.128,,0.002,0.066,0.337,0.07200000000000001,,0.025,0.921,,,,0.445,,0.0,0.001,,,,,0.003,0.003,,,,
1469,0.127,,0.002,0.066,0.222,0.07200000000000001,,0.025,2.0155000000000003,,,,0.4455,,0.0,0.001,,,,,0.003,0.0025,,,,
1470,0.1275,,0.002,0.066,0.2245,0.07200000000000001,,0.025,2.3339999999999996,,,,0.446,,0.0,0.001,,,,,0.003,0.0025,,,,
1471,0.128,,0.002,0.066,0.2505,0.07200000000000001,,0.025,3.168,,,,0.423,,0.0,0.001,,,,,0.003,0.003,,,,
1472,0.128,,0.002,0.066,0.079,0.07200000000000001,,0.025,1.2255,,,,0.4225,,0.0,0.001,,,,,0.003,0.003,,,,
1473,0.128,,0.002,0.066,0.08600000000000001,0.07200000000000001,,0.025,0.988,,,,0.4225,,0.0,0.001,,,,,0.003,0.003,,,,
1474,0.128,,0.002,0.066,0.403,0.07200000000000001,,0.025,0.7145,,,,0.4235,,0.0,0.001,,,,,0.003,0.0025,,,,
1475,0.1275,,0.002,0.0645,0.1965,0.07150000000000001,,0.025,1.805,,,,0.3675,,0.0,0.001,,,,,0.003,0.003,,,,
1476,0.127,,0.002,0.065,0.18400000000000002,0.07150000000000001,,0.025,1.335,,,,0.366,,0.0,0.001,,,,,0.003,0.003,,,,
1477,0.127,,0.002,0.065,0.162,0.07200000000000001,,0.025,3.0005,,,,0.3645,,0.0,0.001,,,,,0.003,0.003,,,,
1478,0.127,,0.002,0.065,0.3855,0.07200000000000001,,0.025,1.855,,,,0.3665,,0.0,0.001,,,,,0.003,0.003,,,,
1479,0.127,,0.002,0.0645,0.0675,0.07100000000000001,,0.025,0.969,,,,0.3665,,0.0,0.001,,,,,0.003,0.003,,,,
1480,0.127,,0.002,0.0645,0.0635,0.07150000000000001,,0.025,1.2165000000000001,,,,0.3655,,0.0,0.001,,,,,0.003,0.003,,,,
1481,0.127,,0.002,0.0645,1.604,0.07100000000000001,,0.025,1.416,,,,0.367,,0.0,0.001,,,,,0.003,0.003,,,,
1482,0.127,,0.002,0.065,0.0955,0.07100000000000001,,0.025,0.6825,,,,0.3675,,0.0,0.001,,,,,0.003,0.003,,,,
1483,0.127,,0.002,0.064,0.0615,0.07100000000000001,,0.025,0.758,,,,0.368,,0.0,0.001,,,,,0.003,0.003,,,,
1484,0.127,,0.002,0.065,0.2505,0.07150000000000001,,0.025,2.698,,,,0.368,,0.0,0.001,,,,,0.003,0.003,,,,
1485,0.127,,0.002,0.064,0.098,0.07100000000000001,,0.025,2.593,,,,0.367,,0.0,0.001,,,,,0.003,0.003,,,,
1486,0.127,,0.002,0.065,0.094,0.07150000000000001,,0.025,0.791,,,,0.3685,,0.0,0.001,,,,,0.003,0.003,,,,
1487,0.1265,,0.002,0.065,0.036500000000000005,0.07150000000000001,,0.025,3.0740000000000003,,,,0.368,,0.0,0.001,,,,,0.003,0.003,,,,
1488,0.1275,,0.002,0.065,0.396,0.07150000000000001,,0.025,0.7755000000000001,,,,0.3685,,0.0,0.001,,,,,0.003,0.003,,,,
1489,0.127,,0.002,0.065,0.136,0.07150000000000001,,0.025,2.5015,,,,0.3675,,0.0,0.001,,,,,0.003,0.003,,,,
1490,0.127,,0.002,0.065,0.2295,0.07150000000000001,,0.025,1.562,,,,0.3675,,0.0,0.001,,,,,0.003,0.003,,,,
1491,0.127,,0.002,0.0645,0.0545,0.07100000000000001,,0.025,1.2705,,,,0.367,,0.0,0.001,,,,,0.003,0.003,,,,
1492,0.128,,0.002,0.065,6.5065,0.07150000000000001,,0.025,3.2600000000000002,,,,0.3685,,0.0,0.001,,,,,0.003,0.003,,,,
1493,0.1265,,0.002,0.065,4.126,0.07150000000000001,,0.025,0.6880000000000001,,,,0.369,,0.0,0.001,,,,,0.003,0.003,,,,
1494,0.1265,,0.002,0.065,0.07300000000000001,0.07150000000000001,,0.025,0.21300000000000002,,,,0.3685,,0.0,0.001,,,,,0.003,0.003,,,,
1495,0.127,,0.002,0.065,0.0425,0.07150000000000001,,0.025,0.559,,,,0.3675,,0.0,0.001,,,,,0.003,0.003,,,,
1496,0.127,,0.002,0.0645,0.139,0.07150000000000001,,0.025,2.8160000000000003,,,,0.368,,0.0,0.001,,,,,0.003,0.003,,,,
1497,0.1275,,0.002,0.065,0.7085,0.07100000000000001,,0.025,1.3145,,,,0.3685,,0.0,0.001,,,,,0.003,0.003,,,,
1498,0.127,,0.002,0.065,0.07350000000000001,0.07100000000000001,,0.025,2.8070000000000004,,,,0.368,,0.0,0.001,,,,,0.003,0.003,,,,
1499,0.127,,0.002,0.0645,0.036500000000000005,0.07100000000000001,,0.0245,1.23,,,,0.37,,0.0,0.001,,,,,0.003,0.003,,,,
1500,0.1265,,0.002,0.065,0.21350000000000002,0.07100000000000001,,0.025,0.404,,,,0.368,,0.0,0.001,,,,,0.003,0.003,,,,
1501,0.127,,0.002,0.065,0.2615,0.07100000000000001,,0.025,0.0285,,,,0.3675,,0.0,0.001,,,,,0.003,0.003,,,,
1502,0.1265,,0.002,0.065,3.0180000000000002,0.07150000000000001,,0.025,0.37,,,,0.369,,0.0,0.001,,,,,0.003,0.003,,,,
1503,0.127,,0.002,0.0645,0.253,0.07150000000000001,,0.025,1.0070000000000001,,,,0.369,,0.0,0.001,,,,,0.003,0.003,,,,
1504,0.127,,0.002,0.0645,0.018000000000000002,0.07150000000000001,,0.025,0.10750000000000001,,,,0.3685,,0.0,0.001,,,,,0.003,0.003,,,,
1505,0.127,,0.002,0.065,0.3095,0.07100000000000001,,0.025,1.5965,,,,0.3705,,0.0,0.001,,,,,0.003,0.003,,,,
1506,0.127,,0.002,0.065,0.29400000000000004,0.07200000000000001,,0.025,0.8085,,,,0.37,,0.0,0.001,,,,,0.003,0.003,,,,
1507,0.127,,0.002,0.0645,0.15000000000000002,0.07150000000000001,,0.025,0.07450000000000001,,,,0.3705,,0.0,0.001,,,,,0.003,0.003,,,,
1508,0.127,,0.002,0.065,0.095,0.07150000000000001,,0.025,1.218,,,,0.3695,,0.0,0.001,,,,,0.003,0.003,,,,
1509,0.127,,0.002,0.0645,0.342,0.07100000000000001,,0.025,0.614,,,,0.37,,0.0,0.001,,,,,0.003,0.003,,,,
1510,0.1275,,0.002,0.065,0.0615,0.07100000000000001,,0.025,1.2445,,,,0.3695,,0.0,0.001,,,,,0.003,0.003,,,,
1511,0.1265,,0.002,0.065,0.062,0.07100000000000001,,0.025,1.0785,,,,0.369,,0.0,0.001,,,,,0.003,0.003,,,,
1512,0.127,,0.002,0.065,0.17750000000000002,0.07100000000000001,,0.025,1.3145,,,,0.37,,0.0,0.001,,,,,0.003,0.003,,,,
1513,0.127,,0.002,0.065,0.632,0.07100000000000001,,0.025,0.34450000000000003,,,,0.3705,,0.0,0.001,,,,,0.003,0.003,,,,
1514,0.128,,0.002,0.0645,0.138,0.07150000000000001,,0.025,0.432,,,,0.3695,,0.0,0.001,,,,,0.003,0.003,,,,
1515,0.127,,0.002,0.065,0.15150000000000002,0.07100000000000001,,0.025,0.0995,,,,0.372,,0.0,0.001,,,,,0.003,0.003,,,,
1516,0.127,,0.002,0.065,2.0865,0.07200000000000001,,0.025,2.2025,,,,0.3715,,0.0,0.001,,,,,0.003,0.003,,,,
1517,0.127,,0.002,0.0645,0.8735,0.07100000000000001,,0.025,1.3395,,,,0.37,,0.0,0.001,,,,,0.003,0.003,,,,
1518,0.127,,0.002,0.065,0.0985,0.07100000000000001,,0.025,0.684,,,,0.371,,0.0,0.001,,,,,0.003,0.003,,,,
1519,0.127,,0.002,0.065,0.036000000000000004,0.07100000000000001,,0.025,3.1765,,,,0.3715,,0.0,0.001,,,,,0.003,0.003,,,,
1520,0.1265,,0.002,0.0645,0.2685,0.07150000000000001,,0.025,0.9025000000000001,,,,0.3715,,0.0,0.001,,,,,0.003,0.003,,,,
1521,0.1265,,0.002,0.065,0.059000000000000004,0.07150000000000001,,0.025,0.9435,,,,0.3715,,0.0,0.001,,,,,0.003,0.003,,,,
1522,0.1265,,0.002,0.0645,0.24400000000000002,0.07100000000000001,,0.025,4.5600000000000005,,,,0.372,,0.0,0.001,,,,,0.003,0.003,,,,
1523,0.1265,,0.002,0.0645,0.2335,0.07100000000000001,,0.025,1.508,,,,0.372,,0.0,0.001,,,,,0.003,0.003,,,,
1524,0.1265,,0.002,0.065,0.07950000000000002,0.07200000000000001,,0.025,0.47000000000000003,,,,0.371,,0.0,0.001,,,,,0.003,0.003,,,,
1525,0.127,,0.002,0.0645,0.0225,0.07150000000000001,,0.025,2.0215,,,,0.3715,,0.0,0.001,,,,,0.003,0.003,,,,
1526,0.127,,0.002,0.065,0.125,0.07100000000000001,,0.025,0.982,,,,0.373,,0.0,0.001,,,,,0.003,0.003,,,,
1527,0.127,,0.002,0.065,0.07050000000000001,0.07150000000000001,,0.025,0.726,,,,0.373,,0.0,0.001,,,,,0.003,0.003,,,,
1528,0.126,,0.002,0.0645,4.757499999999999,0.07200000000000001,,0.025,0.868,,,,0.372,,0.0,0.001,,,,,0.003,0.003,,,,
1529,0.127,,0.002,0.0645,2.2815,0.07100000000000001,,0.025,1.0235,,,,0.3205,,0.0,0.001,,,,,0.003,0.003,,,,
1530,0.127,,0.002,0.065,0.0965,0.07200000000000001,,0.025,1.1165,,,,0.3195,,0.0,0.001,,,,,0.003,0.003,,,,
1531,0.1275,,0.002,0.065,0.5135,0.07100000000000001,,0.025,0.3835,,,,0.3195,,0.0,0.001,,,,,0.003,0.003,,,,
1532,0.1275,,0.002,0.0645,0.2795,0.07150000000000001,,0.025,0.8150000000000001,,,,0.321,,0.0,0.001,,,,,0.003,0.003,,,,
1533,0.127,,0.002,0.0645,0.48450000000000004,0.07100000000000001,,0.025,0.20550000000000002,,,,0.3205,,0.0,0.001,,,,,0.003,0.003,,,,
1534,0.127,,0.002,0.065,0.3185,0.07150000000000001,,0.025,0.29100000000000004,,,,0.3205,,0.0,0.001,,,,,0.003,0.003,,,,
1535,0.1275,,0.002,0.065,0.10800000000000001,0.07150000000000001,,0.025,1.651,,,,0.319,,0.0,0.001,,,,,0.003,0.003,,,,
1536,0.127,,0.002,0.065,0.0455,0.07100000000000001,,0.025,0.3635,,,,0.321,,0.0,0.001,,,,,0.003,0.003,,,,
1537,0.1275,,0.002,0.065,0.159,0.07100000000000001,,0.025,0.3735,,,,0.3195,,0.0,0.001,,,,,0.003,0.003,,,,
1538,0.127,,0.002,0.065,0.068,0.07200000000000001,,0.025,1.0985,,,,0.321,,0.0,0.001,,,,,0.003,0.003,,,,
1539,0.1275,,0.002,0.065,0.1875,0.07150000000000001,,0.025,0.17200000000000001,,,,0.3205,,0.0,0.001,,,,,0.003,0.003,,,,
1540,0.127,,0.002,0.0645,0.29500000000000004,0.07150000000000001,,0.025,0.5345,,,,0.2945,,0.0,0.001,,,,,0.003,0.003,,,,
1541,0.1275,,0.002,0.065,0.48150000000000004,0.07100000000000001,,0.025,2.591,,,,0.25,,0.0,0.001,,,,,0.003,0.003,,,,
1542,0.127,,0.002,0.0645,0.2315,0.07100000000000001,,0.025,1.1215,,,,0.249,,0.0,0.001,,,,,0.003,0.003,,,,
1543,0.1275,,0.002,0.065,0.0235,0.07100000000000001,,0.025,0.468,,,,0.2485,,0.0,0.001,,,,,0.003,0.003,,,,
1544,0.1275,,0.002,0.065,0.039,0.07150000000000001,,0.025,1.94,,,,0.249,,0.0,0.001,,,,,0.003,0.003,,,,
1545,0.128,,0.002,0.0645,0.0645,0.07100000000000001,,0.025,1.2255,,,,0.2495,,0.0,0.001,,,,,0.003,0.003,,,,
1546,0.127,,0.002,0.065,0.096,0.07150000000000001,,0.025,0.2615,,,,0.249,,0.0,0.001,,,,,0.003,0.003,,,,
1547,0.127,,0.002,0.065,0.0445,0.07100000000000001,,0.025,1.463,,,,0.249,,0.0,0.001,,,,,0.003,0.003,,,,
1548,0.127,,0.002,0.065,0.1185,0.07150000000000001,,0.025,0.249,,,,0.257,,0.0,0.001,,,,,0.003,0.003,,,,
1549,0.127,,0.002,0.0645,1.794,0.07150000000000001,,0.025,4.468,,,,0.258,,0.0,0.001,,,,,0.003,0.003,,,,
1550,0.127,,0.002,0.0645,0.093,0.07150000000000001,,0.0245,0.317,,,,0.258,,0.0,0.001,,,,,0.003,0.003,,,,
1551,0.127,,0.002,0.064,0.197,0.07150000000000001,,0.025,0.2215,,,,0.211,,0.0,0.001,,,,,0.003,0.003,,,,
1552,0.127,,0.002,0.0645,0.0635,0.07200000000000001,,0.025,0.684,,,,0.2115,,0.0,0.001,,,,,0.003,0.003,,,,
1553,0.1265,,0.002,0.0645,0.024,0.07150000000000001,,0.025,0.549,,,,0.2105,,0.0,0.001,,,,,0.003,0.003,,,,
1554,0.1265,,0.002,0.0645,0.07,0.07150000000000001,,0.025,0.252,,,,0.211,,0.0,0.001,,,,,0.003,0.003,,,,
1555,0.1275,,0.002,0.064,0.35850000000000004,0.07100000000000001,,0.025,0.07500000000000001,,,,0.2115,,0.0,0.001,,,,,0.003,0.003,,,,
1556,0.127,,0.002,0.064,0.0415,0.07100000000000001,,0.025,1.1675,,,,0.21,,0.0,0.001,,,,,0.003,0.003,,,,
1557,0.1275,,0.002,0.0645,0.33,0.07100000000000001,,0.025,1.228,,,,0.21,,0.0,0.001,,,,,0.003,0.003,,,,
1558,0.127,,0.002,0.0645,0.1005,0.07100000000000001,,0.025,0.468,,,,0.2105,,0.0,0.001,,,,,0.003,0.003,,,,
1559,0.1265,,0.002,0.0645,0.254,0.07100000000000001,,0.025,0.9109999999999999,,,,0.1715,,0.0,0.001,,,,,0.003,0.003,,,,
1560,0.127,,0.002,0.065,0.1585,0.07100000000000001,,0.025,0.0445,,,,0.17,,0.0,0.001,,,,,0.003,0.003,,,,
1561,0.1265,,0.002,0.065,0.64,0.07100000000000001,,0.025,0.09,,,,0.171,,0.0,0.001,,,,,0.003,0.003,,,,
1562,0.127,,0.002,0.0645,4.699,0.07150000000000001,,0.025,0.931,,,,0.1715,,0.0,0.001,,,,,0.003,0.003,,,,
1563,0.1265,,0.002,0.065,0.0965,0.07100000000000001,,0.025,0.1295,,,,0.171,,0.0,0.001,,,,,0.003,0.003,,,,
1564,0.1275,,0.002,0.0645,0.1535,0.07200000000000001,,0.025,0.203,,,,0.17,,0.0,0.001,,,,,0.003,0.003,,,,
1565,0.1265,,0.002,0.0645,1.492,0.07100000000000001,,0.025,0.158,,,,0.1695,,0.0,0.001,,,,,0.003,0.003,,,,
1566,0.1265,,0.002,0.064,0.07500000000000001,0.07100000000000001,,0.025,1.8719999999999999,,,,0.17,,0.0,0.001,,,,,0.003,0.003,,,,
1567,0.127,,0.002,0.0645,0.0635,0.07150000000000001,,0.025,0.7144999999999999,,,,0.0925,,0.0,0.001,,,,,0.003,0.003,,,,
1568,0.128,,0.002,0.065,0.1225,0.07200000000000001,,0.025,1.7745,,,,0.0915,,0.0,0.001,,,,,0.003,0.003,,,,
1569,0.127,,0.002,0.065,0.2005,0.07100000000000001,,0.025,0.10200000000000001,,,,0.092,,0.0,0.001,,,,,0.003,0.003,,,,
1570,0.127,,0.0025,0.0645,0.0235,0.07100000000000001,,0.025500000000000002,0.7354999999999999,,,,0.0925,,0.0,0.001,,,,,0.003,0.003,,,,
1571,0.127,,0.002,0.065,0.1705,0.07100000000000001,,0.025,0.051500000000000004,,,,0.092,,0.0,0.001,,,,,0.003,0.003,,,,
1572,0.1275,,0.002,0.0645,0.1605,0.07150000000000001,,0.025,0.5830000000000001,,,,0.0925,,0.0,0.001,,,,,0.003,0.003,,,,
1573,0.127,,0.002,0.065,0.11150000000000002,0.07100000000000001,,0.025500000000000002,0.0675,,,,0.0915,,0.0,0.001,,,,,0.003,0.003,,,,
1574,0.127,,0.002,0.064,0.2765,0.07200000000000001,,0.025,0.28950000000000004,,,,0.0925,,0.0,0.001,,,,,0.003,0.003,,,,
1575,0.1265,,0.002,0.0645,0.063,0.07100000000000001,,0.025,0.11499999999999999,,,,0.0925,,0.0,0.001,,,,,0.003,0.003,,,,
1576,0.1275,,0.002,0.065,0.02,0.07100000000000001,,0.025,0.4325,,,,0.092,,0.0,0.001,,,,,0.003,0.003,,,,
1577,0.127,,0.002,0.0645,0.054,0.07100000000000001,,0.025,0.5075,,,,0.092,,0.0,0.001,,,,,0.003,0.003,,,,
1578,0.127,,0.002,0.0645,0.067,0.07150000000000001,,0.025,0.021,,,,0.092,,0.0,0.001,,,,,0.003,0.003,,,,
1579,0.127,,0.002,0.065,0.14300000000000002,0.07100000000000001,,0.025,0.774,,,,0.0925,,0.0,0.001,,,,,0.003,0.003,,,,
1580,0.127,,0.002,0.0645,0.28800000000000003,0.07150000000000001,,0.025,0.18350000000000002,,,,0.0925,,0.0,0.001,,,,,0.003,0.003,,,,
1581,0.127,,0.002,0.064,0.19,0.07100000000000001,,0.025,1.2465,,,,0.0925,,0.0,0.001,,,,,0.003,0.003,,,,
1582,0.127,,0.002,0.065,0.14550000000000002,0.07150000000000001,,0.026000000000000002,0.3795,,,,0.092,,0.0,0.001,,,,,0.003,0.003,,,,
1583,0.1275,,0.002,0.0645,0.18150000000000002,0.07150000000000001,,0.025,0.21050000000000002,,,,0.0935,,0.0,0.001,,,,,0.003,0.003,,,,
1584,0.127,,0.002,0.064,0.2235,0.07100000000000001,,0.025,1.4105,,,,0.0925,,0.0,0.001,,,,,0.003,0.003,,,,
1585,0.127,,0.002,0.0645,2.4955000000000003,0.07100000000000001,,0.025,0.4915,,,,0.093,,0.0,0.001,,,,,0.003,0.003,,,,
1586,0.1265,,0.002,0.065,0.1275,0.07100000000000001,,0.025,0.0625,,,,0.092,,0.0,0.001,,,,,0.003,0.003,,,,
1587,0.1275,,0.002,0.064,0.17400000000000002,0.07150000000000001,,0.025,0.35500000000000004,,,,0.093,,0.0,0.001,,,,,0.003,0.003,,,,
1588,0.127,,0.002,0.064,0.0385,0.07150000000000001,,0.025,0.137,,,,0.092,,0.0,0.001,,,,,0.003,0.003,,,,
1589,0.127,,0.002,0.065,1.232,0.07100000000000001,,0.025,0.337,,,,0.0925,,0.0,0.001,,,,,0.003,0.003,,,,
1590,0.127,,0.002,0.064,0.20650000000000002,0.07100000000000001,,0.025,0.5715,,,,0.0925,,0.0,0.001,,,,,0.003,0.003,,,,
1591,0.1275,,0.002,0.065,0.811,0.07100000000000001,,0.025,0.29200000000000004,,,,0.092,,0.0,0.001,,,,,0.003,0.003,,,,
1592,0.127,,0.002,0.065,0.153,0.07150000000000001,,0.025,0.086,,,,0.093,,0.0,0.001,,,,,0.003,0.003,,,,
1593,0.127,,0.002,0.065,0.055,0.07100000000000001,,0.025,0.672,,,,0.093,,0.0,0.001,,,,,0.003,0.003,,,,
1594,0.127,,0.002,0.065,0.025,0.07200000000000001,,0.025,1.0374999999999999,,,,0.0925,,0.0,0.001,,,,,0.003,0.003,,,,
1595,0.127,,0.002,0.065,0.051500000000000004,0.07100000000000001,,0.025,0.903,,,,0.093,,0.0,0.001,,,,,0.003,0.003,,,,
1596,0.127,,0.002,0.0645,0.2725,0.07200000000000001,,0.025,0.47350000000000003,,,,0.0925,,0.0,0.001,,,,,0.003,0.003,,,,
1597,0.127,,0.002,0.0645,0.1335,0.07100000000000001,,0.025,0.15250000000000002,,,,0.0925,,0.0,0.001,,,,,0.003,0.003,,,,
1598,0.127,,0.002,0.065,0.1255,0.07200000000000001,,0.025,0.6034999999999999,,,,0.0925,,0.0,0.001,,,,,0.003,0.003,,,,
1599,0.127,,0.002,0.065,0.17950000000000002,0.07150000000000001,,0.025,0.7344999999999999,,,,0.0925,,0.0,0.001,,,,,0.003,0.003,,,,
1600,0.127,,0.002,0.0645,0.7965,0.07150000000000001,,0.025,0.029,,,,0.0925,,0.0,0.001,,,,,0.003,0.003,,,,
1601,0.127,,0.002,0.065,0.056,0.07100000000000001,,0.025,0.7849999999999999,,,,0.093,,0.0,0.001,,,,,0.003,0.003,,,,
1602,0.127,,0.002,0.0645,0.452,0.07150000000000001,,0.025,0.218,,,,0.093,,0.0,0.001,,,,,0.003,0.003,,,,
1603,0.1265,,0.002,0.0645,0.14200000000000002,0.07200000000000001,,0.025,2.4755000000000003,,,,0.093,,0.0,0.001,,,,,0.003,0.003,,,,
1604,0.127,,0.002,0.064,0.1625,0.07200000000000001,,0.025,0.312,,,,0.092,,0.0,0.001,,,,,0.003,0.003,,,,
1605,0.127,,0.002,0.0645,0.0485,0.07100000000000001,,0.025,0.218,,,,0.0935,,0.0,0.001,,,,,0.003,0.003,,,,
1606,0.127,,0.002,0.065,0.273,0.07150000000000001,,0.025,6.136,,,,0.093,,0.0,0.001,,,,,0.003,0.003,,,,
1607,0.1275,,0.002,0.065,0.17500000000000002,0.07150000000000001,,0.025,1.5265,,,,0.093,,0.0,0.001,,,,,0.003,0.003,,,,
1608,0.127,,0.002,0.0645,0.08000000000000002,0.07150000000000001,,0.025,0.9510000000000001,,,,0.0925,,0.0,0.001,,,,,0.003,0.003,,,,
1609,0.127,,0.002,0.0645,0.0175,0.07100000000000001,,0.025,0.2025,,,,0.0935,,0.0,0.001,,,,,0.003,0.003,,,,
1610,0.127,,0.002,0.0645,0.1385,0.07150000000000001,,0.025,1.9060000000000001,,,,0.0925,,0.0,0.001,,,,,0.003,0.003,,,,
1611,0.1275,,0.002,0.065,2.7385,0.07100000000000001,,0.025,4.688000000000001,,,,0.0935,,0.0,0.001,,,,,0.003,0.003,,,,
1612,0.127,,0.002,0.064,0.026000000000000002,0.07100000000000001,,0.025,0.4415,,,,0.0925,,0.0,0.001,,,,,0.003,0.003,,,,
1613,0.127,,0.002,0.064,0.21050000000000002,0.07200000000000001,,0.025,1.738,,,,0.093,,0.0,0.001,,,,,0.003,0.003,,,,
1614,0.127,,0.002,0.065,0.197,0.07150000000000001,,0.025,0.2655,,,,0.093,,0.0,0.001,,,,,0.003,0.003,,,,
1615,0.128,,0.002,0.064,0.0545,0.07100000000000001,,0.025,0.743,,,,0.0935,,0.0,0.001,,,,,0.003,0.003,,,,
1616,0.127,,0.002,0.065,0.461,0.07200000000000001,,0.025,1.0455,,,,0.0935,,0.0,0.001,,,,,0.003,0.003,,,,
1617,0.127,,0.002,0.065,0.3,0.07100000000000001,,0.025,0.64,,,,0.0935,,0.0,0.001,,,,,0.003,0.003,,,,
1618,0.127,,0.002,0.0645,0.3705,0.07100000000000001,,0.025,0.377,,,,0.0935,,0.0,0.001,,,,,0.003,0.003,,,,
1619,0.127,,0.002,0.065,0.1325,0.07100000000000001,,0.025,0.5465,,,,0.093,,0.0,0.001,,,,,0.003,0.003,,,,
1620,0.127,,0.002,0.065,0.1885,0.07100000000000001,,0.025,0.23650000000000002,,,,0.0925,,0.0,0.001,,,,,0.003,0.003,,,,
1621,0.1265,,0.002,0.065,0.0235,0.07150000000000001,,0.025,0.159,,,,0.0935,,0.0,0.001,,,,,0.003,0.003,,,,
1622,0.1275,,0.002,0.065,0.185,0.07150000000000001,,0.025,2.2505,,,,0.0935,,0.0,0.001,,,,,0.003,0.003,,,,
1623,0.127,,0.002,0.0645,1.1139999999999999,0.07100000000000001,,0.025,0.631,,,,0.0935,,0.0,0.001,,,,,0.003,0.003,,,,
1624,0.127,,0.002,0.064,0.391,0.07150000000000001,,0.025,0.3435,,,,0.0935,,0.0,0.001,,,,,0.003,0.003,,,,
1625,0.1265,,0.002,0.0645,0.069,0.07150000000000001,,0.025,1.1795,,,,0.0935,,0.0,0.001,,,,,0.003,0.003,,,,
1626,0.1275,,0.002,0.0645,0.169,0.07150000000000001,,0.025,0.9835,,,,0.094,,0.0,0.001,,,,,0.003,0.003,,,,
1627,0.1265,,0.002,0.065,0.0195,0.07150000000000001,,0.025,0.591,,,,0.093,,0.0,0.001,,,,,0.003,0.003,,,,
1628,0.127,,0.002,0.065,0.07400000000000001,0.07150000000000001,,0.025,2.6455,,,,0.0935,,0.0,0.001,,,,,0.003,0.003,,,,
1629,0.1265,,0.002,0.0645,0.321,0.07100000000000001,,0.025,0.057,,,,0.0935,,0.0,0.001,,,,,0.003,0.003,,,,
1630,0.128,,0.002,0.0645,0.0615,0.07100000000000001,,0.025,0.5225,,,,0.093,,0.0,0.001,,,,,0.003,0.003,,,,
1631,0.127,,0.002,0.065,0.021500000000000002,0.07100000000000001,,0.025,1.491,,,,0.094,,0.0,0.001,,,,,0.003,0.003,,,,
1632,0.1275,,0.002,0.064,0.15150000000000002,0.07150000000000001,,0.025,0.0325,,,,0.093,,0.0,0.001,,,,,0.003,0.003,,,,
1633,0.1265,,0.002,0.0645,0.044500000000000005,0.07100000000000001,,0.025,0.044500000000000005,,,,0.0935,,0.0,0.001,,,,,0.003,0.003,,,,
1634,0.127,,0.002,0.065,0.8425,0.07150000000000001,,0.025,1.123,,,,0.094,,0.0,0.001,,,,,0.003,0.003,,,,
1635,0.127,,0.002,0.065,0.095,0.07100000000000001,,0.025,0.871,,,,0.0935,,0.0,0.001,,,,,0.003,0.003,,,,
1636,0.127,,0.002,0.0645,0.84,0.07150000000000001,,0.025,0.17450000000000002,,,,0.093,,0.0,0.001,,,,,0.003,0.003,,,,
1637,0.1265,,0.002,0.0645,0.11100000000000002,0.07100000000000001,,0.025,1.3719999999999999,,,,0.094,,0.0,0.001,,,,,0.003,0.003,,,,
1638,0.1265,,0.002,0.064,0.315,0.07150000000000001,,0.025,0.581,,,,0.0935,,0.0,0.001,,,,,0.003,0.003,,,,
1639,0.127,,0.002,0.065,0.251,0.07200000000000001,,0.025,0.819,,,,0.094,,0.0,0.001,,,,,0.003,0.003,,,,
1640,0.127,,0.002,0.0645,0.2625,0.07150000000000001,,0.025,2.9575,,,,0.0875,,0.0,0.0005,,,,,0.003,0.003,,,,
1641,0.1265,,0.002,0.0645,0.15150000000000002,0.07100000000000001,,0.025,1.4045,,,,0.088,,0.0,0.0005,,,,,0.003,0.003,,,,
