Batch Id,schedule,sample_e2e,prepare_inputs_e2e,model_execution_e2e,process_model_outputs
0,209.6985219977796,22.362170973792672,4.942267958540469,641.5563350310549,0.3831519861705601
1,0.6193359731696546,1.0799039737321436,1.7231879755854607,730.0868359743617,0.36873400676995516
2,0.5333609879016876,1.1402629897929728,4.682021972257644,658.5501100053079,0.3133169957436621
3,0.5086640012450516,17.131547967437655,4.0442009922116995,593.7146639917046,0.2865979913622141
4,0.46834698878228664,0.9020009892992675,3.556105017196387,494.56006998661906,0.3673520404845476
5,0.47940597869455814,0.9611599962227046,3.702309972140938,577.919318981003,0.3272320027463138
6,0.3032640088349581,0.8505720179527998,2.11614603176713,287.1031080139801,0.3422760055400431
7,0.4153369809500873,1.0027780081145465,3.47199197858572,514.8422929923981,0.35291799576953053
8,0.4157249932177365,0.8358790073543787,3.51336901076138,535.8432329958305,0.3503919579088688
9,0.488703022710979,1.0284209856763482,4.066071996930987,541.6460490087047,0.45683601638302207
10,0.5313880392350256,1.014396024402231,4.713318019639701,714.7857290110551,0.41984301060438156
11,0.5374220199882984,0.9764209971763194,5.058583978097886,707.0916430093348,0.4186900332570076
12,0.3734289784915745,1.034337969031185,2.60544300545007,356.5124160377309,0.41878101183101535
13,0.5011219764128327,0.9857980185188353,4.439644981175661,628.114671970252,0.43899199226871133
14,0.5606290069408715,0.8882419788278639,4.073509015142918,630.3746299818158,0.5106300232000649
15,0.4257349646650255,0.9474580292589962,3.470800002105534,472.6049659657292,0.5110719939693809
16,0.45665999641641974,1.0766719933599234,3.914480039384216,593.2378610013984,0.5070610204711556
17,0.503722985740751,0.9116079891100526,3.9917329559102654,605.2558380179107,0.504394993185997
18,0.46261196257546544,0.9578120079822838,4.16454701917246,630.2328620222397,0.48160000005736947
19,0.7688360055908561,1.5702999662607908,0.5802790401503444,94.06262502307072,8.005601004697382
20,0.7225360022857785,1.359279965981841,0.6403729785233736,113.8302439940162,7.417171029374003
21,0.6960540194995701,1.3421479961834848,0.5400400259532034,118.18405700614676,7.6544450130313635
22,0.7569380104541779,1.194419979583472,0.6351119955070317,108.95055194851011,7.697388995438814
23,0.7501409854739904,1.143912028055638,0.6348370225168765,105.40429002139717,7.582211052067578
24,0.7459369953721762,1.3217870146036148,0.350631948094815,113.5156630189158,7.7041020267643034
25,0.7527829729951918,1.205714012030512,0.31975499587133527,102.44251601397991,7.421424030326307
26,0.6843349547125399,1.1662099859677255,0.6330909673124552,117.30534298112616,7.340524985920638
27,0.6857230328023434,1.3009709655307233,0.7297950214706361,104.96297205099836,7.5359600014053285
28,0.7619700045324862,1.1877560173161328,0.613531970884651,98.7524240044877,7.479784020688385
29,0.7764080073684454,1.1570879723876715,0.6575590232387185,102.04660898307338,8.00189102301374
30,0.7391409599222243,1.409463002346456,0.750934996176511,105.83397897426039,7.841067970730364
31,0.7608620217069983,1.2696339981630445,0.645375985186547,106.11021699151024,7.542094972450286
32,0.7587059517391026,1.1801919899880886,0.6274210172705352,102.7226029546,7.911650987807661
33,0.7861150079406798,1.2306739808991551,0.6329269963316619,99.79426203062758,7.960353046655655
34,0.5748989642597735,1.20076397433877,0.2996980329044163,116.06682901037857,7.766302034724504
35,0.7621690165251493,1.2009710189886391,0.6094200070947409,119.13661600556225,7.836533011868596
36,0.7401939947158098,1.2349230237305164,0.6534790154546499,112.41633997997269,7.94977304758504
37,0.7768060313537717,1.2461469741538167,0.6465989863499999,100.39198800222948,8.168515982106328
38,0.7346560014411807,1.6511749709025025,0.6152249989099801,116.23842502012849,7.463868008926511
39,0.7294929819181561,1.2732960167340934,0.43021695455536246,108.47577499225736,7.466859999112785
40,0.7085649995133281,1.1967559694312513,0.6446770275942981,104.66589900897816,7.652622007299215
41,0.7394339772872627,1.1709399987012148,0.6490980158559978,103.18211698904634,7.5457830098457634
42,0.7472430006600916,1.4675760176032782,0.33265899401158094,118.70083096437156,7.2848119889386
43,0.7556630298495293,1.2667960254475474,0.6441640434786677,104.11433299304917,7.571731985080987
44,0.8157190168276429,1.2244849931448698,0.6617489852942526,103.36359997745603,7.337927992921323
45,0.6600560154765844,1.2805070145986974,0.9339000098407269,124.30197594221681,7.706857984885573
46,0.7467580144293606,1.25742400996387,0.6456970004364848,105.12727202149108,7.894209993537515
47,0.7620250107720494,1.682597037870437,0.6305659771896899,103.73757901834324,7.617018010932952
48,0.7229470065794885,1.253447961062193,0.7096000481396914,102.03808604273945,7.381741015706211
49,0.9508180082775652,1.3211820041760802,0.6313679623417556,102.06602397374809,7.427717966493219
50,0.7209920440800488,1.260779972653836,0.6253140163607895,105.12216301867738,7.028278952930123
51,0.7136900094337761,1.2361770495772362,0.6879130378365517,101.28008504398167,7.239556987769902
52,0.6220240029506385,1.3839870225638151,0.6509299855679274,102.43307496421039,7.525392982643098
53,0.7394650019705296,1.2192109716124833,0.6236570188775659,102.27362596197054,7.533363997936249
54,0.7401930051855743,1.2483960017561913,0.7114590262062848,104.00993505027145,7.468083000276238
55,0.6366969901137054,1.191243005450815,0.666180974803865,103.00418495899066,7.61951896129176
56,0.7299159769900143,1.272965979296714,0.6211340078152716,103.90341299353167,7.454048027284443
57,0.7921530050225556,1.2570220278576016,0.6477070273831487,103.61064900644124,7.331934990361333
58,0.7137850043363869,1.219378027599305,0.6605330272577703,114.35478896601126,7.760495995171368
59,0.7387410150840878,1.2253330205567181,0.6225489778444171,103.2738090143539,7.609966967720538
60,0.7298450218513608,1.7277990118600428,0.6171640125103295,106.84162401594222,7.444813963957131
61,0.6664369720965624,1.27179897390306,0.6121270125731826,101.21730202808976,8.280157984700054
62,0.7222149870358407,1.237165997736156,0.6105639622546732,103.03712403401732,7.826560991816223
63,0.5882310215383768,1.3104809913784266,0.6108789821155369,103.47535402979702,7.977981003932655
64,0.4079079953953624,1.0610250174067914,4.337986989412457,631.7822019918822,0.46958099119365215
65,0.7563509861938655,1.2542979675345123,0.6099269958212972,95.85022303508595,7.566641957964748
66,0.7951460429467261,1.3182599795982242,0.6689059664495289,113.02695801714435,7.780839980114251
67,0.6526129436679184,1.598605012986809,0.646674947347492,103.59203198459,7.740824017673731
68,0.7809349917806685,1.252570014912635,0.6231809966266155,107.01631900155917,7.649149978533387
69,0.6172159919515252,2.4718960048630834,0.671686022542417,101.94882698124275,7.473798003047705
70,0.8010029559955001,1.163556007668376,0.6444559548981488,105.27499101590365,7.730754965450615
71,0.7565820124000311,1.2102499604225159,0.6187569815665483,103.22052997071296,7.726163021288812
72,0.7300639990717173,1.1945649748668075,0.3088210360147059,106.60769196692854,7.612137007527053
73,0.7124179974198341,1.229015993885696,0.5991149810142815,116.36035097762942,7.723440998233855
74,0.5933829816058278,1.2005100143142045,0.6845329771749675,103.21241099154577,7.652782020159066
75,0.7653100183233619,1.1981679708696902,0.3117420128546655,105.88359297253191,7.516504032537341
76,0.7266359752975404,1.1620880104601383,0.6334679783321917,99.12169200833887,7.543999003246427
77,0.7170329918153584,1.1907709995284677,0.6236889748834074,105.88694596663117,8.026737021282315
78,0.7586569990962744,1.1980209965258837,0.3333750064484775,121.61019496852532,7.820474973414093
79,0.7544119725935161,1.2032329686917365,0.5953500512987375,100.92519404133782,7.791873998939991
80,0.7882289937697351,1.196462952066213,0.6147139938548207,104.58042600657791,7.7129220007918775
81,0.7870300323702395,1.1697339941747487,0.32751401886343956,106.90394003177062,7.8343909699469805
82,0.7232080097310245,1.1455430067144334,0.5917780217714608,103.53148798458278,7.890011998824775
83,0.4110970185138285,0.8152700029313564,2.2964570089243352,314.87577001098543,0.4813299747183919
84,0.9736450156196952,1.01416400866583,0.2373220049776137,99.81621196493506,8.113650023005903
85,0.646424014121294,1.6852309927344322,0.6434979732148349,101.81975096929818,7.926372985821217
86,0.7795980200171471,1.1977430549450219,0.6378379766829312,104.97747204499319,7.9066650359891355
87,0.7286400068551302,1.200400001835078,0.33507600892335176,110.56951404316351,7.793520984705538
88,0.7189479656517506,1.2091179960407317,0.6185609963722527,101.42982698744163,7.988509023562074
89,0.7772669778205454,1.2138569727540016,0.6190619897097349,106.93927697138861,7.978005975019187
90,0.7298249984160066,1.192147028632462,0.6462140008807182,111.79233598522842,7.88246700540185
91,0.6930069648660719,1.6725529567338526,0.6369450129568577,99.81188701931387,7.768044946715236
92,0.746444973628968,1.2055629631504416,0.6245209951885045,105.83135799970478,7.694487983826548
93,0.805743969976902,1.173530996311456,0.6468599895015359,102.40971099119633,8.171100984327495
94,0.8063300047069788,1.2386800372041762,0.690063985530287,104.50022196164355,7.893108006101102
95,0.7193959900178015,1.2012490187771618,0.6336260121315718,106.40248301206157,7.6300419750623405
96,0.8591280202381313,1.1909710010513663,0.64302101964131,101.5379480086267,7.776244019623846
97,0.6383750005625188,1.1302820057608187,0.5571380024775863,95.89200897607952,7.851373055018485
98,0.6474420079030097,1.1991619830951095,0.6586599629372358,105.91788002057001,7.655257999431342
99,0.7338730501942337,1.1774239828810096,0.6554730352945626,103.46489900257438,8.012251986656338
100,0.7484000525437295,1.271724991966039,0.6470769876614213,102.93393704341725,7.806740002706647
101,0.7553289760835469,1.2414680095389485,0.6377339595928788,110.6676299823448,7.658286951482296
102,0.7022369536571205,1.2959910091012716,0.6348190363496542,122.15393403312191,7.916053000371903
103,0.7450369885191321,1.2284090043976903,0.4938559723086655,107.48073901049793,7.922824006527662
104,0.737257010769099,1.222665945533663,0.6336430087685585,104.99898297712207,7.563974009826779
105,0.7062670192681253,1.2531530228443444,0.3792999777942896,111.13111599115655,7.928580977022648
106,0.737250957172364,1.2423070147633553,0.6239489885047078,113.37376502342522,7.821063045412302
107,0.7265390013344586,1.2070939992554486,0.6103299674578011,106.08269495423883,7.6778329676017165
108,0.7104080286808312,1.2661360087804496,0.34048297675326467,108.75921696424484,7.7806260087527335
109,0.7344140321947634,1.173230994027108,0.6307410076260567,109.31002500001341,7.900441996753216
110,0.7119590300135314,1.2247239938005805,0.6335250218398869,106.18672799319029,7.726087991613895
111,0.7121340022422373,1.2016629916615784,0.3420879947952926,108.53167396271601,7.6669680420309305
112,0.7412040140479803,1.1952699860557914,0.6212440202943981,104.66512700077146,7.906935992650688
113,0.734455999918282,1.2462309678085148,0.639143050648272,106.14865703973919,7.65075400704518
114,0.7279649726115167,1.2873359955847263,0.3767090383917093,108.79427200416103,7.863872975576669
115,0.7390750106424093,1.2513020192272961,0.6081419996917248,110.4967329883948,7.7494250144809484
116,0.7761939777992666,1.2108460068702698,0.6106509827077389,105.54135596612468,7.604209007695317
117,0.7740970468148589,1.199239050038159,0.3273789770901203,108.06374700041488,7.7869739616289735
118,0.7385759963653982,1.1856160126626492,0.643849023617804,109.89900201093405,7.866559026297182
119,0.6597770261578262,1.2372590135782957,0.6003390299156308,109.98821700923145,7.444139977451414
120,0.7313949754461646,1.260371005628258,0.6460080039687455,101.41586099052802,7.850805995985866
121,0.7144470000639558,1.2699089711531997,0.6385510205291212,105.38781998911873,7.623452984262258
122,0.6318139494396746,1.2681260122917593,0.617054000031203,118.29030199442059,7.734991027973592
123,0.7343189790844917,1.292850007303059,0.32653799280524254,126.81962398346514,7.716863008681685
124,0.717859948053956,1.238366006873548,0.6181899807415903,118.75716998474672,7.49043095856905
125,0.7884560036472976,1.344358955975622,0.8224730263464153,105.85927998181432,7.726415002252907
126,0.7186410366557539,3.153790021315217,0.4451890126802027,111.18342698318884,7.7639269875362515
127,0.7762020104564726,1.185898028779775,0.6830169586464763,101.77497001131997,7.812681025825441
128,0.7350669475272298,1.3810039963573217,0.8228530059568584,104.6258420101367,7.614923000801355
129,0.8127139881253242,1.2472840026021004,0.45473501086235046,114.7619360126555,7.631184009369463
130,0.7469840347766876,1.2012859806418419,0.6125509971752763,111.10256804386154,7.779392006341368
131,0.7420239853672683,1.6309390193782747,0.644921965431422,107.99563798354939,7.667043013498187
132,0.7258370169438422,1.1940720141865313,0.3212489536963403,109.32619002414867,7.563102000858635
133,0.730337982531637,1.2050599907524884,0.6233570165932178,117.64646298252046,7.7317889663390815
134,0.7101609953679144,1.1661089956760406,0.6194779998622835,105.03187502035871,7.619715004693717
135,0.743450946174562,1.2838859693147242,0.35127997398376465,108.19449799600989,7.608283020090312
136,0.7184429559856653,1.1910289758816361,0.6387049797922373,107.41479799617082,7.76541797677055
137,0.7134989718906581,1.2316110078245401,0.6195880123414099,104.9052570015192,7.617213996127248
138,0.6859679706394672,1.238732016645372,0.33582799369469285,119.58359100390226,7.526189961936325
139,0.6825469899922609,1.5128669911064208,0.3031570231541991,115.97395100397989,7.689652033150196
140,0.7117610075511038,1.2490919907577336,0.6214850000105798,106.05370695702732,7.4743759469129145
141,0.7139249937608838,1.228715991601348,0.3444520407356322,110.13129795901477,7.581403013318777
142,0.7118199719116092,1.2448410270735621,0.6349330069497228,104.68382301041856,7.771598000545055
143,0.7124780095182359,1.1583339655771852,0.6082400213927031,118.4408440021798,7.561074977274984
144,0.5688169621862471,1.1917550000362098,0.6465440383180976,102.09829994710162,7.2999229887500405
145,0.6941779865883291,1.2146839872002602,0.630092981737107,123.63769096555188,7.804501976352185
146,0.764941971283406,1.2121920008212328,0.645035004708916,135.84443897707388,7.514578988775611
147,0.6510070525109768,1.2013680534437299,0.6244400283321738,102.7059989864938,7.957010995596647
148,0.6692580063827336,1.176894991658628,0.6159119657240808,143.95746600348502,7.547159970272332
149,0.7122409879229963,1.2666129623539746,0.6204770179465413,122.56455601891503,7.799869053997099
150,0.707219005562365,1.2262900127097964,0.645706953946501,102.70374600077048,7.395029009785503
151,0.7401379989460111,1.248371961992234,0.6396829849109054,100.77689401805401,7.712194987107068
152,0.7255029631778598,1.2292909668758512,0.6221189978532493,105.37085798569024,7.704658026341349
153,0.7722690352238715,1.2047659838572145,0.628627953119576,103.17622701404616,7.490194984711707
154,0.697427021805197,1.2462360318750143,0.6723880069330335,103.3167450223118,7.486930990125984
155,0.731131003703922,1.2024479801766574,0.6249319994822145,104.75827200571075,7.406065997201949
156,0.7659090333618224,1.262913050595671,0.661733967717737,104.79105002013966,7.263408973813057
157,0.667084997985512,1.1903379927389324,0.6639360217377543,104.54109800048172,8.14309302950278
158,0.5364450043998659,1.2119360035285354,0.6342970300465822,106.48738202871755,7.5582300196401775
159,0.7028429536148906,1.1846330016851425,0.6800729897804558,105.2571379696019,7.510990020819008
160,0.7005369989201427,1.2381910346448421,0.611487019341439,101.71781701501459,7.910779968369752
161,0.7057790062390268,1.2372569763101637,0.6699049845337868,105.46336899278685,7.674375956412405
162,0.6995389703661203,1.2011189828626812,0.6075419951230288,103.90992602333426,7.401421025861055
163,0.6277879583649337,1.1462639668025076,0.31590001890435815,104.40780699718744,7.48962297802791
164,0.7298629498109221,1.2125479988753796,0.6740050157532096,104.58071896573529,7.4747369508259
165,0.6973659619688988,1.174213015474379,0.6134029827080667,106.9350799662061,7.57912895642221
166,0.6964739877730608,1.5965490019880235,0.33493502996861935,104.67000002972782,7.530382019467652
167,0.7043220102787018,1.2056119740009308,0.6189849809743464,105.19779199967161,7.6419279794208705
168,0.700906035490334,1.1962330318056047,0.6488009821623564,107.30439599137753,7.502936001401395
169,0.699290947522968,1.1819149949587882,0.30095595866441727,107.08129103295505,7.894085021689534
170,0.7667820318602026,1.2504509650170803,0.6349220057018101,109.79805898386985,7.4932160205207765
171,0.7101559895090759,1.2245060061104596,0.6421509897336364,103.6853920086287,7.659729977604002
172,0.7294979877769947,1.143753994256258,0.3100049798376858,106.0662689851597,7.780776999425143
173,0.7250200142152607,1.2137650046497583,0.6029889918863773,110.95156497322023,7.592798036057502
174,0.709759013261646,1.2323170085437596,0.6236929912120104,106.8689760286361,7.317485986277461
175,0.7943969685584307,1.176154997665435,0.30931795481592417,107.09509695880115,7.585851999465376
176,0.6107489462010562,1.2189419940114021,0.6330820033326745,125.43083605123684,7.496327045373619
177,0.7004049839451909,1.2060030130669475,0.6007369956932962,103.5566110513173,7.235452008899301
178,0.6799789844080806,1.215906988363713,0.2982279984280467,125.28320396086201,7.880960998591036
179,0.5615149857476354,1.2683200184255838,0.7874550065025687,116.83665798045695,7.450847013387829
180,0.6994110299274325,1.2075580307282507,0.6303960108198225,103.67166600190103,7.195367012172937
181,0.6828579935245216,1.1922030244022608,0.3169159754179418,105.74452200671658,7.360254996456206
182,0.6806869641877711,1.2183389626443386,0.6166819948703051,105.61335197417066,7.590394001454115
183,0.7103249663487077,1.1943959980271757,0.6208539707586169,107.83434298355132,7.467506977263838
184,0.6936119752936065,1.1766999959945679,0.3103570197708905,107.6711940113455,7.590484980028123
185,0.3433620440773666,0.8041980327107012,1.649270998314023,226.37761203804985,0.5225029890425503
186,0.7053200388327241,1.0747999767772853,0.5902020493522286,93.1626950041391,7.773441029712558
187,0.5995460087433457,1.2554459972307086,0.30112697277218103,119.92522899527103,7.846280001103878
188,0.7333990070037544,1.195244025439024,0.6462439778260887,108.43562701484188,7.843088009394705
189,0.597965030465275,1.2968540540896356,0.6336290389299393,103.45010797027498,7.611593988258392
190,0.7204559515230358,1.1908069718629122,0.3226249828003347,108.11823199037462,7.669153972528875
191,0.7970299920998514,1.2560290051624179,0.6058470462448895,108.05531998630613,7.656171976123005
192,0.7216469966806471,1.2378569808788598,0.6110239773988724,103.66254899417982,7.551932008937001
193,0.7029759581200778,1.1999810230918229,0.30803197296336293,112.08033899310976,7.849143992643803
194,0.7707549957558513,1.2296150089241564,0.6516220164485276,105.70230096345767,7.989926962181926
195,0.7288310443982482,1.1872450122609735,0.627770961727947,106.15358297945932,7.639246003236622
196,0.725594989489764,1.1522180284373462,0.31434500124305487,112.07324202405289,7.766802969854325
197,0.7078620255924761,1.660770969465375,0.615151016972959,106.52377997757867,7.833731011487544
198,0.7232770440168679,1.2391790514811873,0.633717980235815,103.55107800569385,7.631109037902206
199,0.6986590451560915,1.1724369833245873,0.3189330454915762,109.80358300730586,7.6342239626683295
200,0.716446025762707,1.2245060061104596,0.608753995038569,107.42352600209415,7.562963000964373
201,0.7346150232478976,1.2299270019866526,0.6513939588330686,107.80257201986387,7.628220017068088
202,0.7087910198606551,1.2343559646978974,0.3149259719066322,108.40297403046861,7.8822619980201125
203,0.7669840124435723,1.197923964355141,0.6313860067166388,108.65313705289736,7.82530102878809
204,0.728880986571312,1.2690709554590285,0.6401519640348852,104.11028697853908,7.862474943976849
205,0.7036069873720407,1.27345701912418,0.3525089705362916,125.03112200647593,7.949808961711824
206,0.5860800156369805,1.2520619784481823,0.6390269845724106,107.32980002649128,7.745334994979203
207,0.8065919973887503,1.2068310170434415,0.6438950076699257,114.40508801024407,7.4470340041443706
208,0.7120199734345078,1.1730929836630821,0.6287559517659247,114.98390400083736,8.019847038667649
209,0.6258509820327163,1.2420910061337054,0.6341250264085829,108.83176897186786,7.92548997560516
210,0.7071690051816404,1.8136629951186478,0.672269961796701,104.45066500687972,7.761935994494706
211,0.753283966332674,1.2531860265880823,0.31191203743219376,107.41828801110387,7.9823260311968625
212,0.7250060443766415,1.3035209849476814,0.6155340233817697,105.92781798914075,7.767463044729084
213,0.6178799667395651,1.2411290081217885,0.6490990053862333,108.37660601828247,7.828632020391524
214,0.7720710127614439,1.1828269925899804,0.34500204492360353,113.95312799140811,7.747288967948407
215,0.7738639833405614,1.3292970252223313,0.6478970171883702,110.62282498460263,7.751073979306966
216,0.6815239903517067,1.266246021259576,0.6411460344679654,117.88862699177116,7.69479398149997
217,0.7093129679560661,1.235445961356163,0.6344059947878122,103.17004000535235,7.75106402579695
218,0.6923140026628971,1.2539830058813095,0.6813190411776304,109.08870899584144,7.667430967558175
219,0.7048029801808298,1.1942089768126607,0.6440749857574701,103.98360097315162,7.548422028776258
220,0.7954120519571006,1.468053029384464,0.6257599452510476,102.20845101866871,7.4058540049009025
221,0.6982240010984242,1.2965400237590075,0.6222709780558944,105.33306503202766,7.384893950074911
222,0.6381180137395859,1.5698850038461387,0.6105920183472335,104.7507359762676,7.559436024166644
223,0.6853140075691044,1.137775951065123,0.6132650305517018,102.39789000479504,7.818129030056298
224,0.7351380190812051,1.2825129670090973,0.6251009763218462,107.68965299939737,7.631093030795455
225,0.6991069531068206,1.1872120085172355,0.6208830163814127,106.66746000060812,7.6400249963626266
226,0.7074919994920492,1.2831839849241078,0.5992029909975827,102.4408619850874,7.637491042260081
227,0.7000970072112978,1.3147859717719257,0.6282309768721461,106.29897902254015,7.673453015740961
228,0.7037660107016563,1.1984370066784322,0.6346500013023615,112.80289699789137,7.347659964580089
229,0.6094740238040686,1.1738059693016112,0.5908809835091233,103.85280102491379,7.5682089664042
230,0.6894519901834428,1.2945630005560815,0.6516660214401782,106.26608901657164,7.460411987267435
231,0.6751389591954648,1.430865959264338,0.604459026362747,104.362067009788,7.393096981104463
232,0.6668679998256266,1.1427619610913098,0.6517919828183949,101.21510998578742,7.380160968750715
233,0.6036830018274486,1.2498809956014156,0.6082999752834439,111.47598904790357,7.346572994720191
234,0.6850609788671136,1.1585369938984513,0.5956069799140096,124.51533396961167,7.361730036791414
235,0.6869200151413679,1.1683459742926061,0.6342229899019003,101.22720000799745,3.1314719817601144
236,0.2847299911081791,1.3388600200414658,0.6953940028324723,104.78057904401794,7.601991994306445
237,0.686780025716871,1.4284069766290486,0.6380690028890967,106.94996803067625,7.433710969053209
238,0.6880259606987238,1.1784110101871192,0.6682929815724492,140.07955900160596,3.1741770217195153
239,0.2823350368998945,1.3229880132712424,0.6682900129817426,109.47816498810425,11.203948000911623
240,1.0392379481345415,1.1811089934781194,0.6354880169965327,107.7598049887456,7.060752948746085
241,0.6719140219502151,1.208172005135566,0.602852029260248,96.66201897198334,3.039673960302025
242,0.2932160277850926,1.3159200316295028,0.7240689592435956,105.99395103054121,7.720559020526707
243,0.6879110005684197,1.201943028718233,0.6536960136145353,107.30395204154775,7.620099000632763
244,0.7431000121869147,1.1570710339583457,0.5959419650025666,101.31262597860768,3.031236003153026
245,0.2768950071185827,1.2435540556907654,0.6768350140191615,105.08075199322775,7.2556049562990665
246,0.6852980004623532,1.1596109834499657,0.6204870296642184,103.29186398303136,7.290745037607849
247,0.6824040319770575,1.1518409592099488,0.6330019677989185,99.81218096800148,3.120466019026935
248,0.2904009888879955,1.2477209675125778,0.6409360212273896,105.79501104075462,7.480344036594033
249,0.5558950360864401,1.1687289807014167,0.622471037786454,101.6369279823266,7.535740965977311
250,0.6779299583286047,1.1902500409632921,0.633863965049386,101.05473699513823,3.1536960159428418
251,0.27634098660200834,1.3420659815892577,0.669022963847965,106.80947999935597,7.63321400154382
252,0.7370989769697189,1.1711320257745683,0.6665469845756888,103.74569601844996,7.333018002100289
253,0.6799880065955222,1.2348250020295382,0.6013060337863863,98.50780904525891,3.1837099813856184
254,0.2888640156015754,1.347615965642035,0.7373380358330905,105.98989797290415,7.812945987097919
255,0.6861939909867942,1.1918249656446278,0.6458460120484233,103.34492503898218,7.721934001892805
256,0.6845759926363826,1.2159170000813901,0.6152749992907047,104.6833120053634,3.079677000641823
257,0.2746889949776232,1.3962550438009202,0.6462970050051808,111.02331901201978,7.614427013322711
258,0.6920480518601835,1.2336609652265906,0.6528109661303461,113.43599297106266,7.59539200225845
259,0.624715001322329,1.198897953145206,0.6105579668655992,109.63049705605954,3.152746008709073
260,0.2956840326078236,1.225763000547886,0.628634006716311,109.83392602065578,7.507437956519425
261,0.6867409683763981,1.1828920105472207,0.5993949598632753,109.08970201853663,7.431723002810031
262,0.612191972322762,1.1686240322887897,0.600757950451225,100.77252198243514,3.1292089843191206
263,0.2818030188791454,1.2642910005524755,0.6469269865192473,106.32831498514861,7.53818399971351
264,0.6865000468678772,1.1413919855840504,0.6107770022936165,104.81401195283979,7.346917991526425
265,0.6600669585168362,1.1814030003733933,0.6034469697624445,100.39586701896042,3.181774984113872
266,0.28123799711465836,1.2359080137684941,0.6044790497981012,107.85827197832987,7.577970041893423
267,0.6938049918971956,1.1799189960584044,0.5956679815426469,114.8533730302006,7.375023036729544
268,0.6873920210637152,1.1735139996744692,0.647581007797271,99.01013196213171,3.1390140065923333
269,0.27581496397033334,1.323068980127573,0.6122430204413831,106.4753289683722,7.432307000271976
270,0.6954710115678608,1.19068002095446,0.662937993183732,103.53223903803155,7.4076789896935225
271,0.7345949998125434,1.2754910276271403,0.616451958194375,108.27772499760613,3.11466702260077
272,0.27371395844966173,1.2254060129635036,0.6748000159859657,105.60617799637839,7.333150017075241
273,0.6630739662796259,1.5121489996090531,0.5950310151092708,112.49050201149657,7.610153988935053
274,0.38520898669958115,1.0196720249950886,3.3930729841813445,463.1742479978129,0.5320520140230656
275,0.7346029742620885,1.151869015302509,0.5876579671166837,93.10091601219028,7.944879995193332
276,0.7778379949741066,1.1981240240857005,0.5957999965175986,109.35282899299636,7.9179019667208195
277,0.7349069928750396,1.26970699056983,0.6227440317161381,124.85069799004123,7.638696988578886
278,0.7852160488255322,1.3209099997766316,0.7244999869726598,121.35832000058144,7.717333035543561
279,0.7119220099411905,1.1998300324194133,1.083042996469885,114.12352597108111,7.6837760279886425
280,0.7431550184264779,1.2085160124115646,0.639659003354609,102.87130798678845,7.862240017857403
281,0.5831469898112118,1.249280001502484,0.8270220132544637,101.93071799585596,7.626764010637999
282,0.704411999322474,1.176785968709737,0.3420719876885414,103.24823297560215,7.416967011522502
283,0.6965959910303354,1.2254700413905084,0.6700869998894632,104.65531196678057,7.893247005995363
284,0.7168129668571055,1.753025979269296,0.7487700204364955,103.36395597551018,7.505927991587669
285,0.6988809909671545,1.1440709931775928,0.3353320062160492,102.51710098236799,7.474198006093502
286,0.6725720013491809,1.1299109901301563,0.5939480033703148,108.57845598366112,7.738098036497831
287,0.71102095535025,1.2534080306068063,0.6607730174437165,103.41558500658721,7.469495991244912
288,0.7003290229476988,1.2042289599776268,0.36427302984520793,101.43602098105475,7.348826969973743
289,0.6757130031473935,1.1796479811891913,0.6017210544086993,106.0619349591434,7.927574042696506
290,0.7492710137739778,1.4051810139790177,1.6799249569885433,108.36565197678283,7.674275024328381
291,0.7240829872898757,1.6210139729082584,0.3628850099630654,145.29722096631303,7.8255810076370835
292,0.5674000130966306,1.2034039827995002,0.6558260065503418,106.50609998265281,7.895423041190952
293,0.6621420034207404,1.3215820072218776,0.6078390288166702,104.52662099851295,7.817603007424623
294,0.6379539845511317,1.2800879776477814,0.6361209671013057,99.19517097296193,7.497598009649664
295,0.6793059874325991,1.2488630018197,0.6725529674440622,102.66810702160001,7.871453010011464
296,0.5967059987597167,1.3059750199317932,0.6145709776319563,104.57377904094756,7.748275995254517
297,0.7038260228000581,1.150182040873915,0.32350601395592093,104.04364200076088,7.541541999671608
298,0.6923180189915001,1.169985975138843,0.6049610092304647,106.95511795347556,8.362466003745794
299,0.7511660223826766,1.3634649803861976,0.6185219972394407,119.64073800481856,7.784193032421172
300,0.7052859873510897,1.1572089861147106,0.32696500420570374,98.9321279921569,7.642765005584806
301,0.6766729638911784,1.1535710073076189,0.6154649890959263,103.74963702633977,7.832782983314246
302,0.6310410099104047,1.2311249738559127,0.6212990265339613,102.81213198322803,7.532064977567643
303,0.6868800264783204,1.9441799959167838,0.3121339832432568,98.35218405351043,7.441791996825486
304,0.6743859848938882,1.168112037703395,0.6560469628311694,112.04359802650288,3.1081040506251156
305,0.2780099748633802,1.2455260148271918,0.6453650421462953,106.27467202721164,7.662731979507953
306,0.7392099942080677,1.2417659745551646,0.3250120207667351,98.13367499737069,7.6257140026427805
307,0.70134800625965,1.184266002383083,0.617421988863498,96.3532539899461,3.3051869831979275
308,0.27984497137367725,1.260714023374021,0.6804820150136948,102.82189602730796,7.698036031797528
309,0.7354929693974555,1.239288947544992,0.37896999856457114,97.23018604563549,7.639447983819991
310,0.6080889725126326,1.1533100041560829,0.6283789989538491,99.28887605201453,3.1168419518508017
311,0.3205369575880468,1.7589019844308496,0.6427710177376866,102.798268024344,7.631136977579445
312,0.6971179973334074,1.2446609907783568,0.32372702844440937,101.48045001551509,7.7697549713775516
313,0.6976159638725221,1.1912710033357143,0.6433110102079809,98.7801180453971,3.1740579870529473
314,0.3027070197276771,1.6671919729560614,0.6157640018500388,103.03086903877556,7.595003000460565
315,0.6868920172564685,1.2657420011237264,0.38506800774484873,104.00929604656994,7.771381991915405
316,0.5798210040666163,1.1772930156439543,0.6060239975340664,114.94768795091659,7.7600000076927245
317,0.7202400011010468,1.255814975593239,0.6014240207150578,102.31089702574536,7.826614018995315
318,0.6783099961467087,1.2752669863402843,0.3350860206410289,97.64206199906766,7.635510992258787
319,0.6962380139157176,1.12323701614514,0.5987760378047824,100.8503629709594,7.659140974283218
320,0.7152379839681089,1.233468996360898,1.8546800129115582,105.75962497387081,7.382368959952146
321,0.695324968546629,1.460490981116891,0.3672569873742759,102.89001400815323,7.498349994421005
322,0.6885009934194386,1.14856701111421,0.6758589879609644,102.1647599991411,8.164357976056635
323,0.715992006007582,1.1835889890789986,0.6647059926763177,114.34625397669151,7.954264001455158
324,1.032668980769813,1.2685690307989717,0.6543180206790566,112.29435296263546,7.867036038078368
325,0.43352600187063217,0.909767986740917,2.9393440345302224,366.1041720188223,0.4622690030373633
326,0.708410982042551,1.1263160267844796,0.6055230041965842,110.4061109945178,7.7672540210187435
327,0.7125349948182702,1.27508700825274,0.6911309901624918,122.19290400389582,7.802275998983532
328,0.704070960637182,1.333158987108618,0.6949780508875847,107.0981840020977,7.6491609797813
329,0.6865279865451157,1.1745140072889626,0.6768089951947331,104.25295599270612,7.828967995010316
330,0.7000030018389225,1.2793539790436625,0.3319630050100386,110.35796400392428,8.200480951927602
331,0.5988909979350865,0.9328160085715353,4.339996026828885,590.5702600139193,0.5547319888137281
332,0.6933310069143772,0.9806990274228156,0.5958130350336432,93.36773701943457,7.543645973782986
333,0.680530967656523,1.7429920262657106,0.2719140029512346,104.37570995418355,7.789536030031741
334,0.6897459970787168,1.130559016019106,0.607490015681833,101.69182898243889,7.742621994111687
335,0.7110650185495615,1.159926992841065,0.6157160387374461,104.27229304332286,7.722594018559903
336,0.6583069916814566,1.2557999580167234,0.33862696727737784,110.17969402018934,7.759522006381303
337,0.705790997017175,1.1826690169982612,0.6188129773363471,104.19936996186152,8.013454964384437
338,0.6914070108905435,1.1677669826894999,0.6265370175242424,109.67145900940523,7.5469029834493995
339,0.7320820004679263,1.3258120161481202,0.6490849773399532,101.53423098381609,7.782718981616199
340,0.6920200539752841,1.2009369675070047,0.6266949931159616,103.53499802295119,8.110666007269174
341,0.7143180118873715,1.1838150094263256,0.6214309833012521,104.78301701368764,7.937174988910556
342,0.8075759978964925,1.2248389539308846,0.6741920369677246,100.28656799113378,7.910483982414007
343,0.5498830578289926,1.114982005674392,0.6173799629323184,100.03325203433633,7.800036983098835
344,0.44792803237214684,0.8299420005641878,3.640232956968248,473.8473579636775,0.45985798351466656
345,0.7029830012470484,1.150856027379632,0.5745200323872268,92.35538903158158,7.672060979530215
346,0.7016030140221119,1.1128219775855541,0.6019729771651328,103.11453399481252,7.762741995975375
347,0.716709007974714,1.1403019889257848,0.6192540167830884,102.83016302855685,7.62151600793004
348,0.7068580016493797,1.2495209812186658,0.6802689749747515,103.67310099536553,7.345490041188896
349,0.7344539626501501,1.1193690006621182,0.6116160075180233,102.71187697071582,7.694641011767089
350,0.7005629595369101,1.1241359752602875,0.6392350187525153,103.78692200174555,7.555536984000355
351,0.7021939964033663,1.2516670394688845,0.6929769879207015,100.95376597018912,7.5027759885415435
352,0.6908749928697944,1.1462700203992426,0.6505590281449258,100.78166297171265,7.7259939862415195
353,0.6875689723528922,1.1309830006211996,0.6011649966239929,104.17398501886055,7.620459015015513
354,0.6805510492995381,1.2654389720410109,0.6069350056350231,110.04271695856005,7.658417976927012
355,0.648296030703932,1.1259319726377726,0.5797040066681802,105.3973640082404,7.8435540199279785
356,0.7289009517990053,1.0981280356645584,0.5914230132475495,104.8626650008373,7.547649962361902
357,0.7448290125466883,1.1739539913833141,0.6469350191764534,112.10350797045976,7.742619956843555
358,1.0430910042487085,1.1431379825808108,0.6088039954192936,103.16562600200996,7.729929988272488
359,0.9529079543426633,1.233884016983211,0.6106289802119136,104.94799504522234,7.486054964829236
360,0.6972459959797561,1.175742014311254,0.6404489977285266,100.79097800189629,7.575783005449921
361,0.7308569620363414,1.5003379667177796,0.60224998742342,104.46777800098062,7.52480496885255
362,0.6794880027882755,1.121637993492186,0.595121004153043,103.90080802608281,7.598994008731097
363,0.6636870093643665,1.12536596134305,0.6140869809314609,108.4248999832198,7.480102998670191
364,0.667800020892173,1.1662580072879791,0.5947870085947216,102.33407199848443,7.417918008286506
365,0.7481179782189429,1.1223710025660694,0.5899780080653727,109.6276409807615,7.573505048640072
366,0.6766929873265326,1.1590479989536107,0.6090549868531525,98.39813696453348,7.746288029011339
367,0.3210470313206315,0.8075929945334792,2.2611510357819498,301.9305029883981,0.464715005364269
368,0.73691998841241,1.0012839920818806,0.5240840255282819,91.14535700064152,7.420340029057115
369,0.6145150400698185,1.1513969511725008,0.5719010368920863,100.09670298313722,7.103296986315399
370,0.661664002109319,1.134705962613225,0.6238549831323326,99.32128695072606,7.588854990899563
371,0.6773379864171147,1.143197005148977,0.6032829987816513,101.56716400524601,7.321582990698516
372,0.6472459645010531,1.19123695185408,0.6063790060579777,103.48316194722429,7.213024015072733
373,0.6487949867732823,1.1806190013885498,0.6048880168236792,106.68676404748112,8.478019968606532
374,0.6658009951934218,1.1194549733772874,0.621724990196526,101.1538349557668,7.6217500027269125
375,0.6585399969480932,1.1540340492501855,0.6509649683721364,98.71383698191494,7.28038395754993
376,0.6648029666393995,1.1219879961572587,0.5921539850533009,102.64686803566292,7.620677992235869
377,0.6630589487031102,1.1315079755149782,0.5872040055692196,123.52577899582684,7.476760016288608
378,0.6080389721319079,1.170214032754302,0.6236120243556798,98.3658210025169,7.432701997458935
379,0.3747949958778918,0.8957060053944588,2.217492030467838,280.41980403941125,0.45120500726625323
380,0.6740749813616276,0.9962970507331192,0.5493919597938657,93.80759799387306,7.6304139802232385
381,0.5854929913766682,1.162960019428283,0.6215949542820454,99.34262197930366,7.518477970734239
382,0.7312920060940087,1.2164460495114326,0.5947710014879704,100.13582598185167,7.517031044699252
383,0.6865049945190549,1.2180350022390485,0.6197100155986845,108.88367501320317,7.408188015688211
384,0.6680689984932542,1.1573180090636015,0.6138259777799249,103.46977296285331,7.424369978252798
385,0.6490810192190111,1.2022039736621082,0.5898720119148493,107.32792195631191,7.58103298721835
386,0.6759699899703264,1.1408430291339755,0.5984129966236651,102.89075202308595,7.452614023350179
387,0.6438149721361697,1.1405179975554347,0.6357479724101722,102.82083600759506,7.308370026294142
388,0.6491690292023122,1.1553840013220906,0.6092500407248735,121.18442595237866,7.698394998442382
389,0.611967989243567,1.2044940376654267,0.6024719914421439,126.52434397023171,7.602885947562754
390,0.6917410064488649,1.5784020069986582,0.6035080295987427,103.83865999756381,7.5554269715212286
391,0.3313819761388004,0.9209620184265077,1.8958369619213045,243.3753110235557,0.4534929757937789
392,0.714614987373352,1.1270930408500135,0.5465139984153211,127.2793909884058,7.460245979018509
393,0.6783899734728038,1.1872220202349126,0.6250249571166933,121.535265003331,7.638541981577873
394,0.6645200191996992,1.2624920345842838,0.6017420091666281,124.18788799550384,8.021432964596897
395,0.5544970044866204,1.2502060271799564,0.5849720328114927,104.27073104074225,7.623590994626284
396,0.6636719917878509,1.1611900408752263,0.6194000015966594,98.31909200875089,7.370038016233593
397,0.5957259563729167,1.273196015972644,0.5842960090376437,114.90089597646147,7.751931028906256
398,0.6765759899280965,1.1643959442153573,0.681313977111131,104.1968849604018,7.621333003044128
399,0.605169974733144,1.1803240049630404,0.621501007117331,103.88872196199372,7.927057973574847
400,0.6620640051551163,1.1114890221506357,0.6037720013409853,110.38542597088963,7.651195977814496
401,0.6710379966534674,1.7817910411395133,0.6315250066109002,114.22042601043358,7.3971429956145585
402,0.5946310120634735,1.1621530284173787,0.6586969830095768,112.1564349741675,7.26882996968925
403,0.6424750317819417,1.1672099935822189,0.6067109643481672,103.64692896837369,7.518475991673768
404,0.7403920171782374,1.3472220161929727,0.5864340346306562,104.21989200403914,7.39009102107957
405,0.5730450502596796,1.179334009066224,0.5852580070495605,98.23683998547494,7.275375013705343
406,0.5876389914192259,1.1286309454590082,0.6085549830459058,99.95347098447382,7.545767992269248
407,0.6827489705756307,1.1774860322475433,0.6168939871713519,108.4277110057883,7.8085389686748385
408,0.6967490189708769,0.85219502216205,1.5345669817179441,174.22337998868898,0.4290480283088982
409,0.6323549896478653,1.189535018056631,0.5649399827234447,117.1276899985969,7.93586001964286
410,0.6739329546689987,1.1342159705236554,0.6146529922261834,111.17739498149604,7.457949977833778
411,0.6847250042483211,1.1907549924217165,0.5946219898760319,120.34205795498565,8.093340031336993
412,0.6711350288242102,1.1344090453349054,0.5773909506388009,100.70181597257033,7.7174080070108175
413,0.6015390390530229,3.943077987059951,0.6142319762147963,102.8323220089078,7.332558976486325
414,0.7488150149583817,1.252033980563283,0.6036050035618246,99.08361203270033,7.255405012983829
415,0.6491699605248868,1.1188929784111679,0.6022140150889754,102.64427802758291,7.302699028514326
416,0.6372070056386292,1.2257000198587775,0.5987270269542933,107.19578497810289,7.15290498919785
417,0.6726669962517917,1.124100002925843,0.6138330209068954,98.47334795631468,7.206798996776342
418,0.6546879885718226,1.1080899857915938,0.609049980994314,99.27141002845019,7.227699039503932
419,0.7221050327643752,1.1159669957123697,0.6136960000731051,108.1048310152255,7.027052983175963
420,0.5681469920091331,1.1340489727444947,0.5999139975756407,101.85743897454813,7.221909996587783
421,0.7293759845197201,1.1755779851227999,0.6001070141792297,98.50445296615362,7.201821950729936
422,0.7106720004230738,1.1239260202273726,0.6506830104626715,98.73492998303846,7.27296998957172
423,0.7139299996197224,1.1170420330017805,0.6261169910430908,106.08059400692582,7.039210002403706
424,0.6095859571360052,1.1473720078356564,0.5952820065431297,96.02750395424664,7.186217000707984
425,0.653961964417249,1.2674130266532302,0.5987699842080474,100.45380599331111,7.149359036702663
426,0.634238007478416,1.1457539512775838,0.6670330185443163,100.20415100734681,7.09583202842623
427,0.6135649746283889,1.1144719901494682,0.5990600329823792,109.65485504129902,7.291154994163662
428,0.53836201550439,1.0890419944189489,0.6120500038377941,103.48389099817723,7.2075159987434745
429,0.7402629707939923,1.2304260162636638,0.6389010231941938,97.92782203294337,7.08739401306957
430,0.6271479651331902,1.114497019443661,0.5873030168004334,97.88899001432583,7.207353017292917
431,0.6364199798554182,1.1456510401330888,0.6196349859237671,99.00973300682381,7.101316004991531
432,1.3050780398771167,1.2952410033904016,0.6016510305926204,110.2120690047741,6.784763012547046
433,0.6223469972610474,1.1326079838909209,0.6299489759840071,96.95584402652457,2.9913950129412115
434,0.27269398560747504,1.0934809688478708,0.6029760115779936,100.1806510030292,6.739214004483074
435,0.6074740085750818,1.1532760108821094,0.6033459794707596,96.58118401421234,6.6849320428445935
436,0.6741820252500474,1.1015490163117647,0.6081039900891483,94.79626000393182,3.1375690014101565
437,0.30317099299281836,1.1257529840804636,4.991402034647763,724.786764010787,0.47636800445616245
438,0.6215639878064394,1.0697749676182866,0.7000470068305731,94.11238302709535,7.218450016807765
439,0.6311840261332691,1.1176519910804927,0.5985850002616644,109.5638059778139,3.082950017414987
440,0.25704497238621116,1.1521760025061667,0.5960839916951954,101.31848801393062,7.2429009596817195
441,0.6260299705900252,1.1444470146670938,0.6088240188546479,99.30358600104228,7.016649993602186
442,0.6715090130455792,1.1234700214117765,0.5838470533490181,96.15783701883629,3.0211799894459546
443,0.2595069818198681,1.1058429954573512,0.5981940194033086,106.74315801588818,7.097391004208475
444,0.6448739441111684,1.1104519944638014,0.5998630076646805,99.51897198334336,7.211124990135431
445,0.6294359918683767,1.1229150113649666,0.5886690341867507,97.35025698319077,3.060995019041002
446,0.26148196775466204,1.1570299975574017,0.5821860395371914,101.30218998529017,7.026906998362392
447,0.7088080164976418,1.1344309896230698,0.6547939847223461,100.0985800055787,7.218665035907179
448,0.6233190069906414,1.1600400321185589,0.5734599544666708,96.5663010138087,3.1135560129769146
449,0.29058498330414295,1.1246849899180233,0.6231110310181975,101.06779501074925,7.437256048433483
450,0.8743659709580243,0.9723040275275707,3.253186005167663,426.27222201554105,0.4928389680571854
451,0.6403630250133574,0.9938060538843274,0.5708489916287363,89.84463702654466,3.0807899893261492
452,0.29949197778478265,1.1102420394308865,0.649405992589891,99.72887398907915,7.461405999492854
453,0.7186500006355345,1.6325549804605544,0.652319984510541,100.11344304075465,7.206392998341471
454,0.5771949654445052,1.1300190235488117,0.5953250220045447,96.29956999560818,3.133505000732839
455,0.26199803687632084,1.116071012802422,0.5996139952912927,101.42080398509279,7.388975995127112
456,0.6596400053240359,1.2578549794852734,0.5859059747308493,100.19119398202747,7.248517998959869
457,0.6512469844892621,1.1001590173691511,0.5718290340155363,96.41856601228938,3.1951559940353036
458,0.2739040064625442,1.104111026506871,0.5882729892618954,114.38399396138266,7.355258043389767
459,0.5941690178588033,1.1525220470502973,0.5969360354356468,99.36108801048249,7.290296023711562
460,0.6466550403274596,1.130076008848846,0.579687999561429,98.16476999549195,3.0450649792328477
461,0.2674839925020933,1.109825971070677,0.6487100035883486,105.41627899510786,7.438415021169931
462,0.6657370249740779,1.2031359947286546,0.6029109936207533,100.52460094448179,7.310640998184681
463,0.6496049463748932,1.1455219937488437,0.6060529849492013,96.27521102083847,3.1348339980468154
464,0.27884700102731586,1.1358000338077545,0.6433969829231501,100.91445496072993,7.195382961072028
465,0.7110979640856385,1.1334859882481396,0.6245870026759803,111.05796101037413,7.268783985637128
466,0.618955004028976,1.1060790275223553,0.5899909883737564,97.31317503610626,3.233694995287806
467,0.2823399845510721,1.1161279981024563,0.6130170077085495,100.73133703554049,7.407197030261159
468,1.1230509844608605,1.1133970110677183,0.5888859741389751,100.44193197973073,7.543432991951704
469,0.5525810411199927,1.073466963134706,3.6535229883156717,546.9279550015926,0.5433229962363839
470,0.2582769957371056,0.7977770292200148,1.8363799899816513,222.58933499688283,0.4368100198917091
471,0.6910209776833653,1.1110429768450558,0.5792890442535281,103.26151101617143,7.858501980081201
472,0.7302510202862322,1.130702963564545,0.6366660236380994,96.57496499130502,7.668617996387184
473,0.6704870029352605,1.121965004131198,0.5952800274826586,101.38917295262218,8.617796003818512
474,0.5384890246205032,1.0934460442513227,0.6657899939455092,100.32450599828735,7.349094026722014
475,0.6552150007337332,1.1062449775636196,0.5839859950356185,97.06633200403303,7.610698987264186
476,0.6674399483017623,1.5365189756266773,0.5957829998806119,101.19972995016724,7.416522013954818
477,0.7102180388756096,1.1566110188141465,0.6078950245864689,106.13989201374352,7.622673001606017
478,0.6760690012015402,1.1505779693834484,0.5946129676885903,97.86951105343178,7.744358968921006
479,0.6763970013707876,1.1066659935750067,0.6117290467955172,106.7409100360237,8.209047024138272
480,0.6564799696207047,1.1341560166329145,0.6255749613046646,100.57107597822323,7.425112009514123
481,0.6728710141032934,1.0960329673253,0.5862570251338184,97.52139396732673,7.743738009594381
482,0.7217010133899748,1.16497598355636,0.6076880381442606,102.05557901645079,7.706617994699627
483,0.6962880142964423,1.1066980077885091,0.6224670214578509,100.6557359942235,7.335875008720905
484,0.6705300183966756,1.1412129970267415,0.6153449648991227,100.9974250337109,7.75176496244967
485,0.7176059880293906,1.3605220010504127,0.5942179705016315,104.97347300406545,7.492380973417312
486,0.6647920235991478,1.1556569952517748,0.6042229942977428,100.71419103769585,7.579276978503913
487,0.659761019051075,1.549698004964739,0.6014519603922963,97.5852589472197,7.647913997061551
488,0.6628929986618459,1.131197961512953,0.6041379529051483,101.69269499601796,7.4370139627717435
489,0.6585129885934293,1.1803180095739663,0.614357995800674,99.44075002567843,7.37661198945716
490,0.6415550014935434,1.1535899830050766,0.5795839824713767,100.28539097402245,7.470927957911044
491,0.6592600257135928,1.1122360010631382,0.6302249967120588,101.83829598827288,7.248119043651968
492,0.6515519926324487,1.1493819765746593,0.668613996822387,103.8630599505268,7.214027980808169
493,0.5285540246404707,1.1486349976621568,0.6187179824337363,97.30354300700128,7.488405972253531
494,0.6159389740787446,1.1384309618733823,0.5977029795758426,103.54959702817723,7.292339985724539
495,0.646832981146872,1.1297250166535378,0.5905809812247753,99.52477901242673,7.14890705421567
496,0.6516450084745884,1.101725036278367,0.6379930418916047,99.51748000457883,7.518301019445062
497,0.5357739864848554,1.125780981965363,0.59985596453771,103.15729503054172,7.2851680452004075
498,0.6444830214604735,1.1065099970437586,0.6011109799146652,98.26553601305932,7.325335987843573
499,0.642940984107554,1.0978789650835097,0.5867129657417536,97.81600499991328,7.492240983992815
500,0.6677700439468026,1.109939010348171,0.5978680565021932,107.23872401285917,7.3485030443407595
501,0.6377610261552036,1.1564689921215177,0.6052160169929266,97.59010601555929,7.244415988679975
502,0.6597809842787683,1.1178340064361691,0.6129990215413272,99.1431680158712,7.444891962222755
503,0.6609340198338032,1.1426389683037996,0.6011240184307098,101.45392297999933,7.214539044070989
504,0.6354639772325754,1.1213039979338646,0.5971029750071466,97.05120098078623,7.220808998681605
505,0.6472910172306001,1.1264169588685036,0.6292140460573137,97.51673496793956,7.53055204404518
506,0.6737129879184067,1.1503769783303142,0.6127929664216936,108.63136599073187,7.525374996475875
507,0.6389810005202889,1.1677740258164704,0.845353992190212,97.79763204278424,7.553390983957797
508,0.577526050619781,1.1569170164875686,0.5803650128655136,98.35617296630517,7.599797972943634
509,0.6646279944106936,1.1811089934781194,0.6163570214994252,101.80220601614565,7.330513966735452
510,0.6562599446624517,1.1189240030944347,0.6488329963758588,101.89696599263698,7.235105033032596
511,0.6456120172515512,1.140007982030511,0.6399119738489389,97.78496297076344,7.3734920006245375
512,0.6581069901585579,1.1615690309554338,0.5876109935343266,111.84256296837702,7.622673991136253
513,0.8349099662154913,1.1846310226246715,0.6008920026943088,98.72362803434953,7.534663949627429
514,0.5239649908617139,1.5003469889052212,0.5973370280116796,98.27417501946911,7.675907050725073
515,0.619515951257199,1.151758013293147,0.5914559587836266,105.29256897279993,7.323005993384868
516,0.6607730174437165,1.1511369957588613,0.6186519749462605,98.7593590398319,7.400616013910621
517,0.6673309835605323,1.1508629540912807,0.5844539846293628,101.68387898011133,7.715329993516207
518,0.7816270226612687,1.1338769691064954,0.6047119968570769,105.98821699386463,7.272039947565645
519,0.6436369731090963,1.1100789997726679,0.600575003772974,98.17540395306423,7.250613998621702
520,0.6367069436237216,1.124847971368581,0.5764110246673226,100.18836800009012,7.353691034950316
521,0.6521819741465151,1.6548240091651678,0.5971220089122653,122.21076496643946,7.892196008469909
522,0.6815779488533735,1.135010039433837,0.6137930322438478,108.14328998094425,7.349348976276815
523,0.6830060156062245,1.1417659698054194,0.5986950127407908,97.47876599431038,7.638290000613779
524,0.6557080196216702,1.1414620094001293,0.6282519898377359,117.49624297954142,7.366610050667077
525,0.7064229575917125,1.1157889966852963,0.6233130116015673,102.30964497895911,7.288858003448695
526,0.6448260392062366,1.0961790103465319,0.6254010368138552,97.57100697606802,7.394519983790815
527,0.651206006295979,1.1276290169917047,0.6128189852461219,102.21270198235288,7.65450403559953
528,0.5667789955623448,1.1940100230276585,4.686283995397389,594.4600860239007,0.4988060100004077
529,0.20601198775693774,0.7156000356189907,1.0968029964715242,125.28182595269755,0.4501260118559003
530,0.7076850160956383,0.9565050131641328,0.5612969980575144,91.47175203543156,7.803065003827214
531,0.6608910043723881,1.124613976571709,0.5832579918205738,100.73461598949507,7.621611002832651
532,0.681995996274054,1.0834609856829047,0.5871109897270799,96.92960500251502,7.574172981549054
533,0.5647179787047207,1.1224779882468283,0.6211170111782849,100.72828299598768,7.412359002046287
534,0.6725509883835912,1.1676190188154578,0.6641499930992723,98.72106602415442,7.402861025184393
535,0.7436139858327806,1.1257059522904456,0.6091750110499561,96.86500299721956,7.709158991929144
536,0.6962429615668952,1.1353339650668204,0.6157069583423436,104.08990300493315,7.654313987586647
537,0.6821939605288208,3.465329995378852,0.6081880419515073,97.85826003644615,7.434354047290981
538,0.64627401297912,1.1077580275014043,0.5826990236528218,97.37297904212028,7.646886981092393
539,0.6677249912172556,1.1325929663144052,0.6094860145822167,102.6749939774163,8.096723991911858
540,0.7404619827866554,1.4715039869770408,0.5862590041942894,103.68336498504505,7.414983003400266
541,0.5496160010807216,1.1160860303789377,0.6061280146241188,96.74952103523538,7.607735984493047
542,0.5718320026062429,1.14894297439605,0.6223999662324786,97.905020986218,7.3193139978684485
543,0.6071430398151278,1.1275429860688746,0.6193729932419956,101.48431098787114,7.725036004558206
544,0.6860970170237124,1.1398380156606436,0.5897459923289716,96.54096700251102,7.785796013195068
545,0.6641460349783301,1.1117959511466324,0.6144659710116684,98.70841697556898,7.3953489772975445
546,0.7392450352199376,1.131159020587802,0.6225719698704779,96.9237340032123,7.382628973573446
547,0.6527070072479546,1.1108500184491277,0.5873379996046424,96.72557201702148,7.549012021627277
548,0.6752230110578239,1.1232169927097857,0.6124880164861679,101.55164304887876,7.465231989044696
549,0.6488080252893269,1.1176400003023446,0.6022409652359784,108.84541796986014,7.262534985784441
550,0.6496160058304667,1.0901050409302115,0.6053760298527777,96.35793295456097,7.532730000093579
551,0.6858920096419752,1.119280990678817,0.6297960062511265,99.06997199868783,7.416902983095497
552,0.6579739856533706,1.1710399994626641,0.6025449838489294,101.9331009592861,8.455304021481425
553,0.6124379578977823,0.9140759939327836,4.784003016538918,685.2661540033296,0.5178930005058646
554,0.7677170215174556,1.0093640303239226,0.5981469876132905,94.57600797759369,7.428856042679399
555,0.688383006490767,1.1497610248625278,0.5958219990134239,100.13219900429249,7.58205697638914
556,0.6906469934619963,1.1920420220121741,0.6049950025044382,98.21576200192794,7.810454990249127
557,0.687595980707556,1.1989199556410313,0.618476013187319,102.11415699450299,7.622261007782072
558,0.6906320340931416,1.163934008218348,0.6532170227728784,106.04869399685413,7.601707999128848
559,0.6710360175929964,1.1773229925893247,0.5994209786877036,96.08470997773111,8.381268009543419
560,0.9493429679423571,0.9235140169039369,3.9143500034697354,572.6036970154382,0.4952109884470701
561,0.7568830042146146,0.9727879660204053,0.5523100262507796,90.90283303521574,7.807187968865037
562,0.6863460293971002,1.1411210289224982,0.607557944022119,97.54259703913704,8.162141952197999
563,0.7680210401304066,1.1445010313764215,0.6041200249455869,101.68122698087245,9.099356015212834
564,0.6883700261823833,1.1597860138863325,0.6169939879328012,104.82492600567639,7.658221991732717
565,0.6870460347272456,1.1491039767861366,0.6128430250100791,96.27956902841106,7.889335975050926
566,0.80387998605147,1.1255469871684909,0.5927039892412722,100.93176702503115,7.582111982628703
567,0.6119780009612441,1.1220379965379834,0.6031000521034002,98.06959400884807,7.488625997211784
568,0.6762099801562726,1.1188110220246017,0.6194550078362226,95.79857997596264,3.253634029533714
569,0.2772639854811132,1.1119039845652878,0.6027729832567275,100.2565209637396,7.491809024941176
570,0.6069309893064201,1.1300009791739285,0.6080670282244682,100.18673801096156,7.4002150213345885
571,0.6685970001854002,1.1254539713263512,0.6015519611537457,96.63217602064833,3.283390949945897
572,0.2748569822870195,1.1939110117964447,0.6006599869579077,105.4519489989616,7.555269985459745
573,0.6799090187996626,1.143531990237534,0.5997999687679112,99.54996395390481,7.66522902995348
574,0.42845000280067325,1.049251004587859,3.4420409938320518,467.4779319902882,0.22219499805942178
575,0.2722279750742018,1.0583080002106726,0.6210749852471054,92.26078999927267,7.579383032862097
576,0.6539869937114418,1.1873420444317162,0.5904689896851778,98.82132499478757,7.70456698955968
577,0.6886969786137342,1.6025889781303704,0.6087090005166829,97.82006498426199,3.2903780229389668
578,0.3574250149540603,1.1630589724518359,0.6255139596760273,108.6428759736009,7.74212199030444
579,0.6831620121374726,1.1693519772961736,0.5948119796812534,101.34047595784068,7.540958002209663
580,0.6008420023135841,1.1839260114356875,0.6339120445773005,96.63596202153713,3.257964039221406
581,0.2917560050264001,1.2234739842824638,0.5973600200377405,101.3565799803473,7.591277011670172
582,0.7346700294874609,1.1179299908690155,0.6236989866010845,101.46182699827477,7.673082000110298
583,0.6839550333097577,1.1681360192596912,0.6048660143278539,100.37334798835218,3.2690970110706985
584,0.2737639588303864,1.2193709844723344,0.6646059919148684,116.31793802371249,7.691456994507462
585,0.7289320346899331,1.1803460074588656,0.625050044618547,104.38397200778127,7.6508980127982795
586,0.6170559790916741,1.182843989226967,0.6072590476833284,109.59043196635321,7.779721985571086
587,0.7093839813023806,1.1696660076268017,0.6078360020183027,100.65767995547503,7.7051540138199925
588,0.6921159802004695,1.1450830497778952,0.6084149936214089,107.10735397879034,7.933478977065533
589,0.5935250082984567,1.1500270338729024,0.6022099987603724,102.60443802690133,7.786371977999806
590,0.6989680114202201,1.1596109834499657,0.6374969962053001,100.3108469885774,7.604673970490694
591,0.6824450101703405,1.1160020367242396,0.5994220264256,100.24889401393011,7.58439302444458
592,0.679599994327873,1.1254660203121603,0.6151029956527054,102.44647302897647,7.820013037417084
593,0.6197959883138537,1.4001820236444473,0.6340440013445914,101.35699296370149,7.961748982779682
594,0.6843539886176586,1.1382619850337505,0.688494008500129,100.75503803091124,7.875962008256465
595,0.6820189883001149,1.1914409697055817,0.63730200054124,110.61845603398979,7.73386302171275
596,0.7532689487561584,1.189307018648833,0.6228730198927224,105.34396400908008,7.72866205079481
597,0.6975990254431963,1.1921679833903909,0.6167329847812653,102.16941696126014,7.758154009934515
598,0.7518960046581924,1.1381999938748777,0.6217450136318803,98.63004501676187,7.760347973089665
599,0.6898179999552667,1.1576780234463513,0.6465100450441241,103.92273700563237,7.534631993621588
600,0.6676549674011767,1.1257950100116432,0.6264920230023563,100.49741098191589,7.287807995453477
601,0.6608919939026237,1.1552319629117846,0.6031320081092417,101.9968629698269,7.724867027718574
602,0.9741639951243997,1.2169409892521799,0.620000995695591,103.94543100846931,7.569791050627828
603,0.7057139882817864,1.213966985233128,0.6352220079861581,115.74975401163101,8.155510993674397
604,0.6917699938639998,1.1582430452108383,0.6361349951475859,101.21426195837557,7.732214988209307
605,0.5559480050578713,1.1951180058531463,0.6256059859879315,102.10975498193875,7.54724902799353
606,0.6895069964230061,1.1514670331962407,0.650007976219058,114.26627403125167,7.408762001432478
607,0.6625779788009822,1.1642160243354738,0.588051974773407,98.19874499225989,7.5926799909211695
608,0.6873669917695224,1.1399170034565032,0.6127440137788653,115.8082730253227,7.7997929765842855
609,0.4450679989531636,0.8825369877740741,2.9509490123018622,397.40940200863406,0.46268501318991184
610,0.6599390180781484,1.0845260112546384,0.5955069791525602,91.9191210414283,7.900210039224476
611,0.7019769982434809,1.1397830094210804,0.635964039247483,100.36170104285702,8.207446953747422
612,0.5773730226792395,1.172635005787015,0.6206970429047942,106.03812400950119,7.766516006086022
613,0.5609759828075767,1.1395089677534997,0.6064799963496625,99.93296494940296,7.992357015609741
614,0.698877964168787,1.174737000837922,0.6056309794075787,101.18701600003988,8.129735011607409
615,0.6751579931005836,1.2232320150360465,0.6408839835785329,105.06490495754406,7.698256056755781
616,0.6450240034610033,1.1824109824374318,0.6049129879102111,100.54063802817836,7.873727008700371
617,0.7421509944833815,1.149920979514718,0.6116110016591847,101.4762949780561,7.737601990811527
618,0.68139802897349,1.1692600091919303,0.6039520376361907,102.82351897330955,7.701632042881101
619,0.6646690308116376,1.1386899859644473,0.612305011600256,97.83798595890403,7.868622953537852
620,1.3466860400512815,1.7713390407152474,0.6207439582794905,104.16489298222587,7.552973984275013
621,0.6810320192016661,1.230850990395993,0.6073309923522174,114.63744100183249,7.651344989426434
622,0.5469939787872136,1.131312979850918,0.6333629717119038,96.29109303932637,7.661110023036599
623,0.5440670065581799,1.1269739479757845,0.6305510178208351,108.07834897423163,7.534676988143474
624,0.6833000225014985,1.465363020543009,0.5834270268678665,101.05584800476208,7.859118981286883
625,0.5505849840119481,1.142679015174508,0.5990349454805255,95.90038703754544,7.571993046440184
626,0.5342609947547317,1.1134250089526176,0.6208950071595609,104.0320600150153,7.872041955124587
627,0.7289749919436872,1.1475880164653063,0.6102959741838276,97.85480803111568,7.468087016604841
628,0.5444979760795832,1.1327409883961082,0.6274759653024375,96.62039997056127,7.778815983328968
629,0.6048629875294864,1.1621860321611166,0.6245120312087238,99.41072098445147,7.525751017965376
630,0.672986963763833,1.1142499861307442,0.6101620383560658,104.84429000644013,7.481548993382603
631,0.6096110446378589,1.1338599724695086,0.5920089897699654,98.57991297030821,7.699406007304788
632,0.6603020010516047,1.1774589656852186,0.641822989564389,99.16943602729589,7.500686042476445
633,0.7168889860622585,1.1563950101844966,0.5978510016575456,98.3220650232397,7.088812009897083
634,0.586603011470288,1.1187949567101896,0.6102289771661162,99.81992398388684,7.511860050726682
635,0.6808059988543391,1.1045499704778194,0.5989490309730172,106.20315000414848,7.286200008820742
636,0.6811909843236208,1.1192170204594731,0.593801960349083,112.71329398732632,7.2380839847028255
637,0.647804990876466,1.112447993364185,0.6198540213517845,97.62418898753822,7.457817962858826
638,0.6243360112421215,1.1272989795543253,0.6161810015328228,104.43057102384046,7.346373982727528
639,0.6378719699569046,1.1377990012988448,0.6000279681757092,97.63592400122434,7.252878043800592
640,0.6337289814837277,1.1221899767406285,0.6359289982356131,96.86184802558273,7.49554397771135
641,0.6436540279537439,1.1482220143079758,0.5957829998806119,100.01396900042892,7.351876993197948
642,0.664468971081078,1.1033209739252925,0.6134600262157619,98.67521596606821,7.331113971304148
643,0.6410659989342093,1.5030729700811207,0.5890940083190799,96.89787600655109,7.59048096369952
644,0.653219991363585,1.1394839966669679,0.6103779887780547,99.32199103059247,7.39317899569869
645,0.5798959755338728,1.179110025987029,0.6001470028422773,112.72579897195101,7.478468003682792
646,0.6967809749767184,1.1204900220036507,0.5921630072407424,96.84493002714589,7.569008972495794
647,0.6639070343226194,1.1644450132735074,0.6352540221996605,99.05705600976944,7.28010997409001
648,0.7002110360190272,1.1960809933952987,0.7025580271147192,101.20115295285359,7.239793019834906
649,0.6461119628511369,1.1034850031137466,0.600805040448904,101.0677819722332,7.676947978325188
650,1.3039630139246583,1.2969240196980536,0.6132710259407759,100.22787697380409,7.3625819641165435
651,0.6521429750137031,1.1369300191290677,0.6110990070737898,99.32056901743636,7.537689991295338
652,0.6723459810018539,1.1254059500060976,0.6426750333048403,97.86567400442436,7.579174009151757
653,0.6611139979213476,1.1264560162089765,0.6219279603101313,102.2921979892999,7.31496699154377
654,0.6387140019796789,1.1544970329850912,0.6268870201893151,99.22989300685003,7.187662995420396
655,0.6460750009864569,1.1320999474264681,0.6090109818615019,97.16023103101179,7.483329973183572
656,0.655944983009249,1.1762840440496802,0.6014520185999572,101.729167974554,7.288866967428476
657,0.5728309624828398,1.5929120127111673,0.6099669844843447,99.95470003923401,7.260933984071016
658,0.6444189930334687,1.0759609867818654,0.6037589628249407,98.69278798578307,7.438593951519579
659,0.6512159598059952,1.150060968939215,0.6141370395198464,99.76116596953943,7.217700011096895
660,0.6574760191142559,1.148420968092978,0.6129189860075712,97.98171103466302,7.4052929994650185
661,0.6606579991057515,1.1399890063330531,0.7020659977570176,103.71844901237637,7.576602045446634
662,0.8025589631870389,1.1462710099294782,0.6235429900698364,102.24093199940398,7.4076500022783875
663,0.5339590134099126,1.1674660490825772,0.6012070225551724,97.81033097533509,7.567891967482865
664,0.5718700122088194,1.1043850099667907,0.5883839912712574,97.76265698019415,7.32272700406611
665,0.6596969906240702,1.1381019721738994,0.5962469731457531,105.20973795792088,7.02672399347648
666,0.6504989578388631,1.1351339635439217,0.6077999714761972,97.22259000409395,6.9232850219123065
667,0.6239170324988663,1.10591301927343,0.6112619885243475,97.12337498785928,7.2103560087271035
668,0.6620059721171856,1.1456719948910177,0.612191972322762,98.49920403212309,7.215383986476809
669,0.6394830415956676,1.132163975853473,0.7082159863784909,98.00954500678927,7.195226033218205
670,0.618698017206043,1.1638489668257535,0.6168920081108809,106.4363420009613,3.1252240296453238
671,0.29604299925267696,1.159495033789426,0.6056330166757107,112.9649220383726,7.140107045415789
672,0.6258609937503934,1.1610729852691293,0.5982030415907502,97.16728300554678,7.103549025487155
673,0.6282049580477178,1.1362679651938379,0.6263929535634816,98.5848749987781,3.15859098918736
674,0.26496098143979907,1.1048270389437675,0.5882149562239647,102.91889996733516,7.152732985559851
675,0.6430959911085665,1.136694976594299,0.6121250335127115,97.0973790390417,6.987463973928243
676,0.7078470080159605,1.15301797632128,0.5993120139464736,95.60533700278029,3.149598021991551
677,0.2622749889269471,1.1180250439792871,0.6090099923312664,111.14289204124361,7.295780989807099
678,0.6475899717770517,1.1912609916180372,0.6029520300216973,98.91727397916839,7.348261948209256
679,0.6365099688991904,1.189631992019713,0.5736069870181382,97.8114859899506,7.462037960067391
680,0.6513629923574626,1.1138669797219336,0.5925189470872283,101.91044997191057,7.12114799534902
681,0.5858649965375662,1.1679570307023823,0.6221410003490746,101.03336494648829,7.104261952918023
682,0.6163970101624727,1.1419830261729658,0.5758419865742326,97.48729900456965,7.464755035471171
683,0.6325910217128694,1.1145449825562537,0.5755420424975455,102.07578097470105,7.248149020597339
684,0.6104339845478535,1.151497010141611,0.6121290498413146,108.47126599401236,7.1279690018855035
685,0.5506360321305692,1.1744149960577488,0.6334609934128821,103.37866999907419,3.138823958579451
686,0.28352398658171296,1.132505014538765,0.6106139626353979,102.02460299478844,7.157791987992823
687,0.6299070082604885,1.1658129515126348,0.6398119730874896,96.29385301377624,6.962024024687707
688,0.6775939837098122,1.111918012611568,0.5852630129083991,95.66861897474155,3.1183380051515996
689,0.26121799601241946,1.158214989118278,0.5784149980172515,101.43185500055552,6.905200018081814
690,0.5548889748752117,1.0954930330626667,0.5897029768675566,100.86017398862168,6.863488990347832
691,0.6293749902397394,1.1972039937973022,0.585698988288641,95.92588199302554,3.245621977839619
692,0.2557329717092216,1.1393930180929601,0.6148990360088646,113.43003902584314,7.889416010584682
693,0.6294769700616598,1.117562991566956,0.5971270147711039,98.41614303877577,7.020307995844632
694,0.6263660034164786,1.174761971924454,0.6908790091983974,100.11303698411211,3.1924149952828884
695,0.2674650168046355,1.1531200143508613,0.6106250220909715,103.97962399292737,7.165536982938647
696,0.6139149772934616,1.100742956623435,0.5871470202691853,97.91921998839825,7.036369992420077
697,0.6140049663372338,1.1108150356449187,0.5776340258307755,96.73386096255854,7.228497008327395
698,0.6289570010267198,1.1288539972156286,0.6039719446562231,100.31623503891751,7.128569995984435
699,0.6409059860743582,1.129697950091213,0.5906799924559891,97.35887596616521,7.570412999484688
700,1.0169820161536336,0.9911340312100947,4.125372041016817,511.1243930296041,0.20375201711431146
701,0.18040597205981612,0.8499069954268634,3.2588239992037416,447.93808402027935,0.44591299956664443
702,0.6605030503123999,1.0459120385348797,0.5737750325351954,91.03589598089457,7.36377399880439
703,0.6195880123414099,1.113520993385464,0.5698489840142429,104.06228096690029,7.363957993220538
704,0.6271509919315577,1.1700110044330359,0.6075959536246955,102.42998000467196,7.264240994118154
705,0.6493490072898567,1.0973339667543769,0.5912019987590611,100.63100600382313,7.356664980761707
706,0.6240709917619824,1.185982022434473,0.6274730549193919,99.89088797010481,7.461400993634015
707,0.5705580115318298,1.160798012278974,0.5988999619148672,101.93654202157632,7.2475040215067565
708,0.6250030128285289,1.1138220434077084,0.5842149839736521,100.63227399950847,7.124519033823162
709,0.6348310271278024,1.1106450110673904,0.602288986556232,98.7309220363386,7.632541004568338
710,0.641560007352382,1.2159989564679563,0.5965079762972891,106.64920904673636,7.478258979972452
711,0.2690900000743568,0.7451289566233754,1.3661490520462394,152.83594897482544,0.39347499841824174
712,0.6027049967087805,0.9570589754730463,0.5555259995162487,92.41188399028033,7.287991000339389
713,0.6207209662534297,1.1530430056154728,0.5679999594576657,108.15299302339554,7.368796039372683
714,0.6360639818012714,1.110570039600134,0.6364830187521875,100.45843099942431,7.380593044217676
715,0.5585880135186017,1.1318930191919208,0.5884809652343392,102.91056300047785,7.671996019780636
716,0.649364956188947,1.1299580219201744,0.5862840334884822,101.40853299526498,7.2628179914318025
717,0.5669189849868417,1.1260080500505865,0.6503420299850404,98.75145804835483,7.217174977995455
718,0.6311989855021238,1.116075029131025,0.5830309819430113,98.5066419816576,7.498699997086078
719,0.6354430224746466,1.1572520015761256,0.6053390097804368,104.62683800142258,7.236802019178867
720,0.6413999944925308,1.1218569707125425,0.5855989875271916,100.55507498327643,7.1565970429219306
721,0.615741009823978,1.126040006056428,0.5921239499002695,98.712112987414,7.405956042930484
722,0.6681809900328517,1.1376049951650202,0.5921590491198003,100.57516698725522,7.4682129779830575
723,0.29862497467547655,0.7767789647914469,1.8638279871083796,225.6455069873482,0.4116710042580962
724,0.6351560004986823,1.016978989355266,0.5313839646987617,92.17066800920293,7.278456003405154
725,0.6450609653256834,1.1832930031232536,0.6446740007959306,99.62844499386847,7.295395014807582
726,0.6270130397751927,1.1070280452258885,0.6045600166544318,98.78232097253203,7.29350297478959
727,0.6405540043488145,1.1342020006850362,0.6087140063755214,102.70499100442976,7.6909829513169825
728,0.5926260491833091,0.8951210184022784,4.561295034363866,690.9753000363708,0.4671310307458043
729,0.19170803716406226,0.8162020239979029,1.0686879977583885,122.07038199994713,0.44604699360206723
730,0.6399290286935866,0.9548849775455892,0.5406950367614627,90.1933410204947,8.694233023561537
731,0.7038249750621617,1.1078559909947217,0.5636410205624998,102.79013798572123,7.708092976827174
732,0.7145580020733178,1.1224719928577542,0.6328820018097758,100.54763604421169,7.623146986588836
733,0.6388500332832336,1.147857983596623,0.6230499711818993,99.14456401020288,7.565435953438282
734,0.6507459911517799,1.137927989475429,0.6048650247976184,103.85764896636829,7.305703999008983
735,0.6649420247413218,1.1153829982504249,0.583128014113754,98.92338904319331,7.385033008176833
736,0.637782970443368,1.1057659867219627,0.579168030526489,100.77756003011018,7.646273996215314
737,0.5236109718680382,1.0946959955617785,0.6019800202921033,107.59415297070518,7.651855004951358
738,0.5301429773680866,1.1560950079001486,0.6042919703759253,99.61306501645595,7.420766982249916
739,0.636823009699583,1.1356070172041655,0.5984650342725217,99.82876805588603,7.585977960843593
740,0.66413200693205,1.1239200248382986,0.5967270117253065,103.50480099441484,7.3576889699324965
741,0.5657240399159491,1.1065980070270598,0.5963449948467314,103.06127299554646,7.178301981184632
742,0.6603969959542155,1.135829952545464,0.5991759826429188,98.4305230085738,7.46311602415517
743,0.7094520260579884,1.1489239986985922,0.5915540386922657,104.31676200823858,7.245606044307351
744,0.6640499923378229,1.1469040182419121,0.5972679937258363,106.53244500281289,7.302329002413899
745,0.6945429486222565,1.11102603841573,0.5775140016339719,98.43763400567695,7.677408982999623
746,0.6849609781056643,1.1262079933658242,0.634163967333734,104.84482900938019,7.5635359971784055
747,0.6625389796681702,1.131837023422122,0.5886359722353518,100.19951697904617,7.305384031496942
748,0.6419099518097937,1.2163459905423224,0.599679013248533,101.37260699411854,7.5576319941319525
749,0.6154060247354209,1.1085360310971737,0.591085001360625,103.58886804897338,7.346662983763963
750,0.6408009794540703,1.095325977075845,0.5984389572404325,99.80042395181954,7.28282198542729
751,0.6244810065254569,1.554782036691904,0.5935779772698879,100.45297199394554,7.386541983578354
752,0.6508640362881124,1.1191549710929394,0.5775190074928105,105.48075899714604,7.369209022726864
753,0.6712400354444981,1.1552019859664142,0.5939340335316956,99.14573200512677,7.409792975522578
754,0.516087980940938,1.1252699769102037,0.5854549817740917,100.58982798364013,7.639895018655807
755,0.6844170275144279,1.1622169986367226,0.6036100094206631,104.45622098632157,7.305009989067912
756,0.6513879634439945,1.1490570032037795,0.5979560082778335,113.99526201421395,7.2090160101652145
757,0.6662899977527559,1.1279259924776852,0.5906909937039018,99.71102001145482,7.592779991682619
758,0.7201099651865661,1.0714660165831447,0.5752720171585679,107.49352298444137,7.444556977134198
759,0.6589679978787899,1.163975044619292,0.6004340248182416,104.14490301627666,7.506989990361035
760,0.620485981926322,1.1084479629062116,0.5937960231676698,99.86027999548241,7.642434968147427
761,0.6394319934770465,1.1701429612003267,0.6013800157234073,104.34380604419857,7.7097120229154825
762,0.6812859792262316,1.1360880453139544,0.6565750227309763,117.06721701193601,7.6073799864389
763,0.6550460238941014,1.1091260239481926,0.597883015871048,99.65102304704487,7.699203968513757
764,0.6514140404760838,1.1483909911476076,0.6040759617462754,103.65722799906507,7.466509006917477
765,0.635592034086585,1.1206510243937373,0.6129140383563936,105.24454899132252,7.282108999788761
766,0.5707630189135671,1.1191709781996906,0.5998110282234848,99.88583199447021,7.685857999604195
767,0.6452030502259731,1.1221350287087262,0.5955700180493295,103.92857796978205,7.5580410193651915
768,0.6293479818850756,1.9542700028978288,0.6197119946591556,108.62797900335863,7.574952964205295
769,0.651464972179383,1.1757700121961534,0.7534240139648318,103.62937499303371,7.770180993247777
770,0.6980180041864514,1.1744360090233386,0.5851730238646269,104.60574203170836,6.350679963361472
771,0.5413140170276165,1.1236370191909373,0.6223529926501215,99.26602395717055,7.464130001608282
772,0.5629530060105026,1.1125169694423676,0.6198660121299326,101.85294499387965,7.589013024698943
773,0.6560960318893194,1.1424209806136787,0.6096949800848961,103.94735296722502,7.28292902931571
774,0.6443139864131808,1.1064799618907273,0.594368961174041,99.79982901131734,7.401262992061675
775,0.6306860013864934,1.1333170114085078,0.5991400103084743,103.39517099782825,7.503792992793024
776,0.7305819890461862,1.1357159819453955,0.6063320324756205,107.66658099601045,7.392411993350834
777,0.6440319702960551,1.1366099934093654,0.5786730325780809,100.15814797952771,7.353383989538997
778,0.6287620053626597,1.2211619759909809,0.5787609843537211,100.73890700004995,7.490515010431409
779,0.5318099865689874,1.1203489848412573,0.595115008763969,105.09545099921525,7.354943023528904
780,0.619474973063916,1.0992910247296095,0.6057749851606786,103.14354399451986,7.236850971821696
781,0.6168840336613357,1.1174039682373405,0.5821660161018372,103.32998604280874,7.508523995056748
782,0.5304599762894213,1.1936170049011707,0.591496005654335,108.85462001897395,7.348357001319528
783,0.6198869668878615,1.0873759747482836,0.579610001295805,106.57565196743235,7.314505986869335
784,0.5974749801680446,1.108222990296781,0.6449770298786461,100.51640000892803,7.566652027890086
785,0.6285699782893062,1.1171260266564786,0.6035969709046185,104.78022100869566,7.203430985100567
786,0.6264309631660581,1.0989109869115055,0.5926819867454469,109.36633800156415,7.244493986945599
787,0.6367950118146837,1.1212819954380393,0.5955229862593114,116.62251100642607,7.473685021977872
788,0.6355420337058604,1.112927042413503,0.6157740135677159,120.64183200709522,7.300848024897277
789,0.6341750267893076,1.0901860077865422,0.6066240021027625,103.76498498953879,7.2782139759510756
790,0.616267032455653,1.1720010079443455,0.6276540225371718,99.3580220383592,7.497039972804487
791,0.6648179842159152,1.128987001720816,0.6189800333231688,104.03821000363678,7.401541981380433
792,0.6706470157951117,1.100864028558135,0.600981991738081,104.35977397719398,7.261879974976182
793,0.6311379838734865,1.1273340205661952,0.6026740302331746,105.91899498831481,7.742378977127373
794,0.661589961964637,1.1269609676674008,0.5921139963902533,104.82820303877816,7.433213002514094
795,0.5639370065182447,1.1205670307390392,0.5807449924759567,117.18879302497953,7.302949030417949
796,0.6248269928619266,1.1506809969432652,0.5897910450585186,100.77188699506223,7.719092012848705
797,0.6474399706348777,1.1484670103527606,0.5958950496278703,105.16400699270889,7.453775033354759
798,0.6424059974960983,1.1007300345227122,0.6139539764262736,102.16361400671303,7.479234016500413
799,0.68372004898265,1.1068210005760193,0.604756991378963,106.93434299901128,7.475181017071009
800,0.648511981125921,1.156651007477194,0.6454929825849831,106.07209097361192,7.329532003495842
801,0.6698149954900146,1.0965310502797365,0.615336000919342,114.13519899360836,7.595872972160578
802,0.2580569707788527,0.6948820082470775,1.2008889461867511,130.20160200539976,0.4362200270406902
803,0.6152930436655879,0.9792670025490224,0.5406950367614627,92.74095698492602,7.764983980450779
804,0.6196480244398117,1.0856249718926847,0.5713599966838956,100.11680895695463,7.265973021276295
805,0.6273189792409539,1.191996969282627,0.5910069448873401,105.74033804005012,7.8880159999243915
806,0.6353820208460093,1.1206280323676765,0.6164769874885678,104.20005704509094,7.662477029953152
807,0.7139929803088307,1.1341459467075765,0.6127770175226033,99.41847500158474,7.259124016854912
808,0.6751039763912559,1.1489500175230205,0.6346710142679513,101.66846099309623,7.528215006459504
809,0.6566199590452015,1.125255017541349,0.6208170088939369,107.87257400806993,7.266602013260126
810,0.5679579917341471,1.1477640364319086,0.6222670199349523,98.09485299047083,7.185111986473203
811,0.6203550146892667,1.1518970131874084,0.5827739951200783,99.57141301129013,7.320636010263115
812,0.6415490061044693,1.129305048380047,0.6397630204446614,103.67570602102205,7.144552015233785
813,0.6520839524455369,1.107438001781702,0.5861929967068136,102.25455404724926,7.234594959300011
814,0.6175099988467991,1.1259119492024183,0.6193389999680221,98.67339296033606,7.520754006691277
815,0.6860640132799745,1.11513800220564,0.6014399696141481,103.10697101522237,7.311613007914275
816,0.6326459697447717,1.0840300237759948,0.5751390126533806,99.20900402357802,7.28117604739964
817,0.563204986974597,1.1107830214314163,0.6135249859653413,102.59796399623156,7.553267991170287
818,0.3130389959551394,0.7612349581904709,1.4999749837443233,168.1223229970783,0.4083969979546964
819,0.6219759816303849,0.935553980525583,0.5344629753381014,92.96384599292651,7.208499009720981
820,0.596795987803489,1.263465965166688,0.5912439664825797,98.88551203766838,7.663760043215007
821,0.6304249982349575,1.1456659995019436,0.5900849937461317,105.7868690113537,7.436259998939931
822,0.6762839620932937,1.5575989964418113,0.601545034442097,99.58730498328805,7.074385997839272
823,0.6126450025476515,1.1196889681741595,0.6017169798724353,100.56753596290946,7.552468974608928
824,0.6378070102073252,1.1171140358783305,0.5871100001968443,104.74073298973963,7.38965900382027
825,0.6245970143936574,1.1179869761690497,0.5895679933018982,114.49323600390926,7.339723000768572
826,0.2930599730461836,0.7854880532249808,1.7408750136382878,192.3441659891978,0.47608703607693315
827,0.6239249487407506,0.9723210241645575,0.5310829728841782,96.19401895906776,8.740221965126693
828,0.6127530359663069,1.1454069754108787,0.5640989984385669,100.10711796348915,7.364199031144381
829,0.6265499978326261,1.0809910017997026,0.5884999991394579,98.44796697143465,7.52655096584931
830,0.6645339890383184,1.1150589562021196,0.6049079820513725,106.52485897298902,7.120652997400612
831,0.6066919886507094,1.1338460026308894,0.5954449879936874,100.61166202649474,7.299450051505119
832,0.6267370190471411,1.1116079986095428,0.5815940094180405,98.80591998808086,7.581687998026609
833,0.3352849744260311,0.7640100084245205,1.8880530260503292,234.61630498059094,0.38185197627171874
834,0.6310540484264493,1.0458370088599622,0.5424160044640303,93.38497201679274,7.333034998737276
835,0.6400980055332184,1.1137810070067644,0.5919739487580955,102.62765298830345,7.48244603164494
836,0.6850649951957166,1.1774099548347294,0.6449989741668105,106.99843103066087,7.410367019474506
837,0.6427819607779384,1.1273049749433994,0.5935730296187103,98.66024903021753,7.241743034683168
838,0.7835959549993277,1.2618929613381624,0.581518979743123,100.18750897143036,7.421823975164443
839,0.6535360007546842,1.1112290085293353,0.8668210357427597,103.95108902594075,7.364778022747487
840,0.5294579896144569,1.1118190013803542,0.5975830135867,100.49250995507464,7.24267098121345
841,0.6370209739543498,1.1612449889071286,0.5864209961146116,102.3829749901779,7.440947985742241
842,0.6310429889708757,1.1495029903016984,0.5905550206080079,106.66798800230026,7.440546993166208
843,0.6062060128897429,1.1072329943999648,0.5814500036649406,99.81510497163981,7.61664699530229
844,0.5616419948637486,1.1154550011269748,0.5988409975543618,100.7434040075168,7.457353000063449
845,0.6193430162966251,1.151102944277227,0.5953049985691905,112.1695390320383,7.519637001678348
846,0.6317590014077723,1.3469739933498204,0.8334089652635157,105.0762859522365,7.574614020995796
847,0.644624000415206,1.1463600094430149,0.680941971950233,96.76885895896703,7.550998008809984
848,0.6978299934417009,1.114725018851459,0.6343479617498815,109.72255503293127,7.8008080017752945
849,0.6166009698063135,1.3200779794715345,0.784191011916846,108.24435198446736,7.422499009408057
850,0.5921729607507586,1.1901549878530204,0.6748000159859657,97.0184730249457,7.638345006853342
851,0.6126349908299744,1.1798420455306768,0.6018730346113443,105.50979903200641,7.326722028665245
852,0.6370620103552938,1.17802299791947,0.8341610082425177,106.15795996272936,7.57035001879558
853,0.5939899710938334,1.1130589991807938,0.5773359443992376,97.15538698947057,7.714288949500769
854,0.6315400241874158,1.1106449528597295,0.6156809977255762,104.87134096911177,7.376739988103509
855,0.5293219583109021,1.1416450142860413,0.6177119794301689,105.23105994798243,7.306220999453217
856,0.6211670115590096,1.0939629864878953,0.5959279951639473,101.01542196935043,7.46147200698033
857,0.6210040301084518,1.1189520009793341,0.5771249998360872,105.75869999593124,7.237406971398741
858,0.5672129918821156,1.1619250290095806,0.653557013720274,101.14194703055546,7.132722006645054
859,0.629046990070492,1.1374849709682167,0.5981079884804785,99.69157900195569,7.431019970681518
860,0.6416279939003289,1.1018439545296133,0.5985279567539692,106.5420099766925,7.360052026342601
861,0.6272629834711552,1.1684689670801163,0.623630010522902,101.81197698693722,7.25159200374037
862,0.6365139852277935,1.1714199790731072,0.5838879733346403,101.37841803953052,7.483700988814235
863,0.5712020210921764,1.1246050125919282,0.5832029855810106,106.17597197415307,7.227146998047829
864,0.6284329574555159,1.100303023122251,0.5939069669693708,112.112418981269,7.135491992812604
865,0.6004479946568608,1.0997740318998694,0.574040983337909,99.04444502899423,7.509002054575831
866,0.6679770303890109,1.1217609862796962,0.5932190106250346,108.7182040209882,7.249902992043644
867,0.6230229628272355,1.1504539870657027,0.603715016040951,99.69581000041217,7.605110004078597
868,0.641783990431577,1.0990879964083433,0.6000639987178147,99.98177801026031,7.65189400408417
869,0.746264006011188,1.1264780187048018,0.6002889713272452,105.50870397128165,7.14893703116104
870,0.6018380518071353,1.1340130004100502,0.606298039201647,105.62680999282748,7.105416036210954
871,0.6726980209350586,1.1267320369370282,0.5915369838476181,99.18613301124424,7.354550005402416
872,0.6222290103323758,1.1961570126004517,0.6010229699313641,105.74106202693656,7.255106000229716
873,0.613579002674669,1.1198080028407276,0.6003790185786784,115.75068096863106,7.3074299725703895
874,0.6749399472028017,1.1474009952507913,0.5831799935549498,110.06988800363615,7.488558010663837
875,0.38907898124307394,0.7855980074964464,2.166189020499587,255.67270000465214,0.39079796988517046
876,0.6179760093800724,0.9962070034816861,0.5391439772211015,90.48927202820778,7.099217036738992
877,0.6043289904482663,1.7702869954518974,0.6473310058936477,98.9396899822168,7.445217983331531
878,0.6164480000734329,1.2527360231615603,0.692680012434721,110.34199298592284,7.2927389992401
879,0.6372990319505334,1.154960016719997,0.6030320073477924,106.8723340285942,7.325892976950854
880,0.6459860014729202,1.183964021038264,0.5828170105814934,98.31606200896204,9.864991996437311
881,0.7279340061359107,1.1229480151087046,0.6009619683027267,105.57578399311751,7.246184046380222
882,0.6070049712434411,1.1685040080919862,0.5737509927712381,112.500777002424,7.638726034201682
883,0.4234269727021456,0.849838019348681,2.4821290280669928,332.0604070322588,0.5075809895060956
884,0.6471819942817092,1.0448540560901165,0.5728380056098104,93.24276901315898,7.476464030332863
885,0.6318709929473698,1.1066460283473134,0.5757189937867224,102.79232601169497,7.485795009415597
886,0.6230020080693066,1.1496410006657243,0.6032969686202705,101.4460630249232,7.556667027529329
887,0.7436280138790607,1.1508419993333519,0.5878119845874608,102.20375400967896,7.481268025003374
888,0.6099570309743285,1.123243011534214,0.6487300270237029,100.85883899591863,7.2969639440998435
889,0.6418679840862751,1.1411590385250747,0.6822560098953545,102.14772901963443,7.599083008244634
890,0.6171700078994036,1.1167770135216415,0.6076699937693775,102.44457697262987,7.344760000705719
891,0.6481129676103592,1.1142800212837756,0.5986149772070348,98.95529504865408,7.3508109780959785
892,0.6385099841281772,1.1076439986936748,0.5898000090382993,125.32695097615942,7.643297023605555
893,0.7017070311121643,1.1717579909600317,0.6043180474080145,115.32757396344095,7.581597950775176
894,0.6418190314434469,1.12974300282076,0.5883650155737996,99.86947797005996,7.414977997541428
895,0.6777140079066157,2.424852049443871,0.570389034692198,107.66084096394479,7.6745409751310945
896,0.645930995233357,1.1134999804198742,0.6028619827702641,108.18667599232867,7.620700052939355
897,0.6773100467398763,1.1172169470228255,0.6063579930923879,116.21984199155122,7.270606001839042
898,0.6175350281409919,1.1573589872568846,0.6442709709517658,103.8420430268161,7.7107539982534945
899,0.6330109899863601,1.4282679767347872,0.6146689993329346,103.01059199264273,7.411612954456359
900,0.641907041426748,1.1611459776759148,0.6004489841870964,100.800660031382,7.280359044671059
901,0.6376319797709584,1.2090499512851238,0.6245870026759803,98.99609402054921,7.624556019436568
902,0.6613949663005769,1.1763369548134506,0.6007080082781613,102.56639297585934,7.587167026940733
903,0.6537910085171461,1.18578301044181,0.6016240222379565,100.12051899684593,7.286078005563468
904,0.6488660001195967,1.1739989859052002,0.6036990089341998,99.23317702487111,7.752973004244268
905,0.7018890464678407,1.149653980974108,0.603934982791543,114.89959101891145,7.634965004399419
906,0.6379220285452902,1.71672401484102,0.611861003562808,115.97555998014286,7.442365982569754
907,0.6318030063994229,1.188369991723448,0.604158965870738,100.04603496054187,7.69438297720626
908,0.5764230154454708,1.1653770343400538,0.6004690076224506,117.05340701155365,7.454940001480281
909,0.567960029002279,1.1363119701854885,0.6000369903631508,100.61100998427719,7.6174839632585645
910,0.6467580096796155,1.1757930042222142,0.6451410008594394,99.34925095876679,7.590136025100946
911,0.6496160058304667,1.111272955313325,0.7782120374031365,106.97874397737905,7.623190991580486
912,0.6359190447255969,1.1372009757906199,0.5988469929434359,101.08063300140202,7.537064957432449
913,1.2774780043400824,1.1665920028463006,0.5854329792782664,99.03908899286762,7.5872609741054475
914,0.6369509501382709,1.138906052801758,0.594818964600563,102.93114796513692,7.497999991755933
915,0.6369760376401246,1.1809199932031333,0.6570910336449742,105.3333290037699,7.552785042207688
916,0.6144469953142107,1.1712760315276682,0.6210019928403199,100.09681299561635,7.68256897572428
917,0.7153319893404841,1.145741029176861,0.6219940260052681,110.14719400554895,7.573872979264706
918,0.6170409615151584,1.1280120234005153,0.6139259785413742,98.63477002363652,7.428464014083147
919,0.6143539794720709,1.217806013301015,0.6014489918015897,100.21127399522811,7.520558021496981
920,0.6452679517678916,1.136310980655253,0.6128450040705502,102.36247605644166,7.3744390392676
921,0.5310690030455589,1.1544139706529677,0.5835440242663026,100.19891598494723,7.2753410204313695
922,0.6053659599274397,1.1650859960354865,0.597956997808069,99.75636698072776,7.731876976322383
923,0.5546909524127841,1.1722699855454266,0.602216983679682,109.740732004866,7.444460992701352
924,0.7012580172158778,1.1677900329232216,0.5926470039412379,100.96416197484359,7.351020001806319
925,0.6210730061866343,1.1656790156848729,0.6434029783122241,120.7102460321039,7.6379249803721905
926,0.6393379881046712,1.1240500025451183,0.5867709987796843,104.77975301910192,7.60476099094376
927,0.5785379908047616,1.125900016631931,0.5848750006407499,101.4915689593181,7.552354014478624
928,0.6545930518768728,1.0841010371223092,0.5887739825993776,104.17563800001517,7.428171986248344
929,0.6828880286775529,1.141594024375081,0.6203219527378678,108.24931599199772,7.285878004040569
930,0.6151690031401813,1.1321409838274121,0.6080369930714369,99.51037203427404,6.99774402892217
931,0.6178260082378983,1.1034880299121141,0.5950239719823003,99.17250601574779,7.541295024566352
932,0.6362930289469659,1.1143169831484556,0.6075570126995444,105.3913839859888,7.250116963405162
933,0.6316500366665423,1.1454980121925473,0.6089310045354068,99.58812297554687,7.125490985345095
934,0.6984680076129735,1.0794069967232645,0.5976289976388216,101.6400539665483,7.589848013594747
935,0.5816339980810881,1.1284469510428607,0.586037989705801,104.8349910415709,7.59216898586601
936,0.6101579638198018,1.114274957217276,0.6244900287128985,102.29124402394518,7.37673498224467
937,0.649744994007051,1.0946420370601118,0.5773239536210895,99.81065202737227,7.543134968727827
938,0.7006130181252956,1.1133200023323298,0.6561580230481923,102.13737998856232,7.367916987277567
939,0.5490310140885413,1.1088080354966223,0.5762859946116805,105.26222595945,7.153052021749318
940,0.614131975453347,1.1063459678553045,0.5871889879927039,100.41990701574832,7.611732988152653
941,0.6213540327735245,1.1137370020151138,0.6069400114938617,100.79131199745461,7.344281999394298
942,0.5994990351609886,1.1456370120868087,0.6275390041992068,99.450865003746,7.238870020955801
943,0.5652949912473559,1.126640010625124,0.5991210346110165,101.66698397370055,7.573620008770376
944,0.6374680087901652,1.11127900891006,0.5953270010650158,107.01242298819125,7.477065024431795
945,0.6085170316509902,1.11483596265316,0.5787360132671893,100.33834399655461,7.202076958492398
946,0.6049699732102454,1.0870909900404513,0.5922889686189592,100.39834800409153,7.955055974889547
947,0.6785299628973007,1.1427180143073201,0.6318219820968807,107.80220094602555,7.541031984146684
948,0.6759599782526493,1.2481550220400095,0.5973319639451802,100.18383502028883,7.216015947051346
949,0.6305269780568779,1.0949029820039868,0.594259996432811,98.58310798881575,7.935022993478924
950,1.224430976435542,1.135279017034918,0.5928910104557872,101.27613495569676,7.221984036732465
951,0.6263129762373865,1.132322009652853,0.6087789661251009,100.64583900384605,7.513064949307591
952,0.44463202357292175,1.091409008949995,3.937812987715006,543.5750869801268,0.453502987511456
953,0.42637501610442996,0.938842014875263,3.418818989302963,446.2334359996021,0.44485897524282336
954,0.6103889900259674,1.0567400022409856,0.5528590409085155,93.53598003508523,7.364029006566852
955,0.6128440145403147,1.090015983209014,0.5701229674741626,99.23678199993446,7.812433992512524
956,0.6303019472397864,1.5618889592587948,0.6154350121505558,103.36867597652599,7.363992044702172
957,0.639546022284776,1.1809999705292284,0.6312259938567877,109.00129796937108,7.229455979540944
958,0.6131830159574747,1.0914609883911908,0.5816890043206513,98.617261974141,7.487050956115127
959,0.654757022857666,1.1401260271668434,0.627924979198724,104.17066398076713,7.116507971659303
960,0.6983850034885108,1.1268790112808347,0.5996690015308559,100.11025000130758,7.190336007624865
961,0.6246069679036736,1.075788983143866,0.5912519991397858,100.16743204323575,7.886661973316222
962,0.5719659966416657,0.971428002230823,4.545572970528156,607.776598946657,0.47318002907559276
963,0.6645719986408949,1.0204699938185513,0.5886669969186187,89.62072903523222,7.455117010977119
964,0.6377400131896138,1.117454026825726,0.5869619781151414,99.70371500821784,7.886638049967587
965,0.5781420040875673,1.1506869923323393,0.6217569462023675,103.77866501221433,7.53009197069332
966,0.6526090437546372,1.1185450130142272,0.6079270387999713,101.19224799564108,7.537875033449382
967,0.6500150193460286,1.1213209945708513,0.6106270011514425,98.69110595900565,7.70485500106588
968,0.6736660143360496,1.1565940221771598,0.5980629939585924,107.16146102640778,7.983363000676036
969,1.0663020075298846,0.8904639980755746,3.870418993756175,484.410882985685,0.44542603427544236
970,0.6751409964635968,0.9637000039219856,0.564296031370759,89.09797901287675,7.703302020672709
971,0.6666469853371382,1.107427990064025,0.6032940000295639,100.44396697776392,7.622468983754516
972,0.6600170163437724,1.1128889746032655,0.5949719925411046,100.38933297619224,7.475848018657416
973,0.6507410435006022,1.1248340015299618,0.5974369705654681,102.5046730064787,7.850916997995228
974,0.6852649967186153,1.1361120268702507,0.644360959995538,105.99205503240228,7.746592978946865
975,0.6769910105504096,1.1310279951430857,0.6044059991836548,99.01608497602865,7.657652022317052
976,0.6594269652850926,1.0973120224662125,0.5966310272924602,99.4581250124611,7.765838992781937
977,0.7188520394265652,1.1462229886092246,0.6071599782444537,102.54535597050563,7.809228030964732
978,0.6543920026160777,1.1556759709492326,0.6726720021106303,99.25299696624279,7.491114025469869
979,0.6735579809173942,1.0967249982059002,0.5908770253881812,98.21699903113768,7.819912978447974
980,0.7590620080009103,1.1327880201861262,0.6179840420372784,103.43742498662323,7.51328602200374
981,0.6756269722245634,1.132434990722686,0.6106090149842203,101.73329897224903,8.202917990274727
982,0.5143320304341614,0.9628999978303909,4.226603952702135,552.0592299872078,0.5085659795440733
983,0.6847640033811331,1.0247580357827246,0.5837809876538813,91.26636997098103,7.682021998334676
984,0.6483920151367784,1.6110609867610037,0.6136450101621449,99.25949497846887,7.6128190266899765
985,0.5851939786225557,1.1051089968532324,0.6185190286487341,98.28263201052323,7.836958975531161
986,0.7023870130069554,1.1683250195346773,0.6222460069693625,99.70053203869611,7.58753000991419
987,0.6861589499749243,1.1644290061667562,0.5941790295764804,101.02886101230979,7.444245973601937
988,0.6556209991686046,1.1285929940640926,0.6278050132095814,103.16940699703991,7.586370978970081
989,0.48483797581866384,1.1250850511714816,0.5976620013825595,98.14605896826833,7.513932010624558
990,1.0545930126681924,1.1234160047024488,0.6230180151760578,97.95116703025997,7.15100095840171
991,0.6383779691532254,1.0987929999828339,0.6083829794079065,98.12340699136257,7.387707009911537
992,0.6568420212715864,1.1744419462047517,0.6083049811422825,104.2324869777076,7.340175972785801
993,0.6260910304263234,1.1725230142474174,0.6365769659169018,105.04219902213663,7.150974008254707
994,0.6335959769785404,1.087856013327837,0.5804350366815925,97.71324298344553,7.378428999800235
995,0.6314979982562363,1.6262890421785414,0.6475489935837686,103.55146799702197,7.258502009790391
996,0.5935009685344994,1.1192249949090183,0.6106549990363419,103.93200704129413,7.382512965705246
997,0.6418920238502324,1.1202289606444538,0.6509509985335171,96.88053303398192,7.490491960197687
998,0.6543929921463132,1.11472699791193,0.6092920084483922,99.85274297650903,7.1924630319699645
999,0.571498996578157,1.2060010340064764,0.6107839872129261,100.00137198949233,7.269672001712024
1000,0.6719990051351488,1.128962030634284,0.5920589901506901,97.05501300049946,7.44098803261295
1001,0.6415719981305301,1.1355309979990125,0.6130269612185657,98.73274102574214,7.093043997883797
1002,0.6080719758756459,1.1215319973416626,0.6218450143933296,101.12602997105569,6.94690301315859
1003,0.6259660003706813,1.1427300050854683,0.6028619827702641,96.43160598352551,7.301031961105764
1004,0.6405659951269627,1.1378140188753605,0.6362830172292888,102.59520495310426,7.353212975431234
1005,0.6280289962887764,1.1143109877593815,0.6427200278267264,100.17888102447614,7.168260985054076
1006,0.571648997720331,1.1024210252799094,0.6008399650454521,96.36754897655919,7.417529006488621
1007,0.5745749804191291,1.12877698848024,0.6126530352048576,100.69100599503145,7.357192982453853
1008,0.62493298901245,1.1260079918429255,0.5835689953528345,98.23588200379163,7.067188969813287
1009,0.6170789711177349,1.09394098399207,0.5945350276306272,95.19807697506621,7.39853602135554
1010,0.6300620152615011,1.109756005462259,0.6029799696989357,102.99397597555071,7.247516012284905
1011,0.6242080125957727,1.1152380029670894,0.5858050426468253,101.29013698315248,7.062719960231334
1012,0.6310610333457589,1.107319025322795,0.6177139584906399,96.91631799796596,7.463969988748431
1013,0.6360659608617425,1.1349659762345254,0.6126149673946202,98.99197600316256,7.34182697487995
1014,0.6219610222615302,1.110234996303916,0.6030649528838694,98.46758597996086,7.096948043908924
1015,0.6378170219250023,1.0846119839698076,0.6001149886287749,98.2200099970214,7.367815007455647
1016,0.5675810389220715,1.1665599886327982,0.58696698397398,97.86348597845063,7.241537037771195
1017,0.6059890147298574,1.1989399790763855,0.5857669748365879,108.5255549987778,7.043611025437713
1018,0.6171200075186789,1.526526000816375,0.6088190129958093,96.54197498457506,7.425325980875641
1019,0.6469910149462521,1.12750701373443,0.8542019641026855,99.9530540429987,7.490600983146578
1020,0.5934890359640121,1.1742329807020724,0.6160879856906831,97.97796397469938,7.40586401661858
1021,0.6484289770014584,1.1303600040264428,0.6097370060160756,97.00339497067034,7.386628014501184
1022,0.6307950243353844,1.097818952985108,0.6125539657659829,102.04339702613652,7.1126490365713835
1023,0.6243560346774757,1.442459993995726,0.5992230144329369,98.4732480137609,7.029329019133002
1024,0.5877589574083686,1.0787450009956956,0.5799399805255234,99.3013689876534,7.434608996845782
1025,0.48837700160220265,1.1403929674997926,0.6045140326023102,110.96232902491465,7.0336200296878815
1026,0.6114250281825662,1.1229219962842762,0.5881459801457822,101.31737898336723,7.012374000623822
1027,0.6009390344843268,1.067598001100123,0.5751129938289523,95.86373897036538,7.234580989461392
1028,0.5952609935775399,1.0962620144709945,0.5820110091008246,103.3439559978433,7.0609399699606
1029,0.5857539945282042,1.1419879738241434,0.6115070427767932,98.85596699314192,7.0935930125415325
1030,1.3930120039731264,1.071202044840902,0.6054390105418861,96.30936000030488,7.2478720103390515
1031,0.602332002017647,1.1273410054855049,0.6329839816316962,110.31072796322405,7.086872996296734
1032,0.6078819860704243,1.1138780391775072,0.6044750334694982,96.91703697899356,6.891641009133309
1033,0.5329180276021361,1.1088830069638789,0.5804650136269629,95.76928400201723,7.010394998360425
1034,0.6074909470044076,1.0896530002355576,0.632857030723244,104.6294309780933,6.91692199325189
1035,0.5855449708178639,1.3307550107128918,0.6075110286474228,98.10212097363546,6.648366048466414
1036,0.5672789993695915,1.0946359834633768,0.6517770234495401,106.59019398735836,7.180140004493296
1037,0.5976869724690914,1.1164529714733362,0.6042460445314646,106.81499098427594,7.061858021188527
1038,0.5983060109429061,1.1285420041531324,0.6103480118326843,97.69537101965398,6.7981440224684775
1039,0.5972720100544393,1.0913519654422998,0.6087389774620533,99.92876404430717,7.182449975516647
1040,0.5478019593283534,1.105535018723458,0.6369879702106118,99.04568403726444,7.229657028801739
1041,0.580808031372726,1.227462023962289,0.6155800074338913,110.14474899275228,6.804381962865591
1042,0.6020070286467671,1.1015129857696593,0.6294299964793026,94.7578739724122,7.187452050857246
1043,0.6151190027594566,1.109010016079992,0.6155960145406425,101.7574539873749,7.226159970741719
1044,0.5824399995617568,1.1019950034096837,0.6044270121492445,96.82532894657925,7.184940972365439
1045,0.5705259973183274,1.1211370001547039,0.6015989929437637,99.04567000921816,7.229256967548281
1046,0.6039419677108526,1.074075000360608,0.6033480167388916,102.58460399927571,6.830983038526028
1047,0.5732529680244625,1.1160160065628588,0.6499569863080978,95.68914800183848,6.792972038965672
1048,0.572210003156215,1.0738580022007227,0.5639789742417634,94.35765200760216,7.037386007141322
1049,0.5999280256219208,1.1014720075763762,0.6659149657934904,99.52220902778208,6.871561985462904
1050,0.5823510000482202,1.1926550068892539,0.6517309811897576,99.91686197463423,6.770982989110053
1051,0.5938970134593546,1.082880946341902,0.5788140115328133,96.01270098937675,7.0900790160521865
1052,0.5882849800400436,1.1002449900843203,0.6152850110083818,111.37649999000132,6.936407997272909
1053,0.5891069886274636,1.1250060051679611,0.5912210326641798,96.23508999357,6.781533011235297
1054,0.583307002671063,1.0861560003831983,0.5939939874224365,98.03009801544249,6.985314015764743
1055,0.5977580440230668,1.0878700413741171,0.5932599888183177,97.78775199083611,6.863330956548452
1056,0.5900559481233358,1.0822020121850073,0.619031023234129,97.39362896652892,6.957443023566157
1057,0.5731869605369866,1.0772889945656061,0.597091973759234,94.32723099598661,7.02958699548617
1058,0.6072809919714928,1.1171139776706696,0.6217049667611718,101.17163299582899,7.008093991316855
1059,0.639500969555229,1.078822009731084,0.6001890287734568,100.13856599107385,6.893028970807791
1060,0.5707280361093581,1.14902900531888,0.5959240370430052,96.0150079918094,7.178691041190177
1061,0.5763969966210425,1.3947479892522097,0.6139560136944056,98.2290479587391,7.297640957403928
1062,0.612755015026778,1.1426430428400636,0.6357690435834229,95.26599897071719,6.688082998152822
1063,0.5866999854333699,1.0713979718275368,0.5961590213701129,106.41505901003256,6.85945397708565
1064,0.588094990234822,1.0755350231193006,0.6382699939422309,97.11076802341267,6.560560024809092
1065,0.6139969918876886,1.0979969520121813,0.5974849918857217,106.61013802746311,6.634793011471629
1066,0.5643509794026613,1.079339999705553,0.5879389937035739,96.1636410211213,6.91468600416556
1067,0.5760510102845728,1.0744949686340988,0.5929000326432288,97.17691299738362,6.588169955648482
1068,0.6016619736328721,1.1763409711420536,0.5898990202695131,97.08563599269837,6.671831011772156
1069,0.5593009991571307,1.0622229892760515,0.6091750110499561,97.85678400658071,7.007211970631033
1070,0.5909160245209932,1.0904629598371685,0.621945015154779,97.01605496229604,6.7280050134286284
1071,0.550128985196352,1.0639179963618517,0.5897969822399318,104.27495796466246,6.543734984006733
1072,0.5640839808620512,1.063192030414939,0.6026169867254794,97.56409894907847,6.967385008465499
1073,0.5749920383095741,1.095776038710028,0.6034569814801216,102.23622899502516,6.632509990595281
1074,0.5668899975717068,1.1070760083384812,0.567171024158597,94.18909903615713,6.669369991868734
1075,0.6059710285626352,1.0794969857670367,0.6080790190026164,104.80331000871956,6.796333007514477
1076,0.5609730142168701,1.0993459727615118,0.5893119960092008,110.76758604031056,6.753897003363818
1077,0.5598370335064828,1.0791129898279905,0.5811279988847673,105.81997100962326,6.639167957473546
1078,0.5611620144918561,1.0876929736696184,0.5896299844607711,94.08539294963703,6.905265036039054
1079,0.5937819951213896,1.0847969679161906,0.5871300236321986,98.64591102814302,6.807143043261021
1080,0.5725370137952268,1.0795630514621735,0.6076670251786709,97.54023601999506,6.732254987582564
1081,0.5811810260638595,1.1134759988635778,0.6471060332842171,94.44808098487556,6.879406049847603
1082,0.5637150024995208,1.0880900081247091,0.5863800179213285,102.28771698893979,6.612576020415872
1083,0.6242160452529788,1.0860040201805532,0.5730210104957223,94.58992502186447,6.522683019284159
1084,0.577408995013684,1.0894809965975583,0.5933849606662989,97.28774102404714,6.976626988034695
1085,0.6214069435372949,1.1719950125552714,0.6021379958838224,103.52437302935869,6.732734036631882
1086,0.5680759786628187,1.1106209713034332,0.5706429947167635,93.42721395660192,6.43568200757727
1087,0.5442819674499333,1.0684069711714983,0.6384849548339844,109.1535069863312,6.636739009991288
1088,0.5547530017793179,1.1408639838919044,0.5707999807782471,97.3786250106059,6.5012319828383625
1089,0.5336710019037127,1.125333015806973,0.5600929725915194,114.84791099792346,6.585409981198609
1090,0.5733759608119726,1.1005150154232979,0.5983239971101284,99.95325998170301,6.8312049843370914
1091,0.6364120054058731,1.0687479516491294,0.5965849850326777,100.24359100498259,6.6179969580844045
1092,0.5533219664357603,1.0813599801622331,0.5859549855813384,94.55168899148703,6.713566021062434
1093,0.594923971220851,1.095590996555984,0.5496080266311765,92.62627200223505,6.844989024102688
1094,0.5657729925587773,1.0823879856616259,0.5907079903408885,98.26761297881603,6.494678964372724
1095,0.5439859814941883,1.1000959784723818,0.5577040137723088,94.17719196062535,6.668053974863142
1096,0.5076470552012324,1.0787699720822275,0.5619999719783664,91.94378997199237,6.878379033878446
1097,0.5692829727195203,1.0760729783214629,0.5941400304436684,96.86550794867799,6.550426012836397
1098,0.5658169975504279,1.0960260406136513,0.6173189613036811,95.01640795497224,6.625455978792161
1099,0.49776898231357336,1.1007889988832176,0.5897950031794608,96.25944995786995,6.651900999713689
1100,0.5726279923692346,1.1064999853260815,0.5690790130756795,97.41153300274163,6.758598028682172
1101,0.6128909881226718,1.5365820145234466,0.5780349601991475,96.92135499790311,5.642580043058842
1102,0.457654008641839,1.1230060481466353,0.6110839894972742,100.94084101729095,7.122421986423433
1103,0.572176999412477,1.1097320239059627,0.5789029528386891,108.26920799445361,6.5735750249587
1104,0.565518974326551,1.0865090298466384,0.611444003880024,101.19966603815556,6.4442570437677205
1105,0.5464889691211283,1.1039060191251338,0.567060022149235,94.90808501141146,6.6870939917862415
1106,0.5679900059476495,1.083595969248563,0.579607964027673,113.27823298051953,6.7254710011184216
1107,0.5451370379887521,1.0586719727143645,0.5738139734603465,93.49626500625163,6.453401001635939
1108,0.5513739888556302,1.1236779973842204,0.5572759546339512,100.55541503243148,6.950688024517149
1109,0.5653820117004216,1.0785239865072072,0.5649480153806508,98.37589494418353,6.788453029002994
1110,0.5590140353888273,1.0745490435510874,0.5735959857702255,107.84555994905531,6.5103149972856045
1111,0.5483779823407531,1.0977460187859833,0.5742549546994269,97.087008995004,6.787671998608857
1112,0.5691949627362192,1.1441370006650686,0.5750639829784632,108.80087199620903,6.572874030098319
1113,0.5418210057541728,1.0704650194384158,0.5943049909546971,92.97406999394298,6.4650619751773775
1114,0.550650991499424,1.0521180229261518,0.5818379577249289,97.68204798456281,6.706058047711849
1115,0.5795389879494905,1.1186989722773433,0.6037299754098058,102.53517900127918,6.457509007304907
1116,0.5384539836086333,1.0530659928917885,0.5620860029011965,93.58730399981141,6.4324779668822885
1117,0.5710839759558439,1.093342958483845,0.5946200108155608,95.13686801074073,6.824349984526634
1118,0.5765070091001689,1.1575830285437405,0.6173850269988179,96.84452204965055,6.528506986796856
1119,0.5678089801222086,1.10684399260208,0.5720169865526259,93.07093394454569,6.449986016377807
1120,0.5361309740692377,1.063707983121276,0.572738004848361,93.58998900279403,6.846921984106302
1121,0.5521179991774261,1.1494460050016642,0.5786959663964808,97.07679995335639,6.691075977869332
1122,0.5532169598154724,1.098989974707365,0.5849769804626703,93.9688750077039,6.683494022581726
1123,0.5736169987358153,1.5143100172281265,0.5806609988212585,112.1227850089781,6.75205304287374
1124,0.5589430220425129,1.1363220401108265,0.5878189695067704,97.89821598678827,6.596983002964407
1125,0.5446959985420108,1.1249669478274882,0.5856050411239266,119.56799600739032,6.867723015602678
1126,0.5563929444178939,1.122377987485379,0.559471023734659,94.78730399860069,6.739462027326226
1127,0.5702319904230535,1.0859289905056357,0.6368289468809962,98.56061602476984,6.707067950628698
1128,0.6378869875334203,1.1642189929261804,0.5817670025862753,95.92466498725116,6.474445981439203
1129,0.5318000330589712,1.1293200077489018,0.5824719555675983,97.46414300752804,6.589611002709717
1130,0.5602749879471958,1.107103016693145,0.5850819870829582,98.35942200152203,6.550729973241687
1131,0.5608779611065984,1.097196014598012,0.5871269968338311,93.53073599049821,6.424686987884343
1132,0.5334489978849888,1.0978409554809332,0.5753800505772233,95.04970401758328,6.733120011631399
1133,0.5594859831035137,1.0962449596263468,0.5912689957767725,99.00005900999531,6.656751036643982
1134,0.5539830308407545,1.0434890282340348,0.5833550239913166,94.9314699973911,6.4024089951999485
1135,0.5620709853246808,1.1034609633497894,0.5631170351989567,94.28778197616339,6.617876002565026
1136,0.5355589673854411,1.1275089927949011,0.5778300110250711,99.43801496410742,6.527744990307838
1137,0.5616209818981588,1.0586939752101898,0.5670589744113386,106.9108410156332,6.498024973552674
1138,0.5977440159767866,1.1367150000296533,0.5563470185734332,94.70364602748305,6.957828998565674
1139,0.5603920435532928,1.1102479766122997,0.5819569923914969,97.13036200264469,6.602750043384731
1140,0.5654690321534872,1.1048649903386831,0.56582095567137,93.32139795878902,6.667765963356942
1141,0.5443849950097501,1.1613150127232075,0.582712993491441,96.02211596211419,6.872360012494028
1142,0.6498720031231642,1.1667650542221963,0.6029230426065624,100.4099790006876,6.266258016694337
1143,0.521626032423228,1.085539988707751,0.5806569824926555,91.80526004638523,6.487398990429938
1144,0.7580610108561814,1.162178989034146,0.6288349977694452,96.8949850066565,6.552322010975331
1145,0.5581140285357833,1.1420610244385898,0.5755280144512653,97.57061599520966,6.542294984683394
1146,0.5464350106194615,1.0984910186380148,0.556863029487431,94.29758304031566,6.381109997164458
1147,0.6275690393522382,1.1038549710065126,0.7014449802227318,96.09302197350189,6.659689010120928
1148,0.536791980266571,1.0909580159932375,0.59668900212273,96.46509902086109,6.525694043375552
1149,0.5391900194808841,1.109604025259614,0.561121036298573,93.08570303255692,6.246330041904002
1150,0.4930130089633167,1.2014630483463407,0.5479889805428684,92.83545997459441,6.598613050300628
1151,0.539630011189729,1.0748180211521685,0.5865929997526109,97.43062598863617,6.429334986023605
1152,0.5327659891918302,1.0625930153764784,0.5459890235215425,94.28145200945437,6.207566999364644
1153,0.5183030152693391,1.08979397919029,0.5785319954156876,95.01095401355997,6.473893998190761
1154,0.5365150282159448,1.1261400068178773,0.5755649763159454,101.99377196840942,6.4826710149645805
1155,0.5902730044908822,1.1376060429029167,0.5801969673484564,91.86623798450455,6.097664008848369
1156,0.5325519596226513,1.0913209989666939,0.5659069865942001,91.04228898650035,6.60444499226287
1157,0.6205170066095889,1.1058830423280597,0.5656160064972937,95.85700102616102,6.1852699727751315
1158,0.5244790227152407,1.0583759867586195,0.5523680010810494,92.20524301053956,6.374330027028918
1159,0.5087939789518714,1.1704170028679073,0.592096010223031,91.50033805053681,6.377279001753777
1160,0.5319110350683331,1.0807979851961136,0.614016957115382,101.75931896083057,6.246423989068717
1161,0.525023031514138,1.05545500991866,0.5466439761221409,92.47565700206906,5.982690025120974
1162,0.6130429683253169,1.1120120179839432,0.5569750210270286,92.294579022564,6.602657027542591
1163,0.523072958458215,1.1219079606235027,0.5700920009985566,102.28505695704371,6.173063011374325
1164,0.605622015427798,1.0545449913479388,0.5491769989021122,95.76660202583298,6.215984001755714
1165,0.5071749910712242,1.1317759635858238,0.5652349791489542,92.83406002214178,6.395685952156782
1166,0.5259370082058012,1.1026690481230617,0.5656879511661828,97.86229702876881,6.405981024727225
1167,0.5700499750673771,1.1575929820537567,0.5723020294681191,92.48043003026396,6.194927962496877
1168,0.5238360026851296,1.0744220344349742,0.5717279855161905,91.39501297613606,6.222647964023054
1169,0.535033002961427,1.1093519860878587,0.5485799629241228,96.06115100905299,6.154175964184105
1170,0.5228749942034483,1.0560770169831812,0.5520990234799683,95.42267600772902,6.033473007846624
1171,0.5151309887878597,1.1283429921604693,0.5763709777966142,92.71984902443364,6.368401984218508
1172,0.5281250341795385,1.1199479922652245,0.5542190046980977,100.17995402449742,6.303043977823108
1173,0.5166669725440443,1.0579390218481421,0.5963959847576916,93.05977099575102,6.812285049818456
1174,0.555364997126162,1.1220460291951895,0.5840819794684649,93.16417598165572,6.406227999832481
1175,0.594636017922312,1.12888403236866,0.5907369777560234,101.31116001866758,6.478508992586285
1176,0.6125549552962184,1.1712510022334754,0.5965339951217175,94.22560001257807,6.1007930198684335
1177,0.5115670501254499,1.1031010071747005,0.5649829981848598,95.05313902627677,6.439360964577645
1178,0.523455033544451,1.0913369478657842,0.593622971791774,104.46066898293793,6.002729991450906
1179,0.5371629958972335,1.0913420119322836,0.5508909816853702,96.4970089844428,5.990312958601862
1180,0.49898901488631964,1.1358640040270984,0.5785020184703171,115.55342801148072,6.274395971558988
1181,0.5395570187829435,1.1011020396836102,0.5974779487587512,97.90219098795205,6.2264479929581285
1182,0.5242070183157921,1.0667599854059517,0.5684620118699968,93.15816900925711,6.08997797826305
1183,0.5231000250205398,1.130497024860233,0.5546140018850565,92.7905150456354,6.474536028690636
1184,0.675637973472476,1.186726032756269,0.5849989829584956,111.94566602353007,6.149374996311963
1185,0.5564489983953536,1.0686059831641614,0.5503629799932241,105.20438302773982,6.125318992417306
1186,0.5185790359973907,1.1931990156881511,0.5628140061162412,101.50460299337283,6.233753985725343
1187,0.5113130318932235,1.707045012153685,0.3624969976954162,101.82650596834719,6.265565054491162
1188,0.5296629969961941,1.0589130106382072,0.545457995031029,97.88986400235444,6.326386006549001
1189,0.5338970222510397,1.1008179862983525,0.5449969903565943,106.6653709858656,6.372892996296287
1190,0.5299669574014843,1.083031005691737,0.5559499841183424,100.49132502172142,6.163071026094258
1191,0.49869302893057466,1.0619109962135553,0.5705559742636979,92.75677904952317,6.2786200433038175
1192,0.5142500158399343,1.0970630100928247,0.5762509535998106,92.4202649621293,6.4207449904643
1193,0.5475990474224091,1.0865030344575644,0.629160029347986,96.90375800710171,6.121487007476389
1194,0.5309630068950355,1.0573890176601708,0.5543379811570048,93.7092259991914,6.070959032513201
1195,0.5564410239458084,1.1154679814353585,0.5618350114673376,92.27399696828797,6.293182959780097
1196,0.5221919855102897,1.1252360418438911,0.577593978960067,102.84805000992492,6.329739990178496
1197,0.5287110107019544,1.2535570422187448,0.5725010414607823,95.448361011222,6.254248030018061
1198,0.5245329812169075,1.1262039770372212,0.6261300295591354,105.08500802097842,6.537506997119635
1199,0.519454013556242,1.179585000500083,0.6075860001146793,100.77583498787135,6.072568998206407
1200,0.5015389760956168,1.168792019598186,0.6450809887610376,92.61734096799046,6.129344983492047
1201,0.5286930245347321,1.0978910140693188,0.48356299521401525,93.5383610194549,6.236587010789663
1202,0.5020090029574931,1.0980329825542867,0.5845849518664181,97.02177904546261,6.051304982975125
1203,0.5697180167771876,1.453367993235588,0.5589149659499526,92.67486195312813,5.923618038650602
1204,0.4981330130249262,1.0654829675331712,0.579796964302659,92.20371005358174,6.246600009035319
1205,0.48987800255417824,1.1062119738198817,0.5912120104767382,102.53179899882525,5.980169051326811
1206,0.4937460180372,1.0663410066626966,0.5605000187642872,106.74216598272324,5.905621976125985
1207,0.5056329537183046,1.1054109781980515,0.5621829768642783,92.76650997344404,6.214613968040794
1208,0.515600957442075,1.1412060121074319,0.5650190287269652,101.43308999249712,5.948909965809435
1209,0.49950298853218555,1.0511919972486794,0.5597890121862292,92.37977804150432,5.755986960139126
1210,0.5015930510126054,1.1049690074287355,0.5922099808230996,93.04526599589735,6.107868975959718
1211,0.5057580419816077,1.1001279926858842,0.5522920400835574,97.54694200819358,5.981541005894542
1212,0.5141440196894109,1.09969696495682,0.5449039745144546,91.84435702627525,5.943021969869733
1213,0.5033729830756783,1.286158978473395,0.5607089842669666,90.42460704222322,6.401647988241166
1214,0.610963033977896,1.1946270242333412,0.5781600484624505,96.34032502071932,5.894183996133506
1215,0.5614999681711197,1.0435639997012913,0.5571440560743213,92.30232296977192,5.763238004874438
1216,0.5020209937356412,1.0856129811145365,0.5809070426039398,93.15876796608791,6.124442035797983
1217,0.5156159750185907,1.1224140180274844,0.5810679867863655,97.02656301669776,5.793326999992132
1218,0.5099159898236394,1.0758119751699269,0.5547120235860348,92.54147903993726,5.601976008620113
1219,0.48987800255417824,1.1114159715361893,0.5632140091620386,92.56736002862453,6.016934989020228
1220,0.5189430085010827,1.0854019783437252,0.5525499582290649,96.29912400851026,5.8209639973938465
1221,0.48356998013332486,1.1810290161520243,0.570497999433428,93.37988100014627,5.76797203393653
1222,0.4875169834122062,1.1592109804041684,0.5864260019734502,94.35317799216136,6.099043996073306
1223,0.5611280212178826,1.0717109544202685,0.6411459762603045,109.91011402802542,5.91320899548009
1224,0.5004010163247585,1.0782780009321868,0.5539639969356358,94.84655101550743,5.7170100044459105
1225,0.4847760428674519,1.2124479981139302,0.5672500119544566,104.01050100335851,5.979783018119633
1226,0.5098029505461454,1.0941200307570398,0.5559220444411039,95.84069700213149,5.908740044105798
1227,0.491432030685246,1.0410510003566742,0.5888050072826445,91.8297779862769,5.704201001208276
1228,0.487359007820487,1.1039890232495964,0.5716569721698761,93.0128030013293,5.853932991158217
1229,0.48833899199962616,1.4285999932326376,0.5705690127797425,97.26135799428448,5.974713014438748
1230,0.5059230024926364,1.1010710150003433,0.5102169816382229,102.84832597244531,5.941150011494756
1231,0.5017539951950312,1.0830689570866525,0.5924900178797543,103.08597894618288,6.189646024722606
1232,0.5506009911186993,1.1214870028197765,0.5663940100930631,95.66862502833828,5.954228981863707
1233,0.4861829802393913,1.0865069925785065,0.5693019484169781,91.12498199101537,6.059336010366678
1234,0.49999001203104854,1.0982530075125396,0.5623879842460155,92.72231499198824,6.0645840130746365
1235,0.5085300072096288,1.0858799796551466,0.5624580080620944,99.64758699061349,5.834215029608458
1236,0.4985759733244777,1.048482023179531,0.5580480210483074,94.96144799049944,5.775650031864643
1237,0.48866803990677,1.0834489949047565,0.5492319469340146,90.7644490362145,6.007316987961531
1238,0.4993799957446754,1.1199679574929178,0.5546669708564878,95.49483598675579,5.8565009967423975
1239,0.4840780165977776,1.0795810376293957,0.5894479691050947,91.94667398696765,5.826001986861229
1240,0.5515930242836475,1.095070969313383,0.6014579557813704,93.2732869987376,6.147434993181378
1241,0.6228359998203814,1.103357004467398,0.5881399847567081,95.38872796110809,5.934846994932741
1242,0.48527197213843465,1.0753209935501218,0.556892016902566,97.28193702176213,5.781684012617916
1243,0.49750995822250843,1.1043749982491136,0.56512001901865,90.62481397995725,6.4053869573399425
1244,0.5400250083766878,1.1580790160223842,0.5671990220434964,93.80336100002751,5.577097006607801
1245,0.5024319980293512,1.0443259961903095,0.5789980059489608,90.50098300212994,5.440366978291422
1246,0.497103959787637,1.0637869709171355,0.5511660128831863,106.96200100937858,5.866235005669296
1247,0.4856750019825995,1.1027489672414958,0.5507689784280956,94.70584196969867,5.636608984787017
1248,0.47012302093207836,1.0910829878412187,0.5637640133500099,91.39008302008733,5.638308997731656
1249,0.49087300430983305,1.122034969739616,0.5487310118041933,92.77573099825531,5.897224007640034
1250,0.5252049886621535,1.0378999868407845,0.5568349733948708,104.95385801186785,5.7934250216931105
1251,0.47136598732322454,1.0593989863991737,0.6315589998848736,91.46950102876872,5.6384940398857
1252,0.525769020896405,1.7341140192002058,0.5456670187413692,90.21469502476975,5.8892120141536
1253,0.49319100799039006,1.0317550040781498,0.5614120163954794,97.59589895838872,5.799575999844819
1254,0.5225230124779046,1.5516959829255939,0.589251983910799,108.99331199470907,5.531101021915674
1255,0.4731810186058283,1.0500170174054801,0.5479870014823973,91.27813903614879,5.619236035272479
1256,0.47336198622360826,1.0393499978818,0.5537159740924835,106.07623896794394,5.544366023968905
1257,0.5313609726727009,1.093086029868573,0.5595959955826402,112.7096299896948,5.23757201153785
1258,0.47186599113047123,1.058272027876228,0.5505179869942367,93.19380798842758,5.521150014828891
1259,0.4654359654523432,1.0580230155028403,0.5319190095178783,92.42673497647047,5.31318603316322
1260,0.4570030141621828,1.015850983094424,0.552479992620647,97.53949899459258,5.278121971059591
1261,0.4695059615187347,1.0505819809623063,0.5357079789973795,88.84110499639064,5.451698030810803
1262,0.4970470326952636,1.0969709837809205,0.576885009650141,91.68093797052279,5.2496090065687895
1263,0.44945901026949286,1.0409310343675315,0.5276320152916014,99.39834097167477,5.614661960862577
1264,0.4442669451236725,1.0737410048022866,0.5570629728026688,94.70614697784185,5.506857996806502
1265,0.47084398102015257,1.0583040420897305,0.6315169739536941,93.97623100085184,5.342310993000865
1266,0.47437299508601427,0.9889450157061219,0.5523830186575651,103.66384801454842,5.427272990345955
1267,0.4554979968816042,1.0696389945223927,0.5378489731810987,90.21283400943503,5.478103994391859
1268,0.48129900824278593,1.0780820157378912,0.5553659866563976,93.70482200756669,5.353368993382901
1269,0.45515497913584113,1.0365300113335252,0.5540120182558894,101.28112597158179,5.373645049985498
1270,0.5067149759270251,1.0218279785476625,0.5406260024756193,89.57435295451432,5.4411820019595325
1271,0.45101402793079615,1.0505359969101846,0.5469410098157823,93.40051299659535,5.246360960882157
1272,0.46459498116746545,1.039271999616176,0.5468910094350576,99.36708497116342,5.307241983246058
1273,0.5066299927420914,1.1255069985054433,0.5488469614647329,91.17759298533201,5.421374051366001
1274,0.46767701860517263,1.0543710086494684,0.5425640265457332,92.55387203302234,5.366440047509968
1275,0.5567159969359636,1.0324940085411072,0.5301160272210836,106.14024597452953,5.223639018367976
1276,0.4694610252045095,1.0552600142545998,0.5181279848329723,90.09463898837566,5.398900015279651
1277,0.4595720092765987,1.0468090185895562,0.544562004506588,94.72134296083823,5.323476972989738
1278,0.4682849976234138,1.0401360341347754,0.5517879617400467,96.68944403529167,5.306321021635085
1279,0.4525239928625524,1.0396760189905763,0.5691580008715391,92.00605802470818,5.421364039648324
1280,0.46236399793997407,1.0305530158802867,0.5740390042774379,96.0598950041458,5.268598033580929
1281,0.4611919866874814,1.0061130160465837,0.7366859936155379,100.00046400818974,5.0725750043056905
1282,0.4410219844430685,1.0505199898034334,0.5244070198386908,89.7465159650892,5.495784978847951
1283,0.5063110147602856,1.0842910269275308,0.6006100447848439,91.7234820080921,5.013467976823449
1284,0.4531519953161478,0.9878430282697082,0.5560180288739502,94.37549102585763,5.100957991089672
1285,0.42695499723777175,1.054043008480221,0.5215019918978214,87.82663999591023,5.20250597037375
1286,0.4616770311258733,1.0603300179354846,0.5548689514398575,94.83380697201937,5.299368989653885
1287,2.0127019961364567,1.0972209856845438,0.5395900225266814,107.60255804052576,5.204039975069463
1288,0.46886003110557795,1.058364985510707,0.539147004019469,88.9437660225667,5.023072997573763
1289,0.4579839878715575,1.0403890046291053,0.5957670509815216,90.52646800410002,5.864367994945496
1290,0.5437289946712554,1.0641589760780334,0.5562999867834151,94.13073695031926,4.353853990323842
1291,0.42207801016047597,0.9950409876182675,0.49639103235676885,86.42494300147519,4.387505003251135
1292,0.39890495827421546,1.0166540159843862,0.6314690108411014,85.61970602022484,4.286819021217525
1293,0.38375501753762364,1.0278010158799589,0.5010270397178829,93.40902196709067,4.563520022202283
1294,0.4224330186843872,1.0478119947947562,0.5216060089878738,87.78435102431104,4.145792045164853
1295,0.3824629820883274,1.001548022031784,0.5166340270079672,85.71261604083702,4.060408042278141
1296,0.4318240098655224,0.9852650109678507,0.49574696458876133,91.36398596456274,4.040175001136959
1297,0.3660389920696616,1.00281200138852,0.5118859698995948,85.78044397290796,4.200441006105393
1298,0.4069969872944057,1.0349879739806056,0.5221739993430674,87.45465101674199,4.138118994887918
1299,0.3956700093112886,1.0011690319515765,0.49970397958531976,94.5152299827896,3.956481989007443
1300,0.3780980478040874,0.9926380007527769,0.4921269719488919,82.32342597329989,4.213619977235794
1301,0.3776770317927003,1.004071964416653,0.5549199995584786,88.75699696363881,3.9986830088309944
1302,0.3805339802056551,0.9887100313790143,0.49938802840188146,88.9568849815987,3.990818979218602
1303,0.3661159425973892,0.9832509676925838,0.5569279892370105,86.26770501723513,4.166646976955235
1304,0.38548000156879425,0.9973690030165017,0.507047981955111,95.21677199518308,4.120361001696438
1305,0.3706509596668184,1.0058620246127248,0.498451991006732,91.53869701549411,3.9302639779634774
1306,0.36153901601210237,0.9770200122147799,0.4930580034852028,83.64757499657571,4.132290021516383
1307,0.38972595939412713,0.9782429551705718,0.4990320303477347,86.83972898870707,3.968305012676865
1308,0.3771510091610253,1.0201800032518804,0.5300609627738595,93.82592199835926,3.9827959844842553
1309,0.37815998075529933,1.0493710287846625,0.5235199932940304,85.52906999830157,4.187532002106309
1310,0.3934100386686623,1.038160000462085,0.5121449939906597,88.83776102447882,4.094360978342593
1311,0.37490599788725376,1.0033510043285787,0.5173849640414119,93.48420897731557,3.981419955380261
1312,0.39420597022399306,0.9867330081760883,0.5003669648431242,85.01009800238535,4.125493986066431
1313,0.39337697671726346,1.015739981085062,0.5044550052843988,86.89612295711413,4.020236025098711
1314,0.37589302519336343,1.0029089753516018,0.5156720289960504,96.78498795256019,4.143298021517694
1315,0.38147601298987865,0.9993640123866498,0.49222400411963463,88.13369501149282,4.123002989217639
1316,0.37448800867423415,1.3704000157304108,0.5184429464861751,87.01812301296741,3.9930309867486358
1317,0.3879940486513078,0.9841250139288604,0.5136670079082251,93.43654999975115,4.036386031657457
1318,0.36407698644325137,0.9971169638447464,0.5361019866541028,91.55612596077845,4.094933974556625
1319,0.3793569630943239,1.0172949987463653,0.5388520075939596,86.95053798146546,4.042681015562266
1320,0.3813789808191359,0.9815039811655879,0.5256119766272604,94.68660200946033,4.198891983833164
1321,0.4131919704377651,1.0448069660924375,0.5126900505274534,88.55073997983709,4.206746001727879
1322,0.4041569773107767,1.0149109875783324,0.560329994186759,86.57148201018572,4.139567026868463
1323,0.387849984690547,0.9873679955489933,0.5187910282984376,92.14126801816747,4.285310977138579
1324,0.37474901182577014,0.9575480362400413,0.49776898231357336,87.23192400066182,4.18060104129836
1325,0.3752380143851042,1.0077250190079212,0.5244420026428998,86.91764995455742,3.9944719756022096
1326,0.36930397618561983,0.9859499987214804,0.5097450339235365,105.69319099886343,4.057326004840434
1327,0.4040449857711792,1.0094409808516502,0.5016080103814602,84.44307197351009,4.1722930036485195
1328,0.45667600352317095,1.0294649982824922,0.49984699580818415,86.02353505557403,4.458379000425339
1329,0.4304309841245413,1.0102660162374377,0.5193239776417613,91.95201302645728,4.014838021248579
1330,0.3885009791702032,0.9904219768941402,0.517881999257952,84.9317240063101,4.16273798327893
1331,0.3784300060942769,1.013157016132027,0.531224999576807,95.50532099092379,4.040036990772933
1332,0.38236298132687807,0.9780409745872021,0.5078600370325148,107.88290499476716,3.918251022696495
1333,0.3787289606407285,0.9961019968613982,0.4921309882774949,84.88453202880919,4.12538304226473
1334,0.40056201396510005,0.9811360505409539,0.5043700220994651,87.45107601862401,4.39100299263373
1335,0.4363220068626106,0.9978259913623333,0.49960799515247345,92.70692797144875,3.6904540029354393
1336,0.3752170014195144,1.0002849739976227,0.5494729848578572,85.83304099738598,4.008355957921594
1337,0.3781680134125054,0.9836530080065131,0.4996670177206397,86.41308598453179,3.825437044724822
1338,0.40820101276040077,0.990447006188333,0.518588989507407,94.88891600631177,3.769723989535123
1339,0.36073802039027214,0.9931079694069922,0.5040179821662605,82.24673103541136,3.933905973099172
1340,0.36956602707505226,0.9838030091486871,0.5366799887269735,86.65799297159538,3.790847025811672
1341,0.37263002013787627,0.9604299557395279,0.514368002768606,92.04055200098082,3.757765982300043
1342,0.3755830111913383,1.000127987936139,0.5029980093240738,85.63209301792085,3.8991220062598586
1343,0.3746679867617786,0.9584380313754082,0.4912639851681888,88.76618300564587,3.8503410178236663
1344,0.3512559924274683,0.9692840394563973,0.5083670257590711,90.60991602018476,3.60788096440956
1345,0.34891499672085047,0.985515012871474,0.49606600077822804,84.80809099273756,3.8626259774900973
1346,0.3617730108089745,0.9474119869992137,0.49138901522383094,87.50436798436567,3.799470025114715
1347,0.3600800409913063,1.0071260039694607,0.49893202958628535,91.23685804661363,3.7107350071892142
1348,0.34893403062596917,0.9992080158554018,0.5104659940116107,91.51608496904373,3.9947499753907323
1349,0.3749420284293592,0.9768339805305004,0.5091530038043857,84.82357405591756,3.8090060115791857
1350,0.3530510002747178,0.9857960394583642,0.5203379550948739,90.82834998844191,3.6785270203836262
1351,0.3634680178947747,1.0037639876827598,0.4950090078637004,84.01836099801585,3.996517974883318
1352,0.4292899975553155,1.008049992378801,0.5050980253145099,87.02327602077276,3.690243000164628
1353,0.3576180315576494,0.9788069874048233,0.4982380196452141,90.33151698531583,3.5599819966591895
1354,0.339763006195426,0.9945619967766106,0.5062069976702332,83.73741002287716,3.7307210150174797
1355,0.36482902942225337,0.9717389475554228,0.4879260086454451,85.56234097341076,3.608383995015174
1356,0.3658049972727895,1.0300760040991008,0.5103949806652963,90.85818502353504,3.7848519859835505
1357,0.3614549641497433,1.7866940470412374,0.4919450148008764,96.90371400211006,3.8632240029983222
1358,0.3900210140272975,0.9859290439635515,0.4871920100413263,98.87758502736688,3.7430389784276485
1359,0.37070002872496843,0.9970879764296114,0.5225379718467593,112.02018603216857,3.815028991084546
1360,0.375300005543977,0.981924997176975,0.5604170146398246,85.18500701757148,3.780810977332294
1361,0.3667940036393702,0.9521290194243193,0.5432910402305424,102.10036300122738,3.7364240270107985
1362,0.35471899900585413,1.0273809893988073,0.5055340006947517,98.56379305711016,3.878862946294248
1363,0.3893550019711256,0.9886010084301233,0.49435102846473455,80.99189202766865,3.773273027036339
1364,0.3779300022870302,0.962905993219465,0.5276490119285882,84.62418097769842,3.6993829999119043
1365,0.34674600465223193,1.0427689994685352,0.5688330275006592,93.96954101976007,3.8371389964595437
1366,0.3577240277081728,0.9662630036473274,0.47892500879243016,80.3930499823764,3.8896609912626445
1367,0.37378602428361773,0.982033961918205,0.4979969817213714,85.06272902013734,3.8052250165492296
1368,0.3613749868236482,0.9868950000964105,0.4890040145255625,98.300177953206,3.797677985858172
1369,0.34987099934369326,1.090087986085564,0.5523450090549886,101.85025300597772,3.9111169753596187
1370,0.400075048673898,1.0073509765788913,0.5126289906911552,87.48268097406253,3.6551819648593664
1371,0.36021502455696464,0.9602259960956872,0.5104090087115765,93.39128999272361,3.6196449655108154
1372,0.3551520057953894,0.9610849665477872,0.512608967255801,88.3224899880588,3.7859620060771704
1373,0.36604696651920676,0.943474005907774,0.5454909987747669,86.48927795002237,3.612046013586223
1374,0.336218043230474,0.966150953900069,0.5018090014345944,106.46326199639589,3.6935399984940886
1375,0.3617090405896306,0.9482300374656916,0.4741039592772722,83.16502498928457,3.7035580025985837
1376,0.3424449823796749,0.9577680029906332,0.4867770476266742,87.16258400818333,3.570319968275726
1377,0.35030103754252195,0.946539978031069,0.4962870152667165,89.202783012297,3.421973960939795
1378,0.32566202571615577,0.973809976130724,0.4931639996357262,83.56169395847246,3.699336026329547
1379,0.3594369627535343,0.9754729690030217,0.4946520202793181,88.10132800135761,3.572695015463978
1380,0.373723974917084,1.004496996756643,0.48712402349337935,107.58944100234658,3.5376239684410393
1381,0.3398330300115049,0.9671539883129299,0.49420498544350266,88.15659198444337,3.717620042152703
1382,0.3642340307123959,0.9636949980631471,0.4864599904976785,85.92599001713097,3.6210519610904157
1383,0.3327879821881652,0.9718279470689595,0.5034239729866385,95.3036910505034,3.549704037141055
1384,0.38758100708946586,0.9762659901753068,0.5012470064684749,83.97426299052313,3.6705430247820914
1385,0.35825499799102545,0.9948969818651676,0.4976990167051554,85.92362399213016,3.512148978188634
1386,0.3365339944139123,1.003882964141667,0.5067600286565721,91.75906702876091,3.5540839890018106
1387,0.3412520163692534,0.9513900149613619,0.5077699897810817,82.50183804193512,3.6936820251867175
1388,0.3424930036999285,0.9683669777587056,0.4844669601880014,85.90324898250401,3.6027110181748867
1389,0.3439589636400342,0.9693779866211116,0.4958090139552951,91.61276795202866,3.5786909866146743
1390,0.3378469846211374,0.9574959985911846,0.4974729963578284,83.19723303429782,3.75667295884341
1391,0.3398399567231536,0.9690989973023534,0.481670955196023,85.50815697526559,3.536487987730652
1392,0.333413016051054,0.9843120351433754,0.4877980099990964,91.77377301966771,3.5063980030827224
1393,0.38186402525752783,0.9829869959503412,0.505036034155637,86.49386098841205,3.7415739498101175
1394,0.3469560178928077,0.9983800118789077,0.5140379653312266,104.69173395540565,3.675360989291221
1395,0.33746304688975215,1.0419819736853242,0.5231209797784686,91.8182649766095,3.5486459964886308
1396,0.34289300674572587,0.9580779587849975,0.5107899778522551,106.60708299838006,3.7173659657128155
1397,0.36052102223038673,0.9582600323483348,0.4835419822484255,86.80318499682471,3.5887419944629073
1398,0.3350540064275265,0.9826040477491915,0.511386024300009,92.35322300810367,3.514742013067007
1399,0.33134501427412033,0.9685670374892652,0.49402896547690034,84.45772103732452,3.88683401979506
1400,0.40213100146502256,1.0091629810631275,0.5167610361240804,86.12101397011429,3.487762005534023
1401,0.33370201708748937,0.973850954324007,0.4872339777648449,91.00000199396163,3.3589330269023776
1402,0.31877600122243166,0.9512790129519999,0.5205670022405684,87.58299704641104,3.470264025963843
1403,0.34001399762928486,0.963347963988781,0.5514799850061536,87.39104896085337,3.4947989624924958
1404,0.3429839853197336,0.9596360032446682,0.5571260116994381,90.76507802819833,3.4747750032693148
1405,0.32531999750062823,0.9842879953794181,0.5058699753135443,82.30007399106398,3.5980489919893444
1406,0.34036795841529965,0.9863110026344657,0.5037980154156685,96.50499402778223,3.621848998591304
1407,0.3537649754434824,0.974341994151473,0.4935690085403621,95.50483198836446,3.6003029672428966
1408,0.34635700285434723,0.967429019510746,0.4888279945589602,85.88972798315808,3.6146299680694938
1409,0.3385739983059466,0.9547109948471189,0.5013089976273477,83.2644350011833,3.6774970358237624
1410,0.4111669841222465,1.0129130096174777,0.4953279858455062,91.05897997505963,3.4185749827884138
1411,0.3254429902881384,0.959761964622885,0.4996189964003861,84.20228696195409,3.484272980131209
1412,0.3314809873700142,0.9960820316337049,0.5071969935670495,97.7975390269421,3.43484798213467
1413,0.3252010210417211,0.9711599559523165,0.5230840179137886,95.12244997313246,3.4533250145614147
1414,0.3823329461738467,1.0055419988930225,0.4862810019403696,84.88575997762382,3.5202400176785886
1415,0.37102901842445135,0.9740699897520244,0.5083330324850976,84.917209984269,3.349992970470339
1416,0.36603398621082306,0.9907970088534057,0.2602729946374893,96.25019103987142,3.4019359736703336
1417,0.3428840427659452,0.9549109963700175,0.5088570178486407,82.67999300733209,3.4651560126803815
1418,0.3416670369915664,0.954240036662668,0.5110769998282194,82.0094799855724,3.4947479725815356
1419,0.32812898280099034,1.053138985298574,0.2471249899826944,98.57899002963677,3.494383010547608
1420,0.3482250031083822,0.9408260229974985,0.5248860106803477,84.56592098809779,3.4937100135721266
1421,0.33590401289984584,0.9638880146667361,0.4941460210829973,98.88166800374165,3.539533994626254
1422,0.35702099557965994,0.9743120172061026,0.27759396471083164,113.66721300873905,3.3983539906330407
1423,0.32420497154816985,0.9541499894112349,0.5219900049269199,86.45576104754582,3.487333015073091
1424,0.3784039872698486,0.9665929828770459,0.5064340075477958,88.96502404240891,3.3916360116563737
1425,0.34449901431798935,1.0177349904552102,0.49624399980530143,92.05646300688386,3.294778987765312
1426,0.32155803637579083,0.9732979815453291,0.5627620266750455,92.01521700015292,3.438963962253183
1427,0.32880203798413277,0.9758049855008721,0.5220189923420548,84.24439199734479,3.4389980137348175
1428,0.3325039870105684,0.9580929763615131,0.505625968798995,92.11422101361677,3.1810650252737105
1429,0.3252360038459301,0.9861839935183525,0.4746380145661533,82.6617709826678,3.5160050028935075
1430,0.35451201256364584,0.9818840189836919,0.4785530036315322,96.87962802127004,3.4012600081041455
1431,0.3367439494468272,1.1066420120187104,0.5307979881763458,89.93720501894131,3.3352060127072036
1432,0.34687004517763853,0.9470650111325085,0.5019120289944112,83.67786597227678,3.4893780248239636
1433,0.3430439974181354,0.9686379926279187,0.4942699451930821,84.50371999060735,3.2915620249696076
1434,0.323103042319417,0.9410380152985454,0.4862070200033486,89.18717497726902,3.3657539752312005
1435,0.313644006382674,0.9595339652150869,0.47150597674772143,84.47149797575548,3.505318018142134
1436,0.34244603011757135,0.9858770063146949,0.5239919992163777,82.9996460233815,3.533860028255731
1437,0.364390027243644,1.0313060483895242,0.5558400298468769,90.39403300266713,3.1811270164325833
1438,0.3154869773425162,0.948294997215271,0.47348899533972144,83.54206598596647,3.493856987915933
1439,0.3386380267329514,0.9620729833841324,0.5105860182084143,83.25724099995568,3.279052034486085
1440,0.3573040012270212,1.023966004140675,0.5115719977766275,89.35235004173592,3.017377050127834
1441,0.3164759837090969,0.9548719972372055,0.4815050051547587,84.2622920172289,3.207120986189693
1442,0.30321697704494,0.9663319797255099,0.5029609892517328,80.89724299497902,3.116412030067295
1443,0.30292500741779804,1.018695009406656,0.4835519939661026,90.42707202024758,3.072524967137724
1444,0.300933956168592,0.992237008176744,0.4767740028910339,88.88071600813419,3.1985449604690075
1445,0.3244099789299071,0.9620670462027192,0.5027179722674191,84.38035898143426,3.2459479989483953
1446,0.3158700419589877,0.9535709978081286,0.5599129945039749,88.64548796555027,2.954882977064699
1447,0.29196799732744694,0.945717969443649,0.4721930017694831,83.48626596853137,3.334334003739059
1448,0.30614796560257673,0.9620629716664553,0.49902801401913166,80.5618209997192,3.140415996313095
1449,0.322427018545568,0.9374539949931204,0.4774510161951184,89.38778802985325,2.940157020930201
1450,0.3244900144636631,1.5419689589180052,0.4878710024058819,82.19064300647005,3.1953169964253902
1451,0.30289305141195655,0.962605990935117,0.5070670158602297,83.03346199681982,3.1599010108038783
1452,0.30357803916558623,0.9841779829002917,0.488442019559443,88.38715997990221,3.289140004198998
1453,0.31052203848958015,0.960742007009685,0.4696199903264642,83.99194601224735,3.287323983386159
1454,0.3373379586264491,0.9694159962236881,0.49464701442047954,81.27744699595496,3.2833360019139946
1455,0.3694299957714975,1.0193390189670026,0.5351779982447624,91.26342495437711,3.007602004799992
1456,0.29484304832294583,0.9400370181538165,0.4629509639926255,81.76031999755651,3.240359015762806
1457,0.3638389753177762,1.034072949551046,0.48738298937678337,90.79155197832733,2.8189850272610784
1458,0.27911702636629343,0.9502180037088692,0.4793319967575371,92.3944020178169,2.731071028392762
1459,0.27768698055297136,0.9185950038954616,0.4834950086660683,97.89167699636891,3.1120849889703095
1460,0.3572619752958417,1.0239050025120378,0.5276569863781333,86.468686000444,2.695242001209408
1461,0.2780139911919832,0.9388289763592184,0.48473296919837594,89.0264849876985,2.6578630204312503
1462,0.27649494586512446,0.9247540147043765,0.49584900261834264,82.679724029731,2.8598009957931936
1463,0.2707070088945329,0.94997399719432,0.4716159892268479,81.93453203421086,2.673323033377528
1464,0.295001023914665,0.9418139816261828,0.46184303937479854,91.04185499018058,2.9155489755794406
1465,0.8950980263762176,1.063794014044106,0.47789502423256636,82.34357100445777,2.7405759901739657
1466,0.2939369878731668,0.9531749528832734,0.49183901865035295,82.64918701024726,2.5012989644892514
1467,0.25744596496224403,0.9255839977413416,0.45753602171316743,91.00112598389387,2.4092310341075063
1468,0.250798009801656,0.9118109592236578,0.470058002974838,81.3677620026283,2.6721579488366842
1469,0.2943669678643346,0.9632140281610191,0.47748704673722386,82.92990399058908,2.445346035528928
1470,0.25637203361839056,0.9383729775436223,0.4620179533958435,91.54797595692798,2.4995969724841416
1471,0.25418499717488885,0.9495699778199196,0.48539595445618033,88.14632700523362,2.6698430301621556
1472,0.25840301532298326,0.933050992898643,0.4546790150925517,82.92379503836855,2.51781998667866
1473,0.2923299907706678,0.9929549996741116,0.4676440148614347,87.32532698195428,2.262372989207506
1474,0.24531601229682565,0.9384049917571247,0.26664702454581857,83.2096139783971,2.673040027730167
1475,0.26098801754415035,0.9133479907177389,0.4561200039461255,84.91631801007316,2.439777017571032
1476,0.24489499628543854,0.9353019995614886,0.4893229925073683,106.30585497710854,2.3596910177730024
1477,0.26515498757362366,0.9455080144107342,0.2680320176295936,86.63996396353468,2.499688998796046
1478,0.25475601432844996,0.9399789851158857,0.4516979679465294,83.82257301127538,2.3428660351783037
1479,0.2403259859420359,0.9098289883695543,0.46659400686621666,86.3192219985649,2.2603640099987388
1480,0.24417199892923236,0.9893659735098481,0.25910005206242204,85.64902795478702,2.4890959612093866
1481,0.2568390336818993,0.9355469956062734,0.48413698095828295,88.90152198728174,2.3857609485276043
1482,0.24327897699549794,0.9186930255964398,0.4676990211009979,90.48657998209819,2.2795950062572956
1483,0.24530204245820642,0.9328409796580672,0.25437999283894897,88.941199996043,2.4295179755426943
1484,0.2699820324778557,0.9292969480156898,0.48588996287435293,84.18285904917866,2.4512920062988997
1485,0.2837710198946297,0.9156150044873357,0.45738101471215487,87.17497199540958,2.323093998711556
1486,0.25114702293649316,0.954303948674351,0.2386640408076346,85.69626096868888,2.4666619719937444
1487,0.2467940212227404,0.9246909758076072,0.5255549913272262,83.84158002445474,2.415653027128428
1488,0.2373289898969233,0.9131950209848583,0.4499100032262504,88.83173199137673,2.275014005135745
1489,0.2307420363649726,0.9253000025637448,0.22991298465058208,87.33425999525934,2.4144540075212717
1490,0.26957300724461675,0.9704310214146972,0.47786900540813804,82.84421399002895,2.36142601352185
1491,0.27075601974502206,0.9164649527519941,0.48769201384857297,88.36948097450659,2.3330270196311176
1492,0.25751901557669044,0.9241660009138286,0.21963997278362513,82.84660399658605,2.437516988720745
1493,0.2488599857315421,0.9334239875897765,0.4541460075415671,81.10902499174699,2.4459640262648463
1494,0.7137810462154448,0.9822370484471321,0.45974901877343655,88.45738699892536,2.2575120092369616
1495,0.23202999727800488,0.9191739954985678,0.22476399317383766,84.22129100654274,2.419569995254278
1496,0.31022197799757123,0.9145790245383978,0.4600340034812689,84.10468499641865,2.3877909989096224
1497,0.2369909780099988,1.0967240086756647,0.47135696513578296,89.27203697385266,2.218794950749725
1498,0.2264839713461697,0.915038981474936,0.24159200256690383,87.25817000959069,2.339858969207853
1499,0.3018719726242125,0.9446580079384148,0.4517170018516481,81.30273997085169,2.2588620195165277
1500,0.22478698519989848,0.932335969991982,0.46715099597349763,87.78325997991487,2.22638197010383
1501,0.22476701997220516,0.9244320099242032,0.23174501257017255,85.45756200328469,2.386100997682661
1502,0.24166196817532182,0.9831279749050736,0.4569320008158684,83.71060201898217,2.3831420112401247
1503,0.2561380388215184,0.9784039575606585,0.44953898759558797,91.9206190155819,2.2269769688136876
1504,0.22768997587263584,0.9142130147665739,0.2368249697610736,84.7241329611279,2.427328028716147
1505,0.23481703829020262,0.9345590369775891,0.4836599691770971,85.7132810051553,2.5779149727895856
1506,0.7061180076561868,0.9992760024033487,0.4749440122395754,95.79817100893706,2.0421459921635687
1507,0.2517609973438084,0.9086210047826171,0.2180740120820701,86.39565098565072,2.156778995413333
1508,0.22849399829283357,0.9128719684667885,0.4623339627869427,82.66271196771413,1.9835099810734391
1509,0.23597298422828317,0.9488890063948929,0.44579297536984086,87.78811397496611,2.0155839738436043
1510,0.22375903790816665,0.9204059606418014,0.23583101574331522,83.89193197945133,2.0810909918509424
1511,0.24888297775760293,0.9640770149417222,0.4743079771287739,95.04707402084023,2.019333012867719
1512,0.22010999964550138,0.9306819993071258,0.46560203190892935,87.99935900606215,2.067533030640334
1513,0.2233500126749277,0.8938779938034713,0.23477902868762612,82.42882497143,2.140403026714921
1514,0.2540710265748203,0.9028789936564863,0.44760602759197354,83.53348798118532,2.117016992997378
1515,0.23147801402956247,0.9004290332086384,0.4721580189652741,88.37349602254108,1.9911950221285224
1516,0.21969800582155585,0.9187430259771645,0.2361680381000042,85.00417502364144,2.1525880438275635
1517,0.22817699937149882,0.9118159650824964,0.4894440062344074,85.41703596711159,2.031393989454955
1518,0.2254190039820969,0.9037950076162815,0.521054957062006,89.33602395700291,1.9803870236501098
1519,0.2265759976580739,0.9109699749387801,0.23973698262125254,84.0364929754287,2.1619609906338155
1520,0.24032394867390394,0.885860004927963,0.4383400082588196,82.73715496761724,2.0018869545310736
1521,0.21252897568047047,1.0286819888278842,0.45208295341581106,97.1925450139679,1.9930860144086182
1522,0.22057397291064262,0.917766010388732,0.21911796648055315,95.20321502350271,2.143206016626209
1523,0.2256740117445588,0.9078469593077898,0.45454700011759996,96.04925301391631,2.010694006457925
1524,0.22636196808889508,0.9236990008503199,0.48652704572305083,88.13886600546539,1.948304008692503
1525,0.22814597468823195,0.8968600304797292,0.21657597972080112,99.25435099285096,2.1297920029610395
1526,0.22873596753925085,0.9287330321967602,0.4573760088533163,89.849597949069,2.0274959970265627
1527,0.21651200950145721,0.9079860174097121,0.46732102055102587,90.75426898198202,1.9630359602160752
1528,0.2683509956113994,0.896950950846076,0.22069195983931422,82.13952399091795,2.198564005084336
1529,0.2530930214561522,0.9057630086317658,0.44769601663574576,84.65951797552407,1.9864889909513295
1530,0.22391299717128277,0.9302489925175905,0.4716769908554852,88.4725300129503,1.917896035593003
1531,0.23253500694409013,0.907565001398325,0.23072899784892797,92.72536501521245,2.1125160274095833
1532,0.2603839966468513,0.9134580031968653,0.46128599205985665,84.38450598623604,2.05650000134483
1533,0.21963001927360892,0.8989470079541206,0.4789429949596524,90.18245001789182,2.133440983016044
1534,0.24814403150230646,0.7500600186176598,0.21693401504307985,67.28699803352356,1.9144369871355593
1535,0.21786801517009735,0.7067379774525762,0.40142599027603865,68.94497998291627,1.766968984156847
1536,0.20013900939375162,0.902556988876313,0.401414989028126,77.92093802709132,1.768879999872297
1537,0.21641200874000788,0.70100900484249,0.19303802400827408,71.61734998226166,1.8644629744812846
1538,0.2068390022031963,0.7088760030455887,0.42521400609984994,70.95214998116717,1.955409999936819
1539,0.22608396830037236,0.6843220326118171,0.3986890078522265,74.5488100219518,1.8043819582089782
1540,0.20093098282814026,0.7404520292766392,0.162013981025666,69.22012800350785,1.82814197614789
1541,0.20402902737259865,0.703966012224555,0.4358449950814247,70.5117960460484,1.7285619978792965
1542,0.20187097834423184,0.7018920150585473,0.3938369918614626,77.96307897660881,1.7431590240448713
1543,0.20262901671230793,0.7123210234567523,0.39877701783552766,65.9286139998585,2.0822329679504037
1544,0.5849280278198421,0.71364501491189,0.4270619829185307,72.64433504315093,1.635030028410256
1545,0.20639697322621942,0.7833180134184659,0.4028269904665649,75.45993296662346,1.5818680403754115
1546,0.1828499953262508,0.6973290001042187,0.42471999768167734,67.1485950006172,1.6676479717716575
1547,0.19641901599243283,0.6840709829702973,0.41637104004621506,84.36624699970707,1.6057849861681461
1548,0.18692598678171635,0.8676340221427381,0.39262097561731935,96.67876700405031,1.611271989531815
1549,0.20979699911549687,0.711172993760556,0.40558597538620234,65.27528900187463,1.6549130086787045
1550,0.19779702415689826,0.702243996784091,0.395995972212404,72.56974902702495,1.6650049947202206
1551,0.19023899221792817,0.6839830311946571,0.39585097692906857,81.83104899944738,1.605409022886306
1552,0.20182703156024218,0.6898239953443408,0.4087210400030017,68.97110200952739,2.0283209742046893
1553,0.5798949860036373,0.7316760020330548,0.4057760233990848,66.99413503520191,1.4098010142333806
1554,0.19527203403413296,0.6912370445206761,0.40231598541140556,73.0388350202702,1.4480939717032015
1555,0.18552900291979313,0.6824929732829332,0.3905179910361767,69.6858799783513,1.4706379733979702
1556,0.17807900439947844,0.7100359653122723,0.40056899888440967,67.88067001616582,1.4178180135786533
1557,0.17440097872167826,0.7067109690979123,0.41195203084498644,80.1927670254372,1.689693017397076
1558,0.21034403471276164,0.698129995726049,0.42027595918625593,67.42348201805726,1.2834190274588764
1559,0.1968419528566301,0.6700549856759608,0.3875860129483044,67.70240102196112,1.35745300212875
1560,0.17014803597703576,0.7041980279609561,0.4081350052729249,73.88522702967748,1.2483549653552473
1561,0.16781804151833057,0.6876279949210584,0.42296701576560736,69.36948403017595,1.3913930160924792
1562,0.16896403394639492,0.6716339848935604,0.4058560007251799,67.58852599887177,1.235034957062453
1563,0.1772299874573946,0.692977977450937,0.4001460038125515,75.35716000711545,1.1557189864106476
1564,0.1930260332301259,0.6814009975641966,0.3837479744106531,68.16910800989717,1.255954965017736
1565,0.18741097301244736,0.6750139873474836,0.3898620489053428,69.20193100813776,1.372497994452715
1566,0.1945400144904852,0.689844018779695,0.3818820114247501,72.73800997063518,1.0489739943295717
1567,0.15408999752253294,0.7058129995130002,0.40612200973555446,66.69462699210271,1.152352022472769
1568,0.19264203729107976,0.6767099839635193,0.4026970127597451,69.14655497530475,1.1071210028603673
1569,0.16118702478706837,0.6629060371778905,0.40918600279837847,73.57988500734791,1.0397899895906448
1570,0.16648299060761929,0.6897799903526902,0.40043803164735436,67.8578419610858,1.3607050059363246
1571,0.19878102466464043,0.6672670133411884,0.3955689608119428,68.50894505623728,0.8739380282349885
1572,0.1591609907336533,0.7160399691201746,0.38284400943666697,75.17662702593952,0.8865339914336801
1573,0.1409450196661055,0.6911689997650683,0.3784489817917347,70.04314300138503,0.9513680124655366
1574,0.15287502901628613,0.6551890401169658,0.3967310185544193,68.47511796513572,0.8805430261418223
1575,0.14168396592140198,0.6918850122019649,0.3950870013795793,71.8634640215896,0.8581249858252704
1576,0.13923895312473178,0.6793320062570274,0.39178901351988316,68.24629701441154,1.1237040162086487
1577,0.1830669934861362,0.6921250023879111,0.37647399585694075,69.97217400930822,0.6493009859696031
1578,0.1294140238314867,0.6654869648627937,0.37661095848307014,72.0560920308344,0.6354210199788213
1579,0.1217820099554956,0.6944240303710103,0.4028170369565487,69.17622202308849,0.7340880110859871
1580,0.13400299940258265,0.6782960263080895,0.3693019971251488,67.69219000125304,0.6688989815302193
1581,0.15251600416377187,0.6829429767094553,0.3768840106204152,78.07070104172453,0.6432370282709599
1582,0.1313399989157915,0.687822001054883,0.36695197923108935,66.2816779804416,0.7154869963414967
1583,0.15793601050972939,0.6421509897336364,0.37469499511644244,70.99111401475966,0.6629349663853645
1584,0.143527053296566,0.6583160138688982,0.40282501140609384,72.57363497046754,0.6611990393139422
1585,0.12838200200349092,0.6782109849154949,0.384785991627723,69.01052303146571,0.7137819775380194
1586,0.13254099758341908,0.6604079972021282,0.3712280304171145,67.45617900742218,0.7177109946496785
1587,0.1294940011575818,0.6558949826285243,0.3946179640479386,74.09735897090286,0.6261400412768126
1588,0.14625501353293657,0.6788359605707228,0.3738130326382816,66.80646497989073,0.6963509949855506
1589,0.1348620280623436,0.6703989929519594,0.394312955904752,69.28034796146676,0.6447170162573457
1590,0.12907496420666575,0.7082599913701415,0.41146803414449096,74.00000904453918,0.6492240354418755
1591,0.14616601401939988,0.6711850292049348,0.40793302468955517,66.50746299419552,0.7230729679577053
1592,0.13391399988904595,0.6634609890170395,0.376083014998585,65.8795940107666,0.6651589646935463
1593,0.12905598850920796,0.6883839960210025,0.3740149550139904,75.54982701549307,0.628339999821037
1594,0.128237996250391,0.6842019502073526,0.152861000970006,65.19359501544386,0.7408140227198601
1595,0.16209098976105452,0.6489490042440593,0.3898260183632374,66.95897900499403,0.6450200453400612
1596,0.12822600547224283,0.6548900273628533,0.37233898183330894,72.56465801037848,0.6127950036898255
1597,0.1466289977543056,0.6826400058344007,0.16425998182967305,79.77399899391457,0.6845599855296314
1598,0.13489503180608153,0.6748259766027331,0.3767750458791852,71.03125599678606,0.7500499486923218
1599,0.13372895773500204,0.7885129889473319,0.397978990804404,86.49526198860258,0.658079981803894
1600,0.12711499584838748,0.6851620273664594,0.37566700484603643,81.37314196210355,0.6870219949632883
1601,0.1386270159855485,0.6674350006505847,0.37202396197244525,68.37960204575211,0.6583320209756494
1602,0.13315799878910184,0.6825470481999218,0.3753030323423445,72.8775419993326,0.6863139569759369
1603,0.13087299885228276,0.6697539938613772,0.4174149944446981,80.34923201194033,0.7230440387502313
1604,0.13280496932566166,0.6722680409438908,0.4003409994766116,69.24942001933232,0.6852940423414111
1605,0.12825796147808433,0.6779640098102391,0.37387298652902246,70.05120895337313,0.6647760164923966
1606,0.12752600014209747,0.6809479673393071,0.37353794323280454,66.55545101966709,0.7075999747030437
1607,0.13641099212691188,0.6517249858006835,0.37561700446531177,67.01842701295391,0.68527995608747
1608,0.13116799527779222,0.6878579733893275,0.39863400161266327,72.61585397645831,0.6396380485966802
1609,0.12687203707173467,0.693199981469661,0.37395599065348506,82.2924780077301,0.7074449677020311
1610,0.13531296281144023,0.6606999668292701,0.37878501461818814,70.56206098059192,0.7198999519459903
1611,0.13293197844177485,0.6512230029329658,0.3718530060723424,73.20146600250155,0.6873040110804141
1612,0.1376739819534123,0.6767869926989079,0.3917450085282326,83.1470389966853,0.699858006555587
1613,0.13663404388353229,0.6690539885312319,0.3757289960049093,66.36391498614103,0.6722210091538727
1614,0.13181398389860988,0.7013810100033879,0.4055140307173133,71.50362501852214,0.6755390204489231
1615,0.13731198851019144,0.675263989251107,0.39590103551745415,65.95053902128711,0.7404590141959488
1616,0.13188598677515984,0.6611739518120885,0.37834502290934324,66.73778698313981,0.6747259758412838
1617,0.1285409671254456,0.6832549697719514,0.373351969756186,73.33835598547012,0.6356330122798681
1618,0.1288469647988677,0.6756730144843459,0.37279597017914057,66.01700704777613,0.7345829508267343
1619,0.14542002463713288,0.6667689885944128,0.37511601112782955,69.11857897648588,0.7352439570240676
1620,0.1347569632343948,0.6582090281881392,0.3851950168609619,72.70148501265794,0.6679350044578314
1621,0.12577598681673408,0.6686369888484478,0.38012798177078366,70.40096202399582,0.7346399943344295
1622,0.13720797142013907,0.689392036292702,0.3804420121014118,71.58464303938672,0.7094459724612534
1623,0.14803401427343488,0.6404080195352435,0.3874649992212653,73.01880401792005,0.7326269987970591
1624,0.13976398622617126,0.6808590260334313,0.39129500510171056,67.79466604348272,0.7308369968086481
1625,0.1676150131970644,0.6602490320801735,0.3763639833778143,66.1000830004923,0.6834769737906754
1626,0.1308229984715581,0.6846410105936229,0.3788850153796375,73.49461800185964,0.6704570259898901
1627,0.15089398948475718,0.6802080315537751,0.3758280072361231,71.69571798294783,0.7227530004456639
1628,0.13573799515143037,0.669587985612452,0.4265769966877997,67.25554901640862,0.6618680199608207
1629,0.14477904187515378,0.6961479666642845,0.3753210185095668,73.81298503605649,0.6330169853754342
1630,0.1445889938622713,0.6785619771108031,0.37866400089114904,68.00044799456373,0.7400840404443443
1631,0.15377200907096267,0.669962028041482,0.38350099930539727,86.5553849725984,0.7094309548847377
1632,0.15455298125743866,0.6853269878774881,0.3728549927473068,72.64753198251128,0.6561470218002796
1633,0.12550997780635953,0.6802889984101057,0.37833000533282757,67.31642503291368,0.7293199887499213
1634,0.1358280424028635,0.6597750470973551,0.3801509737968445,72.00338103575632,0.6583529757335782
1635,0.1471010036766529,0.6859010318294168,0.3736569778993726,75.88107400806621,0.6137960008345544
1636,0.12679497012868524,0.676420982927084,0.3769350005313754,66.86544802505523,0.7364809862338006
1637,0.13251695781946182,0.6497090216726065,0.40031399112194777,72.2889419994317,0.6544640054926276
1638,0.13397698057815433,0.6507629877887666,0.37635001353919506,74.15172597393394,0.6780610419809818
1639,0.12455799151211977,0.6965519860386848,0.3929120139218867,67.1292920014821,0.6954310229048133
1640,0.13325404142960906,0.6782319978810847,0.37646497366949916,68.25458299135789,0.6460539880208671
1641,0.12654298916459084,0.6734959897585213,0.39371801540255547,73.04293400375172,0.6172829889692366
1642,0.12850196799263358,0.6650310242548585,0.37758995313197374,69.2384610301815,0.6881070439703763
1643,0.13242597924545407,0.6612360011786222,0.37685601273551583,72.61976302834228,0.6601120112463832
1644,0.12792495544999838,0.6783630233258009,0.37605303805321455,74.12951497826725,0.6366960005834699
1645,0.12512900866568089,0.7165319984778762,0.38937298813834786,67.63182900613174,0.7287409971468151
1646,0.1348369987681508,0.644104031380266,0.38245704490691423,68.36656900122762,0.6733000045642257
1647,0.1303830067627132,0.6945700151845813,0.3718279767781496,72.6207040133886,0.6446720217354596
1648,0.12628099648281932,0.6990070105530322,0.392792047932744,71.86368096154183,0.7314520189538598
1649,0.1304849865846336,1.4445239794440567,0.3953039995394647,70.86158299352974,0.6685670232400298
1650,0.1273640082217753,0.6875059916637838,0.37848897045478225,71.79278403054923,0.6478640134446323
1651,0.12532604159787297,0.8709009853191674,0.3769960021600127,68.42452299315482,0.7097849738784134
1652,0.1555429771542549,0.6586669478565454,0.38204301381483674,68.05072899442166,0.676133029628545
1653,0.12770498869940639,0.6838690023869276,0.37449499359354377,75.92692202888429,0.658267003018409
1654,0.12758799130097032,0.6726760184392333,0.3779559629037976,70.62695996137336,0.7391350227408111
1655,0.13315299293026328,0.6511519895866513,0.3886849735863507,67.31772801140323,0.7041299832053483
1656,0.13012700947001576,0.7074169698171318,0.3880320000462234,73.68100603343919,0.661069992929697
1657,0.15788403106853366,0.6956410361453891,0.4053929587826133,67.68166000256315,0.8097339887171984
1658,0.1385440118610859,0.6664139800705016,0.38984703132882714,67.30594096006826,0.6534559652209282
1659,0.12803601566702127,0.7064719684422016,0.394880014937371,73.29470099648461,0.6286560092121363
1660,0.1240679994225502,0.6742289988324046,0.4026169772259891,67.4570330302231,0.7191679906100035
1661,0.13717601541429758,0.6649179849773645,0.37428399082273245,66.55673898058012,0.7492839940823615
1662,0.15686004189774394,0.6972389528527856,0.3747449954971671,74.75731999147683,0.6733590271323919
1663,0.12875196989625692,0.6623920053243637,0.4105140105821192,69.75232803961262,0.7320839795283973
1664,0.13234600191935897,0.6474389811046422,0.3719940432347357,67.500313045457,0.6651850417256355
1665,0.13921799836680293,0.6618150509893894,0.3975949948653579,72.6022080052644,0.6265700212679803
1666,0.12421997962519526,0.6705849664285779,0.3946209908463061,67.3375939950347,0.7106380071491003
1667,0.13609195593744516,0.6512560066767037,0.396217976231128,67.51609197817743,0.7350350497290492
1668,0.15508098294958472,0.6791360210627317,0.41688699275255203,77.85371597856283,0.5083690048195422
1669,0.13296102406457067,0.6913419929333031,0.3886129707098007,67.75385700166225,0.5937590030953288
1670,0.11679501039907336,0.6963019841350615,0.38918398786336184,68.33037897013128,0.5190850351937115
1671,0.13376801507547498,0.6909319781698287,0.37178496131673455,72.81184202292934,0.4814450512640178
1672,0.11101202107965946,0.6779530085623264,0.4010830307379365,68.02868098020554,0.5737849860452116
1673,0.12098398292437196,0.654598989058286,0.37179799983277917,72.71306996699423,0.5461199907585979
1674,0.11034996714442968,0.6811959901824594,0.36896299570798874,75.46125800581649,0.48301403876394033
1675,0.10762998135760427,0.6688970024697483,0.3725250135175884,67.4924700288102,0.5705989897251129
1676,0.11617300333455205,0.652926042675972,0.395284965634346,71.97745697339997,0.5118579720146954
1677,0.11588499182835221,0.6630480056628585,0.3660639631561935,71.50310999713838,0.4972050082869828
1678,0.10718603152781725,0.6781760021112859,0.397344003431499,69.50909597799182,0.5546419997699559
1679,0.11646305210888386,0.6438560085371137,0.3729559830389917,68.09567095478997,0.4871920100413263
1680,0.11180195724591613,0.6742270197719336,0.3759009996429086,73.40303302044049,0.4872940480709076
1681,0.10786799248307943,0.6726389983668923,0.3674370236694813,68.07433103676885,0.5589599604718387
1682,0.11797697516158223,0.679115008097142,0.3794239601120353,66.95649598259479,0.5468860035762191
1683,0.1396249863319099,1.6316429828293622,0.3856540424749255,72.88027397589758,0.5542839644476771
1684,0.11473399354144931,0.6859599961899221,0.37166301626712084,66.70882401522249,0.5921729607507586
1685,0.12288003927096725,0.6420110003091395,0.36967999767512083,66.64594996254891,0.5461419932544231
1686,0.11553103104233742,0.651873997412622,0.3689560107886791,72.00837996788323,0.49665599362924695
1687,0.11617899872362614,0.7181770051829517,0.43466995703056455,65.6092319986783,0.5589519860222936
1688,0.11987303150817752,0.6551609840244055,0.37117296596989036,65.73537300573662,0.5053519853390753
1689,0.1082909875549376,0.6725569837726653,0.3957140143029392,71.09608099563047,0.4761589807458222
1690,0.10607304284349084,0.6734589696861804,0.4207249730825424,67.39036698127165,0.5569130298681557
1691,0.11658400762826204,0.6514929700642824,0.3994329599663615,66.4354829932563,0.5033040069974959
1692,0.1299050054512918,0.6657970370724797,0.38181699346750975,72.42228399263695,0.47613197239115834
1693,0.10795198613777757,0.6767419981770217,0.3751679905690253,67.97044299310073,0.5575820105150342
1694,0.11845299741253257,0.6786060403101146,0.3836100222542882,65.93593303114176,0.49657898489385843
1695,0.11388800339773297,0.6973249837756157,0.36781199742108583,74.90251201670617,0.4773320397362113
1696,0.1242970465682447,0.6884320173412561,0.3745779977180064,67.8651980124414,0.5399369983933866
1697,0.1219259575009346,0.6725169951096177,0.38448802661150694,66.88157597091049,0.5198069848120213
1698,0.1314030378125608,0.6933320546522737,0.374961004126817,76.610520016402,0.5110300262458622
1699,0.10797299910336733,0.677427975460887,0.38399500772356987,68.36050498532131,0.5520249833352864
1700,0.11357502080500126,0.6489240331575274,0.371862028259784,68.37534700753167,0.5875439965166152
1701,0.11596700642257929,0.650640984531492,0.45806902926415205,74.90880304249004,0.546397001016885
1702,0.11489103781059384,0.6746790022589266,0.36886800080537796,68.48619901575148,0.6015939870849252
1703,0.1205800217576325,0.6745089776813984,0.3719999804161489,65.08529401617125,0.514896004460752
1704,0.12926501221954823,0.6763080018572509,0.4000350018031895,71.558861003723,0.4925770335830748
1705,0.1079179928638041,0.6737969815731049,0.37257501389831305,69.56050300505012,0.561821972951293
1706,0.14443299733102322,0.6706650019623339,0.37030800012871623,67.16091401176527,0.4955190233886242
1707,0.12345099821686745,0.6787269958294928,0.36969297798350453,75.97000699024647,0.5069259786978364
1708,0.10870100231841207,0.6769100436940789,0.39649702375754714,67.26739695295691,0.5683730123564601
1709,0.11734501458704472,0.6592050194740295,0.37171499570831656,68.53175803553313,0.5155479884706438
1710,0.1129450392909348,0.684949045535177,0.3883279860019684,72.21682200906798,0.4909000126644969
1711,0.1255469978787005,0.6729940068908036,0.3729090094566345,69.80519602075219,0.5696860025636852
1712,0.11838797945529222,0.6577899912372231,0.3722909605130553,69.47457301430404,0.5433259648270905
1713,0.10923098307102919,0.6707169814035296,0.3749970346689224,78.41578498482704,0.5254080169834197
1714,0.11072098277509212,0.6829699850641191,0.39598101284354925,69.24583000363782,0.5687670200131834
1715,0.13709795894101262,0.6821859860792756,0.3734339843504131,67.3063499853015,0.49606000538915396
1716,0.11099898256361485,0.6673159659840167,0.3687670105136931,74.38911899225786,0.48318400513380766
1717,0.10950805153697729,0.6749780150130391,0.36712695145979524,66.50110497139394,0.558088009711355
1718,0.11750898556783795,0.6627159891650081,0.3707759897224605,65.15854597091675,0.5070010083727539
1719,0.13088103150948882,0.6937949801795185,0.38904399843886495,72.4223549477756,0.4949779831804335
1720,0.10508298873901367,0.6789269973523915,0.37472002441063523,68.78271698951721,0.5650710081681609
1721,0.11828303104266524,0.6544499774463475,0.38806902011856437,70.24645601632074,0.5204299814067781
1722,0.10945100802928209,0.65912603167817,0.4375530406832695,74.46755602722988,0.49525295617058873
1723,0.13677100650966167,0.6887969793751836,0.3887329949066043,72.0644069951959,0.5457180086523294
1724,0.14322198694571853,0.6499489536508918,0.3717730287462473,65.45922998338938,0.546575989574194
1725,0.11677696602419019,0.6557930028066039,0.3971679834648967,73.57000699266791,0.5219970480538905
1726,0.1107740099541843,0.6643119850195944,0.3890179796144366,68.3031469816342,0.5395770422182977
1727,0.16640301328152418,0.6648100097663701,0.3708010190166533,68.03015898913145,0.5183480097912252
1728,0.13441097689792514,0.7079120259732008,0.3688430297188461,75.60970494523644,0.5345270037651062
1729,0.10973401367664337,0.6799250259064138,0.3769789473153651,69.13442601216957,0.5709499819204211
1730,0.11505500879138708,0.6479609874077141,0.39361498784273863,68.16282600630075,0.5386199918575585
1731,0.11148996418341994,0.6686949636787176,0.3860339638777077,73.00793699687347,0.8001609821803868
