Batch Id,mlp_up_proj,mlp_up_proj_all_gather,mlp_activation,mlp_down_proj,mlp_down_proj_all_reduce,attn_pre_proj,attn_pre_proj_all_gather,attn_post_proj,attn_post_proj_all_reduce,attn_kv_cache_save,attn,attn_prefill,attn_decode,attn_rope,attn_input_reshape,attn_output_reshape,embed_linear,embed_all_reduce,lm_head_linear,lm_head_all_gather,input_layernorm,post_attention_layernorm,norm,add,nccl_send,nccl_recv
0,2.6719999999999997,,0.3195,1.3245,4.582000000000001,1.4695,,0.5005,5.105499999999999,,,0.15910714285714286,,,0.0,0.0024107142857142856,,,,,0.2015,0.197,,,,
1,2.9560000000000004,,0.359,1.5225,11.2695,1.625,,0.5595000000000001,15.585,,,0.22897619047619047,,,0.0,0.002833333333333333,,,,,0.221,0.214,,,,
2,2.8635,,0.34550000000000003,1.366,4.7165,1.615,,0.498,4.828,,,0.5795833333333333,,,0.0,0.005416666666666667,,,,,0.2185,0.2095,,,,
3,2.4725,,0.2975,1.1804999999999999,4.1295,1.3385,,0.4375,4.608499999999999,,,2.7035,,,0.0,0.034,,,,,0.181,0.179,,,,
4,2.0265,,0.249,1.1285,3.5705,1.1275,,0.4175,11.6955,,,0.2565,,,0.0,0.0032500000000000003,,,,,0.10550000000000001,0.10800000000000001,,,,
5,2.379,,0.294,1.1755,3.9665,1.311,,0.426,15.044,,,0.7813333333333334,,,0.0,0.006666666666666667,,,,,0.178,0.174,,,,
6,1.1435,,0.14,0.583,3.6005000000000003,0.6915,,0.219,3.6254999999999997,,,0.287,,,0.0,0.0035,,,,,0.041,0.0405,,,,
7,2.0380000000000003,,0.252,1.123,4.7044999999999995,1.1385,,0.41250000000000003,10.0885,,,2.0330000000000004,,,0.0,0.0235,,,,,0.1085,0.1155,,,,
8,2.192,,0.2685,1.1335000000000002,3.6535,1.2795,,0.41400000000000003,3.705,,,2.2465,,,0.0,0.027,,,,,0.14100000000000001,0.139,,,,
9,2.364,,0.28450000000000003,1.1495000000000002,4.0615,1.3054999999999999,,0.4235,4.73,,,0.32955,,,0.0,0.0033,,,,,0.17200000000000001,0.1685,,,,
10,2.9635,,0.3565,1.5195,6.013,1.621,,0.5475000000000001,5.3260000000000005,,,1.4118333333333333,,,0.0,0.017333333333333336,,,,,0.22,0.212,,,,
11,3.0060000000000002,,0.3655,1.53,10.599,1.6400000000000001,,0.5535000000000001,5.4704999999999995,,,1.1360000000000001,,,0.0,0.01,,,,,0.226,0.2195,,,,
12,1.464,,0.1915,0.7484999999999999,2.612,0.8374999999999999,,0.281,3.551,,,0.27725,,,0.0,0.003,,,,,0.053000000000000005,0.054,,,,
13,2.6595000000000004,,0.319,1.3355000000000001,7.798,1.462,,0.484,5.5615000000000006,,,1.0241666666666667,,,0.0,0.010833333333333334,,,,,0.1985,0.196,,,,
14,2.6725000000000003,,0.317,1.3365,5.005000000000001,1.4655,,0.4895,12.081500000000002,,,0.2051666666666667,,,0.0,0.0026666666666666666,,,,,0.199,0.1965,,,,
15,2.019,,0.246,0.972,3.4210000000000003,1.1325,,0.35450000000000004,3.625,,,0.46825000000000006,,,0.0,0.004916666666666666,,,,,0.095,0.095,,,,
16,2.5035,,0.2935,1.1880000000000002,4.1995000000000005,1.3425,,0.4305,4.4015,,,2.7,,,0.0,0.034,,,,,0.181,0.177,,,,
17,2.555,,0.314,1.335,4.6085,1.4565000000000001,,0.4865,5.0045,,,0.5973333333333333,,,0.0,0.006833333333333334,,,,,0.1945,0.1915,,,,
18,2.5505,,0.3105,1.3365,4.4645,1.459,,0.4975,4.6675,,,2.9725,,,0.0,0.036500000000000005,,,,,0.1925,0.1895,,,,
19,0.138,,0.002,0.066,0.6505000000000001,0.075,,0.025,0.732,,,,1.4635,,0.0,0.001,,,,,0.003,0.003,,,,
20,0.139,,0.002,0.066,2.094,0.075,,0.025,4.7025,,,,1.4635,,0.0,0.001,,,,,0.003,0.003,,,,
21,0.1385,,0.002,0.066,1.16,0.075,,0.025,5.5145,,,,1.4665,,0.0,0.001,,,,,0.003,0.003,,,,
22,0.1385,,0.002,0.066,3.125,0.075,,0.025,0.682,,,,1.4695,,0.0,0.001,,,,,0.003,0.003,,,,
23,0.138,,0.002,0.066,0.5565,0.075,,0.025,0.5205000000000001,,,,1.4635,,0.0,0.001,,,,,0.003,0.003,,,,
24,0.1385,,0.002,0.066,2.0835,0.0755,,0.025,0.366,,,,1.4665,,0.0,0.001,,,,,0.003,0.003,,,,
25,0.1385,,0.002,0.066,0.7350000000000001,0.075,,0.025,0.936,,,,1.465,,0.0,0.001,,,,,0.003,0.003,,,,
26,0.138,,0.002,0.066,4.109500000000001,0.076,,0.025,3.741,,,,1.4645000000000001,,0.0,0.001,,,,,0.003,0.003,,,,
27,0.138,,0.002,0.066,0.18000000000000002,0.075,,0.025,0.10500000000000001,,,,1.4685000000000001,,0.0,0.001,,,,,0.003,0.003,,,,
28,0.1385,,0.002,0.066,0.495,0.075,,0.025,0.20500000000000002,,,,1.4675,,0.0,0.001,,,,,0.003,0.003,,,,
29,0.138,,0.002,0.066,0.6585,0.0755,,0.025,0.9985,,,,1.4700000000000002,,0.0,0.001,,,,,0.003,0.003,,,,
30,0.138,,0.002,0.066,0.916,0.0755,,0.025,1.336,,,,1.4615,,0.0,0.001,,,,,0.003,0.003,,,,
31,0.139,,0.002,0.066,0.262,0.0755,,0.025,3.4080000000000004,,,,1.4700000000000002,,0.0,0.001,,,,,0.003,0.003,,,,
32,0.138,,0.002,0.066,0.6325000000000001,0.0755,,0.025,0.6415,,,,1.4685000000000001,,0.0,0.001,,,,,0.003,0.003,,,,
33,0.1385,,0.002,0.066,0.16499999999999998,0.0755,,0.025,0.46499999999999997,,,,1.4675,,0.0,0.001,,,,,0.003,0.003,,,,
34,0.139,,0.002,0.066,0.11,0.075,,0.025,0.57,,,,1.469,,0.0,0.001,,,,,0.003,0.003,,,,
35,0.138,,0.002,0.066,0.16449999999999998,0.0755,,0.025,1.6320000000000001,,,,1.4735,,0.0,0.001,,,,,0.003,0.003,,,,
36,0.1385,,0.002,0.066,2.6225,0.075,,0.025,0.6225,,,,1.4705,,0.0,0.001,,,,,0.003,0.003,,,,
37,0.1385,,0.002,0.066,0.1575,0.075,,0.025,0.1395,,,,1.4675,,0.0,0.001,,,,,0.003,0.003,,,,
38,0.1385,,0.002,0.066,2.2995,0.0755,,0.025,5.008,,,,1.4745,,0.0,0.001,,,,,0.003,0.003,,,,
39,0.1385,,0.002,0.066,0.1345,0.075,,0.025,0.9715,,,,1.474,,0.0,0.001,,,,,0.003,0.003,,,,
40,0.138,,0.002,0.066,1.266,0.075,,0.025,0.5165000000000001,,,,1.476,,0.0,0.001,,,,,0.003,0.003,,,,
41,0.1385,,0.002,0.066,0.2745,0.0755,,0.025,0.4195,,,,1.4745,,0.0,0.001,,,,,0.003,0.003,,,,
42,0.1385,,0.002,0.066,2.154,0.0755,,0.025,2.5580000000000003,,,,1.4765000000000001,,0.0,0.001,,,,,0.003,0.003,,,,
43,0.1385,,0.002,0.066,1.0285,0.076,,0.025,0.301,,,,1.4735,,0.0,0.001,,,,,0.003,0.003,,,,
44,0.1385,,0.002,0.066,0.3655,0.0755,,0.025,0.21850000000000003,,,,1.476,,0.0,0.001,,,,,0.003,0.003,,,,
45,0.1385,,0.002,0.066,0.0905,0.076,,0.025,2.521,,,,1.4780000000000002,,0.0,0.001,,,,,0.003,0.003,,,,
46,0.138,,0.002,0.066,0.9585,0.076,,0.025,0.543,,,,1.4785,,0.0,0.001,,,,,0.003,0.003,,,,
47,0.138,,0.002,0.066,0.1685,0.075,,0.025,0.3025,,,,1.4815,,0.0,0.001,,,,,0.003,0.003,,,,
48,0.139,,0.002,0.066,1.2015,0.0755,,0.025,0.9245,,,,1.48,,0.0,0.001,,,,,0.003,0.003,,,,
49,0.138,,0.002,0.066,1.2835,0.076,,0.025,0.2415,,,,1.4025,,0.0,0.001,,,,,0.003,0.003,,,,
50,0.1385,,0.002,0.066,0.162,0.075,,0.025,0.7355,,,,1.403,,0.0,0.001,,,,,0.003,0.003,,,,
51,0.139,,0.002,0.066,0.5915,0.0755,,0.025,1.1600000000000001,,,,1.397,,0.0,0.001,,,,,0.003,0.003,,,,
52,0.139,,0.002,0.066,1.3445,0.0755,,0.025,0.25,,,,1.401,,0.0,0.001,,,,,0.003,0.003,,,,
53,0.1385,,0.002,0.066,0.12,0.076,,0.025,0.257,,,,1.4000000000000001,,0.0,0.001,,,,,0.003,0.003,,,,
54,0.1385,,0.002,0.066,1.669,0.0755,,0.025,0.8115,,,,1.4015,,0.0,0.001,,,,,0.003,0.003,,,,
55,0.139,,0.002,0.066,1.1985,0.075,,0.025,0.34049999999999997,,,,1.4055,,0.0,0.001,,,,,0.003,0.003,,,,
56,0.1385,,0.002,0.066,0.301,0.0755,,0.025,0.297,,,,1.4040000000000001,,0.0,0.001,,,,,0.003,0.003,,,,
57,0.1395,,0.002,0.066,1.152,0.0755,,0.025,1.3379999999999999,,,,1.4055,,0.0,0.001,,,,,0.003,0.003,,,,
58,0.1395,,0.002,0.066,6.856000000000001,0.075,,0.025,1.083,,,,1.4005,,0.0,0.001,,,,,0.003,0.003,,,,
59,0.139,,0.002,0.066,0.223,0.0755,,0.025,0.5235000000000001,,,,1.4035000000000002,,0.0,0.001,,,,,0.003,0.003,,,,
60,0.139,,0.002,0.066,2.0505000000000004,0.0755,,0.025,1.141,,,,1.4135,,0.0,0.001,,,,,0.003,0.003,,,,
61,0.1395,,0.002,0.066,0.265,0.0755,,0.025,0.3725,,,,1.4064999999999999,,0.0,0.001,,,,,0.003,0.003,,,,
62,0.1385,,0.003,0.066,0.426,0.075,,0.025,0.5935,,,,1.411,,0.0,0.001,,,,,0.003,0.003,,,,
63,0.1395,,0.002,0.066,0.767,0.0755,,0.025,0.7075,,,,1.4095,,0.0,0.001,,,,,0.003,0.003,,,,
64,2.552,,0.311,1.315,4.218,1.462,,0.486,4.5095,,,2.964,,,0.0,0.0375,,,,,0.194,0.1905,,,,
65,0.139,,0.002,0.066,0.382,0.075,,0.025,0.6535,,,,1.4555,,0.0,0.001,,,,,0.003,0.003,,,,
66,0.139,,0.002,0.066,3.204,0.0755,,0.025,1.787,,,,1.452,,0.0,0.001,,,,,0.003,0.003,,,,
67,0.1395,,0.002,0.066,1.343,0.076,,0.025,0.377,,,,1.4565000000000001,,0.0,0.001,,,,,0.003,0.003,,,,
68,0.1385,,0.002,0.066,0.24500000000000002,0.0755,,0.025,2.9370000000000003,,,,1.4565000000000001,,0.0,0.001,,,,,0.003,0.003,,,,
69,0.138,,0.002,0.066,0.7915000000000001,0.075,,0.025,0.8065000000000001,,,,1.443,,0.0,0.001,,,,,0.003,0.003,,,,
70,0.139,,0.002,0.066,1.558,0.075,,0.025,0.14700000000000002,,,,1.4425,,0.0,0.001,,,,,0.003,0.003,,,,
71,0.1385,,0.002,0.066,0.2585,0.075,,0.025,1.099,,,,1.443,,0.0,0.001,,,,,0.003,0.003,,,,
72,0.139,,0.002,0.066,0.2415,0.076,,0.025,0.17600000000000002,,,,1.446,,0.0,0.001,,,,,0.003,0.003,,,,
73,0.1385,,0.002,0.066,3.375,0.0755,,0.025,4.3705,,,,1.4485000000000001,,0.0,0.001,,,,,0.003,0.003,,,,
74,0.1385,,0.002,0.066,0.1295,0.0755,,0.025,1.2485,,,,1.445,,0.0,0.001,,,,,0.003,0.003,,,,
75,0.1385,,0.002,0.066,0.1055,0.0755,,0.025,0.2545,,,,1.4445000000000001,,0.0,0.001,,,,,0.003,0.003,,,,
76,0.139,,0.002,0.066,0.5565,0.075,,0.025,0.134,,,,1.447,,0.0,0.001,,,,,0.003,0.003,,,,
77,0.1385,,0.002,0.066,0.4245,0.075,,0.025,1.2315,,,,1.453,,0.0,0.001,,,,,0.003,0.003,,,,
78,0.138,,0.002,0.066,2.0205,0.0755,,0.025,2.2045,,,,1.4495,,0.0,0.001,,,,,0.003,0.003,,,,
79,0.1385,,0.002,0.066,0.4165,0.0755,,0.025,0.6224999999999999,,,,1.4449999999999998,,0.0,0.001,,,,,0.003,0.003,,,,
80,0.1385,,0.002,0.066,0.29,0.0755,,0.025,0.4935,,,,1.4529999999999998,,0.0,0.001,,,,,0.003,0.003,,,,
81,0.138,,0.002,0.066,0.316,0.0755,,0.025,0.512,,,,1.4495,,0.0,0.001,,,,,0.003,0.003,,,,
82,0.1385,,0.002,0.066,2.059,0.075,,0.025,0.9475,,,,1.45,,0.0,0.001,,,,,0.003,0.003,,,,
83,1.2965,,0.1615,0.731,2.225,0.714,,0.275,2.378,,,0.18358333333333332,,,0.0,0.0027500000000000007,,,,,0.045,0.045,,,,
84,0.1385,,0.002,0.066,0.245,0.075,,0.025,0.226,,,,1.4565000000000001,,0.0,0.001,,,,,0.003,0.003,,,,
85,0.138,,0.002,0.066,1.4255,0.075,,0.025,0.533,,,,1.4535,,0.0,0.001,,,,,0.003,0.003,,,,
86,0.139,,0.002,0.066,0.413,0.076,,0.025,0.6125,,,,1.454,,0.0,0.001,,,,,0.003,0.003,,,,
87,0.138,,0.002,0.066,0.773,0.075,,0.025,0.301,,,,1.4540000000000002,,0.0,0.001,,,,,0.003,0.003,,,,
88,0.1385,,0.002,0.066,0.705,0.075,,0.025,0.502,,,,1.4569999999999999,,0.0,0.001,,,,,0.003,0.003,,,,
89,0.1385,,0.002,0.066,0.33099999999999996,0.075,,0.025,0.9485,,,,1.4615,,0.0,0.001,,,,,0.003,0.003,,,,
90,0.138,,0.002,0.066,1.7705,0.0755,,0.025,2.805,,,,1.46,,0.0,0.001,,,,,0.003,0.003,,,,
91,0.1385,,0.002,0.066,0.4435,0.076,,0.025,0.0955,,,,1.46,,0.0,0.001,,,,,0.003,0.003,,,,
92,0.1385,,0.002,0.066,0.281,0.076,,0.025,0.11050000000000001,,,,1.4595,,0.0,0.001,,,,,0.003,0.003,,,,
93,0.138,,0.002,0.066,0.286,0.075,,0.025,0.6945,,,,1.461,,0.0,0.001,,,,,0.003,0.003,,,,
94,0.139,,0.002,0.066,2.0005,0.0755,,0.025,0.774,,,,1.4525000000000001,,0.0,0.001,,,,,0.003,0.003,,,,
95,0.139,,0.002,0.066,0.302,0.0755,,0.025,0.673,,,,1.45,,0.0,0.001,,,,,0.003,0.003,,,,
96,0.1385,,0.002,0.066,0.268,0.075,,0.025,0.5695,,,,1.4505,,0.0,0.001,,,,,0.003,0.003,,,,
97,0.138,,0.002,0.066,2.595,0.075,,0.025,0.2705,,,,1.4575,,0.0,0.001,,,,,0.003,0.003,,,,
98,0.1385,,0.002,0.066,0.355,0.075,,0.025,0.2855,,,,1.4555,,0.0,0.001,,,,,0.003,0.003,,,,
99,0.1385,,0.002,0.066,0.429,0.0755,,0.025,0.7785000000000001,,,,1.4580000000000002,,0.0,0.001,,,,,0.003,0.003,,,,
100,0.1385,,0.002,0.066,0.2735,0.075,,0.025,1.4615,,,,1.458,,0.0,0.001,,,,,0.003,0.003,,,,
101,0.138,,0.002,0.066,0.28200000000000003,0.0755,,0.025,2.6439999999999997,,,,1.4565000000000001,,0.0,0.001,,,,,0.003,0.003,,,,
102,0.1385,,0.002,0.0665,0.6805000000000001,0.0755,,0.025,4.5645,,,,1.4535,,0.0,0.001,,,,,0.003,0.003,,,,
103,0.138,,0.002,0.066,0.2695,0.0755,,0.025,1.5185,,,,1.455,,0.0,0.001,,,,,0.003,0.003,,,,
104,0.138,,0.002,0.066,0.17200000000000001,0.075,,0.025,0.1185,,,,1.454,,0.0,0.001,,,,,0.003,0.003,,,,
105,0.138,,0.002,0.066,0.2905,0.075,,0.025,0.4455,,,,1.4575,,0.0,0.001,,,,,0.003,0.003,,,,
106,0.139,,0.002,0.066,2.108,0.075,,0.025,1.0875,,,,1.459,,0.0,0.001,,,,,0.003,0.003,,,,
107,0.14,,0.002,0.0665,0.14450000000000002,0.076,,0.025,0.4355,,,,1.4575,,0.0,0.001,,,,,0.003,0.003,,,,
108,0.138,,0.002,0.066,1.022,0.075,,0.025,0.3765,,,,1.4585,,0.0,0.001,,,,,0.003,0.003,,,,
109,0.139,,0.002,0.066,1.9715,0.0755,,0.025,0.313,,,,1.459,,0.0,0.001,,,,,0.003,0.003,,,,
110,0.1395,,0.0025,0.066,0.21550000000000002,0.076,,0.025,0.40549999999999997,,,,1.4625,,0.0,0.001,,,,,0.003,0.003,,,,
111,0.1385,,0.002,0.066,0.1585,0.0755,,0.025,0.6905,,,,1.4615,,0.0,0.001,,,,,0.003,0.003,,,,
112,0.1385,,0.002,0.066,1.9615,0.0755,,0.025,0.9355000000000001,,,,1.4609999999999999,,0.0,0.001,,,,,0.003,0.003,,,,
113,0.139,,0.002,0.066,0.21500000000000002,0.076,,0.025,0.369,,,,1.463,,0.0,0.001,,,,,0.003,0.003,,,,
114,0.1385,,0.002,0.0665,0.2615,0.076,,0.025,0.3815,,,,1.4615,,0.0,0.001,,,,,0.003,0.003,,,,
115,0.139,,0.002,0.066,0.12,0.075,,0.025,1.7415,,,,1.4625,,0.0,0.001,,,,,0.003,0.003,,,,
116,0.1395,,0.002,0.066,0.20500000000000002,0.0755,,0.025,0.6000000000000001,,,,1.464,,0.0,0.001,,,,,0.003,0.003,,,,
117,0.1385,,0.002,0.066,0.9935,0.0755,,0.025,0.768,,,,1.4645000000000001,,0.0,0.001,,,,,0.003,0.003,,,,
118,0.1385,,0.002,0.066,1.4485000000000001,0.0755,,0.025,1.7460000000000002,,,,1.4635,,0.0,0.001,,,,,0.003,0.003,,,,
119,0.139,,0.003,0.066,0.3925,0.076,,0.025,2.5095,,,,1.4700000000000002,,0.0,0.001,,,,,0.003,0.003,,,,
120,0.1385,,0.002,0.066,0.3055,0.0755,,0.025,0.19,,,,1.4700000000000002,,0.0,0.001,,,,,0.003,0.003,,,,
121,0.138,,0.002,0.066,0.847,0.076,,0.025,0.8290000000000001,,,,1.468,,0.0,0.001,,,,,0.003,0.003,,,,
122,0.1395,,0.002,0.066,6.198,0.0755,,0.025,0.46399999999999997,,,,1.4725000000000001,,0.0,0.001,,,,,0.003,0.003,,,,
123,0.139,,0.002,0.066,1.441,0.076,,0.025,5.4525,,,,1.4705,,0.0,0.001,,,,,0.003,0.003,,,,
124,0.1395,,0.002,0.066,0.6515,0.0755,,0.025,8.0835,,,,1.473,,0.0,0.001,,,,,0.003,0.003,,,,
125,0.139,,0.002,0.0665,0.40349999999999997,0.0755,,0.025,0.4445,,,,1.4705,,0.0,0.001,,,,,0.003,0.003,,,,
126,0.139,,0.002,0.066,0.6275,0.0755,,0.025,0.5965,,,,1.476,,0.0,0.001,,,,,0.003,0.003,,,,
127,0.1385,,0.002,0.066,0.0915,0.0755,,0.025,0.5670000000000001,,,,1.4609999999999999,,0.0,0.001,,,,,0.003,0.003,,,,
128,0.1385,,0.002,0.066,0.14500000000000002,0.076,,0.025,0.2625,,,,1.463,,0.0,0.001,,,,,0.003,0.003,,,,
129,0.1385,,0.002,0.066,0.6345000000000001,0.0755,,0.025,2.207,,,,1.4575,,0.0,0.001,,,,,0.003,0.003,,,,
130,0.139,,0.002,0.066,2.0654999999999997,0.076,,0.025,3.6115,,,,1.4645000000000001,,0.0,0.001,,,,,0.003,0.003,,,,
131,0.139,,0.002,0.066,0.7765,0.075,,0.025,0.8255,,,,1.4700000000000002,,0.0,0.001,,,,,0.003,0.003,,,,
132,0.138,,0.002,0.066,0.3725,0.075,,0.025,0.0925,,,,1.463,,0.0,0.001,,,,,0.003,0.003,,,,
133,0.1385,,0.002,0.066,2.1755,0.0755,,0.025,7.773000000000001,,,,1.464,,0.0,0.001,,,,,0.003,0.003,,,,
134,0.138,,0.002,0.066,0.1385,0.075,,0.025,0.7555,,,,1.4675,,0.0,0.001,,,,,0.003,0.003,,,,
135,0.139,,0.002,0.066,0.20850000000000002,0.0755,,0.025,0.751,,,,1.451,,0.0,0.001,,,,,0.003,0.003,,,,
136,0.1385,,0.002,0.066,1.264,0.0755,,0.025,2.6430000000000002,,,,1.4529999999999998,,0.0,0.001,,,,,0.003,0.003,,,,
137,0.139,,0.002,0.066,0.4915,0.075,,0.025,0.525,,,,1.4525000000000001,,0.0,0.001,,,,,0.003,0.003,,,,
138,0.1385,,0.002,0.066,0.14500000000000002,0.076,,0.025,1.2905,,,,1.452,,0.0,0.001,,,,,0.003,0.003,,,,
139,0.1385,,0.002,0.066,1.1955,0.076,,0.025,0.1765,,,,1.4575,,0.0,0.001,,,,,0.003,0.003,,,,
140,0.1385,,0.002,0.066,0.14100000000000001,0.0755,,0.025,0.79,,,,1.458,,0.0,0.001,,,,,0.003,0.003,,,,
141,0.1395,,0.002,0.066,0.4715,0.076,,0.025,3.227,,,,1.4555,,0.0,0.001,,,,,0.003,0.003,,,,
142,0.139,,0.002,0.066,1.1720000000000002,0.076,,0.025,0.9835,,,,1.4555,,0.0,0.001,,,,,0.003,0.003,,,,
143,0.138,,0.002,0.066,5.267,0.075,,0.025,1.9115,,,,1.4565000000000001,,0.0,0.001,,,,,0.003,0.003,,,,
144,0.139,,0.002,0.066,0.267,0.075,,0.025,0.9255000000000001,,,,1.458,,0.0,0.001,,,,,0.003,0.003,,,,
145,0.1385,,0.002,0.066,11.3605,0.0755,,0.025,0.33,,,,1.4540000000000002,,0.0,0.001,,,,,0.003,0.003,,,,
146,0.1385,,0.002,0.066,2.2675,0.0755,,0.025,13.2965,,,,1.4555,,0.0,0.001,,,,,0.003,0.003,,,,
147,0.139,,0.002,0.066,1.054,0.075,,0.025,1.7745,,,,1.456,,0.0,0.001,,,,,0.003,0.003,,,,
148,0.1385,,0.002,0.066,4.733,0.075,,0.025,15.359,,,,1.4580000000000002,,0.0,0.001,,,,,0.003,0.003,,,,
149,0.139,,0.002,0.066,1.0095,0.0755,,0.025,5.7805,,,,1.4605000000000001,,0.0,0.001,,,,,0.003,0.003,,,,
150,0.139,,0.002,0.066,1.1305,0.0755,,0.025,0.5835,,,,1.458,,0.0,0.001,,,,,0.003,0.003,,,,
151,0.139,,0.002,0.066,0.472,0.075,,0.025,0.5615,,,,1.4605000000000001,,0.0,0.001,,,,,0.003,0.003,,,,
152,0.138,,0.002,0.066,0.138,0.076,,0.025,0.7615,,,,1.4585,,0.0,0.001,,,,,0.003,0.003,,,,
153,0.139,,0.002,0.066,0.8160000000000001,0.076,,0.025,1.3665,,,,1.462,,0.0,0.001,,,,,0.003,0.003,,,,
154,0.1385,,0.002,0.066,1.0965,0.075,,0.025,1.3215000000000001,,,,1.4620000000000002,,0.0,0.001,,,,,0.003,0.003,,,,
155,0.139,,0.002,0.066,0.19,0.0755,,0.025,0.11750000000000001,,,,1.4649999999999999,,0.0,0.001,,,,,0.003,0.003,,,,
156,0.1385,,0.002,0.066,1.374,0.076,,0.025,0.881,,,,1.4485000000000001,,0.0,0.001,,,,,0.003,0.003,,,,
157,0.139,,0.002,0.066,0.25,0.075,,0.025,2.563,,,,1.4525000000000001,,0.0,0.001,,,,,0.003,0.003,,,,
158,0.139,,0.002,0.066,0.2485,0.0755,,0.025,1.4465000000000001,,,,1.4505,,0.0,0.001,,,,,0.003,0.003,,,,
159,0.1385,,0.002,0.066,0.9165000000000001,0.076,,0.025,0.829,,,,1.4489999999999998,,0.0,0.001,,,,,0.003,0.003,,,,
160,0.139,,0.002,0.066,0.666,0.0755,,0.025,0.7925,,,,1.452,,0.0,0.001,,,,,0.003,0.003,,,,
161,0.139,,0.002,0.066,0.2425,0.0755,,0.025,0.52,,,,1.4545,,0.0,0.001,,,,,0.003,0.003,,,,
162,0.139,,0.002,0.066,0.8185,0.0755,,0.025,0.647,,,,1.455,,0.0,0.001,,,,,0.003,0.003,,,,
163,0.139,,0.002,0.066,0.173,0.0755,,0.025,0.6445,,,,1.4495,,0.0,0.001,,,,,0.003,0.003,,,,
164,0.139,,0.002,0.066,0.258,0.0755,,0.025,0.7325,,,,1.457,,0.0,0.001,,,,,0.003,0.003,,,,
165,0.1385,,0.002,0.066,0.7955000000000001,0.075,,0.025,2.1065,,,,1.4535,,0.0,0.001,,,,,0.003,0.003,,,,
166,0.139,,0.002,0.066,0.306,0.075,,0.025,0.34149999999999997,,,,1.459,,0.0,0.001,,,,,0.003,0.003,,,,
167,0.1385,,0.002,0.066,0.1345,0.075,,0.025,0.8210000000000001,,,,1.4575,,0.0,0.001,,,,,0.003,0.003,,,,
168,0.1385,,0.002,0.066,0.7575000000000001,0.0755,,0.025,2.2695,,,,1.4575,,0.0,0.001,,,,,0.003,0.003,,,,
169,0.1395,,0.002,0.066,1.22,0.0755,,0.025,0.46349999999999997,,,,1.4569999999999999,,0.0,0.001,,,,,0.003,0.003,,,,
170,0.1385,,0.002,0.066,0.24300000000000002,0.0755,,0.025,1.4735,,,,1.4585,,0.0,0.001,,,,,0.003,0.003,,,,
171,0.1385,,0.002,0.066,1.0,0.076,,0.025,0.6525000000000001,,,,1.4595,,0.0,0.001,,,,,0.003,0.003,,,,
172,0.139,,0.002,0.066,0.8705,0.075,,0.025,0.256,,,,1.455,,0.0,0.001,,,,,0.003,0.003,,,,
173,0.139,,0.002,0.066,2.4125,0.0755,,0.025,0.8975000000000001,,,,1.459,,0.0,0.001,,,,,0.003,0.003,,,,
174,0.1395,,0.002,0.066,2.1950000000000003,0.0755,,0.025,0.7330000000000001,,,,1.464,,0.0,0.001,,,,,0.003,0.003,,,,
175,0.1385,,0.002,0.066,1.2925,0.075,,0.025,0.23800000000000002,,,,1.4620000000000002,,0.0,0.001,,,,,0.003,0.003,,,,
176,0.1385,,0.002,0.066,2.2910000000000004,0.075,,0.025,0.9670000000000001,,,,1.4685000000000001,,0.0,0.001,,,,,0.003,0.003,,,,
177,0.139,,0.002,0.066,0.682,0.0755,,0.025,0.9410000000000001,,,,1.4655,,0.0,0.001,,,,,0.003,0.003,,,,
178,0.1385,,0.002,0.066,5.3955,0.076,,0.025,3.767,,,,1.4620000000000002,,0.0,0.001,,,,,0.003,0.003,,,,
179,0.139,,0.002,0.066,4.891500000000001,0.0755,,0.025,0.6305,,,,1.461,,0.0,0.001,,,,,0.003,0.003,,,,
180,0.139,,0.002,0.066,0.9805,0.076,,0.025,0.679,,,,1.47,,0.0,0.001,,,,,0.003,0.003,,,,
181,0.139,,0.002,0.066,0.5645,0.075,,0.025,0.2685,,,,1.4675,,0.0,0.001,,,,,0.003,0.003,,,,
182,0.139,,0.002,0.066,0.285,0.0755,,0.025,0.766,,,,1.475,,0.0,0.001,,,,,0.003,0.003,,,,
183,0.139,,0.002,0.066,0.9225,0.075,,0.025,1.9255,,,,1.468,,0.0,0.001,,,,,0.003,0.003,,,,
184,0.1385,,0.002,0.066,0.24400000000000002,0.075,,0.025,0.3685,,,,1.4649999999999999,,0.0,0.001,,,,,0.003,0.003,,,,
185,0.8765000000000001,,0.093,0.536,1.6885,0.5585,,0.21050000000000002,1.7830000000000001,,,0.10550000000000001,,,0.0,0.002,,,,,0.0305,0.03,,,,
186,0.1385,,0.002,0.066,0.9660000000000001,0.0755,,0.025,0.0785,,,,1.459,,0.0,0.001,,,,,0.003,0.003,,,,
187,0.1385,,0.002,0.066,5.82,0.0755,,0.025,0.22399999999999998,,,,1.464,,0.0,0.001,,,,,0.003,0.003,,,,
188,0.1385,,0.002,0.066,0.097,0.0755,,0.025,1.3935,,,,1.467,,0.0,0.001,,,,,0.003,0.003,,,,
189,0.138,,0.002,0.066,0.9585,0.075,,0.025,0.6925,,,,1.4645000000000001,,0.0,0.001,,,,,0.003,0.003,,,,
190,0.139,,0.002,0.066,1.3679999999999999,0.0755,,0.025,0.345,,,,1.459,,0.0,0.001,,,,,0.003,0.003,,,,
191,0.138,,0.002,0.066,1.1415,0.0755,,0.025,1.1845,,,,1.4615,,0.0,0.001,,,,,0.003,0.003,,,,
192,0.138,,0.002,0.066,0.9735,0.0755,,0.025,0.763,,,,1.4655,,0.0,0.001,,,,,0.003,0.003,,,,
193,0.1385,,0.002,0.066,0.9625,0.075,,0.025,3.064,,,,1.461,,0.0,0.001,,,,,0.003,0.003,,,,
194,0.1385,,0.002,0.066,0.265,0.075,,0.025,0.8365,,,,1.4635,,0.0,0.001,,,,,0.003,0.003,,,,
195,0.139,,0.002,0.066,0.9445,0.0755,,0.025,0.807,,,,1.467,,0.0,0.001,,,,,0.003,0.003,,,,
196,0.139,,0.002,0.066,1.3235000000000001,0.075,,0.025,2.1315000000000004,,,,1.4645000000000001,,0.0,0.001,,,,,0.003,0.003,,,,
197,0.138,,0.002,0.0665,0.5615,0.076,,0.025,0.9790000000000001,,,,1.4700000000000002,,0.0,0.001,,,,,0.003,0.003,,,,
198,0.139,,0.002,0.066,1.053,0.0755,,0.025,0.6375,,,,1.465,,0.0,0.001,,,,,0.003,0.003,,,,
199,0.1385,,0.002,0.066,1.1995,0.076,,0.025,1.5965,,,,1.472,,0.0,0.001,,,,,0.003,0.003,,,,
200,0.1385,,0.002,0.066,0.419,0.075,,0.025,0.964,,,,1.4705,,0.0,0.001,,,,,0.003,0.003,,,,
201,0.1385,,0.002,0.066,0.8355,0.0755,,0.025,2.467,,,,1.467,,0.0,0.001,,,,,0.003,0.003,,,,
202,0.1385,,0.002,0.066,1.276,0.0755,,0.025,0.1265,,,,1.467,,0.0,0.001,,,,,0.003,0.003,,,,
203,0.138,,0.002,0.066,0.17650000000000002,0.0755,,0.025,0.791,,,,1.472,,0.0,0.001,,,,,0.003,0.003,,,,
204,0.1385,,0.002,0.066,1.036,0.075,,0.025,0.752,,,,1.4705,,0.0,0.001,,,,,0.003,0.003,,,,
205,0.1385,,0.002,0.066,1.129,0.0755,,0.025,6.0634999999999994,,,,1.471,,0.0,0.001,,,,,0.003,0.003,,,,
206,0.1385,,0.002,0.066,0.417,0.0755,,0.025,1.0375,,,,1.4725000000000001,,0.0,0.001,,,,,0.003,0.003,,,,
207,0.138,,0.002,0.066,2.9655,0.075,,0.025,0.23299999999999998,,,,1.4765000000000001,,0.0,0.001,,,,,0.003,0.003,,,,
208,0.138,,0.002,0.066,3.6959999999999997,0.075,,0.025,1.4625000000000001,,,,1.4769999999999999,,0.0,0.001,,,,,0.003,0.003,,,,
209,0.1385,,0.002,0.066,1.8,0.0755,,0.025,0.8185,,,,1.475,,0.0,0.001,,,,,0.003,0.003,,,,
210,0.139,,0.002,0.066,0.7825000000000001,0.0755,,0.025,0.8815,,,,1.472,,0.0,0.001,,,,,0.003,0.003,,,,
211,0.1385,,0.002,0.066,1.115,0.075,,0.025,0.3145,,,,1.4775,,0.0,0.001,,,,,0.003,0.003,,,,
212,0.1385,,0.002,0.066,0.699,0.075,,0.025,0.191,,,,1.4740000000000002,,0.0,0.001,,,,,0.003,0.003,,,,
213,0.138,,0.002,0.066,0.9640000000000001,0.075,,0.025,0.7375,,,,1.474,,0.0,0.001,,,,,0.003,0.003,,,,
214,0.1385,,0.002,0.066,1.5685,0.075,,0.025,2.726,,,,1.47,,0.0,0.001,,,,,0.003,0.003,,,,
215,0.1385,,0.0025,0.066,2.4385,0.0755,,0.025,1.0475,,,,1.458,,0.0,0.001,,,,,0.003,0.003,,,,
216,0.139,,0.002,0.066,0.675,0.0755,,0.025,4.068,,,,1.4635,,0.0,0.001,,,,,0.003,0.003,,,,
217,0.139,,0.002,0.066,1.228,0.0755,,0.025,0.364,,,,1.4615,,0.0,0.001,,,,,0.003,0.003,,,,
218,0.139,,0.0025,0.066,0.454,0.076,,0.025,1.6444999999999999,,,,1.4625,,0.0,0.001,,,,,0.003,0.003,,,,
219,0.139,,0.002,0.066,0.2715,0.0755,,0.025,0.157,,,,1.4595,,0.0,0.001,,,,,0.003,0.003,,,,
220,0.1385,,0.002,0.066,1.4380000000000002,0.075,,0.025,0.2905,,,,1.4605000000000001,,0.0,0.001,,,,,0.003,0.003,,,,
221,0.139,,0.002,0.066,0.2785,0.075,,0.025,0.458,,,,1.463,,0.0,0.001,,,,,0.003,0.003,,,,
222,0.1385,,0.002,0.066,0.8315,0.075,,0.025,1.085,,,,1.462,,0.0,0.001,,,,,0.003,0.003,,,,
223,0.138,,0.002,0.066,1.1325,0.0755,,0.025,0.292,,,,1.4625,,0.0,0.001,,,,,0.003,0.003,,,,
224,0.1385,,0.002,0.066,0.922,0.0755,,0.025,0.7775,,,,1.4635,,0.0,0.001,,,,,0.003,0.003,,,,
225,0.1385,,0.002,0.066,0.873,0.0755,,0.025,0.5575000000000001,,,,1.4645000000000001,,0.0,0.001,,,,,0.003,0.003,,,,
226,0.1385,,0.002,0.066,1.3735000000000002,0.075,,0.025,0.1195,,,,1.4515,,0.0,0.001,,,,,0.003,0.003,,,,
227,0.138,,0.002,0.066,0.5575,0.0755,,0.025,1.068,,,,1.452,,0.0,0.001,,,,,0.003,0.003,,,,
228,0.1385,,0.002,0.066,0.766,0.0755,,0.025,4.554,,,,1.448,,0.0,0.001,,,,,0.003,0.003,,,,
229,0.138,,0.002,0.066,1.112,0.075,,0.025,1.3599999999999999,,,,1.4545,,0.0,0.001,,,,,0.003,0.003,,,,
230,0.138,,0.002,0.066,0.9465,0.0755,,0.025,0.2465,,,,1.452,,0.0,0.001,,,,,0.003,0.003,,,,
231,0.1385,,0.002,0.066,0.445,0.0755,,0.025,1.5,,,,1.4575,,0.0,0.001,,,,,0.003,0.003,,,,
232,0.139,,0.002,0.066,0.24400000000000002,0.0755,,0.025,0.245,,,,1.4585,,0.0,0.001,,,,,0.003,0.003,,,,
233,0.1385,,0.002,0.066,0.6025,0.0755,,0.025,3.2325,,,,1.4545,,0.0,0.001,,,,,0.003,0.003,,,,
234,0.1385,,0.002,0.066,2.838,0.075,,0.025,7.906,,,,1.46,,0.0,0.001,,,,,0.003,0.003,,,,
235,0.1385,,0.002,0.066,1.2985,0.075,,0.025,0.2655,,,,1.455,,0.0,0.001,,,,,0.003,0.003,,,,
236,0.139,,0.002,0.066,0.1,0.0755,,0.025,0.4895,,,,1.4500000000000002,,0.0,0.001,,,,,0.003,0.003,,,,
237,0.139,,0.002,0.066,0.549,0.075,,0.025,3.265,,,,1.4585,,0.0,0.001,,,,,0.003,0.003,,,,
238,0.138,,0.002,0.066,5.1245,0.075,,0.025,14.923499999999999,,,,1.4575,,0.0,0.001,,,,,0.003,0.003,,,,
239,0.139,,0.002,0.066,1.5115,0.0755,,0.025,0.9755,,,,1.459,,0.0,0.001,,,,,0.003,0.003,,,,
240,0.1385,,0.002,0.066,2.1790000000000003,0.075,,0.025,0.5710000000000001,,,,1.4565000000000001,,0.0,0.001,,,,,0.003,0.003,,,,
241,0.139,,0.002,0.066,0.3795,0.076,,0.025,0.39799999999999996,,,,1.46,,0.0,0.001,,,,,0.003,0.003,,,,
242,0.139,,0.002,0.066,0.608,0.0755,,0.025,0.7035,,,,1.4615,,0.0,0.001,,,,,0.003,0.003,,,,
243,0.1385,,0.002,0.066,0.358,0.075,,0.025,3.41,,,,1.464,,0.0,0.001,,,,,0.003,0.003,,,,
244,0.139,,0.002,0.066,1.3435000000000001,0.075,,0.025,1.9515000000000002,,,,1.4595,,0.0,0.001,,,,,0.003,0.003,,,,
245,0.138,,0.002,0.066,0.131,0.076,,0.025,0.431,,,,1.4605000000000001,,0.0,0.001,,,,,0.003,0.003,,,,
246,0.139,,0.002,0.066,0.5155000000000001,0.0755,,0.025,0.703,,,,1.458,,0.0,0.001,,,,,0.003,0.003,,,,
247,0.1385,,0.002,0.066,1.449,0.075,,0.025,0.396,,,,1.467,,0.0,0.001,,,,,0.003,0.003,,,,
248,0.138,,0.002,0.066,0.2555,0.0755,,0.025,0.9905,,,,1.4655,,0.0,0.001,,,,,0.003,0.003,,,,
249,0.139,,0.002,0.066,0.6645000000000001,0.0755,,0.025,0.4285,,,,1.46,,0.0,0.001,,,,,0.003,0.003,,,,
250,0.1385,,0.002,0.066,1.6175000000000002,0.0755,,0.025,0.4475,,,,1.4655,,0.0,0.001,,,,,0.003,0.003,,,,
251,0.138,,0.002,0.066,0.4545,0.075,,0.025,0.7470000000000001,,,,1.464,,0.0,0.001,,,,,0.003,0.003,,,,
252,0.138,,0.002,0.066,0.17450000000000002,0.075,,0.025,0.702,,,,1.4615,,0.0,0.001,,,,,0.003,0.003,,,,
253,0.139,,0.002,0.066,0.988,0.0755,,0.025,0.3505,,,,1.4635,,0.0,0.001,,,,,0.003,0.003,,,,
254,0.1385,,0.002,0.066,0.3275,0.0755,,0.025,0.1125,,,,1.4645000000000001,,0.0,0.001,,,,,0.003,0.003,,,,
255,0.1385,,0.002,0.066,0.4245,0.076,,0.025,0.387,,,,1.4689999999999999,,0.0,0.001,,,,,0.003,0.003,,,,
256,0.1385,,0.002,0.066,1.649,0.0755,,0.025,2.5055,,,,1.4675,,0.0,0.001,,,,,0.003,0.003,,,,
257,0.138,,0.002,0.066,2.5095,0.0755,,0.025,0.4265,,,,1.469,,0.0,0.001,,,,,0.003,0.003,,,,
258,0.138,,0.002,0.066,1.7735,0.0755,,0.025,2.8645,,,,1.4649999999999999,,0.0,0.001,,,,,0.003,0.003,,,,
259,0.139,,0.002,0.066,1.6385,0.076,,0.025,5.41,,,,1.4675,,0.0,0.001,,,,,0.003,0.003,,,,
260,0.138,,0.002,0.066,2.0055,0.0755,,0.025,0.7825,,,,1.467,,0.0,0.001,,,,,0.003,0.003,,,,
261,0.138,,0.002,0.066,0.11450000000000002,0.0755,,0.025,3.6770000000000005,,,,1.471,,0.0,0.001,,,,,0.003,0.003,,,,
262,0.1385,,0.002,0.066,1.4300000000000002,0.0755,,0.025,0.23550000000000001,,,,1.4705,,0.0,0.001,,,,,0.003,0.003,,,,
263,0.14,,0.002,0.066,0.3505,0.0755,,0.025,0.22749999999999998,,,,1.4695,,0.0,0.001,,,,,0.003,0.003,,,,
264,0.138,,0.002,0.066,0.3875,0.0755,,0.025,1.0705,,,,1.4695,,0.0,0.001,,,,,0.003,0.003,,,,
265,0.1385,,0.002,0.066,0.9640000000000001,0.075,,0.025,0.3895,,,,1.472,,0.0,0.001,,,,,0.003,0.003,,,,
266,0.1385,,0.002,0.066,0.373,0.075,,0.025,1.6,,,,1.4745,,0.0,0.001,,,,,0.003,0.003,,,,
267,0.139,,0.002,0.066,3.4175,0.075,,0.025,1.943,,,,1.476,,0.0,0.001,,,,,0.003,0.003,,,,
268,0.1385,,0.002,0.066,0.9910000000000001,0.075,,0.025,0.14950000000000002,,,,1.4780000000000002,,0.0,0.001,,,,,0.003,0.003,,,,
269,0.139,,0.002,0.066,0.20700000000000002,0.0755,,0.025,0.8355,,,,1.474,,0.0,0.001,,,,,0.003,0.003,,,,
270,0.1385,,0.002,0.066,0.3195,0.0755,,0.025,0.6175,,,,1.4795,,0.0,0.001,,,,,0.003,0.003,,,,
271,0.139,,0.002,0.066,4.058,0.076,,0.025,1.3330000000000002,,,,1.4555,,0.0,0.001,,,,,0.003,0.003,,,,
272,0.139,,0.002,0.0655,0.4725,0.076,,0.025,0.304,,,,1.46,,0.0,0.001,,,,,0.003,0.003,,,,
273,0.139,,0.002,0.066,0.9045000000000001,0.0765,,0.025,3.8070000000000004,,,,1.46,,0.0,0.001,,,,,0.003,0.003,,,,
274,2.023,,0.242,0.9764999999999999,4.982,1.1325,,0.3585,4.0505,,,0.1667,,,0.0,0.0026000000000000003,,,,,0.092,0.0915,,,,
275,0.139,,0.002,0.066,0.1505,0.0755,,0.025,0.273,,,,1.4515,,0.0,0.001,,,,,0.003,0.003,,,,
276,0.139,,0.002,0.066,2.7125,0.075,,0.025,2.4920000000000004,,,,1.4500000000000002,,0.0,0.001,,,,,0.003,0.003,,,,
277,0.139,,0.002,0.066,4.015,0.075,,0.025,7.215999999999999,,,,1.455,,0.0,0.001,,,,,0.003,0.003,,,,
278,0.1385,,0.002,0.066,0.1235,0.0755,,0.025,7.4725,,,,1.4535,,0.0,0.001,,,,,0.003,0.003,,,,
279,0.139,,0.002,0.066,0.9455,0.075,,0.025,0.9430000000000001,,,,1.455,,0.0,0.001,,,,,0.003,0.003,,,,
280,0.1385,,0.002,0.066,1.5015,0.0755,,0.025,0.196,,,,1.455,,0.0,0.001,,,,,0.003,0.003,,,,
281,0.139,,0.002,0.066,0.2865,0.076,,0.025,0.10450000000000001,,,,1.4365,,0.0,0.001,,,,,0.003,0.003,,,,
282,0.1385,,0.002,0.066,0.8025000000000001,0.0755,,0.025,0.9035000000000001,,,,1.439,,0.0,0.001,,,,,0.003,0.003,,,,
283,0.1385,,0.002,0.066,1.3185000000000002,0.075,,0.025,1.0205,,,,1.4369999999999998,,0.0,0.001,,,,,0.003,0.003,,,,
284,0.1385,,0.002,0.066,0.982,0.076,,0.025,0.40049999999999997,,,,1.44,,0.0,0.001,,,,,0.003,0.003,,,,
285,0.1385,,0.002,0.066,0.808,0.076,,0.025,2.5090000000000003,,,,1.4385,,0.0,0.001,,,,,0.003,0.003,,,,
286,0.139,,0.002,0.066,4.6745,0.0755,,0.025,0.775,,,,1.4409999999999998,,0.0,0.001,,,,,0.003,0.003,,,,
287,0.1385,,0.002,0.066,0.6880000000000001,0.076,,0.025,0.325,,,,1.4405000000000001,,0.0,0.001,,,,,0.003,0.003,,,,
288,0.139,,0.002,0.066,0.8555,0.076,,0.025,2.0415,,,,1.4415,,0.0,0.001,,,,,0.003,0.003,,,,
289,0.138,,0.002,0.066,1.8095,0.0755,,0.025,0.8915,,,,1.443,,0.0,0.001,,,,,0.003,0.003,,,,
290,0.138,,0.002,0.066,0.7765000000000001,0.076,,0.025,3.1745,,,,1.445,,0.0,0.001,,,,,0.003,0.003,,,,
291,0.1385,,0.002,0.066,10.415999999999999,0.076,,0.025,13.497,,,,1.4435,,0.0,0.001,,,,,0.003,0.003,,,,
292,0.1385,,0.002,0.066,1.7625000000000002,0.0755,,0.025,3.0275,,,,1.4420000000000002,,0.0,0.001,,,,,0.003,0.003,,,,
293,0.138,,0.002,0.066,1.6315000000000002,0.076,,0.025,0.317,,,,1.445,,0.0,0.001,,,,,0.003,0.003,,,,
294,0.139,,0.002,0.066,0.24850000000000003,0.0755,,0.025,0.107,,,,1.4485000000000001,,0.0,0.001,,,,,0.003,0.003,,,,
295,0.1385,,0.002,0.066,1.679,0.0755,,0.025,1.4125,,,,1.445,,0.0,0.001,,,,,0.003,0.003,,,,
296,0.139,,0.002,0.066,1.3555,0.076,,0.025,0.7020000000000001,,,,1.4460000000000002,,0.0,0.001,,,,,0.003,0.003,,,,
297,0.1385,,0.002,0.066,0.666,0.076,,0.025,3.269,,,,1.446,,0.0,0.001,,,,,0.003,0.003,,,,
298,0.1385,,0.002,0.066,4.739,0.0755,,0.025,1.42,,,,1.4475,,0.0,0.001,,,,,0.003,0.003,,,,
299,0.139,,0.002,0.066,3.2335,0.0755,,0.025,5.719,,,,1.4215,,0.0,0.001,,,,,0.003,0.003,,,,
300,0.139,,0.002,0.066,0.3235,0.075,,0.025,1.6335,,,,1.4184999999999999,,0.0,0.001,,,,,0.003,0.003,,,,
301,0.1385,,0.0025,0.066,0.4175,0.0755,,0.025,1.6515,,,,1.4215,,0.0,0.001,,,,,0.003,0.003,,,,
302,0.1385,,0.002,0.066,0.6245,0.076,,0.025,0.294,,,,1.42,,0.0,0.001,,,,,0.003,0.003,,,,
303,0.139,,0.002,0.066,0.6535,0.0755,,0.025,0.8855,,,,1.4195,,0.0,0.001,,,,,0.003,0.003,,,,
304,0.1395,,0.002,0.066,4.281000000000001,0.075,,0.025,1.0935000000000001,,,,1.4209999999999998,,0.0,0.001,,,,,0.003,0.003,,,,
305,0.1385,,0.002,0.066,0.5095000000000001,0.0755,,0.025,1.9795,,,,1.422,,0.0,0.001,,,,,0.003,0.003,,,,
306,0.1385,,0.002,0.066,0.5625,0.075,,0.025,0.896,,,,1.4260000000000002,,0.0,0.001,,,,,0.003,0.003,,,,
307,0.138,,0.002,0.066,0.38,0.075,,0.025,0.519,,,,1.4255,,0.0,0.001,,,,,0.003,0.003,,,,
308,0.139,,0.002,0.066,0.5985,0.075,,0.025,0.17250000000000001,,,,1.427,,0.0,0.001,,,,,0.003,0.003,,,,
309,0.1385,,0.002,0.066,0.63,0.0755,,0.025,0.39849999999999997,,,,1.423,,0.0,0.001,,,,,0.003,0.003,,,,
310,0.1385,,0.002,0.066,0.413,0.075,,0.025,2.7525000000000004,,,,1.424,,0.0,0.001,,,,,0.003,0.003,,,,
311,0.138,,0.002,0.066,0.6515,0.075,,0.025,0.40449999999999997,,,,1.4260000000000002,,0.0,0.001,,,,,0.003,0.003,,,,
312,0.139,,0.002,0.066,2.7885,0.075,,0.025,0.4065,,,,1.4255,,0.0,0.001,,,,,0.003,0.003,,,,
313,0.1385,,0.002,0.066,1.3785,0.076,,0.025,0.194,,,,1.4245,,0.0,0.001,,,,,0.003,0.003,,,,
314,0.1385,,0.002,0.066,0.116,0.0755,,0.025,1.0610000000000002,,,,1.4289999999999998,,0.0,0.001,,,,,0.003,0.003,,,,
315,0.1385,,0.002,0.066,0.18300000000000002,0.075,,0.025,3.1610000000000005,,,,1.425,,0.0,0.001,,,,,0.003,0.003,,,,
316,0.1395,,0.002,0.066,0.268,0.0755,,0.025,4.3999999999999995,,,,1.429,,0.0,0.001,,,,,0.003,0.003,,,,
317,0.139,,0.002,0.066,0.5575,0.076,,0.025,0.192,,,,1.426,,0.0,0.001,,,,,0.003,0.003,,,,
318,0.138,,0.002,0.066,0.503,0.075,,0.025,0.2705,,,,1.4335,,0.0,0.001,,,,,0.003,0.003,,,,
319,0.139,,0.002,0.066,0.1975,0.075,,0.025,0.7615,,,,1.427,,0.0,0.001,,,,,0.003,0.003,,,,
320,0.139,,0.002,0.066,0.763,0.0755,,0.025,0.889,,,,1.4315,,0.0,0.001,,,,,0.003,0.003,,,,
321,0.1385,,0.002,0.066,0.4785,0.075,,0.025,0.177,,,,1.431,,0.0,0.001,,,,,0.003,0.003,,,,
322,0.1385,,0.002,0.066,1.4405,0.075,,0.025,1.069,,,,1.4375,,0.0,0.001,,,,,0.003,0.003,,,,
323,0.1385,,0.002,0.066,0.516,0.0755,,0.025,6.41,,,,1.438,,0.0,0.001,,,,,0.003,0.003,,,,
324,0.1385,,0.002,0.066,3.339,0.0755,,0.025,1.6355,,,,1.429,,0.0,0.001,,,,,0.003,0.003,,,,
325,1.571,,0.194,0.765,2.9975,0.844,,0.293,2.6165000000000003,,,1.178,,,0.0,0.009500000000000001,,,,,0.0545,0.0545,,,,
326,0.139,,0.002,0.066,4.2345,0.075,,0.025,4.7065,,,,1.4615,,0.0,0.001,,,,,0.003,0.003,,,,
327,0.1385,,0.002,0.0665,3.496,0.075,,0.025,4.7125,,,,1.46,,0.0,0.001,,,,,0.003,0.003,,,,
328,0.138,,0.002,0.066,1.272,0.076,,0.025,3.205,,,,1.46,,0.0,0.001,,,,,0.003,0.003,,,,
329,0.139,,0.002,0.066,0.5965,0.0755,,0.025,1.0205,,,,1.4645000000000001,,0.0,0.001,,,,,0.003,0.003,,,,
330,0.139,,0.002,0.066,0.482,0.076,,0.025,3.1735,,,,1.463,,0.0,0.001,,,,,0.003,0.003,,,,
331,2.572,,0.3105,1.3305,4.304,1.4635,,0.4895,6.9190000000000005,,,0.44991666666666663,,,0.0,0.005,,,,,0.1925,0.19,,,,
332,0.1385,,0.002,0.066,0.36300000000000004,0.075,,0.025,1.0570000000000002,,,,1.4705,,0.0,0.001,,,,,0.003,0.003,,,,
333,0.1385,,0.002,0.066,0.4815,0.075,,0.025,1.05,,,,1.4655,,0.0,0.001,,,,,0.003,0.003,,,,
334,0.1385,,0.002,0.066,1.2220000000000002,0.0755,,0.025,1.4795,,,,1.467,,0.0,0.001,,,,,0.003,0.003,,,,
335,0.1385,,0.002,0.066,0.741,0.075,,0.025,0.376,,,,1.462,,0.0,0.001,,,,,0.003,0.003,,,,
336,0.139,,0.002,0.066,0.40499999999999997,0.076,,0.025,2.25,,,,1.467,,0.0,0.001,,,,,0.003,0.003,,,,
337,0.1385,,0.002,0.066,1.567,0.075,,0.025,1.4235,,,,1.471,,0.0,0.001,,,,,0.003,0.003,,,,
338,0.1385,,0.002,0.066,0.7725,0.0755,,0.025,4.3145,,,,1.4725000000000001,,0.0,0.001,,,,,0.003,0.003,,,,
339,0.139,,0.002,0.066,0.4955,0.075,,0.025,0.799,,,,1.468,,0.0,0.001,,,,,0.003,0.003,,,,
340,0.139,,0.0025,0.066,1.8445,0.0755,,0.025,0.6205,,,,1.4725000000000001,,0.0,0.001,,,,,0.003,0.003,,,,
341,0.139,,0.002,0.066,1.2525000000000002,0.075,,0.025,1.261,,,,1.4735,,0.0,0.001,,,,,0.003,0.003,,,,
342,0.139,,0.002,0.066,0.3525,0.075,,0.025,0.3785,,,,1.434,,0.0,0.001,,,,,0.003,0.003,,,,
343,0.139,,0.002,0.066,1.2205,0.0755,,0.025,0.6915,,,,1.4335,,0.0,0.001,,,,,0.003,0.003,,,,
344,2.0295,,0.241,0.977,3.3915,1.135,,0.363,3.5675,,,1.8315000000000001,,,0.0,0.0215,,,,,0.09,0.0915,,,,
345,0.139,,0.002,0.066,0.49150000000000005,0.076,,0.025,1.225,,,,1.4585,,0.0,0.001,,,,,0.003,0.003,,,,
346,0.1385,,0.002,0.066,1.345,0.075,,0.025,1.0005000000000002,,,,1.458,,0.0,0.001,,,,,0.003,0.003,,,,
347,0.1385,,0.002,0.066,0.37,0.075,,0.025,0.765,,,,1.4545,,0.0,0.001,,,,,0.003,0.003,,,,
348,0.139,,0.002,0.066,0.754,0.0755,,0.025,1.731,,,,1.4585,,0.0,0.001,,,,,0.003,0.003,,,,
349,0.1385,,0.002,0.066,1.574,0.075,,0.025,0.9005000000000001,,,,1.457,,0.0,0.001,,,,,0.003,0.003,,,,
350,0.1385,,0.002,0.066,0.33349999999999996,0.0755,,0.025,1.157,,,,1.456,,0.0,0.001,,,,,0.003,0.003,,,,
351,0.1385,,0.0025,0.066,0.82,0.0755,,0.025,0.194,,,,1.455,,0.0,0.001,,,,,0.003,0.003,,,,
352,0.1395,,0.002,0.066,1.5170000000000001,0.0755,,0.025,0.20650000000000002,,,,1.46,,0.0,0.001,,,,,0.003,0.003,,,,
353,0.139,,0.002,0.066,0.262,0.076,,0.025,0.9505,,,,1.4645000000000001,,0.0,0.001,,,,,0.003,0.003,,,,
354,0.139,,0.002,0.066,1.442,0.0755,,0.025,3.47,,,,1.462,,0.0,0.001,,,,,0.003,0.003,,,,
355,0.1385,,0.002,0.066,1.4565,0.0755,,0.025,2.3605,,,,1.459,,0.0,0.001,,,,,0.003,0.003,,,,
356,0.139,,0.002,0.066,0.2845,0.075,,0.025,1.0490000000000002,,,,1.46,,0.0,0.001,,,,,0.003,0.003,,,,
357,0.1385,,0.002,0.066,3.527,0.075,,0.025,1.445,,,,1.4620000000000002,,0.0,0.001,,,,,0.003,0.003,,,,
358,0.1395,,0.002,0.065,1.326,0.076,,0.025,1.6385,,,,1.4575,,0.0,0.001,,,,,0.003,0.003,,,,
359,0.139,,0.003,0.066,0.426,0.076,,0.025,0.6075,,,,1.4385,,0.0,0.001,,,,,0.003,0.003,,,,
360,0.139,,0.002,0.065,0.083,0.076,,0.025,2.5020000000000002,,,,1.4385,,0.0,0.001,,,,,0.003,0.003,,,,
361,0.139,,0.002,0.066,0.649,0.076,,0.025,1.6260000000000001,,,,1.439,,0.0,0.001,,,,,0.003,0.003,,,,
362,0.1395,,0.002,0.066,0.151,0.076,,0.025,0.282,,,,1.4425,,0.0,0.001,,,,,0.003,0.003,,,,
363,0.1385,,0.002,0.066,4.942,0.076,,0.025,0.17,,,,1.439,,0.0,0.001,,,,,0.003,0.003,,,,
364,0.1395,,0.002,0.066,1.2209999999999999,0.076,,0.025,0.5605,,,,1.439,,0.0,0.001,,,,,0.003,0.003,,,,
365,0.139,,0.002,0.0655,0.20950000000000002,0.076,,0.025,3.6655,,,,1.443,,0.0,0.001,,,,,0.003,0.003,,,,
366,0.139,,0.002,0.066,0.5235,0.076,,0.025,0.5545,,,,1.4465,,0.0,0.001,,,,,0.003,0.003,,,,
367,1.283,,0.1475,0.7344999999999999,2.2035,0.7025,,0.2765,2.2605,,,0.7895000000000001,,,0.0,0.007,,,,,0.043000000000000003,0.042,,,,
368,0.139,,0.002,0.0655,0.1045,0.076,,0.025,0.2395,,,,1.4329999999999998,,0.0,0.001,,,,,0.003,0.003,,,,
369,0.139,,0.002,0.0655,0.2745,0.076,,0.025,0.948,,,,1.432,,0.0,0.001,,,,,0.003,0.003,,,,
370,0.139,,0.002,0.0655,0.7405,0.076,,0.025,0.5940000000000001,,,,1.4365,,0.0,0.001,,,,,0.003,0.003,,,,
371,0.139,,0.002,0.066,0.45849999999999996,0.076,,0.025,0.9385,,,,1.4365,,0.0,0.001,,,,,0.003,0.003,,,,
372,0.139,,0.003,0.0655,0.289,0.076,,0.025,2.5250000000000004,,,,1.4375,,0.0,0.001,,,,,0.003,0.003,,,,
373,0.139,,0.002,0.0655,1.143,0.0765,,0.025,3.5,,,,1.4340000000000002,,0.0,0.001,,,,,0.003,0.003,,,,
374,0.139,,0.0025,0.066,0.2155,0.076,,0.025,1.115,,,,1.4375,,0.0,0.001,,,,,0.003,0.003,,,,
375,0.139,,0.002,0.066,0.6155,0.076,,0.025,0.35,,,,1.4385,,0.0,0.001,,,,,0.003,0.003,,,,
376,0.1395,,0.002,0.0655,2.0265,0.076,,0.025,0.1535,,,,1.4385,,0.0,0.001,,,,,0.003,0.003,,,,
377,0.139,,0.002,0.0655,4.339,0.076,,0.025,6.240500000000001,,,,1.4375,,0.0,0.001,,,,,0.003,0.003,,,,
378,0.139,,0.002,0.0655,0.425,0.076,,0.025,0.24750000000000003,,,,1.438,,0.0,0.001,,,,,0.003,0.003,,,,
379,1.1555,,0.1385,0.584,2.0535,0.6950000000000001,,0.2215,3.616,,,0.7104999999999999,,,0.0,0.006500000000000001,,,,,0.0405,0.04,,,,
380,0.1385,,0.002,0.0655,0.1075,0.076,,0.025,0.068,,,,1.4605000000000001,,0.0,0.001,,,,,0.003,0.003,,,,
381,0.139,,0.002,0.0655,0.5865,0.0765,,0.025,0.27,,,,1.4609999999999999,,0.0,0.001,,,,,0.003,0.003,,,,
382,0.139,,0.002,0.066,0.3535,0.076,,0.025,0.5235,,,,1.4615,,0.0,0.001,,,,,0.003,0.003,,,,
383,0.1395,,0.002,0.066,1.1075,0.076,,0.025,2.335,,,,1.459,,0.0,0.001,,,,,0.003,0.003,,,,
384,0.1395,,0.002,0.066,0.3845,0.076,,0.025,2.3805,,,,1.4605000000000001,,0.0,0.001,,,,,0.003,0.003,,,,
385,0.139,,0.002,0.0655,1.084,0.076,,0.025,3.1555,,,,1.4595,,0.0,0.001,,,,,0.003,0.003,,,,
386,0.139,,0.002,0.0655,0.2215,0.076,,0.025,0.168,,,,1.4615,,0.0,0.001,,,,,0.003,0.003,,,,
387,0.139,,0.002,0.066,0.307,0.076,,0.025,2.52,,,,1.459,,0.0,0.001,,,,,0.003,0.003,,,,
388,0.139,,0.002,0.0655,5.769,0.076,,0.025,2.7835,,,,1.4645000000000001,,0.0,0.001,,,,,0.003,0.003,,,,
389,0.139,,0.002,0.0655,4.6295,0.076,,0.025,4.7365,,,,1.464,,0.0,0.001,,,,,0.003,0.003,,,,
390,0.139,,0.002,0.066,0.432,0.076,,0.025,1.9215,,,,1.4645000000000001,,0.0,0.001,,,,,0.003,0.003,,,,
391,1.0105,,0.111,0.534,2.8025,0.5680000000000001,,0.2145,4.3375,,,0.529,,,0.0,0.005,,,,,0.0335,0.034,,,,
392,0.139,,0.002,0.066,6.3235,0.076,,0.025,6.37,,,,1.4655,,0.0,0.001,,,,,0.003,0.003,,,,
393,0.1385,,0.002,0.0655,3.8985000000000003,0.076,,0.025,4.3525,,,,1.4665,,0.0,0.001,,,,,0.003,0.003,,,,
394,0.139,,0.002,0.065,4.9639999999999995,0.076,,0.025,4.415,,,,1.4660000000000002,,0.0,0.001,,,,,0.003,0.003,,,,
395,0.139,,0.002,0.065,0.3745,0.076,,0.025,0.317,,,,1.4620000000000002,,0.0,0.001,,,,,0.003,0.003,,,,
396,0.138,,0.003,0.0655,0.1875,0.076,,0.025,0.267,,,,1.4675,,0.0,0.001,,,,,0.003,0.003,,,,
397,0.1385,,0.002,0.066,1.077,0.076,,0.025,5.8885000000000005,,,,1.464,,0.0,0.001,,,,,0.003,0.003,,,,
398,0.139,,0.002,0.0655,0.5285,0.076,,0.025,0.39399999999999996,,,,1.4685000000000001,,0.0,0.001,,,,,0.003,0.003,,,,
399,0.139,,0.002,0.0655,0.3035,0.0755,,0.025,2.239,,,,1.467,,0.0,0.001,,,,,0.003,0.003,,,,
400,0.139,,0.002,0.0655,2.097,0.076,,0.025,0.854,,,,1.461,,0.0,0.001,,,,,0.003,0.003,,,,
401,0.139,,0.002,0.0655,1.5625,0.076,,0.025,5.1435,,,,1.468,,0.0,0.001,,,,,0.003,0.003,,,,
402,0.1395,,0.002,0.0655,4.7455,0.076,,0.025,2.8525,,,,1.47,,0.0,0.001,,,,,0.003,0.003,,,,
403,0.139,,0.002,0.065,2.579,0.076,,0.025,1.2075,,,,1.4685000000000001,,0.0,0.001,,,,,0.003,0.003,,,,
404,0.1385,,0.002,0.066,0.4895,0.076,,0.025,0.7715000000000001,,,,1.4695,,0.0,0.001,,,,,0.003,0.003,,,,
405,0.1395,,0.002,0.066,0.24750000000000003,0.076,,0.025,0.2965,,,,1.471,,0.0,0.001,,,,,0.003,0.003,,,,
406,0.139,,0.002,0.066,0.663,0.076,,0.025,0.8935000000000001,,,,1.4725000000000001,,0.0,0.001,,,,,0.003,0.003,,,,
407,0.1385,,0.002,0.0655,2.849,0.076,,0.025,1.58,,,,1.472,,0.0,0.001,,,,,0.003,0.003,,,,
408,0.7164999999999999,,0.065,0.3365,1.1915,0.4165,,0.14550000000000002,3.49,,,0.28450000000000003,,,0.0,0.004,,,,,0.025,0.0245,,,,
409,0.139,,0.002,0.0655,3.9465,0.076,,0.025,6.256,,,,1.4460000000000002,,0.0,0.001,,,,,0.003,0.003,,,,
410,0.139,,0.002,0.0655,1.493,0.076,,0.025,1.467,,,,1.449,,0.0,0.001,,,,,0.003,0.003,,,,
411,0.139,,0.002,0.066,6.4254999999999995,0.076,,0.025,3.597,,,,1.4475,,0.0,0.001,,,,,0.003,0.003,,,,
412,0.1395,,0.002,0.0655,1.3170000000000002,0.076,,0.025,1.2675,,,,1.4460000000000002,,0.0,0.001,,,,,0.003,0.003,,,,
413,0.1385,,0.002,0.066,0.262,0.076,,0.025,1.4535,,,,1.4255,,0.0,0.001,,,,,0.003,0.003,,,,
414,0.1385,,0.002,0.0655,0.7300000000000001,0.076,,0.025,0.525,,,,1.41,,0.0,0.001,,,,,0.003,0.003,,,,
415,0.1385,,0.002,0.0655,0.66,0.0755,,0.025,3.357,,,,1.4144999999999999,,0.0,0.001,,,,,0.003,0.003,,,,
416,0.1395,,0.002,0.066,1.8775,0.0755,,0.025,2.6315,,,,1.4144999999999999,,0.0,0.001,,,,,0.003,0.003,,,,
417,0.1385,,0.002,0.066,0.40599999999999997,0.076,,0.025,0.3765,,,,1.4135,,0.0,0.001,,,,,0.003,0.003,,,,
418,0.1385,,0.002,0.066,0.23700000000000002,0.076,,0.025,1.6480000000000001,,,,1.416,,0.0,0.001,,,,,0.003,0.003,,,,
419,0.139,,0.002,0.0655,0.8320000000000001,0.076,,0.025,1.2055,,,,1.4140000000000001,,0.0,0.001,,,,,0.003,0.003,,,,
420,0.139,,0.002,0.0655,1.691,0.0755,,0.025,0.1615,,,,1.4184999999999999,,0.0,0.001,,,,,0.003,0.003,,,,
421,0.139,,0.002,0.065,0.7310000000000001,0.076,,0.025,0.7295,,,,1.4035000000000002,,0.0,0.001,,,,,0.003,0.003,,,,
422,0.139,,0.002,0.065,0.099,0.076,,0.025,0.089,,,,1.4005,,0.0,0.001,,,,,0.003,0.003,,,,
423,0.139,,0.002,0.066,2.698,0.076,,0.025,0.5725,,,,1.4020000000000001,,0.0,0.001,,,,,0.003,0.003,,,,
424,0.139,,0.002,0.066,0.5635,0.076,,0.025,0.32849999999999996,,,,1.403,,0.0,0.001,,,,,0.003,0.003,,,,
425,0.1385,,0.002,0.066,0.10550000000000001,0.076,,0.025,0.6525,,,,1.4055,,0.0,0.001,,,,,0.003,0.003,,,,
426,0.139,,0.002,0.0655,0.5285,0.076,,0.025,1.808,,,,1.4060000000000001,,0.0,0.001,,,,,0.003,0.003,,,,
427,0.139,,0.002,0.066,2.3554999999999997,0.0755,,0.025,2.7855,,,,1.4055,,0.0,0.001,,,,,0.003,0.003,,,,
428,0.139,,0.002,0.066,0.1335,0.076,,0.025,2.6945,,,,1.407,,0.0,0.001,,,,,0.003,0.003,,,,
429,0.1385,,0.002,0.0655,0.7360000000000001,0.076,,0.025,0.427,,,,1.4025,,0.0,0.001,,,,,0.003,0.003,,,,
430,0.1395,,0.002,0.066,0.7215,0.076,,0.025,1.4415000000000002,,,,1.4045,,0.0,0.001,,,,,0.003,0.003,,,,
431,0.139,,0.002,0.0655,0.24200000000000002,0.076,,0.025,0.33599999999999997,,,,1.4005,,0.0,0.001,,,,,0.003,0.003,,,,
432,0.1385,,0.002,0.066,2.069,0.076,,0.025,3.879,,,,1.396,,0.0,0.001,,,,,0.003,0.003,,,,
433,0.1385,,0.002,0.066,1.2515,0.076,,0.025,0.5740000000000001,,,,1.403,,0.0,0.001,,,,,0.003,0.003,,,,
434,0.139,,0.002,0.065,0.7030000000000001,0.076,,0.025,1.093,,,,1.4000000000000001,,0.0,0.001,,,,,0.003,0.003,,,,
435,0.139,,0.002,0.066,0.442,0.076,,0.025,0.23800000000000002,,,,1.3980000000000001,,0.0,0.001,,,,,0.003,0.003,,,,
436,0.139,,0.002,0.066,0.5155000000000001,0.076,,0.025,0.74,,,,1.3980000000000001,,0.0,0.001,,,,,0.003,0.003,,,,
437,3.0244999999999997,,0.36,1.5315,6.4765,1.6615000000000002,,0.5605,11.0425,,,0.8545833333333334,,,0.0,0.010333333333333333,,,,,0.2245,0.216,,,,
438,0.139,,0.002,0.066,1.1305,0.076,,0.025,1.453,,,,1.4335,,0.0,0.001,,,,,0.003,0.003,,,,
439,0.139,,0.002,0.0655,3.297,0.076,,0.025,1.4765,,,,1.4385,,0.0,0.001,,,,,0.003,0.003,,,,
440,0.139,,0.002,0.065,0.14,0.076,,0.025,0.21250000000000002,,,,1.435,,0.0,0.001,,,,,0.003,0.003,,,,
441,0.139,,0.002,0.0655,0.5175000000000001,0.076,,0.025,0.6295000000000001,,,,1.4344999999999999,,0.0,0.001,,,,,0.003,0.003,,,,
442,0.139,,0.002,0.0655,1.125,0.076,,0.025,0.483,,,,1.4425,,0.0,0.001,,,,,0.003,0.003,,,,
443,0.139,,0.002,0.066,0.20600000000000002,0.076,,0.025,2.984,,,,1.4445000000000001,,0.0,0.001,,,,,0.003,0.003,,,,
444,0.1385,,0.002,0.0655,0.319,0.076,,0.025,0.46699999999999997,,,,1.44,,0.0,0.001,,,,,0.003,0.003,,,,
445,0.1385,,0.002,0.066,0.228,0.076,,0.025,0.415,,,,1.4395,,0.0,0.001,,,,,0.003,0.003,,,,
446,0.139,,0.0025,0.0655,0.2765,0.076,,0.025,0.5825,,,,1.4385,,0.0,0.001,,,,,0.003,0.003,,,,
447,0.139,,0.002,0.0655,0.34049999999999997,0.076,,0.025,1.4160000000000001,,,,1.443,,0.0,0.001,,,,,0.003,0.003,,,,
448,0.139,,0.002,0.0655,0.349,0.076,,0.025,0.3165,,,,1.4385,,0.0,0.001,,,,,0.003,0.003,,,,
449,0.139,,0.002,0.066,0.6495000000000001,0.076,,0.025,0.664,,,,1.4455,,0.0,0.001,,,,,0.003,0.003,,,,
450,1.7389999999999999,,0.219,0.932,5.435,1.0030000000000001,,0.35250000000000004,5.592499999999999,,,0.31033333333333335,,,0.0,0.003666666666666667,,,,,0.067,0.0675,,,,
451,0.139,,0.002,0.066,0.35050000000000003,0.076,,0.025,0.874,,,,1.4635,,0.0,0.001,,,,,0.003,0.003,,,,
452,0.139,,0.002,0.065,0.24400000000000002,0.076,,0.025,0.2225,,,,1.4585,,0.0,0.001,,,,,0.003,0.003,,,,
453,0.1395,,0.002,0.065,0.20500000000000002,0.0755,,0.025,0.11349999999999999,,,,1.4649999999999999,,0.0,0.001,,,,,0.003,0.003,,,,
454,0.1385,,0.002,0.065,0.564,0.0755,,0.025,0.414,,,,1.458,,0.0,0.001,,,,,0.003,0.003,,,,
455,0.139,,0.002,0.066,0.144,0.0755,,0.025,0.5495,,,,1.4625,,0.0,0.001,,,,,0.003,0.003,,,,
456,0.139,,0.002,0.0655,0.366,0.076,,0.025,0.6075,,,,1.4605000000000001,,0.0,0.001,,,,,0.003,0.003,,,,
457,0.139,,0.002,0.0655,0.3775,0.0755,,0.025,0.566,,,,1.465,,0.0,0.001,,,,,0.003,0.003,,,,
458,0.139,,0.002,0.066,0.479,0.076,,0.025,6.4319999999999995,,,,1.4649999999999999,,0.0,0.001,,,,,0.003,0.003,,,,
459,0.139,,0.002,0.0655,0.39799999999999996,0.076,,0.025,0.901,,,,1.4635,,0.0,0.001,,,,,0.003,0.003,,,,
460,0.139,,0.002,0.065,0.4235,0.076,,0.025,0.904,,,,1.4655,,0.0,0.001,,,,,0.003,0.003,,,,
461,0.139,,0.002,0.065,0.099,0.0755,,0.025,2.811,,,,1.4649999999999999,,0.0,0.001,,,,,0.003,0.003,,,,
462,0.139,,0.002,0.066,0.6295,0.0755,,0.025,0.23800000000000002,,,,1.4649999999999999,,0.0,0.001,,,,,0.003,0.003,,,,
463,0.139,,0.002,0.0655,0.637,0.076,,0.025,0.546,,,,1.468,,0.0,0.001,,,,,0.003,0.003,,,,
464,0.139,,0.002,0.0655,0.576,0.076,,0.025,0.7395,,,,1.4655,,0.0,0.001,,,,,0.003,0.003,,,,
465,0.139,,0.0025,0.0655,0.798,0.076,,0.025,2.0075,,,,1.4715,,0.0,0.001,,,,,0.003,0.003,,,,
466,0.139,,0.002,0.065,0.292,0.076,,0.025,0.24800000000000003,,,,1.4735,,0.0,0.001,,,,,0.003,0.003,,,,
467,0.139,,0.002,0.0655,0.1205,0.076,,0.025,0.509,,,,1.4700000000000002,,0.0,0.001,,,,,0.003,0.003,,,,
468,0.139,,0.002,0.065,0.9365,0.0755,,0.025,0.2255,,,,1.4515,,0.0,0.001,,,,,0.003,0.003,,,,
469,2.2039999999999997,,0.264,1.1335000000000002,4.7684999999999995,1.182,,0.4185,12.419,,,0.3307333333333333,,,0.0,0.0038,,,,,0.137,0.1365,,,,
470,0.9855,,0.095,0.5395000000000001,1.591,0.561,,0.2165,1.518,,,0.442,,,0.0,0.005,,,,,0.031,0.031,,,,
471,0.1385,,0.002,0.066,4.306,0.075,,0.025,1.4795,,,,1.4525000000000001,,0.0,0.001,,,,,0.003,0.003,,,,
472,0.139,,0.002,0.066,0.1325,0.076,,0.025,0.24350000000000002,,,,1.431,,0.0,0.001,,,,,0.003,0.003,,,,
473,0.1395,,0.002,0.066,0.1505,0.076,,0.025,0.382,,,,1.4335,,0.0,0.001,,,,,0.003,0.003,,,,
474,0.139,,0.002,0.066,1.3745,0.0755,,0.025,0.537,,,,1.436,,0.0,0.001,,,,,0.003,0.003,,,,
475,0.139,,0.002,0.065,0.45749999999999996,0.076,,0.025,0.355,,,,1.436,,0.0,0.001,,,,,0.003,0.003,,,,
476,0.139,,0.002,0.0655,0.7955,0.076,,0.025,0.5515,,,,1.4315,,0.0,0.001,,,,,0.003,0.003,,,,
477,0.139,,0.002,0.065,0.857,0.076,,0.025,3.04,,,,1.4340000000000002,,0.0,0.001,,,,,0.003,0.003,,,,
478,0.139,,0.002,0.065,0.33999999999999997,0.076,,0.025,0.6,,,,1.4369999999999998,,0.0,0.001,,,,,0.003,0.003,,,,
479,0.139,,0.002,0.0655,0.11399999999999999,0.076,,0.025,2.4875000000000003,,,,1.4365,,0.0,0.001,,,,,0.003,0.003,,,,
480,0.1395,,0.002,0.066,0.663,0.076,,0.025,0.5595,,,,1.4375,,0.0,0.001,,,,,0.003,0.003,,,,
481,0.139,,0.002,0.0655,0.4405,0.0755,,0.025,0.729,,,,1.435,,0.0,0.001,,,,,0.003,0.003,,,,
482,0.1395,,0.002,0.0655,0.1585,0.076,,0.025,0.5375,,,,1.4329999999999998,,0.0,0.001,,,,,0.003,0.003,,,,
483,0.139,,0.002,0.0655,0.311,0.076,,0.025,0.447,,,,1.4355,,0.0,0.001,,,,,0.003,0.003,,,,
484,0.1395,,0.0025,0.066,0.17550000000000002,0.076,,0.025,2.2175000000000002,,,,1.4365,,0.0,0.001,,,,,0.003,0.003,,,,
485,0.1385,,0.002,0.066,0.2275,0.076,,0.025,0.5579999999999999,,,,1.438,,0.0,0.001,,,,,0.003,0.003,,,,
486,0.139,,0.002,0.0655,0.40399999999999997,0.076,,0.025,1.009,,,,1.4385,,0.0,0.001,,,,,0.003,0.003,,,,
487,0.139,,0.002,0.066,0.123,0.076,,0.025,0.5255,,,,1.4369999999999998,,0.0,0.001,,,,,0.003,0.003,,,,
488,0.139,,0.002,0.0655,0.39549999999999996,0.076,,0.025,0.8535,,,,1.4369999999999998,,0.0,0.001,,,,,0.003,0.003,,,,
489,0.139,,0.002,0.065,0.482,0.076,,0.025,0.385,,,,1.4385,,0.0,0.001,,,,,0.003,0.003,,,,
490,0.139,,0.002,0.065,0.083,0.076,,0.025,2.237,,,,1.435,,0.0,0.001,,,,,0.003,0.003,,,,
491,0.139,,0.002,0.066,0.20800000000000002,0.076,,0.025,0.9545,,,,1.4395,,0.0,0.001,,,,,0.003,0.003,,,,
492,0.139,,0.002,0.065,0.5880000000000001,0.076,,0.025,1.8679999999999999,,,,1.4395,,0.0,0.001,,,,,0.003,0.003,,,,
493,0.139,,0.002,0.066,0.883,0.076,,0.025,0.42,,,,1.4405000000000001,,0.0,0.001,,,,,0.003,0.003,,,,
494,0.1385,,0.002,0.0655,0.3585,0.076,,0.025,1.938,,,,1.4375,,0.0,0.001,,,,,0.003,0.003,,,,
495,0.1395,,0.002,0.065,0.2595,0.076,,0.025,0.549,,,,1.4380000000000002,,0.0,0.001,,,,,0.003,0.003,,,,
496,0.139,,0.002,0.0655,0.2175,0.076,,0.025,1.815,,,,1.444,,0.0,0.001,,,,,0.003,0.003,,,,
497,0.1385,,0.002,0.065,0.483,0.076,,0.025,0.599,,,,1.4435,,0.0,0.001,,,,,0.003,0.003,,,,
498,0.139,,0.002,0.066,0.313,0.076,,0.025,0.1865,,,,1.445,,0.0,0.001,,,,,0.003,0.003,,,,
499,0.139,,0.002,0.066,0.2655,0.076,,0.025,0.39899999999999997,,,,1.448,,0.0,0.001,,,,,0.003,0.003,,,,
500,0.139,,0.002,0.0655,0.3685,0.076,,0.025,2.6415,,,,1.4425,,0.0,0.001,,,,,0.003,0.003,,,,
501,0.139,,0.002,0.066,0.0935,0.076,,0.025,0.0965,,,,1.443,,0.0,0.001,,,,,0.003,0.003,,,,
502,0.1385,,0.002,0.066,0.23650000000000002,0.076,,0.025,1.548,,,,1.445,,0.0,0.001,,,,,0.003,0.003,,,,
503,0.139,,0.002,0.0655,0.3125,0.076,,0.025,0.7180000000000001,,,,1.447,,0.0,0.001,,,,,0.003,0.003,,,,
504,0.1385,,0.002,0.0655,0.1215,0.076,,0.025,0.0845,,,,1.443,,0.0,0.001,,,,,0.003,0.003,,,,
505,0.139,,0.002,0.0655,0.318,0.076,,0.025,0.203,,,,1.4465,,0.0,0.001,,,,,0.003,0.003,,,,
506,0.1395,,0.002,0.065,0.3555,0.076,,0.025,3.732,,,,1.4495,,0.0,0.001,,,,,0.003,0.003,,,,
507,0.139,,0.002,0.0655,0.0835,0.076,,0.025,0.499,,,,1.449,,0.0,0.001,,,,,0.003,0.003,,,,
508,0.139,,0.002,0.0655,0.33399999999999996,0.0755,,0.025,0.787,,,,1.4515,,0.0,0.001,,,,,0.003,0.003,,,,
509,0.1385,,0.002,0.065,0.0945,0.076,,0.025,0.7365,,,,1.447,,0.0,0.001,,,,,0.003,0.003,,,,
510,0.1395,,0.002,0.0655,0.17,0.0765,,0.025,2.0450000000000004,,,,1.452,,0.0,0.001,,,,,0.003,0.003,,,,
511,0.139,,0.002,0.0655,0.362,0.076,,0.025,0.1265,,,,1.448,,0.0,0.001,,,,,0.003,0.003,,,,
512,0.1385,,0.002,0.0655,2.8235,0.076,,0.025,0.1335,,,,1.453,,0.0,0.001,,,,,0.003,0.003,,,,
513,0.1385,,0.002,0.0655,0.17,0.076,,0.025,0.2165,,,,1.45,,0.0,0.001,,,,,0.003,0.003,,,,
514,0.1395,,0.002,0.0655,0.089,0.076,,0.025,0.9175000000000001,,,,1.4540000000000002,,0.0,0.001,,,,,0.003,0.003,,,,
515,0.139,,0.002,0.066,0.9820000000000001,0.076,,0.025,0.432,,,,1.4485000000000001,,0.0,0.001,,,,,0.003,0.003,,,,
516,0.1385,,0.002,0.0655,0.17950000000000002,0.076,,0.025,0.229,,,,1.4545,,0.0,0.001,,,,,0.003,0.003,,,,
517,0.139,,0.002,0.0655,0.1595,0.076,,0.025,2.2965,,,,1.4540000000000002,,0.0,0.001,,,,,0.003,0.003,,,,
518,0.139,,0.002,0.0655,0.726,0.076,,0.025,1.222,,,,1.4409999999999998,,0.0,0.001,,,,,0.003,0.003,,,,
519,0.1395,,0.002,0.066,0.1925,0.076,,0.025,0.2565,,,,1.4435,,0.0,0.001,,,,,0.003,0.003,,,,
520,0.139,,0.002,0.0655,0.3545,0.076,,0.025,0.4155,,,,1.4425,,0.0,0.001,,,,,0.003,0.003,,,,
521,0.139,,0.002,0.066,7.430000000000001,0.0755,,0.025,2.2445,,,,1.444,,0.0,0.001,,,,,0.003,0.003,,,,
522,0.139,,0.002,0.066,0.574,0.0755,,0.025,3.9195,,,,1.446,,0.0,0.001,,,,,0.003,0.003,,,,
523,0.139,,0.002,0.066,1.1795,0.076,,0.025,0.7115,,,,1.444,,0.0,0.001,,,,,0.003,0.003,,,,
524,0.139,,0.002,0.0655,0.122,0.076,,0.025,6.4475,,,,1.4505,,0.0,0.001,,,,,0.003,0.003,,,,
525,0.139,,0.002,0.0655,0.692,0.076,,0.025,1.2705,,,,1.444,,0.0,0.001,,,,,0.003,0.003,,,,
526,0.139,,0.002,0.066,0.661,0.0755,,0.025,1.415,,,,1.4495,,0.0,0.001,,,,,0.003,0.003,,,,
527,0.139,,0.002,0.066,0.24600000000000002,0.076,,0.025,0.8455,,,,1.4485000000000001,,0.0,0.001,,,,,0.003,0.003,,,,
528,2.571,,0.307,1.338,4.562,1.468,,0.495,5.495,,,0.3386,,,0.0,0.00355,,,,,0.191,0.1885,,,,
529,0.5765,,0.025,0.2705,1.0395,0.28250000000000003,,0.117,1.0145,,,0.149,,,0.0,0.003,,,,,0.0175,0.0165,,,,
530,0.1385,,0.002,0.066,0.251,0.075,,0.025,0.1335,,,,1.464,,0.0,0.001,,,,,0.003,0.003,,,,
531,0.139,,0.002,0.066,0.4265,0.0755,,0.025,0.308,,,,1.464,,0.0,0.001,,,,,0.003,0.003,,,,
532,0.139,,0.002,0.0655,0.199,0.076,,0.025,0.8375,,,,1.42,,0.0,0.001,,,,,0.003,0.003,,,,
533,0.139,,0.002,0.0655,1.0925,0.076,,0.025,0.166,,,,1.4245,,0.0,0.001,,,,,0.003,0.003,,,,
534,0.1395,,0.002,0.066,0.9275000000000001,0.076,,0.025,0.438,,,,1.423,,0.0,0.001,,,,,0.003,0.003,,,,
535,0.1385,,0.002,0.0655,0.554,0.076,,0.025,0.7675000000000001,,,,1.4275,,0.0,0.001,,,,,0.003,0.003,,,,
536,0.139,,0.002,0.0655,0.1355,0.076,,0.025,2.2695000000000003,,,,1.423,,0.0,0.001,,,,,0.003,0.003,,,,
537,0.139,,0.002,0.0655,0.4945,0.076,,0.025,0.2515,,,,1.4329999999999998,,0.0,0.001,,,,,0.003,0.003,,,,
538,0.139,,0.002,0.0655,0.5715,0.0755,,0.025,1.4460000000000002,,,,1.4344999999999999,,0.0,0.001,,,,,0.003,0.003,,,,
539,0.139,,0.002,0.065,0.363,0.076,,0.025,0.1565,,,,1.432,,0.0,0.001,,,,,0.003,0.003,,,,
540,0.1385,,0.002,0.066,1.0210000000000001,0.076,,0.025,1.596,,,,1.4075,,0.0,0.001,,,,,0.003,0.003,,,,
541,0.139,,0.002,0.0655,0.424,0.076,,0.025,0.91,,,,1.4064999999999999,,0.0,0.001,,,,,0.003,0.003,,,,
542,0.139,,0.002,0.0655,0.3075,0.076,,0.025,0.442,,,,1.409,,0.0,0.001,,,,,0.003,0.003,,,,
543,0.139,,0.002,0.0655,0.6335000000000001,0.076,,0.025,0.152,,,,1.4115,,0.0,0.001,,,,,0.003,0.003,,,,
544,0.139,,0.002,0.0655,0.3865,0.076,,0.025,0.9045000000000001,,,,1.411,,0.0,0.001,,,,,0.003,0.003,,,,
545,0.1385,,0.002,0.0655,0.2235,0.076,,0.025,0.40049999999999997,,,,1.409,,0.0,0.001,,,,,0.003,0.003,,,,
546,0.139,,0.002,0.0655,0.11599999999999999,0.076,,0.025,0.18200000000000002,,,,1.4104999999999999,,0.0,0.001,,,,,0.003,0.003,,,,
547,0.139,,0.002,0.066,0.256,0.076,,0.025,0.641,,,,1.4085,,0.0,0.001,,,,,0.003,0.003,,,,
548,0.139,,0.002,0.066,2.0195000000000003,0.076,,0.025,0.415,,,,1.411,,0.0,0.001,,,,,0.003,0.003,,,,
549,0.139,,0.002,0.066,0.583,0.076,,0.025,3.8985,,,,1.4125,,0.0,0.001,,,,,0.003,0.003,,,,
550,0.139,,0.002,0.0655,0.379,0.076,,0.025,1.199,,,,1.4195,,0.0,0.001,,,,,0.003,0.003,,,,
551,0.139,,0.002,0.066,0.122,0.076,,0.025,0.17300000000000001,,,,1.4135,,0.0,0.001,,,,,0.003,0.003,,,,
552,0.139,,0.002,0.0655,0.169,0.076,,0.025,2.5805000000000002,,,,1.4140000000000001,,0.0,0.001,,,,,0.003,0.003,,,,
553,2.8945,,0.34,1.3755000000000002,4.907,1.63,,0.499,5.481,,,0.9473333333333334,,,0.0,0.012250000000000002,,,,,0.2145,0.20650000000000002,,,,
554,0.1385,,0.002,0.066,0.7185,0.075,,0.025,1.7655,,,,1.4335,,0.0,0.001,,,,,0.003,0.003,,,,
555,0.1385,,0.002,0.066,0.424,0.0755,,0.025,0.3515,,,,1.4365,,0.0,0.001,,,,,0.003,0.003,,,,
556,0.1385,,0.002,0.066,0.436,0.0755,,0.025,1.319,,,,1.4335,,0.0,0.001,,,,,0.003,0.003,,,,
557,0.139,,0.002,0.066,0.3645,0.0755,,0.025,1.02,,,,1.4395,,0.0,0.001,,,,,0.003,0.003,,,,
558,0.139,,0.002,0.066,0.6970000000000001,0.0755,,0.025,0.5145000000000001,,,,1.438,,0.0,0.001,,,,,0.003,0.003,,,,
559,0.138,,0.002,0.066,0.3105,0.076,,0.025,0.2015,,,,1.439,,0.0,0.001,,,,,0.003,0.003,,,,
560,2.4185,,0.2905,1.178,3.982,1.3375,,0.4215,5.0845,,,1.02,,,0.0,0.011833333333333335,,,,,0.177,0.17250000000000001,,,,
561,0.138,,0.002,0.066,0.30650000000000005,0.076,,0.025,0.687,,,,1.4505,,0.0,0.001,,,,,0.003,0.003,,,,
562,0.138,,0.0025,0.066,0.753,0.075,,0.025,0.235,,,,1.448,,0.0,0.001,,,,,0.003,0.003,,,,
563,0.1385,,0.002,0.066,0.7575,0.0755,,0.025,0.513,,,,1.4355,,0.0,0.001,,,,,0.003,0.003,,,,
564,0.1395,,0.002,0.066,0.795,0.075,,0.025,1.7705,,,,1.4355,,0.0,0.001,,,,,0.003,0.003,,,,
565,0.139,,0.002,0.066,0.3265,0.075,,0.025,0.23399999999999999,,,,1.437,,0.0,0.001,,,,,0.003,0.003,,,,
566,0.1385,,0.002,0.0655,0.657,0.076,,0.025,0.3855,,,,1.4144999999999999,,0.0,0.001,,,,,0.003,0.003,,,,
567,0.1385,,0.002,0.065,0.693,0.076,,0.025,0.20750000000000002,,,,1.4085,,0.0,0.001,,,,,0.003,0.003,,,,
568,0.139,,0.002,0.065,0.767,0.076,,0.025,0.9335,,,,1.4140000000000001,,0.0,0.001,,,,,0.003,0.003,,,,
569,0.1385,,0.002,0.0655,0.355,0.076,,0.025,0.096,,,,1.4100000000000001,,0.0,0.001,,,,,0.003,0.003,,,,
570,0.139,,0.002,0.0655,0.271,0.076,,0.025,0.11050000000000001,,,,1.413,,0.0,0.001,,,,,0.003,0.003,,,,
571,0.139,,0.002,0.0655,0.4275,0.0765,,0.025,0.634,,,,1.412,,0.0,0.001,,,,,0.003,0.003,,,,
572,0.139,,0.002,0.0655,0.0895,0.076,,0.025,1.7910000000000001,,,,1.4144999999999999,,0.0,0.001,,,,,0.003,0.003,,,,
573,0.139,,0.002,0.065,0.8105,0.076,,0.025,0.8670000000000001,,,,1.4125,,0.0,0.001,,,,,0.003,0.003,,,,
574,1.9224999999999999,,0.23600000000000002,0.9450000000000001,3.3,1.133,,0.3535,4.6265,,,0.8883333333333333,,,0.0,0.010166666666666666,,,,,0.088,0.087,,,,
575,0.139,,0.002,0.066,0.138,0.076,,0.025,0.23,,,,1.4375,,0.0,0.001,,,,,0.003,0.003,,,,
576,0.139,,0.002,0.066,0.6615,0.076,,0.025,0.417,,,,1.44,,0.0,0.001,,,,,0.003,0.003,,,,
577,0.138,,0.0025,0.066,0.275,0.0755,,0.025,1.039,,,,1.4375,,0.0,0.001,,,,,0.003,0.003,,,,
578,0.139,,0.002,0.066,2.2975,0.075,,0.025,2.7585,,,,1.444,,0.0,0.001,,,,,0.003,0.003,,,,
579,0.1385,,0.002,0.066,0.9465,0.075,,0.025,1.137,,,,1.4425,,0.0,0.001,,,,,0.003,0.003,,,,
580,0.1385,,0.002,0.066,0.5935,0.075,,0.025,0.7805000000000001,,,,1.439,,0.0,0.001,,,,,0.003,0.003,,,,
581,0.138,,0.002,0.066,0.22949999999999998,0.0755,,0.025,0.424,,,,1.447,,0.0,0.001,,,,,0.003,0.003,,,,
582,0.139,,0.002,0.066,0.7070000000000001,0.0755,,0.025,0.3265,,,,1.445,,0.0,0.001,,,,,0.003,0.003,,,,
583,0.138,,0.002,0.066,1.029,0.0755,,0.025,1.1615,,,,1.4475,,0.0,0.001,,,,,0.003,0.003,,,,
584,0.1385,,0.002,0.066,2.2735000000000003,0.076,,0.025,4.98,,,,1.4489999999999998,,0.0,0.001,,,,,0.003,0.003,,,,
585,0.139,,0.002,0.066,0.3745,0.075,,0.025,2.112,,,,1.4485000000000001,,0.0,0.001,,,,,0.003,0.003,,,,
586,0.139,,0.002,0.066,1.6485,0.075,,0.025,2.692,,,,1.443,,0.0,0.001,,,,,0.003,0.003,,,,
587,0.1385,,0.002,0.066,0.125,0.0755,,0.025,0.095,,,,1.443,,0.0,0.001,,,,,0.003,0.003,,,,
588,0.139,,0.002,0.066,0.6305,0.0755,,0.025,3.2825,,,,1.447,,0.0,0.001,,,,,0.003,0.003,,,,
589,0.1385,,0.002,0.066,0.5840000000000001,0.076,,0.025,1.7810000000000001,,,,1.4489999999999998,,0.0,0.001,,,,,0.003,0.003,,,,
590,0.1385,,0.002,0.066,0.135,0.076,,0.025,0.093,,,,1.452,,0.0,0.001,,,,,0.003,0.003,,,,
591,0.138,,0.002,0.066,0.903,0.075,,0.025,0.4315,,,,1.4465,,0.0,0.001,,,,,0.003,0.003,,,,
592,0.138,,0.002,0.066,1.4660000000000002,0.0755,,0.025,1.0875,,,,1.455,,0.0,0.001,,,,,0.003,0.003,,,,
593,0.139,,0.002,0.066,0.18200000000000002,0.0755,,0.025,0.6595,,,,1.4515,,0.0,0.001,,,,,0.003,0.003,,,,
594,0.1385,,0.002,0.066,0.7275,0.076,,0.025,0.6000000000000001,,,,1.445,,0.0,0.001,,,,,0.003,0.003,,,,
595,0.1395,,0.002,0.066,2.3009999999999997,0.0755,,0.025,2.5055,,,,1.4535,,0.0,0.001,,,,,0.003,0.003,,,,
596,0.139,,0.002,0.066,0.172,0.0755,,0.025,2.899,,,,1.447,,0.0,0.001,,,,,0.003,0.003,,,,
597,0.1385,,0.002,0.066,1.0925,0.075,,0.025,1.0735000000000001,,,,1.454,,0.0,0.001,,,,,0.003,0.003,,,,
598,0.139,,0.002,0.066,0.40449999999999997,0.076,,0.025,0.8945,,,,1.441,,0.0,0.001,,,,,0.003,0.003,,,,
599,0.139,,0.002,0.066,0.23650000000000002,0.076,,0.025,2.561,,,,1.4420000000000002,,0.0,0.001,,,,,0.003,0.003,,,,
600,0.139,,0.002,0.066,0.8235,0.076,,0.025,0.893,,,,1.44,,0.0,0.001,,,,,0.003,0.003,,,,
601,0.139,,0.002,0.0655,0.45999999999999996,0.076,,0.025,0.935,,,,1.44,,0.0,0.001,,,,,0.003,0.003,,,,
602,0.139,,0.002,0.065,1.2975,0.076,,0.025,0.919,,,,1.4385,,0.0,0.001,,,,,0.003,0.003,,,,
603,0.139,,0.002,0.066,3.5715000000000003,0.076,,0.025,3.498,,,,1.4455,,0.0,0.001,,,,,0.003,0.003,,,,
604,0.139,,0.002,0.065,0.34049999999999997,0.076,,0.025,0.6545,,,,1.442,,0.0,0.001,,,,,0.003,0.003,,,,
605,0.139,,0.002,0.0655,0.5685,0.076,,0.025,0.374,,,,1.4460000000000002,,0.0,0.001,,,,,0.003,0.003,,,,
606,0.1385,,0.002,0.0655,1.8885,0.0755,,0.025,4.5649999999999995,,,,1.4455,,0.0,0.001,,,,,0.003,0.003,,,,
607,0.139,,0.002,0.066,0.65,0.076,,0.025,0.3895,,,,1.444,,0.0,0.001,,,,,0.003,0.003,,,,
608,0.1385,,0.002,0.065,5.9350000000000005,0.076,,0.025,0.825,,,,1.4455,,0.0,0.001,,,,,0.003,0.003,,,,
609,1.6185,,0.20400000000000001,0.9305000000000001,2.974,0.977,,0.35150000000000003,3.5845000000000002,,,0.33066666666666666,,,0.0,0.0034166666666666672,,,,,0.06,0.0605,,,,
610,0.1385,,0.002,0.066,0.38649999999999995,0.075,,0.025,0.48850000000000005,,,,1.46,,0.0,0.001,,,,,0.003,0.003,,,,
611,0.139,,0.002,0.066,0.136,0.0755,,0.025,0.165,,,,1.456,,0.0,0.001,,,,,0.003,0.003,,,,
612,0.138,,0.002,0.066,0.6675000000000001,0.075,,0.025,2.143,,,,1.4615,,0.0,0.001,,,,,0.003,0.003,,,,
613,0.1385,,0.002,0.066,0.541,0.0755,,0.025,0.1355,,,,1.4605000000000001,,0.0,0.001,,,,,0.003,0.003,,,,
614,0.138,,0.002,0.066,0.193,0.075,,0.025,0.5475,,,,1.462,,0.0,0.001,,,,,0.003,0.003,,,,
615,0.1395,,0.002,0.066,1.875,0.0755,,0.025,0.7645000000000001,,,,1.436,,0.0,0.001,,,,,0.003,0.003,,,,
616,0.1385,,0.002,0.066,0.851,0.0755,,0.025,0.7405,,,,1.4335,,0.0,0.001,,,,,0.003,0.003,,,,
617,0.138,,0.002,0.066,0.10700000000000001,0.076,,0.025,0.1645,,,,1.4435,,0.0,0.001,,,,,0.003,0.003,,,,
618,0.1385,,0.002,0.066,0.826,0.0755,,0.025,0.7085,,,,1.4385,,0.0,0.001,,,,,0.003,0.003,,,,
619,0.139,,0.002,0.066,0.768,0.075,,0.025,0.774,,,,1.4385,,0.0,0.001,,,,,0.003,0.003,,,,
620,0.1395,,0.002,0.0655,0.11049999999999999,0.0755,,0.025,2.434,,,,1.4344999999999999,,0.0,0.001,,,,,0.003,0.003,,,,
621,0.139,,0.002,0.0655,2.6085000000000003,0.076,,0.025,5.556,,,,1.4355,,0.0,0.001,,,,,0.003,0.003,,,,
622,0.139,,0.002,0.066,0.6625000000000001,0.076,,0.025,0.194,,,,1.4344999999999999,,0.0,0.001,,,,,0.003,0.003,,,,
623,0.1385,,0.002,0.066,2.108,0.076,,0.025,2.545,,,,1.4405000000000001,,0.0,0.001,,,,,0.003,0.003,,,,
624,0.139,,0.002,0.066,1.3825,0.076,,0.025,1.8065,,,,1.4405000000000001,,0.0,0.001,,,,,0.003,0.003,,,,
625,0.139,,0.002,0.0655,0.656,0.076,,0.025,0.21650000000000003,,,,1.4405000000000001,,0.0,0.001,,,,,0.003,0.003,,,,
626,0.139,,0.002,0.0655,0.08,0.076,,0.025,0.3635,,,,1.438,,0.0,0.001,,,,,0.003,0.003,,,,
627,0.139,,0.002,0.066,0.587,0.076,,0.025,0.14100000000000001,,,,1.4129999999999998,,0.0,0.001,,,,,0.003,0.003,,,,
628,0.139,,0.002,0.0655,0.653,0.076,,0.025,0.39849999999999997,,,,1.4100000000000001,,0.0,0.001,,,,,0.003,0.003,,,,
629,0.139,,0.002,0.065,0.0925,0.076,,0.025,0.0905,,,,1.4135,,0.0,0.001,,,,,0.003,0.003,,,,
630,0.139,,0.002,0.066,0.33649999999999997,0.0755,,0.025,2.9619999999999997,,,,1.415,,0.0,0.001,,,,,0.003,0.003,,,,
631,0.139,,0.002,0.065,0.4965,0.076,,0.025,0.21600000000000003,,,,1.4175,,0.0,0.001,,,,,0.003,0.003,,,,
632,0.139,,0.002,0.065,0.129,0.0755,,0.025,0.10350000000000001,,,,1.418,,0.0,0.001,,,,,0.003,0.003,,,,
633,0.139,,0.002,0.0655,0.6890000000000001,0.076,,0.025,0.3735,,,,1.408,,0.0,0.001,,,,,0.003,0.003,,,,
634,0.139,,0.002,0.065,0.543,0.076,,0.025,0.9369999999999999,,,,1.4144999999999999,,0.0,0.001,,,,,0.003,0.003,,,,
635,0.139,,0.002,0.066,0.503,0.076,,0.025,3.8325000000000005,,,,1.4155,,0.0,0.001,,,,,0.003,0.003,,,,
636,0.1395,,0.003,0.0655,4.1375,0.076,,0.025,2.4375000000000004,,,,1.411,,0.0,0.001,,,,,0.003,0.003,,,,
637,0.1385,,0.002,0.066,0.5275,0.076,,0.025,1.0675000000000001,,,,1.4140000000000001,,0.0,0.001,,,,,0.003,0.003,,,,
638,0.1385,,0.002,0.066,0.20650000000000002,0.076,,0.025,2.6065,,,,1.411,,0.0,0.001,,,,,0.003,0.003,,,,
639,0.1395,,0.002,0.066,0.2555,0.076,,0.025,0.1365,,,,1.417,,0.0,0.001,,,,,0.003,0.003,,,,
640,0.139,,0.002,0.0655,0.4435,0.076,,0.025,0.772,,,,1.4155,,0.0,0.001,,,,,0.003,0.003,,,,
641,0.139,,0.002,0.066,0.0945,0.076,,0.025,0.21600000000000003,,,,1.417,,0.0,0.001,,,,,0.003,0.003,,,,
642,0.139,,0.002,0.0655,0.1305,0.076,,0.025,0.415,,,,1.4175,,0.0,0.001,,,,,0.003,0.003,,,,
643,0.139,,0.002,0.065,0.541,0.076,,0.025,0.54,,,,1.42,,0.0,0.001,,,,,0.003,0.003,,,,
644,0.139,,0.002,0.065,0.2145,0.076,,0.025,0.10900000000000001,,,,1.4155,,0.0,0.001,,,,,0.003,0.003,,,,
645,0.139,,0.002,0.0655,0.9545,0.076,,0.025,3.527,,,,1.415,,0.0,0.001,,,,,0.003,0.003,,,,
646,0.139,,0.002,0.065,0.2845,0.076,,0.025,0.195,,,,1.4184999999999999,,0.0,0.001,,,,,0.003,0.003,,,,
647,0.139,,0.002,0.0655,0.10850000000000001,0.076,,0.025,0.284,,,,1.4195,,0.0,0.001,,,,,0.003,0.003,,,,
648,0.139,,0.002,0.0655,0.2675,0.076,,0.025,0.39899999999999997,,,,1.417,,0.0,0.001,,,,,0.003,0.003,,,,
649,0.139,,0.002,0.066,0.581,0.076,,0.025,1.264,,,,1.4215,,0.0,0.001,,,,,0.003,0.003,,,,
650,0.139,,0.002,0.0655,0.3565,0.076,,0.025,0.187,,,,1.4104999999999999,,0.0,0.001,,,,,0.003,0.003,,,,
651,0.139,,0.002,0.0655,0.127,0.075,,0.025,0.10900000000000001,,,,1.4085,,0.0,0.001,,,,,0.003,0.003,,,,
652,0.139,,0.002,0.0655,1.206,0.076,,0.025,0.6985,,,,1.412,,0.0,0.001,,,,,0.003,0.003,,,,
653,0.1385,,0.002,0.065,0.593,0.076,,0.025,0.823,,,,1.4089999999999998,,0.0,0.001,,,,,0.003,0.003,,,,
654,0.1395,,0.002,0.066,0.3255,0.076,,0.025,0.5555,,,,1.4104999999999999,,0.0,0.001,,,,,0.003,0.003,,,,
655,0.139,,0.0025,0.0655,0.622,0.076,,0.025,0.9890000000000001,,,,1.4115,,0.0,0.001,,,,,0.003,0.003,,,,
656,0.139,,0.002,0.066,1.273,0.076,,0.025,0.3135,,,,1.412,,0.0,0.001,,,,,0.003,0.003,,,,
657,0.139,,0.002,0.066,0.20350000000000001,0.076,,0.025,0.532,,,,1.4095,,0.0,0.001,,,,,0.003,0.003,,,,
658,0.139,,0.002,0.066,0.423,0.076,,0.025,0.45699999999999996,,,,1.4100000000000001,,0.0,0.001,,,,,0.003,0.003,,,,
659,0.139,,0.002,0.0655,0.162,0.076,,0.025,0.1345,,,,1.411,,0.0,0.001,,,,,0.003,0.003,,,,
660,0.139,,0.002,0.0655,0.254,0.0755,,0.025,0.08449999999999999,,,,1.4175,,0.0,0.001,,,,,0.003,0.003,,,,
661,0.139,,0.002,0.066,0.5035000000000001,0.076,,0.025,2.1955,,,,1.4115,,0.0,0.001,,,,,0.003,0.003,,,,
662,0.139,,0.002,0.0655,0.129,0.076,,0.025,1.1045,,,,1.4165,,0.0,0.001,,,,,0.003,0.003,,,,
663,0.139,,0.002,0.065,0.1185,0.076,,0.025,0.165,,,,1.4144999999999999,,0.0,0.001,,,,,0.003,0.003,,,,
664,0.139,,0.002,0.0655,0.549,0.076,,0.025,0.9055000000000001,,,,1.4010000000000002,,0.0,0.001,,,,,0.003,0.003,,,,
665,0.139,,0.002,0.0655,1.0070000000000001,0.076,,0.025,3.214,,,,1.3980000000000001,,0.0,0.001,,,,,0.003,0.003,,,,
666,0.139,,0.002,0.065,0.125,0.076,,0.025,0.4885,,,,1.399,,0.0,0.001,,,,,0.003,0.003,,,,
667,0.139,,0.002,0.0655,0.5045000000000001,0.076,,0.025,0.939,,,,1.4,,0.0,0.001,,,,,0.003,0.003,,,,
668,0.139,,0.002,0.065,0.189,0.076,,0.025,0.2005,,,,1.3985,,0.0,0.001,,,,,0.003,0.003,,,,
669,0.139,,0.002,0.065,0.097,0.076,,0.025,0.9750000000000001,,,,1.4065,,0.0,0.001,,,,,0.003,0.003,,,,
670,0.139,,0.002,0.066,3.005,0.076,,0.025,0.2765,,,,1.3995000000000002,,0.0,0.001,,,,,0.003,0.003,,,,
671,0.139,,0.002,0.066,3.6755000000000004,0.076,,0.025,3.1910000000000003,,,,1.4055,,0.0,0.001,,,,,0.003,0.003,,,,
672,0.139,,0.002,0.0655,0.1385,0.076,,0.025,0.21150000000000002,,,,1.4055,,0.0,0.001,,,,,0.003,0.003,,,,
673,0.139,,0.002,0.0655,0.8035,0.076,,0.025,0.774,,,,1.405,,0.0,0.001,,,,,0.003,0.003,,,,
674,0.1395,,0.002,0.066,0.0825,0.076,,0.025,2.6305,,,,1.4035000000000002,,0.0,0.001,,,,,0.003,0.003,,,,
675,0.139,,0.002,0.066,0.147,0.076,,0.025,0.272,,,,1.4040000000000001,,0.0,0.001,,,,,0.003,0.003,,,,
676,0.139,,0.002,0.065,0.5335,0.076,,0.025,0.83,,,,1.4060000000000001,,0.0,0.001,,,,,0.003,0.003,,,,
677,0.139,,0.002,0.066,5.603000000000001,0.076,,0.025,0.1865,,,,1.408,,0.0,0.001,,,,,0.003,0.003,,,,
678,0.139,,0.002,0.0655,0.184,0.076,,0.025,0.705,,,,1.4050000000000002,,0.0,0.001,,,,,0.003,0.003,,,,
679,0.139,,0.002,0.066,0.71,0.076,,0.025,0.535,,,,1.4095,,0.0,0.001,,,,,0.003,0.003,,,,
680,0.139,,0.002,0.066,0.51,0.076,,0.025,0.1705,,,,1.409,,0.0,0.001,,,,,0.003,0.003,,,,
681,0.139,,0.002,0.066,1.869,0.076,,0.025,0.20550000000000002,,,,1.407,,0.0,0.001,,,,,0.003,0.003,,,,
682,0.1385,,0.002,0.0655,0.59,0.076,,0.025,0.23500000000000001,,,,1.4125,,0.0,0.001,,,,,0.003,0.003,,,,
683,0.139,,0.002,0.0655,0.743,0.076,,0.025,0.8635,,,,1.4064999999999999,,0.0,0.001,,,,,0.003,0.003,,,,
684,0.139,,0.002,0.0655,4.7875000000000005,0.076,,0.025,1.3785,,,,1.405,,0.0,0.001,,,,,0.003,0.003,,,,
685,0.139,,0.002,0.066,0.4405,0.076,,0.025,3.4385000000000003,,,,1.396,,0.0,0.001,,,,,0.003,0.003,,,,
686,0.1385,,0.002,0.066,0.4325,0.076,,0.025,0.1695,,,,1.399,,0.0,0.001,,,,,0.003,0.003,,,,
687,0.139,,0.002,0.066,0.171,0.076,,0.025,0.316,,,,1.3980000000000001,,0.0,0.001,,,,,0.003,0.003,,,,
688,0.139,,0.002,0.0655,0.513,0.076,,0.025,0.4765,,,,1.3980000000000001,,0.0,0.001,,,,,0.003,0.003,,,,
689,0.139,,0.002,0.065,0.7405,0.076,,0.025,0.3235,,,,1.4010000000000002,,0.0,0.001,,,,,0.003,0.003,,,,
690,0.139,,0.002,0.066,0.4535,0.076,,0.025,1.4875,,,,1.4000000000000001,,0.0,0.001,,,,,0.003,0.003,,,,
691,0.139,,0.002,0.0655,0.5880000000000001,0.076,,0.025,0.0915,,,,1.403,,0.0,0.001,,,,,0.003,0.003,,,,
692,0.139,,0.002,0.066,3.315,0.076,,0.025,2.979,,,,1.397,,0.0,0.001,,,,,0.003,0.003,,,,
693,0.139,,0.002,0.0655,0.4875,0.076,,0.025,0.0915,,,,1.4050000000000002,,0.0,0.001,,,,,0.003,0.003,,,,
694,0.139,,0.002,0.0655,0.1345,0.0755,,0.025,2.7555,,,,1.4040000000000001,,0.0,0.001,,,,,0.003,0.003,,,,
695,0.139,,0.002,0.065,0.297,0.076,,0.025,2.2384999999999997,,,,1.3975,,0.0,0.001,,,,,0.003,0.003,,,,
696,0.139,,0.002,0.0655,0.23600000000000002,0.076,,0.025,0.456,,,,1.4045,,0.0,0.001,,,,,0.003,0.003,,,,
697,0.139,,0.002,0.0655,0.8015000000000001,0.076,,0.025,0.6980000000000001,,,,1.404,,0.0,0.001,,,,,0.003,0.003,,,,
698,0.139,,0.002,0.0655,0.5095000000000001,0.076,,0.025,0.08549999999999999,,,,1.4000000000000001,,0.0,0.001,,,,,0.003,0.003,,,,
699,0.139,,0.002,0.066,0.5465,0.076,,0.025,0.484,,,,1.4065,,0.0,0.001,,,,,0.003,0.003,,,,
700,2.1095,,0.2605,1.1355,3.7475,1.1715,,0.419,4.382,,,2.109,,,0.0,0.025,,,,,0.122,0.123,,,,
701,1.903,,0.2295,0.9395,3.168,1.028,,0.358,3.159,,,1.69,,,0.0,0.018500000000000003,,,,,0.078,0.0805,,,,
702,0.139,,0.002,0.066,0.10300000000000001,0.076,,0.025,0.1115,,,,1.447,,0.0,0.001,,,,,0.003,0.003,,,,
703,0.139,,0.002,0.0655,0.8435,0.076,,0.025,1.7360000000000002,,,,1.4525000000000001,,0.0,0.001,,,,,0.003,0.003,,,,
704,0.139,,0.002,0.066,0.145,0.076,,0.025,0.544,,,,1.4445000000000001,,0.0,0.001,,,,,0.003,0.003,,,,
705,0.139,,0.002,0.0655,0.7095,0.076,,0.025,0.3015,,,,1.448,,0.0,0.001,,,,,0.003,0.003,,,,
706,0.139,,0.002,0.066,0.6605,0.076,,0.025,0.8200000000000001,,,,1.4495,,0.0,0.001,,,,,0.003,0.003,,,,
707,0.139,,0.002,0.066,0.10800000000000001,0.076,,0.025,0.288,,,,1.4500000000000002,,0.0,0.001,,,,,0.003,0.003,,,,
708,0.139,,0.002,0.0655,0.2865,0.076,,0.025,0.3175,,,,1.452,,0.0,0.001,,,,,0.003,0.003,,,,
709,0.139,,0.002,0.0655,0.8185,0.076,,0.025,0.8555,,,,1.452,,0.0,0.001,,,,,0.003,0.003,,,,
710,0.1385,,0.002,0.065,0.20350000000000001,0.076,,0.025,2.0245,,,,1.452,,0.0,0.001,,,,,0.003,0.003,,,,
711,0.599,,0.046,0.337,1.0985,0.41900000000000004,,0.14300000000000002,1.009,,,0.223,,,0.0,0.004,,,,,0.0215,0.0215,,,,
712,0.1395,,0.002,0.0655,0.243,0.076,,0.025,2.118,,,,1.4635,,0.0,0.001,,,,,0.003,0.003,,,,
713,0.139,,0.002,0.0655,0.14150000000000001,0.076,,0.025,2.8825,,,,1.4569999999999999,,0.0,0.001,,,,,0.003,0.003,,,,
714,0.1385,,0.002,0.0655,0.18100000000000002,0.076,,0.025,0.2535,,,,1.4615,,0.0,0.001,,,,,0.003,0.003,,,,
715,0.139,,0.002,0.066,0.46749999999999997,0.0755,,0.025,0.361,,,,1.461,,0.0,0.001,,,,,0.003,0.003,,,,
716,0.139,,0.002,0.066,0.096,0.076,,0.025,0.5545,,,,1.4620000000000002,,0.0,0.001,,,,,0.003,0.003,,,,
717,0.138,,0.002,0.0655,0.295,0.076,,0.025,0.5615,,,,1.4595,,0.0,0.001,,,,,0.003,0.003,,,,
718,0.1395,,0.002,0.0655,0.589,0.0755,,0.025,0.775,,,,1.4620000000000002,,0.0,0.001,,,,,0.003,0.003,,,,
719,0.139,,0.002,0.0655,0.195,0.076,,0.025,0.46549999999999997,,,,1.4575,,0.0,0.001,,,,,0.003,0.003,,,,
720,0.139,,0.002,0.066,0.20750000000000002,0.076,,0.025,0.424,,,,1.464,,0.0,0.001,,,,,0.003,0.003,,,,
721,0.139,,0.002,0.066,0.497,0.0755,,0.025,0.983,,,,1.464,,0.0,0.001,,,,,0.003,0.003,,,,
722,0.139,,0.002,0.066,0.093,0.0755,,0.025,0.18200000000000002,,,,1.459,,0.0,0.001,,,,,0.003,0.003,,,,
723,0.997,,0.096,0.5395000000000001,1.5290000000000001,0.562,,0.216,2.433,,,0.4475,,,0.0,0.005,,,,,0.032,0.031,,,,
724,0.139,,0.002,0.0655,0.277,0.076,,0.025,0.591,,,,1.412,,0.0,0.001,,,,,0.003,0.003,,,,
725,0.139,,0.002,0.0655,0.11449999999999999,0.076,,0.025,0.1655,,,,1.4135,,0.0,0.001,,,,,0.003,0.003,,,,
726,0.139,,0.002,0.0655,0.345,0.0755,,0.025,0.552,,,,1.4135,,0.0,0.001,,,,,0.003,0.003,,,,
727,0.139,,0.002,0.0655,0.6035,0.076,,0.025,1.1075000000000002,,,,1.412,,0.0,0.001,,,,,0.003,0.003,,,,
728,2.883,,0.336,1.358,4.667,1.6355,,0.5015000000000001,4.791,,,3.442,,,0.0,0.0435,,,,,0.20900000000000002,0.20350000000000001,,,,
729,0.5730000000000001,,0.023,0.2665,0.8734999999999999,0.2765,,0.123,0.8305,,,0.14200000000000002,,,0.0,0.003,,,,,0.017,0.016,,,,
730,0.1385,,0.002,0.066,0.4465,0.076,,0.025,0.681,,,,1.4585,,0.0,0.001,,,,,0.003,0.003,,,,
731,0.139,,0.002,0.0655,0.638,0.076,,0.025,0.21550000000000002,,,,1.4585,,0.0,0.001,,,,,0.003,0.003,,,,
732,0.1395,,0.002,0.0655,0.5915,0.076,,0.025,0.379,,,,1.46,,0.0,0.001,,,,,0.003,0.003,,,,
733,0.138,,0.002,0.066,0.4195,0.076,,0.025,0.6224999999999999,,,,1.462,,0.0,0.001,,,,,0.003,0.003,,,,
734,0.139,,0.002,0.066,0.5975,0.076,,0.025,0.909,,,,1.459,,0.0,0.001,,,,,0.003,0.003,,,,
735,0.139,,0.002,0.0655,0.28099999999999997,0.076,,0.025,0.5305,,,,1.4615,,0.0,0.001,,,,,0.003,0.003,,,,
736,0.1385,,0.002,0.0655,1.199,0.076,,0.025,0.892,,,,1.4605000000000001,,0.0,0.001,,,,,0.003,0.003,,,,
737,0.139,,0.002,0.066,0.39549999999999996,0.076,,0.025,0.871,,,,1.465,,0.0,0.001,,,,,0.003,0.003,,,,
738,0.139,,0.002,0.0655,0.2515,0.076,,0.025,0.5205,,,,1.4635,,0.0,0.001,,,,,0.003,0.003,,,,
739,0.1395,,0.002,0.066,0.56,0.0765,,0.025,0.914,,,,1.464,,0.0,0.001,,,,,0.003,0.003,,,,
740,0.139,,0.002,0.066,1.6115000000000002,0.076,,0.025,0.827,,,,1.4665,,0.0,0.001,,,,,0.003,0.003,,,,
741,0.139,,0.002,0.066,0.46599999999999997,0.076,,0.025,2.2325,,,,1.468,,0.0,0.001,,,,,0.003,0.003,,,,
742,0.139,,0.002,0.065,0.6000000000000001,0.076,,0.025,1.004,,,,1.468,,0.0,0.001,,,,,0.003,0.003,,,,
743,0.139,,0.002,0.0655,0.412,0.076,,0.025,0.649,,,,1.47,,0.0,0.001,,,,,0.003,0.003,,,,
744,0.1395,,0.002,0.065,1.6925000000000001,0.076,,0.025,2.0315,,,,1.4695,,0.0,0.001,,,,,0.003,0.003,,,,
745,0.1395,,0.002,0.0655,0.659,0.076,,0.025,0.7745,,,,1.466,,0.0,0.001,,,,,0.003,0.003,,,,
746,0.139,,0.002,0.0655,0.413,0.076,,0.025,0.8315,,,,1.4665,,0.0,0.001,,,,,0.003,0.003,,,,
747,0.139,,0.002,0.066,0.624,0.076,,0.025,0.1185,,,,1.4705,,0.0,0.001,,,,,0.003,0.003,,,,
748,0.139,,0.002,0.0655,0.5920000000000001,0.076,,0.025,0.9045000000000001,,,,1.471,,0.0,0.001,,,,,0.003,0.003,,,,
749,0.139,,0.002,0.066,0.5690000000000001,0.076,,0.025,0.33349999999999996,,,,1.4700000000000002,,0.0,0.001,,,,,0.003,0.003,,,,
750,0.1385,,0.002,0.066,0.255,0.076,,0.025,0.266,,,,1.469,,0.0,0.001,,,,,0.003,0.003,,,,
751,0.139,,0.002,0.066,0.345,0.076,,0.025,0.6275000000000001,,,,1.4695,,0.0,0.001,,,,,0.003,0.003,,,,
752,0.1395,,0.002,0.065,0.63,0.0765,,0.025,0.4445,,,,1.4685000000000001,,0.0,0.001,,,,,0.003,0.003,,,,
753,0.139,,0.002,0.0655,0.2305,0.076,,0.025,0.24250000000000002,,,,1.472,,0.0,0.001,,,,,0.003,0.003,,,,
754,0.139,,0.002,0.066,0.6875,0.076,,0.025,1.2445,,,,1.4745,,0.0,0.001,,,,,0.003,0.003,,,,
755,0.1385,,0.002,0.0655,0.8280000000000001,0.076,,0.025,0.4365,,,,1.4725000000000001,,0.0,0.001,,,,,0.003,0.003,,,,
756,0.139,,0.0025,0.066,0.7165,0.076,,0.025,3.4385,,,,1.475,,0.0,0.001,,,,,0.003,0.003,,,,
757,0.139,,0.002,0.065,0.6455,0.076,,0.025,0.9725,,,,1.4735,,0.0,0.001,,,,,0.003,0.003,,,,
758,0.139,,0.002,0.0655,1.077,0.076,,0.025,0.913,,,,1.4745,,0.0,0.001,,,,,0.003,0.003,,,,
759,0.139,,0.002,0.066,0.1315,0.076,,0.025,2.5780000000000003,,,,1.4735,,0.0,0.001,,,,,0.003,0.003,,,,
760,0.139,,0.002,0.066,0.642,0.076,,0.025,0.7995,,,,1.4735,,0.0,0.001,,,,,0.003,0.003,,,,
761,0.139,,0.002,0.0655,0.5675,0.076,,0.025,0.52,,,,1.475,,0.0,0.001,,,,,0.003,0.003,,,,
762,0.1395,,0.002,0.0655,4.4755,0.076,,0.025,3.7045000000000003,,,,1.4765000000000001,,0.0,0.001,,,,,0.003,0.003,,,,
763,0.1385,,0.002,0.066,0.554,0.076,,0.025,0.545,,,,1.4765000000000001,,0.0,0.001,,,,,0.003,0.003,,,,
764,0.139,,0.002,0.066,0.433,0.076,,0.025,0.169,,,,1.475,,0.0,0.001,,,,,0.003,0.003,,,,
765,0.139,,0.0025,0.0655,2.2125,0.076,,0.025,1.386,,,,1.4755,,0.0,0.001,,,,,0.003,0.003,,,,
766,0.139,,0.002,0.0655,0.5615,0.076,,0.025,0.9835,,,,1.4785,,0.0,0.001,,,,,0.003,0.003,,,,
767,0.138,,0.002,0.0655,0.195,0.076,,0.025,0.4435,,,,1.48,,0.0,0.001,,,,,0.003,0.003,,,,
768,0.139,,0.002,0.0655,0.6895,0.076,,0.025,0.17250000000000001,,,,1.4805000000000001,,0.0,0.001,,,,,0.003,0.003,,,,
769,0.1385,,0.002,0.066,0.6105,0.076,,0.025,3.609,,,,1.48,,0.0,0.001,,,,,0.003,0.003,,,,
770,0.139,,0.002,0.066,0.3905,0.076,,0.025,0.2995,,,,1.4795,,0.0,0.001,,,,,0.003,0.003,,,,
771,0.1385,,0.002,0.066,0.14150000000000001,0.076,,0.025,0.2505,,,,1.476,,0.0,0.001,,,,,0.003,0.003,,,,
772,0.139,,0.002,0.0655,1.0865,0.076,,0.025,0.8205,,,,1.4769999999999999,,0.0,0.001,,,,,0.003,0.003,,,,
773,0.139,,0.002,0.0655,0.5205,0.076,,0.025,0.1885,,,,1.477,,0.0,0.001,,,,,0.003,0.003,,,,
774,0.139,,0.002,0.066,0.20400000000000001,0.076,,0.025,0.2485,,,,1.4805000000000001,,0.0,0.001,,,,,0.003,0.003,,,,
775,0.139,,0.002,0.0655,0.5455,0.076,,0.025,1.1235,,,,1.481,,0.0,0.001,,,,,0.003,0.003,,,,
776,0.139,,0.002,0.0655,0.3885,0.0755,,0.025,0.973,,,,1.4665,,0.0,0.001,,,,,0.003,0.003,,,,
777,0.139,,0.002,0.0655,0.22,0.076,,0.025,0.2325,,,,1.4689999999999999,,0.0,0.001,,,,,0.003,0.003,,,,
778,0.139,,0.002,0.066,0.5855,0.076,,0.025,0.959,,,,1.463,,0.0,0.001,,,,,0.003,0.003,,,,
779,0.139,,0.002,0.066,0.6125,0.076,,0.025,0.59,,,,1.4689999999999999,,0.0,0.001,,,,,0.003,0.003,,,,
780,0.139,,0.002,0.0655,0.17400000000000002,0.076,,0.025,2.468,,,,1.468,,0.0,0.001,,,,,0.003,0.003,,,,
781,0.139,,0.002,0.0655,1.712,0.076,,0.025,1.1665,,,,1.4685000000000001,,0.0,0.001,,,,,0.003,0.003,,,,
782,0.1395,,0.002,0.066,0.631,0.0755,,0.025,0.7855000000000001,,,,1.4715,,0.0,0.001,,,,,0.003,0.003,,,,
783,0.139,,0.002,0.066,1.8745,0.076,,0.025,0.9540000000000001,,,,1.471,,0.0,0.001,,,,,0.003,0.003,,,,
784,0.139,,0.002,0.066,0.655,0.0755,,0.025,0.637,,,,1.47,,0.0,0.001,,,,,0.003,0.003,,,,
785,0.139,,0.002,0.066,0.6135,0.0755,,0.025,0.32,,,,1.472,,0.0,0.001,,,,,0.003,0.003,,,,
786,0.139,,0.002,0.066,1.535,0.076,,0.025,3.1015,,,,1.4755,,0.0,0.001,,,,,0.003,0.003,,,,
787,0.139,,0.002,0.066,3.7795,0.0755,,0.025,5.702,,,,1.4765000000000001,,0.0,0.001,,,,,0.003,0.003,,,,
788,0.139,,0.002,0.066,3.226,0.076,,0.025,4.356,,,,1.477,,0.0,0.001,,,,,0.003,0.003,,,,
789,0.139,,0.002,0.0655,0.201,0.076,,0.025,0.1315,,,,1.4769999999999999,,0.0,0.001,,,,,0.003,0.003,,,,
790,0.139,,0.002,0.066,0.6505000000000001,0.076,,0.025,0.39,,,,1.478,,0.0,0.001,,,,,0.003,0.003,,,,
791,0.139,,0.002,0.066,0.46599999999999997,0.076,,0.025,0.2025,,,,1.478,,0.0,0.001,,,,,0.003,0.003,,,,
792,0.1385,,0.002,0.066,0.7205,0.076,,0.025,0.234,,,,1.4765000000000001,,0.0,0.001,,,,,0.003,0.003,,,,
793,0.139,,0.002,0.0655,0.923,0.076,,0.025,1.917,,,,1.4785,,0.0,0.001,,,,,0.003,0.003,,,,
794,0.1395,,0.0025,0.0655,0.376,0.076,,0.025,0.1375,,,,1.4809999999999999,,0.0,0.001,,,,,0.003,0.003,,,,
795,0.139,,0.002,0.066,2.6390000000000002,0.0755,,0.025,4.2844999999999995,,,,1.4775,,0.0,0.001,,,,,0.003,0.003,,,,
796,0.139,,0.002,0.066,0.3875,0.076,,0.025,1.0085,,,,1.4849999999999999,,0.0,0.001,,,,,0.003,0.003,,,,
797,0.139,,0.002,0.066,0.4355,0.076,,0.025,0.2025,,,,1.4795,,0.0,0.001,,,,,0.003,0.003,,,,
798,0.139,,0.002,0.066,0.499,0.0755,,0.025,0.11200000000000002,,,,1.4835,,0.0,0.001,,,,,0.003,0.003,,,,
799,0.139,,0.002,0.065,0.699,0.076,,0.025,0.4885,,,,1.4715,,0.0,0.001,,,,,0.003,0.003,,,,
800,0.139,,0.003,0.066,0.5579999999999999,0.076,,0.025,0.8995000000000001,,,,1.4725000000000001,,0.0,0.001,,,,,0.003,0.003,,,,
801,0.139,,0.002,0.0655,3.0245,0.076,,0.025,0.4525,,,,1.4740000000000002,,0.0,0.001,,,,,0.003,0.003,,,,
802,0.5805,,0.024,0.27,1.086,0.28500000000000003,,0.11750000000000001,1.7235,,,0.149,,,0.0,0.003,,,,,0.0175,0.0165,,,,
803,0.1385,,0.002,0.0655,0.1085,0.075,,0.025,0.41800000000000004,,,,1.45,,0.0,0.001,,,,,0.003,0.003,,,,
804,0.1385,,0.002,0.0655,0.1245,0.0755,,0.025,0.8825,,,,1.454,,0.0,0.001,,,,,0.003,0.003,,,,
805,0.1395,,0.0025,0.0655,3.1830000000000003,0.076,,0.025,1.5999999999999999,,,,1.459,,0.0,0.001,,,,,0.003,0.003,,,,
806,0.139,,0.002,0.0655,0.5865,0.075,,0.025,0.202,,,,1.461,,0.0,0.001,,,,,0.003,0.003,,,,
807,0.1385,,0.002,0.066,0.269,0.076,,0.025,0.091,,,,1.4605000000000001,,0.0,0.001,,,,,0.003,0.003,,,,
808,0.139,,0.002,0.065,0.8335,0.076,,0.025,0.8380000000000001,,,,1.456,,0.0,0.001,,,,,0.003,0.003,,,,
809,0.139,,0.002,0.066,0.928,0.076,,0.025,2.3465,,,,1.4615,,0.0,0.001,,,,,0.003,0.003,,,,
810,0.139,,0.002,0.066,0.2945,0.0755,,0.025,0.416,,,,1.459,,0.0,0.001,,,,,0.003,0.003,,,,
811,0.139,,0.002,0.065,0.6545,0.076,,0.025,1.1435,,,,1.46,,0.0,0.001,,,,,0.003,0.003,,,,
812,0.139,,0.002,0.066,0.348,0.076,,0.025,0.4495,,,,1.456,,0.0,0.001,,,,,0.003,0.003,,,,
813,0.1385,,0.002,0.065,0.272,0.076,,0.025,1.78,,,,1.465,,0.0,0.001,,,,,0.003,0.003,,,,
814,0.139,,0.002,0.0655,0.5125000000000001,0.0755,,0.025,0.8965000000000001,,,,1.459,,0.0,0.001,,,,,0.003,0.003,,,,
815,0.139,,0.002,0.066,0.5920000000000001,0.076,,0.025,0.6935,,,,1.4655,,0.0,0.001,,,,,0.003,0.003,,,,
816,0.139,,0.002,0.065,0.475,0.076,,0.025,0.166,,,,1.4595,,0.0,0.001,,,,,0.003,0.003,,,,
817,0.139,,0.002,0.0655,0.431,0.076,,0.025,1.0365,,,,1.4645000000000001,,0.0,0.001,,,,,0.003,0.003,,,,
818,0.7224999999999999,,0.0565,0.3405,1.096,0.4215,,0.14450000000000002,1.1139999999999999,,,0.257,,,0.0,0.004,,,,,0.023,0.023,,,,
819,0.139,,0.002,0.0655,0.155,0.076,,0.025,2.0475,,,,1.4555,,0.0,0.001,,,,,0.003,0.003,,,,
820,0.1395,,0.002,0.066,0.5515,0.076,,0.025,0.5585,,,,1.4535,,0.0,0.001,,,,,0.003,0.003,,,,
821,0.139,,0.002,0.066,0.5225,0.0755,,0.025,0.2955,,,,1.456,,0.0,0.001,,,,,0.003,0.003,,,,
822,0.139,,0.002,0.065,0.476,0.076,,0.025,0.1235,,,,1.456,,0.0,0.001,,,,,0.003,0.003,,,,
823,0.1385,,0.0025,0.066,0.428,0.0755,,0.025,1.214,,,,1.4575,,0.0,0.001,,,,,0.003,0.003,,,,
824,0.139,,0.002,0.0655,0.417,0.0755,,0.025,0.2295,,,,1.455,,0.0,0.001,,,,,0.003,0.003,,,,
825,0.139,,0.002,0.066,4.24,0.0755,,0.025,1.8375000000000001,,,,1.4569999999999999,,0.0,0.001,,,,,0.003,0.003,,,,
826,0.8574999999999999,,0.074,0.386,1.343,0.4325,,0.1535,1.8115,,,0.343,,,0.0,0.004,,,,,0.0275,0.027,,,,
827,0.139,,0.002,0.065,0.1285,0.076,,0.025,0.49250000000000005,,,,1.4535,,0.0,0.001,,,,,0.003,0.003,,,,
828,0.139,,0.002,0.066,0.1505,0.0755,,0.025,0.10350000000000001,,,,1.4540000000000002,,0.0,0.001,,,,,0.003,0.003,,,,
829,0.139,,0.002,0.065,0.5325,0.076,,0.025,0.9335,,,,1.4535,,0.0,0.001,,,,,0.003,0.003,,,,
830,0.139,,0.002,0.066,0.3025,0.076,,0.025,0.3885,,,,1.4525000000000001,,0.0,0.001,,,,,0.003,0.003,,,,
831,0.139,,0.002,0.066,0.2185,0.0755,,0.025,0.381,,,,1.4585,,0.0,0.001,,,,,0.003,0.003,,,,
832,0.139,,0.002,0.066,0.5175000000000001,0.076,,0.025,0.9355000000000001,,,,1.458,,0.0,0.001,,,,,0.003,0.003,,,,
833,1.0085000000000002,,0.10300000000000001,0.535,1.7109999999999999,0.5675000000000001,,0.2135,1.9315,,,0.487,,,0.0,0.005,,,,,0.032,0.033,,,,
834,0.139,,0.002,0.066,0.28,0.0755,,0.025,0.32,,,,1.4609999999999999,,0.0,0.001,,,,,0.003,0.003,,,,
835,0.1385,,0.002,0.0655,0.6080000000000001,0.076,,0.025,2.089,,,,1.4595,,0.0,0.001,,,,,0.003,0.003,,,,
836,0.139,,0.002,0.065,0.5625,0.076,,0.025,0.9369999999999999,,,,1.4540000000000002,,0.0,0.001,,,,,0.003,0.003,,,,
837,0.1385,,0.002,0.065,0.296,0.076,,0.025,0.16,,,,1.4585,,0.0,0.001,,,,,0.003,0.003,,,,
838,0.139,,0.002,0.066,0.3595,0.076,,0.025,1.1320000000000001,,,,1.4615,,0.0,0.001,,,,,0.003,0.003,,,,
839,0.1395,,0.002,0.066,0.39899999999999997,0.076,,0.025,0.4225,,,,1.4609999999999999,,0.0,0.001,,,,,0.003,0.003,,,,
840,0.139,,0.002,0.0655,0.276,0.076,,0.025,0.1585,,,,1.4565000000000001,,0.0,0.001,,,,,0.003,0.003,,,,
841,0.139,,0.002,0.066,0.598,0.076,,0.025,0.9965,,,,1.4575,,0.0,0.001,,,,,0.003,0.003,,,,
842,0.1395,,0.002,0.0655,0.5665,0.076,,0.025,0.635,,,,1.462,,0.0,0.001,,,,,0.003,0.003,,,,
843,0.139,,0.002,0.0655,0.18100000000000002,0.076,,0.025,0.1645,,,,1.4609999999999999,,0.0,0.001,,,,,0.003,0.003,,,,
844,0.139,,0.002,0.0655,0.5215,0.076,,0.025,1.0595,,,,1.4565000000000001,,0.0,0.001,,,,,0.003,0.003,,,,
845,0.139,,0.002,0.065,0.8675,0.076,,0.025,1.0445,,,,1.462,,0.0,0.001,,,,,0.003,0.003,,,,
846,0.139,,0.002,0.0655,1.517,0.076,,0.025,1.5465,,,,1.464,,0.0,0.001,,,,,0.003,0.003,,,,
847,0.139,,0.002,0.065,0.5345,0.076,,0.025,0.4095,,,,1.4660000000000002,,0.0,0.001,,,,,0.003,0.003,,,,
848,0.139,,0.002,0.066,1.405,0.076,,0.025,0.9375,,,,1.4620000000000002,,0.0,0.001,,,,,0.003,0.003,,,,
849,0.1385,,0.002,0.065,1.3045000000000002,0.076,,0.025,2.0965000000000003,,,,1.4625,,0.0,0.001,,,,,0.003,0.003,,,,
850,0.139,,0.002,0.0655,0.4125,0.076,,0.025,0.7745,,,,1.4585,,0.0,0.001,,,,,0.003,0.003,,,,
851,0.139,,0.002,0.066,0.5865,0.076,,0.025,0.379,,,,1.466,,0.0,0.001,,,,,0.003,0.003,,,,
852,0.139,,0.002,0.066,1.311,0.076,,0.025,1.5635000000000001,,,,1.471,,0.0,0.001,,,,,0.003,0.003,,,,
853,0.1395,,0.002,0.066,0.5880000000000001,0.076,,0.025,0.429,,,,1.4645000000000001,,0.0,0.001,,,,,0.003,0.003,,,,
854,0.139,,0.002,0.065,0.623,0.076,,0.025,0.233,,,,1.464,,0.0,0.001,,,,,0.003,0.003,,,,
855,0.1395,,0.002,0.0655,1.37,0.076,,0.025,2.161,,,,1.4665,,0.0,0.001,,,,,0.003,0.003,,,,
856,0.139,,0.002,0.0655,0.5495000000000001,0.076,,0.025,0.2595,,,,1.471,,0.0,0.001,,,,,0.003,0.003,,,,
857,0.139,,0.002,0.066,0.5165000000000001,0.076,,0.025,0.4335,,,,1.464,,0.0,0.001,,,,,0.003,0.003,,,,
858,0.1385,,0.003,0.0655,0.6985,0.076,,0.025,0.9375,,,,1.4700000000000002,,0.0,0.001,,,,,0.003,0.003,,,,
859,0.139,,0.002,0.0655,0.6205,0.076,,0.025,0.2695,,,,1.4740000000000002,,0.0,0.001,,,,,0.003,0.003,,,,
860,0.139,,0.002,0.0655,0.6205,0.076,,0.025,0.2025,,,,1.475,,0.0,0.001,,,,,0.003,0.003,,,,
861,0.139,,0.002,0.066,0.8,0.076,,0.025,0.0935,,,,1.4725000000000001,,0.0,0.001,,,,,0.003,0.003,,,,
862,0.1395,,0.002,0.0655,0.5965,0.076,,0.025,1.3105,,,,1.4705,,0.0,0.001,,,,,0.003,0.003,,,,
863,0.1385,,0.002,0.066,0.20750000000000002,0.076,,0.025,0.0995,,,,1.4735,,0.0,0.001,,,,,0.003,0.003,,,,
864,0.139,,0.002,0.066,2.794,0.076,,0.025,3.2195000000000005,,,,1.4745,,0.0,0.001,,,,,0.003,0.003,,,,
865,0.139,,0.002,0.0655,0.6799999999999999,0.076,,0.025,0.7005,,,,1.4715,,0.0,0.001,,,,,0.003,0.003,,,,
866,0.139,,0.002,0.0655,0.5145000000000001,0.076,,0.025,1.6935,,,,1.478,,0.0,0.001,,,,,0.003,0.003,,,,
867,0.139,,0.002,0.066,0.4145,0.076,,0.025,0.2855,,,,1.4745,,0.0,0.001,,,,,0.003,0.003,,,,
868,0.139,,0.002,0.066,0.5465,0.076,,0.025,1.0265,,,,1.4745,,0.0,0.001,,,,,0.003,0.003,,,,
869,0.139,,0.002,0.0655,0.6015,0.076,,0.025,0.8135,,,,1.4485000000000001,,0.0,0.001,,,,,0.003,0.003,,,,
870,0.1395,,0.002,0.066,0.5985,0.0755,,0.025,0.33199999999999996,,,,1.4485000000000001,,0.0,0.001,,,,,0.003,0.003,,,,
871,0.139,,0.002,0.066,0.568,0.076,,0.025,0.7745000000000001,,,,1.4495,,0.0,0.001,,,,,0.003,0.003,,,,
872,0.139,,0.002,0.066,0.20750000000000002,0.076,,0.025,0.506,,,,1.4495,,0.0,0.001,,,,,0.003,0.003,,,,
873,0.139,,0.002,0.066,0.531,0.076,,0.025,3.377,,,,1.452,,0.0,0.001,,,,,0.003,0.003,,,,
874,0.139,,0.002,0.066,2.5555,0.076,,0.025,1.3955,,,,1.4525000000000001,,0.0,0.001,,,,,0.003,0.003,,,,
875,1.0354999999999999,,0.12,0.5385,2.2565,0.5854999999999999,,0.2155,1.8535,,,0.5905,,,0.0,0.006,,,,,0.036000000000000004,0.0375,,,,
876,0.139,,0.002,0.066,0.2685,0.076,,0.025,0.08,,,,1.4489999999999998,,0.0,0.001,,,,,0.003,0.003,,,,
877,0.139,,0.002,0.0655,0.0825,0.076,,0.025,0.291,,,,1.4505,,0.0,0.001,,,,,0.003,0.003,,,,
878,0.139,,0.002,0.066,1.6010000000000002,0.076,,0.025,0.4705,,,,1.448,,0.0,0.001,,,,,0.003,0.003,,,,
879,0.1385,,0.002,0.0655,2.9899999999999998,0.076,,0.025,0.585,,,,1.447,,0.0,0.001,,,,,0.003,0.003,,,,
880,0.139,,0.002,0.066,0.1955,0.076,,0.025,0.24350000000000002,,,,1.4465,,0.0,0.001,,,,,0.003,0.003,,,,
881,0.1395,,0.002,0.0655,0.2015,0.076,,0.025,0.311,,,,1.447,,0.0,0.001,,,,,0.003,0.003,,,,
882,0.139,,0.002,0.0655,4.1655,0.076,,0.025,0.131,,,,1.4495,,0.0,0.001,,,,,0.003,0.003,,,,
883,1.2945,,0.1575,0.734,2.2415000000000003,0.719,,0.2725,9.728,,,0.1453,,,0.0,0.00225,,,,,0.044,0.0445,,,,
884,0.139,,0.002,0.066,0.059500000000000004,0.0755,,0.025,0.6405,,,,1.4620000000000002,,0.0,0.001,,,,,0.003,0.003,,,,
885,0.139,,0.002,0.0655,1.324,0.076,,0.025,0.26,,,,1.4645000000000001,,0.0,0.001,,,,,0.003,0.003,,,,
886,0.139,,0.002,0.065,1.6095,0.076,,0.025,0.4805,,,,1.469,,0.0,0.001,,,,,0.003,0.003,,,,
887,0.1385,,0.002,0.066,0.10350000000000001,0.076,,0.025,0.125,,,,1.46,,0.0,0.001,,,,,0.003,0.003,,,,
888,0.139,,0.002,0.065,0.319,0.076,,0.025,0.1325,,,,1.463,,0.0,0.001,,,,,0.003,0.003,,,,
889,0.139,,0.002,0.066,0.88,0.076,,0.025,1.2469999999999999,,,,1.4655,,0.0,0.001,,,,,0.003,0.003,,,,
890,0.139,,0.002,0.0655,0.091,0.0765,,0.025,0.436,,,,1.464,,0.0,0.001,,,,,0.003,0.003,,,,
891,0.139,,0.002,0.0655,0.1405,0.076,,0.025,0.11050000000000001,,,,1.4625,,0.0,0.001,,,,,0.003,0.003,,,,
892,0.139,,0.002,0.065,3.9355,0.0755,,0.025,8.3125,,,,1.4620000000000002,,0.0,0.001,,,,,0.003,0.003,,,,
893,0.139,,0.002,0.065,2.0894999999999997,0.076,,0.025,5.3015,,,,1.463,,0.0,0.001,,,,,0.003,0.003,,,,
894,0.139,,0.002,0.0655,0.14150000000000001,0.076,,0.025,0.0975,,,,1.467,,0.0,0.001,,,,,0.003,0.003,,,,
895,0.139,,0.002,0.0655,2.9275,0.076,,0.025,0.5145000000000001,,,,1.4705,,0.0,0.001,,,,,0.003,0.003,,,,
896,0.139,,0.002,0.066,0.264,0.076,,0.025,0.8315,,,,1.4665,,0.0,0.001,,,,,0.003,0.003,,,,
897,0.139,,0.002,0.066,3.46,0.076,,0.025,3.8815000000000004,,,,1.4665,,0.0,0.001,,,,,0.003,0.003,,,,
898,0.139,,0.002,0.0655,0.3195,0.076,,0.025,1.3715,,,,1.466,,0.0,0.001,,,,,0.003,0.003,,,,
899,0.139,,0.002,0.066,0.126,0.076,,0.025,0.4715,,,,1.4689999999999999,,0.0,0.001,,,,,0.003,0.003,,,,
900,0.1385,,0.002,0.0655,0.288,0.076,,0.025,0.133,,,,1.468,,0.0,0.001,,,,,0.003,0.003,,,,
901,0.139,,0.002,0.065,0.152,0.076,,0.025,0.328,,,,1.4725000000000001,,0.0,0.001,,,,,0.003,0.003,,,,
902,0.139,,0.002,0.066,0.17300000000000001,0.076,,0.025,0.198,,,,1.4705,,0.0,0.001,,,,,0.003,0.003,,,,
903,0.139,,0.002,0.066,0.4115,0.076,,0.025,0.3725,,,,1.4689999999999999,,0.0,0.001,,,,,0.003,0.003,,,,
904,0.139,,0.002,0.065,0.1545,0.076,,0.025,0.5615,,,,1.4715,,0.0,0.001,,,,,0.003,0.003,,,,
905,0.139,,0.002,0.066,3.8030000000000004,0.076,,0.025,0.324,,,,1.4700000000000002,,0.0,0.001,,,,,0.003,0.003,,,,
906,0.139,,0.002,0.0655,3.435,0.076,,0.025,4.8115,,,,1.4715,,0.0,0.001,,,,,0.003,0.003,,,,
907,0.139,,0.002,0.066,0.434,0.076,,0.025,0.509,,,,1.475,,0.0,0.001,,,,,0.003,0.003,,,,
908,0.139,,0.002,0.0655,0.2595,0.0755,,0.025,6.0485,,,,1.4689999999999999,,0.0,0.001,,,,,0.003,0.003,,,,
909,0.139,,0.002,0.065,0.4295,0.076,,0.025,0.294,,,,1.472,,0.0,0.001,,,,,0.003,0.003,,,,
910,0.139,,0.002,0.0655,0.2185,0.076,,0.025,0.2165,,,,1.4729999999999999,,0.0,0.001,,,,,0.003,0.003,,,,
911,0.1385,,0.002,0.0655,0.5205,0.076,,0.025,2.4985,,,,1.4740000000000002,,0.0,0.001,,,,,0.003,0.003,,,,
912,0.1395,,0.002,0.0655,0.478,0.076,,0.025,0.3045,,,,1.4740000000000002,,0.0,0.001,,,,,0.003,0.003,,,,
913,0.139,,0.002,0.0655,0.10950000000000001,0.076,,0.025,0.2955,,,,1.464,,0.0,0.001,,,,,0.003,0.003,,,,
914,0.1385,,0.002,0.0655,0.422,0.076,,0.025,0.11499999999999999,,,,1.4695,,0.0,0.001,,,,,0.003,0.003,,,,
915,0.139,,0.002,0.065,0.20900000000000002,0.076,,0.025,2.957,,,,1.4665,,0.0,0.001,,,,,0.003,0.003,,,,
916,0.139,,0.002,0.0655,0.125,0.076,,0.025,0.381,,,,1.4705,,0.0,0.001,,,,,0.003,0.003,,,,
917,0.139,,0.002,0.065,0.10650000000000001,0.076,,0.025,1.2715,,,,1.4745,,0.0,0.001,,,,,0.003,0.003,,,,
918,0.139,,0.002,0.066,0.453,0.0765,,0.025,0.0875,,,,1.4685000000000001,,0.0,0.001,,,,,0.003,0.003,,,,
919,0.139,,0.002,0.065,0.12,0.076,,0.025,0.426,,,,1.4705,,0.0,0.001,,,,,0.003,0.003,,,,
920,0.1385,,0.002,0.066,0.1215,0.076,,0.025,0.4215,,,,1.47,,0.0,0.001,,,,,0.003,0.003,,,,
921,0.139,,0.002,0.065,0.127,0.076,,0.025,0.39599999999999996,,,,1.4775,,0.0,0.001,,,,,0.003,0.003,,,,
922,0.139,,0.002,0.0655,0.089,0.076,,0.025,0.0865,,,,1.476,,0.0,0.001,,,,,0.003,0.003,,,,
923,0.138,,0.002,0.0655,0.46599999999999997,0.076,,0.025,0.9155,,,,1.4725000000000001,,0.0,0.001,,,,,0.003,0.003,,,,
924,0.139,,0.002,0.066,0.2585,0.076,,0.025,0.5065000000000001,,,,1.4765000000000001,,0.0,0.001,,,,,0.003,0.003,,,,
925,0.139,,0.002,0.066,4.3975,0.076,,0.025,5.3475,,,,1.4705,,0.0,0.001,,,,,0.003,0.003,,,,
926,0.139,,0.002,0.066,0.18000000000000002,0.076,,0.025,0.5875,,,,1.4725000000000001,,0.0,0.001,,,,,0.003,0.003,,,,
927,0.139,,0.002,0.0655,0.40299999999999997,0.076,,0.025,0.39,,,,1.464,,0.0,0.001,,,,,0.003,0.003,,,,
928,0.139,,0.002,0.066,1.5010000000000001,0.076,,0.025,1.9500000000000002,,,,1.46,,0.0,0.001,,,,,0.003,0.003,,,,
929,0.1385,,0.002,0.0655,0.123,0.0755,,0.025,3.864,,,,1.4655,,0.0,0.001,,,,,0.003,0.003,,,,
930,0.139,,0.002,0.065,0.3895,0.076,,0.025,0.23600000000000002,,,,1.461,,0.0,0.001,,,,,0.003,0.003,,,,
931,0.139,,0.002,0.0655,0.186,0.076,,0.025,0.503,,,,1.4625,,0.0,0.001,,,,,0.003,0.003,,,,
932,0.1385,,0.002,0.065,0.1305,0.076,,0.025,0.68,,,,1.4675,,0.0,0.001,,,,,0.003,0.003,,,,
933,0.139,,0.002,0.066,0.20850000000000002,0.076,,0.025,0.3625,,,,1.464,,0.0,0.001,,,,,0.003,0.003,,,,
934,0.139,,0.002,0.0655,0.885,0.076,,0.025,1.0410000000000001,,,,1.4665,,0.0,0.001,,,,,0.003,0.003,,,,
935,0.139,,0.002,0.066,0.947,0.076,,0.025,1.0165,,,,1.4665,,0.0,0.001,,,,,0.003,0.003,,,,
936,0.139,,0.002,0.0655,0.1285,0.076,,0.025,1.4760000000000002,,,,1.464,,0.0,0.001,,,,,0.003,0.003,,,,
937,0.139,,0.002,0.065,0.59,0.076,,0.025,0.7110000000000001,,,,1.472,,0.0,0.001,,,,,0.003,0.003,,,,
938,0.139,,0.002,0.066,0.153,0.0755,,0.025,0.10600000000000001,,,,1.4735,,0.0,0.001,,,,,0.003,0.003,,,,
939,0.1395,,0.002,0.0655,0.8855000000000001,0.076,,0.025,2.2310000000000003,,,,1.4755,,0.0,0.001,,,,,0.003,0.003,,,,
940,0.139,,0.002,0.0655,0.7675,0.076,,0.025,0.79,,,,1.4715,,0.0,0.001,,,,,0.003,0.003,,,,
941,0.139,,0.002,0.0655,0.145,0.076,,0.025,0.424,,,,1.474,,0.0,0.001,,,,,0.003,0.003,,,,
942,0.139,,0.002,0.066,0.371,0.076,,0.025,0.24650000000000002,,,,1.4755,,0.0,0.001,,,,,0.003,0.003,,,,
943,0.139,,0.002,0.0655,1.4855,0.076,,0.025,0.3445,,,,1.4705,,0.0,0.001,,,,,0.003,0.003,,,,
944,0.1395,,0.002,0.0655,0.1545,0.0755,,0.025,3.4655,,,,1.4735,,0.0,0.001,,,,,0.003,0.003,,,,
945,0.139,,0.002,0.066,0.17450000000000002,0.076,,0.025,0.4165,,,,1.4780000000000002,,0.0,0.001,,,,,0.003,0.003,,,,
946,0.1395,,0.002,0.065,0.20750000000000002,0.0755,,0.025,1.2060000000000002,,,,1.4740000000000002,,0.0,0.001,,,,,0.003,0.003,,,,
947,0.1385,,0.002,0.065,0.3275,0.076,,0.025,1.861,,,,1.473,,0.0,0.001,,,,,0.003,0.003,,,,
948,0.139,,0.002,0.066,0.433,0.075,,0.025,0.493,,,,1.4740000000000002,,0.0,0.001,,,,,0.003,0.003,,,,
949,0.1385,,0.002,0.066,0.4715,0.076,,0.025,0.4485,,,,1.473,,0.0,0.001,,,,,0.003,0.003,,,,
950,0.1385,,0.002,0.065,1.1715,0.076,,0.025,0.5569999999999999,,,,1.4195,,0.0,0.001,,,,,0.003,0.003,,,,
951,0.1395,,0.002,0.0655,0.1555,0.0755,,0.025,1.4260000000000002,,,,1.42,,0.0,0.001,,,,,0.003,0.003,,,,
952,2.242,,0.2685,1.1375000000000002,3.9085,1.3039999999999998,,0.4205,4.9355,,,1.1083333333333334,,,0.0,0.014166666666666668,,,,,0.1405,0.1395,,,,
953,1.9144999999999999,,0.2335,0.9570000000000001,3.8550000000000004,1.1365,,0.357,3.347,,,0.5495,,,0.0,0.005333333333333333,,,,,0.08449999999999999,0.083,,,,
954,0.139,,0.002,0.066,0.59,0.076,,0.025,0.43950000000000006,,,,1.4580000000000002,,0.0,0.001,,,,,0.003,0.003,,,,
955,0.1395,,0.002,0.066,0.9235,0.076,,0.025,0.9635,,,,1.459,,0.0,0.001,,,,,0.003,0.003,,,,
956,0.1385,,0.0025,0.065,0.5855,0.076,,0.025,0.133,,,,1.4555,,0.0,0.001,,,,,0.003,0.003,,,,
957,0.139,,0.002,0.066,0.945,0.076,,0.025,4.144,,,,1.4615,,0.0,0.001,,,,,0.003,0.003,,,,
958,0.1385,,0.002,0.0655,0.6965,0.076,,0.025,0.2025,,,,1.456,,0.0,0.001,,,,,0.003,0.003,,,,
959,0.139,,0.002,0.0655,0.5695,0.076,,0.025,0.884,,,,1.4615,,0.0,0.001,,,,,0.003,0.003,,,,
960,0.139,,0.002,0.0655,0.6975,0.076,,0.025,0.578,,,,1.457,,0.0,0.001,,,,,0.003,0.003,,,,
961,0.1385,,0.002,0.0655,0.7180000000000001,0.076,,0.025,0.6865,,,,1.4635,,0.0,0.001,,,,,0.003,0.003,,,,
962,2.5975,,0.3075,1.334,4.3365,1.4849999999999999,,0.489,4.9485,,,0.4625000000000001,,,0.0,0.005050000000000001,,,,,0.191,0.189,,,,
963,0.139,,0.002,0.066,0.241,0.0755,,0.025,0.28600000000000003,,,,1.467,,0.0,0.001,,,,,0.003,0.003,,,,
964,0.139,,0.002,0.0655,1.264,0.076,,0.025,0.324,,,,1.4609999999999999,,0.0,0.001,,,,,0.003,0.003,,,,
965,0.139,,0.002,0.0655,0.134,0.076,,0.025,0.6000000000000001,,,,1.466,,0.0,0.001,,,,,0.003,0.003,,,,
966,0.139,,0.002,0.066,0.7350000000000001,0.076,,0.025,0.5055000000000001,,,,1.467,,0.0,0.001,,,,,0.003,0.003,,,,
967,0.139,,0.002,0.065,0.3125,0.075,,0.025,0.778,,,,1.4685000000000001,,0.0,0.001,,,,,0.003,0.003,,,,
968,0.139,,0.002,0.0655,0.135,0.076,,0.025,1.911,,,,1.4675,,0.0,0.001,,,,,0.003,0.003,,,,
969,2.0705,,0.2465,0.9844999999999999,3.4640000000000004,1.1635,,0.3645,3.7830000000000004,,,0.9403333333333334,,,0.0,0.011666666666666667,,,,,0.0955,0.096,,,,
970,0.139,,0.002,0.0655,0.2365,0.076,,0.025,0.321,,,,1.4575,,0.0,0.001,,,,,0.003,0.003,,,,
971,0.139,,0.0025,0.066,0.2765,0.076,,0.025,0.958,,,,1.4545,,0.0,0.001,,,,,0.003,0.003,,,,
972,0.1385,,0.002,0.0655,0.759,0.076,,0.025,0.194,,,,1.4555,,0.0,0.001,,,,,0.003,0.003,,,,
973,0.139,,0.002,0.0655,0.221,0.076,,0.025,2.3785000000000003,,,,1.4525000000000001,,0.0,0.001,,,,,0.003,0.003,,,,
974,0.139,,0.0025,0.0655,0.1845,0.076,,0.025,3.3135,,,,1.454,,0.0,0.001,,,,,0.003,0.003,,,,
975,0.1395,,0.002,0.0655,0.564,0.076,,0.025,0.2635,,,,1.456,,0.0,0.001,,,,,0.003,0.003,,,,
976,0.139,,0.002,0.066,0.898,0.076,,0.025,0.346,,,,1.4565000000000001,,0.0,0.001,,,,,0.003,0.003,,,,
977,0.1385,,0.002,0.066,0.11150000000000002,0.076,,0.025,1.0915,,,,1.457,,0.0,0.001,,,,,0.003,0.003,,,,
978,0.139,,0.002,0.066,0.5975,0.076,,0.025,0.278,,,,1.4580000000000002,,0.0,0.001,,,,,0.003,0.003,,,,
979,0.1385,,0.002,0.0655,0.5745,0.076,,0.025,0.784,,,,1.4585,,0.0,0.001,,,,,0.003,0.003,,,,
980,0.139,,0.002,0.0655,0.0935,0.076,,0.025,0.131,,,,1.457,,0.0,0.001,,,,,0.003,0.003,,,,
981,0.1385,,0.002,0.0655,0.5825,0.076,,0.025,1.0045,,,,1.4545,,0.0,0.001,,,,,0.003,0.003,,,,
982,2.4435000000000002,,0.28650000000000003,1.1545,4.034,1.3485,,0.4255,4.3855,,,0.4961666666666667,,,0.0,0.00475,,,,,0.17350000000000002,0.169,,,,
983,0.138,,0.002,0.066,0.1545,0.0755,,0.025,0.9405,,,,1.413,,0.0,0.001,,,,,0.003,0.003,,,,
984,0.1385,,0.002,0.066,0.5765,0.076,,0.025,0.311,,,,1.415,,0.0,0.001,,,,,0.003,0.003,,,,
985,0.139,,0.002,0.0655,0.569,0.0755,,0.025,1.028,,,,1.3905,,0.0,0.001,,,,,0.003,0.003,,,,
986,0.139,,0.002,0.0655,0.1895,0.076,,0.025,0.7280000000000001,,,,1.3905,,0.0,0.001,,,,,0.003,0.003,,,,
987,0.1385,,0.002,0.065,0.975,0.076,,0.025,1.291,,,,1.3895,,0.0,0.001,,,,,0.003,0.003,,,,
988,0.1385,,0.002,0.066,1.5695000000000001,0.076,,0.025,0.8565,,,,1.3940000000000001,,0.0,0.001,,,,,0.003,0.003,,,,
989,0.139,,0.002,0.065,0.1505,0.076,,0.025,0.5915,,,,1.3935,,0.0,0.001,,,,,0.003,0.003,,,,
990,0.139,,0.002,0.066,0.5155000000000001,0.0755,,0.025,0.506,,,,1.3885,,0.0,0.001,,,,,0.003,0.003,,,,
991,0.139,,0.002,0.065,0.5910000000000001,0.076,,0.025,1.5875000000000001,,,,1.3860000000000001,,0.0,0.001,,,,,0.003,0.003,,,,
992,0.1395,,0.002,0.066,0.145,0.076,,0.025,3.7005000000000003,,,,1.385,,0.0,0.001,,,,,0.003,0.003,,,,
993,0.139,,0.002,0.066,0.4465,0.0755,,0.025,3.7560000000000002,,,,1.3890000000000002,,0.0,0.001,,,,,0.003,0.003,,,,
994,0.139,,0.002,0.0655,0.956,0.0755,,0.025,0.6515,,,,1.3925,,0.0,0.001,,,,,0.003,0.003,,,,
995,0.1395,,0.002,0.0655,0.121,0.076,,0.025,2.525,,,,1.3925,,0.0,0.001,,,,,0.003,0.003,,,,
996,0.139,,0.002,0.065,1.2,0.076,,0.025,0.33349999999999996,,,,1.3865,,0.0,0.001,,,,,0.003,0.003,,,,
997,0.1385,,0.0025,0.0655,0.11000000000000001,0.076,,0.025,0.675,,,,1.3940000000000001,,0.0,0.001,,,,,0.003,0.003,,,,
998,0.139,,0.002,0.0655,0.784,0.076,,0.025,0.40049999999999997,,,,1.3940000000000001,,0.0,0.001,,,,,0.003,0.003,,,,
999,0.139,,0.002,0.066,0.795,0.076,,0.025,1.8765,,,,1.391,,0.0,0.001,,,,,0.003,0.003,,,,
1000,0.139,,0.002,0.066,0.63,0.076,,0.025,0.8445,,,,1.3725,,0.0,0.001,,,,,0.003,0.003,,,,
1001,0.139,,0.002,0.0655,0.277,0.076,,0.025,0.63,,,,1.3715000000000002,,0.0,0.001,,,,,0.003,0.003,,,,
1002,0.139,,0.002,0.065,0.47,0.076,,0.025,0.119,,,,1.3715000000000002,,0.0,0.001,,,,,0.003,0.003,,,,
1003,0.139,,0.002,0.0655,0.4755,0.076,,0.025,0.763,,,,1.3745,,0.0,0.001,,,,,0.003,0.003,,,,
1004,0.139,,0.002,0.066,0.11599999999999999,0.076,,0.025,2.402,,,,1.373,,0.0,0.001,,,,,0.003,0.003,,,,
1005,0.139,,0.002,0.0655,1.1625,0.076,,0.025,0.2735,,,,1.376,,0.0,0.001,,,,,0.003,0.003,,,,
1006,0.1395,,0.0025,0.065,0.5529999999999999,0.076,,0.025,0.39949999999999997,,,,1.3755000000000002,,0.0,0.001,,,,,0.003,0.003,,,,
1007,0.139,,0.002,0.066,0.409,0.076,,0.025,0.3755,,,,1.371,,0.0,0.001,,,,,0.003,0.003,,,,
1008,0.139,,0.003,0.0655,0.6525,0.076,,0.025,0.6395,,,,1.3745,,0.0,0.001,,,,,0.003,0.003,,,,
1009,0.139,,0.002,0.0655,0.5800000000000001,0.076,,0.025,0.1645,,,,1.3795000000000002,,0.0,0.001,,,,,0.003,0.003,,,,
1010,0.139,,0.002,0.065,2.2,0.0755,,0.025,0.6869999999999999,,,,1.379,,0.0,0.001,,,,,0.003,0.003,,,,
1011,0.1395,,0.002,0.066,2.7065,0.076,,0.025,0.439,,,,1.3755000000000002,,0.0,0.001,,,,,0.003,0.003,,,,
1012,0.139,,0.002,0.066,0.5680000000000001,0.076,,0.025,1.2049999999999998,,,,1.3785,,0.0,0.001,,,,,0.003,0.003,,,,
1013,0.139,,0.002,0.0655,0.1335,0.076,,0.025,0.545,,,,1.3795000000000002,,0.0,0.001,,,,,0.003,0.003,,,,
1014,0.139,,0.002,0.065,0.6789999999999999,0.076,,0.025,0.327,,,,1.379,,0.0,0.001,,,,,0.003,0.003,,,,
1015,0.139,,0.002,0.0655,1.0775000000000001,0.076,,0.025,0.7835000000000001,,,,1.3760000000000001,,0.0,0.001,,,,,0.003,0.003,,,,
1016,0.139,,0.002,0.065,0.17,0.0755,,0.025,0.5855,,,,1.3765,,0.0,0.001,,,,,0.003,0.003,,,,
1017,0.139,,0.002,0.065,2.9465,0.076,,0.025,2.8825000000000003,,,,1.3755000000000002,,0.0,0.001,,,,,0.003,0.003,,,,
1018,0.1385,,0.002,0.0655,0.582,0.076,,0.025,0.8,,,,1.3805,,0.0,0.001,,,,,0.003,0.003,,,,
1019,0.139,,0.002,0.065,0.33249999999999996,0.076,,0.025,0.228,,,,1.379,,0.0,0.001,,,,,0.003,0.003,,,,
1020,0.139,,0.002,0.0655,0.264,0.076,,0.025,0.75,,,,1.3465,,0.0,0.001,,,,,0.003,0.003,,,,
1021,0.139,,0.002,0.0655,0.633,0.076,,0.025,0.9255000000000001,,,,1.3465,,0.0,0.001,,,,,0.003,0.003,,,,
1022,0.139,,0.002,0.066,2.0770000000000004,0.076,,0.025,0.3215,,,,1.3495,,0.0,0.001,,,,,0.003,0.003,,,,
1023,0.1385,,0.002,0.0655,1.1475,0.076,,0.025,0.6920000000000001,,,,1.3465,,0.0,0.001,,,,,0.003,0.003,,,,
1024,0.139,,0.002,0.066,1.1665,0.076,,0.025,1.699,,,,1.347,,0.0,0.001,,,,,0.003,0.003,,,,
1025,0.1385,,0.002,0.066,2.7984999999999998,0.076,,0.025,4.554500000000001,,,,1.347,,0.0,0.001,,,,,0.003,0.003,,,,
1026,0.1395,,0.003,0.066,0.3655,0.076,,0.025,1.9455,,,,1.3485,,0.0,0.001,,,,,0.003,0.003,,,,
1027,0.139,,0.002,0.0655,0.5920000000000001,0.076,,0.025,0.8535,,,,1.3505,,0.0,0.001,,,,,0.003,0.003,,,,
1028,0.1385,,0.002,0.0655,0.149,0.076,,0.025,3.1945,,,,1.3505,,0.0,0.001,,,,,0.003,0.003,,,,
1029,0.139,,0.002,0.066,0.39749999999999996,0.076,,0.025,0.5165000000000001,,,,1.3525,,0.0,0.001,,,,,0.003,0.003,,,,
1030,0.1385,,0.002,0.066,0.612,0.076,,0.025,0.491,,,,1.3415,,0.0,0.001,,,,,0.003,0.003,,,,
1031,0.139,,0.002,0.066,2.564,0.076,,0.025,0.3535,,,,1.3375,,0.0,0.001,,,,,0.003,0.003,,,,
1032,0.139,,0.002,0.066,0.6295000000000001,0.076,,0.025,0.518,,,,1.337,,0.0,0.001,,,,,0.003,0.003,,,,
1033,0.139,,0.002,0.066,0.3495,0.0755,,0.025,0.7605,,,,1.3435000000000001,,0.0,0.001,,,,,0.003,0.003,,,,
1034,0.139,,0.002,0.0655,0.3265,0.076,,0.025,2.3375,,,,1.3415,,0.0,0.001,,,,,0.003,0.003,,,,
1035,0.1395,,0.002,0.0655,0.435,0.076,,0.025,0.0945,,,,1.347,,0.0,0.001,,,,,0.003,0.003,,,,
1036,0.139,,0.002,0.0655,1.7690000000000001,0.076,,0.025,4.107,,,,1.3450000000000002,,0.0,0.001,,,,,0.003,0.003,,,,
1037,0.139,,0.002,0.0655,3.5495,0.076,,0.025,0.17550000000000002,,,,1.346,,0.0,0.001,,,,,0.003,0.003,,,,
1038,0.139,,0.002,0.0655,1.1995,0.076,,0.025,1.0415,,,,1.3445,,0.0,0.001,,,,,0.003,0.003,,,,
1039,0.139,,0.002,0.065,0.599,0.076,,0.025,3.175,,,,1.3455,,0.0,0.001,,,,,0.003,0.003,,,,
1040,0.1385,,0.002,0.066,0.1685,0.076,,0.025,0.5105000000000001,,,,1.3425,,0.0,0.001,,,,,0.003,0.003,,,,
1041,0.139,,0.002,0.0655,3.0895,0.076,,0.025,3.1035,,,,1.351,,0.0,0.001,,,,,0.003,0.003,,,,
1042,0.139,,0.002,0.0655,0.791,0.0755,,0.025,0.479,,,,1.3519999999999999,,0.0,0.001,,,,,0.003,0.003,,,,
1043,0.139,,0.002,0.066,0.2255,0.0755,,0.025,1.166,,,,1.35,,0.0,0.001,,,,,0.003,0.003,,,,
1044,0.139,,0.002,0.0655,0.4805,0.076,,0.025,0.5750000000000001,,,,1.346,,0.0,0.001,,,,,0.003,0.003,,,,
1045,0.139,,0.002,0.065,1.441,0.076,,0.025,1.1,,,,1.314,,0.0,0.001,,,,,0.003,0.003,,,,
1046,0.139,,0.002,0.065,0.2225,0.0755,,0.025,0.128,,,,1.313,,0.0,0.001,,,,,0.003,0.003,,,,
1047,0.139,,0.002,0.0655,0.496,0.076,,0.025,0.6815,,,,1.3145,,0.0,0.001,,,,,0.003,0.003,,,,
1048,0.139,,0.002,0.0655,0.543,0.0755,,0.025,0.3535,,,,1.3145,,0.0,0.001,,,,,0.003,0.003,,,,
1049,0.1395,,0.002,0.066,0.39849999999999997,0.0755,,0.025,0.24350000000000002,,,,1.315,,0.0,0.001,,,,,0.003,0.003,,,,
1050,0.139,,0.002,0.0655,0.4755,0.076,,0.025,2.1435,,,,1.314,,0.0,0.001,,,,,0.003,0.003,,,,
1051,0.139,,0.002,0.0655,0.7425,0.076,,0.025,0.5145000000000001,,,,1.3165,,0.0,0.001,,,,,0.003,0.003,,,,
1052,0.139,,0.002,0.065,2.14,0.076,,0.025,3.934,,,,1.318,,0.0,0.001,,,,,0.003,0.003,,,,
1053,0.139,,0.002,0.0655,0.5155000000000001,0.076,,0.025,0.4355,,,,1.3145,,0.0,0.001,,,,,0.003,0.003,,,,
1054,0.139,,0.002,0.066,0.477,0.076,,0.025,1.6805,,,,1.317,,0.0,0.001,,,,,0.003,0.003,,,,
1055,0.139,,0.002,0.0655,0.1495,0.076,,0.025,0.1465,,,,1.315,,0.0,0.001,,,,,0.003,0.003,,,,
1056,0.139,,0.002,0.0655,0.5345,0.076,,0.025,1.8860000000000001,,,,1.3145,,0.0,0.001,,,,,0.003,0.003,,,,
1057,0.139,,0.002,0.066,0.4995,0.076,,0.025,0.9145000000000001,,,,1.314,,0.0,0.001,,,,,0.003,0.003,,,,
1058,0.1385,,0.002,0.0655,0.9825,0.076,,0.025,0.161,,,,1.3225,,0.0,0.001,,,,,0.003,0.003,,,,
1059,0.1385,,0.002,0.065,0.6675000000000001,0.076,,0.025,2.418,,,,1.319,,0.0,0.001,,,,,0.003,0.003,,,,
1060,0.1385,,0.002,0.065,0.4825,0.076,,0.025,0.777,,,,1.3215,,0.0,0.001,,,,,0.003,0.003,,,,
1061,0.1395,,0.002,0.066,0.1545,0.0755,,0.025,0.161,,,,1.3225,,0.0,0.001,,,,,0.003,0.003,,,,
1062,0.1385,,0.002,0.0655,0.5855,0.076,,0.025,0.755,,,,1.2675,,0.0,0.001,,,,,0.003,0.003,,,,
1063,0.139,,0.002,0.066,2.595,0.076,,0.025,3.901,,,,1.264,,0.0,0.001,,,,,0.003,0.003,,,,
1064,0.139,,0.002,0.066,0.3075,0.076,,0.025,0.0945,,,,1.2650000000000001,,0.0,0.001,,,,,0.003,0.003,,,,
1065,0.1395,,0.002,0.0655,5.101,0.0755,,0.025,1.927,,,,1.2655,,0.0,0.001,,,,,0.003,0.003,,,,
1066,0.139,,0.002,0.0655,0.1885,0.076,,0.025,0.348,,,,1.2715,,0.0,0.001,,,,,0.003,0.003,,,,
1067,0.139,,0.002,0.065,0.139,0.076,,0.025,0.1535,,,,1.27,,0.0,0.001,,,,,0.003,0.003,,,,
1068,0.139,,0.002,0.0655,0.4735,0.076,,0.025,0.361,,,,1.2680000000000002,,0.0,0.001,,,,,0.003,0.003,,,,
1069,0.1395,,0.002,0.0655,0.654,0.076,,0.025,2.967,,,,1.2680000000000002,,0.0,0.001,,,,,0.003,0.003,,,,
1070,0.139,,0.002,0.065,0.2565,0.076,,0.025,0.18000000000000002,,,,1.2655,,0.0,0.001,,,,,0.003,0.003,,,,
1071,0.1395,,0.002,0.066,3.081,0.076,,0.025,2.4520000000000004,,,,1.2715,,0.0,0.001,,,,,0.003,0.003,,,,
1072,0.1385,,0.002,0.066,0.472,0.076,,0.025,1.5394999999999999,,,,1.2650000000000001,,0.0,0.001,,,,,0.003,0.003,,,,
1073,0.1385,,0.002,0.065,2.47,0.076,,0.025,0.33899999999999997,,,,1.274,,0.0,0.001,,,,,0.003,0.003,,,,
1074,0.139,,0.002,0.0655,0.16,0.076,,0.025,0.4795,,,,1.2720000000000002,,0.0,0.001,,,,,0.003,0.003,,,,
1075,0.1395,,0.002,0.066,2.3150000000000004,0.076,,0.025,3.3185000000000002,,,,1.2745000000000002,,0.0,0.001,,,,,0.003,0.003,,,,
1076,0.139,,0.002,0.0655,1.1070000000000002,0.076,,0.025,4.2565,,,,1.2685,,0.0,0.001,,,,,0.003,0.003,,,,
1077,0.139,,0.002,0.0655,1.0805,0.0755,,0.025,4.7219999999999995,,,,1.2730000000000001,,0.0,0.001,,,,,0.003,0.003,,,,
1078,0.139,,0.002,0.0655,0.6835,0.076,,0.025,0.6655,,,,1.2690000000000001,,0.0,0.001,,,,,0.003,0.003,,,,
1079,0.139,,0.002,0.0655,0.4935,0.076,,0.025,0.4185,,,,1.2730000000000001,,0.0,0.001,,,,,0.003,0.003,,,,
1080,0.139,,0.002,0.0655,0.3595,0.0755,,0.025,1.286,,,,1.2760000000000002,,0.0,0.001,,,,,0.003,0.003,,,,
1081,0.139,,0.0025,0.066,0.973,0.076,,0.025,0.77,,,,1.2750000000000001,,0.0,0.001,,,,,0.003,0.003,,,,
1082,0.139,,0.002,0.066,0.158,0.076,,0.025,2.6830000000000003,,,,1.2720000000000002,,0.0,0.001,,,,,0.003,0.003,,,,
1083,0.139,,0.002,0.066,0.358,0.076,,0.025,0.7055,,,,1.2755,,0.0,0.001,,,,,0.003,0.003,,,,
1084,0.139,,0.002,0.066,1.8150000000000002,0.0755,,0.025,0.9265000000000001,,,,1.271,,0.0,0.001,,,,,0.003,0.003,,,,
1085,0.139,,0.003,0.0655,0.2995,0.078,,0.025,2.1215,,,,1.2530000000000001,,0.0,0.001,,,,,0.003,0.003,,,,
1086,0.139,,0.003,0.065,0.0915,0.078,,0.025,0.8425,,,,1.2505000000000002,,0.0,0.001,,,,,0.003,0.003,,,,
1087,0.139,,0.003,0.0655,2.8125,0.078,,0.025,6.43,,,,1.2565,,0.0,0.001,,,,,0.003,0.003,,,,
1088,0.139,,0.003,0.065,0.30900000000000005,0.0775,,0.025,0.84,,,,1.2530000000000001,,0.0,0.001,,,,,0.003,0.003,,,,
1089,0.139,,0.003,0.066,4.1125,0.078,,0.025,3.5580000000000003,,,,1.254,,0.0,0.001,,,,,0.003,0.003,,,,
1090,0.139,,0.003,0.0655,0.659,0.078,,0.025,2.3360000000000003,,,,1.254,,0.0,0.001,,,,,0.003,0.003,,,,
1091,0.139,,0.003,0.065,0.212,0.078,,0.025,0.3865,,,,1.258,,0.0,0.001,,,,,0.003,0.003,,,,
1092,0.139,,0.003,0.0655,0.28700000000000003,0.078,,0.025,0.2925,,,,1.2545000000000002,,0.0,0.001,,,,,0.003,0.003,,,,
1093,0.139,,0.003,0.065,0.635,0.078,,0.025,0.7725,,,,1.2560000000000002,,0.0,0.001,,,,,0.003,0.003,,,,
1094,0.139,,0.003,0.065,0.9805,0.078,,0.025,0.183,,,,1.2625000000000002,,0.0,0.001,,,,,0.003,0.003,,,,
1095,0.139,,0.003,0.0655,0.33499999999999996,0.078,,0.025,0.8155,,,,1.2550000000000001,,0.0,0.001,,,,,0.003,0.003,,,,
1096,0.139,,0.003,0.065,0.549,0.078,,0.025,0.44500000000000006,,,,1.2595,,0.0,0.001,,,,,0.003,0.003,,,,
1097,0.139,,0.003,0.065,0.2635,0.078,,0.025,0.424,,,,1.2565,,0.0,0.001,,,,,0.003,0.003,,,,
1098,0.139,,0.003,0.0655,0.46499999999999997,0.0785,,0.025,1.074,,,,1.2595,,0.0,0.001,,,,,0.003,0.003,,,,
1099,0.1395,,0.003,0.0655,0.355,0.078,,0.025,0.7475,,,,1.2630000000000001,,0.0,0.001,,,,,0.003,0.003,,,,
1100,0.139,,0.003,0.0655,0.17550000000000002,0.078,,0.025,1.1565,,,,1.2595,,0.0,0.001,,,,,0.003,0.003,,,,
1101,0.1395,,0.003,0.065,0.483,0.078,,0.025,0.7855,,,,1.2625000000000002,,0.0,0.001,,,,,0.003,0.003,,,,
1102,0.139,,0.003,0.0655,2.18,0.078,,0.025,1.3565,,,,1.263,,0.0,0.001,,,,,0.003,0.003,,,,
1103,0.139,,0.003,0.0655,1.0170000000000001,0.078,,0.025,4.173500000000001,,,,1.2605,,0.0,0.001,,,,,0.003,0.003,,,,
1104,0.139,,0.003,0.0655,1.0545,0.078,,0.025,3.1925000000000003,,,,1.2575,,0.0,0.001,,,,,0.003,0.003,,,,
1105,0.139,,0.003,0.0655,0.7245,0.078,,0.025,0.854,,,,1.2615,,0.0,0.001,,,,,0.003,0.003,,,,
1106,0.1395,,0.003,0.065,3.2365,0.078,,0.025,4.7035,,,,1.2655,,0.0,0.001,,,,,0.003,0.003,,,,
1107,0.139,,0.003,0.065,0.156,0.078,,0.025,0.6175,,,,1.2655,,0.0,0.001,,,,,0.003,0.003,,,,
1108,0.139,,0.003,0.0655,3.4035,0.078,,0.025,1.365,,,,1.262,,0.0,0.001,,,,,0.003,0.003,,,,
1109,0.139,,0.003,0.065,0.1135,0.078,,0.025,0.81,,,,1.264,,0.0,0.001,,,,,0.003,0.003,,,,
1110,0.139,,0.003,0.0655,2.5570000000000004,0.078,,0.025,4.2515,,,,1.2605,,0.0,0.001,,,,,0.003,0.003,,,,
1111,0.139,,0.003,0.0655,0.43100000000000005,0.078,,0.025,1.6715,,,,1.264,,0.0,0.001,,,,,0.003,0.003,,,,
1112,0.139,,0.003,0.065,0.6045,0.078,,0.025,3.1229999999999998,,,,1.2650000000000001,,0.0,0.001,,,,,0.003,0.003,,,,
1113,0.139,,0.003,0.065,0.231,0.078,,0.025,0.666,,,,1.27,,0.0,0.001,,,,,0.003,0.003,,,,
1114,0.1385,,0.003,0.065,0.7945000000000001,0.078,,0.025,0.832,,,,1.2675,,0.0,0.001,,,,,0.003,0.003,,,,
1115,0.1395,,0.003,0.065,0.3555,0.078,,0.025,2.6515,,,,1.2690000000000001,,0.0,0.001,,,,,0.003,0.003,,,,
1116,0.139,,0.003,0.065,0.6765,0.078,,0.025,0.4115,,,,1.2715,,0.0,0.001,,,,,0.003,0.003,,,,
1117,0.1395,,0.003,0.065,0.45599999999999996,0.078,,0.025,1.629,,,,1.2695,,0.0,0.001,,,,,0.003,0.003,,,,
1118,0.139,,0.003,0.065,0.3075,0.078,,0.025,0.358,,,,1.2685,,0.0,0.001,,,,,0.003,0.003,,,,
1119,0.139,,0.003,0.0655,0.12000000000000001,0.078,,0.025,0.23750000000000002,,,,1.2630000000000001,,0.0,0.001,,,,,0.003,0.003,,,,
1120,0.1395,,0.003,0.065,0.546,0.078,,0.025,0.6685,,,,1.2685,,0.0,0.001,,,,,0.003,0.003,,,,
1121,0.139,,0.003,0.065,0.473,0.078,,0.025,0.11349999999999999,,,,1.2690000000000001,,0.0,0.001,,,,,0.003,0.003,,,,
1122,0.139,,0.003,0.065,0.595,0.0785,,0.025,0.0775,,,,1.2675,,0.0,0.001,,,,,0.003,0.003,,,,
1123,0.139,,0.003,0.0655,2.9640000000000004,0.078,,0.025,4.2285,,,,1.2695,,0.0,0.001,,,,,0.003,0.003,,,,
1124,0.1395,,0.003,0.066,0.7330000000000001,0.078,,0.025,0.11549999999999999,,,,1.2705000000000002,,0.0,0.001,,,,,0.003,0.003,,,,
1125,0.139,,0.003,0.065,7.9215,0.078,,0.025,5.7815,,,,1.274,,0.0,0.001,,,,,0.003,0.003,,,,
1126,0.139,,0.003,0.065,0.215,0.0785,,0.025,1.1760000000000002,,,,1.2655,,0.0,0.001,,,,,0.003,0.003,,,,
1127,0.139,,0.003,0.0655,0.2005,0.078,,0.025,0.322,,,,1.2690000000000001,,0.0,0.001,,,,,0.003,0.003,,,,
1128,0.139,,0.003,0.065,0.637,0.0775,,0.025,0.20950000000000002,,,,1.2635,,0.0,0.001,,,,,0.003,0.003,,,,
1129,0.1385,,0.003,0.066,0.11850000000000001,0.078,,0.025,2.597,,,,1.2650000000000001,,0.0,0.001,,,,,0.003,0.003,,,,
1130,0.139,,0.003,0.065,0.1165,0.077,,0.025,0.701,,,,1.2655,,0.0,0.001,,,,,0.003,0.003,,,,
1131,0.139,,0.003,0.065,0.6930000000000001,0.0775,,0.025,0.6345000000000001,,,,1.267,,0.0,0.001,,,,,0.003,0.003,,,,
1132,0.139,,0.003,0.066,0.1305,0.078,,0.025,0.5990000000000001,,,,1.2655,,0.0,0.001,,,,,0.003,0.003,,,,
1133,0.139,,0.003,0.065,0.7070000000000001,0.0775,,0.025,0.45849999999999996,,,,1.2640000000000002,,0.0,0.001,,,,,0.003,0.003,,,,
1134,0.139,,0.003,0.0655,0.486,0.078,,0.025,0.476,,,,1.2675,,0.0,0.001,,,,,0.003,0.003,,,,
1135,0.139,,0.003,0.065,0.379,0.0775,,0.025,0.46249999999999997,,,,1.2705000000000002,,0.0,0.001,,,,,0.003,0.003,,,,
1136,0.139,,0.003,0.065,0.077,0.078,,0.025,0.914,,,,1.2695,,0.0,0.001,,,,,0.003,0.003,,,,
1137,0.139,,0.003,0.0655,5.3395,0.0775,,0.025,0.7735000000000001,,,,1.2675,,0.0,0.001,,,,,0.003,0.003,,,,
1138,0.139,,0.003,0.065,0.1695,0.078,,0.025,0.889,,,,1.2665000000000002,,0.0,0.001,,,,,0.003,0.003,,,,
1139,0.1395,,0.003,0.065,0.2195,0.078,,0.025,0.31000000000000005,,,,1.274,,0.0,0.001,,,,,0.003,0.003,,,,
1140,0.1395,,0.003,0.065,0.77,0.078,,0.025,0.1125,,,,1.271,,0.0,0.001,,,,,0.003,0.003,,,,
1141,0.139,,0.003,0.065,0.225,0.0775,,0.025,1.6125,,,,1.2765,,0.0,0.001,,,,,0.003,0.003,,,,
1142,0.1395,,0.003,0.065,0.3415,0.0775,,0.025,0.20950000000000002,,,,1.237,,0.0,0.001,,,,,0.003,0.003,,,,
1143,0.139,,0.003,0.065,0.184,0.0775,,0.025,0.374,,,,1.2385000000000002,,0.0,0.001,,,,,0.003,0.003,,,,
1144,0.139,,0.003,0.065,0.245,0.077,,0.025,2.5660000000000003,,,,1.233,,0.0,0.001,,,,,0.003,0.003,,,,
1145,0.139,,0.003,0.065,0.2565,0.077,,0.025,0.32899999999999996,,,,1.238,,0.0,0.001,,,,,0.003,0.003,,,,
1146,0.139,,0.003,0.065,0.3215,0.078,,0.025,0.8405,,,,1.2345000000000002,,0.0,0.001,,,,,0.003,0.003,,,,
1147,0.139,,0.003,0.0655,0.215,0.0775,,0.025,1.446,,,,1.244,,0.0,0.001,,,,,0.003,0.003,,,,
1148,0.139,,0.003,0.065,0.14100000000000001,0.078,,0.025,0.42200000000000004,,,,1.2405,,0.0,0.001,,,,,0.003,0.003,,,,
1149,0.139,,0.003,0.065,0.19,0.078,,0.025,0.14750000000000002,,,,1.237,,0.0,0.001,,,,,0.003,0.003,,,,
1150,0.139,,0.003,0.065,0.108,0.078,,0.025,1.241,,,,1.245,,0.0,0.001,,,,,0.003,0.003,,,,
1151,0.1385,,0.003,0.065,0.15350000000000003,0.077,,0.025,0.37,,,,1.2389999999999999,,0.0,0.001,,,,,0.003,0.003,,,,
1152,0.1395,,0.003,0.0655,0.184,0.0775,,0.025,1.312,,,,1.2400000000000002,,0.0,0.001,,,,,0.003,0.003,,,,
1153,0.139,,0.003,0.0655,0.092,0.0775,,0.025,0.7335,,,,1.2349999999999999,,0.0,0.001,,,,,0.003,0.003,,,,
1154,0.139,,0.003,0.065,2.6915,0.078,,0.025,0.2175,,,,1.2405,,0.0,0.001,,,,,0.003,0.003,,,,
1155,0.139,,0.003,0.066,0.28300000000000003,0.078,,0.025,0.23600000000000002,,,,1.2135,,0.0,0.001,,,,,0.003,0.003,,,,
1156,0.1385,,0.003,0.0655,0.14700000000000002,0.078,,0.025,0.10700000000000001,,,,1.214,,0.0,0.001,,,,,0.003,0.003,,,,
1157,0.139,,0.003,0.066,0.1005,0.078,,0.025,0.29400000000000004,,,,1.2095,,0.0,0.001,,,,,0.003,0.003,,,,
1158,0.1395,,0.003,0.066,0.2925,0.078,,0.025,0.14350000000000002,,,,1.2155,,0.0,0.001,,,,,0.003,0.003,,,,
1159,0.1385,,0.003,0.066,0.0775,0.078,,0.025,0.159,,,,1.214,,0.0,0.001,,,,,0.003,0.003,,,,
1160,0.139,,0.003,0.066,2.6225,0.078,,0.025,0.8704999999999999,,,,1.2135,,0.0,0.001,,,,,0.003,0.003,,,,
1161,0.139,,0.003,0.066,0.38250000000000006,0.078,,0.025,0.2125,,,,1.2205,,0.0,0.001,,,,,0.003,0.003,,,,
1162,0.1395,,0.003,0.066,0.1335,0.078,,0.025,0.6735,,,,1.215,,0.0,0.001,,,,,0.003,0.003,,,,
1163,0.1395,,0.003,0.0665,0.2195,0.078,,0.025,0.5445,,,,1.214,,0.0,0.001,,,,,0.003,0.003,,,,
1164,0.1395,,0.003,0.066,0.30800000000000005,0.078,,0.025,1.7615,,,,1.2095,,0.0,0.001,,,,,0.003,0.003,,,,
1165,0.139,,0.003,0.066,0.4465,0.078,,0.025,0.6965,,,,1.2135,,0.0,0.001,,,,,0.003,0.003,,,,
1166,0.139,,0.003,0.066,0.20500000000000002,0.078,,0.025,0.543,,,,1.221,,0.0,0.001,,,,,0.003,0.003,,,,
1167,0.139,,0.003,0.066,0.2165,0.078,,0.025,0.536,,,,1.2175,,0.0,0.001,,,,,0.003,0.003,,,,
1168,0.1395,,0.003,0.066,0.0895,0.078,,0.025,0.23850000000000002,,,,1.2189999999999999,,0.0,0.001,,,,,0.003,0.003,,,,
1169,0.139,,0.003,0.066,0.17750000000000002,0.078,,0.025,0.348,,,,1.2155,,0.0,0.001,,,,,0.003,0.003,,,,
1170,0.139,,0.003,0.066,0.20600000000000002,0.078,,0.025,1.889,,,,1.218,,0.0,0.001,,,,,0.003,0.003,,,,
1171,0.139,,0.003,0.066,0.07750000000000001,0.078,,0.025,0.636,,,,1.2095,,0.0,0.001,,,,,0.003,0.003,,,,
1172,0.139,,0.003,0.066,0.1585,0.078,,0.025,1.3325,,,,1.2105000000000001,,0.0,0.001,,,,,0.003,0.003,,,,
1173,0.139,,0.003,0.0655,0.41900000000000004,0.078,,0.025,0.9505,,,,1.2200000000000002,,0.0,0.001,,,,,0.003,0.003,,,,
1174,0.139,,0.003,0.066,0.0805,0.078,,0.025,0.7015,,,,1.221,,0.0,0.001,,,,,0.003,0.003,,,,
1175,0.1385,,0.003,0.066,2.807,0.078,,0.025,0.2245,,,,1.2185000000000001,,0.0,0.001,,,,,0.003,0.003,,,,
1176,0.139,,0.003,0.065,0.07750000000000001,0.078,,0.025,1.0105,,,,1.214,,0.0,0.001,,,,,0.003,0.003,,,,
1177,0.139,,0.003,0.0655,0.15100000000000002,0.078,,0.025,0.22,,,,1.2155,,0.0,0.001,,,,,0.003,0.003,,,,
1178,0.139,,0.003,0.065,1.142,0.0775,,0.025,2.1175,,,,1.2155,,0.0,0.001,,,,,0.003,0.003,,,,
1179,0.1385,,0.003,0.065,0.215,0.078,,0.025,0.5575,,,,1.2115,,0.0,0.001,,,,,0.003,0.003,,,,
1180,0.139,,0.003,0.0655,2.3435,0.078,,0.025,8.069,,,,1.2105000000000001,,0.0,0.001,,,,,0.003,0.003,,,,
1181,0.139,,0.003,0.065,0.084,0.078,,0.025,0.38899999999999996,,,,1.209,,0.0,0.001,,,,,0.003,0.003,,,,
1182,0.139,,0.003,0.0655,0.41500000000000004,0.078,,0.025,1.156,,,,1.2160000000000002,,0.0,0.001,,,,,0.003,0.003,,,,
1183,0.1395,,0.003,0.0655,0.1235,0.0785,,0.025,0.408,,,,1.213,,0.0,0.001,,,,,0.003,0.003,,,,
1184,0.139,,0.003,0.066,0.259,0.078,,0.025,5.592,,,,1.214,,0.0,0.001,,,,,0.003,0.003,,,,
1185,0.139,,0.003,0.065,2.7305,0.078,,0.025,4.2085,,,,1.2125,,0.0,0.001,,,,,0.003,0.003,,,,
1186,0.139,,0.003,0.0655,1.786,0.078,,0.025,2.0,,,,1.209,,0.0,0.001,,,,,0.003,0.003,,,,
1187,0.139,,0.003,0.065,0.23700000000000002,0.0785,,0.025,0.7300000000000001,,,,1.2155,,0.0,0.001,,,,,0.003,0.003,,,,
1188,0.139,,0.003,0.065,0.2625,0.078,,0.025,2.3715,,,,1.214,,0.0,0.001,,,,,0.003,0.003,,,,
1189,0.1385,,0.003,0.0655,1.77,0.078,,0.025,5.457000000000001,,,,1.2175,,0.0,0.001,,,,,0.003,0.003,,,,
1190,0.1385,,0.003,0.0655,0.2205,0.078,,0.025,2.0445,,,,1.2175,,0.0,0.001,,,,,0.003,0.003,,,,
1191,0.1395,,0.003,0.065,0.28049999999999997,0.0775,,0.025,0.5175,,,,1.2165,,0.0,0.001,,,,,0.003,0.003,,,,
1192,0.139,,0.003,0.0655,0.191,0.078,,0.025,0.7245,,,,1.2109999999999999,,0.0,0.001,,,,,0.003,0.003,,,,
1193,0.139,,0.003,0.065,0.2915,0.078,,0.025,0.353,,,,1.219,,0.0,0.001,,,,,0.003,0.003,,,,
1194,0.139,,0.003,0.065,0.5459999999999999,0.078,,0.025,0.9325,,,,1.218,,0.0,0.001,,,,,0.003,0.003,,,,
1195,0.139,,0.003,0.0655,0.2125,0.078,,0.025,0.078,,,,1.2229999999999999,,0.0,0.001,,,,,0.003,0.003,,,,
1196,0.139,,0.003,0.066,0.5549999999999999,0.0785,,0.025,2.7665,,,,1.218,,0.0,0.001,,,,,0.003,0.003,,,,
1197,0.1385,,0.003,0.065,0.1835,0.078,,0.025,0.2875,,,,1.217,,0.0,0.001,,,,,0.003,0.003,,,,
1198,0.139,,0.003,0.065,2.3045,0.0785,,0.025,3.8855,,,,1.2189999999999999,,0.0,0.001,,,,,0.003,0.003,,,,
1199,0.139,,0.003,0.065,0.1165,0.078,,0.025,0.8160000000000001,,,,1.19,,0.0,0.001,,,,,0.003,0.003,,,,
1200,0.1385,,0.003,0.066,0.6735000000000001,0.0775,,0.025,0.298,,,,1.1844999999999999,,0.0,0.001,,,,,0.003,0.003,,,,
1201,0.139,,0.003,0.065,0.14200000000000002,0.078,,0.025,0.623,,,,1.1844999999999999,,0.0,0.001,,,,,0.003,0.003,,,,
1202,0.139,,0.003,0.065,0.311,0.078,,0.025,0.9235000000000001,,,,1.1825,,0.0,0.001,,,,,0.003,0.003,,,,
1203,0.1385,,0.003,0.065,0.6525000000000001,0.0775,,0.025,0.604,,,,1.1855,,0.0,0.001,,,,,0.003,0.003,,,,
1204,0.139,,0.003,0.065,0.0885,0.078,,0.025,1.4680000000000002,,,,1.1840000000000002,,0.0,0.001,,,,,0.003,0.003,,,,
1205,0.139,,0.003,0.065,0.127,0.078,,0.025,1.7309999999999999,,,,1.181,,0.0,0.001,,,,,0.003,0.003,,,,
1206,0.14,,0.003,0.065,2.4610000000000003,0.078,,0.025,5.424,,,,1.188,,0.0,0.001,,,,,0.003,0.003,,,,
1207,0.139,,0.003,0.066,0.10550000000000001,0.078,,0.025,1.2725,,,,1.188,,0.0,0.001,,,,,0.003,0.003,,,,
1208,0.139,,0.003,0.065,0.0985,0.0775,,0.025,0.8195,,,,1.186,,0.0,0.001,,,,,0.003,0.003,,,,
1209,0.139,,0.003,0.065,0.17950000000000002,0.078,,0.025,0.20950000000000002,,,,1.183,,0.0,0.001,,,,,0.003,0.003,,,,
1210,0.1385,,0.003,0.065,0.23900000000000002,0.0775,,0.025,1.0715000000000001,,,,1.1895,,0.0,0.001,,,,,0.003,0.003,,,,
1211,0.139,,0.003,0.066,0.514,0.078,,0.025,0.8235,,,,1.1835,,0.0,0.001,,,,,0.003,0.003,,,,
1212,0.1395,,0.003,0.065,0.231,0.078,,0.025,0.08549999999999999,,,,1.1835,,0.0,0.001,,,,,0.003,0.003,,,,
1213,0.139,,0.003,0.065,0.24050000000000002,0.078,,0.025,0.6105,,,,1.181,,0.0,0.001,,,,,0.003,0.003,,,,
1214,0.1395,,0.003,0.065,0.2235,0.0775,,0.025,0.5955,,,,1.1585,,0.0,0.001,,,,,0.003,0.003,,,,
1215,0.139,,0.003,0.065,0.598,0.0775,,0.025,0.5730000000000001,,,,1.157,,0.0,0.001,,,,,0.003,0.003,,,,
1216,0.1395,,0.003,0.065,0.1285,0.078,,0.025,1.4315,,,,1.1595,,0.0,0.001,,,,,0.003,0.003,,,,
1217,0.14,,0.003,0.066,0.47650000000000003,0.078,,0.025,0.7865,,,,1.1595,,0.0,0.001,,,,,0.003,0.003,,,,
1218,0.139,,0.003,0.065,0.5755,0.078,,0.025,0.9710000000000001,,,,1.1595,,0.0,0.001,,,,,0.003,0.003,,,,
1219,0.139,,0.003,0.066,0.15000000000000002,0.0775,,0.025,0.9685,,,,1.158,,0.0,0.001,,,,,0.003,0.003,,,,
1220,0.1395,,0.003,0.066,0.21050000000000002,0.0775,,0.025,0.1265,,,,1.1635,,0.0,0.001,,,,,0.003,0.003,,,,
1221,0.139,,0.003,0.0655,0.1665,0.078,,0.025,0.791,,,,1.16,,0.0,0.001,,,,,0.003,0.003,,,,
1222,0.139,,0.003,0.0655,1.5075,0.077,,0.025,0.9339999999999999,,,,1.1625,,0.0,0.001,,,,,0.003,0.003,,,,
1223,0.139,,0.003,0.066,2.5260000000000002,0.077,,0.025,5.0525,,,,1.1595,,0.0,0.001,,,,,0.003,0.003,,,,
1224,0.139,,0.003,0.0655,0.3165,0.078,,0.025,1.7025,,,,1.162,,0.0,0.001,,,,,0.003,0.003,,,,
1225,0.139,,0.003,0.0655,4.4455,0.078,,0.025,2.2755,,,,1.161,,0.0,0.001,,,,,0.003,0.003,,,,
1226,0.139,,0.003,0.065,0.1915,0.077,,0.025,0.4335,,,,1.1585,,0.0,0.001,,,,,0.003,0.003,,,,
1227,0.139,,0.003,0.0655,0.278,0.078,,0.025,0.6575,,,,1.1589999999999998,,0.0,0.001,,,,,0.003,0.003,,,,
1228,0.1395,,0.003,0.066,0.1845,0.078,,0.025,1.3150000000000002,,,,1.1615,,0.0,0.001,,,,,0.003,0.003,,,,
1229,0.139,,0.003,0.065,0.8425,0.0775,,0.025,0.9915,,,,1.1604999999999999,,0.0,0.001,,,,,0.003,0.003,,,,
1230,0.139,,0.003,0.0655,3.177,0.078,,0.025,1.9435,,,,1.162,,0.0,0.001,,,,,0.003,0.003,,,,
1231,0.139,,0.003,0.065,2.3970000000000002,0.0775,,0.025,3.0140000000000002,,,,1.165,,0.0,0.001,,,,,0.003,0.003,,,,
1232,0.139,,0.003,0.066,0.0905,0.078,,0.025,0.46699999999999997,,,,1.1655,,0.0,0.001,,,,,0.003,0.003,,,,
1233,0.139,,0.003,0.0655,0.262,0.0775,,0.025,0.9710000000000001,,,,1.166,,0.0,0.001,,,,,0.003,0.003,,,,
1234,0.139,,0.003,0.065,0.38750000000000007,0.078,,0.025,0.8755000000000001,,,,1.162,,0.0,0.001,,,,,0.003,0.003,,,,
1235,0.139,,0.003,0.0655,2.371,0.0775,,0.025,0.671,,,,1.1655,,0.0,0.001,,,,,0.003,0.003,,,,
1236,0.139,,0.003,0.065,0.38949999999999996,0.077,,0.025,1.2895,,,,1.163,,0.0,0.001,,,,,0.003,0.003,,,,
1237,0.1395,,0.003,0.065,0.07350000000000001,0.0775,,0.025,0.445,,,,1.1695,,0.0,0.001,,,,,0.003,0.003,,,,
1238,0.1395,,0.003,0.065,0.167,0.078,,0.025,0.24000000000000002,,,,1.1625,,0.0,0.001,,,,,0.003,0.003,,,,
1239,0.139,,0.003,0.065,0.2565,0.0775,,0.025,0.8845,,,,1.1595,,0.0,0.001,,,,,0.003,0.003,,,,
1240,0.139,,0.003,0.0655,0.15300000000000002,0.0775,,0.025,1.544,,,,1.167,,0.0,0.001,,,,,0.003,0.003,,,,
1241,0.1385,,0.003,0.0655,0.65,0.0775,,0.025,0.2,,,,1.165,,0.0,0.001,,,,,0.003,0.003,,,,
1242,0.1395,,0.003,0.065,0.2435,0.0775,,0.025,2.3355,,,,1.169,,0.0,0.001,,,,,0.003,0.003,,,,
1243,0.14,,0.003,0.0655,0.08299999999999999,0.0775,,0.025,0.932,,,,1.171,,0.0,0.001,,,,,0.003,0.003,,,,
1244,0.139,,0.003,0.065,0.399,0.078,,0.025,1.1150000000000002,,,,1.0579999999999998,,0.0,0.001,,,,,0.003,0.003,,,,
1245,0.14,,0.003,0.0655,0.6945,0.0775,,0.025,0.633,,,,1.0594999999999999,,0.0,0.001,,,,,0.003,0.003,,,,
1246,0.139,,0.003,0.065,0.8270000000000001,0.0775,,0.025,8.455,,,,1.057,,0.0,0.001,,,,,0.003,0.003,,,,
1247,0.138,,0.003,0.0655,0.26,0.078,,0.025,1.1025,,,,1.0579999999999998,,0.0,0.001,,,,,0.003,0.003,,,,
1248,0.139,,0.003,0.065,0.373,0.078,,0.025,1.4500000000000002,,,,1.057,,0.0,0.001,,,,,0.003,0.003,,,,
1249,0.139,,0.003,0.065,0.17800000000000002,0.077,,0.025,0.9945,,,,1.0554999999999999,,0.0,0.001,,,,,0.003,0.003,,,,
1250,0.139,,0.003,0.065,5.387499999999999,0.0775,,0.025,0.32300000000000006,,,,1.061,,0.0,0.001,,,,,0.003,0.003,,,,
1251,0.139,,0.003,0.065,0.7515,0.078,,0.025,0.7400000000000001,,,,1.058,,0.0,0.001,,,,,0.003,0.003,,,,
1252,0.139,,0.003,0.065,0.109,0.078,,0.025,0.6105,,,,1.0575,,0.0,0.001,,,,,0.003,0.003,,,,
1253,0.139,,0.003,0.0655,0.33299999999999996,0.0775,,0.025,2.301,,,,1.0579999999999998,,0.0,0.001,,,,,0.003,0.003,,,,
1254,0.13,,0.002,0.069,0.6605000000000001,0.073,,0.025,1.365,,,,1.0190000000000001,,0.0,0.001,,,,,0.003,0.003,,,,
1255,0.129,,0.002,0.069,0.23450000000000001,0.07250000000000001,,0.025,1.6800000000000002,,,,1.0190000000000001,,0.0,0.001,,,,,0.003,0.003,,,,
1256,0.13,,0.002,0.07,1.5675,0.073,,0.025,3.753,,,,1.0195,,0.0,0.001,,,,,0.003,0.003,,,,
1257,0.1275,,0.002,0.07,5.5600000000000005,0.07200000000000001,,0.025,0.6265,,,,1.0145,,0.0,0.001,,,,,0.003,0.003,,,,
1258,0.128,,0.002,0.07,0.2075,0.073,,0.025,1.9260000000000002,,,,1.0110000000000001,,0.0,0.001,,,,,0.003,0.003,,,,
1259,0.1275,,0.002,0.07,0.124,0.073,,0.025,0.638,,,,1.0130000000000001,,0.0,0.001,,,,,0.003,0.003,,,,
1260,0.128,,0.002,0.069,0.2335,0.07200000000000001,,0.025,0.8290000000000001,,,,1.0130000000000001,,0.0,0.001,,,,,0.003,0.003,,,,
1261,0.128,,0.002,0.07,0.5735,0.07300000000000001,,0.025,0.9620000000000001,,,,1.0115,,0.0,0.001,,,,,0.003,0.003,,,,
1262,0.128,,0.002,0.07,0.1525,0.073,,0.025,0.14800000000000002,,,,1.0110000000000001,,0.0,0.001,,,,,0.003,0.003,,,,
1263,0.1275,,0.002,0.0695,0.7445,0.07200000000000001,,0.025,1.4144999999999999,,,,1.0110000000000001,,0.0,0.001,,,,,0.003,0.003,,,,
1264,0.128,,0.002,0.0695,0.7275,0.07250000000000001,,0.025,3.016,,,,1.013,,0.0,0.001,,,,,0.003,0.003,,,,
1265,0.1275,,0.002,0.07,0.475,0.073,,0.025,1.0925,,,,1.0145,,0.0,0.001,,,,,0.003,0.003,,,,
1266,0.128,,0.002,0.07,2.1945,0.07250000000000001,,0.025,1.9020000000000001,,,,1.0145,,0.0,0.001,,,,,0.003,0.003,,,,
1267,0.128,,0.002,0.07,0.5635,0.07250000000000001,,0.025,1.2065,,,,1.0145,,0.0,0.001,,,,,0.003,0.003,,,,
1268,0.1275,,0.002,0.0695,0.14950000000000002,0.073,,0.025,1.02,,,,1.0135,,0.0,0.001,,,,,0.003,0.003,,,,
1269,0.128,,0.002,0.069,0.9075000000000001,0.07200000000000001,,0.025,1.131,,,,1.0165000000000002,,0.0,0.001,,,,,0.003,0.003,,,,
1270,0.1275,,0.002,0.0695,0.32599999999999996,0.07250000000000001,,0.025,1.1715,,,,1.0205000000000002,,0.0,0.001,,,,,0.003,0.003,,,,
1271,0.128,,0.002,0.07,0.14200000000000002,0.073,,0.025,0.7160000000000001,,,,1.0190000000000001,,0.0,0.001,,,,,0.003,0.003,,,,
1272,0.1275,,0.002,0.0695,5.1925,0.07200000000000001,,0.025,0.8995000000000001,,,,1.017,,0.0,0.001,,,,,0.003,0.003,,,,
1273,0.1275,,0.002,0.0695,0.277,0.07250000000000001,,0.025,1.8285,,,,1.0,,0.0,0.001,,,,,0.003,0.003,,,,
1274,0.128,,0.002,0.07,0.33299999999999996,0.073,,0.025,0.6605000000000001,,,,0.998,,0.0,0.001,,,,,0.003,0.003,,,,
1275,0.128,,0.002,0.0695,3.9245,0.07200000000000001,,0.025,4.2695,,,,1.0030000000000001,,0.0,0.001,,,,,0.003,0.003,,,,
1276,0.1275,,0.002,0.07,0.518,0.073,,0.025,1.377,,,,0.999,,0.0,0.001,,,,,0.003,0.003,,,,
1277,0.1275,,0.002,0.07,0.4485,0.073,,0.025,1.029,,,,1.0,,0.0,0.001,,,,,0.003,0.003,,,,
1278,0.128,,0.002,0.07,0.281,0.07200000000000001,,0.025,0.128,,,,0.9990000000000001,,0.0,0.001,,,,,0.003,0.003,,,,
1279,0.1275,,0.002,0.0695,0.997,0.07250000000000001,,0.025,1.6415000000000002,,,,0.9990000000000001,,0.0,0.001,,,,,0.003,0.003,,,,
1280,0.1275,,0.002,0.07,2.2315,0.073,,0.025,0.807,,,,1.0005,,0.0,0.001,,,,,0.003,0.003,,,,
1281,0.1285,,0.002,0.07,0.8525,0.07200000000000001,,0.025,1.4385,,,,1.0065,,0.0,0.001,,,,,0.003,0.003,,,,
1282,0.128,,0.002,0.0695,1.4320000000000002,0.07250000000000001,,0.025,1.133,,,,0.9995,,0.0,0.001,,,,,0.003,0.003,,,,
1283,0.128,,0.002,0.0695,0.242,0.07250000000000001,,0.025,0.44200000000000006,,,,0.964,,0.0,0.001,,,,,0.003,0.003,,,,
1284,0.1285,,0.002,0.0695,3.4074999999999998,0.07200000000000001,,0.025,0.1335,,,,0.963,,0.0,0.001,,,,,0.003,0.003,,,,
1285,0.1285,,0.002,0.07,0.3165,0.07250000000000001,,0.025,1.004,,,,0.9615,,0.0,0.001,,,,,0.003,0.003,,,,
1286,0.129,,0.002,0.07,0.29000000000000004,0.073,,0.025,1.97,,,,0.9675,,0.0,0.001,,,,,0.003,0.003,,,,
1287,0.129,,0.002,0.0695,4.9335,0.07200000000000001,,0.025,2.599,,,,0.9590000000000001,,0.0,0.001,,,,,0.003,0.003,,,,
1288,0.1285,,0.002,0.07,0.4585,0.07250000000000001,,0.025,1.862,,,,0.9195,,0.0,0.001,,,,,0.003,0.003,,,,
1289,0.1275,,0.002,0.07,0.268,0.073,,0.025,0.2095,,,,0.9175,,0.0,0.001,,,,,0.003,0.003,,,,
1290,0.1375,,0.003,0.069,3.463,0.0775,,0.025,1.3860000000000001,,,,0.771,,0.0,0.001,,,,,0.003,0.003,,,,
1291,0.138,,0.003,0.069,1.0374999999999999,0.077,,0.025,1.733,,,,0.7705,,0.0,0.001,,,,,0.003,0.003,,,,
1292,0.1385,,0.003,0.069,0.136,0.076,,0.025,0.41450000000000004,,,,0.767,,0.0,0.001,,,,,0.003,0.003,,,,
1293,0.1385,,0.003,0.069,0.138,0.077,,0.025,1.596,,,,0.7705,,0.0,0.001,,,,,0.003,0.003,,,,
1294,0.138,,0.003,0.0685,1.6820000000000002,0.076,,0.025,2.2904999999999998,,,,0.7064999999999999,,0.0,0.001,,,,,0.003,0.003,,,,
1295,0.138,,0.003,0.069,0.5015000000000001,0.076,,0.025,0.389,,,,0.707,,0.0,0.001,,,,,0.003,0.003,,,,
1296,0.1375,,0.003,0.069,0.464,0.077,,0.025,1.2625,,,,0.7075,,0.0,0.001,,,,,0.003,0.003,,,,
1297,0.1375,,0.003,0.069,1.0215,0.076,,0.025,1.4795,,,,0.7084999999999999,,0.0,0.001,,,,,0.003,0.003,,,,
1298,0.138,,0.003,0.069,0.1615,0.076,,0.025,0.6765,,,,0.7075,,0.0,0.001,,,,,0.003,0.003,,,,
1299,0.138,,0.003,0.069,1.1905000000000001,0.077,,0.025,2.1505,,,,0.7104999999999999,,0.0,0.001,,,,,0.003,0.003,,,,
1300,0.138,,0.003,0.069,0.5205,0.076,,0.025,0.867,,,,0.7095,,0.0,0.001,,,,,0.003,0.003,,,,
1301,0.1385,,0.003,0.069,0.9954999999999999,0.0765,,0.025,0.8985,,,,0.71,,0.0,0.001,,,,,0.003,0.003,,,,
1302,0.139,,0.003,0.069,2.8735,0.077,,0.025,0.6115,,,,0.711,,0.0,0.001,,,,,0.003,0.003,,,,
1303,0.138,,0.003,0.069,1.505,0.076,,0.025,2.201,,,,0.7095,,0.0,0.001,,,,,0.003,0.003,,,,
1304,0.1375,,0.003,0.0685,4.027,0.076,,0.025,1.3565,,,,0.7104999999999999,,0.0,0.001,,,,,0.003,0.003,,,,
1305,0.138,,0.003,0.069,1.649,0.077,,0.025,1.4165,,,,0.709,,0.0,0.001,,,,,0.003,0.003,,,,
1306,0.1375,,0.003,0.069,0.7200000000000001,0.076,,0.025,0.35550000000000004,,,,0.707,,0.0,0.001,,,,,0.003,0.003,,,,
1307,0.1385,,0.003,0.0685,0.217,0.076,,0.025,0.5245,,,,0.708,,0.0,0.001,,,,,0.003,0.003,,,,
1308,0.138,,0.003,0.069,0.1785,0.077,,0.025,1.885,,,,0.7084999999999999,,0.0,0.001,,,,,0.003,0.003,,,,
1309,0.138,,0.003,0.069,0.8535,0.0765,,0.025,0.569,,,,0.7104999999999999,,0.0,0.001,,,,,0.003,0.003,,,,
1310,0.138,,0.003,0.0685,0.41900000000000004,0.076,,0.025,0.48050000000000004,,,,0.713,,0.0,0.001,,,,,0.003,0.003,,,,
1311,0.138,,0.003,0.069,0.231,0.077,,0.025,1.5855000000000001,,,,0.7095,,0.0,0.001,,,,,0.003,0.003,,,,
1312,0.138,,0.003,0.069,0.7675000000000001,0.076,,0.025,1.518,,,,0.7115,,0.0,0.001,,,,,0.003,0.003,,,,
1313,0.138,,0.003,0.069,0.152,0.076,,0.025,0.6125,,,,0.712,,0.0,0.001,,,,,0.003,0.003,,,,
1314,0.1375,,0.003,0.069,0.1875,0.077,,0.025,0.8059999999999999,,,,0.7135,,0.0,0.001,,,,,0.003,0.003,,,,
1315,0.1375,,0.003,0.069,0.889,0.076,,0.025,1.499,,,,0.713,,0.0,0.001,,,,,0.003,0.003,,,,
1316,0.138,,0.003,0.0685,0.4005,0.076,,0.025,1.183,,,,0.71,,0.0,0.001,,,,,0.003,0.003,,,,
1317,0.138,,0.003,0.069,0.5585,0.0775,,0.025,1.164,,,,0.716,,0.0,0.001,,,,,0.003,0.003,,,,
1318,0.137,,0.003,0.069,3.3385000000000002,0.0765,,0.025,2.411,,,,0.7124999999999999,,0.0,0.001,,,,,0.003,0.003,,,,
1319,0.138,,0.003,0.069,0.25,0.076,,0.025,0.8235,,,,0.7164999999999999,,0.0,0.001,,,,,0.003,0.003,,,,
1320,0.138,,0.003,0.069,0.1685,0.077,,0.025,1.209,,,,0.7175,,0.0,0.001,,,,,0.003,0.003,,,,
1321,0.138,,0.003,0.069,0.1735,0.076,,0.025,2.854,,,,0.7195,,0.0,0.001,,,,,0.003,0.003,,,,
1322,0.1375,,0.003,0.069,0.2055,0.0765,,0.025,0.9585,,,,0.717,,0.0,0.001,,,,,0.003,0.003,,,,
1323,0.1385,,0.003,0.069,0.097,0.077,,0.025,1.568,,,,0.715,,0.0,0.001,,,,,0.003,0.003,,,,
1324,0.138,,0.003,0.069,1.1725,0.0765,,0.025,1.52,,,,0.7144999999999999,,0.0,0.001,,,,,0.003,0.003,,,,
1325,0.1375,,0.003,0.069,0.14450000000000002,0.076,,0.025,0.879,,,,0.716,,0.0,0.001,,,,,0.003,0.003,,,,
1326,0.138,,0.003,0.069,4.2335,0.077,,0.025,4.303,,,,0.7144999999999999,,0.0,0.001,,,,,0.003,0.003,,,,
1327,0.138,,0.003,0.069,1.6245,0.0765,,0.025,1.2610000000000001,,,,0.715,,0.0,0.001,,,,,0.003,0.003,,,,
1328,0.138,,0.003,0.069,0.111,0.0765,,0.025,0.8815000000000001,,,,0.714,,0.0,0.001,,,,,0.003,0.003,,,,
1329,0.138,,0.003,0.069,4.4755,0.077,,0.025,0.467,,,,0.718,,0.0,0.001,,,,,0.003,0.003,,,,
1330,0.138,,0.003,0.069,0.5970000000000001,0.0765,,0.025,1.7100000000000002,,,,0.715,,0.0,0.001,,,,,0.003,0.003,,,,
1331,0.1375,,0.003,0.069,0.189,0.076,,0.025,0.49750000000000005,,,,0.717,,0.0,0.001,,,,,0.003,0.003,,,,
1332,0.138,,0.003,0.069,7.736000000000001,0.077,,0.025,0.8795,,,,0.718,,0.0,0.001,,,,,0.003,0.003,,,,
1333,0.138,,0.003,0.069,0.5195,0.076,,0.025,1.7635,,,,0.7155,,0.0,0.001,,,,,0.003,0.003,,,,
1334,0.138,,0.003,0.069,0.2475,0.076,,0.025,1.5635000000000001,,,,0.7164999999999999,,0.0,0.001,,,,,0.003,0.003,,,,
1335,0.1375,,0.003,0.069,0.41600000000000004,0.077,,0.025,2.7705,,,,0.6555,,0.0,0.001,,,,,0.003,0.003,,,,
1336,0.138,,0.003,0.069,0.6789999999999999,0.0765,,0.025,0.909,,,,0.6565000000000001,,0.0,0.001,,,,,0.003,0.003,,,,
1337,0.138,,0.003,0.0695,0.47000000000000003,0.076,,0.025,1.8405,,,,0.652,,0.0,0.001,,,,,0.003,0.003,,,,
1338,0.1375,,0.003,0.069,1.448,0.077,,0.025,2.9215,,,,0.6525000000000001,,0.0,0.001,,,,,0.003,0.003,,,,
1339,0.1375,,0.003,0.069,0.8605,0.076,,0.025,1.4405,,,,0.6545000000000001,,0.0,0.001,,,,,0.003,0.003,,,,
1340,0.138,,0.003,0.069,0.217,0.076,,0.025,1.8635,,,,0.657,,0.0,0.001,,,,,0.003,0.003,,,,
1341,0.138,,0.003,0.069,4.2775,0.077,,0.025,0.902,,,,0.6555,,0.0,0.001,,,,,0.003,0.003,,,,
1342,0.1385,,0.003,0.069,1.5295,0.076,,0.025,1.7455,,,,0.658,,0.0,0.001,,,,,0.003,0.003,,,,
1343,0.138,,0.003,0.069,1.982,0.076,,0.025,1.8715,,,,0.6575,,0.0,0.001,,,,,0.003,0.003,,,,
1344,0.138,,0.003,0.069,0.066,0.0775,,0.025,0.28650000000000003,,,,0.6565000000000001,,0.0,0.001,,,,,0.003,0.003,,,,
1345,0.1375,,0.003,0.069,0.504,0.076,,0.025,0.6205,,,,0.66,,0.0,0.001,,,,,0.003,0.003,,,,
1346,0.138,,0.003,0.069,0.102,0.0765,,0.025,0.7175,,,,0.655,,0.0,0.001,,,,,0.003,0.003,,,,
1347,0.138,,0.003,0.0695,1.0385,0.077,,0.025,1.1665,,,,0.655,,0.0,0.001,,,,,0.003,0.003,,,,
1348,0.138,,0.003,0.069,2.2335,0.0765,,0.025,2.2495,,,,0.659,,0.0,0.001,,,,,0.003,0.003,,,,
1349,0.1385,,0.003,0.069,0.1195,0.076,,0.025,0.7515000000000001,,,,0.658,,0.0,0.001,,,,,0.003,0.003,,,,
1350,0.1385,,0.003,0.069,3.9875000000000003,0.0775,,0.025,1.532,,,,0.6595,,0.0,0.001,,,,,0.003,0.003,,,,
1351,0.1375,,0.003,0.069,0.35450000000000004,0.076,,0.025,1.468,,,,0.657,,0.0,0.001,,,,,0.003,0.003,,,,
1352,0.1375,,0.003,0.069,0.127,0.076,,0.025,2.112,,,,0.6435,,0.0,0.001,,,,,0.003,0.003,,,,
1353,0.1375,,0.003,0.069,0.0555,0.077,,0.025,0.9405,,,,0.64,,0.0,0.001,,,,,0.003,0.003,,,,
1354,0.138,,0.003,0.069,0.065,0.0765,,0.025,0.40900000000000003,,,,0.6415,,0.0,0.001,,,,,0.003,0.003,,,,
1355,0.137,,0.003,0.07,0.35550000000000004,0.077,,0.025,1.857,,,,0.645,,0.0,0.001,,,,,0.003,0.003,,,,
1356,0.1375,,0.003,0.0695,0.28,0.077,,0.025,0.8079999999999999,,,,0.644,,0.0,0.001,,,,,0.003,0.003,,,,
1357,0.138,,0.003,0.069,0.1095,0.0765,,0.025,1.2225,,,,0.646,,0.0,0.001,,,,,0.003,0.003,,,,
1358,0.1375,,0.003,0.069,4.9055,0.076,,0.025,1.381,,,,0.644,,0.0,0.001,,,,,0.003,0.003,,,,
1359,0.1375,,0.003,0.069,7.3575,0.077,,0.025,3.3725,,,,0.6435,,0.0,0.001,,,,,0.003,0.003,,,,
1360,0.138,,0.003,0.0695,2.091,0.0765,,0.025,1.655,,,,0.643,,0.0,0.001,,,,,0.003,0.003,,,,
1361,0.138,,0.003,0.0695,7.707,0.076,,0.025,0.726,,,,0.6455,,0.0,0.001,,,,,0.003,0.003,,,,
1362,0.138,,0.003,0.069,0.124,0.077,,0.025,1.643,,,,0.644,,0.0,0.001,,,,,0.003,0.003,,,,
1363,0.138,,0.003,0.069,0.553,0.076,,0.025,0.62,,,,0.643,,0.0,0.001,,,,,0.003,0.003,,,,
1364,0.1375,,0.003,0.0695,0.188,0.077,,0.025,1.4045,,,,0.643,,0.0,0.001,,,,,0.003,0.003,,,,
1365,0.138,,0.003,0.0695,0.9665,0.077,,0.025,1.7145000000000001,,,,0.6465000000000001,,0.0,0.001,,,,,0.003,0.003,,,,
1366,0.138,,0.003,0.069,0.3885,0.076,,0.025,0.0975,,,,0.6505000000000001,,0.0,0.001,,,,,0.003,0.003,,,,
1367,0.138,,0.003,0.0695,0.151,0.076,,0.025,1.0845,,,,0.6445000000000001,,0.0,0.001,,,,,0.003,0.003,,,,
1368,0.138,,0.003,0.07,0.508,0.078,,0.025,3.0625,,,,0.6465000000000001,,0.0,0.001,,,,,0.003,0.003,,,,
1369,0.1375,,0.003,0.069,4.4145,0.0765,,0.025,1.855,,,,0.648,,0.0,0.001,,,,,0.003,0.003,,,,
1370,0.138,,0.003,0.069,0.946,0.076,,0.025,1.334,,,,0.633,,0.0,0.001,,,,,0.003,0.003,,,,
1371,0.138,,0.003,0.07,1.004,0.077,,0.025,1.7945000000000002,,,,0.636,,0.0,0.001,,,,,0.003,0.003,,,,
1372,0.1375,,0.003,0.069,3.0725,0.076,,0.025,1.556,,,,0.635,,0.0,0.001,,,,,0.003,0.003,,,,
1373,0.1375,,0.003,0.069,0.121,0.076,,0.025,1.8045,,,,0.634,,0.0,0.001,,,,,0.003,0.003,,,,
1374,0.138,,0.003,0.069,5.7965,0.077,,0.025,1.284,,,,0.6335,,0.0,0.001,,,,,0.003,0.003,,,,
1375,0.1385,,0.003,0.069,0.7315,0.076,,0.025,1.6305,,,,0.6375,,0.0,0.001,,,,,0.003,0.003,,,,
1376,0.1375,,0.003,0.069,0.055,0.076,,0.025,1.9445000000000001,,,,0.635,,0.0,0.001,,,,,0.003,0.003,,,,
1377,0.1385,,0.003,0.069,3.9445,0.0775,,0.025,0.7055,,,,0.6375,,0.0,0.001,,,,,0.003,0.003,,,,
1378,0.139,,0.003,0.069,0.29800000000000004,0.076,,0.025,1.7990000000000002,,,,0.6385000000000001,,0.0,0.001,,,,,0.003,0.003,,,,
1379,0.138,,0.003,0.0695,0.7030000000000001,0.0765,,0.025,1.633,,,,0.6425000000000001,,0.0,0.001,,,,,0.003,0.003,,,,
1380,0.138,,0.003,0.069,3.046,0.077,,0.025,2.7920000000000003,,,,0.637,,0.0,0.001,,,,,0.003,0.003,,,,
1381,0.138,,0.003,0.0695,2.6255,0.076,,0.025,2.3510000000000004,,,,0.6405000000000001,,0.0,0.001,,,,,0.003,0.003,,,,
1382,0.138,,0.003,0.069,0.456,0.076,,0.025,0.2375,,,,0.639,,0.0,0.001,,,,,0.003,0.003,,,,
1383,0.1385,,0.003,0.069,0.5815,0.077,,0.025,1.7395,,,,0.6375,,0.0,0.001,,,,,0.003,0.003,,,,
1384,0.138,,0.003,0.069,0.8715,0.076,,0.025,1.6424999999999998,,,,0.637,,0.0,0.001,,,,,0.003,0.003,,,,
1385,0.1375,,0.003,0.069,0.36300000000000004,0.076,,0.025,1.4275,,,,0.6395,,0.0,0.001,,,,,0.003,0.003,,,,
1386,0.1375,,0.003,0.069,0.47000000000000003,0.077,,0.025,0.1815,,,,0.6405000000000001,,0.0,0.001,,,,,0.003,0.003,,,,
1387,0.1375,,0.003,0.0695,0.8615,0.076,,0.025,1.6175000000000002,,,,0.64,,0.0,0.001,,,,,0.003,0.003,,,,
1388,0.1375,,0.003,0.069,0.1365,0.0765,,0.025,1.264,,,,0.6425000000000001,,0.0,0.001,,,,,0.003,0.003,,,,
1389,0.138,,0.003,0.069,0.5630000000000001,0.077,,0.025,0.41750000000000004,,,,0.637,,0.0,0.001,,,,,0.003,0.003,,,,
1390,0.138,,0.003,0.0695,0.1285,0.076,,0.025,1.6705,,,,0.6405000000000001,,0.0,0.001,,,,,0.003,0.003,,,,
1391,0.138,,0.003,0.0695,0.136,0.076,,0.025,0.6739999999999999,,,,0.6415,,0.0,0.001,,,,,0.003,0.003,,,,
1392,0.138,,0.003,0.069,0.5499999999999999,0.077,,0.025,0.262,,,,0.64,,0.0,0.001,,,,,0.003,0.003,,,,
1393,0.1375,,0.003,0.069,0.8220000000000001,0.076,,0.025,1.694,,,,0.6385000000000001,,0.0,0.001,,,,,0.003,0.003,,,,
1394,0.1385,,0.003,0.069,2.0665,0.076,,0.025,9.0905,,,,0.6415,,0.0,0.001,,,,,0.003,0.003,,,,
1395,0.138,,0.003,0.069,1.005,0.077,,0.025,1.0085,,,,0.6455,,0.0,0.001,,,,,0.003,0.003,,,,
1396,0.1385,,0.003,0.069,3.0195000000000003,0.076,,0.025,9.0555,,,,0.64,,0.0,0.001,,,,,0.003,0.003,,,,
1397,0.138,,0.003,0.0695,2.116,0.076,,0.025,1.3125,,,,0.643,,0.0,0.001,,,,,0.003,0.003,,,,
1398,0.1375,,0.003,0.0695,0.40950000000000003,0.077,,0.025,0.6064999999999999,,,,0.6435,,0.0,0.001,,,,,0.003,0.003,,,,
1399,0.1375,,0.003,0.0695,0.49300000000000005,0.076,,0.025,2.1220000000000003,,,,0.642,,0.0,0.001,,,,,0.003,0.003,,,,
1400,0.1375,,0.003,0.069,0.2335,0.0765,,0.025,1.328,,,,0.616,,0.0,0.001,,,,,0.003,0.003,,,,
1401,0.138,,0.003,0.069,0.1305,0.077,,0.025,0.8935000000000001,,,,0.6174999999999999,,0.0,0.001,,,,,0.003,0.003,,,,
1402,0.138,,0.003,0.069,1.5585,0.0765,,0.025,2.1195000000000004,,,,0.6154999999999999,,0.0,0.001,,,,,0.003,0.003,,,,
1403,0.1375,,0.003,0.069,1.7129999999999999,0.076,,0.025,1.5114999999999998,,,,0.616,,0.0,0.001,,,,,0.003,0.003,,,,
1404,0.138,,0.003,0.069,0.48050000000000004,0.0775,,0.025,0.48350000000000004,,,,0.6145,,0.0,0.001,,,,,0.003,0.003,,,,
1405,0.138,,0.003,0.069,0.8875,0.0765,,0.025,0.183,,,,0.6114999999999999,,0.0,0.001,,,,,0.003,0.003,,,,
1406,0.138,,0.003,0.069,0.6739999999999999,0.076,,0.025,5.2995,,,,0.6145,,0.0,0.001,,,,,0.003,0.003,,,,
1407,0.1375,,0.003,0.069,3.0780000000000003,0.077,,0.025,0.939,,,,0.613,,0.0,0.001,,,,,0.003,0.003,,,,
1408,0.138,,0.003,0.069,1.9395,0.0765,,0.025,1.8895,,,,0.6165,,0.0,0.001,,,,,0.003,0.003,,,,
1409,0.138,,0.003,0.069,0.131,0.076,,0.025,0.5770000000000001,,,,0.6185,,0.0,0.001,,,,,0.003,0.003,,,,
1410,0.138,,0.003,0.069,4.2255,0.0775,,0.025,1.4165,,,,0.602,,0.0,0.001,,,,,0.003,0.003,,,,
1411,0.1385,,0.003,0.069,0.42350000000000004,0.077,,0.025,2.053,,,,0.603,,0.0,0.001,,,,,0.003,0.003,,,,
1412,0.138,,0.003,0.069,0.26,0.0765,,0.025,1.085,,,,0.6025,,0.0,0.001,,,,,0.003,0.003,,,,
1413,0.138,,0.003,0.069,1.3944999999999999,0.077,,0.025,1.4165,,,,0.604,,0.0,0.001,,,,,0.003,0.003,,,,
1414,0.1375,,0.003,0.0685,1.504,0.0765,,0.025,2.131,,,,0.604,,0.0,0.001,,,,,0.003,0.003,,,,
1415,0.1375,,0.003,0.069,1.151,0.076,,0.025,0.7285,,,,0.603,,0.0,0.001,,,,,0.003,0.003,,,,
1416,0.1385,,0.003,0.069,0.36450000000000005,0.0775,,0.025,3.9845,,,,0.602,,0.0,0.001,,,,,0.003,0.003,,,,
1417,0.1375,,0.003,0.069,0.2615,0.0765,,0.025,2.391,,,,0.6014999999999999,,0.0,0.001,,,,,0.003,0.003,,,,
1418,0.138,,0.003,0.069,0.122,0.076,,0.025,0.874,,,,0.6025,,0.0,0.001,,,,,0.003,0.003,,,,
1419,0.138,,0.003,0.069,2.7125000000000004,0.077,,0.025,6.6085,,,,0.602,,0.0,0.001,,,,,0.003,0.003,,,,
1420,0.138,,0.003,0.069,0.238,0.0765,,0.025,1.1075000000000002,,,,0.6034999999999999,,0.0,0.001,,,,,0.003,0.003,,,,
1421,0.139,,0.003,0.069,1.524,0.077,,0.025,1.8955,,,,0.6045,,0.0,0.001,,,,,0.003,0.003,,,,
1422,0.138,,0.003,0.069,8.1675,0.0775,,0.025,3.875,,,,0.6034999999999999,,0.0,0.001,,,,,0.003,0.003,,,,
1423,0.138,,0.003,0.069,0.9475,0.0765,,0.025,1.843,,,,0.6054999999999999,,0.0,0.001,,,,,0.003,0.003,,,,
1424,0.138,,0.003,0.0685,2.177,0.0765,,0.025,1.2550000000000001,,,,0.604,,0.0,0.001,,,,,0.003,0.003,,,,
1425,0.138,,0.003,0.069,1.22,0.077,,0.025,0.6365000000000001,,,,0.6065,,0.0,0.001,,,,,0.003,0.003,,,,
1426,0.1375,,0.003,0.069,0.7250000000000001,0.0765,,0.025,4.4435,,,,0.607,,0.0,0.001,,,,,0.003,0.003,,,,
1427,0.1385,,0.003,0.0695,0.14650000000000002,0.076,,0.025,1.3585,,,,0.606,,0.0,0.001,,,,,0.003,0.003,,,,
1428,0.139,,0.003,0.069,4.674,0.0775,,0.025,1.1845,,,,0.608,,0.0,0.001,,,,,0.003,0.003,,,,
1429,0.1385,,0.003,0.069,1.383,0.076,,0.025,1.522,,,,0.6065,,0.0,0.001,,,,,0.003,0.003,,,,
1430,0.1385,,0.003,0.069,1.2335,0.0765,,0.025,7.127,,,,0.6074999999999999,,0.0,0.001,,,,,0.003,0.003,,,,
1431,0.137,,0.003,0.069,3.7145,0.0775,,0.025,1.1195,,,,0.607,,0.0,0.001,,,,,0.003,0.003,,,,
1432,0.138,,0.003,0.0685,0.735,0.077,,0.025,1.7380000000000002,,,,0.6045,,0.0,0.001,,,,,0.003,0.003,,,,
1433,0.138,,0.003,0.069,0.28800000000000003,0.076,,0.025,0.9295,,,,0.603,,0.0,0.001,,,,,0.003,0.003,,,,
1434,0.1375,,0.003,0.069,0.14450000000000002,0.077,,0.025,0.6869999999999999,,,,0.6074999999999999,,0.0,0.001,,,,,0.003,0.003,,,,
1435,0.1385,,0.003,0.069,0.3795,0.0765,,0.025,2.548,,,,0.608,,0.0,0.001,,,,,0.003,0.003,,,,
1436,0.1385,,0.003,0.069,0.29450000000000004,0.0765,,0.025,0.7210000000000001,,,,0.608,,0.0,0.001,,,,,0.003,0.003,,,,
1437,0.138,,0.003,0.069,0.273,0.077,,0.025,0.734,,,,0.586,,0.0,0.001,,,,,0.003,0.003,,,,
1438,0.137,,0.003,0.069,0.768,0.076,,0.025,2.232,,,,0.579,,0.0,0.001,,,,,0.003,0.003,,,,
1439,0.138,,0.003,0.069,0.281,0.076,,0.025,0.8520000000000001,,,,0.5885,,0.0,0.001,,,,,0.003,0.003,,,,
1440,0.127,,0.002,0.065,0.1095,0.07200000000000001,,0.025,0.7715000000000001,,,,0.561,,0.0,0.001,,,,,0.003,0.003,,,,
1441,0.1265,,0.002,0.0655,0.786,0.07200000000000001,,0.025,1.7215,,,,0.562,,0.0,0.001,,,,,0.003,0.003,,,,
1442,0.127,,0.002,0.0655,0.41800000000000004,0.07200000000000001,,0.025,0.8594999999999999,,,,0.5650000000000001,,0.0,0.001,,,,,0.003,0.003,,,,
1443,0.127,,0.002,0.0655,1.7975,0.07200000000000001,,0.025,0.331,,,,0.562,,0.0,0.001,,,,,0.003,0.003,,,,
1444,0.127,,0.0025,0.065,2.5785,0.07200000000000001,,0.025,2.4665,,,,0.562,,0.0,0.001,,,,,0.003,0.003,,,,
1445,0.127,,0.002,0.065,0.0845,0.07200000000000001,,0.025,1.5945,,,,0.562,,0.0,0.001,,,,,0.003,0.003,,,,
1446,0.127,,0.002,0.0655,0.5635,0.07200000000000001,,0.025,0.9885,,,,0.5595000000000001,,0.0,0.001,,,,,0.003,0.003,,,,
1447,0.127,,0.002,0.065,0.8069999999999999,0.07200000000000001,,0.025,2.0235,,,,0.5565,,0.0,0.001,,,,,0.003,0.003,,,,
1448,0.1265,,0.002,0.0655,0.1095,0.07200000000000001,,0.025,0.6535,,,,0.56,,0.0,0.001,,,,,0.003,0.003,,,,
1449,0.127,,0.002,0.065,1.02,0.07200000000000001,,0.025,1.9180000000000001,,,,0.5605,,0.0,0.001,,,,,0.003,0.003,,,,
1450,0.127,,0.002,0.0655,1.442,0.07200000000000001,,0.025,1.9855,,,,0.559,,0.0,0.001,,,,,0.003,0.003,,,,
1451,0.127,,0.002,0.065,0.209,0.07200000000000001,,0.025,2.0565,,,,0.5615000000000001,,0.0,0.001,,,,,0.003,0.003,,,,
1452,0.127,,0.002,0.065,4.7325,0.07200000000000001,,0.025,0.8515,,,,0.5615000000000001,,0.0,0.001,,,,,0.003,0.003,,,,
1453,0.1265,,0.002,0.0655,1.2995,0.07200000000000001,,0.025,1.7265000000000001,,,,0.561,,0.0,0.001,,,,,0.003,0.003,,,,
1454,0.127,,0.002,0.0655,0.29200000000000004,0.07200000000000001,,0.025,0.9275,,,,0.5585,,0.0,0.001,,,,,0.003,0.003,,,,
1455,0.1275,,0.002,0.066,3.8755,0.07200000000000001,,0.025,2.7445,,,,0.556,,0.0,0.001,,,,,0.003,0.003,,,,
1456,0.127,,0.002,0.0655,0.6905,0.07200000000000001,,0.025,1.9835,,,,0.556,,0.0,0.001,,,,,0.003,0.003,,,,
1457,0.128,,0.002,0.065,0.0615,0.07200000000000001,,0.025,3.229,,,,0.498,,0.0,0.001,,,,,0.003,0.003,,,,
1458,0.128,,0.002,0.065,0.179,0.07200000000000001,,0.025,2.6614999999999998,,,,0.4985,,0.0,0.001,,,,,0.003,0.003,,,,
1459,0.128,,0.002,0.065,3.0890000000000004,0.07200000000000001,,0.025,6.766,,,,0.4985,,0.0,0.001,,,,,0.003,0.003,,,,
1460,0.1275,,0.002,0.065,2.0725,0.07200000000000001,,0.025,0.4425,,,,0.47800000000000004,,0.0,0.001,,,,,0.003,0.0025,,,,
1461,0.127,,0.002,0.065,0.0645,0.07200000000000001,,0.025,0.753,,,,0.479,,0.0,0.001,,,,,0.003,0.003,,,,
1462,0.128,,0.002,0.065,0.8220000000000001,0.07200000000000001,,0.025,1.2160000000000002,,,,0.47850000000000004,,0.0,0.001,,,,,0.003,0.003,,,,
1463,0.1275,,0.002,0.065,0.1625,0.07200000000000001,,0.025,0.5810000000000001,,,,0.47800000000000004,,0.0,0.001,,,,,0.003,0.003,,,,
1464,0.1275,,0.002,0.065,0.0665,0.07200000000000001,,0.025,1.699,,,,0.47750000000000004,,0.0,0.001,,,,,0.003,0.003,,,,
1465,0.1275,,0.002,0.065,0.774,0.07200000000000001,,0.025,0.931,,,,0.456,,0.0,0.001,,,,,0.003,0.003,,,,
1466,0.127,,0.002,0.0655,0.228,0.07200000000000001,,0.025,1.874,,,,0.4585,,0.0,0.001,,,,,0.003,0.003,,,,
1467,0.128,,0.002,0.065,0.1105,0.07200000000000001,,0.025,2.2009999999999996,,,,0.4565,,0.0,0.001,,,,,0.003,0.0025,,,,
1468,0.128,,0.002,0.065,0.8395,0.07200000000000001,,0.025,0.91,,,,0.456,,0.0,0.001,,,,,0.003,0.003,,,,
1469,0.128,,0.002,0.0655,0.3255,0.07200000000000001,,0.025,1.8125000000000002,,,,0.458,,0.0,0.001,,,,,0.003,0.003,,,,
1470,0.128,,0.002,0.065,1.57,0.07200000000000001,,0.025,1.1305,,,,0.457,,0.0,0.001,,,,,0.003,0.003,,,,
1471,0.1275,,0.002,0.065,2.4085,0.07200000000000001,,0.025,0.748,,,,0.458,,0.0,0.001,,,,,0.003,0.003,,,,
1472,0.128,,0.002,0.0655,0.29700000000000004,0.07200000000000001,,0.025,0.0815,,,,0.4575,,0.0,0.001,,,,,0.003,0.003,,,,
1473,0.128,,0.002,0.0655,4.25,0.07200000000000001,,0.025,0.8075,,,,0.447,,0.0,0.001,,,,,0.003,0.003,,,,
1474,0.127,,0.002,0.066,0.8445,0.07200000000000001,,0.025,1.4364999999999999,,,,0.4475,,0.0,0.001,,,,,0.003,0.003,,,,
1475,0.1275,,0.002,0.065,0.769,0.07200000000000001,,0.025,0.742,,,,0.4465,,0.0,0.001,,,,,0.003,0.003,,,,
1476,0.127,,0.002,0.0655,10.74,0.07200000000000001,,0.025,0.9195,,,,0.4465,,0.0,0.001,,,,,0.003,0.003,,,,
1477,0.1275,,0.002,0.0655,1.7255,0.07200000000000001,,0.025,1.764,,,,0.448,,0.0,0.001,,,,,0.003,0.003,,,,
1478,0.1275,,0.002,0.065,1.3905,0.07200000000000001,,0.025,0.766,,,,0.4455,,0.0,0.001,,,,,0.003,0.003,,,,
1479,0.1275,,0.002,0.065,0.23349999999999999,0.07200000000000001,,0.025,2.1910000000000003,,,,0.4485,,0.0,0.001,,,,,0.003,0.003,,,,
1480,0.127,,0.002,0.0655,1.2395,0.07200000000000001,,0.025,1.0295,,,,0.4475,,0.0,0.001,,,,,0.003,0.003,,,,
1481,0.127,,0.002,0.0655,0.3835,0.07200000000000001,,0.025,1.145,,,,0.4485,,0.0,0.001,,,,,0.003,0.003,,,,
1482,0.1275,,0.002,0.0655,3.015,0.07200000000000001,,0.025,2.6955,,,,0.446,,0.0,0.001,,,,,0.003,0.003,,,,
1483,0.1275,,0.002,0.065,0.145,0.07200000000000001,,0.025,1.461,,,,0.4465,,0.0,0.001,,,,,0.003,0.003,,,,
1484,0.1275,,0.002,0.065,0.36350000000000005,0.07200000000000001,,0.025,0.328,,,,0.447,,0.0,0.001,,,,,0.003,0.003,,,,
1485,0.1275,,0.002,0.065,0.382,0.07200000000000001,,0.025,2.3725,,,,0.4465,,0.0,0.001,,,,,0.003,0.003,,,,
1486,0.127,,0.002,0.065,0.274,0.07200000000000001,,0.025,1.834,,,,0.447,,0.0,0.001,,,,,0.003,0.003,,,,
1487,0.1275,,0.002,0.0655,0.29000000000000004,0.07200000000000001,,0.025,0.9415,,,,0.4475,,0.0,0.001,,,,,0.003,0.003,,,,
1488,0.127,,0.002,0.0655,0.3245,0.07200000000000001,,0.025,0.194,,,,0.4465,,0.0,0.001,,,,,0.003,0.003,,,,
1489,0.1275,,0.002,0.065,1.036,0.07200000000000001,,0.025,0.7195,,,,0.448,,0.0,0.001,,,,,0.003,0.003,,,,
1490,0.127,,0.002,0.065,0.35500000000000004,0.07200000000000001,,0.025,0.7555,,,,0.447,,0.0,0.001,,,,,0.003,0.003,,,,
1491,0.127,,0.002,0.065,1.4035,0.07200000000000001,,0.025,1.3840000000000001,,,,0.448,,0.0,0.001,,,,,0.003,0.003,,,,
1492,0.127,,0.002,0.0655,0.49550000000000005,0.07200000000000001,,0.025,1.9215000000000002,,,,0.4475,,0.0,0.001,,,,,0.003,0.003,,,,
1493,0.127,,0.002,0.0655,0.045,0.07200000000000001,,0.025,1.0405,,,,0.447,,0.0,0.001,,,,,0.003,0.003,,,,
1494,0.1275,,0.002,0.0655,4.14,0.07200000000000001,,0.025,2.4875,,,,0.4415,,0.0,0.001,,,,,0.003,0.0025,,,,
1495,0.1275,,0.002,0.0655,1.422,0.07200000000000001,,0.025,2.008,,,,0.441,,0.0,0.001,,,,,0.003,0.003,,,,
1496,0.127,,0.002,0.066,0.0765,0.07200000000000001,,0.025,1.0885,,,,0.4425,,0.0,0.001,,,,,0.003,0.003,,,,
1497,0.127,,0.002,0.0655,0.775,0.07200000000000001,,0.025,2.034,,,,0.4415,,0.0,0.001,,,,,0.003,0.003,,,,
1498,0.127,,0.002,0.066,0.2125,0.07200000000000001,,0.025,1.455,,,,0.444,,0.0,0.001,,,,,0.003,0.0025,,,,
1499,0.1275,,0.002,0.065,0.193,0.07200000000000001,,0.025,0.8625,,,,0.442,,0.0,0.001,,,,,0.003,0.003,,,,
1500,0.128,,0.002,0.0655,4.036499999999999,0.07200000000000001,,0.025,2.039,,,,0.4425,,0.0,0.001,,,,,0.003,0.003,,,,
1501,0.1275,,0.002,0.0655,1.128,0.07200000000000001,,0.025,0.5535,,,,0.442,,0.0,0.001,,,,,0.003,0.003,,,,
1502,0.1275,,0.002,0.066,0.5145,0.07200000000000001,,0.025,1.968,,,,0.442,,0.0,0.001,,,,,0.003,0.003,,,,
1503,0.127,,0.002,0.066,0.9760000000000001,0.07200000000000001,,0.025,3.1845,,,,0.4415,,0.0,0.001,,,,,0.003,0.0025,,,,
1504,0.127,,0.002,0.066,0.7899999999999999,0.07200000000000001,,0.025,1.1660000000000001,,,,0.443,,0.0,0.001,,,,,0.003,0.003,,,,
1505,0.127,,0.002,0.0655,0.48700000000000004,0.07200000000000001,,0.025,2.573,,,,0.4415,,0.0,0.001,,,,,0.003,0.003,,,,
1506,0.128,,0.002,0.0655,0.335,0.07200000000000001,,0.025,6.2165,,,,0.375,,0.0,0.001,,,,,0.003,0.003,,,,
1507,0.128,,0.002,0.065,0.7725,0.07200000000000001,,0.025,0.947,,,,0.3745,,0.0,0.001,,,,,0.003,0.003,,,,
1508,0.1285,,0.002,0.0655,0.35000000000000003,0.07200000000000001,,0.025,1.0965,,,,0.374,,0.0,0.001,,,,,0.003,0.003,,,,
1509,0.128,,0.002,0.066,0.219,0.07200000000000001,,0.025,3.1519999999999997,,,,0.374,,0.0,0.001,,,,,0.003,0.003,,,,
1510,0.1285,,0.002,0.0655,0.2585,0.07200000000000001,,0.025,1.5915000000000001,,,,0.376,,0.0,0.001,,,,,0.003,0.003,,,,
1511,0.128,,0.002,0.0655,4.186,0.07200000000000001,,0.025,1.0450000000000002,,,,0.3765,,0.0,0.001,,,,,0.003,0.003,,,,
1512,0.128,,0.002,0.0655,0.7065,0.07200000000000001,,0.025,1.5455,,,,0.3765,,0.0,0.001,,,,,0.003,0.003,,,,
1513,0.1285,,0.002,0.065,0.055999999999999994,0.07200000000000001,,0.025,1.7945000000000002,,,,0.3765,,0.0,0.001,,,,,0.003,0.003,,,,
1514,0.128,,0.002,0.065,0.8240000000000001,0.07200000000000001,,0.025,0.3165,,,,0.3765,,0.0,0.001,,,,,0.003,0.003,,,,
1515,0.128,,0.002,0.065,0.671,0.07200000000000001,,0.025,0.1265,,,,0.3765,,0.0,0.001,,,,,0.003,0.003,,,,
1516,0.128,,0.002,0.065,1.584,0.07200000000000001,,0.025,1.9765000000000001,,,,0.3765,,0.0,0.001,,,,,0.003,0.003,,,,
1517,0.128,,0.002,0.065,0.36350000000000005,0.07200000000000001,,0.025,1.3835,,,,0.3765,,0.0,0.001,,,,,0.003,0.003,,,,
1518,0.128,,0.002,0.065,3.65,0.07200000000000001,,0.025,1.5515,,,,0.3765,,0.0,0.001,,,,,0.003,0.003,,,,
1519,0.128,,0.002,0.065,0.48450000000000004,0.07200000000000001,,0.025,1.8755000000000002,,,,0.377,,0.0,0.001,,,,,0.003,0.003,,,,
1520,0.128,,0.002,0.065,0.1385,0.07200000000000001,,0.025,0.736,,,,0.377,,0.0,0.001,,,,,0.003,0.003,,,,
1521,0.128,,0.002,0.065,1.363,0.07200000000000001,,0.025,3.0655,,,,0.377,,0.0,0.001,,,,,0.003,0.003,,,,
1522,0.128,,0.002,0.0655,0.41750000000000004,0.07200000000000001,,0.025,7.5655,,,,0.378,,0.0,0.001,,,,,0.003,0.003,,,,
1523,0.128,,0.002,0.0655,2.3685,0.07200000000000001,,0.025,4.322,,,,0.378,,0.0,0.001,,,,,0.003,0.003,,,,
1524,0.128,,0.002,0.0655,4.031499999999999,0.07200000000000001,,0.025,0.7045,,,,0.378,,0.0,0.001,,,,,0.003,0.003,,,,
1525,0.1285,,0.002,0.0655,5.021,0.07200000000000001,,0.025,2.1645000000000003,,,,0.378,,0.0,0.001,,,,,0.003,0.003,,,,
1526,0.1285,,0.002,0.066,0.241,0.07200000000000001,,0.025,1.4600000000000002,,,,0.377,,0.0,0.001,,,,,0.003,0.003,,,,
1527,0.1285,,0.002,0.0655,0.741,0.07200000000000001,,0.025,0.23299999999999998,,,,0.378,,0.0,0.001,,,,,0.003,0.003,,,,
1528,0.1285,,0.002,0.0655,1.26,0.07200000000000001,,0.025,1.6525,,,,0.3775,,0.0,0.001,,,,,0.003,0.003,,,,
1529,0.1285,,0.002,0.0655,0.336,0.07200000000000001,,0.025,1.0655000000000001,,,,0.3775,,0.0,0.001,,,,,0.003,0.003,,,,
1530,0.1285,,0.002,0.0655,3.189,0.07200000000000001,,0.025,0.77,,,,0.377,,0.0,0.001,,,,,0.003,0.003,,,,
1531,0.1285,,0.002,0.065,1.7085000000000001,0.07200000000000001,,0.025,2.6755,,,,0.3775,,0.0,0.001,,,,,0.003,0.003,,,,
1532,0.128,,0.002,0.065,0.2485,0.07200000000000001,,0.025,0.914,,,,0.3775,,0.0,0.001,,,,,0.003,0.003,,,,
1533,0.1285,,0.002,0.065,0.9615,0.07200000000000001,,0.025,1.2405000000000002,,,,0.378,,0.0,0.001,,,,,0.003,0.003,,,,
1534,0.1265,,0.002,0.064,0.35200000000000004,0.07150000000000001,,0.025,0.9645,,,,0.365,,0.0,0.001,,,,,0.003,0.003,,,,
1535,0.126,,0.002,0.064,0.2685,0.07150000000000001,,0.025,0.9005000000000001,,,,0.365,,0.0,0.001,,,,,0.003,0.003,,,,
1536,0.1265,,0.002,0.064,0.45,0.07100000000000001,,0.025,1.523,,,,0.364,,0.0,0.001,,,,,0.003,0.003,,,,
1537,0.127,,0.002,0.0645,1.6864999999999999,0.07150000000000001,,0.025,2.4825000000000004,,,,0.3625,,0.0,0.001,,,,,0.003,0.003,,,,
1538,0.1265,,0.002,0.064,0.35950000000000004,0.07100000000000001,,0.0245,1.107,,,,0.3655,,0.0,0.001,,,,,0.003,0.003,,,,
1539,0.1265,,0.002,0.0645,3.363,0.07100000000000001,,0.025,0.2725,,,,0.3635,,0.0,0.001,,,,,0.003,0.003,,,,
1540,0.127,,0.002,0.064,0.9159999999999999,0.07150000000000001,,0.0245,2.6175,,,,0.3645,,0.0,0.001,,,,,0.003,0.003,,,,
1541,0.127,,0.002,0.0645,0.10650000000000001,0.07100000000000001,,0.025,1.3575,,,,0.3655,,0.0,0.001,,,,,0.003,0.003,,,,
1542,0.1265,,0.002,0.065,2.6380000000000003,0.07150000000000001,,0.025,1.228,,,,0.365,,0.0,0.001,,,,,0.003,0.003,,,,
1543,0.127,,0.002,0.064,0.17250000000000001,0.07100000000000001,,0.025,0.8135,,,,0.364,,0.0,0.001,,,,,0.003,0.003,,,,
1544,0.127,,0.002,0.064,0.2325,0.07200000000000001,,0.025,2.01,,,,0.3275,,0.0,0.001,,,,,0.003,0.003,,,,
1545,0.127,,0.002,0.0645,0.055,0.07100000000000001,,0.025,1.509,,,,0.326,,0.0,0.001,,,,,0.003,0.003,,,,
1546,0.127,,0.002,0.0645,0.7454999999999999,0.07150000000000001,,0.025,0.0655,,,,0.327,,0.0,0.001,,,,,0.003,0.003,,,,
1547,0.127,,0.002,0.0645,0.7264999999999999,0.07150000000000001,,0.025,8.903500000000001,,,,0.3275,,0.0,0.001,,,,,0.003,0.003,,,,
1548,0.1275,,0.002,0.064,3.384,0.07150000000000001,,0.025,4.762,,,,0.327,,0.0,0.001,,,,,0.003,0.003,,,,
1549,0.127,,0.002,0.064,0.044500000000000005,0.07100000000000001,,0.025,0.3625,,,,0.3265,,0.0,0.001,,,,,0.003,0.003,,,,
1550,0.127,,0.002,0.064,0.1395,0.07150000000000001,,0.025,1.899,,,,0.3265,,0.0,0.001,,,,,0.003,0.003,,,,
1551,0.1275,,0.002,0.0645,0.11699999999999999,0.07100000000000001,,0.025,4.3345,,,,0.328,,0.0,0.001,,,,,0.003,0.003,,,,
1552,0.1275,,0.002,0.0645,0.46950000000000003,0.07150000000000001,,0.025,1.157,,,,0.327,,0.0,0.001,,,,,0.003,0.003,,,,
1553,0.1275,,0.002,0.064,0.17500000000000002,0.07150000000000001,,0.025,0.47100000000000003,,,,0.262,,0.0,0.001,,,,,0.003,0.003,,,,
1554,0.128,,0.002,0.064,0.048,0.07150000000000001,,0.025,1.0865,,,,0.262,,0.0,0.001,,,,,0.003,0.003,,,,
1555,0.1275,,0.002,0.064,0.249,0.07150000000000001,,0.025,0.9475,,,,0.261,,0.0,0.001,,,,,0.003,0.003,,,,
1556,0.1275,,0.002,0.064,0.29050000000000004,0.07150000000000001,,0.025,0.515,,,,0.2615,,0.0,0.001,,,,,0.003,0.003,,,,
1557,0.128,,0.002,0.064,2.8885,0.07200000000000001,,0.025,1.1949999999999998,,,,0.2615,,0.0,0.001,,,,,0.003,0.003,,,,
1558,0.127,,0.002,0.064,0.4415,0.07100000000000001,,0.025,0.824,,,,0.2245,,0.0,0.001,,,,,0.003,0.003,,,,
1559,0.1275,,0.002,0.064,0.188,0.07200000000000001,,0.025,3.2935,,,,0.2245,,0.0,0.001,,,,,0.003,0.003,,,,
1560,0.127,,0.002,0.0645,0.17550000000000002,0.07100000000000001,,0.025,1.5895,,,,0.224,,0.0,0.001,,,,,0.003,0.003,,,,
1561,0.1275,,0.002,0.064,0.48500000000000004,0.07100000000000001,,0.025,1.799,,,,0.2245,,0.0,0.001,,,,,0.003,0.003,,,,
1562,0.1275,,0.002,0.064,0.20750000000000002,0.07150000000000001,,0.025,2.5585,,,,0.225,,0.0,0.001,,,,,0.003,0.003,,,,
1563,0.127,,0.002,0.0645,0.166,0.07200000000000001,,0.025,1.4105,,,,0.224,,0.0,0.001,,,,,0.003,0.003,,,,
1564,0.127,,0.002,0.0645,0.9575,0.07200000000000001,,0.025,1.1335,,,,0.225,,0.0,0.001,,,,,0.003,0.003,,,,
1565,0.127,,0.002,0.064,0.1185,0.07100000000000001,,0.025,3.005,,,,0.224,,0.0,0.001,,,,,0.003,0.003,,,,
1566,0.1265,,0.002,0.0645,0.10250000000000001,0.07100000000000001,,0.0245,0.07800000000000001,,,,0.1915,,0.0,0.001,,,,,0.003,0.003,,,,
1567,0.127,,0.002,0.064,0.3245,0.07200000000000001,,0.025,0.29650000000000004,,,,0.191,,0.0,0.001,,,,,0.003,0.003,,,,
1568,0.127,,0.002,0.064,0.04,0.07150000000000001,,0.025,3.4765,,,,0.191,,0.0,0.001,,,,,0.003,0.003,,,,
1569,0.127,,0.002,0.064,0.5495,0.07200000000000001,,0.025,0.9315,,,,0.1915,,0.0,0.001,,,,,0.003,0.003,,,,
1570,0.1265,,0.002,0.064,0.4045,0.07200000000000001,,0.025,1.451,,,,0.191,,0.0,0.001,,,,,0.003,0.003,,,,
1571,0.128,,0.002,0.064,0.497,0.07150000000000001,,0.025,2.554,,,,0.1475,,0.0,0.001,,,,,0.003,0.003,,,,
1572,0.127,,0.002,0.064,0.018500000000000003,0.07150000000000001,,0.025,1.0585,,,,0.1475,,0.0,0.001,,,,,0.003,0.003,,,,
1573,0.128,,0.002,0.064,1.933,0.07100000000000001,,0.025,1.524,,,,0.1465,,0.0,0.001,,,,,0.003,0.003,,,,
1574,0.1275,,0.002,0.0645,0.14450000000000002,0.07150000000000001,,0.025,2.3985,,,,0.147,,0.0,0.001,,,,,0.003,0.003,,,,
1575,0.1275,,0.002,0.0645,0.7585,0.07100000000000001,,0.025,0.5609999999999999,,,,0.1465,,0.0,0.001,,,,,0.003,0.003,,,,
1576,0.1275,,0.002,0.064,0.28,0.07150000000000001,,0.025,0.5985,,,,0.1465,,0.0,0.001,,,,,0.003,0.003,,,,
1577,0.127,,0.002,0.064,0.067,0.07150000000000001,,0.025,3.4985,,,,0.0955,,0.0,0.001,,,,,0.003,0.003,,,,
1578,0.127,,0.002,0.064,3.406,0.07150000000000001,,0.025,0.6805,,,,0.0965,,0.0,0.001,,,,,0.003,0.003,,,,
1579,0.127,,0.002,0.0645,0.765,0.07100000000000001,,0.025,1.602,,,,0.096,,0.0,0.001,,,,,0.003,0.003,,,,
1580,0.1275,,0.002,0.064,0.47950000000000004,0.07150000000000001,,0.025,2.1959999999999997,,,,0.0955,,0.0,0.001,,,,,0.003,0.003,,,,
1581,0.127,,0.002,0.0645,0.361,0.07100000000000001,,0.025,1.524,,,,0.0955,,0.0,0.001,,,,,0.003,0.003,,,,
1582,0.127,,0.002,0.064,0.8265,0.07100000000000001,,0.025,1.038,,,,0.0955,,0.0,0.001,,,,,0.003,0.003,,,,
1583,0.127,,0.002,0.064,0.301,0.07150000000000001,,0.025,1.9540000000000002,,,,0.0975,,0.0,0.001,,,,,0.003,0.003,,,,
1584,0.127,,0.002,0.0645,3.3415,0.07150000000000001,,0.025,0.1925,,,,0.0975,,0.0,0.001,,,,,0.003,0.003,,,,
1585,0.1275,,0.002,0.064,0.0385,0.07150000000000001,,0.025,0.061000000000000006,,,,0.098,,0.0,0.001,,,,,0.003,0.003,,,,
1586,0.127,,0.002,0.064,0.9115,0.07200000000000001,,0.025,2.118,,,,0.0975,,0.0,0.001,,,,,0.003,0.003,,,,
1587,0.127,,0.002,0.064,0.0425,0.07100000000000001,,0.025,0.24050000000000002,,,,0.098,,0.0,0.001,,,,,0.003,0.003,,,,
1588,0.127,,0.002,0.064,0.2515,0.07100000000000001,,0.025,1.4235,,,,0.0975,,0.0,0.001,,,,,0.003,0.003,,,,
1589,0.127,,0.002,0.064,0.023,0.07100000000000001,,0.025,2.3515,,,,0.098,,0.0,0.001,,,,,0.003,0.003,,,,
1590,0.127,,0.002,0.064,0.15250000000000002,0.07200000000000001,,0.025,0.017,,,,0.098,,0.0,0.001,,,,,0.003,0.003,,,,
1591,0.127,,0.002,0.064,0.4955,0.07150000000000001,,0.025,0.755,,,,0.0975,,0.0,0.001,,,,,0.003,0.003,,,,
1592,0.127,,0.002,0.0645,0.3755,0.07150000000000001,,0.025,1.281,,,,0.0975,,0.0,0.001,,,,,0.003,0.003,,,,
1593,0.127,,0.002,0.0645,0.9984999999999999,0.07150000000000001,,0.025,1.2035,,,,0.0985,,0.0,0.001,,,,,0.003,0.003,,,,
1594,0.1275,,0.002,0.064,0.339,0.07150000000000001,,0.025,0.5755,,,,0.097,,0.0,0.001,,,,,0.003,0.003,,,,
1595,0.127,,0.002,0.064,0.07050000000000001,0.07150000000000001,,0.025,0.434,,,,0.0985,,0.0,0.001,,,,,0.003,0.003,,,,
1596,0.128,,0.002,0.064,4.308,0.07200000000000001,,0.025,0.541,,,,0.0975,,0.0,0.001,,,,,0.003,0.003,,,,
1597,0.127,,0.002,0.0645,2.6455,0.07100000000000001,,0.025,6.6465,,,,0.0975,,0.0,0.001,,,,,0.003,0.003,,,,
1598,0.127,,0.002,0.064,0.2005,0.07100000000000001,,0.025,0.20450000000000002,,,,0.098,,0.0,0.001,,,,,0.003,0.003,,,,
1599,0.127,,0.002,0.065,6.8015,0.07100000000000001,,0.025,5.5809999999999995,,,,0.098,,0.0,0.001,,,,,0.003,0.003,,,,
1600,0.127,,0.002,0.0645,1.4615,0.07200000000000001,,0.025,5.2285,,,,0.0975,,0.0,0.001,,,,,0.003,0.003,,,,
1601,0.127,,0.002,0.064,0.28450000000000003,0.07100000000000001,,0.025,0.1,,,,0.0975,,0.0,0.001,,,,,0.003,0.003,,,,
1602,0.1275,,0.002,0.064,0.8315,0.07100000000000001,,0.025,0.5519999999999999,,,,0.098,,0.0,0.001,,,,,0.003,0.003,,,,
1603,0.127,,0.002,0.064,4.1979999999999995,0.07150000000000001,,0.025,2.4845,,,,0.098,,0.0,0.001,,,,,0.003,0.003,,,,
1604,0.127,,0.002,0.064,0.033,0.07150000000000001,,0.025,2.7495000000000003,,,,0.098,,0.0,0.001,,,,,0.003,0.003,,,,
1605,0.127,,0.002,0.064,2.8885,0.07150000000000001,,0.025,1.1844999999999999,,,,0.098,,0.0,0.001,,,,,0.003,0.003,,,,
1606,0.127,,0.002,0.064,1.0205,0.07150000000000001,,0.025,0.48350000000000004,,,,0.0975,,0.0,0.001,,,,,0.003,0.003,,,,
1607,0.1275,,0.002,0.064,0.10950000000000001,0.07100000000000001,,0.025,2.44,,,,0.098,,0.0,0.001,,,,,0.003,0.003,,,,
1608,0.127,,0.002,0.064,3.45,0.07100000000000001,,0.025,1.034,,,,0.098,,0.0,0.001,,,,,0.003,0.003,,,,
1609,0.1275,,0.002,0.064,3.0135,0.07150000000000001,,0.025,3.254,,,,0.0975,,0.0,0.001,,,,,0.003,0.003,,,,
1610,0.127,,0.002,0.0645,0.7424999999999999,0.07100000000000001,,0.025,2.9835000000000003,,,,0.098,,0.0,0.001,,,,,0.003,0.003,,,,
1611,0.127,,0.002,0.064,0.323,0.07150000000000001,,0.025,1.536,,,,0.098,,0.0,0.001,,,,,0.003,0.003,,,,
1612,0.1265,,0.002,0.064,4.755,0.07200000000000001,,0.025,4.859,,,,0.0985,,0.0,0.001,,,,,0.003,0.003,,,,
1613,0.1265,,0.002,0.064,0.18000000000000002,0.07150000000000001,,0.025,2.5095,,,,0.098,,0.0,0.001,,,,,0.003,0.003,,,,
1614,0.1275,,0.002,0.064,0.784,0.07100000000000001,,0.025,1.72,,,,0.099,,0.0,0.001,,,,,0.003,0.003,,,,
1615,0.127,,0.002,0.064,1.121,0.07100000000000001,,0.025,0.498,,,,0.098,,0.0,0.001,,,,,0.003,0.003,,,,
1616,0.127,,0.002,0.064,0.298,0.07200000000000001,,0.025,1.4669999999999999,,,,0.099,,0.0,0.001,,,,,0.003,0.003,,,,
1617,0.127,,0.002,0.0645,2.5570000000000004,0.07100000000000001,,0.025,1.4204999999999999,,,,0.099,,0.0,0.001,,,,,0.003,0.003,,,,
1618,0.127,,0.002,0.064,0.48400000000000004,0.07200000000000001,,0.025,0.42150000000000004,,,,0.098,,0.0,0.001,,,,,0.003,0.003,,,,
1619,0.127,,0.002,0.0645,0.2625,0.07100000000000001,,0.025,2.7725,,,,0.0985,,0.0,0.001,,,,,0.003,0.003,,,,
1620,0.127,,0.002,0.064,4.250500000000001,0.07100000000000001,,0.025,0.28250000000000003,,,,0.098,,0.0,0.001,,,,,0.003,0.003,,,,
1621,0.1275,,0.002,0.064,0.38,0.07100000000000001,,0.025,0.163,,,,0.0985,,0.0,0.001,,,,,0.003,0.003,,,,
1622,0.127,,0.002,0.0645,0.07650000000000001,0.07150000000000001,,0.025,4.643000000000001,,,,0.0985,,0.0,0.001,,,,,0.003,0.003,,,,
1623,0.1275,,0.002,0.064,3.902,0.07100000000000001,,0.025,0.734,,,,0.1,,0.0,0.001,,,,,0.003,0.003,,,,
1624,0.127,,0.002,0.0645,0.384,0.07100000000000001,,0.025,0.834,,,,0.0995,,0.0,0.001,,,,,0.003,0.003,,,,
1625,0.127,,0.002,0.064,0.02,0.07150000000000001,,0.025,2.2505,,,,0.0995,,0.0,0.001,,,,,0.003,0.003,,,,
1626,0.127,,0.002,0.064,0.1555,0.07150000000000001,,0.025,1.3105,,,,0.0995,,0.0,0.001,,,,,0.003,0.003,,,,
1627,0.127,,0.002,0.064,2.0045,0.07150000000000001,,0.025,1.732,,,,0.099,,0.0,0.001,,,,,0.003,0.003,,,,
1628,0.127,,0.002,0.064,0.12,0.07150000000000001,,0.025,2.4155,,,,0.099,,0.0,0.001,,,,,0.003,0.003,,,,
1629,0.127,,0.002,0.064,1.3379999999999999,0.07100000000000001,,0.025,1.01,,,,0.099,,0.0,0.001,,,,,0.003,0.003,,,,
1630,0.127,,0.002,0.064,0.4455,0.07150000000000001,,0.025,1.2205,,,,0.0995,,0.0,0.001,,,,,0.003,0.003,,,,
1631,0.127,,0.002,0.064,4.930499999999999,0.07150000000000001,,0.025,3.453,,,,0.099,,0.0,0.001,,,,,0.003,0.003,,,,
1632,0.127,,0.002,0.064,3.6865,0.07150000000000001,,0.025,0.956,,,,0.099,,0.0,0.001,,,,,0.003,0.003,,,,
1633,0.127,,0.002,0.0645,0.453,0.07100000000000001,,0.025,0.396,,,,0.0995,,0.0,0.001,,,,,0.003,0.003,,,,
1634,0.127,,0.002,0.064,2.623,0.07150000000000001,,0.025,2.6135,,,,0.0995,,0.0,0.001,,,,,0.003,0.003,,,,
1635,0.127,,0.002,0.064,1.15,0.07100000000000001,,0.025,1.568,,,,0.1,,0.0,0.001,,,,,0.003,0.003,,,,
1636,0.1275,,0.002,0.064,0.369,0.07150000000000001,,0.025,0.7855,,,,0.099,,0.0,0.001,,,,,0.003,0.003,,,,
1637,0.127,,0.002,0.064,0.3625,0.07100000000000001,,0.025,3.126,,,,0.0995,,0.0,0.001,,,,,0.003,0.003,,,,
1638,0.127,,0.002,0.0645,3.499,0.07150000000000001,,0.025,0.21350000000000002,,,,0.092,,0.0,0.001,,,,,0.003,0.003,,,,
1639,0.127,,0.002,0.064,0.41250000000000003,0.07100000000000001,,0.025,0.08549999999999999,,,,0.0925,,0.0,0.001,,,,,0.003,0.003,,,,
1640,0.1275,,0.002,0.064,0.188,0.07100000000000001,,0.025,2.3465,,,,0.093,,0.0,0.001,,,,,0.003,0.003,,,,
1641,0.127,,0.002,0.064,0.431,0.07100000000000001,,0.025,1.295,,,,0.093,,0.0,0.001,,,,,0.003,0.003,,,,
1642,0.1275,,0.002,0.064,0.47000000000000003,0.07100000000000001,,0.025,1.8325,,,,0.093,,0.0,0.001,,,,,0.003,0.003,,,,
1643,0.127,,0.002,0.064,2.4575,0.07200000000000001,,0.025,2.532,,,,0.0935,,0.0,0.001,,,,,0.003,0.003,,,,
1644,0.1275,,0.002,0.064,0.07600000000000001,0.07100000000000001,,0.025,1.552,,,,0.0925,,0.0,0.001,,,,,0.003,0.003,,,,
1645,0.127,,0.002,0.064,0.441,0.07100000000000001,,0.025,0.28450000000000003,,,,0.0925,,0.0,0.001,,,,,0.003,0.003,,,,
1646,0.1265,,0.002,0.064,0.10300000000000001,0.07150000000000001,,0.025,2.8775000000000004,,,,0.093,,0.0,0.001,,,,,0.003,0.003,,,,
1647,0.127,,0.002,0.065,0.224,0.07100000000000001,,0.025,0.7505,,,,0.093,,0.0,0.001,,,,,0.003,0.003,,,,
1648,0.127,,0.002,0.064,0.644,0.07150000000000001,,0.025,0.0315,,,,0.0935,,0.0,0.001,,,,,0.003,0.003,,,,
1649,0.1265,,0.002,0.064,0.0245,0.07100000000000001,,0.025,3.9615,,,,0.0935,,0.0,0.001,,,,,0.003,0.003,,,,
1650,0.127,,0.002,0.0645,0.0465,0.07100000000000001,,0.025,0.9329999999999999,,,,0.093,,0.0,0.001,,,,,0.003,0.003,,,,
1651,0.127,,0.002,0.064,0.4965,0.07100000000000001,,0.025,1.632,,,,0.0935,,0.0,0.001,,,,,0.003,0.003,,,,
1652,0.1265,,0.002,0.065,0.032,0.07100000000000001,,0.025,2.538,,,,0.0925,,0.0,0.001,,,,,0.003,0.003,,,,
1653,0.127,,0.002,0.064,0.043000000000000003,0.07150000000000001,,0.025,1.375,,,,0.093,,0.0,0.001,,,,,0.003,0.003,,,,
1654,0.1275,,0.002,0.064,1.394,0.07100000000000001,,0.025,0.8925,,,,0.093,,0.0,0.001,,,,,0.003,0.003,,,,
1655,0.1265,,0.002,0.064,0.24300000000000002,0.07150000000000001,,0.025,2.1050000000000004,,,,0.093,,0.0,0.001,,,,,0.003,0.003,,,,
1656,0.127,,0.002,0.0645,0.0655,0.07100000000000001,,0.025,0.8715,,,,0.093,,0.0,0.001,,,,,0.003,0.003,,,,
1657,0.127,,0.002,0.064,0.08099999999999999,0.07100000000000001,,0.025,0.20700000000000002,,,,0.0935,,0.0,0.001,,,,,0.003,0.003,,,,
1658,0.1265,,0.002,0.064,0.1015,0.07100000000000001,,0.025,2.688,,,,0.0935,,0.0,0.001,,,,,0.003,0.003,,,,
1659,0.1265,,0.002,0.064,0.3025,0.07100000000000001,,0.025,0.41450000000000004,,,,0.093,,0.0,0.001,,,,,0.003,0.003,,,,
1660,0.1265,,0.002,0.064,0.24000000000000002,0.07150000000000001,,0.025,0.9535,,,,0.093,,0.0,0.001,,,,,0.003,0.003,,,,
1661,0.127,,0.002,0.064,0.24350000000000002,0.07150000000000001,,0.025,1.54,,,,0.0925,,0.0,0.001,,,,,0.003,0.003,,,,
1662,0.127,,0.002,0.064,0.0195,0.07100000000000001,,0.025,2.2760000000000002,,,,0.093,,0.0,0.001,,,,,0.003,0.003,,,,
1663,0.1275,,0.002,0.0645,0.1235,0.07150000000000001,,0.025,0.07350000000000001,,,,0.093,,0.0,0.001,,,,,0.003,0.003,,,,
1664,0.127,,0.002,0.064,0.1875,0.07100000000000001,,0.025,0.3765,,,,0.094,,0.0,0.001,,,,,0.003,0.003,,,,
1665,0.1265,,0.002,0.0645,0.4995,0.07150000000000001,,0.025,0.856,,,,0.093,,0.0,0.001,,,,,0.003,0.003,,,,
1666,0.127,,0.002,0.064,0.23900000000000002,0.07150000000000001,,0.025,0.48600000000000004,,,,0.0935,,0.0,0.001,,,,,0.003,0.003,,,,
1667,0.1275,,0.002,0.0645,0.6829999999999999,0.07100000000000001,,0.025,2.6815,,,,0.0935,,0.0,0.001,,,,,0.003,0.003,,,,
1668,0.1265,,0.002,0.0645,0.028,0.07200000000000001,,0.025,1.605,,,,0.08650000000000001,,0.0,0.001,,,,,0.003,0.003,,,,
1669,0.127,,0.002,0.0645,0.4465,0.07100000000000001,,0.025,0.8455,,,,0.08650000000000001,,0.0,0.001,,,,,0.003,0.003,,,,
1670,0.127,,0.002,0.064,0.389,0.07200000000000001,,0.025,2.329,,,,0.08650000000000001,,0.0,0.001,,,,,0.003,0.003,,,,
1671,0.127,,0.002,0.064,0.4275,0.07200000000000001,,0.025,1.42,,,,0.08700000000000001,,0.0,0.001,,,,,0.003,0.003,,,,
1672,0.1275,,0.002,0.064,1.2685,0.07100000000000001,,0.025,1.6125,,,,0.08700000000000001,,0.0,0.001,,,,,0.003,0.003,,,,
1673,0.126,,0.002,0.064,2.562,0.07150000000000001,,0.025,2.801,,,,0.0875,,0.0,0.001,,,,,0.003,0.003,,,,
1674,0.127,,0.002,0.0645,2.5730000000000004,0.07100000000000001,,0.025,1.8825,,,,0.08650000000000001,,0.0,0.001,,,,,0.003,0.003,,,,
1675,0.127,,0.002,0.0645,0.364,0.07100000000000001,,0.025,0.453,,,,0.08650000000000001,,0.0,0.001,,,,,0.003,0.003,,,,
1676,0.1265,,0.002,0.064,0.10300000000000001,0.07100000000000001,,0.025,3.1750000000000003,,,,0.08700000000000001,,0.0,0.001,,,,,0.003,0.003,,,,
1677,0.127,,0.002,0.064,4.42,0.07100000000000001,,0.025,0.579,,,,0.08700000000000001,,0.0,0.001,,,,,0.003,0.003,,,,
1678,0.127,,0.002,0.064,0.333,0.07150000000000001,,0.025,0.119,,,,0.08700000000000001,,0.0,0.001,,,,,0.003,0.003,,,,
1679,0.127,,0.002,0.064,0.055,0.07100000000000001,,0.025,2.684,,,,0.08700000000000001,,0.0,0.001,,,,,0.003,0.003,,,,
1680,0.127,,0.002,0.064,3.4965,0.07100000000000001,,0.025,1.434,,,,0.08650000000000001,,0.0,0.001,,,,,0.003,0.003,,,,
1681,0.127,,0.002,0.0645,0.579,0.07150000000000001,,0.025,0.6435,,,,0.08650000000000001,,0.0,0.001,,,,,0.003,0.003,,,,
1682,0.126,,0.002,0.064,0.0175,0.07200000000000001,,0.025,2.433,,,,0.08700000000000001,,0.0,0.001,,,,,0.003,0.003,,,,
1683,0.127,,0.002,0.0645,0.229,0.07150000000000001,,0.025,1.1915,,,,0.08700000000000001,,0.0,0.001,,,,,0.003,0.003,,,,
1684,0.1265,,0.002,0.064,0.135,0.07200000000000001,,0.025,0.5625,,,,0.08700000000000001,,0.0,0.001,,,,,0.003,0.003,,,,
1685,0.127,,0.002,0.0645,0.24250000000000002,0.07100000000000001,,0.025,1.253,,,,0.08700000000000001,,0.0,0.001,,,,,0.003,0.003,,,,
1686,0.126,,0.002,0.064,0.6769999999999999,0.07200000000000001,,0.025,1.144,,,,0.08700000000000001,,0.0,0.001,,,,,0.003,0.003,,,,
1687,0.1275,,0.002,0.0645,0.29450000000000004,0.07150000000000001,,0.025,0.36050000000000004,,,,0.08700000000000001,,0.0,0.001,,,,,0.003,0.003,,,,
1688,0.1265,,0.002,0.064,0.6789999999999999,0.07200000000000001,,0.025,1.8975,,,,0.08700000000000001,,0.0,0.001,,,,,0.003,0.003,,,,
1689,0.127,,0.002,0.064,3.626,0.07200000000000001,,0.025,0.342,,,,0.08700000000000001,,0.0,0.001,,,,,0.003,0.003,,,,
1690,0.127,,0.002,0.064,0.727,0.07150000000000001,,0.025,0.3105,,,,0.08700000000000001,,0.0,0.001,,,,,0.003,0.003,,,,
1691,0.126,,0.002,0.065,0.057,0.07100000000000001,,0.025,2.7495,,,,0.08700000000000001,,0.0,0.001,,,,,0.003,0.003,,,,
1692,0.127,,0.002,0.064,0.2525,0.07150000000000001,,0.025,1.277,,,,0.088,,0.0,0.001,,,,,0.003,0.003,,,,
1693,0.1265,,0.002,0.064,0.5840000000000001,0.07100000000000001,,0.025,1.1524999999999999,,,,0.0875,,0.0,0.001,,,,,0.003,0.003,,,,
1694,0.127,,0.002,0.064,0.219,0.07200000000000001,,0.025,2.121,,,,0.08700000000000001,,0.0,0.001,,,,,0.003,0.003,,,,
1695,0.126,,0.002,0.065,0.10750000000000001,0.07100000000000001,,0.025,2.328,,,,0.08650000000000001,,0.0,0.001,,,,,0.003,0.003,,,,
1696,0.127,,0.002,0.064,0.025500000000000002,0.07150000000000001,,0.025,0.744,,,,0.0875,,0.0,0.001,,,,,0.003,0.003,,,,
1697,0.1265,,0.002,0.064,0.07150000000000001,0.07150000000000001,,0.025,2.2399999999999998,,,,0.08700000000000001,,0.0,0.001,,,,,0.003,0.003,,,,
1698,0.127,,0.002,0.064,0.069,0.07150000000000001,,0.025,0.7829999999999999,,,,0.0875,,0.0,0.001,,,,,0.003,0.003,,,,
1699,0.1265,,0.002,0.064,0.5305,0.07100000000000001,,0.025,1.415,,,,0.0875,,0.0,0.001,,,,,0.003,0.003,,,,
1700,0.127,,0.002,0.064,0.35100000000000003,0.07150000000000001,,0.025,2.7365000000000004,,,,0.0875,,0.0,0.001,,,,,0.003,0.003,,,,
1701,0.127,,0.002,0.064,0.188,0.07200000000000001,,0.025,0.5075,,,,0.088,,0.0,0.001,,,,,0.003,0.003,,,,
1702,0.127,,0.002,0.0645,2.105,0.07150000000000001,,0.025,0.456,,,,0.08700000000000001,,0.0,0.001,,,,,0.003,0.003,,,,
1703,0.1265,,0.002,0.064,0.0505,0.07100000000000001,,0.025,1.855,,,,0.088,,0.0,0.001,,,,,0.003,0.003,,,,
1704,0.1265,,0.002,0.0645,0.11499999999999999,0.07150000000000001,,0.025,1.0785,,,,0.0875,,0.0,0.001,,,,,0.003,0.003,,,,
1705,0.126,,0.002,0.064,0.5299999999999999,0.07150000000000001,,0.025,1.8275,,,,0.08700000000000001,,0.0,0.001,,,,,0.003,0.003,,,,
1706,0.127,,0.002,0.064,0.24250000000000002,0.07100000000000001,,0.025,2.6445,,,,0.0875,,0.0,0.001,,,,,0.003,0.003,,,,
1707,0.127,,0.002,0.064,0.027,0.07100000000000001,,0.025,1.6065,,,,0.08700000000000001,,0.0,0.001,,,,,0.003,0.003,,,,
1708,0.127,,0.002,0.0645,0.6629999999999999,0.07200000000000001,,0.025,0.21550000000000002,,,,0.088,,0.0,0.001,,,,,0.003,0.003,,,,
1709,0.1265,,0.002,0.064,0.156,0.07150000000000001,,0.025,1.0135,,,,0.08700000000000001,,0.0,0.001,,,,,0.003,0.003,,,,
1710,0.1265,,0.002,0.064,0.5650000000000001,0.07150000000000001,,0.025,1.6305,,,,0.08700000000000001,,0.0,0.001,,,,,0.003,0.003,,,,
1711,0.126,,0.002,0.0645,0.688,0.07100000000000001,,0.025,2.024,,,,0.08700000000000001,,0.0,0.001,,,,,0.003,0.003,,,,
1712,0.127,,0.002,0.064,0.18100000000000002,0.07150000000000001,,0.025,3.6005,,,,0.088,,0.0,0.001,,,,,0.003,0.003,,,,
1713,0.1265,,0.002,0.064,0.32,0.07200000000000001,,0.025,3.283,,,,0.0875,,0.0,0.001,,,,,0.003,0.003,,,,
1714,0.1265,,0.002,0.064,0.5805,0.07200000000000001,,0.025,2.7785,,,,0.08700000000000001,,0.0,0.001,,,,,0.003,0.003,,,,
1715,0.1275,,0.002,0.064,0.118,0.07100000000000001,,0.025,2.683,,,,0.08700000000000001,,0.0,0.001,,,,,0.003,0.003,,,,
1716,0.1265,,0.002,0.064,0.9645,0.07150000000000001,,0.025,2.0585,,,,0.0875,,0.0,0.001,,,,,0.003,0.003,,,,
1717,0.127,,0.002,0.0645,1.31,0.07100000000000001,,0.025,0.858,,,,0.0875,,0.0,0.001,,,,,0.003,0.003,,,,
1718,0.1265,,0.002,0.064,0.0305,0.07100000000000001,,0.025,1.4429999999999998,,,,0.08700000000000001,,0.0,0.001,,,,,0.003,0.003,,,,
1719,0.1275,,0.002,0.064,3.481,0.07100000000000001,,0.025,1.032,,,,0.0875,,0.0,0.001,,,,,0.003,0.003,,,,
1720,0.1265,,0.002,0.064,0.4455,0.07200000000000001,,0.025,1.144,,,,0.088,,0.0,0.001,,,,,0.003,0.003,,,,
1721,0.1275,,0.002,0.0645,0.0945,0.07150000000000001,,0.025,2.4665,,,,0.08700000000000001,,0.0,0.001,,,,,0.003,0.003,,,,
1722,0.127,,0.002,0.064,0.07700000000000001,0.07150000000000001,,0.025,1.4224999999999999,,,,0.0875,,0.0,0.001,,,,,0.003,0.003,,,,
1723,0.127,,0.002,0.064,0.468,0.07150000000000001,,0.025,0.0925,,,,0.08700000000000001,,0.0,0.001,,,,,0.003,0.003,,,,
1724,0.1265,,0.002,0.064,0.035,0.07150000000000001,,0.025,1.9825,,,,0.08700000000000001,,0.0,0.001,,,,,0.003,0.003,,,,
1725,0.1265,,0.002,0.0645,0.5229999999999999,0.07100000000000001,,0.025,1.626,,,,0.08700000000000001,,0.0,0.001,,,,,0.003,0.003,,,,
1726,0.127,,0.002,0.0645,0.51,0.07150000000000001,,0.025,1.5035,,,,0.0875,,0.0,0.001,,,,,0.003,0.003,,,,
1727,0.1265,,0.002,0.0645,0.2175,0.07100000000000001,,0.025,2.822,,,,0.0875,,0.0,0.001,,,,,0.003,0.003,,,,
1728,0.127,,0.002,0.0645,0.3735,0.07200000000000001,,0.025,1.3624999999999998,,,,0.08700000000000001,,0.0,0.001,,,,,0.003,0.003,,,,
1729,0.126,,0.002,0.0645,0.5955,0.07100000000000001,,0.025,1.5,,,,0.0875,,0.0,0.001,,,,,0.003,0.003,,,,
1730,0.127,,0.002,0.0645,0.17750000000000002,0.07150000000000001,,0.025,0.6549999999999999,,,,0.0875,,0.0,0.001,,,,,0.003,0.003,,,,
1731,0.127,,0.002,0.064,0.41250000000000003,0.07100000000000001,,0.025,1.7535,,,,0.0875,,0.0,0.001,,,,,0.003,0.003,,,,
