Batch Id,schedule,sample_e2e,prepare_inputs_e2e,model_execution_e2e,process_model_outputs
0,203.98210297571495,20.488801004830748,1.4683089684695005,183.12032299581915,0.2681949990801513
1,0.335050979629159,1.1889240122400224,1.2476220144890249,181.20488099521026,0.5629919469356537
2,0.3219179925508797,0.8140409481711686,1.2164919753558934,165.87365698069334,0.710355001501739
3,0.31035603024065495,0.7926769903860986,0.44159695971757174,162.1520480257459,0.9198029874823987
4,0.3894289839081466,1.0841790353879333,1.2372040073387325,164.1705870279111,1.0164580307900906
5,0.23016700288280845,0.80704694846645,1.2205750099383295,159.10222398815677,1.106314011849463
6,0.3340260009281337,0.7948279962874949,0.44888502452522516,162.83852397464216,1.1174279497936368
7,0.32556505175307393,0.8391820010729134,1.2757590156979859,175.5608479725197,1.4329800033010542
8,0.39528298657387495,0.8223330369219184,1.2103850021958351,169.37252797652036,1.4159459969960153
9,0.44747802894562483,0.8252320112660527,0.4554910119622946,170.53408705396578,1.6528540290892124
10,0.47598197124898434,0.8308339747600257,1.246647967491299,160.17106699291617,1.7734969733282924
11,0.32763200579211116,0.7838250021450222,1.2716290075331926,166.07220302103087,1.89860601676628
12,0.49496599240228534,0.8021999965421855,0.4696460091508925,167.4218580010347,1.887219026684761
13,0.3223359817638993,0.7922959630377591,1.2504690093919635,159.11664703162387,2.0154499798081815
14,0.3344680299051106,0.8173290407285094,1.2331210309639573,165.61535699293017,2.068441011942923
15,0.6420270074158907,0.8611360099166632,0.43856800766661763,169.36395299853757,2.0610930514521897
16,0.35815295996144414,0.7566959830000997,1.365737000014633,170.26861797785386,2.230473968666047
17,0.33940200228244066,1.0644860449247062,1.2441019644029438,178.95899002905935,2.2562440135516226
18,0.35960000241175294,0.7867449894547462,0.43295195791870356,181.06160796014592,2.287306997459382
19,0.510522979311645,0.8560019778087735,1.2154110008850694,175.14859302900732,2.231883001513779
20,0.35410799318924546,0.8299119654111564,1.267199986614287,169.75662898039445,2.3669389775022864
21,0.5288870306685567,0.8511529886163771,0.4389809910207987,178.67144296178594,2.435070986393839
22,0.3795900265686214,0.7616739603690803,1.266342995222658,171.11840401776135,2.627916052006185
23,0.5618659779429436,0.8474719943478703,1.2738420045934618,194.98518598265946,2.6824509841389954
24,0.4154060152359307,0.8264240459538996,0.49471796955913305,174.21222000848502,2.9046540148556232
25,0.5915730143897235,0.8562380098737776,1.273519010283053,176.80380505044013,2.8038410237058997
26,0.4187260055914521,1.0799149749800563,1.4462849940173328,176.01020797155797,2.9382010106928647
27,0.56612299522385,0.9243909735232592,0.4897170001640916,179.08241698751226,2.932926989160478
28,0.41290203807875514,0.9907300118356943,1.3643880374729633,172.95218002982438,3.0841410043649375
29,0.7381819887086749,0.8819709764793515,1.2377239763736725,182.88782297167927,3.211075032595545
30,0.43647701386362314,0.8172059897333384,0.4655870143324137,174.6741869719699,3.523223043885082
31,0.4368160152807832,0.8212730172090232,1.268262043595314,176.3558640377596,3.411891986615956
32,0.4474829765968025,0.8878289954736829,1.2475369730964303,184.95614401763305,3.457341983448714
33,0.7426069932989776,0.872297037858516,0.49608800327405334,186.3253609626554,3.4835929982364178
34,0.454770983196795,0.8081080159172416,1.2292949832044542,195.3960129758343,3.628851962275803
35,0.45384798431769013,0.850138021633029,0.4672560025937855,187.94777704169974,3.620546020101756
36,0.46175700845196843,0.8066750015132129,0.45587599743157625,180.9707410284318,3.4637160133570433
37,0.6043250323273242,0.8994349627755582,1.2627370306290686,188.21801705053076,3.6086980253458023
38,0.46204804675653577,0.8156740223057568,0.466839992441237,186.72224000329152,3.6970280343666673
39,0.6620190106332302,0.8853100007399917,0.46572997234761715,184.1602260246873,3.9101309957914054
40,0.48668094677850604,0.863288005348295,1.2565060169436038,181.2162940041162,4.294443991966546
41,0.8624889887869358,0.8513990323990583,0.46006200136616826,197.72867299616337,4.001448978669941
42,0.500213005580008,0.8951040217652917,0.4667520406655967,179.69843302853405,4.3022489990107715
43,0.5121829453855753,0.8579870336689055,1.3263850123621523,185.12626696610823,4.220439994242042
44,0.5865999846719205,0.8485360303893685,0.47527102287858725,195.72885101661086,4.178836010396481
45,0.5241860053502023,0.8366330293938518,0.5312470020726323,189.63549996260554,4.31460200343281
46,0.6115009891800582,0.8724679937586188,1.25150999519974,186.40550295822322,4.230625985655934
47,0.7612209883518517,0.8967170142568648,0.47991296742111444,209.81193002080545,4.46723704226315
48,0.5496719968505204,0.9167969692498446,1.3191620237194002,181.19157501496375,4.588607000187039
49,0.7707449840381742,0.904201006051153,1.2751430040225387,191.94948498625308,4.5100729912519455
50,0.5365519900806248,0.8687300141900778,1.390481018461287,187.19082401366904,4.790910053998232
51,0.9230859577655792,0.8778399787843227,1.2363639543764293,185.0238039623946,4.5983289601281285
52,0.7431670092046261,0.8731220150366426,1.2599070323631167,193.16473498474807,4.465612000785768
53,0.5219120066612959,0.8827069541439414,1.3025490334257483,189.70882799476385,4.796163993887603
54,0.6142680067569017,0.9270510054193437,1.2918559950776398,189.3425249727443,4.7562000108882785
55,0.8108250331133604,2.347324974834919,1.305141020566225,198.671898979228,5.144523980561644
56,0.5626300117000937,0.9916010312736034,1.2439870042726398,189.78382798377424,5.085221026092768
57,0.5461900145746768,0.8492940105497837,1.3286860194057226,188.36963904323056,5.147023010067642
58,0.6927630165591836,0.9169949917122722,1.3431740226224065,197.54134700633585,5.129858967848122
59,0.5816779448650777,0.9467709460295737,1.2889860081486404,192.05743103520945,5.381153023336083
60,0.7119440124370158,0.9119060123339295,1.289321982767433,190.9870840026997,5.389378988184035
61,0.6256880005821586,1.3998079812154174,1.2728560250252485,202.8953309636563,5.469158990308642
62,0.7139589870348573,1.1434699990786612,1.369183009956032,202.757564955391,5.58585103135556
63,0.7199920364655554,0.9425770258530974,1.2993409764021635,190.9211020101793,5.721861962229013
64,0.9150439873337746,0.9554129792377353,1.3344779727049172,206.4308419940062,5.8332200278528035
65,0.6783339777030051,0.8623739704489708,1.2939869775436819,195.70192601531744,6.007144984323531
66,0.6343540153466165,0.935256015509367,1.3098259805701673,193.55904799886048,6.086056004278362
67,0.7341619930230081,0.9966689976863563,1.3389549567364156,205.13192896032706,6.03568903170526
68,0.9827170288190246,1.009011990390718,1.2875329703092575,197.0111719565466,6.354062992613763
69,0.6761630065739155,0.9374230285175145,1.3006870285607874,193.23355803498998,6.388270994648337
70,0.6775319925509393,1.2054570252075791,1.2809769832529128,196.40484597766772,6.261299015022814
71,0.7144150440581143,0.8740230114199221,1.2881549773737788,204.6061330474913,6.222737021744251
72,0.6724220002070069,0.8962909923866391,1.3366210041567683,203.8730219937861,6.326464004814625
73,0.9548389934934676,1.0949349962174892,1.304676989093423,200.30362403485924,6.354614975862205
74,0.6839970010332763,0.9659589850343764,1.2905059847980738,201.78457500878721,6.6072779591195285
75,0.6612219731323421,0.8887280127964914,1.3044250081293285,201.14162395475432,6.585624010767788
76,0.80570497084409,0.922437000554055,1.3991720043122768,196.85113901505247,6.408492976333946
77,1.0882169590331614,0.9906439809128642,1.3836019788868725,208.98728002794087,6.657408026512712
78,0.6919460138306022,0.9595709852874279,1.297878974583,195.39313699351624,6.783711025491357
79,0.6340330000966787,0.9073399705812335,1.398809952661395,202.41024298593402,6.786395970266312
80,0.6998649914748967,0.9333220077678561,1.3527540140785277,206.3312859972939,6.605528993532062
81,0.6966409855522215,0.9441269794479012,1.3093650341033936,205.40986099513248,6.663301028311253
82,0.8249840466305614,1.0084589594043791,1.3050389825366437,207.5750800431706,6.864155002404004
83,0.773684005253017,0.9326370200142264,1.3576049823313951,206.07037999434397,7.044857949949801
84,0.8133610244840384,0.9639360359869897,1.2962319888174534,212.84710796317086,6.9485370186157525
85,0.7073519518598914,1.2788320309482515,0.5450730095617473,93.17348600598052,7.3808939778245986
86,0.7215470541268587,1.608888036571443,0.6462170276790857,113.05058101424947,7.865868043154478
87,0.8034590282477438,1.161646971013397,0.62444998184219,98.05262903682888,7.793764001689851
88,0.72496198117733,1.1151990038342774,0.6114410352893174,99.80267198989168,8.000883972272277
89,0.7300770375877619,1.1189939687028527,0.5952459760010242,113.04322996875271,7.749462034553289
90,0.7354019908234477,1.1991430073976517,0.6037749699316919,97.9669259977527,7.548943976871669
91,0.7133469916880131,1.1188049684278667,0.5944370059296489,101.1914789560251,7.524697983171791
92,0.7717919652350247,1.2112489785067737,0.5974619998596609,105.55232304614037,7.443929964210838
93,0.6504289922304451,1.1704969801940024,0.6337480153888464,101.8328259815462,7.535517972428352
94,0.7213479839265347,1.1365790269337595,0.6718100048601627,107.01442102435976,7.65696499729529
95,0.8515170193277299,1.1425510165281594,0.6318080122582614,101.80884203873575,7.69795203814283
96,0.718644994776696,1.556520990561694,0.6057209684513509,97.28893300052732,7.374393986538053
97,0.739118957426399,1.1076770024374127,0.6186320097185671,99.36231799656525,7.607027015183121
98,0.7334990077652037,1.1650350061245263,0.6425419705919921,100.27663601795211,7.965880970004946
99,0.7091040024533868,1.15223100874573,0.6043660105206072,96.92348900716752,7.944963988848031
100,0.9442580048926175,0.9809660259634256,1.3946600374765694,207.90524105541408,7.328450039494783
101,0.7618690142408013,0.9804150322452188,1.023889984935522,164.2785249860026,7.161605986766517
102,0.7349909865297377,1.1565189925022423,0.562948000151664,94.79588700924069,7.49822601210326
103,0.6647530244663358,1.1418159701861441,0.6315510254353285,111.19868798414245,9.116714994888753
104,0.6117920274846256,1.1646369821392,0.6668950081802905,106.99097800534219,8.011204015929252
105,0.6748060113750398,1.180452003609389,0.6359979743137956,102.034046954941,7.776022015605122
106,0.7901490316726267,1.584373996593058,0.636517012026161,95.2586840139702,7.983249030075967
107,0.7308110361918807,1.181712024845183,0.609612965490669,102.55046800011769,7.784218993037939
108,0.7474069716408849,1.174198987428099,0.6636600010097027,96.57817700644955,7.545347034465522
109,0.7776509737595916,1.141429995186627,0.6691349553875625,96.10691299894825,7.594445953145623
110,0.7597410003654659,1.2087560025975108,0.6534949643537402,101.99448699131608,7.669146987609565
111,0.7367430371232331,1.1755320010706782,0.7007519598118961,97.03404898755252,7.815794029738754
112,0.7895189919508994,1.5969050000421703,0.674180977512151,104.29811099311337,7.774478988721967
113,0.7530219736509025,1.4010400045663118,0.5575260147452354,106.85869900044054,7.600329990964383
114,0.7543679676018655,1.1821539956144989,0.619298021774739,97.08351799054071,7.871670997701585
115,0.7515140459872782,1.564144971780479,0.6471159867942333,104.05591200105846,8.029115037061274
116,0.737519992981106,1.2067360221408308,0.6449319771490991,106.07361298752949,7.85496603930369
117,0.7509920396842062,1.285861013457179,0.32723700860515237,102.94850298669189,7.7645969577133656
118,0.7381170289590955,1.15164095768705,0.6299579981714487,96.57949500251561,7.8144039725884795
119,0.6824099691584706,1.126001006923616,0.6168070249259472,110.15584599226713,7.841881015338004
120,0.7304679602384567,1.1485280119813979,0.30508398776873946,99.53916899394244,8.044777030590922
121,0.7450280245393515,1.184597029350698,0.6706119747832417,97.07474999595433,7.956004003062844
122,0.7955030305311084,1.1721969931386411,0.5962420254945755,104.59769202861935,8.062320004682988
123,0.8127529872581363,1.1462770053185523,0.3200839855708182,112.49838402727619,8.177005976904184
124,0.565642025321722,1.2124900240451097,0.6755520007573068,97.82939497381449,7.999548048246652
125,0.6966659566387534,1.201971957925707,0.6281340029090643,102.26482897996902,7.639481977093965
126,0.7360510062426329,1.121185952797532,0.3261220408603549,99.89500296069309,7.670875987969339
127,0.7661250419914722,1.139042025897652,0.6284760311245918,97.41079597733915,8.129535999614745
128,0.5915160290896893,1.114304002840072,0.6272520404309034,102.00295597314835,8.074856013990939
129,0.7387780351564288,1.489087997470051,0.3169259871356189,95.94809502596036,7.788603950757533
130,0.7552440511062741,1.1753889848478138,0.6028460338711739,97.29958098614588,8.045506023336202
131,0.7387719815596938,1.1818030034191906,0.7091930019669235,111.97366000851616,7.926291029434651
132,0.6811749772168696,1.1738909524865448,0.33349799923598766,103.34096103906631,7.855495030526072
133,0.7613570196554065,1.1585140018723905,0.6715960334986448,103.75619702972472,8.018435968551785
134,0.7599189993925393,1.150591007899493,0.6449139909818769,104.82053400482982,7.857871009036899
135,0.7570169982500374,1.1541370186023414,0.3110170364379883,103.32812595879659,7.656264002434909
136,0.744018005207181,1.1233259574510157,0.6243819952942431,97.20287000527605,7.953498046845198
137,0.7508089765906334,1.1196349514648318,0.6158949690870941,107.02709597535431,8.09702801052481
138,0.5753390141762793,1.164314046036452,0.3040240262635052,109.01456297142431,8.00096697639674
139,0.7437209715135396,1.2040479923598468,0.6366139859892428,97.70801797276363,7.889942033216357
140,0.6052239914424717,1.1364819947630167,0.3882620367221534,108.31985500408337,7.914704969152808
141,0.8300839690491557,1.1241849861107767,0.3031759988516569,109.40376901999116,8.026358962524682
142,0.7429579854942858,1.187841990031302,0.6268680444918573,103.30218396848068,7.768823998048902
143,0.7538060308434069,1.1366709950380027,0.6349949981085956,103.11931697651744,8.094064018223435
144,0.856411992572248,1.1169910430908203,0.33059302950277925,106.567430018913,7.97714595682919
145,0.6595340091735125,1.1468689772300422,0.6227130070328712,105.72783602401614,7.71381298545748
146,0.5684649804607034,1.1619459837675095,0.6504810298793018,103.6977200419642,7.493389013689011
147,0.7272119983099401,1.1836760095320642,0.30234898440539837,105.63380498206243,7.787644979543984
148,0.7771170348860323,1.1612370144575834,0.6343970308080316,115.2584909577854,7.939972041640431
149,0.5821329541504383,1.1552340001799166,0.6502019823528826,102.51593601424247,7.651871012058109
150,0.8043500129133463,1.1845119879581034,0.30683400109410286,102.96305699739605,7.834106974769384
151,0.722236989531666,1.1336979805491865,0.6327980081550777,100.01790901878849,7.952297979500145
152,0.7859600009396672,1.135537982918322,0.6318209925666451,104.60385301848873,8.509805018547922
153,0.795918982475996,1.2317929649725556,0.30655000591650605,117.96164495171979,7.901371049229056
154,0.6572589627467096,1.1405100231058896,0.6572080310434103,104.09787396201864,7.861378020606935
155,0.5895260255783796,1.140238018706441,0.610356975812465,102.98357903957367,7.804274035152048
156,0.7447180105373263,1.1760459747165442,0.3262980026192963,109.18164503527805,7.780745974741876
157,0.733633991330862,1.150025986135006,0.6264299736358225,103.37149602128193,7.797910016961396
158,0.7193199708126485,1.1503099813126028,0.6081570172682405,107.90741303935647,7.8161939745768905
159,0.8590939687564969,1.153054996393621,0.3085659700445831,112.13354498613626,7.9344260157085955
160,0.7425299845635891,1.6120049986056983,0.6018379935994744,110.24225800065324,7.914796995464712
161,0.7477439939975739,1.1786830145865679,0.6117390003055334,115.84250599844381,7.839536003302783
162,0.7107910350896418,1.2329199817031622,0.3240280202589929,104.87052594544366,3.156071004923433
163,0.2920660190284252,1.1241089669056237,0.6286880234256387,97.8284059674479,7.862525002565235
164,0.721674005035311,1.1155580286867917,0.48948300536721945,109.60352997062728,3.171388991177082
165,0.2870989846996963,1.1406419798731804,0.30305201653391123,105.33178295008838,3.170875017531216
166,0.2917909878306091,1.1261670151725411,0.6119589670561254,98.62400701968,7.896950992289931
167,0.7159619708545506,1.1129449703730643,0.5799699574708939,104.90412794752046,3.112454025540501
168,0.28345698956400156,1.5056419651955366,0.30080805299803615,111.56173801282421,3.1707219895906746
169,0.29494898626580834,1.1603120365180075,0.6226109690032899,103.3907660166733,8.07888398412615
170,0.7944079698063433,1.1748219840228558,0.5151700461283326,108.68912399746478,3.245369007345289
171,0.35835098242387176,1.1862179962918162,0.36272103898227215,137.7060380182229,3.058207978028804
172,0.2862130058929324,1.110605022404343,0.6005369941703975,96.73026599921286,7.419531000778079
173,0.7140769739635289,1.1245039640925825,0.5661150207743049,102.8217530110851,2.99043400445953
174,0.28193299658596516,1.1314619914628565,0.29920198721811175,120.13117299648002,3.089828009251505
175,0.2808609860949218,1.1094780056737363,0.6147479871287942,113.73811698285863,7.524578017182648
176,0.7074199966154993,1.1791010037995875,0.5131249781697989,108.92465698998421,3.0559939914382994
177,0.28326798928901553,1.1197850108146667,0.29563403222709894,104.59664900554344,3.0202239868231118
178,0.28119300259277225,1.2738769873976707,0.6003479938954115,101.15371301071718,7.40507896989584
179,0.7075739558786154,1.1370290303602815,0.5691000260412693,105.82578799221665,2.9923999682068825
180,0.28486602241173387,1.1824800167232752,0.30644796788692474,105.59161100536585,3.131287987343967
181,0.2839809749275446,1.1702050105668604,0.6182219949550927,97.48342103557661,7.588837004732341
182,0.7588560110889375,1.1470679892227054,0.5323070217855275,104.08470703987405,3.0798870138823986
183,0.2869939780794084,1.16393604548648,0.33184001222252846,113.62874403130263,2.976920979563147
184,0.2800559741444886,1.1095249792560935,0.6252120365388691,97.6391569711268,7.602636003866792
185,0.6443239981308579,1.1489479802548885,0.5876360228285193,101.29660298116505,3.196822013705969
186,0.3946369979530573,0.9051840170286596,0.6029430078342557,212.53538102610037,2.8023950289934874
187,0.2637029974721372,0.8888339507393539,0.8126600296236575,119.89323497982696,7.159136992413551
188,0.6917259888723493,1.1709139798767865,0.4595760256052017,94.30711000459269,3.0422889976762235
189,0.301424995996058,1.1404360411688685,0.3062129835598171,104.86010200111195,3.089261008426547
190,0.30047603650018573,2.643328974954784,0.6304699927568436,95.8384049590677,7.715144020039588
191,0.7272119983099401,1.1148990015499294,0.5526019958779216,104.67158898245543,3.0960909789428115
192,0.2881819964386523,1.1305250227451324,0.3129339893348515,105.76166701503098,3.1309249461628497
193,0.28206600109115243,1.15432299207896,0.6294720224104822,96.32973599946126,7.425116957165301
194,0.6471449742093682,1.1106189922429621,0.5726080271415412,101.84215800836682,3.0394410132430494
195,0.3962049959227443,0.9017169941216707,0.6562329945154488,208.37231201585382,2.7600430184975266
196,0.26198296109214425,0.8880569948814809,0.7319219876080751,112.4273450113833,7.262103026732802
197,0.7006120285950601,1.1745180236175656,0.5542139988392591,94.0514089888893,3.0326799605973065
198,0.28966000536456704,1.1351759894751012,0.3049219958484173,104.60883099585772,7.756117032840848
199,0.5876289797015488,1.1899470118805766,0.6264650146476924,95.83679697243497,8.011878991965204
200,0.6652070442214608,1.144958019722253,0.6394110387191176,105.01962498528883,8.1975840148516
201,0.7534530013799667,1.1760979541577399,0.6412600050680339,99.06184999272227,7.990390993654728
202,0.7746639894321561,1.115499995648861,0.6285769632086158,98.12679898459464,7.479373016394675
203,0.719318981282413,1.107355987187475,0.625613029114902,103.57324895448983,7.48926802771166
204,0.7227450259961188,1.141929009463638,0.6499189767055213,98.18308299873024,7.487580005545169
205,0.7362690521404147,1.1295719887129962,0.6312420009635389,96.87421598937362,7.596045034006238
206,0.6936030113138258,1.1290519614703953,0.6077609723433852,100.81306099891663,7.6791379833593965
207,0.7090739673003554,1.1677989969030023,0.6314539932645857,97.92231995379552,7.771381991915405
208,0.7072970038279891,1.170689007267356,0.6075500277802348,103.25346497120336,7.480606029275805
209,0.7527470006607473,1.224721025209874,0.5118140252307057,103.90990099404007,3.120616020169109
210,0.2844179980456829,1.173093041870743,0.6277879583649337,98.71887200279161,7.816118013579398
211,0.7103449897840619,1.1405309778638184,0.6958349840715528,96.80194297106937,7.641065982170403
212,0.6391459610313177,1.1108650360256433,0.5228110239841044,106.32083500968292,3.0825049616396427
213,0.27668598340824246,1.1966429883614182,0.6293070036917925,100.84412503056228,7.641192991286516
214,0.7168609881773591,1.1441439855843782,0.6091329851187766,96.70923399971798,7.627818966284394
215,0.7115229964256287,1.1322140344418585,0.4923510132357478,103.80635998444632,3.1086200033314526
216,0.3350779879838228,1.2043319875374436,0.6298150401562452,96.63484600605443,7.637745991814882
217,0.7094329921528697,1.1402100208215415,0.6977860466577113,102.10364102385938,7.548997993580997
218,0.5873920163139701,1.5278430073522031,0.5313379806466401,102.80510905431584,3.1401519663631916
219,0.2804620307870209,1.198348996695131,0.6680000224150717,97.68445004010573,7.682054012548178
220,0.575800018850714,1.149947987869382,0.6373259820975363,100.54348199628294,7.328734965994954
221,0.7192560005933046,1.1154039530083537,0.5701259942725301,105.22865602979437,3.0703090014867485
222,0.2740640193223953,1.205707958433777,0.6345519796013832,96.24752204399556,7.528867979999632
223,0.6837180117145181,1.1312839924357831,0.6545669748447835,96.24888002872467,7.694481988437474
224,0.6847740150988102,1.1915499926544726,0.484852003864944,103.81076799239963,3.18688596598804
225,0.27461600257083774,1.1198740103282034,0.30021503334864974,99.97372602811083,3.072955005336553
226,0.29093900229781866,1.1069420143030584,0.6240290240384638,107.40050696767867,7.393283012788743
227,0.6352320197038352,1.1339719640091062,0.5536489770747721,101.59038502024487,3.112709033302963
228,0.28134899912402034,1.1254759738221765,0.3021140000782907,95.79867596039549,3.111361002083868
229,0.2862790133804083,1.1024909908883274,0.5961970309726894,96.67247900506482,7.413387997075915
230,0.7020289776846766,1.1367969564162195,0.49753603525459766,103.8385930005461,3.014839021489024
231,0.2911600167863071,1.1513420031405985,0.32538000959903,99.82828801730648,3.0730519792996347
232,0.28671795735135674,1.1182900052517653,0.6209019920788705,97.5349530344829,7.662185991648585
233,0.69795100716874,1.1563689913600683,0.5107239703647792,104.27809105021879,3.157646977342665
234,0.27514901012182236,2.8770379722118378,0.2973799710161984,95.98970104707405,3.080111986491829
235,0.2738269977271557,1.1064009740948677,0.6246099947020411,95.86845699232072,7.624454970937222
236,0.716859009116888,1.160541025456041,0.6423589657060802,101.74850601470098,7.583066006191075
237,0.708191015291959,1.1067279847338796,0.6113089621067047,96.60182503284886,3.0935099930502474
238,0.28311199275776744,1.155270030722022,0.6486459751613438,96.62315301829949,7.6259400229901075
239,0.699708005413413,1.17668102029711,0.6281340029090643,102.86076803458855,7.7161420485936105
240,0.7366230129264295,1.1412849999032915,0.5119969719089568,97.64756698859856,3.094398998655379
241,0.2764830132946372,1.12791801802814,0.5957820103503764,96.97918000165373,7.56874296348542
242,0.6968119996599853,1.209523994475603,0.6344430148601532,103.69384399382398,7.761785003822297
243,0.7043310324661434,1.103775983210653,0.48470200272277,97.50407299725339,3.14752000849694
244,0.27881201822310686,1.0937629849649966,0.6115700234659016,96.77805699175224,7.530757051426917
245,0.7068570121191442,1.1928649619221687,0.6662250380031765,102.3629400297068,7.441420981194824
246,0.7077010232023895,1.7912759794853628,0.48223999328911304,101.27378802280873,3.1953239813447
247,0.27781998505815864,1.143371977377683,0.6184059893712401,96.63812397047877,8.200721989851445
248,0.7088099955581129,1.1702459887601435,0.6210770225152373,105.4062100010924,7.787339971400797
249,0.8201820310205221,1.1749629629775882,0.4826170043088496,97.02639200259,3.100775007624179
250,0.2852820325642824,1.1362960212863982,0.6196789909154177,100.9900369681418,7.53903400618583
251,0.6981309852562845,1.2356519582681358,0.6452150410041213,102.72146400529891,7.560444006230682
252,0.7000220357440412,1.1594750103540719,0.647320004645735,97.21990500111133,3.1444799969904125
253,0.28153700986877084,1.1014419724233449,0.6030990043655038,99.22617604024708,7.621825963724405
254,0.7127690478228033,1.1616910342127085,0.6385409506037831,107.34605399193242,7.769813993945718
255,0.5608339561149478,1.1077059898525476,0.5160380387678742,97.69863402470946,3.1256289803422987
256,0.27874199440702796,1.114159997086972,0.6243009702302516,95.7111669704318,7.652892963960767
257,0.6902620079927146,1.1900989920832217,0.6467759958468378,109.91036897758022,7.631600019522011
258,0.6945030181668699,1.0827890364453197,0.4976770142093301,101.64874797919765,3.090040001552552
259,0.2825270057655871,1.1186270276084542,0.5999419954605401,96.37667500646785,7.5621530413627625
260,0.6946090143173933,1.3114319881424308,0.639060977846384,102.2033280460164,7.69911496900022
261,0.6590830162167549,1.1370020220056176,0.6130990223027766,97.5794920232147,3.2163899741135538
262,0.2745379460975528,1.1373190209269524,0.6167550454847515,99.12856796290725,7.7258130186237395
263,0.6932630203664303,1.1865010019391775,0.6647400441579521,102.86367399385199,7.870313012972474
264,0.6979610188864172,1.1502110282890499,0.5750029813498259,97.02207299415022,3.1594359898008406
265,0.2761709620244801,1.1507570161484182,0.6126249791122973,96.67219000402838,7.651960011571646
266,0.7029259577393532,1.1470530298538506,0.5074730142951012,104.41979399183765,3.0800989479757845
267,0.26996899396181107,1.1136149987578392,0.31483895145356655,102.98790701199323,3.2051230082288384
268,0.32381503842771053,1.1519009713083506,0.6372560164891183,96.80445695994422,7.897211005911231
269,0.675233022775501,1.1026060092262924,0.5336759495548904,102.29776799678802,3.0982409953139722
270,0.2691439585760236,1.073874009307474,0.300233019515872,94.76738597732037,3.168727969750762
271,0.38274400867521763,0.9114039712585509,1.4720099861733615,212.9674219759181,7.252353010699153
272,0.6793169886805117,0.8874880149960518,0.7338979630731046,129.83922299463302,2.716589020565152
273,0.343018036801368,0.8868409786373377,0.5055209621787071,204.02435498544946,2.6838069898076355
274,0.27432001661509275,0.8737039752304554,0.7389449747279286,115.69637601496652,6.9350809790194035
275,0.6800779956392944,1.1019869707524776,0.5002929829061031,95.18469095928594,3.024386998731643
276,0.2810790319927037,1.0975860059261322,0.3084680065512657,99.58641900448129,3.1184839899651706
277,0.27932197554036975,1.1054800124838948,0.617045967373997,96.55125701101497,7.661696989089251
278,0.6944159977138042,1.1613700189627707,0.49934600247070193,102.77741501340643,3.183209046255797
279,0.2974689705297351,1.0965500259771943,0.29714300762861967,97.6677630096674,3.1481299665756524
280,0.28640800155699253,1.119241991546005,0.6383039872162044,102.60707495035604,7.4781550210900605
281,0.6956110009923577,1.1279379832558334,0.48411800526082516,112.72639699745923,3.2544219866394997
282,0.2768980339169502,1.104887982364744,0.3160930355079472,94.73529801471159,3.0108120408840477
283,0.27131999377161264,1.098170003388077,0.6106349756009877,113.69283398380503,7.4485630029812455
284,0.690766959451139,1.089535013306886,0.49142399802803993,112.54316399572417,3.1324480078183115
285,0.28106197714805603,1.1272529955022037,0.3148459945805371,98.63295499235392,3.146126982755959
286,0.2750749699771404,1.1124640004709363,0.5930740153416991,97.09675703197718,7.322270015720278
287,0.6779450341127813,1.1315089650452137,0.4771060193888843,102.91866300394759,3.1302960123866796
288,0.2881020191125572,1.11490796552971,0.3042810130864382,98.93077798187733,3.1474640127271414
289,0.2717080060392618,1.1420219670981169,0.6206510006450117,97.47839201008901,7.9147000215016305
290,0.9801900014281273,0.9377039968967438,1.1004260159097612,207.50827697338536,2.7138919685967267
291,0.24933001259341836,0.9049189975485206,0.5147109623067081,202.94911798555404,2.673127979505807
292,0.2553240046836436,0.9477169951424003,1.2590950354933739,187.2469310183078,6.972967006731778
293,0.6149390246719122,1.059909991454333,0.5216849967837334,94.3750889855437,3.0401270487345755
294,0.2711120177991688,1.2164489598944783,0.30180998146533966,112.75767895858735,7.476823986507952
295,0.6863060407340527,1.1462110560387373,0.6629809504374862,96.78583301138133,7.661414972972125
296,0.6959589663892984,1.11020402982831,0.47084904508665204,102.67186595592648,3.1445659697055817
297,0.27492898516356945,1.1254859855398536,0.6347220041789114,99.88615103065968,3.2196599640883505
298,0.3851659712381661,0.8905429858714342,1.4210770023055375,202.38283497747034,7.174653001129627
299,0.645078020170331,0.8916310034692287,0.741919968277216,145.0644609867595,2.709180989768356
300,0.26848900597542524,0.9883480379357934,0.2285810187458992,86.873096995987,2.913437958341092
301,0.27377501828595996,1.1419359943829477,0.5946719902567565,96.81606298545375,7.612051966134459
302,0.7013389840722084,1.114465994760394,0.6069790106266737,101.55605600448325,3.187504014931619
303,0.26934099150821567,1.1075790389440954,0.34944998333230615,99.18686200398952,3.1500919722020626
304,0.2971949870698154,1.173914992250502,0.6088929949328303,96.76882799249142,7.681827992200851
305,0.6888890056870878,1.126485993154347,0.5064440192654729,103.31738501554355,3.1221149838529527
306,0.2724559744819999,1.0748709901235998,0.3100099856965244,94.76323501439765,3.1157389748841524
307,0.2784309908747673,1.0974770411849022,0.6229309947229922,96.56985499896109,7.377788017038256
308,0.6954250275157392,1.4895919593982399,0.6692589959129691,102.82520798500627,3.2018640195019543
309,0.285435002297163,1.15589500637725,0.33309200080111623,99.53025099821389,3.2067810534499586
310,0.4069640417583287,0.9086939971894026,1.499817008152604,201.33705000625923,7.527500973083079
311,0.6703559774905443,0.9065960184670985,0.9628119878470898,202.72865099832416,2.6810509734787047
312,0.2540689893066883,1.3862840132787824,0.2267989912070334,86.08418598305434,2.885392983444035
313,0.27546705678105354,1.1075169895775616,0.607009045779705,96.45460499450564,7.5470960000529885
314,0.6979110185056925,1.1025270214304328,0.4692510119639337,103.77992200665176,3.088727011345327
315,0.2678680466488004,1.116841973271221,0.30381500255316496,99.13801902439445,7.592179987113923
316,0.6361740524880588,1.1128399637527764,0.6234259926714003,98.37887901812792,8.016635954845697
317,0.6996230222284794,1.3518549967557192,0.5072840140201151,123.73061699327081,7.342339027673006
318,0.6662369705736637,1.1422609677538276,0.5639519658870995,99.39952602144331,2.982901001814753
319,0.2795589971356094,1.1072959750890732,0.6136079900898039,96.66553500574082,7.250890019349754
320,0.6100710015743971,1.2951939716003835,0.7512739975936711,107.5860530254431,7.192526012659073
321,0.6846970063634217,1.1340019991621375,0.5735429585911334,95.31357197556645,3.0146879726089537
322,0.26684702606871724,1.1266949586570263,0.6226740079000592,97.76570601388812,7.605730032082647
323,0.6761740078218281,1.2923090253025293,0.7845489890314639,110.46848201658577,7.129113015253097
324,0.6088530062697828,1.2025890173390508,0.6247040000744164,100.25394195690751,3.14028502907604
325,0.2811719896271825,1.133513986133039,0.6297900108620524,98.20313699310645,7.881715020630509
326,0.882308988366276,1.1096649686805904,1.6786360065452754,210.23470896761864,7.276946969795972
327,0.6771460175514221,0.8661829633638263,0.7566299755126238,135.18995203776285,2.6682549505494535
328,0.25651801843196154,1.022536016535014,0.5391769809648395,88.64829502999783,7.4083919753320515
329,0.6856729742139578,1.2974469573237002,0.7665199809707701,105.41848698630929,7.515023986343294
330,0.6798829999752343,1.1305680382065475,0.5659979651682079,98.23287499602884,3.1486719963140786
331,0.27816102374345064,1.156229991465807,0.7172070327214897,102.33241005335003,7.902671000920236
332,1.0729539790190756,1.0162100079469383,1.5862869913689792,207.32969703385606,7.3653399595059454
333,0.5746739916503429,1.0544740362092853,1.3517290353775024,204.91515303729102,6.858860957436264
334,0.7162460242398083,1.3730829814448953,1.465537992771715,203.07250699261203,6.949419970624149
335,0.8708059904165566,1.1009980225935578,1.513100985903293,214.7503449814394,6.8244090070948005
336,0.7182940025813878,1.016705995425582,1.4248620136640966,207.48902502236888,6.898179999552667
337,0.5977940163575113,1.4083929709158838,1.4701089821755886,198.86066898470744,7.022926001809537
338,0.636895012576133,1.277959963772446,0.6559480098076165,95.71185801178217,7.371487969066948
339,0.6754299975000322,1.2932660174556077,0.6486820057034492,103.08395797619596,7.463128014933318
340,0.6593120051547885,1.189962960779667,0.7450010161846876,98.5317209851928,7.804745982866734
341,0.7037559989839792,1.3147799763828516,0.7731580408290029,105.35713500576094,7.803949003573507
342,0.6972739938646555,1.31837505614385,0.6371299969032407,102.59771399432793,7.476682018022984
343,0.723354984074831,1.1916299699805677,0.7399599999189377,100.90808104723692,8.019959961529821
344,0.5022499826736748,1.3020389596931636,0.7835350115783513,104.5156039763242,7.209965959191322
345,0.6671680021099746,1.3118130154907703,0.6283799884840846,103.11140696285293,7.329043000936508
346,0.6600660271942616,1.1835229815915227,0.7608059677295387,95.98333900794387,7.44950701482594
347,0.7290330249816179,1.8295340123586357,0.7996889762580395,108.66293002618477,7.987968972884119
348,0.6269850418902934,1.3314939569681883,0.7126199780032039,105.60534702381119,7.578340999316424
349,0.660024001263082,1.234700030181557,0.7617180235683918,97.91973297251388,7.705525029450655
350,0.5542169674299657,1.2927909847348928,0.7681170245632529,105.70535797160119,7.418098975904286
351,0.6743980338796973,1.3355889823287725,0.6559959729202092,101.60295199602842,7.706358970608562
352,0.6558850291185081,1.1997619876638055,0.7169309537857771,96.48631396703422,7.841615006327629
353,0.6733920308761299,1.772174029611051,0.7632149499841034,116.3435370544903,7.414341962430626
354,0.7144130067899823,1.2763570412062109,0.3556240117177367,107.36132203601301,7.453168975189328
355,0.6774149951525033,1.209076028317213,0.7146400166675448,101.46346304100007,8.194613037630916
356,0.6983159692026675,1.349755038972944,0.5334019660949707,110.6667869607918,7.714615028817207
357,0.6709189619868994,1.334991946350783,0.3444430185481906,106.20631399797276,7.776260026730597
358,0.5505579756572843,1.173982978798449,0.7272349903360009,97.46067400556058,7.726466981694102
359,0.6883349851705134,1.2674480094574392,0.49395603127777576,110.66412401851267,7.580218021757901
360,0.6821979768574238,1.2682829983532429,0.3333079512231052,102.04870702000335,7.293026021216065
361,0.6757579976692796,1.195841992739588,0.725268037058413,101.57333099050447,7.455970975570381
362,0.5585089675150812,1.3457749737426639,0.5180769949220121,121.08687695581466,7.492534990888089
363,0.6067960057407618,1.3312030350789428,0.395102018956095,108.2343389862217,7.828889007214457
364,0.84390101255849,1.2045670300722122,0.733705994207412,98.00725401146337,8.046434028074145
365,0.6386319873854518,1.3667349703609943,0.4936680197715759,113.11935802223161,7.445178984198719
366,0.6914240075275302,1.1857309727929533,0.6822739960625768,98.05619600228965,7.980700000189245
367,0.6690919981338084,1.1576160322874784,0.631030008662492,101.43983695888892,7.3971470119431615
368,0.7143080001696944,1.100342022255063,0.567578012123704,104.46426196722314,3.070920007303357
369,0.2628520014695823,1.0953189921565354,0.31235598726198077,103.07464399375021,3.2030740403570235
370,0.2701350022107363,1.1653019464574754,0.6145279621705413,97.02674497384578,7.292605005204678
371,0.6778929964639246,1.540758996270597,0.46758196549490094,102.97421598806977,3.1039510504342616
372,0.26485102716833353,1.1409579892642796,0.2999900025315583,103.33133395761251,3.2557679805904627
373,0.2722840290516615,1.1524749570526183,0.609688984695822,105.41208100039512,7.65237701125443
374,0.6696320488117635,1.145854010246694,0.5510299815796316,102.55540203070268,3.191579016856849
375,0.3984369686804712,0.9420439600944519,0.649782014079392,203.57749500544742,2.7076370315626264
376,0.2441410324536264,0.8883529808372259,1.3082469813525677,203.10188201256096,7.002775964792818
377,0.6780489929951727,0.9092920226976275,0.7009429973550141,113.36057499283925,7.189185009337962
378,0.6683219689875841,1.1218070285394788,0.22777297999709845,95.73113202350214,7.393701002001762
379,0.7384720374830067,1.1733229621313512,0.6156289600767195,96.44801198737696,7.9794119810685515
380,0.6780280382372439,1.5660700155422091,0.6304319831542671,103.97878801450133,7.803889981005341
381,0.6919230218045413,1.15632003871724,0.33556396374478936,103.4241720335558,7.554099021945149
382,0.6792100029997528,1.7009900184348226,0.6017689593136311,100.01735197147354,7.798011996783316
383,0.6507969810627401,1.1521020205691457,0.6065689958631992,103.26867899857461,7.361569034401327
384,0.6754429778084159,1.141891989391297,0.3367640310898423,103.78776805009693,7.499190978705883
385,0.6005399627611041,1.1745879892259836,0.6243580137379467,96.8064569751732,7.33202398987487
386,0.7057009497657418,1.164344954304397,0.6492129759863019,108.64876996492967,7.654974993783981
387,0.6224510143510997,1.1499879765324295,0.31076103914529085,111.49648600257933,3.3076629624702036
388,0.3162680077366531,1.15242600440979,0.5979540292173624,97.8526309481822,7.76786997448653
389,0.7222590502351522,1.1422300012782216,0.6041169981472194,116.92763399332762,7.690950995311141
390,0.6730010500177741,1.1163000017404556,0.5126119940541685,100.00692697940394,3.1452300027012825
391,0.2641550381667912,1.0831020190380514,0.5869209999218583,111.35035898769274,7.720838999375701
392,0.8918719831854105,0.9542919578962028,1.5047580236569047,207.67537702340633,7.519698003306985
393,0.8247019723057747,0.99260697606951,0.5696330335922539,210.4279680061154,6.9467059802263975
394,0.6960430182516575,0.9119799942709506,1.4067779993638396,197.82074500108138,7.100882008671761
395,0.6845099851489067,0.9092860273085535,0.6624259985983372,111.90792598063126,6.777435017284006
396,0.64907904015854,1.187810965348035,0.22943195654079318,113.48339094547555,7.311835011932999
397,0.7267979672178626,1.1209489894099534,0.6196569884195924,96.49895504117012,7.5287470244802535
398,0.7129500154405832,1.1645809863694012,0.6225609686225653,104.48538395576179,7.509842980653048
399,0.6655789911746979,0.873532029800117,0.3076930297538638,105.8231579954736,7.149620039854199
400,0.6422529695555568,1.1639530421234667,0.5380299990065396,89.96163896517828,7.788206043187529
401,0.5485899746417999,1.1296700104139745,0.6617849576286972,102.7191830216907,7.49898498179391
402,0.6714820046909153,1.13946502096951,0.316077028401196,102.21307800384238,7.336790033150464
403,0.6788099999539554,1.1683109914883971,0.6226300029084086,96.8523679766804,7.286008971277624
404,0.6799870170652866,1.1420160299167037,0.6119059980846941,103.75632398063317,7.217972015496343
405,0.7209859904833138,1.1167619959451258,0.2966079628095031,102.90599800646305,7.502501015551388
406,0.6625259993597865,1.1539689730852842,0.6059989682398736,98.67078595561907,7.551243994385004
407,0.727732025552541,1.155562000349164,0.6198659539222717,101.89727501710877,7.244412961881608
408,0.6499529699794948,1.3137779897078872,0.3047289792448282,106.87235702062026,3.029647981747985
409,0.2698230091482401,1.087173994164914,0.6142050260677934,95.13315401272848,7.515776029322296
410,0.6929299561306834,1.1603450402617455,0.6339089595712721,102.07235999405384,7.375489978585392
411,0.6586569943465292,1.1886060237884521,0.5371659644879401,98.4934419975616,3.0717560439370573
412,0.25653501506894827,1.1304800282232463,0.6193680455908179,103.50113199092448,7.571971975266933
413,0.6557349697686732,1.1346020037308335,0.5922570126131177,101.96795000229031,7.560156984254718
414,0.6043800385668874,1.272290013730526,0.3225389518775046,101.38505499344319,7.297364005353302
415,0.5401899688877165,1.139268046244979,0.586222973652184,96.6776970308274,7.352643006015569
416,0.6660050130449235,1.2020670110359788,0.6148829706944525,102.46143501717597,7.656556961592287
417,0.6925499765202403,1.2406149762682617,0.331499963067472,101.2902079964988,7.3397509986534715
418,0.6493150140158832,1.1111570056527853,0.5954460357315838,94.09345098538324,7.252028037328273
419,0.69103401619941,1.1115879751741886,0.6370769697241485,104.25369604490697,7.146694988477975
420,0.6318030063994229,1.1347549734637141,0.31518901232630014,113.97787899477407,3.0780279776081443
421,0.2618670114316046,1.1167360353283584,0.5896919756196439,99.24192499602214,7.977044035214931
422,1.0797290015034378,0.9601429919712245,1.455651014111936,201.96738903177902,6.939151033293456
423,0.6250900332815945,0.9092649561353028,1.2029570061713457,203.8676139782183,2.5577270425856113
424,0.23881997913122177,0.882789958268404,1.354648033156991,204.02207499137148,6.592697987798601
425,0.6147719686850905,0.9062470053322613,1.3398390146903694,213.8464450254105,6.660616956651211
426,0.6712420145049691,1.1473349877633154,0.44554402120411396,118.26968600507826,2.961920981761068
427,0.2579829888418317,1.1128290207125247,0.5994450184516609,98.25701202498749,7.4753930093720555
428,0.6490290397778153,1.1641100281849504,0.6115880096331239,105.08367704460397,7.838195015210658
429,0.8154460228979588,1.156675978563726,0.3117359592579305,105.67468102090061,7.366274017840624
430,0.7252360228449106,0.9136420558206737,1.1317660100758076,164.84677098924294,6.883517024107277
431,0.6961320177651942,1.0630099568516016,0.5418320070020854,95.55156400892884,6.975437048822641
432,0.6266540149226785,1.1377169867046177,0.3048849757760763,101.85696295229718,7.224632950965315
433,0.6653709569945931,1.109406992327422,0.6030530203133821,98.29781099688262,7.558577985037118
434,0.6335439975373447,1.1980029521510005,0.5940920091234148,101.90207598498091,7.198875013273209
435,0.6383839645422995,1.1749989935196936,0.3268810105510056,103.16873603733256,7.274157018400729
436,0.6442989688366652,1.1661550379358232,0.6861589499749243,97.24158199969679,7.165350019931793
437,0.6419449928216636,1.1052009649574757,0.6111719994805753,104.48213701602072,7.033662986941636
438,0.6413859664462507,1.1221119784750044,0.3187870024703443,101.61712003173307,6.962492014281452
439,0.6361279520206153,1.1031499598175287,0.5792519659735262,95.37608094979078,7.172251993324608
440,0.623734958935529,1.1135800159536302,0.5927850143052638,100.5856689880602,7.170666009187698
441,0.6361430278047919,1.1094100191257894,0.3003579913638532,102.04073501517996,7.476107974071056
442,0.6352610071189702,1.1506430455483496,0.5973849911242723,100.14207800850272,7.266040018294007
443,0.6507050129584968,1.1643689940683544,0.5892809713259339,105.09790398646146,7.268805988132954
444,0.6497640279121697,1.1408170103095472,0.29740401078015566,102.64900902984664,7.463385001756251
445,0.656805990729481,1.112372032366693,0.6129129906184971,103.18060196004808,7.389080012217164
446,0.6640350329689682,1.171101990621537,0.622210034634918,102.3197989561595,7.3507780325599015
447,1.2020699796266854,0.8996149990707636,0.6111619877628982,174.24793902318925,7.205603003967553
448,1.0019349865615368,1.0499799973331392,0.5516139790415764,89.16272601345554,7.068763952702284
449,0.6307669682428241,1.1140590067952871,0.6163949728943408,101.04322497500107,7.185378985013813
450,0.6370489718392491,1.1746410164050758,0.31813199166208506,104.3793199933134,7.169536023866385
451,0.6370149785652757,1.1442830436863005,0.6064479821361601,97.74316800758243,7.266102009452879
452,0.6788350292481482,1.1550880153663456,0.6488380022346973,100.68356903502718,7.341902004554868
453,0.6308599840849638,1.138077990617603,0.3048179787583649,102.4598500225693,7.455417013261467
454,0.6443779566325247,1.2700260267592967,1.561651995871216,198.30355799058452,6.571136997081339
455,0.8042700355872512,0.8840169757604599,1.4699840103276074,229.62123400066048,6.482218042947352
456,0.6760790129192173,0.9384920122101903,1.3723550364375114,200.32011403236538,6.693851028103381
457,0.6366160232573748,0.9056470007635653,0.7776269922032952,117.74639703799039,6.829657999332994
458,0.6983570056036115,0.9988789679482579,0.5498809623531997,95.25560203474015,6.9557870156131685
459,0.6759889656677842,1.1253490229137242,0.3067340003326535,101.39424895169213,7.337048009503633
460,0.8678980520926416,0.8846549899317324,1.5360609977506101,198.84646800346673,7.163279980886728
461,1.0071240249089897,0.8748120162636042,1.4207609929144382,204.8954840283841,6.604312977287918
462,0.6346129812300205,0.9228989947587252,0.5881369579583406,211.6789430147037,6.51671300875023
463,0.7828250527381897,0.9172310237772763,1.4943620190024376,228.99426304502413,6.732267036568373
464,0.8360809879377484,0.9067690116353333,1.3989059953019023,207.26595300948247,6.989034998696297
465,0.7292929803952575,0.8608929929323494,0.46717101940885186,172.8181450162083,7.025298022199422
466,0.6641600048169494,1.0998909710906446,0.5377369816415012,90.69041098700836,7.5970119796693325
467,0.6811650237068534,1.2006420292891562,0.6123910425230861,104.93435896933079,7.90015299571678
468,0.8394300239160657,0.9201079956255853,0.76871900819242,211.43164800014347,7.132555998396128
469,0.5521170096471906,0.996534014120698,1.1652290122583508,171.63133196299896,7.039010000880808
470,0.6519110174849629,1.1260469909757376,0.5915969959460199,106.40429001068696,7.393622014205903
471,0.7449949625879526,1.2368190218694508,0.32001902582123876,107.23846504697576,7.505003013648093
472,0.6607150426134467,1.1376839829608798,0.688794010784477,109.25078799482435,7.7073550201021135
473,0.6069879746064544,1.1534169898368418,0.6566370138898492,102.0005329628475,7.710428966674954
474,0.6915389676578343,1.1255720164626837,0.31487998785451055,105.94605299411342,7.619787997100502
475,0.6103549967519939,1.1871189926750958,0.6321839755401015,96.43393399892375,7.501058978959918
476,0.6067130016162992,1.12907902803272,0.589443021453917,100.94399901572615,7.4247539741918445
477,0.6786200101487339,1.282125012949109,0.32342603662982583,115.17594795441255,7.402196002658457
478,0.6656069890595973,1.1303990031592548,0.6541679613292217,102.80966298887506,7.348429993726313
479,0.7044009980745614,1.0988739668391645,0.6076929857954383,99.98069098219275,7.25949602201581
480,0.5983660230413079,1.137038052547723,0.301494961604476,109.45246700430289,7.5584169826470315
481,0.666369975078851,1.113825011998415,0.6127140368334949,100.53984797559679,7.153478974942118
482,0.5981380236335099,1.1179979774169624,0.6010879878886044,99.85851298552006,7.469091040547937
483,0.6647770060226321,1.1219200096093118,0.2958309487439692,102.78814402408898,7.619137002620846
484,0.6804289878346026,1.1196740088053048,0.6030109943822026,96.28381102811545,8.018296968657523
485,0.7312290254049003,1.1066069710068405,0.614551012404263,104.12739001912996,7.289833971299231
486,0.6602100329473615,1.1105819721706212,0.30225201044231653,103.14482299145311,7.280852005351335
487,0.729330989997834,1.1376930051483214,0.6076819845475256,95.81937198527157,7.376520952675492
488,0.671862973831594,1.1184050235897303,0.6259990041144192,99.31699896696955,7.6456270180642605
489,0.6603459478355944,1.1194089893251657,0.3172309952788055,103.5477290279232,7.40657199639827
490,0.6574990111403167,1.156607992015779,0.6103590130805969,100.90011300053447,7.416328007820994
491,0.5891880136914551,3.9438899839296937,0.6200659554451704,114.41525595728308,7.6054620440118015
492,0.6585299852304161,1.1271670227870345,0.5853420007042587,103.81797002628446,7.228558009956032
493,0.6540510221384466,1.0910730343312025,0.6072919932194054,96.85775300022215,7.0329459849745035
494,0.6675129989162087,1.115954015403986,0.6268750294111669,101.42877500038594,7.246054010465741
495,0.6449500215239823,1.0886539821512997,0.3165300004184246,108.50530402967706,7.4250169564038515
496,0.6364139844663441,1.1050630128011107,0.6078460137359798,98.26600202359259,7.713133003562689
497,0.5370569997467101,1.1238339939154685,0.6103899795562029,103.23851002613083,7.289306027814746
498,0.6409250199794769,1.1867170105688274,0.3108140081167221,113.10951696941629,7.421544985845685
499,0.6462730234488845,1.0887199896387756,0.5990230129100382,95.54459899663925,7.2315799770876765
500,0.6525259814225137,1.0846719960682094,0.6078900187276304,105.14724801760167,7.307334977667779
501,0.6334279896691442,1.1410259758122265,0.5891339969821274,97.22918696934357,7.373133033979684
502,0.6642729858867824,1.1212429963052273,0.5937069654464722,95.49699298804626,7.225524052046239
503,0.6532459519803524,1.0931839933618903,0.6420229910872877,100.23962403647602,7.3314590263180435
504,0.6532439729198813,1.1217630235478282,0.6080879829823971,101.56489996006712,7.4723680154420435
505,0.6682220264337957,1.1333550210110843,0.6146120140329003,96.4338380144909,7.5017319759353995
506,0.6926729693077505,1.1030869791284204,0.7082869997248054,101.62379103712738,7.482873974367976
507,0.6444639875553548,1.1174409883096814,0.594738987274468,101.20155295589939,7.592968002427369
508,0.7180109969340265,1.1433459585532546,0.6205359823070467,98.21362799266353,7.448535994626582
509,0.5985969910398126,1.2707749847322702,0.596347963437438,104.98722200281918,7.160849985666573
510,0.5795150063931942,1.083218026906252,0.6594340084120631,102.37875900929794,7.189119991380721
511,0.6517909932881594,1.1304120416752994,0.6323610432446003,94.72684998763725,7.37505400320515
512,0.7092010346241295,1.1309609981253743,0.6088580121286213,101.41463502077386,3.1655289931222796
513,0.27355499332770705,1.1035530478693545,0.2995100221596658,107.02458897139877,3.191583964508027
514,0.3986500087194145,1.0232739732600749,1.5554489800706506,195.75461297063157,6.7136919824406505
515,0.7646139711141586,0.8921650005504489,1.1811170261353254,210.23894398240373,2.609288028907031
516,0.2950599882751703,0.8859779918566346,0.5476530059240758,212.0032859966159,2.6231089723296463
517,0.24464097805321217,0.9332809713669121,1.294029993005097,178.70757804485038,6.884292990434915
518,0.6556599983014166,0.993541965726763,0.4041180363856256,94.29100598208606,2.8879810124635696
519,0.25561999063938856,1.108476018998772,0.30171999242156744,109.05776999425143,3.0918780248612165
520,0.2791320439428091,1.090576988644898,0.6183880032040179,94.85110099194571,7.58412602590397
521,0.6563419592566788,1.0515500325709581,0.5454859929159284,100.72957503143698,3.138580999802798
522,0.5072070052847266,0.8902190020307899,0.6624990492127836,208.98266101721674,2.71937798243016
523,0.2536219544708729,1.186428009532392,1.3361769961193204,201.19652798166499,6.842223985586315
524,0.5999660352244973,0.971462985035032,1.2759350356645882,223.8239940488711,6.911643024068326
525,0.6666769622825086,0.8585619507357478,1.3238589745014906,211.0330780269578,2.6066830032505095
526,0.26961101684719324,0.8934939978644252,1.0198740055784583,159.21630198135972,6.797923997510225
527,0.6581639754585922,1.562736986670643,0.5766910035163164,95.45717702712864,7.298644981347024
528,0.6665700348094106,1.0668350150808692,0.49521803157404065,102.63174399733543,3.126130031887442
529,0.27168699307367206,1.1503850109875202,0.5978720146231353,95.90163303073496,7.683639007154852
530,0.6759469979442656,1.1849619913846254,0.6233210442587733,102.51874895766377,7.546300010289997
531,0.6614990415982902,1.2304589617997408,0.46960002509877086,116.43291899235919,7.898117008153349
532,0.6614180165342987,1.1525489971973002,0.5896679940633476,101.12111404305324,7.611716981045902
533,0.6080769817344844,1.1588220368139446,0.6136599695309997,102.0519720041193,7.411068014334887
534,0.6707260035909712,1.1265960056334734,0.32158795511350036,104.38133397838101,7.23204598762095
535,0.6671209703199565,1.1430580052547157,0.6056710262782872,97.84584696171805,7.474220998119563
536,0.6743250414729118,1.1664170306175947,0.6260190275497735,102.82823798479512,7.554286043159664
537,0.6865349714644253,1.171332027297467,0.31562900403514504,111.50140198878944,7.7265240252017975
538,0.6789619801566005,1.5493700047954917,0.6235989858396351,96.96016198722646,7.467784045729786
539,0.6745929713360965,1.2064719921909273,0.6785879959352314,101.58720397157595,7.806730980519205
540,0.5569159984588623,1.2081119930371642,0.3301489632576704,121.52374495053664,7.7690049656666815
541,0.5467350129038095,1.1060370015911758,0.6203200318850577,97.75682905456051,7.8142600250430405
542,0.663087994325906,1.1675599962472916,0.6440120050683618,105.81510601332411,7.639747986104339
543,0.6581110064871609,1.1516200029291213,0.33007701858878136,108.65448601543903,7.593377027660608
544,0.5533570074476302,1.1218099971301854,0.6040030275471509,97.78913203626871,7.927364960778505
545,0.6173449801281095,1.2268999707885087,0.6098839803598821,105.35389900906011,7.743861002381891
546,0.7436699816025794,1.180857012514025,0.33652601996436715,108.49765298189595,7.566854998003691
547,0.6708959699608386,1.1613260139711201,0.616419012658298,97.63388801366091,7.669655024074018
548,0.8085559820756316,0.9323139674961567,1.1547349859029055,162.22709900466725,7.323817990254611
549,0.6489719962701201,1.0848150122910738,0.24786702124401927,95.98600497702137,7.218068989459425
550,0.6714419578202069,1.1447860160842538,0.6645829998888075,95.41786299087107,7.3350099846720695
551,0.8227229700423777,1.1229539522901177,0.6588270189240575,107.55835700547323,8.892100013326854
552,0.711549015250057,1.2006069882772863,0.32399402698501945,106.62780702114105,7.499421015381813
553,0.6805619923397899,1.1639699805527925,0.6181049975566566,95.28210101416335,7.476413971744478
554,0.6493499968200922,1.2742450344376266,0.6156059680506587,101.59557103179395,7.248224981594831
555,0.6454120157286525,1.1923529673367739,0.3223770181648433,103.34244300611317,7.25969101767987
556,0.6632260046899319,1.111537974793464,0.6168669788166881,101.13436297979206,7.27582594845444
557,0.6652380106970668,1.1534180375747383,0.5930009647272527,101.20862099574879,7.327543979045004
558,0.6571729900315404,1.126385002862662,0.3012280212715268,101.18638596031815,7.21785903442651
559,0.6366239977069199,1.123766996897757,0.5786429974250495,96.58697003033012,7.362122996710241
560,0.6532649858854711,1.1826499830931425,0.6137130549177527,107.06913605099544,7.298896030988544
561,0.6637140177190304,1.564746955409646,0.2985209575854242,101.3896549702622,7.419349974952638
562,0.6486679776571691,1.1743049835786223,0.6222850061021745,96.02540999185294,7.598426018375903
563,0.6557049928233027,1.279870979487896,0.6911830278113484,105.19376100273803,7.428954995702952
564,0.6641229847446084,1.1756090098060668,0.3178460174240172,116.66365899145603,7.575346971862018
565,0.547069008462131,1.1252909898757935,0.6021110457368195,95.42928502196446,7.505927991587669
566,0.6520989700220525,1.1383460368961096,0.648853019811213,105.0533740199171,7.652337022591382
567,1.0060250060632825,0.9641899960115552,0.6389369955286384,211.47715800907463,6.930814008228481
568,0.636779994238168,1.2033390230499208,1.3891360140405595,200.02593600656837,6.8570299772545695
569,0.6566310185007751,0.9056419949047267,1.4677410363219678,219.56553700147197,6.812620034907013
570,0.6451979861594737,0.9076310088858008,0.3957209992222488,182.91282304562628,6.866979005280882
571,0.6356370286084712,1.0730220237746835,0.5341700161807239,96.98173397919163,7.236797013320029
572,0.661591999232769,1.1044369894079864,0.6162860081531107,101.12839099019766,7.421130023431033
573,0.6522589828819036,1.116747036576271,0.30820502433925867,103.71703800046816,7.514002034440637
574,0.6647990085184574,1.115576014854014,0.6048789946362376,96.41699102940038,7.335934031289071
575,0.6622489891014993,1.1370989959686995,0.648892018944025,102.91094199055806,7.597641029860824
576,0.7976510096341372,1.006054983008653,0.6229089922271669,174.81544899055734,6.865002040285617
577,0.6391099886968732,1.0874439612962306,0.5923440330661833,104.2590260040015,8.569898025598377
578,0.6581639754585922,1.139312982559204,0.625498010776937,99.90645601646975,7.380789960734546
579,0.5834060139022768,1.1200610315427184,0.30961696757003665,115.02838600426912,7.845018990337849
580,1.685778028331697,0.9196949540637434,1.5453649684786797,201.6960890032351,6.902697030454874
581,0.6436079856939614,1.084832998458296,1.4679129817523062,205.5286569520831,6.726652034558356
582,0.6516649737022817,1.0308939963579178,0.7025479571893811,221.257462981157,6.766144011635333
583,0.6782429991289973,0.9359659743495286,1.0990889859385788,161.1172670382075,6.791963998693973
584,0.6475629634223878,0.9866080363281071,0.5633290275000036,95.60535103082657,7.28193495888263
585,0.6586320232599974,1.1472789919935167,0.29061303939670324,106.26408702228218,7.56482599535957
586,0.687341031152755,1.1454210034571588,0.5954629741609097,97.18039102153853,7.675555010791868
587,0.6044360343366861,1.1251099640503526,0.6393910152837634,101.58494801726192,7.533525989856571
588,0.6706439889967442,1.1113049695268273,0.31200499506667256,105.24281900143251,7.459748012479395
589,0.6009479984641075,1.1047000298276544,0.619998958427459,99.7402619686909,7.410727965179831
590,0.6593839498236775,1.1133580119349062,0.589739007409662,98.61711296252906,7.267662032973021
591,0.6558499881066382,1.1119670234620571,0.6287910509854555,96.61437198519707,7.373252999968827
592,0.665291037876159,1.1016170028597116,0.6377100362442434,96.20636497857049,7.508026028517634
593,0.6564219947904348,1.1238299775868654,0.5883009871467948,105.56892200838774,7.530923001468182
594,0.7107190322130919,1.2135240249335766,0.6149589898996055,97.52655704505742,7.714849023614079
595,0.6469010259024799,1.1072680354118347,0.6146180094219744,96.57963400240988,7.360518036875874
596,0.6667510024271905,1.0922820074483752,0.5814069882035255,102.04350703861564,7.598829979542643
597,0.7295579998753965,1.113485952373594,0.6090639508329332,95.74659599456936,7.969858008436859
598,0.9333170019090176,0.8823639946058393,1.4720000326633453,197.37211096799,7.232920033857226
599,0.6679450161755085,0.9239239734597504,1.4514719950966537,207.01708999695256,7.30250304332003
600,0.8034759666770697,1.4459430240094662,1.451714022550732,211.60309598781168,7.117538014426827
601,0.7120860391296446,0.8692850242368877,0.626694003585726,100.55555700091645,6.918082013726234
602,0.6303279660642147,1.1208070209249854,0.530773017089814,92.7951600169763,7.104541989974678
603,0.6693570176139474,1.1707289959304035,0.6133369752205908,95.13196197804064,7.23198102787137
604,0.6652860320173204,1.114683982450515,0.5857130163349211,95.39986698655412,7.374998996965587
605,0.6690470036119223,1.1556129902601242,0.6045480258762836,100.355957983993,7.3044769815169275
606,0.7012499845586717,1.220008998643607,0.6752519984729588,95.72209796169773,7.322210003621876
607,0.6588079850189388,1.5043399762362242,0.5974780069664121,95.03307798877358,7.403869996778667
608,0.6696299533359706,1.1433690087869763,0.5875630304217339,100.16722499858588,7.137915992643684
609,0.5458370433188975,1.1408389545977116,0.6247160490602255,96.80681000463665,7.2942060069181025
610,0.59575802879408,1.0882489732466638,0.5973760271444917,94.60322698578238,7.374498003628105
611,0.7044069934636354,1.1617279960773885,0.593627046328038,99.81258201878518,7.281990023329854
612,0.6522770272567868,1.1591209913603961,0.5898259696550667,96.49200597777963,7.503056025598198
613,0.6584959919564426,1.4486569561995566,0.5859039956703782,96.04821598622948,7.193622994236648
614,0.641190039459616,1.146139984484762,0.5843350081704557,109.94924901751801,7.32023996533826
615,0.6789120379835367,1.141053973697126,0.6282299873419106,95.87526600807905,7.6758189825341105
616,0.6429280037991703,1.1263560154475272,0.5838030483573675,94.67692900216207,7.531715964432806
617,0.6661079823970795,1.1486480361782014,0.6208490231074393,101.40120203141123,7.445947965607047
618,0.6534450221806765,1.1878499644808471,0.5994410021230578,100.16401798930019,7.6000060071237385
619,0.5956169916316867,1.1073060450144112,0.5887909792363644,95.03972600214183,7.506200985517353
620,0.5543449660763144,1.105236995499581,0.6646419642493129,99.67201598919928,7.403941010124981
621,0.6544510251842439,1.1194800026714802,0.6515200366266072,98.56421302538365,7.256997982040048
622,0.7156429928727448,1.1397320195101202,0.5893509951420128,97.45071898214519,7.596255978569388
623,1.0496900067664683,0.9207380353473127,1.5264179673977196,203.4444659948349,6.937792000826448
624,0.6404630257748067,0.8957430254667997,1.381092006340623,213.46651401836425,7.0362159749493
625,0.6666679983027279,0.8730659610591829,1.3652489869855344,204.56240297062322,6.686854991130531
626,0.6278050132095814,0.8525640005245805,1.392753969412297,205.5478969705291,6.647852016612887
627,0.6236970075406134,1.0370639502070844,0.5391770391725004,92.26742299506441,7.268407964147627
628,0.7068070117384195,1.1043120175600052,0.623219006229192,97.18264098046347,7.509123999625444
629,0.6923640030436218,1.1426659766584635,0.6119089666754007,104.28857000079006,7.661647978238761
630,0.5817280034534633,1.3687420287169516,0.6430400535464287,99.31768296519294,7.495950034353882
631,0.6464130128733814,1.1293499846942723,0.6437909905798733,96.3812759728171,7.5472870375961065
632,0.6689960137009621,1.0889589902944863,0.6042270106263459,103.8927809568122,7.450588047504425
633,0.685127975884825,1.1386059923097491,0.5828279536217451,105.055755993817,7.218516955617815
634,0.7121950038708746,1.0950620053336024,0.6031939992681146,96.09881701180711,7.227922964375466
635,0.6759880343452096,1.0908670374192297,0.5985869793221354,102.73818200221285,7.209978997707367
636,0.6507239886559546,1.1831109877675772,0.6583249778486788,99.44346995325759,7.463785004802048
637,0.6521199829876423,1.1177900014445186,0.6436510011553764,101.40855103963986,7.377171015832573
638,0.6634090095758438,1.1082789860665798,0.5795850302092731,110.87921704165637,7.0953809772618115
639,0.578155042603612,1.12010701559484,0.5950969643890858,99.10082700662315,7.36941397190094
640,0.6664340035058558,1.489047019276768,0.5969099584035575,98.05623698048294,7.647813996300101
641,0.6571980193257332,1.1059599928557873,0.5991620128042996,106.97661503218114,7.5270700035616755
642,0.6405390449799597,1.1206149938516319,0.5918960087001324,101.01148899411783,7.468349998816848
643,0.5928099853917956,1.0821580071933568,0.5998329725116491,97.13455202290788,7.557513017673045
644,0.6059780134819448,1.15466199349612,0.5939690163359046,102.71851997822523,7.52321002073586
645,0.6360280094668269,1.1493309866636992,0.6219939677976072,107.14275296777487,7.525166030973196
646,0.7094580214470625,1.1127149919047952,0.6134759751148522,97.18969400273636,7.548665977083147
647,0.53357396973297,1.1609919602051377,0.5978990229777992,105.83672404754907,7.454817998223007
648,0.6587690440937877,1.1517370003275573,0.6267630378715694,97.79426699969918,7.581648009363562
649,0.6320050451904535,1.471713010687381,0.5996450199745595,96.28043399425223,7.274055038578808
650,0.6363629945553839,1.21123599819839,0.5835290066897869,114.76711498107761,7.075497996993363
651,0.594640034250915,1.1355819879099727,0.6205629906617105,106.8891350296326,7.35609803814441
652,0.6364380242303014,1.1318949982523918,0.5841859965585172,108.90183498850092,7.486133021302521
653,0.6792430067434907,1.0872409911826253,0.6097570294514298,103.02686999784783,7.4265499715693295
654,0.6495140260085464,1.1695160064846277,0.6140079931356013,97.76742599206045,7.266081986017525
655,0.6354430224746466,1.1329480330459774,0.6949090166017413,110.7922259834595,7.3664310039021075
656,0.5776319885626435,1.8646190292201936,0.6107880035415292,102.24467300577089,7.439155015163124
657,0.6366969901137054,1.1470550089143217,0.6929109804332256,111.26398801570758,7.269678986631334
658,0.6617479957640171,1.1173110106028616,0.6369409966282547,99.96784699615091,7.3759250226430595
659,0.6421110010705888,1.1441700044088066,0.617047946434468,104.21089205192402,7.160070003010333
660,0.6429080385714769,1.1542359716258943,0.6126740481704473,97.62838098686188,7.383959018625319
661,0.6551590049639344,1.101158035453409,0.6230970029719174,95.68955295253545,7.193689001724124
662,0.7144450210034847,1.0800070012919605,0.6048850482329726,102.49652498168871,7.269748020917177
663,0.6247640121728182,1.1614650138653815,0.6539290188811719,98.9416450029239,7.1417759754695
664,0.6191900465637445,1.0071410215459764,0.5383419920690358,88.20451202336699,7.310339016839862
665,0.6424570456147194,1.0818269802257419,0.6034590187482536,103.49552700063214,7.421193004120141
666,0.7321580196730793,1.1640270240604877,0.6218139897100627,103.22984302183613,6.967654975596815
667,0.6266589625738561,1.0539789800532162,0.5942480056546628,88.40425399830565,7.546200999058783
668,0.6388550391420722,1.1714259744621813,0.6217909976840019,103.09070901712403,7.7244320418685675
669,0.6624539964832366,1.136366045102477,0.6030909717082977,101.45575599744916,7.454306993167847
670,0.6340860272757709,1.0883630020543933,0.5830369773320854,96.95073403418064,7.4198300135321915
671,0.5265669897198677,1.066377037204802,0.5916369846090674,102.22594504011795,7.326063991058618
672,0.6597039755433798,1.1116100358776748,0.6167420069687068,97.9099859832786,7.495620986446738
673,0.6320930551737547,1.1170670040883124,0.6026679766364396,95.25103599298745,7.439535984303802
674,0.6907639908604324,1.1827450362034142,0.6017609848640859,107.36934700980783,7.2912960313260555
675,0.6474009715020657,1.1483789421617985,0.6136949523352087,99.51941901817918,7.211933028884232
676,0.6705320556648076,1.1325430241413414,0.6170229753479362,96.84646100504324,7.671520987059921
677,0.924078980460763,1.0866940137930214,0.6370639894157648,102.65662195160985,7.534762029536068
678,0.6421169964596629,1.1888970038853586,0.6182119832374156,98.64524600561708,7.430661004036665
679,0.6526759825646877,1.1172170052304864,0.5926120211370289,96.21240198612213,7.470923010259867
680,0.6325480062514544,1.1334620066918433,0.5941180279478431,102.36895497655496,7.1799090364947915
681,0.6500500021502376,1.5866290195845068,0.6027499912306666,97.45653497520834,7.264409970957786
682,0.5783149972558022,1.1019959929399192,0.5934169748798013,102.09881997434422,7.3969949735328555
683,0.652367016300559,1.1278410092927516,0.5894679925404489,104.45847397204489,7.516016019508243
684,0.5771860014647245,1.1518770479597151,0.6666989647783339,97.56806999212131,7.458915002644062
685,0.6279650260694325,1.0914119775407016,0.6038900464773178,94.44150602212176,7.355779001954943
686,0.6208400009199977,1.1406049598008394,0.5770769785158336,102.32896800152957,7.43075500940904
687,0.6279240478761494,1.1083990102633834,0.6216409965418279,98.4271039487794,7.407418044749647
688,0.6249519647099078,1.4755200245417655,0.5980880232527852,96.3522749952972,7.350373023655266
689,0.7643100107088685,1.1663459590636194,0.631959002930671,102.90657001314685,7.303637976292521
690,0.6271569873206317,1.1711240513250232,0.3363469731993973,106.11727298237383,7.393100997433066
691,0.6488869548775256,1.1219879961572587,0.6113640265539289,96.26672096783295,7.491636963095516
692,0.6381850107572973,1.2366609880700707,0.6227190024219453,103.3140029758215,7.502832973841578
693,0.6238240166567266,1.109891978558153,0.3139129839837551,103.53898198809475,7.464319001883268
694,0.6396819953806698,1.1371640139259398,0.5895979702472687,99.21592602040619,7.4101920472458005
695,0.6435569957830012,1.119911961723119,0.5921950214542449,107.59360704105347,7.711145037319511
696,0.541752960998565,1.1002480168826878,0.3149270196445286,102.95466298703104,7.639579009264708
697,0.630686990916729,1.0961469961330295,0.6451799999922514,96.13601100863889,7.353998022153974
698,0.6267279968596995,1.1411180021241307,0.5825599655508995,103.2345300191082,7.4385490152053535
699,0.6192260188981891,1.1299829930067062,0.29727001674473286,113.3937539998442,7.324078003875911
700,0.6271629827097058,1.1171639780513942,0.6135239964351058,95.20007797982544,7.3853390058502555
701,0.6524519994854927,1.168905000668019,0.6091680261306465,102.97769698081538,7.345173973590136
702,0.6046579801477492,1.5052989474497736,0.5632489919662476,98.52868999587372,7.0390760083682835
703,0.6019690190441906,1.0985429980792105,0.5766339600086212,95.52574797999114,7.226879009976983
704,0.6090989918448031,1.1041309917345643,0.6042119930498302,102.69657603930682,7.177080027759075
705,0.618810998275876,1.137693994678557,0.5722580244764686,96.7373059829697,7.1146219852380455
706,0.6107959779910743,1.1045080027543008,0.6146540399640799,97.04805398359895,7.038188981823623
707,0.6205710233189166,1.17559201316908,0.595338991843164,106.87982203671709,7.2188799967989326
708,0.6022810121066868,1.1556940153241158,0.5681150360032916,96.90443996805698,7.422476017381996
709,0.6305580027401447,1.1184029863215983,0.5674510030075908,95.19755200017244,7.440344023052603
710,0.6596510065719485,1.1035799980163574,0.5866639548912644,106.28523700870574,7.208783004898578
711,0.6188740371726453,1.0967859998345375,0.6204130477271974,96.84869000921026,7.4023440247401595
712,0.6434809765778482,1.0780759621411562,0.5857450305484235,96.2326469598338,7.4602479580789804
713,0.6503670010715723,1.1601450387388468,0.5948049947619438,102.09698701510206,7.316982024349272
714,0.6148719694465399,1.113337988499552,0.6099960301071405,97.35537902452052,7.423228002153337
715,0.6607879768125713,1.1648139916360378,0.597887032199651,111.31659301463515,7.243130006827414
716,0.6130459951236844,1.178132020868361,0.582565029617399,103.08116499800235,7.229309994727373
717,0.6095449789427221,1.110080978833139,0.5849010194651783,96.95788199314848,7.364607998169959
718,0.680313038174063,1.081617025192827,0.6406520260497928,97.28341299341992,7.37531395861879
719,0.6191980210132897,1.1113100335933268,0.6134450086392462,106.29632702330127,7.201779983006418
720,0.6027339841239154,1.081682974472642,0.5938980029895902,96.0809089592658,7.187440001871437
721,0.6242729723453522,1.1093610082753003,0.5984969902783632,96.41077899141237,7.077481015585363
722,0.6398169789463282,1.1371580185368657,0.5938479444012046,103.92817499814555,7.389073027297854
723,0.6196280010044575,1.1243149638175964,0.5961880087852478,99.77677103597671,7.567638007458299
724,0.6229670252650976,1.1214850237593055,0.6344649591483176,97.27453900268301,7.3496870463714
725,0.6536199944093823,1.1293200077489018,0.6404790328815579,104.0482849930413,7.218377024400979
726,0.5505270091816783,1.107664022129029,0.5626199999824166,101.91939200740308,7.777913007885218
727,0.9594130096957088,0.95117196906358,1.5086139901541173,197.63081398559734,6.922573025804013
728,0.6244410178624094,0.9706250275485218,1.3656899682246149,207.7471999800764,6.624386005569249
729,0.6302380352281034,0.9421440190635622,1.353265019133687,210.04955301759765,6.543208030052483
730,0.6994439754635096,0.9197600302286446,1.3531650183722377,207.06855197204277,6.566984986420721
731,0.6279089720919728,0.901995983440429,1.0566679993644357,155.4285250022076,7.054393005091697
732,0.7941219955682755,0.927749031689018,1.3538150233216584,198.02552595501766,6.588039977941662
733,0.6202880176715553,0.8689319947734475,1.05852703563869,158.4647920099087,6.911895994562656
734,0.8515130029991269,1.041959971189499,1.4353959704749286,212.5753909931518,6.611976015847176
735,0.6223740056157112,0.8849299629218876,1.373248000163585,215.65626101801172,6.5719339763745666
736,0.5705869989469647,0.8920520194806159,1.4119150000624359,204.85904096858576,6.5614309860393405
737,0.6246910197660327,1.0238750255666673,1.4117219834588468,209.42802698118612,6.558755005244166
738,0.6165499798953533,0.896913988981396,0.5434899940155447,218.36998005164787,6.5699919941835105
739,0.6962820189073682,0.9143539937213063,1.2982760090380907,203.45182804157957,6.596196966711432
740,0.6057100254110992,1.018089009448886,0.5427669966593385,92.60844299569726,8.170554996468127
741,0.6644089589826763,1.0966489790007472,0.3526749787852168,103.3125760150142,7.394034997560084
742,0.5269940011203289,1.1088299797847867,0.5950220511294901,96.41829202882946,7.5254919938743114
743,0.5239509628154337,1.1240799794904888,0.6167219835333526,103.13576098997146,7.481902022846043
744,0.6617309991270304,1.3635989744216204,0.3368949983268976,132.3207480018027,3.1596169574186206
745,0.26196398539468646,1.1321300407871604,0.6453800015151501,96.39445098582655,7.391099992673844
746,0.6403209990821779,1.1143459705635905,0.626874971203506,101.01196897448972,7.204951951280236
747,0.6480559823103249,1.1046049767173827,0.654346018563956,102.33383596641943,3.0402300180867314
748,0.26601599529385567,1.0849799728021026,0.5904819699935615,96.0049660061486,7.153539976570755
749,0.5756070022471249,1.0867820237763226,0.6026049959473312,100.43557698372751,7.3807399603538215
750,0.6225179531611502,1.1084720026701689,0.4969899891875684,97.59531496092677,3.049986029509455
751,0.25550799909979105,1.130751974415034,0.5863929982297122,99.20935501577333,7.075814006384462
752,0.6217450136318803,1.1461630347184837,0.6047789938747883,107.80937504023314,7.3859720141626894
753,0.6517459987662733,1.234784023836255,0.4825199721381068,101.67602199362591,3.2070809975266457
754,0.2577579580247402,1.5111739630810916,0.6547669763676822,95.89027502806857,7.33866699738428
755,0.6425430183298886,1.1310720001347363,0.6329320021905005,105.00974801834673,3.1958979670889676
756,0.27111597592011094,1.1320900521241128,0.338079989887774,108.82627300452441,3.1583220115862787
757,0.2552679507061839,1.087786047719419,0.6093999836593866,96.70385101344436,7.474016980268061
758,0.6031410302966833,1.0898229666054249,0.48929802142083645,103.02313201827928,3.131303994450718
759,0.267838011495769,1.1353890295140445,0.2995899994857609,104.72262999974191,3.1675450154580176
760,0.25631400058045983,1.2677990016527474,0.6528579979203641,101.28090996295214,8.700235979631543
761,0.6550319958478212,1.1699320166371763,0.5248329835012555,116.52361799497157,3.2485229894518852
762,0.26778498431667686,1.4255279675126076,0.3260110388509929,105.6012799963355,3.2405719975940883
763,0.27291697915643454,1.12790398998186,0.5914150387980044,95.88874399196357,7.17128103133291
764,0.6515940185636282,1.1091270134784281,0.5368450074456632,106.79687204537913,3.3308810088783503
765,0.2716240123845637,1.0569739970378578,0.3176970058120787,106.55196500010788,3.2035729964263737
766,0.25786994956433773,1.106608018744737,0.6061550229787827,106.9973889971152,7.39425903884694
767,0.6233910098671913,1.1091239866800606,0.4920419887639582,103.51834597531706,3.1543869990855455
768,0.2510690246708691,1.1223560431972146,0.3169290139339864,110.34443596145138,3.190113988239318
769,0.25643699336797,1.1871099704876542,0.9189519914798439,112.54342796746641,7.2357290191575885
770,0.6289960001595318,1.1176459956914186,0.5244330386631191,115.01272604800761,3.1887280056253076
771,0.2593930112197995,1.0787110077217221,0.3054709522984922,103.96880202461034,3.1297479872591794
772,0.2686980296857655,1.1202849564142525,0.5916930385865271,100.49510700628161,7.184663962107152
773,0.6245439872145653,1.3881580089218915,0.5041880067437887,105.88173399446532,3.105693031102419
774,0.2566069597378373,1.1401110095903277,0.3309709718450904,114.31077599991113,3.208607027772814
775,0.30610000248998404,1.1386050027795136,0.7025669910944998,113.42800303827971,7.243745028972626
776,0.6412609945982695,1.131393015384674,0.4965389962308109,109.55809301231056,3.1507230014540255
777,0.2690490218810737,1.1368489940650761,0.2960240235552192,105.40575400227681,3.161136992275715
778,0.26024499675258994,1.1317249736748636,0.6420420249924064,95.86259198840708,7.332014036364853
779,0.6331820040941238,1.0699990089051425,0.5138739943504333,105.6908430182375,3.1013760017231107
780,0.2723360084928572,1.1022319667972624,0.2950870548374951,108.94893301883712,3.2285809866152704
781,0.26151002384722233,1.1169060016982257,0.5763020017184317,95.54367401869968,7.485370966605842
782,0.5729960394091904,1.0754489921964705,0.5206170026212931,101.93753498606384,3.206977969966829
783,0.2524910378269851,1.0723290033638477,0.29726396314799786,112.7722859964706,3.144970047287643
784,0.2517279936000705,1.121480017900467,0.6227819831110537,98.28532597748563,7.341113989241421
785,0.6334680365398526,1.1762469657696784,0.4740399890579283,107.43087599985301,3.145008988212794
786,0.2850680029951036,1.1270660324953496,0.2986930194310844,102.77618700638413,3.196963982190937
787,0.2576620317995548,1.106646959669888,0.6182119832374156,98.88943698024377,7.261461985763162
788,0.6375149823725224,1.1242269538342953,0.6235390319488943,102.97971300315112,3.1683059642091393
789,0.2617299905978143,1.094175036996603,0.29126001754775643,101.76323394989595,3.2233810052275658
790,0.2605619956739247,1.0926959803327918,0.6255339831113815,113.2120150141418,7.5855409959331155
791,0.5023520207032561,1.0981209925375879,0.49889099318534136,102.27462596958503,3.228939021937549
792,0.2659030142240226,1.1288649984635413,0.30976301059126854,102.98937500920147,3.2630700152367353
793,0.35834498703479767,0.9259569924324751,1.4429439906962216,201.5225599752739,7.034912006929517
794,0.6991889677010477,0.8820560178719461,0.6947439978830516,119.50024502584711,6.812801002524793
795,0.6145520019344985,1.0313040111213923,0.22684200666844845,96.69128898531199,7.115057029295713
796,0.6336559890769422,1.0908489930443466,0.5835299962200224,96.69210301944986,7.373488042503595
797,0.6362739950418472,1.0970690054818988,0.6394070223905146,105.50807497929782,7.430356985423714
798,0.6300290115177631,1.1327359825372696,0.2966920146718621,107.32063802424818,7.347900012973696
799,0.6840130081400275,1.15630601067096,0.605387962423265,95.8707329700701,7.296621974091977
800,0.625198008492589,1.114581013098359,0.5812100134789944,102.97160700429231,7.401045004371554
801,0.951396010350436,0.9043730096891522,0.7923410157673061,211.53162099653855,7.210955023765564
802,0.6656660116277635,0.8861009846441448,0.8909219759516418,134.05498303472996,6.69020798522979
803,0.6169290281832218,1.0671340278349817,0.5610529915429652,93.98058895021677,7.1918959729373455
804,0.6259279907681048,1.1258210288360715,0.3094999701716006,103.5736839985475,7.196336984634399
805,0.6952929543331265,1.1104309814982116,0.5829759757034481,95.61037394450977,7.692383020184934
806,0.6268080323934555,1.1010459857061505,0.6184849771670997,100.58884898899123,7.373583037406206
807,0.6431399961002171,1.1343730147928,0.3218880156055093,103.92286401474848,7.529295980930328
808,0.5203650216571987,1.1385639663785696,0.5912570049986243,102.5704259518534,7.121766975615174
809,0.6301079993136227,1.0809340164996684,0.6176610477268696,106.08478699577972,7.115042011719197
810,0.6322190165519714,1.1242799810133874,0.3340260009281337,103.1638240092434,7.130732003133744
811,0.6425890023820102,1.0841129696927965,0.608794973231852,96.15599800599739,7.136554049793631
812,0.6190830026753247,1.0899289627559483,0.6052260287106037,101.65864299051464,7.267576002050191
813,0.6428089691326022,1.1441620299592614,0.3186649992130697,109.91004097741097,7.404047006275505
814,0.6297529907897115,1.12581200664863,0.5989729543216527,98.28150598332286,7.040375028736889
815,0.6294869817793369,1.1045970022678375,0.6036639679223299,101.28595202695578,7.243553001899272
816,0.6283590337261558,1.0934059973806143,0.3135270089842379,106.1300520086661,7.359476003330201
817,0.650714966468513,1.0430520051158965,0.5905289435759187,96.83789400151,7.4209480080753565
818,0.6037720013409853,1.1013749754056334,0.5853580078110099,101.45941295195371,7.270487025380135
819,0.6281909882090986,1.0810369858518243,0.3108099917881191,104.25626405049115,7.361951982602477
820,0.5583890015259385,1.0987369460053742,0.5921130068600178,97.05488296458498,7.343061035498977
821,0.6853099912405014,1.10709696309641,0.6008990458212793,102.27509797550738,7.32076505664736
822,0.6342080305330455,1.0904940427280962,0.3185769892297685,103.87223499128595,7.342920987866819
823,0.6381299463100731,1.1542499996721745,0.5948750185780227,96.49404796073213,7.372052990831435
824,0.6223039817996323,1.4482089900411665,0.6048859795555472,105.13092600740492,7.455770974047482
825,0.632367969956249,1.0706690372899175,0.30710198916494846,107.62165900086984,7.390856044366956
826,0.6196909816935658,1.0932409786619246,0.592537980992347,95.41310201166198,7.088812009897083
827,0.6374880322255194,1.119657012168318,0.6003640010021627,101.97199403773993,7.2309430106543005
828,0.5555790266953409,1.135380007326603,0.3100520116277039,106.05101002147421,7.463286980055273
829,0.6532740080729127,1.117223990149796,0.6112129776738584,102.25784400245175,7.4924330110661685
830,0.5858889780938625,1.132289005909115,0.7775860140100121,101.80121700977907,7.298374956008047
831,0.7161149987950921,1.1040749959647655,0.3528079832904041,103.04990300210193,7.525541004724801
832,0.6736780051141977,1.1132479994557798,0.586975016631186,98.28403498977423,7.101455994416028
833,0.6191129796206951,1.1325730010867119,0.5924589931964874,102.15115500614047,7.142008980736136
834,0.6196199683472514,1.1150320060551167,0.3395880339667201,102.19902795506641,7.352754008024931
835,0.6836419925093651,1.1064850259572268,0.611600000411272,95.67124303430319,7.112802006304264
836,0.6224499666132033,1.5765759744681418,0.5994910025037825,103.50851895054802,7.03007000265643
837,0.5624680197797716,1.0990540031343699,0.30136597342789173,108.33224398083985,7.228019996546209
838,0.621385988779366,1.1429479927755892,0.5985619500279427,95.91857698978856,7.2256369749084115
839,0.6116009899415076,1.1056209914386272,0.610287010204047,102.51022398006171,7.401305017992854
840,0.9233239688910544,0.992576009593904,0.6880820146761835,209.88820801721886,6.850990001112223
841,0.6149240070953965,0.8545889868400991,0.7804770139046013,174.9075849656947,6.623919995035976
842,0.6156189483590424,1.005169004201889,0.5158630083315074,96.37624397873878,6.974736985284835
843,0.6837020046077669,1.1041240068152547,0.3126120427623391,104.11694704089314,8.824007003568113
844,0.6105859647504985,1.086575968656689,0.5924279685132205,95.15026002191007,7.345788006205112
845,0.6330659962259233,1.1706419754773378,0.6158470059745014,102.99067699816078,7.226068002637476
846,0.6264100084081292,1.1111159692518413,0.3205790417268872,103.26545900898054,7.478801009710878
847,0.6221820367500186,1.1156249674968421,0.5996950203552842,95.17337201396003,7.235449971631169
848,0.8524289587512612,0.9026160114444792,1.4650360099039972,218.2457689777948,2.6761259650811553
849,0.3222170053049922,0.8998039993457496,1.4345810050144792,209.60898901103064,6.510922976303846
850,0.6331779877655208,0.881676038261503,1.402356952894479,197.97450298210606,6.712206988595426
851,0.5932810017839074,0.8556570392102003,1.123958034440875,161.3500569947064,2.574301033746451
852,0.22302899742498994,1.013653993140906,0.580736028496176,100.9752899990417,3.021927026566118
853,0.24910597130656242,1.1142870062030852,0.5936569650657475,96.01091296644881,7.1327920304611325
854,0.6023430032655597,1.0816690046340227,0.5745310336351395,102.81211498659104,3.077585017308593
855,0.2532519865781069,1.0626559960655868,0.3501050523482263,108.33518102299422,3.0381690012291074
856,0.246016017626971,1.0936249746009707,0.6033560493960977,100.03965598298237,7.204438035842031
857,0.5978930275887251,1.0671960189938545,0.525984971318394,103.57834800379351,3.0528230126947165
858,0.25660201208665967,1.1777710169553757,0.3512109979055822,102.73344500456005,3.0206480296328664
859,0.26712496764957905,1.0913040023297071,0.5993969971314073,95.39483702974394,7.094197033438832
860,0.6330909673124552,1.075676002074033,0.5113899824209511,102.32176200952381,2.9971759649924934
861,0.2516609965823591,1.0811499669216573,0.2944080042652786,105.56239500874653,3.045101009774953
862,0.25708298198878765,1.0836030123755336,0.583428016398102,100.0834809965454,7.080064038746059
863,0.6002450245432556,1.0816949652507901,0.5904179997742176,103.64527005003765,2.995531016495079
864,0.24333898909389973,1.0690559865906835,0.3215500037185848,102.90122899459675,3.1467509688809514
865,0.3636340261436999,0.8920329855754972,1.2722800020128489,192.96504301019013,7.004225044511259
866,0.6282589747570455,1.0618990054354072,0.5461809923872352,95.28958599548787,3.0104630277492106
867,0.26203301968052983,1.1106120073236525,0.3073419793508947,106.26997897634283,3.150749020278454
868,0.2647989895194769,1.1380339856259525,0.5857879878021777,95.06547404453158,8.820316987112164
869,1.5628020046278834,1.1500269756652415,0.512158963829279,100.94567999476567,3.1612080056220293
870,0.2592329983599484,1.0875650332309306,0.32999098766595125,102.4442229536362,3.1499750330112875
871,0.2777380286715925,1.0959700448438525,0.6078910082578659,94.59743701154366,7.278557983227074
872,0.6478139548562467,1.1220250162295997,0.465080956928432,105.49493902362883,3.1158990459516644
873,0.27368904557079077,1.1205369955860078,0.2966729807667434,120.1581169734709,7.078127004206181
874,0.6504879565909505,1.1572749936021864,0.6114629795774817,108.86925598606467,7.28491204790771
875,0.6597609608434141,1.0809359955601394,0.49673899775370955,104.18576298980042,3.124757029581815
876,0.2698650350794196,1.1292679701000452,0.6064330227673054,100.72012699674815,7.836663979105651
877,0.7123160175979137,1.133145997300744,0.62918895855546,102.95681603020057,7.186613976955414
878,0.6206439575180411,1.0677860118448734,0.5153999663889408,105.77257600380108,3.0989040387794375
879,0.25842501781880856,1.1198369902558625,0.6015690159983933,98.01925701322034,7.319774013012648
880,0.6419140263460577,1.097202009987086,0.6118330056779087,100.00076598953456,7.379425980616361
881,0.6354019860737026,1.0944759706035256,0.5110459751449525,101.80207499070093,3.118276013992727
882,0.25232305051758885,1.1312279966659844,0.6193870212882757,97.10046596592292,7.2989879990927875
883,0.6369180046021938,1.0970289586111903,0.5914219655096531,97.88955899421126,7.35897000413388
884,0.6428749766200781,1.0787450009956956,0.5555800162255764,105.18744902219623,3.510785987600684
885,0.270232034381479,1.1296489974483848,0.6098360172472894,95.51157098030671,7.3005909798666835
886,0.6202690419740975,1.0738180135376751,0.583839020691812,96.64705797331408,7.294183014892042
887,0.6387479952536523,1.0855990112759173,0.5498760147020221,104.40824995748699,3.1444019987247884
888,0.26707700453698635,1.0923179797828197,0.5971069913357496,97.10123302647844,7.469053030945361
889,0.6334480131044984,1.1056960211135447,0.5828140419907868,100.61003803275526,7.080608978867531
890,0.6086590001359582,1.1222560424357653,0.487054989207536,102.2692610276863,3.095625026617199
891,0.26716000866144896,1.1136129614897072,0.6629999843426049,96.64001903729513,7.294112991075963
892,0.640217971522361,1.462071028072387,0.5894330097362399,97.64613496372476,7.359938987065107
893,0.6150280241854489,1.0918949847109616,0.49073301488533616,119.26708003738895,3.089040983468294
894,0.24510198272764683,1.1111099738627672,0.6501639727503061,97.89090399863198,7.345917052589357
895,0.6976069998927414,1.0971850133500993,0.605992041528225,96.61991900065914,7.061809999868274
896,0.6228139973245561,1.1102160206064582,0.5957449902780354,103.35188201861456,3.046194033231586
897,0.25359197752550244,1.1178370332345366,0.584502995479852,99.35208404203877,7.152452948503196
898,0.606774992775172,1.1266589863225818,0.5695699946954846,106.7983410321176,7.006985018961132
899,0.614396994933486,1.0975420009344816,0.538431981112808,101.40428005252033,2.99916003132239
900,0.24727598065510392,1.093008031602949,0.57527597527951,100.02147499471903,7.078700989950448
901,0.621307990513742,1.0755619732663035,0.5837550270371139,97.6759850163944,7.262729981448501
902,0.6089569651521742,1.065587974153459,0.45989203499630094,103.22850395459682,3.040765004698187
903,0.24484202731400728,1.130829972680658,0.5952849751338363,95.44873499544337,7.164274051319808
904,0.6030300282873213,1.1266620131209493,0.5931240157224238,95.52480198908597,7.268168963491917
905,0.603488995693624,1.0851499973796308,0.593551027122885,105.17333698226139,2.9960580286569893
906,0.2529440098442137,1.1750870035029948,0.5905649741180241,103.06749300798401,7.245552027598023
907,0.6175339804030955,1.1180080473423004,0.7099700160324574,95.26425297372043,7.370736973825842
908,0.6302889669314027,1.469278009608388,0.46146701788529754,102.02171100536361,3.140753018669784
909,0.24754699552431703,1.1575990356504917,0.5830570007674396,97.77170896995813,7.204938039649278
910,0.6092090043239295,1.1086599552072585,0.600197003223002,96.93996998248622,7.005280000157654
911,0.6107430090196431,1.0589489829726517,0.5507180467247963,103.24819799279794,3.1288850004784763
912,0.2445849822834134,1.1496150400489569,0.6096140132285655,98.20208698511124,7.202211010735482
913,0.6175839807838202,1.1384760146029294,0.5820689839310944,96.4481959817931,6.9961470435373485
914,0.612537027336657,1.1085569858551025,0.5232309922575951,101.79704200709239,3.0185439973138273
915,0.24216203019022942,1.1249880190007389,0.6036109989508986,97.5901199853979,7.305624021682888
916,0.6652899901382625,1.112630998250097,0.6011800142005086,97.18072303803638,7.39664799766615
917,0.6006989860907197,1.091994985472411,0.6057809805497527,100.69680999731645,3.1602290109731257
918,0.24178699823096395,1.1277449666522443,0.6059790030121803,98.29375898698345,7.29047495406121
919,0.6059870356693864,1.115543011110276,0.6103449850343168,96.54078999301419,7.16748897684738
920,0.625763030257076,1.0788600193336606,0.5688859964720905,107.07994602853432,3.0707049882039428
921,0.2522930153645575,1.127730996813625,0.6004449678584933,96.62458900129423,7.252844981849194
922,0.6176240276545286,1.1236200225539505,0.5877779913134873,95.90671898331493,7.514895987696946
923,0.6254359614104033,1.0580289526842535,0.5943890428170562,111.60549300257117,3.258477954659611
924,0.4466490354388952,0.8927619783207774,1.7265189671888947,203.54502904228866,6.63562398403883
925,0.6196190370246768,0.8618430001661181,1.378329994622618,199.3557540117763,6.572896963916719
926,0.6221549701876938,0.8565880125388503,1.107740041334182,209.50821600854397,2.5444249622523785
927,0.22729404736310244,0.9462930029258132,1.405047019943595,210.4376869974658,6.832203012891114
928,0.7086789701133966,0.870829971972853,1.4074239879846573,208.42718798667192,6.4935050322674215
929,0.6220769719220698,0.8420429658144712,1.0290380450896919,209.2067170306109,2.5742040015757084
930,0.28604199178516865,0.8993910159915686,1.4592430088669062,205.2226159721613,6.734221999067813
931,0.9218599880114198,1.2090009986422956,1.4185250038281083,204.45091999135911,6.603382003959268
932,0.6355579826049507,0.9365690057165921,1.165207999292761,221.31211595842615,2.6699869777075946
933,0.2346670371480286,0.8633219986222684,1.5097740106284618,204.81782098067924,6.911662989296019
934,0.8206440252251923,0.8940860279835761,1.4481759862974286,206.75258000846952,6.484999030362815
935,0.6468239589594305,1.1986600002273917,1.188770984299481,203.23680201545358,2.633636991959065
936,0.38404297083616257,0.9406739845871925,1.4962980058044195,213.4136669919826,6.7680999636650085
937,0.6896019913256168,0.9400109993293881,1.5066469786688685,201.37743197847158,7.021230994723737
938,0.6685940315946937,1.3056829920969903,1.1456040083430707,214.0826209797524,2.730497973971069
939,0.26186200557276607,0.9534289711154997,1.4973189681768417,207.5647390447557,7.141663983929902
940,0.7155950297601521,1.1514549842104316,0.5691880360245705,106.49677400942892,7.3501039878465235
941,0.8564260206185281,1.1707000085152686,0.48994802637025714,105.30284501146525,3.182469983585179
942,0.27934397803619504,1.4947570161893964,0.6090020178817213,99.52569502638653,7.611979031935334
943,0.6602969951927662,1.172260963357985,0.6515249842777848,96.41691204160452,7.563944032881409
944,0.6708159926347435,1.5630589914508164,0.5038870149292052,107.21583996200934,3.2326759537681937
945,0.26916497154161334,1.1046080035157502,0.6325700087472796,111.7530869669281,7.3616469744592905
946,0.6549980025738478,1.1322610080242157,0.6081229657866061,96.56631899997592,7.398042012937367
947,0.6794719956815243,1.0823900229297578,0.483845011331141,101.4722139807418,3.2109959865920246
948,0.40410098154097795,0.9310750174336135,1.567632018122822,202.6906410465017,6.95514801191166
949,0.6781909614801407,0.882457010447979,1.443880028091371,202.5576739688404,6.9595929817296565
950,0.8490309701301157,0.87927799904719,1.4136399840936065,208.20983999874443,2.724004036281258
951,0.2448079758323729,0.8734290022403002,1.4474810450337827,206.14171697525308,7.14011600939557
952,0.7499129860661924,0.8982429862953722,0.8929980103857815,134.35066398233175,6.89434097148478
953,0.6490699597634375,0.9688319987617433,0.5382800009101629,92.58421399863437,3.026260994374752
954,0.2567279734648764,1.139300991781056,0.6073080003261566,99.28025904810056,7.608002983033657
955,0.672008958645165,1.0856869630515575,0.6114239804446697,100.84925399860367,7.715856016147882
956,0.6497639697045088,1.0912130237556994,0.5542459548451006,101.57699603587389,3.1370570068247616
957,0.26238500140607357,1.1082609998993576,0.6350080366246402,97.01443498488516,7.462918991222978
958,0.6519510061480105,1.1206420022062957,0.644547981210053,95.4109929734841,7.3976069688797
959,0.7163980044424534,1.100827008485794,0.5987559561617672,116.64352798834443,3.064983000513166
960,0.2684599603526294,1.1267209774814546,0.618798949290067,107.29687300045043,7.221361971460283
961,0.6481650052592158,1.1482389527373016,0.6410130299627781,96.51192597812042,7.336979964748025
962,0.6918760482221842,1.0855870204977691,0.4664650186896324,103.92001300351694,3.173357981722802
963,0.2707539824768901,1.1348940315656364,0.6138189928606153,100.51299299811944,7.764659007079899
964,0.7163180271163583,1.0854420252144337,0.5914929788559675,94.2877980414778,6.980129983276129
965,0.6470980006270111,1.0651829652488232,0.6115449941717088,98.21220498997718,3.0528359930031
966,0.250539043918252,1.1210590018890798,0.6478560389950871,94.56526499707252,7.334389025345445
967,0.6398760015144944,1.124447037000209,0.6736500072292984,93.8785359612666,7.341974996961653
968,0.6530089885927737,1.0624739807099104,0.5872260080650449,101.41259600641206,3.1164499814622104
969,0.2519360277801752,1.07376097002998,0.348278961610049,102.86484000971541,3.044466022402048
970,0.2541890135034919,1.0931399883702397,0.6369370385073125,93.88656599912792,7.230573974084109
971,0.6336960359476507,1.0701060527935624,0.4903990193270147,105.23624601773918,3.025347017683089
972,0.25777897099033,1.1087310267612338,0.2927820314653218,98.57676300453022,3.023939032573253
973,0.2441950491629541,1.0916609899140894,0.6180899799801409,96.1887130397372,7.183095964137465
974,0.6430249777622521,1.08487403485924,0.5203059990890324,103.34905498893932,3.096664964687079
975,0.2582669840194285,1.1010319576598704,0.2960159908980131,102.4542500381358,3.0689160339534283
976,0.30192499980330467,1.14924501394853,0.6550870020873845,93.88149599544704,7.032493012957275
977,0.6220589857548475,1.0763340396806598,0.46052399557083845,99.9610559665598,2.995328977704048
978,0.2529149642214179,1.0656709782779217,0.3000680007971823,100.56354204425588,3.0777580104768276
979,0.2534189843572676,1.1062080156989396,0.6030339864082634,94.86779000144452,7.132913044188172
980,0.5658440059050918,1.0851109982468188,0.550016004126519,99.57436501281336,3.396910964511335
981,0.2539660199545324,1.1046199942938983,0.30165602220222354,104.19978998834267,3.103348019067198
982,0.24687900440767407,1.0764760081656277,0.6146390223875642,93.3099309913814,6.989813002292067
983,0.6269080331549048,1.0748649947345257,0.48489600885659456,99.35235697776079,2.950977999716997
984,0.24937599664554,1.0725799947977066,0.28737401589751244,100.06846801843494,3.130259981844574
985,0.2476229565218091,1.1092060012742877,0.6297480431385338,94.48632202111185,7.033285975921899
986,0.6274590268731117,1.0711060022003949,0.6036189734004438,99.05664197867736,3.02294798893854
987,0.24921796284615993,1.086361997295171,0.30716502806171775,103.93316904082894,3.007004037499428
988,0.2553379745222628,1.1051379842683673,0.6356390076689422,92.89291099412367,6.926207046490163
989,0.6195420282892883,1.061541959643364,0.5266870139166713,99.06821104232222,3.047821985092014
990,0.24468498304486275,1.0762569727376103,0.320109014865011,98.29553094459698,3.033377986866981
991,0.260553031694144,1.0831310064531863,0.6348000024445355,104.89823197713122,7.022824953310192
992,0.614627031609416,1.1059970129281282,0.5971969803795218,97.97562501626089,3.003096964675933
993,0.25527196703478694,1.1008050059899688,0.3070810344070196,98.64947100868449,3.030790016055107
994,0.2496889792382717,1.541907957289368,0.5803609965369105,93.9105530269444,7.2434599860571325
995,0.6136249867267907,1.1308679822832346,0.5057270172983408,99.86984200077131,3.091506951022893
996,0.25427102809771895,1.0718469857238233,0.31000503804534674,100.04228801699355,3.0694130109623075
997,0.24462502915412188,1.165652007330209,0.5782259977422655,99.37564301071689,7.460318971425295
998,0.6248070276342332,1.0920530185103416,0.5786329857073724,100.12482898309827,3.080161986872554
999,0.2517290413379669,1.0559320216998458,0.30177802545949817,99.33857101714239,3.0719999922439456
1000,0.2468250459060073,1.1093009961768985,0.5961430142633617,92.7260039607063,7.022392004728317
1001,0.6296359933912754,1.131682947743684,0.46714895870536566,100.04016698803753,2.975414041429758
1002,0.2513009821996093,1.079339999705553,0.28946297243237495,104.27136300131679,3.0833699856884778
1003,0.24316494818776846,1.1151529615744948,0.5947150057181716,94.57370999734849,7.67141004325822
1004,0.6926610367372632,1.1020000092685223,0.48527802573516965,104.83037499943748,3.089986043050885
1005,0.2495990484021604,1.0554299806244671,0.3047449863515794,100.3141799592413,3.0716339824721217
1006,0.2493570209480822,1.1049690074287355,0.591044023167342,94.32934201322496,6.92222302313894
1007,0.6088120280764997,1.059121044818312,0.527299998793751,97.97064197482541,2.970603993162513
1008,0.26925100246444345,1.0649600299075246,0.3078689915128052,117.24285897798836,3.0596599681302905
1009,0.2630400122143328,1.0984980035573244,0.5939480033703148,93.5551900183782,7.179158041253686
1010,0.6136019947007298,1.124624046497047,0.5922730197198689,98.31003297585994,3.0679330229759216
1011,0.25110197020694613,1.123655994888395,0.29056600760668516,100.19325703615323,3.073010011576116
1012,0.2527739852666855,1.1303839855827391,0.5948999896645546,94.47686502244323,7.188552001025528
1013,0.6125440122559667,1.076304994057864,0.4876289749518037,100.09933699620888,3.0798909720033407
1014,0.254007987678051,1.1069679749198258,0.30025700107216835,110.44615099672228,3.084036987274885
1015,0.24978298461064696,1.1250360403209925,0.5913969944231212,93.3260620222427,7.2621090221218765
1016,0.5824139807373285,1.0645759757608175,0.556520011741668,98.09687500819564,3.0827090376988053
1017,0.2464849967509508,1.0545070399530232,0.2969009801745415,100.33030202612281,3.112657053861767
1018,0.2466980367898941,1.1443619732744992,0.6362419808283448,94.25917896442115,7.441064983140677
1019,0.723914010450244,1.0785729973576963,0.48515101661905646,101.31105000618845,3.1267990125343204
1020,0.25363097665831447,1.1100660194642842,0.30742998933419585,101.03404097026214,3.1573339947499335
1021,0.29674096731469035,1.081582042388618,0.5876830546185374,93.7407739693299,7.157346000894904
1022,0.6361300474964082,1.0978779755532742,0.6150680128484964,103.14516897778958,2.9765479848720133
1023,0.2488690079189837,1.1236689751967788,0.6315470091067255,94.75006104912609,7.173310965299606
1024,0.6293809856288135,1.0805450147017837,0.6211170111782849,97.62319398578256,7.323264959268272
1025,0.5565900355577469,1.0697859688661993,0.6361280102282763,102.02939802547917,7.078180031385273
1026,0.6144699873402715,1.1052610352635384,0.30780897941440344,98.87442796025425,7.253686024341732
1027,0.676905969157815,1.063862000592053,0.6013300153426826,93.61637698020786,7.175690028816462
1028,0.6540410104207695,1.1719370377250016,0.5937960231676698,98.63577497890219,6.795266002882272
1029,0.6133290007710457,1.080563000869006,0.30542799504473805,96.97558195330203,6.78654300281778
1030,0.5862879916094244,1.0632090270519257,0.5870850291103125,95.76318500330672,6.855643005110323
1031,0.5798370111733675,1.08568201540038,0.6377630052156746,101.71000903937966,7.119752990547568
1032,0.5049359751865268,1.1439970112405717,0.3018199931830168,93.44018599949777,6.552185979671776
1033,0.5723810172639787,1.0845230426639318,0.6421830039471388,90.64245200715959,6.522336974740028
1034,0.5723499925807118,1.0921629727818072,0.6045780028216541,107.48328297631815,6.739411968737841
1035,0.5886050057597458,1.0800349991768599,0.30097196577116847,100.97053198842332,6.54425797984004
1036,0.5674610147252679,1.1047019506804645,0.5890339962206781,90.20507300738245,6.488342012744397
1037,0.61286601703614,1.0914499871432781,0.5920249968767166,94.31371500249952,6.611588993109763
1038,0.5832070019096136,1.074108004104346,0.2983849844895303,96.76890599075705,6.715063005685806
1039,0.580664025619626,1.0891679557971656,0.6274590268731117,90.26592300506309,6.636920035816729
1040,0.5898210220038891,1.0901299538090825,0.6097289733588696,94.01367098325863,6.745624996256083
1041,0.5704470095224679,1.081724010873586,0.2960959682241082,100.46558105386794,6.543583993334323
1042,0.5669660167768598,1.0579320369288325,0.5796230398118496,89.73421301925555,6.4817649545148015
1043,0.5253799608908594,1.1461980175226927,0.6172099965624511,95.76421399833634,6.6610139911063015
1044,0.5583879537880421,1.1226239730603993,0.3060669987462461,96.35384101420641,6.5774599788710475
1045,0.5181119777262211,1.1640929733403027,0.5835870397277176,91.14531002705917,6.623130990192294
1046,0.6941289757378399,1.0743850143626332,0.5876240320503712,95.5728119588457,6.576841988135129
1047,0.6546640070155263,1.1023260303772986,0.3080340102314949,96.19065700098872,6.580822984687984
1048,0.5772780277766287,1.0768260108307004,0.5829090368933976,94.39537703292444,6.84572197496891
1049,0.5703669739887118,1.0814930428750813,0.6008589989505708,95.21373698953539,6.734360009431839
1050,0.5745930247940123,1.7125439480878413,0.3086499636992812,96.61015798337758,6.808011035900563
1051,0.6296130013652146,1.0627899901010096,0.6164779770188034,104.10502296872437,6.723583035636693
1052,0.5334839806891978,1.1504509602673352,0.6018279818817973,99.5581730385311,6.632886012084782
1053,0.5539989797398448,1.1228319490328431,0.3024460165761411,106.4281509607099,6.649344984907657
1054,0.5578499985858798,1.0694849770516157,0.5693830316886306,91.23547200579196,6.565364950802177
1055,0.5548589979298413,1.1117130052298307,0.6175129674375057,94.09403102472425,6.615132966544479
1056,0.5983129958622158,1.1347109684720635,0.32150099286809564,94.82110297540203,6.726649997290224
1057,0.568175979424268,1.1142549919895828,0.637040997389704,94.20400200178847,6.664412037935108
1058,0.5404800176620483,1.1075190268456936,0.6253229803405702,97.18736400827765,6.4829650218598545
1059,0.5492710042744875,1.0899040498770773,0.3496489953249693,99.82579702045768,6.581959023606032
1060,0.5600529839284718,1.0961680090986192,0.5604699836112559,98.00625900970772,6.634646968450397
1061,0.5463489796966314,1.1125070159323514,0.5842389655299485,93.96963298786432,6.61031500203535
1062,0.7654769578948617,1.0815379791893065,0.29976601945236325,100.00376199604943,6.58911099890247
1063,0.5507720052264631,1.0774100082926452,0.6102820043452084,90.71803098777309,6.538792978972197
1064,0.5708640092052519,1.131224969867617,0.592618016526103,95.19108897075057,6.478463998064399
1065,0.5495499935932457,1.1250770185142756,0.3084960044361651,103.08916098438203,6.691054964903742
1066,0.5621099844574928,1.0673310025595129,0.6124599603936076,89.67794600175694,6.793680018745363
1067,0.5541440332308412,1.0838890448212624,0.6152789574116468,94.60337599739432,7.173168996814638
1068,0.5832870374433696,1.0944600217044353,0.30165701173245907,98.74308004509658,6.626459013205022
1069,0.616749981418252,1.0615159990265965,0.5612089880742133,93.30657596001402,6.659722013864666
1070,0.5671239923685789,1.8775499775074422,0.595523975789547,99.32733100140467,6.614679004997015
1071,0.5617599817924201,1.8490109941922128,0.3397440304979682,100.17406201222911,6.621341977734119
1072,0.5624679615721107,1.0619339882396162,0.5923869903199375,89.65833397815004,6.466093997005373
1073,0.5530200432986021,1.0822370531968772,0.559207983314991,93.89446099521592,6.727195985149592
1074,0.5550599889829755,1.08893500873819,0.29790098778903484,96.17851598886773,6.814466032665223
1075,0.5598870338872075,1.0543650132603943,0.5667139776051044,91.52962896041572,6.5529519924893975
1076,0.5742459907196462,1.097868022043258,0.5947750178165734,94.4940010085702,6.714106013532728
1077,0.551705015823245,1.1066389852203429,0.284612993709743,96.75535402493551,6.58062199363485
1078,0.6214049644768238,1.0876819724217057,0.5720119806937873,90.40776098845527,7.083873031660914
1079,0.592240015976131,1.1092770146206021,0.6044780020602047,95.20961297675967,6.713094015140086
1080,0.563243986107409,1.0961759835481644,0.32177800312638283,96.77902300609276,6.492134998552501
1081,0.5261700134724379,1.0625729919411242,0.6064089830033481,98.93762599676847,6.920152984093875
1082,0.4947510315105319,1.0889559634961188,0.5863650003448129,94.2002980154939,6.6095590009354055
1083,0.56653399951756,1.0612040059641004,0.3016199916601181,94.34058895567432,6.529101985506713
1084,0.5754980375058949,1.0977779747918248,0.5814229953102767,101.72752098878846,6.633096025325358
1085,0.5455859936773777,1.1339519987814128,0.5827859858982265,97.4106650101021,6.557393993716687
1086,0.5539419944398105,1.0937799816019833,0.30687899561598897,115.14718300895765,6.568634009454399
1087,0.5657299770973623,1.1836609919555485,0.5849080043844879,91.52756200637668,6.790389015804976
1088,0.5674669519066811,1.1272450210526586,0.6311320466920733,94.75067397579551,6.65876897983253
1089,0.5644559860229492,1.1091440101154149,0.3146930248476565,96.00047999992967,6.527694989927113
1090,0.5726169911213219,1.0950519936159253,0.576628022827208,89.96438496978953,6.533751962706447
1091,0.5585079779848456,1.0681060375645757,0.5784609820693731,92.53424999769777,6.467801984399557
1092,0.5126509931869805,1.1131009669043124,0.297273974865675,96.66552703129128,6.482222001068294
1093,0.5446900031529367,1.0846389923244715,0.5822580424137414,91.12427500076592,6.569954042788595
1094,0.5572519730776548,1.1189910001121461,0.5936870002187788,93.9554880023934,6.627054011914879
1095,0.5468750023283064,1.1247469810768962,0.28486299561336637,96.56095202080905,6.496682995930314
1096,0.5781670333817601,1.0894109727814794,0.6420889985747635,89.50201299740002,6.394994037691504
1097,0.5568370106630027,1.1284179636277258,0.5658050067722797,93.98871700977907,6.469575979281217
1098,0.548221985809505,1.1153550003655255,0.2896549995057285,98.41336397221312,7.046950981020927
1099,0.5641669849865139,1.1241710162721574,0.5909239989705384,91.51429700432345,6.724557955749333
1100,0.5762799992226064,1.1340449564158916,0.6852790247648954,95.59944301145151,6.6887009888887405
1101,0.5567540065385401,1.0985619737766683,0.3302990226075053,95.22036102134734,6.7463190061971545
1102,0.5572349764406681,1.1392340529710054,0.5618209834210575,91.2755629979074,6.823986012022942
1103,0.6147020030766726,1.4504250138998032,0.5831720191054046,95.35665099974722,6.696950003970414
1104,0.5552610382437706,1.1544290464371443,0.28905703220516443,97.54808602156118,6.686995038762689
1105,0.5279770120978355,1.1005940032191575,0.581329979468137,94.66870001051575,6.782099022530019
1106,0.5613190005533397,1.1268819798715413,0.5737339961342514,110.58950994629413,6.65133201982826
1107,0.5100260023027658,1.1612560483627021,0.3095029969699681,96.68322000652552,6.717991025652736
1108,0.5615489790216088,1.0834209970198572,0.5804640240967274,91.49216703372076,6.529223988763988
1109,0.5636940477415919,1.0907460236921906,0.5593789974227548,93.03848899435252,6.8592780153267086
1110,0.6045400514267385,1.0968600399792194,0.32379396725445986,98.37538900319487,6.65930996183306
1111,0.5584129830822349,1.1203860049135983,0.5779340281151235,90.96130996476859,6.390297028701752
1112,0.5397979984991252,1.1079630348831415,0.5736509920097888,93.82875199662521,6.469458050560206
1113,0.5589239881373942,1.238172990269959,0.2940900158137083,97.61675703339279,6.415683019440621
1114,0.5488800234161317,1.0742039885371923,0.6401409627869725,108.46385598415509,6.622223008889705
1115,0.5313529982231557,1.1162009905092418,0.5666509969159961,94.02485197642818,6.6403059754520655
1116,0.5571970250457525,1.0606839787214994,0.28863700572401285,101.79548501037061,6.516640016343445
1117,0.5616470007225871,1.06053298804909,0.5579889984801412,89.93280696449801,6.564993993379176
1118,1.4289710088633,1.0958260390907526,0.5684249917976558,92.63414004817605,7.88455898873508
1119,0.5597480339929461,1.0906599927693605,0.3046610509045422,93.59169803792611,6.159332988318056
1120,0.5256080185063183,1.0498479823581874,0.5917240050621331,92.21515600802377,6.046910944860429
1121,0.6557760061696172,1.125261012930423,0.5578550044447184,107.57032397668809,6.0221750172786415
1122,0.5782709922641516,1.089134020730853,0.305945985019207,96.92494902992621,6.047499948181212
1123,0.523862021509558,1.0643309797160327,0.5787810077890754,87.09227800136432,6.062466010916978
1124,0.570711970794946,1.4621010050177574,0.5560670397244394,91.39531594701111,6.130976020358503
1125,0.4857970052398741,1.0802350006997585,0.32853003358468413,102.81636600848287,6.105949985794723
1126,0.5840410012751818,1.0691910283640027,0.6091590039432049,87.1527399867773,6.0156319523230195
1127,0.5278770113363862,1.0938579798676074,0.5929520120844245,92.48567395843565,6.094197975471616
1128,0.5117409746162593,1.0813040426000953,0.2993379603140056,97.10330801317468,6.077817990444601
1129,0.5125550087541342,1.114116981625557,0.5885940045118332,89.64260999346152,6.096030992921442
1130,0.54735696176067,1.0992320021614432,0.5868110456503928,110.58660497656092,6.0048410086892545
1131,0.5434570484794676,1.1197999701835215,0.28717698296532035,93.34906400181353,6.047428993042558
1132,0.5400769878178835,1.077956985682249,0.5479109822772443,87.88508601719514,6.025245995260775
1133,0.5095320520922542,1.0882079950533807,0.5872430047020316,94.65179202379659,6.167549989186227
1134,0.5239699967205524,1.0761360172182322,0.3212509909644723,93.20167504483834,6.243893993087113
1135,0.5136940162628889,1.1168220080435276,0.55981200421229,88.12585502164438,6.117490993347019
1136,0.5354729946702719,1.099143992178142,0.5617309943772852,93.60005200142041,6.124155013822019
1137,0.5277079762890935,1.2374530197121203,0.30211301054805517,106.1516699846834,5.986734991893172
1138,0.5069409962743521,1.102471025660634,0.5610490334220231,90.04144696518779,6.042337976396084
1139,0.512689002789557,1.1302030179649591,0.5787420086562634,92.36883500125259,6.0771810240112245
1140,0.5298730102367699,1.0542799718677998,0.2811970189213753,96.33407200453803,6.031527009326965
1141,0.5034279893152416,1.0777540155686438,0.5623149918392301,92.81031001592055,5.91585598886013
1142,0.5668009980581701,1.0943340021185577,0.5783109809271991,93.36933301528916,6.04538299376145
1143,0.5227130022831261,1.1050100438296795,0.29357802122831345,96.87039302662015,6.162397039588541
1144,0.5322519573383033,1.1250950046814978,0.5706219817511737,87.85453299060464,5.9375130222179
1145,0.6794300279580057,1.086444011889398,0.5768620176240802,93.35102798650041,6.031356984749436
1146,0.5218760343268514,1.0779779986478388,0.291223987005651,94.53763300552964,6.176127993967384
1147,0.5810899892821908,1.1185610201209784,0.6565300282090902,93.27532298630103,6.011409976053983
1148,0.523748982232064,1.0480689816176891,0.4947069683112204,93.9160009729676,2.5993359740823507
1149,0.20899600349366665,1.104361959733069,0.5719949840568006,94.03698897222057,5.950504040811211
1150,0.5146110197529197,1.0743910097517073,0.5527359899133444,93.13010500045493,5.966100958175957
1151,0.5000290111638606,1.1160079739056528,0.5820689839310944,92.97895105555654,5.9856309671886265
1152,0.5097659886814654,1.086693024262786,0.3032080130651593,93.2178549701348,6.098665005993098
1153,0.509025005158037,1.0629940079525113,0.595386023633182,88.52254803059623,6.325969006866217
1154,0.520647969096899,1.1149650090374053,0.5570449866354465,93.83173799142241,5.900612974073738
1155,0.5154439713805914,1.0827690130099654,0.3013869863934815,94.66052701463923,6.0735950246453285
1156,0.5080359987914562,1.0643150308169425,0.5663820193149149,92.68688899464905,6.135565985459834
1157,0.5144200404174626,1.077833992894739,0.5848560249432921,95.22614802699536,6.128795037511736
1158,0.4969889996573329,1.069800986442715,0.28863397892564535,98.28351897886023,6.439828954171389
1159,0.5173649988137186,1.107322983443737,0.5800370126962662,90.33018699847162,6.11484597902745
1160,0.5249300156719983,1.0652219643816352,0.5624400218948722,93.96633802680299,6.107955006882548
1161,0.5232440307736397,1.1878489749506116,0.2856799983419478,95.25545901851729,3.1464030034840107
1162,0.21185196237638593,1.1010639718733728,0.5466740112751722,89.19115801109001,5.969979043584317
1163,0.5140569992363453,1.0827239602804184,0.43973897118121386,95.32733296509832,6.037820014171302
1164,0.5195009871385992,1.0726549662649632,0.2985780010931194,99.22863804968074,5.949957994744182
1165,0.6880650180391967,1.0382150067016482,0.5751950084231794,94.81505799340084,6.107031018473208
1166,0.5048049497418106,1.0758780408650637,0.582417007535696,94.21811898937449,5.941978946793824
1167,0.5018080119043589,1.0011590202338994,0.30646100640296936,102.49005898367614,2.6213040109723806
1168,0.2198300207965076,1.030198996886611,0.5625230260193348,87.14225300354883,6.103152991272509
1169,0.5274139693938196,1.082325994502753,0.5950480117462575,92.3506899853237,6.036871985998005
1170,0.5125869647599757,1.052208011969924,0.46410097274929285,93.6722619808279,2.6124700088985264
1171,0.2059850376099348,1.0892960126511753,0.5550499772652984,91.12471400294453,5.856931966263801
1172,0.502454990055412,1.0976569610647857,0.5730830016545951,92.09236403694376,6.098698009736836
1173,0.5004280246794224,1.4876670320518315,0.45632600085809827,95.9272010368295,2.6825779932551086
1174,0.21243002265691757,1.4249189989641309,0.607936002779752,88.38466997258365,6.1241500079631805
1175,0.5708729731850326,1.088743971195072,0.5919079994782805,91.7710320209153,6.087732035666704
1176,0.518064945936203,1.0760619770735502,0.4971669986844063,89.89604702219367,2.6047179708257318
1177,0.20130595657974482,1.073125982657075,0.5542360013350844,88.35134899709374,6.069310999009758
1178,0.4940970102325082,1.096296007744968,0.5709549877792597,92.91903499979526,6.021219014655799
1179,0.5332180298864841,1.0154229821637273,0.5522880237549543,93.70904800016433,2.6402529911138117
1180,0.2040080144070089,1.09222496394068,0.5744110094383359,91.71008702833205,5.9707569889724255
1181,0.5167340277694166,1.0868720128200948,0.5772539880126715,95.66508402349427,6.129026005510241
1182,0.5120130372233689,1.0489359847269952,0.4549049772322178,92.1626110211946,2.638630976434797
1183,0.21933997049927711,1.090699981432408,0.5591110093519092,88.12788198702037,6.004366965498775
1184,0.49428496276959777,1.0873179999180138,0.57259202003479,92.99745195312425,6.119163008406758
1185,0.6034320103935897,1.0583639959804714,0.543748028576374,89.78837099857628,2.640090009663254
1186,0.5782449734397233,1.0629869648255408,0.5826259730383754,87.7846609801054,5.781125044450164
1187,0.5194330005906522,1.0538360220380127,0.5400449736043811,92.10821200395003,7.389956968836486
1188,0.5112459766678512,1.0111940209753811,0.5531159695237875,92.58668194524944,2.5816059787757695
1189,0.21034496603533626,1.0609729797579348,0.5494109936989844,89.9305579951033,5.879053962416947
1190,0.5066929734311998,1.0683370055630803,0.5761089851148427,109.66084897518158,2.8122360236011446
1191,0.21733000176027417,1.0511900181882083,0.30000502010807395,100.81160301342607,2.5949999690055847
1192,0.2267640084028244,1.112853002268821,0.5614429828710854,97.5830260431394,5.738375009968877
1193,0.4961730446666479,1.0635119979269803,0.4835040308535099,93.71045598527417,2.539382956456393
1194,0.21619198378175497,1.0507400147616863,0.276201986707747,93.31418899819255,2.6191570213995874
1195,0.2047160523943603,1.0319639695808291,0.5698670283891261,85.94735997030511,5.785189976450056
1196,0.5046649603173137,1.0436360025778413,0.533649988938123,94.31928099365905,2.5080060004256666
1197,0.22321200231090188,1.0234450455754995,0.2900760155171156,93.05341599974781,2.4947329657152295
1198,0.2088189939968288,1.0797040304169059,0.5468649906106293,103.7860990036279,5.809101043269038
1199,0.489596975967288,1.0415990254841745,0.4543690010905266,105.63138598809019,2.55074497545138
1200,0.2014519996009767,1.0133640025742352,0.28538197511807084,93.06683001341298,2.549791010096669
1201,0.19881100161001086,1.0888209799304605,0.5614369874820113,87.24821504438296,5.770163959823549
1202,0.5045210127718747,1.028065977152437,0.5320020136423409,90.54370399098843,2.548757998738438
1203,0.2236689906567335,1.0240849805995822,0.27547701029106975,90.93384898733348,2.5618040235713124
1204,0.20675599807873368,1.0428879759274423,0.6037270068190992,88.26966397464275,5.932757048867643
1205,0.5022420082241297,1.00897898664698,0.43509999522939324,94.08679697662592,2.5646070134826005
1206,0.21614000434055924,1.0003409697674215,0.2857989748008549,92.33886800939217,2.8953049913980067
1207,0.20523194689303637,1.0339600266888738,0.5470050382427871,87.3835199745372,5.914883979130536
1208,0.4882349749095738,1.0275039821863174,0.5333549925126135,91.15554200252518,2.5795410037972033
1209,0.19843498012050986,1.0403050109744072,0.28958398615941405,96.91015694988891,2.62115296209231
1210,0.2444249694235623,1.074551953934133,0.5700199981220067,93.45086303073913,5.845740030054003
1211,0.5132730002515018,1.033493026625365,0.46547799138352275,93.25609402731061,2.5422059698030353
1212,0.21149101667106152,1.0082169901579618,0.27561100432649255,106.92904604366049,2.5359009741805494
1213,0.2029499737545848,1.0333120007999241,0.5443079862743616,88.34683895111084,5.812693969346583
1214,0.4846589872613549,1.021350035443902,0.4562530084513128,91.66767698479816,2.5211290339939296
1215,0.22579100914299488,1.023513963446021,0.29960699612274766,92.04152598977089,2.5387239875271916
1216,0.21829601610079408,1.0508769773878157,0.5315439775586128,88.46514602191746,5.672822997439653
1217,0.48791500739753246,1.0414099670015275,0.5494579672813416,92.55010000197217,2.5143339880742133
1218,0.19889400573447347,1.021685020532459,0.277217011898756,93.56242400826886,2.56289797835052
1219,0.19779900321736932,1.1251179967075586,0.584202993195504,92.10836997954175,5.76789298793301
1220,0.474396045319736,1.436616003047675,0.5568109918385744,92.81087701674551,2.588293980807066
1221,0.21696998737752438,1.049450016580522,0.28526998357847333,103.72991196345538,3.0059849959798157
1222,0.22138794884085655,1.0702080326154828,0.5800790386274457,346.02035500574857,5.808460991829634
1223,0.5035820067860186,1.344071002677083,0.5354330060072243,95.89764900738373,2.5116080068983138
1224,0.2002050168812275,1.0569540318101645,0.26903796242550015,113.96674904972315,5.692324019037187
1225,0.4847859963774681,1.0686939931474626,0.5732880090363324,90.74259898625314,5.775390018243343
1226,0.4817419685423374,1.0410469840280712,0.5601369775831699,103.87496999464929,2.525518008042127
1227,0.19706098828464746,1.0512180160731077,0.543372007086873,95.7506470149383,5.920613009948283
1228,0.5612250533886254,1.0560399969108403,0.5787740228697658,98.37525401962921,5.619658972136676
1229,0.46973302960395813,1.0038430336862803,0.5334119778126478,97.51887497259304,2.5313629885204136
1230,0.20238198339939117,1.4088559546507895,0.5417899810709059,88.74049200676382,5.691530997864902
1231,0.4832369741052389,1.117028994485736,0.5547039909288287,88.76905299257487,5.70908299414441
1232,0.4845309886150062,0.9918659925460815,0.5172480014152825,93.66910997778177,2.5351609801873565
1233,0.19572698511183262,1.0183090344071388,0.5561310099437833,87.72816800046712,5.544073996134102
1234,0.4661009879782796,1.0443510254845023,0.5381599767133594,88.61362899187952,5.686455988325179
1235,0.4844859940931201,0.994846981484443,0.48617104766890407,93.38443301385269,2.4068630300462246
1236,0.19554595928639174,1.3804769841954112,0.542539986781776,88.03842304041609,5.699215980712324
1237,0.49325800500810146,1.0672819917090237,0.5399149958975613,87.44190499419346,5.654747015796602
1238,0.5003679543733597,1.0283950250595808,0.44541002716869116,91.96817397605628,2.511141006834805
1239,0.19706797320395708,1.023432007059455,0.562271976377815,88.56262703193352,5.664084979798645
1240,0.4868449759669602,1.0655589867383242,0.5370220169425011,91.31204400910065,5.6905149831436574
1241,0.49043598119169474,1.0018199682235718,0.5459290114231408,97.18999901087955,2.4711500154808164
1242,0.1944220275618136,1.091109006665647,0.5494150100275874,90.07006499450654,6.137940043117851
1243,0.5251329857856035,1.1102479766122997,0.5719409673474729,87.52880099928007,5.48581697512418
1244,0.4655460361391306,0.9826699970290065,0.44821598567068577,88.5612020501867,2.3788369726389647
1245,0.18569797975942492,0.9812329662963748,0.5430530291050673,86.2338169827126,5.303910991642624
1246,0.4804250202141702,1.040929986629635,0.5571299698203802,86.80045796791092,5.463455978315324
1247,0.45687000965699553,1.046006043907255,0.4152720212005079,88.88295904034749,2.348010952118784
1248,0.20920002134516835,0.9675269830040634,0.5317890318110585,86.26979403197765,5.363210977520794
1249,0.4757569986395538,1.03280897019431,0.5247840308584273,97.52469300292432,5.328519968315959
1250,0.48920203698799014,1.026084995828569,0.5378610221669078,88.44879898242652,5.410776007920504
1251,0.47435698797926307,1.0189220192842185,0.544407987035811,86.43852401291952,5.470614007208496
1252,0.4841260379180312,1.0125290136784315,0.5543489824049175,85.53425699938089,5.711656995117664
1253,0.5227259825915098,1.034793967846781,0.5343169905245304,90.08676797384396,5.152966012246907
1254,0.4676500102505088,0.9892540401779115,0.5742199718952179,85.5921590118669,5.305227998178452
1255,0.472556974273175,1.006402017083019,0.5213040276430547,92.62956801103428,5.189417046494782
1256,0.4578089574351907,1.0078269988298416,0.5474950303323567,92.70617499714717,5.196357029490173
1257,0.466322002466768,1.0218620300292969,0.5377409979701042,88.72707496630028,5.370886996388435
1258,0.5171590019017458,1.0926760151050985,0.5444179987534881,83.6200540070422,5.484559980686754
1259,0.48826204147189856,1.014804991427809,0.5597059498541057,94.22850399278104,4.712092981208116
1260,0.444687029812485,1.014759996905923,0.5287999520078301,82.11437799036503,4.68426599400118
1261,0.43017201824113727,1.3229590258561075,0.5447380244731903,82.51015801215544,4.986081970855594
1262,1.5611819690093398,0.9875170071609318,0.5255659925751388,86.18718601064757,5.0370380049571395
1263,0.4154769703745842,0.9791720076464117,0.5401490489020944,83.91046500764787,4.862947971560061
1264,0.4795470158569515,1.0331350495107472,0.6514170090667903,87.52190798986703,4.4422990176826715
1265,0.41338702430948615,1.0185090359300375,0.5369900027289987,85.2508979733102,4.337606951594353
1266,0.39779499638825655,1.0244930163025856,0.5229500238783658,80.42703598039225,4.466049023903906
1267,0.4204889992251992,1.0042790090665221,0.5038190283812582,80.45039203716442,4.402416001539677
1268,0.42003695853054523,1.0138580109924078,0.5256729782558978,85.66801098641008,4.376024997327477
1269,0.40509901009500027,0.9929360239766538,0.5221010069362819,84.0625690179877,4.476049973163754
1270,0.44902897207066417,0.9796700323931873,0.5201249732635915,82.05110096605495,4.498224006965756
1271,0.4145300481468439,1.0265880264341831,0.5092410137876868,84.18141299625859,4.220154020003974
1272,0.3885510377585888,0.9421060094609857,0.5087140016257763,89.35237897094339,1.8971430254168808
1273,0.1682720030657947,0.9753599879331887,0.5169939831830561,80.11872397037223,4.2698499746620655
1274,0.41085900738835335,1.0224609868600965,0.5157669656910002,84.99984396621585,4.326842026785016
1275,0.40449202060699463,1.06262497138232,0.4938869969919324,78.71032803086564,1.919871021527797
1276,0.1640799455344677,0.970982015132904,0.49250898882746696,80.26880404213443,4.187443992123008
1277,0.40588201954960823,1.028674014378339,0.5530299968086183,84.59398301783949,4.4024260132573545
1278,0.3947929944843054,0.9792650234885514,0.4946260014548898,79.47557204170153,1.9316599937155843
1279,0.16075995517894626,0.9701160015538335,0.558274972718209,80.14036598615348,4.459825984667987
1280,0.5060709663666785,1.0405319626443088,0.531155033968389,85.9970329911448,4.2425349820405245
1281,0.40524598443880677,0.9510649833828211,0.44850498670712113,79.69139202032238,1.8392059719190001
1282,0.17901795217767358,1.0129670263268054,0.574978010263294,79.17079899925739,4.0668449946679175
1283,0.3821819555014372,0.9954820270650089,0.51676802104339,84.89014400402084,4.053114971611649
1284,0.37687300937250257,0.9890570072457194,0.4916689940728247,81.80198201444,1.8826909945346415
1285,0.16014999710023403,0.9761879919096828,0.4997409996576607,80.48090798547491,4.041954991407692
1286,0.3788790199905634,0.9975910070352256,0.5318269832059741,83.71344004990533,4.019230022095144
1287,0.38583396235480905,0.9414700325578451,0.48541201977059245,83.37912400020286,1.909181009978056
1288,0.15674502355977893,0.9639810305088758,0.49504998605698347,82.1094959974289,4.1355229914188385
1289,0.39401103276759386,0.9904729668051004,0.4958990029990673,94.64108903193846,1.834448950830847
1290,0.16220897668972611,0.9559259633533657,0.2418559743091464,81.16579899797216,1.8802789854817092
1291,0.16373599646613002,0.9790670010261238,0.5449180025607347,81.80899597937241,4.067774978466332
1292,0.37770200287923217,0.9641189826652408,0.5310670239850879,86.18004497839138,1.8796559888869524
1293,0.16251200577244163,0.9535090066492558,0.2557070110924542,85.28707298683003,1.8592849955894053
1294,0.15677697956562042,1.001320022623986,0.4947260022163391,81.9481389480643,3.990890982095152
1295,0.3691809833981097,0.9788500028662384,0.5157359992153943,89.45887698791921,1.8601450137794018
1296,0.1649659825488925,0.9652599692344666,0.24994398700073361,82.86748197861016,1.862737990450114
1297,0.1585200079716742,0.9475310216657817,0.4884109948761761,88.11509399674833,4.083356005139649
1298,0.37886499194428325,0.9739729575812817,0.48826297279447317,83.8726470246911,1.8866140162572265
1299,0.16030797269195318,0.9565619984641671,0.24471600772812963,93.6536340159364,4.1077989735640585
1300,0.38796599255874753,1.023171003907919,0.45102002331987023,102.9309969744645,4.191099025774747
1301,0.3725520218722522,0.9755759965628386,0.48339401837438345,83.72428902657703,1.858772011473775
1302,0.15485897893086076,0.9745430434122682,0.48791803419589996,82.36551599111408,4.125891951844096
1303,0.3896040143445134,1.002444012556225,0.4893540171906352,82.62468397151679,4.137444018851966
1304,0.38167298771440983,0.9606789681129158,0.44185499427840114,85.39260103134438,1.855672977399081
1305,0.16214000061154366,0.9724639821797609,0.5151649820618331,83.28882895875722,4.08018403686583
1306,0.37825899198651314,0.9647330152802169,0.4942800151184201,83.1767640192993,4.091347975190729
1307,0.38177298847585917,0.9524369961582124,0.4896050086244941,84.03520099818707,1.860046002548188
1308,0.15867699403315783,0.9873349918052554,0.48785796388983727,79.02624603593722,4.036850994452834
1309,0.37958601024001837,0.9732469916343689,0.4892129800282419,86.09127899399027,4.0785809978842735
1310,0.39425003342330456,0.9493830148130655,0.4963889950886369,85.65620199078694,1.8672319711185992
1311,0.16757298726588488,0.9833899675868452,0.5179679719731212,84.50161898508668,4.243190982379019
1312,0.3754560020752251,0.9712030296213925,0.5134299863129854,93.78080099122599,4.100341000594199
1313,0.3848180058412254,0.9534339769743383,0.4889720003120601,84.53571301652119,2.1542489994317293
1314,0.17354299779981375,0.95714395865798,0.49728096928447485,85.54047002689913,4.113090981263667
1315,0.3929980448447168,0.9598230244591832,0.48935500672087073,90.67093796329573,4.191406012978405
1316,0.3708169679157436,0.9993079584091902,0.5025119753554463,84.40557902213186,1.9446700462140143
1317,0.1732290256768465,0.9940100135281682,0.5024159909226,85.00801399350166,4.162475001066923
1318,0.3856400144286454,1.2624189839698374,0.5129440105520189,92.73885301081464,4.26796602550894
1319,0.3912739921361208,0.9535270510241389,0.5178209976293147,86.16965101100504,1.8806089647114277
1320,0.15920400619506836,0.9940650197677314,0.49164501251652837,82.1541189798154,4.127308027818799
1321,0.39359298534691334,0.9589990368112922,0.4901799838989973,88.8653039583005,4.203947028145194
1322,0.451295985840261,0.9639769559726119,0.4791709943674505,84.3085190281272,1.8729169969446957
1323,0.16796099953353405,0.9826939785853028,0.5147640476934612,81.94861299125478,4.016632970888168
1324,0.38141600089147687,0.9656999609433115,0.7011190173216164,81.17390400730073,4.027514019981027
1325,0.3903720062226057,0.9672080050222576,0.44860102934762836,85.86910902522504,1.9613339682109654
1326,0.8237049914896488,1.0300720459781587,0.5007460131309927,79.24794196151197,3.7089259712956846
1327,0.37520803743973374,1.1264480417594314,0.48696802696213126,81.33787102997303,3.8661870057694614
1328,0.3575230366550386,1.5099189477041364,0.5034109926782548,106.95085301995277,4.077989025972784
1329,0.36150304367765784,0.9381900308653712,0.520080968271941,78.44080298673362,3.7466229987330735
1330,0.3590689739212394,0.9613760048523545,0.7072080043144524,80.25081502273679,3.800832957495004
1331,0.3635109751485288,0.9564619977027178,0.5324339726939797,83.35795102175325,3.857309988234192
1332,0.3559520118869841,0.9569510002620518,0.49465103074908257,79.24603199353442,3.8606959860771894
1333,0.35992899211123586,1.3089609565213323,0.5039929528720677,77.83317699795589,3.8169109611772
1334,0.36288402043282986,0.9876620024442673,0.5187400383874774,82.66341098351404,3.746420028619468
1335,0.3561079502105713,0.9605439845472574,0.4933670279569924,80.00943099614233,3.7586760008707643
1336,0.3670079750008881,0.9536930010654032,0.5030840402469039,89.22025095671415,3.759218961931765
1337,0.35849399864673615,0.9624109952710569,0.4920639912597835,83.59095896594226,3.769190050661564
1338,0.35457598278298974,0.9560500038787723,0.4824080388061702,78.35326401982456,3.7937950110062957
1339,0.37313904613256454,0.9805489680729806,0.48728304682299495,77.3426330415532,3.7835219991393387
1340,0.356618023943156,0.9736869833432138,0.5065860459581017,83.44724302878603,4.15705400519073
1341,0.37079298635944724,0.9507469949312508,0.5245089996606112,80.28774504782632,3.7767959875054657
1342,0.35629799822345376,0.9608730324544013,0.4853379796259105,76.73765497747809,4.012774035800248
1343,0.3555819857865572,1.0375130223110318,0.4847600357607007,81.7515900125727,3.7137670442461967
1344,0.38517999928444624,0.9740469977259636,0.4990189918316901,78.50633701309562,3.803082974627614
1345,0.35692896926775575,0.9899199940264225,0.48470194451510906,77.97287596622482,3.819603007286787
1346,0.35328196827322245,1.0185029823333025,0.49180100904777646,97.29989303741604,3.876978997141123
1347,0.4155730130150914,0.9452220401726663,0.4876130260527134,79.74799396470189,3.7173390155658126
1348,0.36636495497077703,1.3760239817202091,0.4842309863306582,89.8594280006364,3.7216140190139413
1349,0.3726729773916304,0.9574589785188437,0.49000995932146907,81.75755204865709,3.661537019070238
1350,0.3546219668351114,1.0205160360783339,0.5046809674240649,78.57043895637617,3.7305590230971575
1351,0.36097498377785087,0.9526490466669202,0.4945850232616067,77.25805998779833,3.827996028121561
1352,0.36409596214070916,0.9783680434338748,0.48843398690223694,83.8805740349926,3.671131969895214
1353,0.3488929942250252,0.9374910150654614,0.47981401439756155,79.51280701672658,3.6566799972206354
1354,0.35251601366326213,0.9441730217076838,0.4781130119226873,81.53632102767006,3.6975970142520964
1355,0.34930097172036767,0.9576560114510357,0.49642700469121337,83.89373100362718,3.6757500492967665
1356,0.36519899731501937,0.9442190057598054,0.4986940184608102,80.0881430041045,3.5572730121202767
1357,0.34063804196193814,0.9418880217708647,0.47466298565268517,79.756677034311,3.58081900049001
1358,0.35075400955975056,0.9819999686442316,0.5031910259276628,89.92077602306381,3.6565440241247416
1359,0.3559300093911588,0.9549389942549169,0.49281801329925656,80.14590997481719,3.5836139577440917
1360,0.3429449861869216,0.9480279986746609,0.5049090250395238,81.57650596695021,3.6653909482993186
1361,0.357357959728688,0.983192992862314,0.4864879883825779,86.97350905276835,3.5811790148727596
1362,0.34043495543301105,0.9526339708827436,0.5321020144037902,78.42645095661283,3.628315986134112
1363,0.34301099367439747,0.9383430005982518,0.5238050362095237,86.41399902990088,3.685575968120247
1364,0.34993200097233057,0.9743159753270447,0.5085470038466156,86.75314695574343,3.6776040215045214
1365,0.3574590082280338,0.9314609924331307,0.5129239871166646,82.7325300197117,3.615344990976155
1366,0.34033897100016475,0.9489289950579405,0.48530998174101114,78.92165501834825,3.6670800182037055
1367,0.3607459948398173,0.9901599842123687,0.4999630036763847,82.92458101641387,3.907346981577575
1368,0.39964396273717284,1.0672970092855394,0.5247669760137796,82.08889199886471,4.488197038881481
1369,0.36842399276793003,1.9281030399724841,0.4839409957639873,82.37953396746889,3.5730910021811724
1370,0.36249496042728424,0.9586960077285767,0.5289120017550886,84.06734600430354,3.5271859960630536
1371,0.36291597643867135,0.9343550191260874,0.47737895511090755,86.91916899988428,3.7846880150027573
1372,0.40693796472623944,0.9429359924979508,0.5029239691793919,91.61109296837822,3.5236830008216202
1373,0.3717440413311124,0.9933470282703638,0.5073859938420355,82.39707595203072,3.535300027579069
1374,0.3636920009739697,0.9511060197837651,0.4924359964206815,77.88703602273017,3.471943025942892
1375,0.35993801429867744,0.9553330019116402,0.5092939827591181,78.26596102677286,3.488874004688114
1376,0.334909011144191,0.9663910022936761,0.560440996196121,81.81252802023664,3.5452310112304986
1377,0.36472995998337865,0.9521259926259518,0.4899409832432866,77.83723098691553,3.6784459953196347
1378,0.3418870037421584,0.9430770296603441,0.4825920332223177,77.88242102833465,3.63311602268368
1379,0.3545869840309024,1.019876974169165,0.5089649930596352,82.10732002044097,3.673949046060443
1380,0.4400819889269769,1.0046720271930099,0.4362880135886371,94.15127005195245,1.6195789794437587
1381,0.16167201101779938,0.9772719931788743,0.48318301560357213,79.78589902631938,3.4048829693347216
1382,0.3261599922552705,0.9766300208866596,0.4814569838345051,82.69617898622528,3.478502039797604
1383,0.3416409599594772,1.8513830145820975,0.6349500035867095,93.83354603778571,1.562163990456611
1384,0.14447298599407077,0.9616009774617851,0.471776002086699,78.81844701478258,3.4327329485677183
1385,0.32534694764763117,0.9741840185597539,0.4846830270253122,94.20735604362562,1.5680689830332994
1386,0.14478398952633142,1.0232150088995695,0.24607701925560832,81.32829802343622,1.5937560237944126
1387,0.173863023519516,0.9545179782435298,0.47750998055562377,77.83953699981794,3.456365957390517
1388,0.3313309862278402,0.942121958360076,0.47454499872401357,81.14318503066897,1.60674296785146
1389,0.13558997306972742,0.957450014539063,0.2557489788159728,84.23393499106169,1.6252330387942493
1390,0.13860303442925215,0.949828012380749,0.47872099094092846,78.07357999263331,3.4406009945087135
1391,0.32131699845194817,1.037781999912113,0.5124070448800921,81.91048301523551,1.6754650278016925
1392,0.18114701379090548,0.924387015402317,0.4794779815711081,83.36163498461246,3.357248962856829
1393,0.3239379730075598,0.9598489850759506,0.47520699445158243,86.51023497805,3.3319430076517165
1394,0.3126629744656384,0.9211110300384462,0.4722920130006969,91.30286902654916,1.5294619952328503
1395,0.14162104343995452,0.9327619918622077,0.4728250205516815,77.36257399665192,3.336041991133243
1396,0.32017799094319344,0.9163620416074991,0.4691770300269127,82.40078401286155,3.295335976872593
1397,0.3132560523226857,0.9322970290668309,0.47514401376247406,86.12053497927263,1.5249460120685399
1398,0.13327394844964147,1.3834339915774763,0.5020140088163316,89.12149700336158,1.7809889977797866
1399,0.16352598322555423,1.1140319984406233,0.4677390097640455,91.61777095869184,3.3147829817608
1400,0.32021600054576993,0.9297729702666402,0.4898410406894982,81.94457995705307,1.5055779949761927
1401,0.1352990511804819,0.9347640443593264,0.2566089970059693,83.06690503377467,1.5699919895268977
1402,0.14467298751696944,0.9610740235075355,0.5047260201536119,79.23547097016126,3.4501299960538745
1403,0.34660601522773504,0.9297339711338282,0.47051801811903715,83.39294302277267,1.5169890248216689
1404,0.13688200851902366,0.9459060383960605,0.29026000993326306,78.8627999718301,1.5586350345984101
1405,0.1427999814040959,0.937158998567611,0.48845098353922367,77.33463798649609,3.3531489898450673
1406,0.3347450401633978,0.9220660431310534,0.4671409842558205,82.21083501121029,1.5899429563432932
1407,0.18293800530955195,0.9234399767592549,0.2357289777137339,82.42834400152788,1.4786690007895231
1408,0.13655703514814377,0.9149110410362482,0.48729998525232077,77.07224297337234,3.326083009596914
1409,0.40437502320855856,0.926962005905807,0.4301739973016083,84.34341702377424,1.4292810228653252
1410,0.12659700587391853,0.9275099728256464,0.25095802266150713,81.61465503508225,1.4308380195870996
1411,0.12854801025241613,0.9218920022249222,0.4590780008584261,81.0190059710294,2.9765840154141188
1412,0.29532494954764843,0.9465609909966588,0.4576729843392968,81.4947480103001,1.4230749802663922
1413,0.13354094699025154,0.937413948122412,0.23426400730386376,83.05115398252383,1.5887669869698584
1414,0.126404978800565,0.9182079811580479,0.47097797505557537,77.30196201009676,2.963398990686983
1415,0.2954969531856477,0.9284760453738272,0.4615799989551306,78.82666401565075,1.4208770007826388
1416,0.1453409786336124,0.9153540013357997,0.23369601694867015,77.57481402950361,1.375000982079655
1417,0.13555004261434078,0.9145759977400303,0.4584250273182988,77.19467103015631,3.0030650086700916
1418,0.2973809605464339,0.9339559474028647,0.4740869626402855,79.0619840263389,1.4118090039119124
1419,0.1290349755436182,0.9173749713227153,0.24462700821459293,78.55237397598103,1.3927810359746218
1420,0.13260002015158534,0.9159460314549506,0.46329799806699157,82.9094679793343,2.978247997816652
1421,0.297134043648839,0.9498290019109845,0.46141998609527946,83.87145400047302,1.4242379693314433
1422,0.134396948851645,0.9431999642401934,0.24410401238128543,82.87526603089646,1.4671209501102567
1423,0.12938497820869088,0.9514790144748986,0.48239598982036114,74.91432095412165,2.929045003838837
1424,0.3102850168943405,0.9399200207553804,0.49201399087905884,80.33570600673556,1.403297996148467
1425,0.16038399189710617,0.937043980229646,0.23280404275283217,79.25971801159903,1.3829889940097928
1426,0.13806798961013556,0.9154580184258521,0.5078970571048558,74.2151850135997,3.02786601241678
1427,0.2944829757325351,0.9487750357948244,0.48221100587397814,79.38112400006503,1.4188920031301677
1428,0.1478340127505362,0.9431079961359501,0.2637539873830974,80.60223597567528,1.4306030352599919
1429,0.12585200602188706,1.0718760313466191,0.48195698764175177,76.89330400899053,2.9883930110372603
1430,0.29072898905724287,0.9317430085502565,0.46242401003837585,79.6756690251641,1.425265974830836
1431,0.12449303176254034,0.9167040116153657,0.23321801563724875,82.22874399507418,1.509563997387886
1432,1.5846800524741411,0.9581699850969017,0.5014120251871645,76.03451696923003,2.7239859919063747
1433,0.28383301105350256,0.9317180374637246,0.4819490131922066,84.89181101322174,1.3329969951882958
1434,0.12067897478118539,0.9330050088465214,0.22966595133766532,94.93730595568195,1.368404016830027
1435,0.1720659784041345,0.922512961551547,0.4828630480915308,75.71009400999174,2.5525480159558356
1436,0.2765629906207323,0.9498510044068098,0.474839995149523,80.60879399999976,1.2343560229055583
1437,0.119796022772789,0.9475370170548558,0.22477400489151478,91.83541499078274,1.2520959717221558
1438,0.11553999502211809,0.9534510318189859,0.48252695705741644,74.50794702162966,2.607755013741553
1439,0.26407098630443215,0.9034280083142221,0.45577302807942033,80.88224998209625,1.2175730080343783
1440,0.13735902030020952,0.9273320320062339,0.2210510428994894,80.1499389926903,1.244791958015412
1441,0.11480599641799927,0.9037950076162815,0.4743199679069221,89.95509403757751,2.585306006949395
1442,0.2551740035414696,0.9239670471288264,0.4618390230461955,80.31892200233415,1.2257480411790311
1443,0.11988700134679675,0.8961139828898013,0.2231519902125001,92.91906998259947,1.2188280234113336
1444,0.11500803520902991,0.9806170128285885,0.4866599920205772,75.17117104725912,2.6284659979864955
1445,0.2601449959911406,0.9187739924527705,0.539519009180367,82.66841701697558,1.2221140204928815
1446,0.11177599662914872,0.910561007913202,0.2435040078125894,78.72742600739002,1.3767959899269044
1447,0.1073569874279201,0.9089749655686319,0.4825600190088153,75.2997410017997,2.59024603292346
1448,0.3060920280404389,0.9455499821342528,0.47081796219572425,81.83100400492549,1.305137004237622
1449,0.7687049801461399,0.9611819987185299,0.22888998501002789,78.49332602927461,1.1795260361395776
1450,0.11976301902905107,0.9540549945086241,0.4466139944270253,76.7185099539347,2.4819370009936392
1451,0.2681870246306062,0.925872998777777,0.4688369808718562,79.28485295269638,1.1738709872588515
1452,0.11097901733592153,0.9144069626927376,0.22079795598983765,79.20751097844914,1.174915989395231
1453,0.11767802061513066,0.8985080057755113,0.4712489899247885,76.27374102594331,2.4626380181871355
1454,0.25009200908243656,0.9109390084631741,0.4677199758589268,84.74557899171486,1.1401069932617247
1455,0.10644795838743448,0.8958340040408075,0.22432702826336026,78.01303797168657,1.138749998062849
1456,0.10997499339282513,0.8893280173651874,0.6329430034384131,74.5543779921718,2.4792710319161415
1457,0.2478869864717126,0.9145429939962924,0.444015022367239,81.22708898736164,1.146820024587214
1458,0.10901200585067272,0.8980800048448145,0.22179499501362443,76.58784900559112,1.1416399502195418
1459,0.11521700071170926,0.8980690035969019,0.4563240217976272,74.28011699812487,2.3826509714126587
1460,0.260733999311924,0.9115029824897647,0.4480329807847738,81.29673497751355,1.175026991404593
1461,0.11144101154059172,0.9327679872512817,0.2226640353910625,81.73104398883879,1.1669599916785955
1462,0.10957801714539528,0.8830240112729371,0.6630629650317132,75.86516998708248,2.5471440167166293
1463,0.7361479802057147,0.918106990866363,0.4612979828380048,80.07813600124791,2.3371849674731493
1464,0.2438899828121066,0.8987360051833093,0.4624190041795373,76.13651698920876,1.1341109639033675
1465,0.1080739893950522,0.9094799752347171,0.633339979685843,88.74134701909497,2.2976850159466267
1466,0.2567910123616457,0.9304790291935205,0.47448696568608284,81.6323030157946,2.3288039956241846
1467,0.24170201504603028,0.9273050236515701,0.4684290033765137,88.76940602203831,1.8709279829636216
1468,0.21483597811311483,0.9357689996249974,0.48122002044692636,76.75843097968027,2.3137099924497306
1469,0.2433379995636642,0.9140910115092993,0.4501510411500931,79.89688299130648,2.336243982426822
1470,0.25809096405282617,0.8837610366754234,0.44600601540878415,75.94334799796343,2.4513049866072834
1471,0.3123799688182771,0.9010329958982766,0.44002803042531013,79.37987201148644,2.611134957987815
1472,0.23488595616072416,0.9238439961336553,0.48266700468957424,92.45566301979125,2.1234439918771386
1473,0.22514502052217722,0.8903300040401518,0.4508660058490932,90.10005497839302,1.0106400004588068
1474,0.10689202463254333,0.9167449898086488,0.4632290219888091,79.40938795218244,2.530694007873535
1475,0.6973809795454144,0.7143969996832311,0.4624769790098071,69.3769789650105,1.8353959894739091
1476,0.2545719617046416,0.6999809993430972,0.3933690022677183,63.878338027279824,0.7831630064174533
1477,0.10683899745345116,0.6932340329512954,0.39030000334605575,64.53800201416016,1.8403760041110218
1478,0.20834599854424596,0.6990290130488575,0.4024509689770639,69.64973697904497,1.824584964197129
1479,0.2250390243716538,0.7119529764167964,0.4170319880358875,64.60703100310639,0.7835730211809278
1480,0.09018700802698731,0.6881890003569424,0.3948959638364613,65.87445898912847,1.7976980307139456
1481,0.20834896713495255,0.7098889909684658,0.4036029567942023,67.50937300967053,1.8163989880122244
1482,0.2215009881183505,0.7225209847092628,0.4072519950568676,62.94266297481954,0.7754999678581953
1483,0.08933700155466795,0.7064099772833288,0.39384496631100774,65.24722999893129,2.280876040458679
1484,0.1877020113170147,0.7002470083534718,0.4463900113478303,68.46305099315941,1.7899530357681215
1485,0.21731399465352297,0.7028919644653797,0.40879001608118415,64.06275602057576,0.7881679921410978
1486,0.08425500709563494,0.6979089812375605,0.41661900468170643,65.7984500285238,1.8197390018031
1487,0.21872896468266845,0.7186620496213436,0.41862594662234187,70.40892395889387,1.821868005208671
1488,0.2076170057989657,0.6813190411776304,0.40962500497698784,65.7335119904019,0.7763030007481575
1489,0.08372898446395993,0.7218100363388658,0.39213598938658834,63.241866999305785,1.8367529846727848
1490,0.20425202092155814,0.7074149907566607,0.4049880080856383,68.94191598985344,1.8108669901266694
1491,0.2055990044027567,0.7083510281518102,0.40687801083549857,65.17665600404143,0.8028699667192996
1492,0.08579599671065807,0.7020460325293243,0.4118579672649503,64.34572802390903,1.8191250273957849
1493,0.2121470170095563,0.6943960324861109,0.40123797953128815,67.55226204404607,1.8072020029649138
1494,0.2159790019504726,0.7083310047164559,0.39782305248081684,62.661188014317304,0.7854040013626218
1495,0.08237001020461321,0.7077710470184684,0.4497719928622246,68.75608494738117,1.8029690254479647
1496,0.2015350037254393,1.5755780041217804,0.3944530035369098,68.72352701611817,1.9023909699171782
1497,0.203826988581568,0.7139189983718097,0.39768096758052707,65.52228500368074,0.7785729831084609
1498,0.09611499262973666,0.7074050372466445,0.39331597508862615,65.77350397128612,1.8109429511241615
1499,0.22716698003932834,0.7207930320873857,0.4185409634374082,67.31421797303483,1.7654540133662522
1500,0.20790298003703356,0.7026649545878172,0.3973059938289225,64.21739998040721,0.8758059702813625
1501,0.08792197331786156,0.6907499628141522,0.3909480292350054,64.46919799782336,1.8344389973208308
1502,0.22133399033918977,0.6953059928491712,0.419092015363276,68.42954596504569,1.8883469747379422
1503,0.20971399499103427,0.6982319755479693,0.393753987737,65.10767695726827,0.7839020108804107
1504,0.0817640102468431,0.7071669679135084,0.3941759932786226,62.94355203863233,1.8256980110891163
1505,0.20831602159887552,0.7325499900616705,0.40435203118249774,68.99785000132397,1.7891210154630244
1506,0.20321999909356236,0.6888530333526433,0.39712199941277504,66.52346800547093,0.8011439931578934
1507,0.08289603283628821,0.691599037963897,0.3928430378437042,63.99195303674787,1.8163460190407932
1508,0.20319496979936957,0.7046089740470052,0.390989996958524,69.06636100029573,1.8314100452698767
1509,0.2001479733735323,0.6896699778735638,0.3993419813923538,62.28207895765081,0.7762970053590834
1510,0.08575001265853643,0.7072609732858837,0.39231503615155816,64.09405398881063,1.869280997198075
1511,0.22318598348647356,0.691103981807828,0.425515987444669,71.04011898627505,1.820403034798801
1512,0.2153039677068591,0.6926030036993325,0.41627901373431087,62.68287403509021,0.7788369548507035
1513,0.08239800808951259,0.7201769622042775,0.39433303754776716,62.77971900999546,1.9041940104216337
1514,0.20364695228636265,0.6992479902692139,0.40144799277186394,67.9554520174861,1.794840965885669
1515,0.2051080227829516,0.701863958965987,0.39427599404007196,63.42521001351997,0.8018750231713057
1516,0.08411501767113805,0.6952169933356345,0.4032609867863357,63.21271799970418,2.149826963432133
1517,0.2585920155979693,0.7070379797369242,0.40829001227393746,67.25671299500391,1.812992966733873
1518,0.2011900069192052,0.7009649998508394,0.4129110020585358,72.67046201741323,0.7683729636482894
1519,0.08991500362753868,0.7055870373733342,0.39590400410816073,63.956386991776526,1.8778240191750228
1520,0.20004197722300887,0.6946380017325282,0.3968369564972818,66.37626502197236,1.8000899581238627
1521,0.20375300664454699,0.7066469988785684,0.4169870517216623,64.06765501014888,0.771070015616715
1522,0.08306402014568448,0.7025189697742462,0.4630829789675772,66.66491599753499,1.860680989921093
1523,0.20491500617936254,0.7032289868220687,0.3993720165453851,66.31338904844597,1.8078759894706309
1524,0.2189440419897437,0.6890079821459949,0.41147397132590413,64.00206201942638,0.7717499975115061
1525,0.08179800352081656,0.7034659502096474,0.4123139660805464,65.01247803680599,1.8898670095950365
1526,0.20216096891090274,0.7020230405032635,0.4369220114313066,69.19066800037399,1.8000149866566062
1527,0.20514702191576362,0.6833570078015327,0.3938820445910096,64.686811005231,0.7579670054838061
1528,0.08236197754740715,0.7018890464678407,0.4075710312463343,63.714785035699606,2.0731239928863943
1529,0.6262700189836323,0.7116870256140828,0.40789495687931776,67.21258698962629,1.6697960090823472
1530,0.20070996833965182,0.7103669922798872,0.4089360008947551,65.04583498463035,0.7111630402505398
1531,0.08318101754412055,0.7020030170679092,0.4112080205231905,64.37099300092086,1.7459859955124557
1532,0.21194899454712868,0.7075110333971679,0.3977640299126506,66.8383149895817,1.705656002741307
1533,0.19545003306120634,0.7077230256982148,0.39187195943668485,65.53298397921026,0.7228630129247904
1534,0.08229498052969575,0.6972219562157989,0.39077497785910964,68.42888100072742,1.6941639478318393
1535,0.1937909983098507,0.712934008333832,0.3995919832959771,69.02229494880885,1.6450939583592117
1536,0.2050799666903913,0.6862020236440003,0.3938119625672698,64.2056560027413,0.7208850001916289
1537,0.07921602809801698,0.7027009851299226,0.40823500603437424,64.18042501900345,1.6827219515107572
1538,0.1913299784064293,0.6834089872427285,0.39957696571946144,68.74984904425219,1.6553979949094355
1539,0.2118419506587088,0.6935499841347337,0.40674099000170827,66.00473396247253,0.7805919740349054
1540,0.11274497956037521,0.6947890506125987,0.38892601151019335,62.96183500671759,1.7061520484276116
1541,0.2028099843300879,0.7521230145357549,0.39418600499629974,67.69834196893498,1.3199690147303045
1542,0.17959001706913114,0.698212010320276,0.4107909626327455,72.94392999028787,0.5878839874640107
1543,0.07245701272040606,0.6794690270908177,0.3845129976980388,78.9614490349777,1.3536559999920428
1544,0.17201399896293879,0.6967569934204221,0.3922460018657148,67.29407300008461,1.321801042649895
1545,0.17192604718729854,0.6850700010545552,0.3874999820254743,63.76164895482361,0.5982950096949935
1546,0.07517501944676042,0.7145779673010111,0.4188839811831713,70.73244301136583,1.338360016234219
1547,0.1998770167119801,0.7066549733281136,0.3873310051858425,72.21895398106426,1.3396579888649285
1548,0.1783649786375463,0.6873949896544218,0.40599197382107377,65.21904596593231,0.5917109665460885
1549,0.07308099884539843,0.6937059806659818,0.38366601802408695,63.88894701376557,1.3788040378130972
1550,0.1833090209402144,0.6802369607612491,0.42435299837961793,70.06610301323235,1.5494180261157453
1551,0.22632197942584753,0.6722640246152878,0.3850539796985686,67.22726300358772,0.5089030019007623
1552,0.07329299114644527,0.7071179570630193,0.37979200715199113,64.61696902988479,1.1406849953345954
1553,0.16612198669463396,0.6851429934613407,0.38972997572273016,67.56732700159773,1.1124309967271984
1554,0.15894899843260646,0.6937150028534234,0.3782419953495264,69.73272596951574,0.5081490380689502
1555,0.06841804133728147,0.6632120348513126,0.38090499583631754,66.52505998499691,1.1018250370398164
1556,0.15861500287428498,0.676987983752042,0.41632604552432895,73.87579802889377,1.1368269915692508
1557,0.16282900469377637,0.6874429527670145,0.38042396772652864,65.0482340133749,0.5216999561525881
1558,0.06782700074836612,0.7056929753161967,0.37948600947856903,67.5326359923929,1.2887160410173237
1559,0.1997080398723483,0.7149290177039802,0.38922001840546727,70.83042903104797,0.9830669732764363
1560,0.16408698866143823,0.6918989820405841,0.3757140366360545,62.58319201879203,0.43799099512398243
1561,0.06554101128131151,0.6732550100423396,0.37844799226149917,65.92524697771296,0.9579469915479422
1562,0.16949401469901204,0.6824110168963671,0.3803580184467137,68.99929605424404,0.9484339971095324
1563,0.16737100668251514,0.6716279895044863,0.37819601129740477,66.39953097328544,0.4421569756232202
1564,0.06548402598127723,0.6934730336070061,0.38469303399324417,64.45311103016138,0.9377289679832757
1565,0.14788901899009943,0.6671130540780723,0.41367002995684743,69.26919799298048,0.9668919956311584
1566,0.14732201816514134,0.6770400214008987,0.37802697625011206,66.37074798345566,1.3017559540458024
1567,0.19112799782305956,0.6758579984307289,0.37089001853019,64.99850004911423,0.7247549947351217
1568,0.14287402154877782,0.683677033521235,0.4374799900688231,68.23838001582772,0.706314982380718
1569,0.1375559950247407,0.6912780227139592,0.4204630386084318,70.10825700126588,0.7304739556275308
1570,0.13423198834061623,0.6851280340924859,0.3952240222133696,67.12147500365973,0.7681989809498191
1571,0.13960798969492316,0.6752259796485305,0.3885289770551026,68.68062005378306,0.7117670029401779
1572,0.13497902546077967,0.6926119676791131,0.4262590082362294,64.77102398639545,0.7303970050998032
1573,0.13352296082302928,0.6727120489813387,0.38749200757592916,66.88872398808599,0.6832390208728611
1574,0.1550000160932541,0.6799239781685174,0.3747359733097255,66.00232300115749,0.6865839823149145
1575,0.13665499864146113,0.6885260227136314,0.3745060530491173,64.03298303484917,0.6956739816814661
1576,0.13253098586574197,0.6442609592340887,0.3868489875458181,64.75996604422107,0.7190639735199511
1577,0.13023102656006813,0.6833799998275936,0.3964450443163514,70.12203597696498,0.7125159609131515
1578,0.13582600513473153,0.6849460187368095,0.3749899915419519,65.07756799692288,0.7248430047184229
1579,0.13220100663602352,0.6739629898220301,0.36946701584383845,63.51916602579877,0.7262940052896738
1580,0.14987500617280602,0.6683070096187294,0.3748299786821008,66.59525301074609,0.7117990171536803
1581,0.13083999510854483,0.700934964697808,0.37397502455860376,68.16845701541752,0.7119589718058705
1582,0.13971299631521106,0.67993497941643,0.3926070057787001,66.2566110258922,0.6909259827807546
1583,0.13598997611552477,0.673437025398016,0.3742880071513355,67.39625200862065,0.6944960332475603
1584,0.135079026222229,0.6853489903733134,0.3732979530468583,65.56052702944726,0.7283470476977527
1585,0.13861997285857797,0.6602749926969409,0.37056999281048775,66.47364102536812,0.7179600070230663
1586,0.1316010020673275,0.6964830099605024,0.3921380266547203,65.4631060315296,0.7390929968096316
1587,0.13400701573118567,0.6920960149727762,0.3941559698432684,66.0733450204134,0.6974030402489007
1588,0.13523700181394815,0.6588129908777773,0.37373299710452557,66.05668598785996,0.7030479609966278
1589,0.1309380168095231,0.6722050020471215,0.40870695374906063,68.41024599270895,0.6777330418117344
1590,0.15051901573315263,0.6557849701493979,0.3742569824680686,64.34841401642188,0.6932619726285338
1591,0.15418801922351122,0.6605620146729052,0.36857498344033957,64.21169399982318,0.7106009870767593
1592,0.13556901831179857,0.6896069971844554,0.37940096808597445,66.97908096248284,0.7203159620985389
1593,0.15218998305499554,0.6843879818916321,0.43419201392680407,64.47089201537892,0.6943410262465477
1594,0.15171605627983809,0.6675689946860075,0.36895001539960504,64.29463397944346,0.7238530088216066
1595,0.13262697029858828,0.6835379754193127,0.3961490001529455,67.69613700453192,0.7577340002171695
1596,0.13597297947853804,0.685841019731015,0.3779390244744718,69.08094201935455,0.7228080066852272
1597,0.13374700210988522,0.6508139776997268,0.39000000106170774,79.17601201916113,0.7143489783629775
1598,0.154317996930331,0.6736840005032718,0.3683399991132319,68.03191400831565,0.7114600157365203
1599,0.13288704212754965,0.6906070047989488,0.37357897963374853,66.19302503531799,0.7076489855535328
1600,0.15893299132585526,0.6623310036957264,0.38283399771898985,64.16978099150583,0.7683369913138449
1601,0.13399001909419894,0.656699005048722,0.39170897798612714,67.47551797889173,0.7097510388121009
1602,0.13262801803648472,0.6507830112241209,0.5263600032776594,78.48646701313555,0.7742129964753985
1603,0.13655598741024733,0.6527410005219281,0.39449601899832487,65.60687097953632,0.7190650212578475
1604,0.13311300426721573,0.6881409790366888,0.4031769931316376,70.56582701625302,0.7230810006149113
1605,0.1417740131728351,0.6842989823780954,0.37082500057294965,79.59023700095713,0.7391070248559117
1606,0.13723503798246384,0.8927729795686901,0.4133720067329705,93.78094098065048,0.6974380230531096
1607,0.13774802209809422,0.6886940100230277,0.3721360117197037,67.23931501619518,0.7177349762059748
1608,0.1339190057478845,0.6575689767487347,0.3988929674960673,65.3052399866283,0.7382340263575315
1609,0.13999396469444036,0.6538889720104635,0.372270995285362,82.17959001194686,0.7171489996835589
1610,0.13267999747768044,0.6583550130017102,0.4017050378024578,69.21012996463105,0.7179140229709446
1611,0.13429997488856316,0.6755260401405394,0.3940509632229805,63.88717098161578,0.7353569963015616
1612,0.1365459756925702,0.7304479950107634,0.3754370263777673,65.06892800098285,0.7279879646375775
1613,0.13662903802469373,0.6819629925303161,0.4093019524589181,68.0184280499816,0.7088819984346628
1614,0.13643596321344376,0.6622910150326788,0.3750099567696452,64.49952098773792,0.7234300137497485
1615,0.1489690039306879,0.7047390099614859,0.37874700501561165,80.857845954597,0.7257930119521916
1616,0.13594998745247722,0.6796820089221001,0.3783630090765655,67.48564203735441,0.7345000049099326
1617,0.1341549796052277,0.6800389965064824,0.3974589635618031,64.42683195928112,0.7311850204132497
1618,0.13226200826466084,0.6443029851652682,0.39240799378603697,65.68145501660183,0.7444639923051
1619,0.1357609871774912,0.6519400049000978,0.3961140173487365,67.73295300081372,0.7149350130930543
1620,0.13325002510100603,0.6717829965054989,0.36669697146862745,66.78249902324751,0.7392279803752899
1621,0.1348269870504737,0.668055028654635,0.3917140420526266,64.32120100362226,0.7354409899562597
1622,0.13283698353916407,0.6630639545619488,0.3947170334868133,66.52027502423152,0.7111260201781988
1623,0.13370299711823463,0.6659360369667411,0.42063300497829914,63.64673102507368,0.7340830052271485
1624,0.13448396930471063,0.6641920190304518,0.39714097511023283,65.43336005415767,0.7420500041916966
1625,0.1360579626634717,0.6711589521728456,0.3987019881606102,70.66265301546082,0.731014006305486
1626,0.1350889797322452,0.6643829983659089,0.39642094634473324,66.10912003088742,0.702165998518467
1627,0.13841100735589862,0.6667860434390604,0.36969699431210756,63.4403660078533,0.724739977158606
1628,0.15473400708287954,0.675339950248599,0.3738140221685171,68.45035601872951,0.7144220289774239
1629,0.13224995927885175,0.679416989441961,0.38798601599410176,65.96476800041273,0.7318810094147921
1630,0.16063899965956807,0.6605209782719612,0.37052901461720467,63.58390802051872,0.7179819513112307
1631,0.13813498662784696,0.6749010062776506,0.37933699786663055,68.34934500511736,0.6842740112915635
1632,0.1344259944744408,0.6704039988107979,0.370511959772557,69.89488197723404,0.6981060141697526
1633,0.1399689936079085,0.6678240024484694,0.3704510163515806,65.6803929596208,0.7580319652333856
1634,0.15705800615251064,0.6704680272378027,0.3725389833562076,68.111038999632,0.7769099902361631
1635,0.13359403237700462,0.679295975714922,0.41492999298498034,65.92733401339501,0.7450400153174996
1636,0.1330359955318272,0.6567530217580497,0.3739229869097471,64.66924695996568,0.7072359439916909
1637,0.1298700226470828,0.6850769859738648,0.37546601379290223,67.99384497571737,0.7372279651463032
1638,0.1559089869260788,0.6975599681027234,0.38077495992183685,64.98000799911097,0.7339789881370962
1639,0.13768201461061835,0.6673099705949426,0.3952719853259623,65.19494799431413,0.7843490457162261
1640,0.17815700266510248,15.749792975839227,0.4225389566272497,68.83574899984524,0.5885230493731797
1641,0.12146797962486744,0.6453270325437188,0.42946997564285994,64.75724000483751,0.9144180221483111
