Batch Id,mlp_up_proj,mlp_up_proj_all_gather,mlp_activation,mlp_down_proj,mlp_down_proj_all_reduce,attn_pre_proj,attn_pre_proj_all_gather,attn_post_proj,attn_post_proj_all_reduce,attn_kv_cache_save,attn,attn_prefill,attn_decode,attn_rope,attn_input_reshape,attn_output_reshape,embed_linear,embed_all_reduce,lm_head_linear,lm_head_all_gather,input_layernorm,post_attention_layernorm,norm,add,nccl_send,nccl_recv
0,0.5775,,0.04,0.3345,1.2805,0.41300000000000003,,0.127,1.3679999999999999,,,0.07833333333333332,,,0.0,0.0016666666666666668,,,,,0.0205,0.0195,,,,
1,0.584,,0.04,0.337,0.9575,0.4145,,0.1245,1.2080000000000002,,,0.06291666666666666,0.0245,,0.0,0.00125,,,,,0.0205,0.0195,,,,
2,0.5845,,0.0405,0.338,1.163,0.40700000000000003,,0.125,1.3935,,,0.07508333333333334,0.042,,0.0,0.0015,,,,,0.021,0.02,,,,
3,0.573,,0.0405,0.3365,0.9550000000000001,0.406,,0.124,1.4080000000000001,,,0.09533333333333333,0.0625,,0.0,0.0016666666666666668,,,,,0.02,0.02,,,,
4,0.5794999999999999,,0.0405,0.3375,1.0425,0.406,,0.1265,4.955,,,0.10049999999999999,0.0845,,0.0,0.0016666666666666668,,,,,0.0205,0.019,,,,
5,0.5715000000000001,,0.0405,0.3375,3.5200000000000005,0.41100000000000003,,0.129,1.3745,,,0.238,0.105,,0.0,0.002,,,,,0.02,0.019,,,,
6,0.575,,0.0405,0.338,1.0175,0.40900000000000003,,0.129,2.5595000000000003,,,0.13416666666666668,0.108,,0.0,0.0015833333333333333,,,,,0.0205,0.019,,,,
7,0.5805,,0.0405,0.3365,5.191,0.41250000000000003,,0.1295,5.882499999999999,,,0.08750000000000001,0.152,,0.0,0.0013333333333333333,,,,,0.02,0.019,,,,
8,0.5780000000000001,,0.0405,0.3375,4.9094999999999995,0.41000000000000003,,0.1315,1.457,,,0.06133333333333334,0.168,,0.0,0.00125,,,,,0.02,0.019,,,,
9,0.579,,0.0405,0.338,1.9840000000000002,0.40950000000000003,,0.1265,2.178,,,0.06925,0.196,,0.0,0.0015,,,,,0.02,0.019,,,,
10,0.5725,,0.0405,0.338,0.9725000000000001,0.41200000000000003,,0.1305,1.242,,,0.08666666666666667,0.2265,,0.0,0.0016666666666666668,,,,,0.0205,0.019,,,,
11,0.5730000000000001,,0.0405,0.339,4.25,0.40750000000000003,,0.126,1.36,,,0.23650000000000002,0.2525,,0.0,0.002,,,,,0.02,0.019,,,,
12,0.5735,,0.0405,0.3405,0.9435,0.41200000000000003,,0.1275,1.4495,,,0.165,0.255,,0.0,0.0016666666666666668,,,,,0.021,0.019,,,,
13,0.5725,,0.0405,0.3355,1.7055,0.40950000000000003,,0.125,1.1325,,,0.215,0.3155,,0.0,0.002,,,,,0.02,0.019,,,,
14,0.5760000000000001,,0.0405,0.337,3.4450000000000003,0.40850000000000003,,0.127,1.2495,,,0.3215,0.3175,,0.0,0.002,,,,,0.021,0.019,,,,
15,0.5710000000000001,,0.0405,0.338,0.994,0.4045,,0.125,1.2325,,,0.129,0.3185,,0.0,0.0016666666666666668,,,,,0.02,0.019,,,,
16,0.5695000000000001,,0.0405,0.3385,1.9675000000000002,0.40800000000000003,,0.127,1.077,,,0.311,0.3565,,0.0,0.002,,,,,0.02,0.019,,,,
17,0.5680000000000001,,0.0405,0.3385,4.381,0.4005,,0.126,1.4835,,,0.41150000000000003,0.358,,0.0,0.002,,,,,0.02,0.019,,,,
18,0.5655000000000001,,0.0405,0.338,6.512,0.4045,,0.1265,1.1965,,,0.517,0.3565,,0.0,0.002,,,,,0.0205,0.019,,,,
19,0.5690000000000001,,0.0405,0.337,1.3685,0.402,,0.1245,2.2575000000000003,,,0.19033333333333335,0.3565,,0.0,0.0016666666666666668,,,,,0.02,0.019,,,,
20,0.5720000000000001,,0.0405,0.3405,3.3625,0.40700000000000003,,0.123,1.248,,,0.266,0.4625,,0.0,0.002,,,,,0.0205,0.019,,,,
21,0.5740000000000001,,0.04,0.3385,0.9710000000000001,0.41050000000000003,,0.1255,1.264,,,0.0795,0.464,,0.0,0.00125,,,,,0.02,0.019,,,,
22,0.5730000000000001,,0.0405,0.3365,1.218,0.4035,,0.1245,2.094,,,0.20700000000000002,0.5115000000000001,,0.0,0.002,,,,,0.0205,0.019,,,,
23,0.5720000000000001,,0.0405,0.3375,3.057,0.40850000000000003,,0.1265,8.482000000000001,,,0.07308333333333333,0.51,,0.0,0.0015,,,,,0.02,0.019,,,,
24,0.5710000000000001,,0.0405,0.3375,1.3595000000000002,0.40900000000000003,,0.1255,1.1775,,,0.3045,0.5325,,0.0,0.002,,,,,0.0205,0.019,,,,
25,0.5775,,0.04,0.3365,1.541,0.405,,0.127,2.313,,,0.121,0.5335000000000001,,0.0,0.0016666666666666668,,,,,0.02,0.019,,,,
26,0.5695000000000001,,0.0405,0.3375,3.6454999999999997,0.40850000000000003,,0.126,1.08,,,0.3,0.5670000000000001,,0.0,0.002,,,,,0.02,0.019,,,,
27,0.5735,,0.0405,0.3385,1.0125,0.40700000000000003,,0.1275,1.8385,,,0.1446666666666667,0.5720000000000001,,0.0,0.0016666666666666668,,,,,0.0205,0.019,,,,
28,0.5720000000000001,,0.0405,0.338,1.3475000000000001,0.404,,0.1255,2.1905,,,0.2665,0.6094999999999999,,0.0,0.002,,,,,0.02,0.019,,,,
29,0.5780000000000001,,0.0405,0.3375,3.2020000000000004,0.4025,,0.1255,2.0385,,,0.06525,0.6074999999999999,,0.0,0.0010500000000000002,,,,,0.02,0.019,,,,
30,0.5665,,0.0405,0.339,1.25,0.41000000000000003,,0.1265,1.166,,,0.245,0.649,,0.0,0.002,,,,,0.0205,0.019,,,,
31,0.5715000000000001,,0.0405,0.339,1.459,0.402,,0.126,1.705,,,0.34550000000000003,0.65,,0.0,0.002,,,,,0.02,0.019,,,,
32,0.5740000000000001,,0.0405,0.3375,3.555,0.403,,0.126,1.316,,,0.446,0.6465000000000001,,0.0,0.002,,,,,0.02,0.019,,,,
33,0.5695000000000001,,0.04,0.3375,0.9924999999999999,0.4035,,0.125,3.3970000000000002,,,0.17049999999999998,0.65,,0.0,0.0016666666666666668,,,,,0.02,0.019,,,,
34,0.5795,,0.0405,0.339,1.1565,0.406,,0.127,9.935500000000001,,,0.263,0.7075,,0.0,0.002,,,,,0.02,0.019,,,,
35,0.5690000000000001,,0.0405,0.3375,3.428,0.406,,0.127,2.9375000000000004,,,0.361,0.708,,0.0,0.002,,,,,0.02,0.019,,,,
36,0.5730000000000001,,0.0405,0.3355,1.022,0.40800000000000003,,0.1265,1.1715,,,0.468,0.7075,,0.0,0.002,,,,,0.021,0.019,,,,
37,0.5700000000000001,,0.0405,0.3375,2.0460000000000003,0.406,,0.1255,3.7445000000000004,,,0.18283333333333332,0.7104999999999999,,0.0,0.0016666666666666668,,,,,0.02,0.019,,,,
38,0.5710000000000001,,0.0405,0.3375,3.551,0.40800000000000003,,0.126,2.7815,,,0.26,0.772,,0.0,0.002,,,,,0.021,0.019,,,,
39,0.581,,0.0405,0.334,1.1945000000000001,0.40700000000000003,,0.125,1.421,,,0.059583333333333335,0.7715000000000001,,0.0,0.001,,,,,0.02,0.019,,,,
40,0.5670000000000001,,0.0405,0.339,1.291,0.402,,0.1265,3.761,,,0.257,0.809,,0.0,0.002,,,,,0.02,0.019,,,,
41,0.5794999999999999,,0.0405,0.335,3.6695,0.40650000000000003,,0.124,2.7270000000000003,,,0.08516666666666667,0.8130000000000001,,0.0,0.0013000000000000002,,,,,0.02,0.019,,,,
42,0.573,,0.0405,0.3385,1.3980000000000001,0.40850000000000003,,0.1255,1.1415,,,0.23850000000000002,0.85,,0.0,0.002,,,,,0.02,0.019,,,,
43,0.5695000000000001,,0.0405,0.3375,1.347,0.405,,0.124,3.6935,,,0.337,0.8505,,0.0,0.002,,,,,0.02,0.019,,,,
44,0.577,,0.0405,0.339,3.4935,0.4035,,0.1245,2.5484999999999998,,,0.441,0.8494999999999999,,0.0,0.002,,,,,0.02,0.019,,,,
45,0.5735000000000001,,0.0405,0.3385,1.233,0.4055,,0.127,2.8615,,,0.5325,0.85,,0.0,0.002,,,,,0.02,0.019,,,,
46,0.5715000000000001,,0.0405,0.3375,1.4815,0.4045,,0.1265,2.2195,,,0.1515,0.8494999999999999,,0.0,0.0016666666666666668,,,,,0.0205,0.019,,,,
47,0.575,,0.0405,0.3385,7.072,0.4125,,0.1255,4.689500000000001,,,0.11616666666666665,0.9195,,0.0,0.0016666666666666668,,,,,0.0205,0.019,,,,
48,0.575,,0.0405,0.338,1.3735,0.41050000000000003,,0.1235,0.9530000000000001,,,0.307,0.934,,0.0,0.002,,,,,0.0205,0.019,,,,
49,0.5695000000000001,,0.0405,0.339,1.09,0.4055,,0.1265,2.353,,,0.1708333333333333,0.9325000000000001,,0.0,0.0016666666666666668,,,,,0.02,0.019,,,,
50,0.5715,,0.0405,0.3375,3.6670000000000003,0.41200000000000003,,0.125,1.2595,,,0.232,0.981,,0.0,0.002,,,,,0.0205,0.019,,,,
51,0.5725,,0.0405,0.336,1.3005,0.40800000000000003,,0.125,1.2805,,,0.342,0.967,,0.0,0.002,,,,,0.02,0.019,,,,
52,0.5765,,0.0405,0.3395,1.456,0.40800000000000003,,0.127,2.183,,,0.16233333333333333,0.9695,,0.0,0.0016666666666666668,,,,,0.0205,0.019,,,,
53,0.5735,,0.0405,0.338,3.7805,0.40950000000000003,,0.126,1.0365,,,0.263,1.0155,,0.0,0.002,,,,,0.02,0.019,,,,
54,0.5705,,0.0405,0.337,1.145,0.4125,,0.128,1.058,,,0.12983333333333333,1.0170000000000001,,0.0,0.0013333333333333333,,,,,0.0205,0.019,,,,
55,0.579,,0.0405,0.3375,1.2970000000000002,0.4055,,0.127,2.499,,,0.06075,1.0485,,0.0,0.00125,,,,,0.02,0.019,,,,
56,0.573,,0.0405,0.339,3.4255,0.40800000000000003,,0.1275,1.179,,,0.28400000000000003,1.0665,,0.0,0.002,,,,,0.021,0.019,,,,
57,0.573,,0.0405,0.3385,1.1995,0.41100000000000003,,0.1275,1.6335000000000002,,,0.387,1.061,,0.0,0.002,,,,,0.0205,0.019,,,,
58,0.5735,,0.0405,0.3405,1.577,0.404,,0.125,2.36,,,0.18383333333333338,1.0625,,0.0,0.0016666666666666668,,,,,0.02,0.019,,,,
59,0.5670000000000001,,0.0405,0.3365,3.358,0.406,,0.1255,1.1885000000000001,,,0.2445,1.1255000000000002,,0.0,0.002,,,,,0.02,0.019,,,,
60,0.5740000000000001,,0.0405,0.333,1.4825000000000002,0.40900000000000003,,0.1255,1.322,,,0.11499999999999999,1.126,,0.0,0.0016666666666666668,,,,,0.02,0.019,,,,
61,0.5775,,0.0405,0.337,1.751,0.40800000000000003,,0.124,5.6135,,,0.13183333333333336,1.1445,,0.0,0.0016666666666666668,,,,,0.02,0.019,,,,
62,0.5740000000000001,,0.0405,0.338,3.637,0.4035,,0.125,1.2135,,,0.07083333333333333,1.177,,0.0,0.0015,,,,,0.0205,0.019,,,,
63,0.5725,,0.0405,0.339,1.2970000000000002,0.40650000000000003,,0.1265,1.238,,,0.10833333333333332,1.1815,,0.0,0.0016666666666666668,,,,,0.02,0.019,,,,
64,0.5715000000000001,,0.0405,0.3385,4.148,0.405,,0.1245,3.558,,,0.0655,1.201,,0.0,0.00125,,,,,0.0205,0.019,,,,
65,0.5740000000000001,,0.0405,0.339,3.5745000000000005,0.40850000000000003,,0.1245,1.705,,,0.20700000000000002,1.2360000000000002,,0.0,0.002,,,,,0.02,0.019,,,,
66,0.5720000000000001,,0.0405,0.3375,1.2895,0.4015,,0.1275,1.316,,,0.3135,1.234,,0.0,0.002,,,,,0.0205,0.019,,,,
67,0.5805,,0.0405,0.336,1.0105,0.41000000000000003,,0.1275,1.342,,,0.12483333333333335,1.2309999999999999,,0.0,0.0015,,,,,0.02,0.019,,,,
68,0.5710000000000001,,0.0405,0.341,3.418,0.40800000000000003,,0.124,1.1765,,,0.084,1.2835,,0.0,0.0013333333333333333,,,,,0.0205,0.019,,,,
69,0.5745,,0.0405,0.3395,1.8755000000000002,0.41000000000000003,,0.125,1.2335,,,0.244,1.2965,,0.0,0.002,,,,,0.02,0.019,,,,
70,0.5725,,0.0405,0.3395,0.9490000000000001,0.4045,,0.126,1.8365,,,0.34900000000000003,1.295,,0.0,0.002,,,,,0.0205,0.019,,,,
71,0.579,,0.0405,0.34,3.6085,0.405,,0.1265,0.9590000000000001,,,0.4485,1.2974999999999999,,0.0,0.002,,,,,0.02,0.019,,,,
72,0.5700000000000001,,0.0405,0.338,1.607,0.40800000000000003,,0.1255,1.8675,,,0.55,1.297,,0.0,0.002,,,,,0.02,0.019,,,,
73,0.5725,,0.0405,0.336,2.0885000000000002,0.41050000000000003,,0.127,1.203,,,0.15483333333333335,1.2995,,0.0,0.0016666666666666668,,,,,0.02,0.019,,,,
74,0.5740000000000001,,0.0405,0.339,3.3950000000000005,0.41000000000000003,,0.127,1.063,,,0.298,1.3760000000000001,,0.0,0.002,,,,,0.02,0.019,,,,
75,0.575,,0.0405,0.339,1.109,0.41150000000000003,,0.125,0.9505000000000001,,,0.402,1.381,,0.0,0.002,,,,,0.02,0.019,,,,
76,0.575,,0.0405,0.338,0.9470000000000001,0.40900000000000003,,0.125,1.4165,,,0.13483333333333333,1.338,,0.0,0.0013333333333333333,,,,,0.02,0.019,,,,
77,0.579,,0.0405,0.338,3.8920000000000003,0.4125,,0.1255,1.2725,,,0.05891666666666667,1.3925,,0.0,0.00125,,,,,0.0205,0.019,,,,
78,0.5780000000000001,,0.0405,0.3415,1.018,0.40950000000000003,,0.1265,1.5554999999999999,,,0.2265,1.4224999999999999,,0.0,0.002,,,,,0.02,0.019,,,,
79,0.5745,,0.0405,0.3375,1.6590000000000003,0.41000000000000003,,0.1245,1.3895,,,0.3245,1.419,,0.0,0.002,,,,,0.02,0.019,,,,
80,0.5725,,0.0405,0.3395,3.3645,0.4125,,0.1245,1.397,,,0.426,1.423,,0.0,0.002,,,,,0.021,0.019,,,,
81,0.5700000000000001,,0.0405,0.342,1.818,0.41200000000000003,,0.127,0.9924999999999999,,,0.527,1.423,,0.0,0.002,,,,,0.02,0.019,,,,
82,0.5760000000000001,,0.0405,0.3375,1.1185,0.4045,,0.126,1.0175,,,0.208,1.423,,0.0,0.0016666666666666668,,,,,0.02,0.019,,,,
83,0.5745,,0.0405,0.3395,3.6100000000000003,0.40700000000000003,,0.127,2.2465,,,0.2535,1.495,,0.0,0.002,,,,,0.02,0.019,,,,
84,0.5735000000000001,,0.0385,0.338,4.591500000000001,0.40950000000000003,,0.14,1.351,,,0.08275,1.4985,,0.0,0.0015,,,,,0.02,0.019,,,,
85,0.1375,,0.002,0.0665,0.0675,0.075,,0.025,1.4565000000000001,,,,1.4695,,0.0,0.001,,,,,0.003,0.0025,,,,
86,0.138,,0.002,0.0665,1.607,0.075,,0.025,5.2115,,,,1.4705,,0.0,0.001,,,,,0.003,0.0025,,,,
87,0.138,,0.002,0.0665,0.279,0.075,,0.025,0.3215,,,,1.472,,0.0,0.001,,,,,0.003,0.002,,,,
88,0.138,,0.002,0.0665,1.4055,0.075,,0.025,0.385,,,,1.4785,,0.0,0.001,,,,,0.003,0.002,,,,
89,0.138,,0.002,0.067,1.28,0.075,,0.025,4.5965,,,,1.4755,,0.0,0.001,,,,,0.003,0.003,,,,
90,0.138,,0.002,0.0665,0.3615,0.075,,0.025,0.199,,,,1.4725000000000001,,0.0,0.001,,,,,0.003,0.003,,,,
91,0.1375,,0.002,0.0665,0.187,0.075,,0.025,0.2925,,,,1.4740000000000002,,0.0,0.001,,,,,0.003,0.0025,,,,
92,0.137,,0.002,0.0665,2.3445,0.075,,0.025,0.20900000000000002,,,,1.471,,0.0,0.001,,,,,0.003,0.003,,,,
93,0.138,,0.002,0.0665,0.5885,0.075,,0.025,1.917,,,,1.478,,0.0,0.001,,,,,0.003,0.003,,,,
94,0.1385,,0.002,0.0665,3.4130000000000003,0.075,,0.025,0.6735000000000001,,,,1.4755,,0.0,0.001,,,,,0.003,0.0025,,,,
95,0.138,,0.002,0.0665,1.9760000000000002,0.075,,0.025,0.504,,,,1.472,,0.0,0.001,,,,,0.003,0.003,,,,
96,0.1375,,0.002,0.0665,0.626,0.075,,0.025,0.3485,,,,1.4785,,0.0,0.001,,,,,0.003,0.003,,,,
97,0.138,,0.002,0.0665,0.9425,0.075,,0.025,0.302,,,,1.4755,,0.0,0.001,,,,,0.003,0.0025,,,,
98,0.138,,0.002,0.0665,2.117,0.075,,0.025,0.2685,,,,1.4805000000000001,,0.0,0.001,,,,,0.003,0.003,,,,
99,0.138,,0.002,0.0665,0.6375000000000001,0.075,,0.025,0.393,,,,1.4835,,0.0,0.001,,,,,0.003,0.003,,,,
100,0.575,,0.0405,0.3365,1.54,0.41250000000000003,,0.1245,1.4395,,,0.09849999999999999,1.508,,0.0,0.0016666666666666668,,,,,0.0205,0.019,,,,
101,0.4245,,0.014499999999999999,0.1855,1.8465,0.278,,0.07100000000000001,0.6025,,,0.04616666666666667,1.5235,,0.0,0.0013333333333333333,,,,,0.013000000000000001,0.013000000000000001,,,,
102,0.1385,,0.002,0.0665,0.3205,0.075,,0.025,2.8925,,,,1.4740000000000002,,0.0,0.001,,,,,0.003,0.003,,,,
103,0.1385,,0.002,0.0665,3.5695,0.075,,0.025,4.146999999999999,,,,1.4695,,0.0,0.001,,,,,0.003,0.003,,,,
104,0.139,,0.002,0.0665,3.2895000000000003,0.075,,0.025,0.161,,,,1.469,,0.0,0.001,,,,,0.003,0.003,,,,
105,0.138,,0.002,0.0665,0.5805,0.075,,0.025,2.7405000000000004,,,,1.4729999999999999,,0.0,0.001,,,,,0.003,0.003,,,,
106,0.138,,0.002,0.0665,0.2685,0.0755,,0.025,0.159,,,,1.4775,,0.0,0.001,,,,,0.003,0.003,,,,
107,0.138,,0.002,0.0665,2.718,0.075,,0.025,0.442,,,,1.4755,,0.0,0.001,,,,,0.003,0.003,,,,
108,0.1375,,0.002,0.0665,0.6915,0.075,,0.025,0.5525,,,,1.4700000000000002,,0.0,0.001,,,,,0.003,0.003,,,,
109,0.1395,,0.002,0.0665,0.1005,0.075,,0.025,0.293,,,,1.4809999999999999,,0.0,0.001,,,,,0.003,0.003,,,,
110,0.138,,0.002,0.0665,3.076,0.075,,0.025,0.7895000000000001,,,,1.4745,,0.0,0.001,,,,,0.003,0.0025,,,,
111,0.138,,0.002,0.0665,0.7415,0.075,,0.025,0.6215,,,,1.4740000000000002,,0.0,0.001,,,,,0.003,0.0025,,,,
112,0.1385,,0.002,0.0665,0.1855,0.075,,0.025,1.822,,,,1.478,,0.0,0.001,,,,,0.003,0.003,,,,
113,0.138,,0.002,0.0665,4.1450000000000005,0.075,,0.025,0.21700000000000003,,,,1.4755,,0.0,0.001,,,,,0.003,0.003,,,,
114,0.138,,0.002,0.0665,0.62,0.075,,0.025,0.3025,,,,1.4785,,0.0,0.001,,,,,0.003,0.003,,,,
115,0.138,,0.002,0.0665,1.2535,0.075,,0.025,0.7315,,,,1.4769999999999999,,0.0,0.001,,,,,0.003,0.003,,,,
116,0.138,,0.002,0.0665,2.6399999999999997,0.075,,0.025,0.2465,,,,1.481,,0.0,0.001,,,,,0.003,0.003,,,,
117,0.139,,0.002,0.0665,0.451,0.075,,0.025,0.33849999999999997,,,,1.4795,,0.0,0.001,,,,,0.003,0.003,,,,
118,0.138,,0.002,0.0665,0.165,0.075,,0.025,0.417,,,,1.48,,0.0,0.001,,,,,0.003,0.003,,,,
119,0.138,,0.002,0.0665,1.8950000000000002,0.075,,0.025,0.8245,,,,1.482,,0.0,0.001,,,,,0.003,0.003,,,,
120,0.1385,,0.002,0.0665,0.4345,0.075,,0.025,2.2415000000000003,,,,1.484,,0.0,0.001,,,,,0.003,0.003,,,,
121,0.1385,,0.002,0.0665,0.20400000000000001,0.075,,0.025,0.3315,,,,1.484,,0.0,0.001,,,,,0.003,0.003,,,,
122,0.138,,0.002,0.0665,2.8085,0.0755,,0.025,0.111,,,,1.4849999999999999,,0.0,0.001,,,,,0.003,0.0025,,,,
123,0.1385,,0.002,0.0665,0.8875,0.075,,0.025,7.561,,,,1.486,,0.0,0.001,,,,,0.003,0.003,,,,
124,0.138,,0.002,0.0665,0.197,0.075,,0.025,0.116,,,,1.4885000000000002,,0.0,0.001,,,,,0.003,0.003,,,,
125,0.1385,,0.002,0.067,2.8930000000000002,0.075,,0.025,0.183,,,,1.4855,,0.0,0.001,,,,,0.003,0.003,,,,
126,0.138,,0.002,0.0665,0.8045000000000001,0.075,,0.025,0.324,,,,1.488,,0.0,0.001,,,,,0.003,0.003,,,,
127,0.138,,0.002,0.0665,0.14200000000000002,0.075,,0.025,0.5900000000000001,,,,1.4895,,0.0,0.001,,,,,0.003,0.003,,,,
128,0.138,,0.002,0.0665,2.8625,0.075,,0.025,0.34049999999999997,,,,1.489,,0.0,0.001,,,,,0.003,0.003,,,,
129,0.138,,0.002,0.067,0.327,0.075,,0.025,0.196,,,,1.494,,0.0,0.001,,,,,0.003,0.0025,,,,
130,0.1375,,0.002,0.0665,0.44,0.075,,0.025,0.278,,,,1.489,,0.0,0.001,,,,,0.003,0.003,,,,
131,0.1385,,0.002,0.0665,0.6615000000000001,0.075,,0.025,0.763,,,,1.4925000000000002,,0.0,0.001,,,,,0.003,0.003,,,,
132,0.1385,,0.002,0.0665,0.7075,0.075,,0.025,0.126,,,,1.4885000000000002,,0.0,0.001,,,,,0.003,0.003,,,,
133,0.138,,0.002,0.0665,2.2870000000000004,0.075,,0.025,0.4125,,,,1.4945,,0.0,0.001,,,,,0.003,0.0025,,,,
134,0.138,,0.002,0.067,2.6235,0.075,,0.025,1.34,,,,1.4940000000000002,,0.0,0.001,,,,,0.003,0.0025,,,,
135,0.138,,0.002,0.0665,0.6015,0.075,,0.025,0.438,,,,1.4905,,0.0,0.001,,,,,0.003,0.003,,,,
136,0.138,,0.002,0.0665,0.28200000000000003,0.075,,0.025,0.3595,,,,1.4929999999999999,,0.0,0.001,,,,,0.003,0.003,,,,
137,0.1375,,0.002,0.0665,3.2305,0.075,,0.025,0.48,,,,1.497,,0.0,0.001,,,,,0.003,0.003,,,,
138,0.1385,,0.002,0.0665,0.509,0.075,,0.025,0.6065,,,,1.4955,,0.0,0.001,,,,,0.003,0.003,,,,
139,0.138,,0.002,0.0665,0.311,0.075,,0.025,0.22899999999999998,,,,1.502,,0.0,0.001,,,,,0.003,0.0025,,,,
140,0.138,,0.002,0.0665,2.6069999999999998,0.075,,0.025,0.46,,,,1.495,,0.0,0.001,,,,,0.003,0.003,,,,
141,0.1385,,0.002,0.0665,0.4925,0.075,,0.025,2.3024999999999998,,,,1.4980000000000002,,0.0,0.001,,,,,0.003,0.003,,,,
142,0.1385,,0.002,0.0665,0.135,0.075,,0.025,2.7345,,,,1.496,,0.0,0.001,,,,,0.003,0.003,,,,
143,0.138,,0.002,0.0665,2.6055,0.075,,0.025,0.553,,,,1.496,,0.0,0.001,,,,,0.003,0.003,,,,
144,0.138,,0.002,0.0665,1.857,0.075,,0.025,0.45,,,,1.485,,0.0,0.001,,,,,0.003,0.003,,,,
145,0.138,,0.002,0.0665,0.5885,0.075,,0.025,2.9455,,,,1.4915,,0.0,0.001,,,,,0.003,0.003,,,,
146,0.1375,,0.002,0.0665,2.5050000000000003,0.075,,0.025,0.4975,,,,1.4885000000000002,,0.0,0.001,,,,,0.003,0.003,,,,
147,0.1385,,0.002,0.0665,0.6070000000000001,0.075,,0.025,0.2465,,,,1.4940000000000002,,0.0,0.001,,,,,0.003,0.003,,,,
148,0.138,,0.002,0.0665,5.2495,0.075,,0.025,3.5995,,,,1.4945,,0.0,0.001,,,,,0.003,0.003,,,,
149,0.138,,0.002,0.0665,2.7005,0.075,,0.025,0.4975,,,,1.4935,,0.0,0.001,,,,,0.003,0.003,,,,
150,0.1385,,0.002,0.0665,0.6855,0.075,,0.025,0.18,,,,1.491,,0.0,0.001,,,,,0.003,0.0025,,,,
151,0.1375,,0.002,0.0665,0.7005,0.075,,0.025,0.9115,,,,1.4929999999999999,,0.0,0.001,,,,,0.003,0.002,,,,
152,0.1385,,0.002,0.0665,2.3655,0.075,,0.025,0.306,,,,1.4895,,0.0,0.001,,,,,0.003,0.0025,,,,
153,0.1375,,0.002,0.0665,3.225,0.075,,0.025,3.811,,,,1.4915,,0.0,0.001,,,,,0.003,0.0025,,,,
154,0.1375,,0.002,0.0665,1.0545,0.075,,0.025,2.3240000000000003,,,,1.491,,0.0,0.001,,,,,0.003,0.003,,,,
155,0.138,,0.002,0.0665,2.629,0.075,,0.025,0.176,,,,1.496,,0.0,0.001,,,,,0.003,0.003,,,,
156,0.138,,0.002,0.0665,0.253,0.075,,0.025,2.06,,,,1.491,,0.0,0.001,,,,,0.003,0.0025,,,,
157,0.138,,0.002,0.0665,2.2725,0.075,,0.025,0.3605,,,,1.4915,,0.0,0.001,,,,,0.003,0.003,,,,
158,0.1375,,0.002,0.066,0.419,0.075,,0.025,1.0525,,,,1.4965000000000002,,0.0,0.001,,,,,0.003,0.003,,,,
159,0.1375,,0.002,0.0665,1.334,0.075,,0.025,1.841,,,,1.495,,0.0,0.001,,,,,0.003,0.003,,,,
160,0.138,,0.002,0.0665,1.4460000000000002,0.075,,0.025,3.427,,,,1.4935,,0.0,0.001,,,,,0.003,0.003,,,,
161,0.1385,,0.002,0.0665,0.7065,0.075,,0.025,6.061,,,,1.4965000000000002,,0.0,0.001,,,,,0.003,0.0025,,,,
162,0.138,,0.002,0.0665,0.3775,0.075,,0.025,0.5575,,,,1.4969999999999999,,0.0,0.001,,,,,0.003,0.0025,,,,
163,0.1375,,0.002,0.0665,0.2645,0.075,,0.025,0.294,,,,1.4980000000000002,,0.0,0.001,,,,,0.003,0.003,,,,
164,0.138,,0.002,0.0665,1.9480000000000002,0.075,,0.025,0.7135,,,,1.4945,,0.0,0.001,,,,,0.003,0.003,,,,
165,0.1385,,0.002,0.0665,0.476,0.0755,,0.025,0.602,,,,1.496,,0.0,0.001,,,,,0.003,0.0025,,,,
166,0.1375,,0.002,0.0665,0.3645,0.075,,0.025,0.40049999999999997,,,,1.502,,0.0,0.001,,,,,0.003,0.003,,,,
167,0.138,,0.002,0.0665,2.4355,0.075,,0.025,0.6010000000000001,,,,1.5015,,0.0,0.001,,,,,0.003,0.003,,,,
168,0.138,,0.002,0.0665,1.1150000000000002,0.075,,0.025,2.588,,,,1.498,,0.0,0.001,,,,,0.003,0.003,,,,
169,0.1375,,0.002,0.0665,0.512,0.075,,0.025,2.822,,,,1.4985,,0.0,0.001,,,,,0.003,0.003,,,,
170,0.138,,0.002,0.0665,2.6085000000000003,0.0755,,0.025,0.305,,,,1.4875,,0.0,0.001,,,,,0.003,0.003,,,,
171,0.16,,0.005,0.078,0.8435,0.099,,0.0335,2.3160000000000003,,,0.018000000000000002,1.4995,,0.0,0.001,,,,,0.005,0.005,,,,
172,0.1375,,0.002,0.0665,0.195,0.075,,0.025,0.1965,,,,1.479,,0.0,0.001,,,,,0.003,0.002,,,,
173,0.1385,,0.002,0.0665,1.4244999999999999,0.075,,0.025,1.197,,,,1.483,,0.0,0.001,,,,,0.003,0.0025,,,,
174,0.1375,,0.002,0.0665,3.5595000000000003,0.075,,0.025,3.757,,,,1.4825,,0.0,0.001,,,,,0.003,0.0025,,,,
175,0.1385,,0.002,0.0665,0.24800000000000003,0.075,,0.025,7.8425,,,,1.4809999999999999,,0.0,0.001,,,,,0.003,0.003,,,,
176,0.1385,,0.002,0.0665,1.6345,0.075,,0.025,0.33349999999999996,,,,1.4835,,0.0,0.001,,,,,0.003,0.003,,,,
177,0.138,,0.002,0.0665,0.21150000000000002,0.075,,0.025,0.6365,,,,1.4860000000000002,,0.0,0.001,,,,,0.003,0.0025,,,,
178,0.138,,0.002,0.0665,2.112,0.075,,0.025,0.14800000000000002,,,,1.487,,0.0,0.001,,,,,0.003,0.003,,,,
179,0.138,,0.002,0.0665,2.0805000000000002,0.075,,0.025,1.6300000000000001,,,,1.4885000000000002,,0.0,0.001,,,,,0.003,0.0025,,,,
180,0.1385,,0.002,0.0665,0.656,0.075,,0.025,0.9590000000000001,,,,1.4865,,0.0,0.001,,,,,0.003,0.003,,,,
181,0.1385,,0.002,0.0665,0.449,0.075,,0.025,0.1095,,,,1.4820000000000002,,0.0,0.001,,,,,0.003,0.002,,,,
182,0.138,,0.002,0.0665,2.2135000000000002,0.075,,0.025,0.479,,,,1.492,,0.0,0.001,,,,,0.003,0.003,,,,
183,0.138,,0.002,0.0665,2.888,0.0755,,0.025,1.7395,,,,1.4929999999999999,,0.0,0.001,,,,,0.003,0.0025,,,,
184,0.138,,0.002,0.0665,0.367,0.075,,0.025,0.33499999999999996,,,,1.4885000000000002,,0.0,0.001,,,,,0.003,0.003,,,,
185,0.1385,,0.002,0.0665,1.9605000000000001,0.075,,0.025,0.1615,,,,1.4895,,0.0,0.001,,,,,0.003,0.0025,,,,
186,0.5760000000000001,,0.0405,0.3365,1.5835,0.40950000000000003,,0.128,1.8685,,,0.09066666666666667,1.5215,,0.0,0.0016666666666666668,,,,,0.0205,0.019,,,,
187,0.20800000000000002,,0.008,0.089,2.3125,0.1295,,0.0395,0.747,,,0.042,1.5175,,0.0,0.001,,,,,0.008,0.007,,,,
188,0.1375,,0.002,0.0665,1.8565,0.075,,0.025,0.0775,,,,1.474,,0.0,0.001,,,,,0.003,0.003,,,,
189,0.137,,0.002,0.0665,0.4515,0.075,,0.025,0.7335,,,,1.4745,,0.0,0.001,,,,,0.003,0.003,,,,
190,0.138,,0.002,0.0665,0.189,0.075,,0.025,0.1905,,,,1.4740000000000002,,0.0,0.001,,,,,0.003,0.003,,,,
191,0.138,,0.002,0.0665,3.503,0.075,,0.025,0.675,,,,1.479,,0.0,0.001,,,,,0.003,0.0025,,,,
192,0.1375,,0.002,0.0665,0.2475,0.075,,0.025,0.4415,,,,1.4795,,0.0,0.001,,,,,0.003,0.003,,,,
193,0.138,,0.002,0.0665,0.176,0.075,,0.025,0.192,,,,1.4795,,0.0,0.001,,,,,0.003,0.003,,,,
194,0.1375,,0.002,0.0665,2.1245,0.075,,0.025,0.1285,,,,1.479,,0.0,0.001,,,,,0.003,0.0025,,,,
195,0.5745,,0.0405,0.3375,1.2610000000000001,0.41400000000000003,,0.125,2.3115,,,0.195,1.532,,0.0,0.002,,,,,0.02,0.019,,,,
196,0.17350000000000002,,0.006,0.0945,1.6840000000000002,0.111,,0.0325,0.5465,,,0.061,1.496,,0.0,0.001,,,,,0.006,0.006,,,,
197,0.1375,,0.002,0.0665,1.9175,0.075,,0.025,0.096,,,,1.4815,,0.0,0.001,,,,,0.003,0.003,,,,
198,0.138,,0.002,0.0665,0.4285,0.075,,0.025,1.177,,,,1.4855,,0.0,0.001,,,,,0.003,0.003,,,,
199,0.138,,0.002,0.0665,0.20800000000000002,0.075,,0.025,0.186,,,,1.4825,,0.0,0.001,,,,,0.003,0.003,,,,
200,0.138,,0.002,0.0665,4.314,0.075,,0.025,0.1885,,,,1.4865,,0.0,0.001,,,,,0.003,0.003,,,,
201,0.1375,,0.002,0.0665,0.16649999999999998,0.075,,0.025,0.441,,,,1.487,,0.0,0.001,,,,,0.003,0.003,,,,
202,0.1385,,0.002,0.0665,0.183,0.075,,0.025,0.236,,,,1.4715,,0.0,0.001,,,,,0.003,0.003,,,,
203,0.138,,0.002,0.0665,1.98,0.075,,0.025,0.31,,,,1.475,,0.0,0.001,,,,,0.003,0.0025,,,,
204,0.1375,,0.002,0.0665,0.21800000000000003,0.075,,0.025,0.28300000000000003,,,,1.476,,0.0,0.001,,,,,0.003,0.003,,,,
205,0.138,,0.002,0.0665,0.321,0.075,,0.025,0.22150000000000003,,,,1.4775,,0.0,0.001,,,,,0.003,0.003,,,,
206,0.1385,,0.002,0.0665,2.347,0.075,,0.025,0.3745,,,,1.473,,0.0,0.001,,,,,0.003,0.003,,,,
207,0.1375,,0.002,0.0665,0.17950000000000002,0.075,,0.025,0.2635,,,,1.473,,0.0,0.001,,,,,0.003,0.0025,,,,
208,0.1375,,0.002,0.0665,0.6185,0.075,,0.025,1.5645,,,,1.478,,0.0,0.001,,,,,0.003,0.003,,,,
209,0.137,,0.002,0.0665,2.159,0.075,,0.025,0.4425,,,,1.4805000000000001,,0.0,0.001,,,,,0.003,0.003,,,,
210,0.138,,0.002,0.0665,0.6585,0.075,,0.025,0.893,,,,1.4815,,0.0,0.001,,,,,0.003,0.0025,,,,
211,0.138,,0.002,0.0665,0.22499999999999998,0.075,,0.025,0.2755,,,,1.4845000000000002,,0.0,0.001,,,,,0.003,0.0025,,,,
212,0.138,,0.002,0.0665,0.23,0.075,,0.025,2.4535000000000005,,,,1.479,,0.0,0.001,,,,,0.003,0.003,,,,
213,0.1385,,0.002,0.0665,0.484,0.075,,0.025,1.8325,,,,1.4820000000000002,,0.0,0.001,,,,,0.003,0.003,,,,
214,0.138,,0.002,0.0665,0.1815,0.075,,0.025,0.239,,,,1.4805000000000001,,0.0,0.001,,,,,0.003,0.0025,,,,
215,0.1375,,0.002,0.0665,2.133,0.075,,0.025,0.195,,,,1.4820000000000002,,0.0,0.001,,,,,0.003,0.0025,,,,
216,0.138,,0.002,0.0665,0.0915,0.075,,0.025,0.1905,,,,1.4780000000000002,,0.0,0.001,,,,,0.003,0.003,,,,
217,0.138,,0.002,0.0665,0.101,0.075,,0.025,2.675,,,,1.4805000000000001,,0.0,0.001,,,,,0.003,0.003,,,,
218,0.138,,0.002,0.0665,1.987,0.075,,0.025,0.21050000000000002,,,,1.4820000000000002,,0.0,0.001,,,,,0.003,0.003,,,,
219,0.1375,,0.002,0.0665,0.6405,0.075,,0.025,0.4325,,,,1.4775,,0.0,0.001,,,,,0.003,0.003,,,,
220,0.138,,0.002,0.0665,0.575,0.075,,0.025,0.5035000000000001,,,,1.4815,,0.0,0.001,,,,,0.003,0.0025,,,,
221,0.138,,0.002,0.0665,2.058,0.075,,0.025,2.2285,,,,1.4815,,0.0,0.001,,,,,0.003,0.0025,,,,
222,0.138,,0.002,0.0665,0.625,0.075,,0.025,0.349,,,,1.48,,0.0,0.001,,,,,0.003,0.0025,,,,
223,0.1375,,0.002,0.0665,0.21850000000000003,0.075,,0.025,0.4775,,,,1.4835,,0.0,0.001,,,,,0.003,0.0025,,,,
224,0.1375,,0.002,0.0665,2.552,0.075,,0.025,0.246,,,,1.4865,,0.0,0.001,,,,,0.003,0.003,,,,
225,0.138,,0.002,0.0665,2.501,0.075,,0.025,0.257,,,,1.4845000000000002,,0.0,0.001,,,,,0.003,0.003,,,,
226,0.1375,,0.002,0.0665,3.511,0.075,,0.025,0.926,,,,1.4895,,0.0,0.001,,,,,0.003,0.0025,,,,
227,0.138,,0.002,0.0665,2.1020000000000003,0.075,,0.025,0.4895,,,,1.4860000000000002,,0.0,0.001,,,,,0.003,0.0025,,,,
228,0.138,,0.002,0.066,0.479,0.075,,0.025,0.1305,,,,1.4855,,0.0,0.001,,,,,0.003,0.0025,,,,
229,0.1375,,0.002,0.0665,0.119,0.075,,0.025,0.289,,,,1.4855,,0.0,0.001,,,,,0.003,0.0025,,,,
230,0.138,,0.002,0.0665,1.6795000000000002,0.075,,0.025,0.125,,,,1.4865,,0.0,0.001,,,,,0.003,0.0025,,,,
231,0.138,,0.002,0.0665,0.4895,0.075,,0.025,0.1145,,,,1.488,,0.0,0.001,,,,,0.003,0.0025,,,,
232,0.138,,0.002,0.0665,0.309,0.075,,0.025,0.7585000000000001,,,,1.4915,,0.0,0.001,,,,,0.003,0.0025,,,,
233,0.138,,0.002,0.0665,2.0865000000000005,0.075,,0.025,0.16649999999999998,,,,1.491,,0.0,0.001,,,,,0.003,0.0025,,,,
234,0.1375,,0.002,0.0665,0.657,0.075,,0.025500000000000002,0.167,,,,1.4885000000000002,,0.0,0.001,,,,,0.003,0.0025,,,,
235,0.138,,0.002,0.0665,0.18200000000000002,0.075,,0.025,0.243,,,,1.4895,,0.0,0.001,,,,,0.003,0.0025,,,,
236,0.137,,0.002,0.0665,2.5175,0.0755,,0.025,0.248,,,,1.49,,0.0,0.001,,,,,0.003,0.003,,,,
237,0.1385,,0.002,0.066,0.352,0.075,,0.025,0.268,,,,1.494,,0.0,0.001,,,,,0.003,0.003,,,,
238,0.138,,0.002,0.066,0.1,0.075,,0.025,0.521,,,,1.4900000000000002,,0.0,0.001,,,,,0.003,0.003,,,,
239,0.138,,0.002,0.0665,2.4675000000000002,0.075,,0.025,1.0405,,,,1.492,,0.0,0.001,,,,,0.003,0.0025,,,,
240,0.138,,0.002,0.0665,0.3025,0.075,,0.025,0.9855,,,,1.4975,,0.0,0.001,,,,,0.003,0.003,,,,
241,0.138,,0.002,0.0665,0.20850000000000002,0.075,,0.025,0.438,,,,1.494,,0.0,0.001,,,,,0.003,0.003,,,,
242,0.1375,,0.002,0.0665,2.6935,0.075,,0.025,0.9325,,,,1.4969999999999999,,0.0,0.001,,,,,0.003,0.003,,,,
243,0.138,,0.002,0.0665,0.3635,0.075,,0.025,0.779,,,,1.493,,0.0,0.001,,,,,0.003,0.003,,,,
244,0.138,,0.002,0.067,0.24750000000000003,0.075,,0.025,0.3145,,,,1.4935,,0.0,0.001,,,,,0.003,0.003,,,,
245,0.138,,0.002,0.0665,2.4375,0.075,,0.025,0.125,,,,1.4940000000000002,,0.0,0.001,,,,,0.003,0.003,,,,
246,0.1375,,0.002,0.0665,0.2935,0.075,,0.025,1.6485,,,,1.4985,,0.0,0.001,,,,,0.003,0.0025,,,,
247,0.138,,0.002,0.0665,0.153,0.075,,0.025,0.1585,,,,1.5005000000000002,,0.0,0.001,,,,,0.003,0.0025,,,,
248,0.1375,,0.0025,0.0665,2.599,0.075,,0.025,0.7305,,,,1.4975,,0.0,0.001,,,,,0.003,0.003,,,,
249,0.138,,0.002,0.0665,0.5695,0.075,,0.025,0.6695000000000001,,,,1.476,,0.0,0.001,,,,,0.003,0.0025,,,,
250,0.138,,0.002,0.0665,0.129,0.075,,0.025,2.4720000000000004,,,,1.48,,0.0,0.001,,,,,0.003,0.0025,,,,
251,0.138,,0.002,0.0665,2.459,0.075,,0.025,0.559,,,,1.48,,0.0,0.001,,,,,0.003,0.0025,,,,
252,0.1375,,0.002,0.0665,0.5285,0.075,,0.025,0.601,,,,1.4815,,0.0,0.001,,,,,0.003,0.0025,,,,
253,0.138,,0.002,0.0665,0.5785,0.075,,0.025,0.21250000000000002,,,,1.4809999999999999,,0.0,0.001,,,,,0.003,0.0025,,,,
254,0.1385,,0.002,0.0665,2.379,0.075,,0.025,2.543,,,,1.478,,0.0,0.001,,,,,0.003,0.0025,,,,
255,0.138,,0.002,0.0665,0.6925,0.075,,0.025,0.4895,,,,1.477,,0.0,0.001,,,,,0.003,0.003,,,,
256,0.138,,0.002,0.0665,0.1595,0.075,,0.025,0.18300000000000002,,,,1.4809999999999999,,0.0,0.001,,,,,0.003,0.003,,,,
257,0.138,,0.002,0.0665,0.743,0.075,,0.025,2.5610000000000004,,,,1.4845000000000002,,0.0,0.001,,,,,0.003,0.0025,,,,
258,0.1375,,0.002,0.0665,0.5820000000000001,0.075,,0.025,0.766,,,,1.488,,0.0,0.001,,,,,0.003,0.0025,,,,
259,0.1375,,0.002,0.0665,0.2705,0.075,,0.025,0.1995,,,,1.4855,,0.0,0.001,,,,,0.003,0.003,,,,
260,0.138,,0.002,0.0665,2.5665000000000004,0.075,,0.025,0.265,,,,1.48,,0.0,0.001,,,,,0.003,0.0025,,,,
261,0.138,,0.002,0.0665,0.415,0.075,,0.025,0.6945,,,,1.4845000000000002,,0.0,0.001,,,,,0.003,0.003,,,,
262,0.138,,0.002,0.0665,0.4725,0.075,,0.025,0.9860000000000001,,,,1.481,,0.0,0.001,,,,,0.003,0.0025,,,,
263,0.138,,0.002,0.067,2.4285,0.075,,0.025,0.7985,,,,1.4855,,0.0,0.001,,,,,0.003,0.003,,,,
264,0.138,,0.002,0.0665,0.693,0.075,,0.025,0.426,,,,1.4889999999999999,,0.0,0.001,,,,,0.003,0.0025,,,,
265,0.137,,0.002,0.0665,0.226,0.0755,,0.025,0.1865,,,,1.4809999999999999,,0.0,0.001,,,,,0.003,0.003,,,,
266,0.138,,0.002,0.0665,2.123,0.075,,0.025,0.754,,,,1.493,,0.0,0.001,,,,,0.003,0.003,,,,
267,0.137,,0.002,0.0665,1.693,0.075,,0.025,2.249,,,,1.4835,,0.0,0.001,,,,,0.003,0.003,,,,
268,0.138,,0.002,0.0665,0.106,0.075,,0.025,0.3885,,,,1.4775,,0.0,0.001,,,,,0.003,0.002,,,,
269,0.138,,0.002,0.0665,1.9600000000000002,0.075,,0.025,0.34049999999999997,,,,1.4780000000000002,,0.0,0.001,,,,,0.003,0.003,,,,
270,0.138,,0.002,0.0665,0.278,0.075,,0.025,0.16499999999999998,,,,1.4765000000000001,,0.0,0.001,,,,,0.003,0.0025,,,,
271,0.5845,,0.0405,0.336,1.3025,0.41500000000000004,,0.126,6.7275,,,0.197,1.5205000000000002,,0.0,0.002,,,,,0.0205,0.019,,,,
272,0.17250000000000001,,0.006,0.0935,0.28049999999999997,0.11,,0.0325,6.703,,,0.063,1.494,,0.0,0.001,,,,,0.006,0.006,,,,
273,0.575,,0.0405,0.34,1.0765,0.4125,,0.127,0.968,,,0.197,1.5305,,0.0,0.002,,,,,0.02,0.019,,,,
274,0.17200000000000001,,0.006500000000000001,0.0955,0.2515,0.1065,,0.0335,0.532,,,0.034166666666666665,1.5,,0.0,0.001,,,,,0.006,0.006,,,,
275,0.138,,0.002,0.0665,1.8745,0.075,,0.025,0.8300000000000001,,,,1.486,,0.0,0.001,,,,,0.003,0.0025,,,,
276,0.138,,0.002,0.0665,0.374,0.075,,0.025,2.3355,,,,1.4865,,0.0,0.001,,,,,0.003,0.003,,,,
277,0.138,,0.002,0.0665,0.101,0.075,,0.025,0.21900000000000003,,,,1.483,,0.0,0.001,,,,,0.003,0.0025,,,,
278,0.138,,0.002,0.0665,0.6005,0.075,,0.025,0.20900000000000002,,,,1.488,,0.0,0.001,,,,,0.003,0.0025,,,,
279,0.138,,0.002,0.0665,0.663,0.075,,0.025,1.0075,,,,1.4895,,0.0,0.001,,,,,0.003,0.003,,,,
280,0.138,,0.002,0.0665,0.5690000000000001,0.075,,0.025,2.2005000000000003,,,,1.4865,,0.0,0.001,,,,,0.003,0.003,,,,
281,0.1375,,0.002,0.0665,1.242,0.075,,0.025,4.2749999999999995,,,,1.492,,0.0,0.001,,,,,0.003,0.003,,,,
282,0.1385,,0.002,0.0665,0.441,0.075,,0.025,0.3125,,,,1.49,,0.0,0.001,,,,,0.003,0.0025,,,,
283,0.1385,,0.002,0.0665,2.956,0.075,,0.025,4.5715,,,,1.4905,,0.0,0.001,,,,,0.003,0.0025,,,,
284,0.138,,0.002,0.0665,0.477,0.075,,0.025,3.9290000000000003,,,,1.4875,,0.0,0.001,,,,,0.003,0.003,,,,
285,0.1385,,0.002,0.0665,0.1105,0.075,,0.025,1.9765,,,,1.488,,0.0,0.001,,,,,0.003,0.0025,,,,
286,0.1385,,0.002,0.0665,0.21900000000000003,0.075,,0.025,0.4525,,,,1.492,,0.0,0.001,,,,,0.003,0.0025,,,,
287,0.1385,,0.002,0.0665,1.985,0.075,,0.025,0.781,,,,1.488,,0.0,0.001,,,,,0.003,0.0025,,,,
288,0.138,,0.002,0.0665,0.311,0.075,,0.025,0.1105,,,,1.491,,0.0,0.001,,,,,0.003,0.002,,,,
289,0.138,,0.002,0.0665,0.22899999999999998,0.075,,0.025,0.66,,,,1.4885000000000002,,0.0,0.001,,,,,0.003,0.0025,,,,
290,0.586,,0.0405,0.339,2.786,0.41150000000000003,,0.128,2.6335,,,0.1955,1.4929999999999999,,0.0,0.002,,,,,0.0205,0.019,,,,
291,0.5740000000000001,,0.0405,0.3385,1.4285,0.41000000000000003,,0.1265,2.6245000000000003,,,0.313,1.4900000000000002,,0.0,0.002,,,,,0.02,0.019,,,,
292,0.561,,0.026500000000000003,0.2715,1.4975,0.28900000000000003,,0.1225,1.4795,,,0.3415,1.4865,,0.0,0.002,,,,,0.018000000000000002,0.017,,,,
293,0.1385,,0.002,0.067,1.925,0.075,,0.025,0.14250000000000002,,,,1.4695,,0.0,0.001,,,,,0.003,0.0025,,,,
294,0.138,,0.002,0.0665,2.7325,0.0755,,0.025,0.7385,,,,1.474,,0.0,0.001,,,,,0.003,0.0025,,,,
295,0.1385,,0.002,0.0665,0.17750000000000002,0.075,,0.025,0.1975,,,,1.475,,0.0,0.001,,,,,0.003,0.0025,,,,
296,0.138,,0.002,0.0665,1.903,0.075,,0.025,0.379,,,,1.4725000000000001,,0.0,0.001,,,,,0.003,0.003,,,,
297,0.1385,,0.002,0.0665,0.639,0.075,,0.025,0.4185,,,,1.48,,0.0,0.001,,,,,0.003,0.0025,,,,
298,0.5794999999999999,,0.0405,0.336,1.731,0.41800000000000004,,0.1255,2.7045000000000003,,,0.198,1.5170000000000001,,0.0,0.002,,,,,0.021,0.019,,,,
299,0.2985,,0.01,0.153,3.1119999999999997,0.2005,,0.061,1.46,,,0.1255,1.5075,,0.0,0.0015000000000000002,,,,,0.01,0.01,,,,
300,0.138,,0.002,0.0665,0.401,0.075,,0.025,0.3885,,,,1.472,,0.0,0.001,,,,,0.003,0.0025,,,,
301,0.1385,,0.002,0.0665,0.371,0.075,,0.025,0.41,,,,1.4765000000000001,,0.0,0.001,,,,,0.003,0.0025,,,,
302,0.138,,0.002,0.0665,2.9205,0.075,,0.025,0.21900000000000003,,,,1.4745,,0.0,0.001,,,,,0.003,0.003,,,,
303,0.138,,0.002,0.067,0.471,0.075,,0.025,2.4045,,,,1.4809999999999999,,0.0,0.001,,,,,0.003,0.002,,,,
304,0.138,,0.002,0.0665,0.1385,0.075,,0.025,0.915,,,,1.484,,0.0,0.001,,,,,0.003,0.0025,,,,
305,0.138,,0.002,0.0665,2.9635000000000002,0.075,,0.025,0.1205,,,,1.4820000000000002,,0.0,0.001,,,,,0.003,0.003,,,,
306,0.138,,0.002,0.0665,0.476,0.075,,0.025,0.193,,,,1.4745,,0.0,0.001,,,,,0.003,0.003,,,,
307,0.1375,,0.002,0.0665,0.149,0.075,,0.025,0.10300000000000001,,,,1.4825,,0.0,0.001,,,,,0.003,0.002,,,,
308,0.138,,0.002,0.0665,2.9314999999999998,0.075,,0.025,0.14100000000000001,,,,1.482,,0.0,0.001,,,,,0.003,0.003,,,,
309,0.138,,0.002,0.0665,0.2755,0.075,,0.025,2.305,,,,1.484,,0.0,0.001,,,,,0.003,0.002,,,,
310,0.5765,,0.0405,0.338,0.994,0.41150000000000003,,0.124,3.1985,,,0.197,1.5085000000000002,,0.0,0.002,,,,,0.0205,0.019,,,,
311,0.5635000000000001,,0.033,0.339,4.2075,0.406,,0.1385,0.877,,,0.28550000000000003,1.5065,,0.0,0.002,,,,,0.019,0.018000000000000002,,,,
312,0.138,,0.002,0.0665,0.601,0.075,,0.025,0.127,,,,1.4735,,0.0,0.001,,,,,0.003,0.003,,,,
313,0.138,,0.002,0.067,0.28150000000000003,0.075,,0.025,0.596,,,,1.4689999999999999,,0.0,0.001,,,,,0.003,0.0025,,,,
314,0.1385,,0.002,0.0665,2.9685,0.075,,0.025,0.3465,,,,1.476,,0.0,0.001,,,,,0.003,0.003,,,,
315,0.138,,0.002,0.0665,0.302,0.075,,0.025,1.977,,,,1.4705,,0.0,0.001,,,,,0.003,0.003,,,,
316,0.1385,,0.002,0.0665,0.0925,0.075,,0.025,0.7995000000000001,,,,1.4765000000000001,,0.0,0.001,,,,,0.003,0.002,,,,
317,0.138,,0.002,0.0665,4.789,0.075,,0.025,6.2090000000000005,,,,1.4735,,0.0,0.001,,,,,0.003,0.003,,,,
318,0.138,,0.002,0.0665,0.5405,0.075,,0.025,1.5825,,,,1.473,,0.0,0.001,,,,,0.003,0.002,,,,
319,0.1385,,0.002,0.0665,0.1245,0.075,,0.025,0.294,,,,1.4735,,0.0,0.001,,,,,0.003,0.0025,,,,
320,0.138,,0.002,0.0665,3.4675000000000002,0.075,,0.025,1.6360000000000001,,,,1.474,,0.0,0.001,,,,,0.003,0.003,,,,
321,0.138,,0.002,0.0665,0.5205000000000001,0.075,,0.025,0.135,,,,1.4775,,0.0,0.001,,,,,0.003,0.003,,,,
322,0.1385,,0.002,0.0665,0.6495000000000001,0.0755,,0.025,0.4395,,,,1.4769999999999999,,0.0,0.001,,,,,0.003,0.0025,,,,
323,0.138,,0.002,0.0665,1.4729999999999999,0.075,,0.025,3.5740000000000003,,,,1.4805000000000001,,0.0,0.001,,,,,0.003,0.0025,,,,
324,0.1385,,0.002,0.0665,0.39699999999999996,0.075,,0.025,2.0165,,,,1.476,,0.0,0.001,,,,,0.003,0.002,,,,
325,0.138,,0.002,0.0665,0.14200000000000002,0.075,,0.025,0.316,,,,1.479,,0.0,0.001,,,,,0.003,0.0025,,,,
326,0.5785,,0.0405,0.34,3.8195,0.41400000000000003,,0.127,2.5970000000000004,,,0.1965,1.5085000000000002,,0.0,0.002,,,,,0.021,0.019,,,,
327,0.2855,,0.01,0.1465,0.881,0.14150000000000001,,0.0775,3.039,,,0.1095,1.5065,,0.0,0.001,,,,,0.009000000000000001,0.009000000000000001,,,,
328,0.138,,0.002,0.0665,0.1345,0.075,,0.025,0.2615,,,,1.4625,,0.0,0.001,,,,,0.003,0.0025,,,,
329,0.1375,,0.002,0.0665,2.735,0.075,,0.025,1.582,,,,1.464,,0.0,0.001,,,,,0.003,0.0025,,,,
330,0.138,,0.002,0.0665,0.475,0.075,,0.025,1.0825,,,,1.468,,0.0,0.001,,,,,0.003,0.003,,,,
331,0.1385,,0.002,0.0665,0.1915,0.075,,0.025,2.9775,,,,1.4660000000000002,,0.0,0.001,,,,,0.003,0.003,,,,
332,0.5760000000000001,,0.0405,0.3405,3.8415,0.40850000000000003,,0.127,2.9705,,,0.196,1.4835,,0.0,0.002,,,,,0.0205,0.019,,,,
333,0.5765,,0.04,0.339,1.85,0.41150000000000003,,0.127,2.5895,,,0.318,1.4465,,0.0,0.002,,,,,0.02,0.019,,,,
334,0.578,,0.0405,0.34,0.9530000000000001,0.41000000000000003,,0.125,2.3360000000000003,,,0.4155,1.4449999999999998,,0.0,0.002,,,,,0.0205,0.019,,,,
335,0.5820000000000001,,0.0405,0.34,3.894,0.40700000000000003,,0.128,2.6390000000000002,,,0.1795,1.448,,0.0,0.0013333333333333333,,,,,0.02,0.019,,,,
336,0.5740000000000001,,0.0405,0.338,1.831,0.41300000000000003,,0.125,4.7365,,,0.246,1.5135,,0.0,0.002,,,,,0.02,0.019,,,,
337,0.5625,,0.034,0.337,0.9205000000000001,0.404,,0.14,2.0465,,,0.3125,1.508,,0.0,0.002,,,,,0.019,0.018000000000000002,,,,
338,0.138,,0.002,0.0665,2.2625,0.075,,0.025,1.014,,,,1.481,,0.0,0.001,,,,,0.003,0.002,,,,
339,0.138,,0.002,0.0665,2.0085,0.075,,0.025,1.2875,,,,1.4815,,0.0,0.001,,,,,0.003,0.003,,,,
340,0.1385,,0.002,0.0665,0.415,0.075,,0.025,1.0739999999999998,,,,1.4775,,0.0,0.001,,,,,0.003,0.003,,,,
341,0.138,,0.002,0.0665,2.7015000000000002,0.075,,0.025,0.178,,,,1.4825,,0.0,0.001,,,,,0.003,0.003,,,,
342,0.138,,0.002,0.0665,1.4475,0.075,,0.025,1.6420000000000001,,,,1.4849999999999999,,0.0,0.001,,,,,0.003,0.003,,,,
343,0.138,,0.002,0.0665,2.2325,0.075,,0.025,0.10450000000000001,,,,1.4809999999999999,,0.0,0.001,,,,,0.003,0.003,,,,
344,0.138,,0.002,0.0665,0.637,0.075,,0.025,1.7275,,,,1.4855,,0.0,0.001,,,,,0.003,0.003,,,,
345,0.138,,0.002,0.0665,1.288,0.075,,0.025,0.9635,,,,1.4825,,0.0,0.001,,,,,0.003,0.0025,,,,
346,0.138,,0.002,0.0665,0.2455,0.075,,0.025,0.16999999999999998,,,,1.483,,0.0,0.001,,,,,0.003,0.003,,,,
347,0.1385,,0.002,0.0665,2.4685,0.075,,0.025,2.067,,,,1.4835,,0.0,0.001,,,,,0.003,0.0025,,,,
348,0.138,,0.002,0.0665,1.409,0.075,,0.025,1.7775,,,,1.483,,0.0,0.001,,,,,0.003,0.0025,,,,
349,0.138,,0.002,0.0665,0.3595,0.075,,0.025,0.825,,,,1.4825,,0.0,0.001,,,,,0.003,0.003,,,,
350,0.138,,0.002,0.0665,2.6225,0.075,,0.025,2.054,,,,1.4849999999999999,,0.0,0.001,,,,,0.003,0.0025,,,,
351,0.138,,0.002,0.0665,1.357,0.075,,0.025,0.9195000000000001,,,,1.4849999999999999,,0.0,0.001,,,,,0.003,0.003,,,,
352,0.138,,0.002,0.0665,0.408,0.075,,0.025,0.371,,,,1.485,,0.0,0.001,,,,,0.003,0.003,,,,
353,0.139,,0.002,0.0665,6.642,0.075,,0.025,1.4785,,,,1.484,,0.0,0.001,,,,,0.003,0.0025,,,,
354,0.138,,0.002,0.0665,0.8390000000000001,0.075,,0.025,4.073,,,,1.49,,0.0,0.001,,,,,0.003,0.003,,,,
355,0.1385,,0.002,0.0665,0.3675,0.075,,0.025,2.582,,,,1.4845000000000002,,0.0,0.001,,,,,0.003,0.0025,,,,
356,0.138,,0.002,0.0665,3.1015,0.075,,0.025,1.5565,,,,1.4895,,0.0,0.001,,,,,0.003,0.003,,,,
357,0.138,,0.002,0.0665,1.4885000000000002,0.075,,0.025,2.158,,,,1.4885000000000002,,0.0,0.001,,,,,0.003,0.0025,,,,
358,0.1375,,0.002,0.0665,0.321,0.075,,0.025,0.2975,,,,1.4895,,0.0,0.001,,,,,0.003,0.003,,,,
359,0.138,,0.002,0.0665,2.744,0.075,,0.025,1.5525000000000002,,,,1.491,,0.0,0.001,,,,,0.003,0.0025,,,,
360,0.138,,0.002,0.0665,1.794,0.075,,0.025,1.4165,,,,1.4875,,0.0,0.001,,,,,0.003,0.0025,,,,
361,0.138,,0.002,0.0665,0.2225,0.075,,0.025,2.5280000000000005,,,,1.4945,,0.0,0.001,,,,,0.003,0.0025,,,,
362,0.138,,0.002,0.0665,1.17,0.075,,0.025,4.0555,,,,1.4925000000000002,,0.0,0.001,,,,,0.003,0.0025,,,,
363,0.138,,0.002,0.0665,1.3765,0.075,,0.025,1.907,,,,1.499,,0.0,0.001,,,,,0.003,0.0025,,,,
364,0.138,,0.002,0.0665,0.21500000000000002,0.075,,0.025,1.0245,,,,1.4889999999999999,,0.0,0.001,,,,,0.003,0.003,,,,
365,0.139,,0.002,0.0665,2.4405,0.075,,0.025,1.2345000000000002,,,,1.488,,0.0,0.001,,,,,0.003,0.003,,,,
366,0.138,,0.002,0.0665,0.711,0.075,,0.025,0.1625,,,,1.4885000000000002,,0.0,0.001,,,,,0.003,0.0025,,,,
367,0.1385,,0.002,0.0665,2.178,0.075,,0.025,0.5615,,,,1.4825,,0.0,0.001,,,,,0.003,0.003,,,,
368,0.138,,0.002,0.0665,1.6340000000000001,0.075,,0.025,1.4095,,,,1.491,,0.0,0.001,,,,,0.003,0.0025,,,,
369,0.138,,0.002,0.0665,0.455,0.075,,0.025,0.5545000000000001,,,,1.489,,0.0,0.001,,,,,0.003,0.003,,,,
370,0.138,,0.002,0.0665,0.2795,0.075,,0.025,0.4935,,,,1.4915,,0.0,0.001,,,,,0.003,0.003,,,,
371,0.1385,,0.002,0.0665,0.671,0.075,,0.025,0.263,,,,1.491,,0.0,0.001,,,,,0.003,0.003,,,,
372,0.138,,0.002,0.0665,0.506,0.075,,0.025,0.493,,,,1.495,,0.0,0.001,,,,,0.003,0.002,,,,
373,0.138,,0.002,0.0665,2.0085,0.075,,0.025,2.966,,,,1.4875,,0.0,0.001,,,,,0.003,0.003,,,,
374,0.1385,,0.002,0.0665,1.715,0.075,,0.025,0.3795,,,,1.4935,,0.0,0.001,,,,,0.003,0.003,,,,
375,0.5794999999999999,,0.0405,0.3375,1.09,0.4155,,0.1255,1.145,,,0.196,1.5065,,0.0,0.0023333333333333335,,,,,0.0205,0.019,,,,
376,0.5740000000000001,,0.0405,0.34,1.845,0.41000000000000003,,0.1265,2.0740000000000003,,,0.317,1.5035,,0.0,0.002,,,,,0.0205,0.019,,,,
377,0.17250000000000001,,0.006,0.093,2.7635,0.1085,,0.032,0.257,,,0.07,1.4755,,0.0,0.001,,,,,0.006,0.006,,,,
378,0.139,,0.002,0.0665,0.562,0.075,,0.025,0.46299999999999997,,,,1.4815,,0.0,0.001,,,,,0.003,0.003,,,,
379,0.138,,0.002,0.0665,0.1635,0.075,,0.025,0.444,,,,1.4845000000000002,,0.0,0.001,,,,,0.003,0.003,,,,
380,0.138,,0.002,0.0665,3.5865000000000005,0.075,,0.025,0.2705,,,,1.475,,0.0,0.001,,,,,0.003,0.003,,,,
381,0.138,,0.002,0.0665,0.7865000000000001,0.075,,0.025,0.165,,,,1.483,,0.0,0.001,,,,,0.003,0.003,,,,
382,0.1385,,0.002,0.0665,0.095,0.075,,0.025,2.2715,,,,1.484,,0.0,0.001,,,,,0.003,0.003,,,,
383,0.1385,,0.002,0.0665,2.6875,0.075,,0.025,0.357,,,,1.4825,,0.0,0.001,,,,,0.003,0.0025,,,,
384,0.138,,0.002,0.0665,0.9635,0.075,,0.025,0.2765,,,,1.483,,0.0,0.001,,,,,0.003,0.003,,,,
385,0.138,,0.002,0.0665,0.16999999999999998,0.075,,0.025,0.351,,,,1.4795,,0.0,0.001,,,,,0.003,0.0025,,,,
386,0.138,,0.002,0.0665,2.7329999999999997,0.075,,0.025,2.326,,,,1.4865,,0.0,0.001,,,,,0.003,0.0025,,,,
387,0.1385,,0.002,0.0665,2.529,0.075,,0.025,0.1155,,,,1.484,,0.0,0.001,,,,,0.003,0.003,,,,
388,0.138,,0.002,0.066,0.8035,0.076,,0.025,0.1865,,,,1.4555,,0.0,0.001,,,,,0.003,0.0025,,,,
389,0.138,,0.002,0.066,1.5455,0.076,,0.025,4.025,,,,1.4649999999999999,,0.0,0.001,,,,,0.003,0.0025,,,,
390,0.1385,,0.002,0.066,0.7715,0.076,,0.025,0.6825,,,,1.4645000000000001,,0.0,0.001,,,,,0.003,0.0025,,,,
391,0.138,,0.002,0.066,3.8325,0.076,,0.025,2.8145000000000002,,,,1.4645000000000001,,0.0,0.001,,,,,0.003,0.003,,,,
392,0.587,,0.0405,0.338,3.6965000000000003,0.41150000000000003,,0.1255,1.1360000000000001,,,0.1995,1.5155,,0.0,0.002,,,,,0.021,0.019,,,,
393,0.5785,,0.0405,0.338,1.3215,0.41050000000000003,,0.1265,1.177,,,0.14083333333333334,1.4815,,0.0,0.0016666666666666668,,,,,0.02,0.019,,,,
394,0.5780000000000001,,0.0405,0.342,1.3615000000000002,0.41250000000000003,,0.128,1.241,,,0.225,1.5155,,0.0,0.002,,,,,0.021,0.019,,,,
395,0.1545,,0.004,0.079,2.79,0.094,,0.0335,0.8805,,,0.055,1.4655,,0.0,0.001,,,,,0.005,0.004,,,,
396,0.138,,0.002,0.066,2.6830000000000003,0.076,,0.025,6.173,,,,1.4620000000000002,,0.0,0.001,,,,,0.003,0.002,,,,
397,0.138,,0.002,0.066,0.1315,0.076,,0.025,0.203,,,,1.463,,0.0,0.001,,,,,0.003,0.003,,,,
398,0.138,,0.002,0.066,3.068,0.076,,0.025,0.163,,,,1.4715,,0.0,0.001,,,,,0.003,0.003,,,,
399,0.138,,0.002,0.066,0.0955,0.076,,0.025,1.4615,,,,1.4649999999999999,,0.0,0.001,,,,,0.003,0.0025,,,,
400,0.138,,0.0025,0.066,0.1625,0.076,,0.025,0.2805,,,,1.4635,,0.0,0.001,,,,,0.003,0.0025,,,,
401,0.138,,0.002,0.066,2.8285,0.076,,0.025,0.1975,,,,1.468,,0.0,0.001,,,,,0.003,0.003,,,,
402,0.138,,0.002,0.066,1.212,0.076,,0.025,0.1265,,,,1.4685000000000001,,0.0,0.001,,,,,0.003,0.0025,,,,
403,0.1385,,0.002,0.066,0.093,0.076,,0.025,0.2195,,,,1.467,,0.0,0.001,,,,,0.003,0.0025,,,,
404,0.138,,0.002,0.066,2.829,0.076,,0.025,1.038,,,,1.464,,0.0,0.001,,,,,0.003,0.0025,,,,
405,0.138,,0.002,0.066,1.2565000000000002,0.076,,0.025,0.2715,,,,1.4700000000000002,,0.0,0.001,,,,,0.003,0.002,,,,
406,0.138,,0.002,0.066,0.5890000000000001,0.076,,0.025,0.1355,,,,1.465,,0.0,0.001,,,,,0.003,0.003,,,,
407,0.138,,0.002,0.066,2.916,0.076,,0.025,0.196,,,,1.4264999999999999,,0.0,0.001,,,,,0.003,0.002,,,,
408,0.138,,0.002,0.066,0.8155,0.0755,,0.025,1.3695,,,,1.428,,0.0,0.001,,,,,0.003,0.002,,,,
409,0.1385,,0.002,0.066,0.2935,0.076,,0.025,0.171,,,,1.432,,0.0,0.001,,,,,0.003,0.002,,,,
410,0.138,,0.002,0.066,2.8994999999999997,0.0755,,0.025,0.4855,,,,1.4235,,0.0,0.001,,,,,0.003,0.002,,,,
411,0.138,,0.002,0.066,0.3255,0.076,,0.025,0.4375,,,,1.426,,0.0,0.001,,,,,0.003,0.002,,,,
412,0.138,,0.002,0.066,2.2355,0.076,,0.025,2.154,,,,1.4300000000000002,,0.0,0.001,,,,,0.003,0.0025,,,,
413,0.138,,0.002,0.066,3.0035,0.076,,0.025,0.696,,,,1.4315,,0.0,0.001,,,,,0.003,0.0025,,,,
414,0.138,,0.002,0.066,0.923,0.076,,0.025,0.344,,,,1.4195,,0.0,0.001,,,,,0.003,0.002,,,,
415,0.1385,,0.002,0.066,0.9095,0.076,,0.025,0.10650000000000001,,,,1.4165,,0.0,0.001,,,,,0.003,0.0025,,,,
416,0.1385,,0.0025,0.066,1.8645,0.076,,0.025,0.546,,,,1.4184999999999999,,0.0,0.001,,,,,0.003,0.0025,,,,
417,0.1385,,0.002,0.066,0.6915,0.076,,0.025,0.649,,,,1.4209999999999998,,0.0,0.001,,,,,0.003,0.002,,,,
418,0.138,,0.002,0.066,0.1465,0.076,,0.025,0.1555,,,,1.4235,,0.0,0.001,,,,,0.003,0.003,,,,
419,0.139,,0.002,0.066,2.692,0.076,,0.025,0.24400000000000002,,,,1.4184999999999999,,0.0,0.001,,,,,0.003,0.002,,,,
420,0.138,,0.0025,0.066,0.1365,0.076,,0.025,5.7335,,,,1.4205,,0.0,0.001,,,,,0.003,0.0025,,,,
421,0.138,,0.002,0.066,0.325,0.076,,0.025,2.5505,,,,1.4264999999999999,,0.0,0.001,,,,,0.003,0.002,,,,
422,0.5805,,0.0405,0.3375,3.5175,0.422,,0.1255,1.0675,,,0.197,1.4765000000000001,,0.0,0.002,,,,,0.021,0.019,,,,
423,0.581,,0.0405,0.339,1.4075,0.41000000000000003,,0.1255,1.151,,,0.315,1.4765000000000001,,0.0,0.002,,,,,0.02,0.019,,,,
424,0.5695000000000001,,0.0405,0.3395,0.9375,0.40650000000000003,,0.127,1.2855,,,0.41600000000000004,1.478,,0.0,0.002,,,,,0.0205,0.019,,,,
425,0.582,,0.0405,0.339,3.778,0.41300000000000003,,0.1275,2.5385,,,0.513,1.472,,0.0,0.002,,,,,0.0205,0.019,,,,
426,0.1475,,0.004,0.0795,0.8145,0.1075,,0.033,0.27649999999999997,,,0.1015,1.428,,0.0,0.001,,,,,0.004,0.004,,,,
427,0.138,,0.002,0.066,0.1855,0.076,,0.025,0.833,,,,1.4785,,0.0,0.001,,,,,0.003,0.002,,,,
428,0.138,,0.0025,0.066,1.5005,0.076,,0.025,1.9695,,,,1.4785,,0.0,0.001,,,,,0.003,0.0025,,,,
429,0.138,,0.002,0.066,0.378,0.076,,0.025,0.683,,,,1.4735,,0.0,0.001,,,,,0.003,0.0025,,,,
430,0.4265,,0.0165,0.2545,1.3165,0.2755,,0.1075,1.1965,,,0.1065,1.5275,,0.0,0.0018333333333333335,,,,,0.014499999999999999,0.014,,,,
431,0.138,,0.002,0.066,0.253,0.076,,0.025,1.1155,,,,1.471,,0.0,0.001,,,,,0.003,0.003,,,,
432,0.1385,,0.002,0.066,0.77,0.076,,0.025,0.089,,,,1.4715,,0.0,0.001,,,,,0.003,0.0025,,,,
433,0.138,,0.002,0.066,0.2255,0.076,,0.025,0.5105000000000001,,,,1.472,,0.0,0.001,,,,,0.003,0.0025,,,,
434,0.138,,0.002,0.066,1.6615000000000002,0.076,,0.025,0.282,,,,1.474,,0.0,0.001,,,,,0.003,0.003,,,,
435,0.1385,,0.002,0.066,0.604,0.076,,0.025,0.1375,,,,1.4735,,0.0,0.001,,,,,0.003,0.0025,,,,
436,0.138,,0.002,0.066,0.5515,0.076,,0.025,0.5125000000000001,,,,1.4725000000000001,,0.0,0.001,,,,,0.003,0.0025,,,,
437,0.138,,0.002,0.066,1.499,0.076,,0.025,1.5245,,,,1.4775,,0.0,0.001,,,,,0.003,0.0025,,,,
438,0.138,,0.002,0.066,0.386,0.076,,0.025,0.195,,,,1.481,,0.0,0.001,,,,,0.003,0.0025,,,,
439,0.1385,,0.002,0.066,0.3455,0.076,,0.025,0.5635,,,,1.472,,0.0,0.001,,,,,0.003,0.0025,,,,
440,0.139,,0.002,0.066,1.6480000000000001,0.076,,0.025,0.227,,,,1.472,,0.0,0.001,,,,,0.003,0.003,,,,
441,0.1375,,0.002,0.066,0.6675000000000001,0.076,,0.025,0.155,,,,1.4820000000000002,,0.0,0.001,,,,,0.003,0.003,,,,
442,0.1385,,0.002,0.066,0.23500000000000001,0.076,,0.025,2.523,,,,1.4745,,0.0,0.001,,,,,0.003,0.003,,,,
443,0.1385,,0.002,0.066,2.831,0.076,,0.025,0.326,,,,1.479,,0.0,0.001,,,,,0.003,0.0025,,,,
444,0.138,,0.002,0.066,0.378,0.076,,0.025,0.367,,,,1.48,,0.0,0.001,,,,,0.003,0.003,,,,
445,0.138,,0.002,0.066,1.7335,0.076,,0.025,0.621,,,,1.4809999999999999,,0.0,0.001,,,,,0.003,0.002,,,,
446,0.138,,0.002,0.066,1.756,0.076,,0.025,0.7140000000000001,,,,1.4835,,0.0,0.001,,,,,0.003,0.002,,,,
447,0.4385,,0.0175,0.26,0.9835,0.2755,,0.1065,0.7185,,,0.121,1.532,,0.0,0.0016666666666666668,,,,,0.015,0.014,,,,
448,0.1385,,0.002,0.066,0.169,0.076,,0.025,0.2025,,,,1.448,,0.0,0.001,,,,,0.003,0.002,,,,
449,0.138,,0.002,0.066,1.75,0.076,,0.025,0.5925,,,,1.456,,0.0,0.001,,,,,0.003,0.002,,,,
450,0.139,,0.002,0.066,0.45999999999999996,0.076,,0.025,0.1625,,,,1.456,,0.0,0.001,,,,,0.003,0.0025,,,,
451,0.138,,0.002,0.066,0.514,0.076,,0.025,0.9575,,,,1.456,,0.0,0.001,,,,,0.003,0.002,,,,
452,0.138,,0.002,0.0665,1.8070000000000002,0.076,,0.025,0.6985,,,,1.4529999999999998,,0.0,0.001,,,,,0.003,0.0025,,,,
453,0.138,,0.002,0.066,0.2775,0.076,,0.025,0.3475,,,,1.4569999999999999,,0.0,0.001,,,,,0.003,0.0025,,,,
454,0.5775,,0.0405,0.3365,1.0950000000000002,0.41250000000000003,,0.1265,1.5190000000000001,,,0.1965,1.4665,,0.0,0.002,,,,,0.021,0.019,,,,
455,0.5794999999999999,,0.0405,0.3405,6.431,0.40850000000000003,,0.1265,5.835,,,0.07250000000000001,1.4685000000000001,,0.0,0.0015,,,,,0.02,0.019,,,,
456,0.5780000000000001,,0.0405,0.3375,1.4205,0.41400000000000003,,0.1275,0.9755,,,0.252,1.4935,,0.0,0.002,,,,,0.0205,0.019,,,,
457,0.20900000000000002,,0.008,0.09,0.5605,0.133,,0.041999999999999996,0.3185,,,0.101,1.4735,,0.0,0.001,,,,,0.008,0.007,,,,
458,0.138,,0.002,0.066,1.8005,0.076,,0.025,2.085,,,,1.4485000000000001,,0.0,0.001,,,,,0.003,0.0025,,,,
459,0.138,,0.002,0.066,0.497,0.0755,,0.025,0.1385,,,,1.4495,,0.0,0.001,,,,,0.003,0.003,,,,
460,0.5854999999999999,,0.0405,0.338,1.0514999999999999,0.41400000000000003,,0.126,1.331,,,0.198,1.4689999999999999,,0.0,0.002,,,,,0.0205,0.019,,,,
461,0.579,,0.0405,0.3395,3.5655,0.40950000000000003,,0.1265,1.713,,,0.3165,1.4235,,0.0,0.002,,,,,0.02,0.019,,,,
462,0.579,,0.0405,0.34,1.206,0.41100000000000003,,0.126,0.9930000000000001,,,0.41200000000000003,1.424,,0.0,0.002,,,,,0.0205,0.019,,,,
463,0.5845,,0.0405,0.337,1.423,0.40800000000000003,,0.1285,8.179,,,0.05336666666666667,1.4155,,0.0,0.001142857142857143,,,,,0.02,0.019,,,,
464,0.5785,,0.0405,0.338,3.6215,0.41500000000000004,,0.126,1.0995000000000001,,,0.1025,1.496,,0.0,0.0016666666666666668,,,,,0.0205,0.019,,,,
465,0.42000000000000004,,0.0165,0.255,0.8635,0.274,,0.1075,0.7835000000000001,,,0.184,1.484,,0.0,0.002,,,,,0.014499999999999999,0.014,,,,
466,0.138,,0.002,0.0665,0.091,0.075,,0.025,1.0990000000000002,,,,1.456,,0.0,0.001,,,,,0.003,0.0025,,,,
467,0.1385,,0.002,0.066,3.3375,0.0755,,0.025,0.7125,,,,1.454,,0.0,0.001,,,,,0.003,0.0025,,,,
468,0.583,,0.0405,0.3395,1.413,0.41400000000000003,,0.125,3.3800000000000003,,,0.196,1.4865,,0.0,0.002,,,,,0.0205,0.019,,,,
469,0.4275,,0.017,0.2575,0.8465,0.2775,,0.109,0.9390000000000001,,,0.09349999999999999,1.4775,,0.0,0.0013333333333333333,,,,,0.015,0.014,,,,
470,0.138,,0.002,0.0665,3.711,0.075,,0.025,4.0675,,,,1.448,,0.0,0.001,,,,,0.003,0.0025,,,,
471,0.138,,0.002,0.0665,0.14650000000000002,0.0755,,0.025,2.474,,,,1.447,,0.0,0.001,,,,,0.003,0.0025,,,,
472,0.138,,0.002,0.0665,2.286,0.075,,0.025,4.612,,,,1.4525000000000001,,0.0,0.001,,,,,0.003,0.003,,,,
473,0.138,,0.002,0.0665,2.0210000000000004,0.075,,0.025,0.429,,,,1.452,,0.0,0.001,,,,,0.003,0.0025,,,,
474,0.1385,,0.002,0.0665,0.451,0.075,,0.025,1.6135,,,,1.4485000000000001,,0.0,0.001,,,,,0.003,0.0025,,,,
475,0.1385,,0.002,0.0665,0.254,0.075,,0.025,0.59,,,,1.4545,,0.0,0.001,,,,,0.003,0.0025,,,,
476,0.138,,0.002,0.0665,1.53,0.075,,0.025,0.632,,,,1.4565000000000001,,0.0,0.001,,,,,0.003,0.003,,,,
477,0.138,,0.002,0.0665,1.2345,0.075,,0.025,3.869,,,,1.4535,,0.0,0.001,,,,,0.003,0.0025,,,,
478,0.138,,0.002,0.066,0.824,0.076,,0.025,2.8185000000000002,,,,1.455,,0.0,0.001,,,,,0.003,0.002,,,,
479,0.138,,0.002,0.066,1.539,0.076,,0.025,0.865,,,,1.453,,0.0,0.001,,,,,0.003,0.0025,,,,
480,0.138,,0.002,0.066,1.6205,0.076,,0.025,0.544,,,,1.4535,,0.0,0.001,,,,,0.003,0.0025,,,,
481,0.1385,,0.002,0.066,1.937,0.076,,0.025,0.9405,,,,1.452,,0.0,0.001,,,,,0.003,0.0025,,,,
482,0.138,,0.002,0.066,1.7885,0.0755,,0.025,0.24650000000000002,,,,1.4545,,0.0,0.001,,,,,0.003,0.0025,,,,
483,0.1385,,0.002,0.066,0.23700000000000002,0.076,,0.025,0.5815,,,,1.4505,,0.0,0.001,,,,,0.003,0.0025,,,,
484,0.138,,0.002,0.066,0.11649999999999999,0.076,,0.025,0.4845,,,,1.4555,,0.0,0.001,,,,,0.003,0.0025,,,,
485,0.138,,0.002,0.066,0.1325,0.076,,0.025,1.4585,,,,1.452,,0.0,0.001,,,,,0.003,0.0025,,,,
486,0.1385,,0.002,0.066,0.24550000000000002,0.076,,0.025,0.5575,,,,1.4565000000000001,,0.0,0.001,,,,,0.003,0.003,,,,
487,0.1385,,0.002,0.066,0.2815,0.076,,0.025,1.2235,,,,1.4540000000000002,,0.0,0.001,,,,,0.003,0.003,,,,
488,0.138,,0.002,0.066,1.6390000000000002,0.076,,0.025,0.33349999999999996,,,,1.452,,0.0,0.001,,,,,0.003,0.0025,,,,
489,0.139,,0.002,0.066,0.6615000000000001,0.076,,0.025,0.294,,,,1.4585,,0.0,0.001,,,,,0.003,0.003,,,,
490,0.138,,0.0025,0.066,0.10700000000000001,0.076,,0.025,2.1025,,,,1.4569999999999999,,0.0,0.001,,,,,0.003,0.002,,,,
491,0.1385,,0.002,0.066,8.671999999999999,0.076,,0.025,0.11449999999999999,,,,1.4615,,0.0,0.001,,,,,0.003,0.0025,,,,
492,0.1385,,0.002,0.066,0.3185,0.076,,0.025,0.4165,,,,1.462,,0.0,0.001,,,,,0.003,0.0025,,,,
493,0.138,,0.002,0.066,0.3105,0.076,,0.025,1.1735,,,,1.4575,,0.0,0.001,,,,,0.003,0.002,,,,
494,0.1385,,0.002,0.066,1.734,0.076,,0.025,0.8175,,,,1.456,,0.0,0.001,,,,,0.003,0.002,,,,
495,0.138,,0.0025,0.066,0.8815,0.076,,0.025,2.849,,,,1.4595,,0.0,0.001,,,,,0.003,0.002,,,,
496,0.138,,0.002,0.066,1.0230000000000001,0.076,,0.025,0.5535,,,,1.4595,,0.0,0.001,,,,,0.003,0.003,,,,
497,0.138,,0.002,0.066,1.679,0.076,,0.025,1.7145000000000001,,,,1.4605000000000001,,0.0,0.001,,,,,0.003,0.002,,,,
498,0.1385,,0.002,0.066,1.403,0.076,,0.025,3.9555,,,,1.4575,,0.0,0.001,,,,,0.003,0.002,,,,
499,0.1385,,0.002,0.0665,0.202,0.076,,0.025,0.24600000000000002,,,,1.464,,0.0,0.001,,,,,0.003,0.0025,,,,
500,0.1385,,0.0025,0.066,1.652,0.076,,0.025,2.3415,,,,1.467,,0.0,0.001,,,,,0.003,0.0025,,,,
501,0.138,,0.002,0.066,0.0825,0.076,,0.025,0.193,,,,1.467,,0.0,0.001,,,,,0.003,0.0025,,,,
502,0.138,,0.002,0.066,0.21150000000000002,0.076,,0.025,0.128,,,,1.4645000000000001,,0.0,0.001,,,,,0.003,0.0025,,,,
503,0.138,,0.002,0.066,1.7135,0.076,,0.025,0.11449999999999999,,,,1.463,,0.0,0.001,,,,,0.003,0.0025,,,,
504,0.138,,0.0025,0.066,1.403,0.076,,0.025,0.2565,,,,1.461,,0.0,0.001,,,,,0.003,0.0025,,,,
505,0.138,,0.002,0.066,0.0895,0.076,,0.025,0.2555,,,,1.4655,,0.0,0.001,,,,,0.003,0.002,,,,
506,0.138,,0.002,0.066,1.5355,0.076,,0.025,0.7395,,,,1.464,,0.0,0.001,,,,,0.003,0.0025,,,,
507,0.1385,,0.002,0.066,0.5855,0.076,,0.025,0.791,,,,1.467,,0.0,0.001,,,,,0.003,0.0025,,,,
508,0.138,,0.002,0.066,0.6475,0.076,,0.025,0.40499999999999997,,,,1.447,,0.0,0.001,,,,,0.003,0.0025,,,,
509,0.138,,0.002,0.066,1.9665000000000001,0.0755,,0.025,0.316,,,,1.4445000000000001,,0.0,0.001,,,,,0.003,0.003,,,,
510,0.138,,0.002,0.066,0.285,0.0755,,0.025,0.9225000000000001,,,,1.4449999999999998,,0.0,0.001,,,,,0.003,0.002,,,,
511,0.138,,0.002,0.066,0.129,0.076,,0.025,0.195,,,,1.4495,,0.0,0.001,,,,,0.003,0.002,,,,
512,0.1375,,0.0025,0.066,1.8645,0.075,,0.025,0.6204999999999999,,,,1.446,,0.0,0.001,,,,,0.003,0.003,,,,
513,0.138,,0.002,0.066,0.379,0.076,,0.025,1.2415,,,,1.4475,,0.0,0.001,,,,,0.003,0.0025,,,,
514,0.577,,0.0405,0.339,1.2385000000000002,0.41700000000000004,,0.129,0.9545000000000001,,,0.1945,1.4395,,0.0,0.002,,,,,0.021,0.019,,,,
515,0.5760000000000001,,0.0405,0.34,2.8035,0.41200000000000003,,0.1285,1.2565,,,0.15183333333333335,1.4365,,0.0,0.0016666666666666668,,,,,0.02,0.019,,,,
516,0.5785,,0.0405,0.338,0.9790000000000001,0.41300000000000003,,0.1265,0.9635,,,0.10816666666666667,1.4700000000000002,,0.0,0.0016666666666666668,,,,,0.0205,0.019,,,,
517,0.5625,,0.026000000000000002,0.271,0.8445,0.28500000000000003,,0.111,1.0195,,,0.154,1.4895,,0.0,0.002,,,,,0.017,0.016,,,,
518,0.138,,0.002,0.0665,1.7545,0.076,,0.025,0.084,,,,1.435,,0.0,0.001,,,,,0.003,0.002,,,,
519,0.138,,0.002,0.066,0.488,0.076,,0.025,1.4435000000000002,,,,1.4409999999999998,,0.0,0.001,,,,,0.003,0.002,,,,
520,0.1385,,0.002,0.066,0.20800000000000002,0.076,,0.025,0.753,,,,1.438,,0.0,0.001,,,,,0.003,0.0025,,,,
521,0.1385,,0.002,0.066,1.5215,0.0765,,0.025,0.6,,,,1.4355,,0.0,0.001,,,,,0.003,0.003,,,,
522,0.581,,0.0405,0.3355,1.1355,0.4155,,0.127,1.4889999999999999,,,0.196,1.4715,,0.0,0.002,,,,,0.0205,0.019,,,,
523,0.58,,0.0405,0.34,0.9855,0.4115,,0.126,1.04,,,0.3165,1.4685000000000001,,0.0,0.002,,,,,0.02,0.019,,,,
524,0.577,,0.0405,0.34,9.061000000000002,0.41050000000000003,,0.1285,3.0675000000000003,,,0.41200000000000003,1.471,,0.0,0.002,,,,,0.0205,0.019,,,,
525,0.575,,0.0405,0.34,0.958,0.40850000000000003,,0.1285,1.7745,,,0.52,1.4685000000000001,,0.0,0.002,,,,,0.02,0.019,,,,
526,0.428,,0.013500000000000002,0.171,0.7465,0.212,,0.066,1.192,,,0.1446666666666667,1.4620000000000002,,0.0,0.0013333333333333333,,,,,0.0125,0.012,,,,
527,0.138,,0.002,0.0665,2.037,0.075,,0.025,0.29700000000000004,,,,1.4745,,0.0,0.001,,,,,0.003,0.003,,,,
528,0.1375,,0.002,0.0665,0.6110000000000001,0.075,,0.025,0.7265,,,,1.4785,,0.0,0.001,,,,,0.003,0.0025,,,,
529,0.138,,0.002,0.0665,0.267,0.075,,0.025,0.6335,,,,1.4815,,0.0,0.001,,,,,0.003,0.003,,,,
530,0.139,,0.002,0.0665,1.8885,0.0745,,0.025,0.7245,,,,1.481,,0.0,0.001,,,,,0.003,0.002,,,,
531,0.138,,0.002,0.0665,0.9660000000000001,0.075,,0.025,4.375500000000001,,,,1.484,,0.0,0.001,,,,,0.003,0.003,,,,
532,0.138,,0.002,0.0665,0.2855,0.075,,0.025,2.506,,,,1.484,,0.0,0.001,,,,,0.003,0.003,,,,
533,0.138,,0.002,0.0665,1.7775,0.075,,0.025,0.40399999999999997,,,,1.483,,0.0,0.001,,,,,0.003,0.0025,,,,
534,0.1375,,0.002,0.0665,0.39499999999999996,0.075,,0.025,0.4475,,,,1.4815,,0.0,0.001,,,,,0.003,0.003,,,,
535,0.138,,0.002,0.0665,0.188,0.075,,0.025,0.3095,,,,1.4809999999999999,,0.0,0.001,,,,,0.003,0.003,,,,
536,0.138,,0.002,0.0665,1.8065,0.075,,0.025,0.6575000000000001,,,,1.4865,,0.0,0.001,,,,,0.003,0.003,,,,
537,0.138,,0.002,0.0665,2.2990000000000004,0.075,,0.025,0.6375000000000001,,,,1.4825,,0.0,0.001,,,,,0.003,0.002,,,,
538,0.138,,0.002,0.0665,0.262,0.075,,0.025,0.3825,,,,1.4885000000000002,,0.0,0.001,,,,,0.003,0.003,,,,
539,0.1385,,0.002,0.0665,0.4315,0.075,,0.025,0.3915,,,,1.4795,,0.0,0.001,,,,,0.003,0.003,,,,
540,0.138,,0.002,0.0665,3.5084999999999997,0.075,,0.025,4.3615,,,,1.483,,0.0,0.001,,,,,0.003,0.003,,,,
541,0.1375,,0.002,0.0665,0.223,0.075,,0.025,0.2935,,,,1.483,,0.0,0.001,,,,,0.003,0.003,,,,
542,0.1385,,0.002,0.0665,3.5335,0.075,,0.025,0.473,,,,1.4925000000000002,,0.0,0.001,,,,,0.003,0.003,,,,
543,0.1375,,0.002,0.0665,0.656,0.075,,0.025,2.5585000000000004,,,,1.4795,,0.0,0.001,,,,,0.003,0.003,,,,
544,0.1385,,0.002,0.0665,0.3225,0.075,,0.025,0.129,,,,1.4875,,0.0,0.001,,,,,0.003,0.0025,,,,
545,0.138,,0.002,0.0665,1.847,0.075,,0.025,0.279,,,,1.49,,0.0,0.001,,,,,0.003,0.0025,,,,
546,0.138,,0.002,0.066,0.4755,0.076,,0.025,2.5300000000000002,,,,1.4769999999999999,,0.0,0.001,,,,,0.003,0.0025,,,,
547,0.1385,,0.002,0.066,0.375,0.076,,0.025,0.5805,,,,1.474,,0.0,0.001,,,,,0.003,0.002,,,,
548,0.428,,0.014499999999999999,0.1845,3.849,0.28550000000000003,,0.07,0.645,,,0.099,1.5180000000000002,,0.0,0.0015000000000000002,,,,,0.013500000000000002,0.013000000000000001,,,,
549,0.138,,0.002,0.066,0.454,0.076,,0.025,0.094,,,,1.468,,0.0,0.001,,,,,0.003,0.0025,,,,
550,0.138,,0.002,0.066,0.2235,0.076,,0.025,0.226,,,,1.468,,0.0,0.001,,,,,0.003,0.003,,,,
551,0.138,,0.002,0.066,3.4,0.076,,0.025,0.10300000000000001,,,,1.4729999999999999,,0.0,0.001,,,,,0.003,0.002,,,,
552,0.1385,,0.002,0.0665,0.7434999999999999,0.076,,0.025,1.938,,,,1.4420000000000002,,0.0,0.001,,,,,0.003,0.0025,,,,
553,0.139,,0.002,0.066,0.23,0.076,,0.025,0.1405,,,,1.4425,,0.0,0.001,,,,,0.003,0.0025,,,,
554,0.138,,0.002,0.066,2.545,0.076,,0.025,0.2295,,,,1.4455,,0.0,0.001,,,,,0.003,0.0025,,,,
555,0.138,,0.002,0.066,0.5095000000000001,0.076,,0.025,0.2495,,,,1.443,,0.0,0.001,,,,,0.003,0.002,,,,
556,0.139,,0.002,0.066,0.3215,0.076,,0.025,2.914,,,,1.4435,,0.0,0.001,,,,,0.003,0.0025,,,,
557,0.1385,,0.002,0.066,2.7685,0.076,,0.025,0.1645,,,,1.4475,,0.0,0.001,,,,,0.003,0.003,,,,
558,0.1385,,0.002,0.066,0.444,0.076,,0.025,0.279,,,,1.448,,0.0,0.001,,,,,0.003,0.0025,,,,
559,0.138,,0.002,0.066,0.448,0.076,,0.025,0.263,,,,1.4475,,0.0,0.001,,,,,0.003,0.0025,,,,
560,0.1385,,0.002,0.066,2.858,0.0765,,0.025,0.8725,,,,1.448,,0.0,0.001,,,,,0.003,0.0025,,,,
561,0.138,,0.002,0.066,0.7115,0.076,,0.025,0.2855,,,,1.4475,,0.0,0.001,,,,,0.003,0.002,,,,
562,0.138,,0.002,0.066,0.1205,0.076,,0.025,0.33949999999999997,,,,1.449,,0.0,0.001,,,,,0.003,0.003,,,,
563,0.138,,0.002,0.066,2.6715,0.076,,0.025,0.7905000000000001,,,,1.451,,0.0,0.001,,,,,0.003,0.0025,,,,
564,0.138,,0.002,0.066,4.0965,0.076,,0.025,3.297,,,,1.4485000000000001,,0.0,0.001,,,,,0.003,0.0025,,,,
565,0.138,,0.002,0.066,0.2835,0.076,,0.025,0.4155,,,,1.4545,,0.0,0.001,,,,,0.003,0.003,,,,
566,0.138,,0.0025,0.066,2.7175000000000002,0.076,,0.025,0.14,,,,1.4545,,0.0,0.001,,,,,0.003,0.0025,,,,
567,0.581,,0.0405,0.3355,1.0935000000000001,0.4175,,0.128,1.0554999999999999,,,0.199,1.4765000000000001,,0.0,0.002,,,,,0.0205,0.019,,,,
568,0.5735,,0.04,0.3415,0.987,0.41300000000000003,,0.1255,1.1805,,,0.316,1.4805000000000001,,0.0,0.002,,,,,0.0205,0.019,,,,
569,0.5825,,0.0405,0.3395,4.363,0.41200000000000003,,0.129,5.656,,,0.41150000000000003,1.479,,0.0,0.002,,,,,0.02,0.019,,,,
570,0.42100000000000004,,0.0165,0.258,0.7075,0.274,,0.109,3.5980000000000003,,,0.3195,1.4705,,0.0,0.0015000000000000002,,,,,0.014,0.014,,,,
571,0.1385,,0.002,0.066,2.36,0.076,,0.025,0.0775,,,,1.4780000000000002,,0.0,0.001,,,,,0.003,0.002,,,,
572,0.138,,0.002,0.066,1.665,0.076,,0.025,0.33599999999999997,,,,1.474,,0.0,0.001,,,,,0.003,0.003,,,,
573,0.138,,0.002,0.066,0.10800000000000001,0.076,,0.025,0.147,,,,1.4729999999999999,,0.0,0.001,,,,,0.003,0.002,,,,
574,0.138,,0.002,0.066,0.303,0.076,,0.025,0.265,,,,1.472,,0.0,0.001,,,,,0.003,0.0025,,,,
575,0.1385,,0.002,0.066,0.733,0.076,,0.025,0.3195,,,,1.4755,,0.0,0.001,,,,,0.003,0.003,,,,
576,0.4335,,0.0195,0.2715,0.8195,0.279,,0.1105,0.7795,,,0.1285,1.483,,0.0,0.002,,,,,0.017,0.015,,,,
577,0.138,,0.002,0.066,3.3375,0.076,,0.025,3.68,,,,1.4249999999999998,,0.0,0.001,,,,,0.003,0.0025,,,,
578,0.138,,0.0025,0.066,1.7115,0.076,,0.025,0.256,,,,1.428,,0.0,0.001,,,,,0.003,0.002,,,,
579,0.138,,0.002,0.066,1.9485000000000001,0.076,,0.025,5.0615,,,,1.4275,,0.0,0.001,,,,,0.003,0.0025,,,,
580,0.5834999999999999,,0.0405,0.341,1.4485000000000001,0.41800000000000004,,0.1275,3.0090000000000003,,,0.1985,1.469,,0.0,0.002,,,,,0.021,0.019,,,,
581,0.5825,,0.0405,0.3415,3.5620000000000003,0.4135,,0.1255,0.9800000000000001,,,0.3145,1.47,,0.0,0.002,,,,,0.02,0.019,,,,
582,0.5774999999999999,,0.0405,0.3395,3.965,0.40750000000000003,,0.127,3.2725,,,0.41150000000000003,1.4675,,0.0,0.002,,,,,0.02,0.019,,,,
583,0.4205,,0.014,0.1915,0.6435,0.20850000000000002,,0.07150000000000001,1.893,,,0.14133333333333334,1.4695,,0.0,0.0013333333333333333,,,,,0.013000000000000001,0.012,,,,
584,0.138,,0.002,0.066,3.506,0.076,,0.025,0.1735,,,,1.4635,,0.0,0.001,,,,,0.003,0.0025,,,,
585,0.138,,0.002,0.066,0.607,0.076,,0.025,1.243,,,,1.463,,0.0,0.001,,,,,0.003,0.002,,,,
586,0.138,,0.002,0.066,0.4455,0.076,,0.025,0.499,,,,1.464,,0.0,0.001,,,,,0.003,0.003,,,,
587,0.1385,,0.002,0.066,1.6280000000000001,0.0755,,0.025,0.24300000000000002,,,,1.4645000000000001,,0.0,0.001,,,,,0.003,0.003,,,,
588,0.138,,0.002,0.066,2.286,0.076,,0.025,0.16,,,,1.464,,0.0,0.001,,,,,0.003,0.003,,,,
589,0.138,,0.002,0.066,0.232,0.076,,0.025,2.102,,,,1.4635,,0.0,0.001,,,,,0.003,0.002,,,,
590,0.139,,0.002,0.066,1.5425,0.076,,0.025,0.224,,,,1.4705,,0.0,0.001,,,,,0.003,0.0025,,,,
591,0.138,,0.002,0.066,0.657,0.076,,0.025,0.447,,,,1.4615,,0.0,0.001,,,,,0.003,0.003,,,,
592,0.138,,0.002,0.066,0.3835,0.076,,0.025,0.18150000000000002,,,,1.4705,,0.0,0.001,,,,,0.003,0.002,,,,
593,0.138,,0.002,0.066,1.8395000000000001,0.076,,0.025,1.6380000000000001,,,,1.4689999999999999,,0.0,0.001,,,,,0.003,0.002,,,,
594,0.138,,0.002,0.066,0.6825,0.076,,0.025,0.223,,,,1.4695,,0.0,0.001,,,,,0.003,0.003,,,,
595,0.1385,,0.002,0.066,0.3685,0.076,,0.025,0.232,,,,1.4700000000000002,,0.0,0.001,,,,,0.003,0.002,,,,
596,0.1385,,0.002,0.066,2.07,0.076,,0.025,0.5045000000000001,,,,1.4685000000000001,,0.0,0.001,,,,,0.003,0.003,,,,
597,0.1385,,0.002,0.066,0.5845,0.076,,0.025,0.1185,,,,1.471,,0.0,0.001,,,,,0.003,0.0025,,,,
598,0.58,,0.0405,0.3395,0.9485000000000001,0.4135,,0.1275,1.392,,,0.197,1.5030000000000001,,0.0,0.002,,,,,0.0205,0.019,,,,
599,0.578,,0.0405,0.3405,2.9785,0.4145,,0.127,1.9235,,,0.3145,1.5050000000000001,,0.0,0.002,,,,,0.02,0.019,,,,
600,0.583,,0.0405,0.3405,1.286,0.4145,,0.1275,1.055,,,0.08075,1.444,,0.0,0.00125,,,,,0.02,0.019,,,,
601,0.14300000000000002,,0.0025,0.0775,0.205,0.08600000000000001,,0.027,0.186,,,0.031,1.4235,,0.0,0.001,,,,,0.003,0.003,,,,
602,0.138,,0.002,0.0655,1.8864999999999998,0.0765,,0.025,0.37300000000000005,,,,1.415,,0.0,0.001,,,,,0.003,0.0025,,,,
603,0.138,,0.002,0.066,0.6475000000000001,0.076,,0.025,0.17800000000000002,,,,1.4135,,0.0,0.001,,,,,0.003,0.002,,,,
604,0.138,,0.002,0.066,0.5955,0.0765,,0.025,0.8175,,,,1.4184999999999999,,0.0,0.001,,,,,0.003,0.0025,,,,
605,0.1385,,0.002,0.066,1.611,0.0755,,0.025,1.5665,,,,1.4135,,0.0,0.001,,,,,0.003,0.002,,,,
606,0.138,,0.002,0.066,0.7220000000000001,0.076,,0.025,0.375,,,,1.4140000000000001,,0.0,0.001,,,,,0.003,0.003,,,,
607,0.138,,0.002,0.066,0.46149999999999997,0.076,,0.025,0.6805,,,,1.4180000000000001,,0.0,0.001,,,,,0.003,0.0025,,,,
608,0.1385,,0.002,0.066,1.7515,0.076,,0.025,0.7525000000000001,,,,1.418,,0.0,0.001,,,,,0.003,0.003,,,,
609,0.138,,0.002,0.066,0.789,0.076,,0.025,0.5065000000000001,,,,1.4175,,0.0,0.001,,,,,0.003,0.003,,,,
610,0.138,,0.002,0.066,0.0915,0.076,,0.025,0.3155,,,,1.421,,0.0,0.001,,,,,0.003,0.002,,,,
611,0.1385,,0.002,0.0665,1.7265,0.076,,0.025,0.1915,,,,1.4155,,0.0,0.001,,,,,0.003,0.0025,,,,
612,0.1385,,0.002,0.066,0.516,0.076,,0.025,0.21500000000000002,,,,1.416,,0.0,0.001,,,,,0.003,0.002,,,,
613,0.1385,,0.002,0.066,0.8425,0.076,,0.025,0.33399999999999996,,,,1.4175,,0.0,0.001,,,,,0.003,0.002,,,,
614,0.1385,,0.002,0.066,0.7145,0.076,,0.025,5.1065000000000005,,,,1.415,,0.0,0.001,,,,,0.003,0.0025,,,,
615,0.138,,0.002,0.066,0.671,0.076,,0.025,0.131,,,,1.419,,0.0,0.001,,,,,0.003,0.002,,,,
616,0.1385,,0.002,0.066,0.1905,0.076,,0.025,0.2895,,,,1.4205,,0.0,0.001,,,,,0.003,0.0025,,,,
617,0.138,,0.002,0.066,2.112,0.076,,0.025,0.9035000000000001,,,,1.422,,0.0,0.001,,,,,0.003,0.0025,,,,
618,0.138,,0.0025,0.066,0.33849999999999997,0.076,,0.025,2.319,,,,1.4235,,0.0,0.001,,,,,0.003,0.0025,,,,
619,0.138,,0.002,0.066,0.0915,0.076,,0.025,0.46449999999999997,,,,1.425,,0.0,0.001,,,,,0.003,0.002,,,,
620,0.1375,,0.002,0.066,1.5274999999999999,0.076,,0.025,0.5275,,,,1.4215,,0.0,0.001,,,,,0.003,0.0025,,,,
621,0.1385,,0.002,0.066,0.666,0.076,,0.025,0.33899999999999997,,,,1.4220000000000002,,0.0,0.001,,,,,0.003,0.002,,,,
622,0.1385,,0.002,0.066,0.1265,0.076,,0.025,1.412,,,,1.429,,0.0,0.001,,,,,0.003,0.002,,,,
623,0.5805,,0.0405,0.3395,3.4615,0.4185,,0.1265,1.3840000000000001,,,0.198,1.4655,,0.0,0.002,,,,,0.0205,0.019,,,,
624,0.58,,0.04,0.3385,6.33,0.4185,,0.126,1.2895,,,0.317,1.4675,,0.0,0.002,,,,,0.0205,0.019,,,,
625,0.579,,0.0405,0.339,0.992,0.41050000000000003,,0.125,1.2650000000000001,,,0.4205,1.468,,0.0,0.002,,,,,0.02,0.019,,,,
626,0.5655000000000001,,0.034,0.342,3.5429999999999997,0.4115,,0.1405,0.9085000000000001,,,0.483,1.46,,0.0,0.002,,,,,0.019,0.018000000000000002,,,,
627,0.138,,0.002,0.066,0.2615,0.076,,0.025,0.5455,,,,1.464,,0.0,0.001,,,,,0.003,0.002,,,,
628,0.139,,0.002,0.066,0.529,0.076,,0.025,0.4695,,,,1.4665,,0.0,0.001,,,,,0.003,0.002,,,,
629,0.139,,0.002,0.066,0.9375,0.076,,0.025,0.501,,,,1.467,,0.0,0.001,,,,,0.003,0.0025,,,,
630,0.1385,,0.002,0.066,0.128,0.076,,0.025,0.271,,,,1.467,,0.0,0.001,,,,,0.003,0.003,,,,
631,0.1385,,0.002,0.066,0.2945,0.0765,,0.025,0.39849999999999997,,,,1.4625,,0.0,0.001,,,,,0.003,0.002,,,,
632,0.139,,0.002,0.066,2.9250000000000003,0.076,,0.025,0.33249999999999996,,,,1.467,,0.0,0.001,,,,,0.003,0.0025,,,,
633,0.1385,,0.002,0.066,1.012,0.076,,0.025,1.6805,,,,1.4685000000000001,,0.0,0.001,,,,,0.003,0.002,,,,
634,0.1385,,0.002,0.066,0.17450000000000002,0.076,,0.025,0.32999999999999996,,,,1.4665,,0.0,0.001,,,,,0.003,0.003,,,,
635,0.1385,,0.002,0.066,2.5975,0.076,,0.025,0.3025,,,,1.4705,,0.0,0.001,,,,,0.003,0.002,,,,
636,0.138,,0.002,0.066,0.2285,0.076,,0.025,0.571,,,,1.4705,,0.0,0.001,,,,,0.003,0.0025,,,,
637,0.139,,0.002,0.066,0.1525,0.076,,0.025,2.523,,,,1.476,,0.0,0.001,,,,,0.003,0.003,,,,
638,0.1395,,0.002,0.066,0.8315,0.076,,0.025,4.640000000000001,,,,1.4705,,0.0,0.001,,,,,0.003,0.002,,,,
639,0.139,,0.002,0.066,0.1015,0.076,,0.025,0.75,,,,1.4735,,0.0,0.001,,,,,0.003,0.002,,,,
640,0.1385,,0.002,0.066,0.52,0.076,,0.025,0.2705,,,,1.4715,,0.0,0.001,,,,,0.003,0.002,,,,
641,0.1385,,0.002,0.0665,2.6335,0.076,,0.025,2.684,,,,1.4755,,0.0,0.001,,,,,0.003,0.003,,,,
642,0.138,,0.002,0.066,0.2335,0.076,,0.025,0.6775,,,,1.479,,0.0,0.001,,,,,0.003,0.0025,,,,
643,0.1385,,0.002,0.066,0.318,0.076,,0.025,0.269,,,,1.4765000000000001,,0.0,0.001,,,,,0.003,0.0025,,,,
644,0.138,,0.002,0.066,2.6430000000000002,0.0765,,0.025,0.33499999999999996,,,,1.4695,,0.0,0.001,,,,,0.003,0.003,,,,
645,0.138,,0.002,0.066,1.0175,0.076,,0.025,0.5635,,,,1.476,,0.0,0.001,,,,,0.003,0.0025,,,,
646,0.138,,0.002,0.066,0.1525,0.076,,0.025,0.514,,,,1.4585,,0.0,0.001,,,,,0.003,0.002,,,,
647,0.1385,,0.002,0.066,3.049,0.076,,0.025,0.1525,,,,1.4575,,0.0,0.001,,,,,0.003,0.003,,,,
648,0.1385,,0.002,0.066,1.061,0.076,,0.025,0.3255,,,,1.46,,0.0,0.001,,,,,0.003,0.002,,,,
649,0.138,,0.002,0.066,0.14150000000000001,0.0755,,0.025,0.2245,,,,1.4555,,0.0,0.001,,,,,0.003,0.002,,,,
650,0.138,,0.002,0.066,4.3095,0.076,,0.025,4.851500000000001,,,,1.459,,0.0,0.001,,,,,0.003,0.0025,,,,
651,0.138,,0.002,0.066,1.287,0.076,,0.025,3.2955,,,,1.4565000000000001,,0.0,0.001,,,,,0.003,0.003,,,,
652,0.138,,0.002,0.066,2.022,0.076,,0.025,5.3694999999999995,,,,1.4565000000000001,,0.0,0.001,,,,,0.003,0.0025,,,,
653,0.138,,0.002,0.066,2.882,0.076,,0.025,0.089,,,,1.461,,0.0,0.001,,,,,0.003,0.003,,,,
654,0.1385,,0.002,0.066,0.3675,0.0755,,0.025,0.14450000000000002,,,,1.4580000000000002,,0.0,0.001,,,,,0.003,0.0025,,,,
655,0.138,,0.002,0.066,3.692,0.076,,0.025,2.752,,,,1.4615,,0.0,0.001,,,,,0.003,0.003,,,,
656,0.1385,,0.002,0.066,2.9175000000000004,0.076,,0.025,0.193,,,,1.463,,0.0,0.001,,,,,0.003,0.0025,,,,
657,0.138,,0.002,0.066,4.662999999999999,0.076,,0.025,2.367,,,,1.4635,,0.0,0.001,,,,,0.003,0.002,,,,
658,0.138,,0.002,0.066,0.146,0.076,,0.025,2.438,,,,1.4609999999999999,,0.0,0.001,,,,,0.003,0.0025,,,,
659,0.138,,0.002,0.066,2.6755,0.076,,0.025,0.622,,,,1.4605000000000001,,0.0,0.001,,,,,0.003,0.003,,,,
660,0.138,,0.002,0.066,0.879,0.076,,0.025,0.34149999999999997,,,,1.4615,,0.0,0.001,,,,,0.003,0.0025,,,,
661,0.138,,0.002,0.066,0.4565,0.076,,0.025,0.529,,,,1.4595,,0.0,0.001,,,,,0.003,0.003,,,,
662,0.138,,0.002,0.066,2.7190000000000003,0.076,,0.025,0.5565,,,,1.4615,,0.0,0.001,,,,,0.003,0.0025,,,,
663,0.138,,0.002,0.066,1.2615,0.076,,0.025,0.132,,,,1.464,,0.0,0.001,,,,,0.003,0.0025,,,,
664,0.1385,,0.002,0.066,0.2295,0.076,,0.025,0.23450000000000001,,,,1.464,,0.0,0.001,,,,,0.003,0.0025,,,,
665,0.1385,,0.002,0.066,2.9865,0.0755,,0.025,0.5605,,,,1.4675,,0.0,0.001,,,,,0.003,0.002,,,,
666,0.138,,0.002,0.066,0.802,0.076,,0.025,0.45899999999999996,,,,1.465,,0.0,0.001,,,,,0.003,0.002,,,,
667,0.138,,0.002,0.066,0.2085,0.0755,,0.025,0.07050000000000001,,,,1.4665,,0.0,0.001,,,,,0.003,0.0025,,,,
668,0.138,,0.002,0.066,2.7895000000000003,0.076,,0.025,0.39649999999999996,,,,1.465,,0.0,0.001,,,,,0.003,0.0025,,,,
669,0.1385,,0.0025,0.066,0.858,0.076,,0.025,0.574,,,,1.4635,,0.0,0.001,,,,,0.003,0.0025,,,,
670,0.138,,0.002,0.066,0.166,0.076,,0.025,0.513,,,,1.467,,0.0,0.001,,,,,0.003,0.002,,,,
671,0.138,,0.002,0.066,2.621,0.076,,0.025,0.5325,,,,1.4715,,0.0,0.001,,,,,0.003,0.002,,,,
672,0.138,,0.002,0.066,1.0165,0.076,,0.025,0.522,,,,1.4655,,0.0,0.001,,,,,0.003,0.0025,,,,
673,0.138,,0.002,0.066,0.08499999999999999,0.076,,0.025,0.3925,,,,1.4705,,0.0,0.001,,,,,0.003,0.003,,,,
674,0.138,,0.002,0.066,0.9875,0.076,,0.025,0.7474999999999999,,,,1.472,,0.0,0.001,,,,,0.003,0.0025,,,,
675,0.138,,0.002,0.066,0.9715,0.076,,0.025,0.4725,,,,1.47,,0.0,0.001,,,,,0.003,0.0025,,,,
676,0.1385,,0.002,0.066,0.305,0.0755,,0.025,0.296,,,,1.472,,0.0,0.001,,,,,0.003,0.002,,,,
677,0.1385,,0.002,0.066,2.8795,0.076,,0.025,0.46499999999999997,,,,1.462,,0.0,0.001,,,,,0.003,0.003,,,,
678,0.138,,0.002,0.066,0.972,0.076,,0.025,0.11150000000000002,,,,1.4649999999999999,,0.0,0.001,,,,,0.003,0.0025,,,,
679,0.1385,,0.002,0.066,0.11499999999999999,0.0755,,0.025,0.3775,,,,1.4649999999999999,,0.0,0.001,,,,,0.003,0.002,,,,
680,0.138,,0.002,0.066,2.6425,0.0755,,0.025,0.267,,,,1.464,,0.0,0.001,,,,,0.003,0.003,,,,
681,0.1385,,0.002,0.0655,1.0945,0.076,,0.025,0.321,,,,1.462,,0.0,0.001,,,,,0.003,0.003,,,,
682,0.138,,0.002,0.066,0.6395,0.076,,0.025,1.0779999999999998,,,,1.4615,,0.0,0.001,,,,,0.003,0.0025,,,,
683,0.138,,0.002,0.066,2.7515,0.076,,0.025,0.5395,,,,1.4635,,0.0,0.001,,,,,0.003,0.0025,,,,
684,0.138,,0.002,0.066,0.7965,0.076,,0.025,0.3165,,,,1.4649999999999999,,0.0,0.001,,,,,0.003,0.0025,,,,
685,0.138,,0.002,0.066,0.12,0.076,,0.025,0.421,,,,1.463,,0.0,0.001,,,,,0.003,0.003,,,,
686,0.138,,0.002,0.066,1.435,0.076,,0.025,0.4925,,,,1.4620000000000002,,0.0,0.001,,,,,0.003,0.0025,,,,
687,0.138,,0.002,0.066,0.655,0.076,,0.025,0.6140000000000001,,,,1.4655,,0.0,0.001,,,,,0.003,0.0025,,,,
688,0.138,,0.002,0.066,0.128,0.076,,0.025,0.1465,,,,1.4655,,0.0,0.001,,,,,0.003,0.0025,,,,
689,0.1385,,0.002,0.066,2.701,0.076,,0.025,0.3565,,,,1.4715,,0.0,0.001,,,,,0.003,0.0025,,,,
690,0.1385,,0.002,0.066,1.54,0.076,,0.025,1.0830000000000002,,,,1.4665,,0.0,0.001,,,,,0.003,0.003,,,,
691,0.138,,0.002,0.066,0.277,0.076,,0.025,0.5835,,,,1.4695,,0.0,0.001,,,,,0.003,0.002,,,,
692,0.138,,0.002,0.066,2.7795,0.076,,0.025,0.78,,,,1.467,,0.0,0.001,,,,,0.003,0.003,,,,
693,0.1385,,0.002,0.066,0.893,0.076,,0.025,0.353,,,,1.466,,0.0,0.001,,,,,0.003,0.0025,,,,
694,0.1385,,0.002,0.066,1.2695,0.076,,0.025,0.9470000000000001,,,,1.4705,,0.0,0.001,,,,,0.003,0.0025,,,,
695,0.138,,0.002,0.066,2.875,0.076,,0.025,2.74,,,,1.4695,,0.0,0.001,,,,,0.003,0.002,,,,
696,0.138,,0.002,0.066,1.0935,0.0765,,0.025,0.2545,,,,1.4555,,0.0,0.001,,,,,0.003,0.003,,,,
697,0.138,,0.002,0.066,0.0935,0.076,,0.025,0.299,,,,1.46,,0.0,0.001,,,,,0.003,0.0025,,,,
698,0.138,,0.002,0.0665,2.87,0.076,,0.025,0.17900000000000002,,,,1.4585,,0.0,0.001,,,,,0.003,0.002,,,,
699,0.1385,,0.002,0.066,3.4435,0.0765,,0.025,2.5815,,,,1.4580000000000002,,0.0,0.001,,,,,0.003,0.0025,,,,
700,0.138,,0.002,0.0665,0.216,0.076,,0.025,0.39699999999999996,,,,1.4569999999999999,,0.0,0.001,,,,,0.003,0.003,,,,
701,0.1385,,0.002,0.066,2.6515,0.076,,0.025,0.516,,,,1.4605000000000001,,0.0,0.001,,,,,0.003,0.002,,,,
702,0.138,,0.002,0.066,0.4775,0.076,,0.025,0.6395000000000001,,,,1.459,,0.0,0.001,,,,,0.003,0.0025,,,,
703,0.138,,0.002,0.066,0.2735,0.076,,0.025,0.5575,,,,1.459,,0.0,0.001,,,,,0.003,0.0025,,,,
704,0.138,,0.002,0.066,2.7325,0.076,,0.025,0.6025,,,,1.4635,,0.0,0.001,,,,,0.003,0.003,,,,
705,0.1385,,0.002,0.066,0.3725,0.0765,,0.025,0.327,,,,1.463,,0.0,0.001,,,,,0.003,0.002,,,,
706,0.138,,0.002,0.066,0.431,0.076,,0.025,0.5495,,,,1.4580000000000002,,0.0,0.001,,,,,0.003,0.0025,,,,
707,0.1385,,0.002,0.066,2.6505,0.076,,0.025,2.768,,,,1.462,,0.0,0.001,,,,,0.003,0.003,,,,
708,0.138,,0.002,0.066,0.3875,0.076,,0.025,0.39599999999999996,,,,1.464,,0.0,0.001,,,,,0.003,0.0025,,,,
709,0.138,,0.002,0.066,0.13,0.076,,0.025,0.165,,,,1.4655,,0.0,0.001,,,,,0.003,0.002,,,,
710,0.138,,0.002,0.066,2.879,0.076,,0.025,0.633,,,,1.464,,0.0,0.001,,,,,0.003,0.003,,,,
711,0.138,,0.002,0.066,0.32849999999999996,0.076,,0.025,0.11399999999999999,,,,1.4645000000000001,,0.0,0.001,,,,,0.003,0.0025,,,,
712,0.1375,,0.002,0.066,0.2835,0.0765,,0.025,0.2295,,,,1.464,,0.0,0.001,,,,,0.003,0.0025,,,,
713,0.1385,,0.002,0.066,2.7079999999999997,0.076,,0.025,0.3185,,,,1.463,,0.0,0.001,,,,,0.003,0.003,,,,
714,0.138,,0.002,0.066,0.6705000000000001,0.076,,0.025,0.324,,,,1.464,,0.0,0.001,,,,,0.003,0.0025,,,,
715,0.138,,0.002,0.066,3.5285,0.076,,0.025,1.921,,,,1.466,,0.0,0.001,,,,,0.003,0.0025,,,,
716,0.1385,,0.002,0.066,2.6475,0.076,,0.025,0.17850000000000002,,,,1.4645000000000001,,0.0,0.001,,,,,0.003,0.0025,,,,
717,0.138,,0.002,0.066,0.528,0.076,,0.025,0.3665,,,,1.4660000000000002,,0.0,0.001,,,,,0.003,0.0025,,,,
718,0.1385,,0.002,0.066,0.2745,0.076,,0.025,0.5445000000000001,,,,1.462,,0.0,0.001,,,,,0.003,0.002,,,,
719,0.138,,0.002,0.066,2.5829999999999997,0.0755,,0.025,2.7270000000000003,,,,1.47,,0.0,0.001,,,,,0.003,0.0025,,,,
720,0.138,,0.002,0.066,0.56,0.076,,0.025,0.2265,,,,1.4660000000000002,,0.0,0.001,,,,,0.003,0.0025,,,,
721,0.138,,0.002,0.066,0.21450000000000002,0.076,,0.025,0.20850000000000002,,,,1.4725000000000001,,0.0,0.001,,,,,0.003,0.0025,,,,
722,0.138,,0.002,0.066,3.2230000000000003,0.0755,,0.025,0.5675,,,,1.466,,0.0,0.001,,,,,0.003,0.0025,,,,
723,0.138,,0.002,0.066,0.9705,0.076,,0.025,0.279,,,,1.468,,0.0,0.001,,,,,0.003,0.002,,,,
724,0.138,,0.002,0.066,0.292,0.076,,0.025,0.62,,,,1.471,,0.0,0.001,,,,,0.003,0.003,,,,
725,0.138,,0.002,0.066,2.7905,0.076,,0.025,0.7045,,,,1.471,,0.0,0.001,,,,,0.003,0.0025,,,,
726,0.138,,0.0025,0.066,2.795,0.076,,0.025,0.269,,,,1.467,,0.0,0.001,,,,,0.003,0.003,,,,
727,0.5865,,0.0405,0.337,1.6325,0.4195,,0.126,1.262,,,0.1965,1.4620000000000002,,0.0,0.002,,,,,0.021,0.019,,,,
728,0.5845,,0.0405,0.3385,4.4155,0.41100000000000003,,0.1285,2.0140000000000002,,,0.313,1.4620000000000002,,0.0,0.002,,,,,0.0205,0.019,,,,
729,0.5785,,0.0405,0.342,1.2575,0.41250000000000003,,0.1245,1.681,,,0.41550000000000004,1.4595,,0.0,0.002,,,,,0.02,0.019,,,,
730,0.5800000000000001,,0.0405,0.34,0.9435,0.40900000000000003,,0.1255,0.9675,,,0.16416666666666668,1.464,,0.0,0.0016666666666666668,,,,,0.021,0.019,,,,
731,0.431,,0.013500000000000002,0.17250000000000001,3.3255000000000003,0.2135,,0.0665,0.974,,,0.1325,1.5185,,0.0,0.0015000000000000002,,,,,0.013000000000000001,0.012,,,,
732,0.5794999999999999,,0.0405,0.3395,1.1815,0.40950000000000003,,0.1285,1.2645,,,0.1945,1.4815,,0.0,0.002,,,,,0.0205,0.019,,,,
733,0.4305,,0.015,0.19,0.8665,0.2805,,0.07200000000000001,0.6605000000000001,,,0.189,1.4685000000000001,,0.0,0.0015000000000000002,,,,,0.014499999999999999,0.014,,,,
734,0.5814999999999999,,0.0405,0.339,5.2465,0.40950000000000003,,0.126,5.9825,,,0.1955,1.4325,,0.0,0.002,,,,,0.02,0.019,,,,
735,0.5760000000000001,,0.0405,0.3395,4.6745,0.41100000000000003,,0.1275,3.7664999999999997,,,0.3165,1.43,,0.0,0.002,,,,,0.02,0.019,,,,
736,0.58,,0.0405,0.34,1.6015000000000001,0.41000000000000003,,0.1285,1.145,,,0.41150000000000003,1.4315,,0.0,0.002,,,,,0.02,0.019,,,,
737,0.58,,0.0405,0.337,3.624,0.41200000000000003,,0.127,1.189,,,0.5085,1.4295,,0.0,0.002,,,,,0.02,0.019,,,,
738,0.5750000000000001,,0.0405,0.34,1.4375,0.4155,,0.1265,1.8785,,,0.6225,1.424,,0.0,0.0021666666666666666,,,,,0.02,0.019,,,,
739,0.5670000000000001,,0.027000000000000003,0.271,3.7525000000000004,0.28600000000000003,,0.124,5.5825,,,0.1405,1.416,,0.0,0.0016666666666666668,,,,,0.018000000000000002,0.017,,,,
740,0.1385,,0.002,0.066,1.91,0.076,,0.025,0.237,,,,1.4700000000000002,,0.0,0.001,,,,,0.003,0.002,,,,
741,0.1385,,0.002,0.066,0.6135,0.076,,0.025,0.1505,,,,1.4705,,0.0,0.001,,,,,0.003,0.0025,,,,
742,0.1385,,0.002,0.066,0.2505,0.076,,0.025,0.6695000000000001,,,,1.473,,0.0,0.001,,,,,0.003,0.0025,,,,
743,0.138,,0.002,0.066,2.403,0.076,,0.025,0.2865,,,,1.4740000000000002,,0.0,0.001,,,,,0.003,0.002,,,,
744,0.1385,,0.002,0.066,4.459499999999999,0.076,,0.025,10.596,,,,1.4685000000000001,,0.0,0.001,,,,,0.003,0.0025,,,,
745,0.1385,,0.002,0.066,0.298,0.076,,0.025,0.166,,,,1.477,,0.0,0.001,,,,,0.003,0.0025,,,,
746,0.138,,0.002,0.066,2.0955,0.076,,0.025,0.40349999999999997,,,,1.475,,0.0,0.001,,,,,0.003,0.002,,,,
747,0.1385,,0.002,0.066,0.8315,0.076,,0.025,0.2265,,,,1.4775,,0.0,0.001,,,,,0.003,0.0025,,,,
748,0.138,,0.002,0.066,0.1955,0.076,,0.025,0.3895,,,,1.4705,,0.0,0.001,,,,,0.003,0.003,,,,
749,0.138,,0.002,0.066,1.99,0.076,,0.025,0.7045,,,,1.479,,0.0,0.001,,,,,0.003,0.002,,,,
750,0.1385,,0.002,0.066,0.169,0.076,,0.025,0.188,,,,1.4795,,0.0,0.001,,,,,0.003,0.002,,,,
751,0.138,,0.002,0.066,0.98,0.076,,0.025,0.414,,,,1.476,,0.0,0.001,,,,,0.003,0.0025,,,,
752,0.138,,0.002,0.0655,2.5325,0.076,,0.025,2.1060000000000003,,,,1.475,,0.0,0.001,,,,,0.003,0.002,,,,
753,0.138,,0.002,0.066,0.40149999999999997,0.076,,0.025,0.168,,,,1.4765000000000001,,0.0,0.001,,,,,0.003,0.0025,,,,
754,0.138,,0.002,0.066,0.33099999999999996,0.076,,0.025,0.6900000000000001,,,,1.4735,,0.0,0.001,,,,,0.003,0.0025,,,,
755,0.138,,0.002,0.066,2.5145000000000004,0.076,,0.025,0.4795,,,,1.4785,,0.0,0.001,,,,,0.003,0.002,,,,
756,0.1385,,0.002,0.066,0.877,0.076,,0.025,0.4765,,,,1.4825,,0.0,0.001,,,,,0.003,0.0025,,,,
757,0.1385,,0.002,0.066,0.1305,0.076,,0.025,0.3645,,,,1.478,,0.0,0.001,,,,,0.003,0.002,,,,
758,0.138,,0.002,0.066,2.0465,0.076,,0.025,0.323,,,,1.4815,,0.0,0.001,,,,,0.003,0.002,,,,
759,0.138,,0.002,0.066,0.4715,0.076,,0.025,0.744,,,,1.4795,,0.0,0.001,,,,,0.003,0.003,,,,
760,0.138,,0.002,0.066,0.9700000000000001,0.076,,0.025,0.7565000000000001,,,,1.4805000000000001,,0.0,0.001,,,,,0.003,0.0025,,,,
761,0.1385,,0.002,0.066,1.8955,0.076,,0.025,2.3035,,,,1.4865,,0.0,0.001,,,,,0.003,0.0025,,,,
762,0.138,,0.002,0.066,0.273,0.076,,0.025,0.5,,,,1.484,,0.0,0.001,,,,,0.003,0.0025,,,,
763,0.138,,0.002,0.066,0.146,0.076,,0.025,0.671,,,,1.484,,0.0,0.001,,,,,0.003,0.002,,,,
764,0.138,,0.002,0.0665,2.047,0.076,,0.025,0.167,,,,1.484,,0.0,0.001,,,,,0.003,0.0025,,,,
765,0.138,,0.002,0.066,0.428,0.076,,0.025,0.24350000000000002,,,,1.4835,,0.0,0.001,,,,,0.003,0.003,,,,
766,0.138,,0.002,0.066,4.298,0.076,,0.025,0.3915,,,,1.4865,,0.0,0.001,,,,,0.003,0.003,,,,
767,0.138,,0.002,0.066,1.5045,0.076,,0.025,0.484,,,,1.486,,0.0,0.001,,,,,0.003,0.0025,,,,
768,0.1385,,0.002,0.066,0.127,0.076,,0.025,0.9680000000000001,,,,1.4849999999999999,,0.0,0.001,,,,,0.003,0.0025,,,,
769,0.1385,,0.002,0.066,4.3795,0.076,,0.025,1.927,,,,1.484,,0.0,0.001,,,,,0.003,0.003,,,,
770,0.1385,,0.002,0.066,4.1095,0.0765,,0.025,4.15,,,,1.488,,0.0,0.001,,,,,0.003,0.003,,,,
771,0.138,,0.002,0.066,0.24150000000000002,0.076,,0.025,0.487,,,,1.4860000000000002,,0.0,0.001,,,,,0.003,0.002,,,,
772,0.138,,0.002,0.066,2.277,0.076,,0.025,0.435,,,,1.4865,,0.0,0.001,,,,,0.003,0.002,,,,
773,0.1385,,0.002,0.066,3.2305,0.076,,0.025,0.52,,,,1.4895,,0.0,0.001,,,,,0.003,0.002,,,,
774,0.138,,0.002,0.066,3.7875,0.076,,0.025,1.74,,,,1.4929999999999999,,0.0,0.001,,,,,0.003,0.0025,,,,
775,0.138,,0.002,0.066,3.21,0.076,,0.025,5.0125,,,,1.483,,0.0,0.001,,,,,0.003,0.002,,,,
776,0.138,,0.002,0.066,1.7605,0.076,,0.025,2.138,,,,1.4809999999999999,,0.0,0.001,,,,,0.003,0.0025,,,,
777,0.138,,0.002,0.066,0.24050000000000002,0.076,,0.025,0.8905000000000001,,,,1.4835,,0.0,0.001,,,,,0.003,0.0025,,,,
778,0.138,,0.002,0.066,0.20800000000000002,0.076,,0.025,0.089,,,,1.4769999999999999,,0.0,0.001,,,,,0.003,0.0025,,,,
779,0.139,,0.002,0.066,1.5930000000000002,0.0755,,0.025,0.23700000000000002,,,,1.4825,,0.0,0.001,,,,,0.003,0.0025,,,,
780,0.1385,,0.002,0.066,2.747,0.076,,0.025,0.0965,,,,1.485,,0.0,0.001,,,,,0.003,0.0025,,,,
781,0.138,,0.002,0.0655,0.27,0.076,,0.025,0.62,,,,1.485,,0.0,0.001,,,,,0.003,0.0025,,,,
782,0.138,,0.0025,0.066,1.64,0.076,,0.025,0.285,,,,1.4815,,0.0,0.001,,,,,0.003,0.0025,,,,
783,0.138,,0.002,0.0665,0.08499999999999999,0.0755,,0.025,4.81,,,,1.48,,0.0,0.001,,,,,0.003,0.0025,,,,
784,0.138,,0.002,0.066,0.278,0.0755,,0.025,0.5455000000000001,,,,1.483,,0.0,0.001,,,,,0.003,0.0025,,,,
785,0.138,,0.002,0.066,1.7025000000000001,0.076,,0.025,1.393,,,,1.49,,0.0,0.001,,,,,0.003,0.003,,,,
786,0.138,,0.002,0.066,0.307,0.076,,0.025,0.377,,,,1.4845000000000002,,0.0,0.001,,,,,0.003,0.002,,,,
787,0.138,,0.002,0.066,0.296,0.076,,0.025,0.08499999999999999,,,,1.485,,0.0,0.001,,,,,0.003,0.003,,,,
788,0.1385,,0.0025,0.066,1.5495,0.076,,0.025,0.5755,,,,1.4845000000000002,,0.0,0.001,,,,,0.003,0.003,,,,
789,0.1385,,0.002,0.066,0.2545,0.076,,0.025,0.159,,,,1.483,,0.0,0.001,,,,,0.003,0.0025,,,,
790,0.138,,0.002,0.066,1.1580000000000001,0.0755,,0.025,6.777500000000001,,,,1.484,,0.0,0.001,,,,,0.003,0.0025,,,,
791,0.138,,0.002,0.066,1.5805,0.076,,0.025,0.5575,,,,1.4835,,0.0,0.001,,,,,0.003,0.002,,,,
792,0.1385,,0.002,0.066,0.3485,0.076,,0.025,0.753,,,,1.487,,0.0,0.001,,,,,0.003,0.002,,,,
793,0.5814999999999999,,0.0405,0.339,1.081,0.41300000000000003,,0.127,2.7865,,,0.1965,1.5260000000000002,,0.0,0.002,,,,,0.02,0.019,,,,
794,0.1745,,0.006,0.0935,3.2175,0.1105,,0.0325,1.566,,,0.063,1.495,,0.0,0.001,,,,,0.006,0.006,,,,
795,0.138,,0.002,0.066,0.47850000000000004,0.076,,0.025,0.161,,,,1.4785,,0.0,0.001,,,,,0.003,0.0025,,,,
796,0.138,,0.002,0.066,0.158,0.076,,0.025,0.24850000000000003,,,,1.485,,0.0,0.001,,,,,0.003,0.0025,,,,
797,0.1385,,0.002,0.066,2.0925000000000002,0.076,,0.025,0.629,,,,1.4835,,0.0,0.001,,,,,0.003,0.003,,,,
798,0.138,,0.002,0.066,0.7010000000000001,0.076,,0.025,2.5025,,,,1.483,,0.0,0.001,,,,,0.003,0.002,,,,
799,0.138,,0.002,0.066,0.18000000000000002,0.076,,0.025,0.791,,,,1.483,,0.0,0.001,,,,,0.003,0.0025,,,,
800,0.138,,0.002,0.066,2.696,0.076,,0.025,0.266,,,,1.4865,,0.0,0.001,,,,,0.003,0.003,,,,
801,0.586,,0.0405,0.338,1.1680000000000001,0.41400000000000003,,0.127,1.483,,,0.1965,1.5315,,0.0,0.002,,,,,0.0205,0.019,,,,
802,0.28700000000000003,,0.01,0.153,0.6695,0.2005,,0.0615,0.7335,,,0.117,1.518,,0.0,0.0013333333333333333,,,,,0.01,0.009000000000000001,,,,
803,0.1385,,0.002,0.066,1.9165,0.076,,0.025,0.43000000000000005,,,,1.4855,,0.0,0.001,,,,,0.003,0.0025,,,,
804,0.138,,0.002,0.066,0.525,0.076,,0.025,0.11199999999999999,,,,1.483,,0.0,0.001,,,,,0.003,0.002,,,,
805,0.138,,0.002,0.066,0.1985,0.076,,0.025,0.10200000000000001,,,,1.4809999999999999,,0.0,0.001,,,,,0.003,0.002,,,,
806,0.138,,0.002,0.066,1.781,0.0755,,0.025,0.3185,,,,1.4845000000000002,,0.0,0.001,,,,,0.003,0.0025,,,,
807,0.138,,0.002,0.066,0.621,0.076,,0.025,0.0855,,,,1.484,,0.0,0.001,,,,,0.003,0.0025,,,,
808,0.138,,0.002,0.066,0.4215,0.076,,0.025,0.9640000000000001,,,,1.4889999999999999,,0.0,0.001,,,,,0.003,0.0025,,,,
809,0.1385,,0.002,0.066,1.6525,0.076,,0.025,2.7075,,,,1.49,,0.0,0.001,,,,,0.003,0.0025,,,,
810,0.1385,,0.002,0.066,0.62,0.076,,0.025,0.20700000000000002,,,,1.4865,,0.0,0.001,,,,,0.003,0.0025,,,,
811,0.1385,,0.002,0.066,0.272,0.076,,0.025,0.557,,,,1.4915,,0.0,0.001,,,,,0.003,0.0025,,,,
812,0.138,,0.002,0.066,1.4420000000000002,0.075,,0.025,0.41,,,,1.49,,0.0,0.001,,,,,0.003,0.0025,,,,
813,0.138,,0.002,0.066,0.7045,0.076,,0.025,0.772,,,,1.486,,0.0,0.001,,,,,0.003,0.0025,,,,
814,0.138,,0.002,0.066,0.3515,0.076,,0.025,1.1215,,,,1.4865,,0.0,0.001,,,,,0.003,0.0025,,,,
815,0.138,,0.002,0.066,1.7275,0.076,,0.025,0.21050000000000002,,,,1.4885000000000002,,0.0,0.001,,,,,0.003,0.002,,,,
816,0.1385,,0.002,0.066,0.98,0.076,,0.025,1.029,,,,1.4885000000000002,,0.0,0.001,,,,,0.003,0.0025,,,,
817,0.138,,0.002,0.066,0.139,0.076,,0.025,0.307,,,,1.4885000000000002,,0.0,0.001,,,,,0.003,0.003,,,,
818,0.138,,0.002,0.066,1.6105,0.0755,,0.025,0.51,,,,1.4905,,0.0,0.001,,,,,0.003,0.002,,,,
819,0.1385,,0.002,0.066,0.6305000000000001,0.0755,,0.025,0.512,,,,1.4915,,0.0,0.001,,,,,0.003,0.0025,,,,
820,0.138,,0.002,0.066,0.303,0.076,,0.025,0.8425,,,,1.487,,0.0,0.001,,,,,0.003,0.003,,,,
821,0.1385,,0.002,0.066,1.8479999999999999,0.076,,0.025,0.5625,,,,1.495,,0.0,0.001,,,,,0.003,0.002,,,,
822,0.138,,0.002,0.066,0.5505,0.0755,,0.025,0.1855,,,,1.493,,0.0,0.001,,,,,0.003,0.0025,,,,
823,0.138,,0.002,0.066,0.164,0.076,,0.025,0.33249999999999996,,,,1.491,,0.0,0.001,,,,,0.003,0.0025,,,,
824,0.1385,,0.002,0.066,1.8270000000000002,0.076,,0.025,0.37,,,,1.4945,,0.0,0.001,,,,,0.003,0.0025,,,,
825,0.138,,0.002,0.066,0.4245,0.076,,0.025,1.6115,,,,1.491,,0.0,0.001,,,,,0.003,0.003,,,,
826,0.1385,,0.002,0.066,0.19,0.076,,0.025,0.6195,,,,1.493,,0.0,0.001,,,,,0.003,0.002,,,,
827,0.138,,0.002,0.066,1.587,0.076,,0.025,0.5375,,,,1.491,,0.0,0.001,,,,,0.003,0.0025,,,,
828,0.138,,0.0025,0.066,0.5735,0.076,,0.025,0.371,,,,1.4940000000000002,,0.0,0.001,,,,,0.003,0.0025,,,,
829,0.138,,0.0025,0.066,0.1525,0.0755,,0.025,1.2365000000000002,,,,1.496,,0.0,0.001,,,,,0.003,0.0025,,,,
830,0.138,,0.002,0.066,1.6965,0.076,,0.025,0.33049999999999996,,,,1.4925000000000002,,0.0,0.001,,,,,0.003,0.003,,,,
831,0.138,,0.002,0.066,0.3655,0.076,,0.025,0.10350000000000001,,,,1.5025,,0.0,0.001,,,,,0.003,0.0025,,,,
832,0.138,,0.002,0.066,0.3775,0.076,,0.025,0.2705,,,,1.4649999999999999,,0.0,0.001,,,,,0.003,0.003,,,,
833,0.138,,0.002,0.0665,1.8255000000000001,0.076,,0.025,0.5940000000000001,,,,1.467,,0.0,0.001,,,,,0.003,0.0025,,,,
834,0.138,,0.002,0.066,0.499,0.076,,0.025,0.543,,,,1.465,,0.0,0.001,,,,,0.003,0.002,,,,
835,0.139,,0.002,0.066,0.18050000000000002,0.076,,0.025,0.139,,,,1.4645000000000001,,0.0,0.001,,,,,0.003,0.002,,,,
836,0.138,,0.002,0.066,1.9,0.0755,,0.025,0.46599999999999997,,,,1.463,,0.0,0.001,,,,,0.003,0.0025,,,,
837,0.138,,0.002,0.066,0.634,0.076,,0.025,2.8565,,,,1.472,,0.0,0.001,,,,,0.003,0.0025,,,,
838,0.138,,0.002,0.066,0.293,0.076,,0.025,0.4955,,,,1.46,,0.0,0.001,,,,,0.003,0.0025,,,,
839,0.138,,0.002,0.066,1.8490000000000002,0.0755,,0.025,0.668,,,,1.4655,,0.0,0.001,,,,,0.003,0.0025,,,,
840,0.579,,0.0405,0.336,1.219,0.4125,,0.125,1.2185000000000001,,,0.197,1.5030000000000001,,0.0,0.002,,,,,0.02,0.019,,,,
841,0.434,,0.0195,0.271,0.9810000000000001,0.273,,0.11,0.9710000000000001,,,0.2135,1.497,,0.0,0.002,,,,,0.016,0.015,,,,
842,0.1385,,0.002,0.066,2.013,0.076,,0.025,0.251,,,,1.465,,0.0,0.001,,,,,0.003,0.0025,,,,
843,0.139,,0.002,0.066,0.3115,0.076,,0.025,0.3795,,,,1.469,,0.0,0.001,,,,,0.003,0.002,,,,
844,0.138,,0.002,0.066,0.276,0.076,,0.025,0.147,,,,1.4689999999999999,,0.0,0.001,,,,,0.003,0.0025,,,,
845,0.138,,0.002,0.066,1.019,0.076,,0.025,0.1685,,,,1.4705,,0.0,0.001,,,,,0.003,0.003,,,,
846,0.1385,,0.002,0.066,0.40549999999999997,0.076,,0.025,0.24950000000000003,,,,1.4715,,0.0,0.001,,,,,0.003,0.0025,,,,
847,0.1385,,0.002,0.066,0.39349999999999996,0.076,,0.025,0.20450000000000002,,,,1.4705,,0.0,0.001,,,,,0.003,0.003,,,,
848,0.5894999999999999,,0.0405,0.337,4.7255,0.4205,,0.1255,6.5600000000000005,,,0.1985,1.5085000000000002,,0.0,0.002,,,,,0.0205,0.019,,,,
849,0.5805,,0.0405,0.3415,1.7440000000000002,0.41500000000000004,,0.1275,1.021,,,0.1545,1.4785,,0.0,0.0016666666666666668,,,,,0.02,0.019,,,,
850,0.577,,0.0405,0.342,0.992,0.41350000000000003,,0.127,1.1520000000000001,,,0.2185,1.518,,0.0,0.002,,,,,0.02,0.019,,,,
851,0.424,,0.014,0.191,3.2955,0.28350000000000003,,0.07100000000000001,0.6255,,,0.1765,1.5030000000000001,,0.0,0.0015000000000000002,,,,,0.013000000000000001,0.012,,,,
852,0.138,,0.002,0.066,3.0740000000000003,0.0755,,0.025,1.538,,,,1.4775,,0.0,0.001,,,,,0.003,0.003,,,,
853,0.138,,0.002,0.066,0.2695,0.0755,,0.025,0.5335,,,,1.472,,0.0,0.001,,,,,0.003,0.0025,,,,
854,0.138,,0.002,0.066,2.4315,0.076,,0.025,0.20600000000000002,,,,1.4765000000000001,,0.0,0.001,,,,,0.003,0.003,,,,
855,0.138,,0.002,0.066,0.428,0.076,,0.025,0.5715,,,,1.4795,,0.0,0.001,,,,,0.003,0.002,,,,
856,0.139,,0.002,0.066,1.927,0.076,,0.025,0.518,,,,1.4815,,0.0,0.001,,,,,0.003,0.003,,,,
857,0.138,,0.002,0.066,2.5,0.076,,0.025,0.223,,,,1.4845000000000002,,0.0,0.001,,,,,0.003,0.003,,,,
858,0.138,,0.002,0.066,0.683,0.076,,0.025,0.225,,,,1.4805000000000001,,0.0,0.001,,,,,0.003,0.0025,,,,
859,0.1385,,0.002,0.066,0.21100000000000002,0.076,,0.025,0.232,,,,1.4865,,0.0,0.001,,,,,0.003,0.0025,,,,
860,0.138,,0.002,0.066,1.8295000000000001,0.076,,0.025,0.5705,,,,1.4820000000000002,,0.0,0.001,,,,,0.003,0.002,,,,
861,0.138,,0.002,0.066,0.2255,0.076,,0.025,1.088,,,,1.4845000000000002,,0.0,0.001,,,,,0.003,0.0025,,,,
862,0.1385,,0.002,0.066,0.3,0.076,,0.025,2.482,,,,1.487,,0.0,0.001,,,,,0.003,0.0025,,,,
863,0.138,,0.002,0.066,2.599,0.076,,0.025,0.5285,,,,1.4905,,0.0,0.001,,,,,0.003,0.002,,,,
864,0.138,,0.002,0.0655,0.3755,0.076,,0.025,0.5525,,,,1.487,,0.0,0.001,,,,,0.003,0.0025,,,,
865,0.4385,,0.0195,0.2665,1.895,0.2785,,0.111,7.3420000000000005,,,0.034666666666666665,1.514,,0.0,0.001,,,,,0.0165,0.015,,,,
866,0.1385,,0.002,0.066,2.9205,0.0765,,0.025,0.128,,,,1.464,,0.0,0.001,,,,,0.003,0.0025,,,,
867,0.139,,0.002,0.066,0.3615,0.0765,,0.025,2.5885000000000002,,,,1.463,,0.0,0.001,,,,,0.003,0.0025,,,,
868,0.139,,0.002,0.0655,0.20600000000000002,0.076,,0.025,0.10550000000000001,,,,1.462,,0.0,0.001,,,,,0.003,0.003,,,,
869,0.138,,0.002,0.066,1.2285000000000001,0.076,,0.025,0.23900000000000002,,,,1.4609999999999999,,0.0,0.001,,,,,0.003,0.002,,,,
870,0.138,,0.002,0.066,0.3115,0.076,,0.025,0.4915,,,,1.464,,0.0,0.001,,,,,0.003,0.0025,,,,
871,0.138,,0.002,0.066,0.276,0.0765,,0.025,0.572,,,,1.4660000000000002,,0.0,0.001,,,,,0.003,0.003,,,,
872,0.139,,0.002,0.066,1.5895000000000001,0.076,,0.025,1.363,,,,1.467,,0.0,0.001,,,,,0.003,0.003,,,,
873,0.138,,0.002,0.066,2.439,0.076,,0.025,7.0075,,,,1.4595,,0.0,0.001,,,,,0.003,0.0025,,,,
874,0.1385,,0.002,0.066,4.3740000000000006,0.076,,0.025,1.9665000000000001,,,,1.463,,0.0,0.001,,,,,0.003,0.0025,,,,
875,0.1385,,0.002,0.066,0.6285,0.076,,0.025,0.1955,,,,1.4635,,0.0,0.001,,,,,0.003,0.002,,,,
876,0.138,,0.002,0.066,0.501,0.076,,0.025,2.2175000000000002,,,,1.4635,,0.0,0.001,,,,,0.003,0.002,,,,
877,0.1385,,0.002,0.066,1.149,0.0755,,0.025,0.4465,,,,1.459,,0.0,0.001,,,,,0.003,0.003,,,,
878,0.1385,,0.002,0.066,1.462,0.0755,,0.025,0.46499999999999997,,,,1.454,,0.0,0.001,,,,,0.003,0.002,,,,
879,0.1385,,0.002,0.066,0.21300000000000002,0.076,,0.025,0.9075000000000001,,,,1.457,,0.0,0.001,,,,,0.003,0.0025,,,,
880,0.138,,0.002,0.066,0.263,0.076,,0.025,2.3065,,,,1.4565000000000001,,0.0,0.001,,,,,0.003,0.002,,,,
881,0.1385,,0.002,0.066,1.542,0.076,,0.025,0.5705,,,,1.459,,0.0,0.001,,,,,0.003,0.003,,,,
882,0.1385,,0.002,0.066,0.6805,0.076,,0.025,0.5915,,,,1.457,,0.0,0.001,,,,,0.003,0.002,,,,
883,0.138,,0.002,0.066,0.5835,0.076,,0.025,0.318,,,,1.4569999999999999,,0.0,0.001,,,,,0.003,0.0025,,,,
884,0.138,,0.002,0.066,1.532,0.0765,,0.025,0.622,,,,1.4595,,0.0,0.001,,,,,0.003,0.002,,,,
885,0.1385,,0.002,0.066,0.5035000000000001,0.076,,0.025,0.3765,,,,1.459,,0.0,0.001,,,,,0.003,0.003,,,,
886,0.1385,,0.002,0.066,0.33199999999999996,0.076,,0.025,0.5895,,,,1.4625,,0.0,0.001,,,,,0.003,0.003,,,,
887,0.138,,0.002,0.066,1.484,0.076,,0.025,0.5395,,,,1.4635,,0.0,0.001,,,,,0.003,0.0025,,,,
888,0.138,,0.002,0.066,0.17,0.076,,0.025,0.46449999999999997,,,,1.4615,,0.0,0.001,,,,,0.003,0.002,,,,
889,0.138,,0.002,0.066,0.234,0.076,,0.025,2.5245,,,,1.4609999999999999,,0.0,0.001,,,,,0.003,0.0025,,,,
890,0.138,,0.002,0.066,1.611,0.076,,0.025,0.1505,,,,1.4655,,0.0,0.001,,,,,0.003,0.002,,,,
891,0.139,,0.002,0.066,0.5519999999999999,0.076,,0.025,0.309,,,,1.463,,0.0,0.001,,,,,0.003,0.0025,,,,
892,0.1385,,0.002,0.066,1.2395,0.076,,0.025,0.3645,,,,1.4695,,0.0,0.001,,,,,0.003,0.003,,,,
893,0.138,,0.002,0.066,0.9985,0.076,,0.025,8.1135,,,,1.463,,0.0,0.001,,,,,0.003,0.0025,,,,
894,0.1385,,0.0025,0.066,0.763,0.076,,0.025,0.4975,,,,1.4655,,0.0,0.001,,,,,0.003,0.002,,,,
895,0.1385,,0.002,0.066,0.198,0.076,,0.025,0.24450000000000002,,,,1.46,,0.0,0.001,,,,,0.003,0.002,,,,
896,0.138,,0.002,0.066,1.849,0.076,,0.025,0.1205,,,,1.458,,0.0,0.001,,,,,0.003,0.003,,,,
897,0.138,,0.002,0.066,0.505,0.076,,0.025,0.696,,,,1.4585,,0.0,0.001,,,,,0.003,0.0025,,,,
898,0.138,,0.002,0.066,4.064,0.076,,0.025,0.304,,,,1.456,,0.0,0.001,,,,,0.003,0.0025,,,,
899,0.1385,,0.002,0.066,1.6995000000000002,0.076,,0.025,0.6625,,,,1.4615,,0.0,0.001,,,,,0.003,0.0025,,,,
900,0.138,,0.002,0.066,0.5375,0.076,,0.025,0.3265,,,,1.465,,0.0,0.001,,,,,0.003,0.0025,,,,
901,0.138,,0.002,0.066,0.409,0.076,,0.025,0.4555,,,,1.463,,0.0,0.001,,,,,0.003,0.0025,,,,
902,0.1385,,0.002,0.066,1.7610000000000001,0.076,,0.025,0.6065,,,,1.4609999999999999,,0.0,0.001,,,,,0.003,0.0025,,,,
903,0.1385,,0.002,0.066,0.5539999999999999,0.076,,0.025,0.1545,,,,1.4585,,0.0,0.001,,,,,0.003,0.0025,,,,
904,0.1395,,0.002,0.066,0.169,0.076,,0.025,0.262,,,,1.4565000000000001,,0.0,0.001,,,,,0.003,0.0025,,,,
905,0.1385,,0.002,0.066,2.2625,0.076,,0.025,0.618,,,,1.4605000000000001,,0.0,0.001,,,,,0.003,0.0025,,,,
906,0.139,,0.002,0.066,0.6605,0.076,,0.025,2.7255,,,,1.463,,0.0,0.001,,,,,0.003,0.0025,,,,
907,0.138,,0.002,0.066,0.23900000000000002,0.076,,0.025,0.4515,,,,1.4655,,0.0,0.001,,,,,0.003,0.0025,,,,
908,0.1375,,0.002,0.066,1.6775000000000002,0.076,,0.025,0.158,,,,1.4649999999999999,,0.0,0.001,,,,,0.003,0.003,,,,
909,0.138,,0.002,0.066,0.658,0.076,,0.025,0.136,,,,1.4609999999999999,,0.0,0.001,,,,,0.003,0.003,,,,
910,0.1385,,0.002,0.066,0.7085,0.076,,0.025,0.294,,,,1.4625,,0.0,0.001,,,,,0.003,0.0025,,,,
911,0.138,,0.002,0.066,1.6025,0.0755,,0.025,1.625,,,,1.4635,,0.0,0.001,,,,,0.003,0.0025,,,,
912,0.139,,0.002,0.066,0.5690000000000001,0.076,,0.025,0.1585,,,,1.4665,,0.0,0.001,,,,,0.003,0.0025,,,,
913,0.1385,,0.002,0.066,0.098,0.076,,0.025,0.2015,,,,1.4655,,0.0,0.001,,,,,0.003,0.002,,,,
914,0.138,,0.002,0.066,1.862,0.076,,0.025,0.871,,,,1.468,,0.0,0.001,,,,,0.003,0.0025,,,,
915,0.1385,,0.002,0.066,0.203,0.076,,0.025,0.229,,,,1.4645000000000001,,0.0,0.001,,,,,0.003,0.002,,,,
916,0.138,,0.0025,0.066,0.261,0.076,,0.025,0.45699999999999996,,,,1.4695,,0.0,0.001,,,,,0.003,0.0025,,,,
917,0.138,,0.002,0.066,1.6755,0.076,,0.025,0.424,,,,1.4685000000000001,,0.0,0.001,,,,,0.003,0.0025,,,,
918,0.138,,0.002,0.066,0.5860000000000001,0.076,,0.025,0.153,,,,1.4645000000000001,,0.0,0.001,,,,,0.003,0.002,,,,
919,0.138,,0.002,0.066,0.24350000000000002,0.076,,0.025,0.191,,,,1.468,,0.0,0.001,,,,,0.003,0.003,,,,
920,0.138,,0.002,0.066,1.9795,0.076,,0.025,2.864,,,,1.4675,,0.0,0.001,,,,,0.003,0.002,,,,
921,0.138,,0.002,0.066,0.7815,0.076,,0.025,0.11300000000000002,,,,1.4655,,0.0,0.001,,,,,0.003,0.0025,,,,
922,0.138,,0.002,0.066,0.0995,0.076,,0.025,0.4995,,,,1.472,,0.0,0.001,,,,,0.003,0.0025,,,,
923,0.138,,0.002,0.066,2.4570000000000003,0.076,,0.025,1.443,,,,1.4675,,0.0,0.001,,,,,0.003,0.002,,,,
924,0.582,,0.0405,0.34,1.3575000000000002,0.4205,,0.128,0.988,,,0.196,1.4655,,0.0,0.002,,,,,0.02,0.019,,,,
925,0.579,,0.0405,0.3425,0.9495,0.4175,,0.125,0.9730000000000001,,,0.3165,1.4615,,0.0,0.002,,,,,0.02,0.019,,,,
926,0.5775,,0.0405,0.3395,3.1265,0.41400000000000003,,0.1285,1.0475,,,0.41050000000000003,1.463,,0.0,0.002,,,,,0.0205,0.019,,,,
927,0.58,,0.04,0.34,1.372,0.40950000000000003,,0.1275,1.197,,,0.518,1.455,,0.0,0.002,,,,,0.02,0.019,,,,
928,0.5894999999999999,,0.0405,0.3395,0.9755,0.40700000000000003,,0.1275,2.0869999999999997,,,0.10625,1.3905,,0.0,0.0015,,,,,0.021,0.019,,,,
929,0.577,,0.0405,0.3385,4.108,0.4195,,0.126,1.049,,,0.309,1.4595,,0.0,0.0023333333333333335,,,,,0.02,0.019,,,,
930,0.585,,0.0405,0.3405,1.4220000000000002,0.4115,,0.125,1.6840000000000002,,,0.1175,1.4615,,0.0,0.0016666666666666668,,,,,0.0205,0.019,,,,
931,0.5805,,0.0405,0.3435,0.9405000000000001,0.41300000000000003,,0.1285,1.3495,,,0.11316666666666665,1.4545,,0.0,0.0016666666666666668,,,,,0.02,0.019,,,,
932,0.584,,0.0405,0.3405,4.943499999999999,0.41200000000000003,,0.1275,6.848000000000001,,,0.253,1.476,,0.0,0.002,,,,,0.02,0.019,,,,
933,0.583,,0.0405,0.341,1.352,0.4165,,0.127,1.584,,,0.359,1.48,,0.0,0.002,,,,,0.02,0.019,,,,
934,0.5845,,0.0405,0.3395,1.038,0.41200000000000003,,0.127,1.304,,,0.19400000000000003,1.403,,0.0,0.0016666666666666668,,,,,0.0205,0.019,,,,
935,0.5814999999999999,,0.0405,0.3395,3.5675,0.4175,,0.1255,1.163,,,0.23750000000000002,1.4625,,0.0,0.002,,,,,0.0205,0.019,,,,
936,0.585,,0.0405,0.3385,1.3605,0.41800000000000004,,0.126,1.2775,,,0.054400000000000004,1.4625,,0.0,0.0014000000000000002,,,,,0.021,0.019,,,,
937,0.5800000000000001,,0.0405,0.338,1.0245,0.41600000000000004,,0.128,0.9695,,,0.292,1.4865,,0.0,0.002,,,,,0.02,0.019,,,,
938,0.5785,,0.0405,0.339,4.3735,0.4145,,0.1285,0.9755,,,0.3965,1.4865,,0.0,0.002,,,,,0.02,0.019,,,,
939,0.5725,,0.033,0.34,1.434,0.40800000000000003,,0.14,1.0145,,,0.22466666666666668,1.4845000000000002,,0.0,0.0016666666666666668,,,,,0.019,0.018000000000000002,,,,
940,0.138,,0.002,0.066,3.5045,0.076,,0.025,3.686,,,,1.461,,0.0,0.001,,,,,0.003,0.0025,,,,
941,0.138,,0.002,0.066,1.5385000000000002,0.076,,0.025,1.2225000000000001,,,,1.4620000000000002,,0.0,0.001,,,,,0.003,0.0025,,,,
942,0.1385,,0.002,0.0655,0.524,0.076,,0.025,0.5965,,,,1.464,,0.0,0.001,,,,,0.003,0.003,,,,
943,0.138,,0.002,0.066,0.422,0.076,,0.025,0.536,,,,1.461,,0.0,0.001,,,,,0.003,0.0025,,,,
944,0.138,,0.002,0.066,2.308,0.076,,0.025,0.6435,,,,1.4635,,0.0,0.001,,,,,0.003,0.0025,,,,
945,0.138,,0.002,0.066,3.6029999999999998,0.076,,0.025,2.047,,,,1.464,,0.0,0.001,,,,,0.003,0.003,,,,
946,0.138,,0.002,0.066,0.1855,0.076,,0.025,0.17350000000000002,,,,1.4615,,0.0,0.001,,,,,0.003,0.0025,,,,
947,0.138,,0.002,0.066,1.581,0.076,,0.025,0.33949999999999997,,,,1.466,,0.0,0.001,,,,,0.003,0.003,,,,
948,0.583,,0.0405,0.3425,1.105,0.421,,0.1275,1.193,,,0.1965,1.484,,0.0,0.002,,,,,0.02,0.019,,,,
949,0.5795,,0.0405,0.3425,1.1735,0.422,,0.126,0.9625,,,0.315,1.4805000000000001,,0.0,0.002,,,,,0.02,0.019,,,,
950,0.582,,0.0405,0.3395,3.5585,0.41200000000000003,,0.1265,0.9495,,,0.13033333333333333,1.486,,0.0,0.0016666666666666668,,,,,0.0205,0.019,,,,
951,0.5785,,0.0405,0.3425,1.195,0.4125,,0.1285,1.8645,,,0.317,1.5150000000000001,,0.0,0.002,,,,,0.02,0.019,,,,
952,0.28600000000000003,,0.01,0.14500000000000002,0.386,0.14250000000000002,,0.077,0.6275,,,0.057,1.4875,,0.0,0.001,,,,,0.009000000000000001,0.009000000000000001,,,,
953,0.138,,0.002,0.066,1.812,0.075,,0.025,0.089,,,,1.4685000000000001,,0.0,0.001,,,,,0.003,0.0025,,,,
954,0.138,,0.002,0.066,0.3595,0.075,,0.025,0.316,,,,1.472,,0.0,0.001,,,,,0.003,0.003,,,,
955,0.1375,,0.002,0.066,2.2455000000000003,0.075,,0.025,0.101,,,,1.4695,,0.0,0.001,,,,,0.003,0.003,,,,
956,0.138,,0.002,0.066,1.542,0.076,,0.025,0.46849999999999997,,,,1.4645000000000001,,0.0,0.001,,,,,0.003,0.0025,,,,
957,0.138,,0.002,0.066,0.523,0.076,,0.025,0.33449999999999996,,,,1.4605000000000001,,0.0,0.001,,,,,0.003,0.002,,,,
958,0.139,,0.002,0.066,0.24050000000000002,0.076,,0.025,0.5425,,,,1.4665,,0.0,0.001,,,,,0.003,0.002,,,,
959,0.1385,,0.002,0.066,5.0785,0.076,,0.025,1.7035,,,,1.465,,0.0,0.001,,,,,0.003,0.0025,,,,
960,0.1385,,0.002,0.066,0.6555,0.076,,0.025,4.1815,,,,1.464,,0.0,0.001,,,,,0.003,0.002,,,,
961,0.1385,,0.002,0.066,0.2845,0.076,,0.025,0.118,,,,1.466,,0.0,0.001,,,,,0.003,0.003,,,,
962,0.138,,0.002,0.066,1.6110000000000002,0.076,,0.025,0.6505,,,,1.4645000000000001,,0.0,0.001,,,,,0.003,0.002,,,,
963,0.138,,0.002,0.066,0.92,0.0755,,0.025,0.2585,,,,1.464,,0.0,0.001,,,,,0.003,0.003,,,,
964,0.1385,,0.002,0.066,0.2675,0.076,,0.025,0.092,,,,1.379,,0.0,0.001,,,,,0.003,0.002,,,,
965,0.1385,,0.002,0.066,1.596,0.076,,0.025,0.554,,,,1.3810000000000002,,0.0,0.001,,,,,0.003,0.002,,,,
966,0.1385,,0.002,0.066,0.46799999999999997,0.076,,0.025,0.5975,,,,1.3865,,0.0,0.001,,,,,0.003,0.0025,,,,
967,0.1385,,0.002,0.066,0.082,0.076,,0.025,0.4895,,,,1.381,,0.0,0.001,,,,,0.003,0.0025,,,,
968,0.1385,,0.002,0.066,2.0615,0.076,,0.025,0.10650000000000001,,,,1.3860000000000001,,0.0,0.001,,,,,0.003,0.002,,,,
969,0.138,,0.002,0.066,0.372,0.0765,,0.025,1.999,,,,1.3880000000000001,,0.0,0.001,,,,,0.003,0.003,,,,
970,0.1385,,0.002,0.066,0.17350000000000002,0.076,,0.025,0.0915,,,,1.3855,,0.0,0.001,,,,,0.003,0.0025,,,,
971,0.1385,,0.002,0.066,1.54,0.0755,,0.025,2.5425,,,,1.3855,,0.0,0.001,,,,,0.003,0.0025,,,,
972,0.1385,,0.002,0.066,0.21250000000000002,0.076,,0.025,0.4095,,,,1.3845,,0.0,0.001,,,,,0.003,0.0025,,,,
973,0.138,,0.002,0.066,0.469,0.076,,0.025,0.391,,,,1.3875000000000002,,0.0,0.001,,,,,0.003,0.002,,,,
974,0.1385,,0.002,0.066,1.6740000000000002,0.076,,0.025,0.6955,,,,1.3880000000000001,,0.0,0.001,,,,,0.003,0.003,,,,
975,0.1385,,0.002,0.066,0.2725,0.076,,0.025,1.8150000000000002,,,,1.3905,,0.0,0.001,,,,,0.003,0.0025,,,,
976,0.138,,0.002,0.0665,0.0915,0.076,,0.025,0.4115,,,,1.3775,,0.0,0.001,,,,,0.003,0.003,,,,
977,0.139,,0.002,0.066,1.5350000000000001,0.076,,0.025,0.584,,,,1.3760000000000001,,0.0,0.001,,,,,0.003,0.0025,,,,
978,0.1385,,0.002,0.066,0.1635,0.076,,0.025,0.5645,,,,1.3815,,0.0,0.001,,,,,0.003,0.003,,,,
979,0.1385,,0.0025,0.066,0.8395,0.0765,,0.025,0.092,,,,1.3835000000000002,,0.0,0.001,,,,,0.003,0.0025,,,,
980,0.138,,0.002,0.066,1.4265,0.076,,0.025,0.5495,,,,1.3835000000000002,,0.0,0.001,,,,,0.003,0.002,,,,
981,0.138,,0.002,0.066,0.481,0.0765,,0.025,2.0509999999999997,,,,1.3785,,0.0,0.001,,,,,0.003,0.0025,,,,
982,0.138,,0.002,0.066,0.0965,0.076,,0.025,0.24450000000000002,,,,1.3795000000000002,,0.0,0.001,,,,,0.003,0.002,,,,
983,0.1385,,0.002,0.066,1.512,0.076,,0.025,0.1855,,,,1.3815,,0.0,0.001,,,,,0.003,0.002,,,,
984,0.138,,0.002,0.066,0.1925,0.076,,0.025,1.0550000000000002,,,,1.3865,,0.0,0.001,,,,,0.003,0.0025,,,,
985,0.1385,,0.002,0.0665,0.20950000000000002,0.076,,0.025,0.445,,,,1.3815,,0.0,0.001,,,,,0.003,0.002,,,,
986,0.1385,,0.002,0.066,1.4304999999999999,0.076,,0.025,0.673,,,,1.3845,,0.0,0.001,,,,,0.003,0.002,,,,
987,0.1385,,0.002,0.0655,0.223,0.0765,,0.025,1.802,,,,1.3835000000000002,,0.0,0.001,,,,,0.003,0.0025,,,,
988,0.138,,0.002,0.066,0.218,0.076,,0.025,0.288,,,,1.3835000000000002,,0.0,0.001,,,,,0.003,0.003,,,,
989,0.138,,0.002,0.066,1.605,0.0755,,0.025,0.163,,,,1.3835000000000002,,0.0,0.001,,,,,0.003,0.0025,,,,
990,0.1385,,0.002,0.066,0.303,0.076,,0.025,0.24600000000000002,,,,1.385,,0.0,0.001,,,,,0.003,0.003,,,,
991,0.138,,0.002,0.0655,2.501,0.0765,,0.025,3.201,,,,1.387,,0.0,0.001,,,,,0.003,0.002,,,,
992,0.138,,0.002,0.066,1.4240000000000002,0.0765,,0.025,0.5435000000000001,,,,1.3865,,0.0,0.001,,,,,0.003,0.003,,,,
993,0.138,,0.002,0.066,0.23,0.076,,0.025,0.33249999999999996,,,,1.387,,0.0,0.001,,,,,0.003,0.002,,,,
994,0.139,,0.002,0.066,0.17500000000000002,0.076,,0.025,0.6415000000000001,,,,1.392,,0.0,0.001,,,,,0.003,0.002,,,,
995,0.138,,0.0025,0.066,1.469,0.076,,0.025,0.314,,,,1.3920000000000001,,0.0,0.001,,,,,0.003,0.0025,,,,
996,0.138,,0.002,0.066,0.0965,0.076,,0.025,0.4205,,,,1.3930000000000002,,0.0,0.001,,,,,0.003,0.003,,,,
997,0.138,,0.002,0.066,2.1995,0.0765,,0.025,0.217,,,,1.3920000000000001,,0.0,0.001,,,,,0.003,0.0025,,,,
998,0.138,,0.002,0.066,1.648,0.076,,0.025,0.9685,,,,1.3895,,0.0,0.001,,,,,0.003,0.002,,,,
999,0.138,,0.002,0.066,0.091,0.076,,0.025,0.5605,,,,1.392,,0.0,0.001,,,,,0.003,0.0025,,,,
1000,0.138,,0.002,0.066,0.3575,0.076,,0.025,0.321,,,,1.393,,0.0,0.001,,,,,0.003,0.0025,,,,
1001,0.1385,,0.002,0.066,1.9135,0.076,,0.025,0.359,,,,1.3920000000000001,,0.0,0.001,,,,,0.003,0.002,,,,
1002,0.138,,0.002,0.066,0.29,0.076,,0.025,0.812,,,,1.393,,0.0,0.001,,,,,0.003,0.0025,,,,
1003,0.1385,,0.002,0.066,0.483,0.076,,0.025,0.3015,,,,1.3940000000000001,,0.0,0.001,,,,,0.003,0.002,,,,
1004,0.138,,0.002,0.066,1.7115,0.076,,0.025,1.8985,,,,1.3930000000000002,,0.0,0.001,,,,,0.003,0.0025,,,,
1005,0.1385,,0.002,0.066,0.225,0.076,,0.025,0.5535,,,,1.3940000000000001,,0.0,0.001,,,,,0.003,0.0025,,,,
1006,0.1385,,0.002,0.066,0.2925,0.076,,0.025,0.17950000000000002,,,,1.3915000000000002,,0.0,0.001,,,,,0.003,0.0025,,,,
1007,0.139,,0.002,0.066,1.4415,0.076,,0.025,0.46749999999999997,,,,1.3965,,0.0,0.001,,,,,0.003,0.002,,,,
1008,0.138,,0.002,0.066,5.2965,0.076,,0.025,3.817,,,,1.399,,0.0,0.001,,,,,0.003,0.0025,,,,
1009,0.138,,0.002,0.066,0.149,0.076,,0.025,0.139,,,,1.4005,,0.0,0.001,,,,,0.003,0.002,,,,
1010,0.138,,0.002,0.066,1.415,0.076,,0.025,0.7170000000000001,,,,1.395,,0.0,0.001,,,,,0.003,0.002,,,,
1011,0.138,,0.002,0.066,0.24550000000000002,0.0765,,0.025,0.619,,,,1.4020000000000001,,0.0,0.001,,,,,0.003,0.0025,,,,
1012,0.138,,0.002,0.0665,0.1505,0.076,,0.025,0.5235,,,,1.3995000000000002,,0.0,0.001,,,,,0.003,0.003,,,,
1013,0.138,,0.002,0.066,1.161,0.0765,,0.025,0.815,,,,1.403,,0.0,0.001,,,,,0.003,0.002,,,,
1014,0.138,,0.002,0.066,2.234,0.0765,,0.025,3.325,,,,1.399,,0.0,0.001,,,,,0.003,0.002,,,,
1015,0.138,,0.0025,0.0655,0.2925,0.076,,0.025,0.24650000000000002,,,,1.4000000000000001,,0.0,0.001,,,,,0.003,0.0025,,,,
1016,0.138,,0.002,0.066,1.743,0.076,,0.025,0.168,,,,1.4015,,0.0,0.001,,,,,0.003,0.0025,,,,
1017,0.138,,0.002,0.066,0.33049999999999996,0.076,,0.025,0.3165,,,,1.4020000000000001,,0.0,0.001,,,,,0.003,0.0025,,,,
1018,0.138,,0.002,0.066,0.24250000000000002,0.076,,0.025,0.10200000000000001,,,,1.4015,,0.0,0.001,,,,,0.003,0.002,,,,
1019,0.138,,0.002,0.066,0.9570000000000001,0.0765,,0.025,1.0685,,,,1.401,,0.0,0.001,,,,,0.003,0.0025,,,,
1020,0.1385,,0.002,0.066,0.758,0.076,,0.025,1.0690000000000002,,,,1.4020000000000001,,0.0,0.001,,,,,0.003,0.0025,,,,
1021,0.138,,0.002,0.066,0.1675,0.076,,0.025,0.6125,,,,1.3805,,0.0,0.001,,,,,0.003,0.002,,,,
1022,0.139,,0.002,0.066,0.314,0.076,,0.025,0.9135,,,,1.3770000000000002,,0.0,0.001,,,,,0.003,0.002,,,,
1023,0.138,,0.002,0.066,0.6890000000000001,0.076,,0.025,0.0835,,,,1.3805,,0.0,0.001,,,,,0.003,0.0025,,,,
1024,0.1385,,0.002,0.066,0.157,0.076,,0.025,0.2265,,,,1.3820000000000001,,0.0,0.001,,,,,0.003,0.003,,,,
1025,0.1385,,0.002,0.0665,1.8915,0.0765,,0.025,1.3425,,,,1.3815,,0.0,0.001,,,,,0.003,0.003,,,,
1026,0.138,,0.002,0.066,0.6900000000000001,0.076,,0.025,0.2265,,,,1.3805,,0.0,0.001,,,,,0.003,0.003,,,,
1027,0.138,,0.002,0.0665,0.17300000000000001,0.076,,0.025,0.187,,,,1.3450000000000002,,0.0,0.001,,,,,0.003,0.002,,,,
1028,0.138,,0.002,0.066,1.472,0.076,,0.025,0.566,,,,1.3105,,0.0,0.001,,,,,0.003,0.0025,,,,
1029,0.138,,0.002,0.066,0.46699999999999997,0.0755,,0.025,0.08549999999999999,,,,1.318,,0.0,0.001,,,,,0.003,0.0025,,,,
1030,0.139,,0.002,0.066,0.6735000000000001,0.076,,0.025,0.9635,,,,1.315,,0.0,0.001,,,,,0.003,0.003,,,,
1031,0.138,,0.002,0.066,2.1035,0.076,,0.025,1.6005,,,,1.315,,0.0,0.001,,,,,0.003,0.0025,,,,
1032,0.1385,,0.002,0.066,0.882,0.076,,0.025,0.626,,,,1.2650000000000001,,0.0,0.001,,,,,0.003,0.002,,,,
1033,0.138,,0.002,0.066,0.2185,0.076,,0.025,0.4095,,,,1.266,,0.0,0.001,,,,,0.003,0.0025,,,,
1034,0.138,,0.002,0.066,4.3420000000000005,0.076,,0.025,4.388,,,,1.2675,,0.0,0.001,,,,,0.003,0.003,,,,
1035,0.138,,0.002,0.066,0.7515,0.076,,0.025,1.6405,,,,1.2625000000000002,,0.0,0.001,,,,,0.003,0.002,,,,
1036,0.138,,0.002,0.066,0.18250000000000002,0.076,,0.025,0.1895,,,,1.2625000000000002,,0.0,0.001,,,,,0.003,0.003,,,,
1037,0.138,,0.002,0.066,2.17,0.0765,,0.025,0.3805,,,,1.2670000000000001,,0.0,0.001,,,,,0.003,0.0025,,,,
1038,0.138,,0.002,0.066,0.4955,0.0765,,0.025,0.483,,,,1.262,,0.0,0.001,,,,,0.003,0.0025,,,,
1039,0.138,,0.002,0.066,0.093,0.076,,0.025,0.5925,,,,1.2685,,0.0,0.001,,,,,0.003,0.0025,,,,
1040,0.138,,0.002,0.066,2.1405,0.076,,0.025,0.4235,,,,1.2625000000000002,,0.0,0.001,,,,,0.003,0.0025,,,,
1041,0.138,,0.002,0.066,0.665,0.076,,0.025,0.9625,,,,1.267,,0.0,0.001,,,,,0.003,0.0025,,,,
1042,0.138,,0.002,0.066,0.21000000000000002,0.076,,0.025,0.12,,,,1.2635,,0.0,0.001,,,,,0.003,0.002,,,,
1043,0.138,,0.002,0.066,1.848,0.076,,0.025,0.1015,,,,1.266,,0.0,0.001,,,,,0.003,0.002,,,,
1044,0.1385,,0.002,0.066,0.637,0.076,,0.025,0.8685,,,,1.2665000000000002,,0.0,0.001,,,,,0.003,0.002,,,,
1045,0.138,,0.002,0.066,0.146,0.076,,0.025,0.1865,,,,1.2635,,0.0,0.001,,,,,0.003,0.002,,,,
1046,0.138,,0.002,0.066,1.8619999999999999,0.076,,0.025,0.3575,,,,1.2655,,0.0,0.001,,,,,0.003,0.0025,,,,
1047,0.138,,0.002,0.066,0.7955,0.076,,0.025,0.475,,,,1.2710000000000001,,0.0,0.001,,,,,0.003,0.0025,,,,
1048,0.138,,0.002,0.066,0.11649999999999999,0.076,,0.025,2.0795,,,,1.2690000000000001,,0.0,0.001,,,,,0.003,0.002,,,,
1049,0.138,,0.002,0.066,2.031,0.0765,,0.025,0.23600000000000002,,,,1.268,,0.0,0.001,,,,,0.003,0.0025,,,,
1050,0.138,,0.0025,0.066,0.8190000000000001,0.0765,,0.025,0.1895,,,,1.2690000000000001,,0.0,0.001,,,,,0.003,0.002,,,,
1051,0.138,,0.0025,0.066,3.14,0.076,,0.025,4.268,,,,1.2715,,0.0,0.001,,,,,0.003,0.0025,,,,
1052,0.139,,0.0025,0.066,2.1705,0.0765,,0.025,2.02,,,,1.2535,,0.0,0.001,,,,,0.003,0.002,,,,
1053,0.139,,0.0025,0.065,2.9070000000000005,0.0765,,0.025,3.4635,,,,1.249,,0.0,0.001,,,,,0.003,0.002,,,,
1054,0.1385,,0.0025,0.0655,0.1105,0.0775,,0.025,0.384,,,,1.2469999999999999,,0.0,0.001,,,,,0.003,0.002,,,,
1055,0.139,,0.0025,0.0655,2.0654999999999997,0.0765,,0.025,0.37450000000000006,,,,1.248,,0.0,0.001,,,,,0.003,0.002,,,,
1056,0.139,,0.0025,0.066,0.4565,0.0765,,0.025,0.23500000000000001,,,,1.254,,0.0,0.001,,,,,0.003,0.0025,,,,
1057,0.139,,0.0025,0.0655,1.8710000000000002,0.077,,0.025,0.7005,,,,1.2530000000000001,,0.0,0.001,,,,,0.003,0.002,,,,
1058,0.1395,,0.0025,0.066,2.1575,0.0775,,0.025,0.7075,,,,1.252,,0.0,0.001,,,,,0.003,0.003,,,,
1059,0.1385,,0.0025,0.066,0.636,0.0775,,0.025,1.7694999999999999,,,,1.2555,,0.0,0.001,,,,,0.003,0.002,,,,
1060,0.1385,,0.0025,0.066,2.1695,0.0775,,0.025,0.52,,,,1.2590000000000001,,0.0,0.001,,,,,0.003,0.002,,,,
1061,0.139,,0.0025,0.0655,2.144,0.0775,,0.025,0.5885,,,,1.2535,,0.0,0.001,,,,,0.003,0.0025,,,,
1062,0.1385,,0.0025,0.0655,0.487,0.077,,0.025,0.6435000000000001,,,,1.2535,,0.0,0.001,,,,,0.003,0.0025,,,,
1063,0.139,,0.0025,0.0655,0.23650000000000002,0.0775,,0.025,0.32849999999999996,,,,1.2560000000000002,,0.0,0.001,,,,,0.003,0.002,,,,
1064,0.139,,0.002,0.065,2.2175,0.0775,,0.025,0.6000000000000001,,,,1.2515,,0.0,0.001,,,,,0.003,0.002,,,,
1065,0.139,,0.0025,0.066,2.1205000000000003,0.0775,,0.025,0.2615,,,,1.2570000000000001,,0.0,0.001,,,,,0.003,0.0025,,,,
1066,0.139,,0.0025,0.0655,0.4635,0.0775,,0.025,0.4345,,,,1.2565,,0.0,0.001,,,,,0.003,0.002,,,,
1067,0.1385,,0.0025,0.066,2.1820000000000004,0.077,,0.025,0.2695,,,,1.258,,0.0,0.001,,,,,0.003,0.0025,,,,
1068,0.1395,,0.0025,0.0655,0.26,0.0775,,0.025,0.33999999999999997,,,,1.2610000000000001,,0.0,0.001,,,,,0.003,0.0025,,,,
1069,0.1385,,0.0025,0.066,0.15250000000000002,0.077,,0.025500000000000002,1.3865,,,,1.2595,,0.0,0.001,,,,,0.003,0.002,,,,
1070,0.139,,0.0025,0.065,2.6395,0.0775,,0.025,2.2950000000000004,,,,1.2610000000000001,,0.0,0.001,,,,,0.003,0.0025,,,,
1071,0.1385,,0.0025,0.065,2.016,0.0775,,0.025,0.6455,,,,1.2625000000000002,,0.0,0.001,,,,,0.003,0.0025,,,,
1072,0.139,,0.0025,0.066,0.14650000000000002,0.0775,,0.025,0.078,,,,1.2615,,0.0,0.001,,,,,0.003,0.002,,,,
1073,0.139,,0.0025,0.0655,1.8870000000000002,0.0775,,0.025,0.40299999999999997,,,,1.2585000000000002,,0.0,0.001,,,,,0.003,0.0025,,,,
1074,0.1385,,0.0025,0.0655,1.0935000000000001,0.0775,,0.025,0.45899999999999996,,,,1.2625000000000002,,0.0,0.001,,,,,0.003,0.0025,,,,
1075,0.139,,0.0025,0.066,0.11,0.0775,,0.025,0.7330000000000001,,,,1.2565,,0.0,0.001,,,,,0.003,0.002,,,,
1076,0.139,,0.0025,0.065,2.1165000000000003,0.0775,,0.025,0.665,,,,1.2570000000000001,,0.0,0.001,,,,,0.003,0.003,,,,
1077,0.1385,,0.0025,0.065,0.475,0.0775,,0.025,1.2289999999999999,,,,1.258,,0.0,0.001,,,,,0.003,0.002,,,,
1078,0.139,,0.0025,0.066,0.096,0.0775,,0.025,0.30100000000000005,,,,1.2595,,0.0,0.001,,,,,0.003,0.002,,,,
1079,0.139,,0.0025,0.0655,2.224,0.0775,,0.025,1.099,,,,1.2585000000000002,,0.0,0.001,,,,,0.003,0.003,,,,
1080,0.139,,0.0025,0.0655,0.082,0.0775,,0.025,1.0035,,,,1.2630000000000001,,0.0,0.001,,,,,0.003,0.0025,,,,
1081,0.1385,,0.0025,0.0655,2.3785,0.0775,,0.025,2.475,,,,1.2590000000000001,,0.0,0.001,,,,,0.003,0.0025,,,,
1082,0.1385,,0.0025,0.0655,2.2310000000000003,0.0775,,0.025,0.618,,,,1.2615,,0.0,0.001,,,,,0.003,0.0025,,,,
1083,0.1385,,0.0025,0.066,0.4155,0.0775,,0.025,0.3575,,,,1.2610000000000001,,0.0,0.001,,,,,0.003,0.002,,,,
1084,0.139,,0.0025,0.066,5.3635,0.0775,,0.025,0.31900000000000006,,,,1.2615,,0.0,0.001,,,,,0.003,0.002,,,,
1085,0.1385,,0.0025,0.066,2.1795,0.0775,,0.025,0.4295,,,,1.2625000000000002,,0.0,0.001,,,,,0.003,0.0025,,,,
1086,0.139,,0.0025,0.0655,0.5015000000000001,0.0775,,0.025,6.9025,,,,1.2630000000000001,,0.0,0.001,,,,,0.003,0.003,,,,
1087,0.1395,,0.0025,0.066,0.10200000000000001,0.0775,,0.025,0.49450000000000005,,,,1.2615,,0.0,0.001,,,,,0.003,0.0025,,,,
1088,0.139,,0.0025,0.066,2.3160000000000003,0.0775,,0.025,0.0775,,,,1.2680000000000002,,0.0,0.001,,,,,0.003,0.003,,,,
1089,0.1385,,0.0025,0.0655,0.6395,0.077,,0.025,0.451,,,,1.2665000000000002,,0.0,0.001,,,,,0.003,0.002,,,,
1090,0.1385,,0.0025,0.0655,0.35,0.077,,0.025,0.4385,,,,1.2655,,0.0,0.001,,,,,0.003,0.0025,,,,
1091,0.1395,,0.0025,0.066,0.6925,0.0775,,0.025,0.202,,,,1.2665000000000002,,0.0,0.001,,,,,0.003,0.002,,,,
1092,0.1385,,0.0025,0.065,0.4445,0.0775,,0.025,0.6455,,,,1.2655,,0.0,0.001,,,,,0.003,0.002,,,,
1093,0.139,,0.0025,0.0655,0.36750000000000005,0.0775,,0.025,1.193,,,,1.2695,,0.0,0.001,,,,,0.003,0.002,,,,
1094,0.139,,0.0025,0.0655,2.335,0.0775,,0.025,0.2955,,,,1.266,,0.0,0.001,,,,,0.003,0.002,,,,
1095,0.1395,,0.0025,0.0655,0.5559999999999999,0.077,,0.025,0.385,,,,1.2685,,0.0,0.001,,,,,0.003,0.002,,,,
1096,0.139,,0.0025,0.0655,0.40700000000000003,0.0775,,0.025,0.14700000000000002,,,,1.267,,0.0,0.001,,,,,0.003,0.002,,,,
1097,0.139,,0.0025,0.065,2.2845,0.0775,,0.025,0.17550000000000002,,,,1.272,,0.0,0.001,,,,,0.003,0.0025,,,,
1098,0.139,,0.0025,0.065,0.1135,0.0775,,0.025,0.218,,,,1.2730000000000001,,0.0,0.001,,,,,0.003,0.0025,,,,
1099,0.1395,,0.0025,0.0655,0.5825,0.0775,,0.025,1.2605,,,,1.2705000000000002,,0.0,0.001,,,,,0.003,0.0025,,,,
1100,0.139,,0.0025,0.0655,2.3055,0.0775,,0.025,0.262,,,,1.2680000000000002,,0.0,0.001,,,,,0.003,0.0025,,,,
1101,0.139,,0.0025,0.0655,0.502,0.0775,,0.025,0.39449999999999996,,,,1.2710000000000001,,0.0,0.001,,,,,0.003,0.002,,,,
1102,0.1385,,0.0025,0.0655,0.40549999999999997,0.0775,,0.025,0.549,,,,1.2735,,0.0,0.001,,,,,0.003,0.0025,,,,
1103,0.139,,0.0025,0.0655,2.0015,0.0775,,0.025,0.23800000000000002,,,,1.2725,,0.0,0.001,,,,,0.003,0.0025,,,,
1104,0.139,,0.0025,0.066,0.8510000000000001,0.0775,,0.025,0.12300000000000001,,,,1.2750000000000001,,0.0,0.001,,,,,0.003,0.002,,,,
1105,0.1395,,0.0025,0.0655,0.2875,0.077,,0.025,2.7655000000000003,,,,1.2735,,0.0,0.001,,,,,0.003,0.002,,,,
1106,0.1395,,0.0025,0.0655,4.453,0.0775,,0.025,5.83,,,,1.276,,0.0,0.001,,,,,0.003,0.002,,,,
1107,0.1385,,0.0025,0.066,0.7494999999999999,0.077,,0.025,0.1365,,,,1.2765,,0.0,0.001,,,,,0.003,0.0025,,,,
1108,0.1385,,0.0025,0.065,0.245,0.0775,,0.025,0.216,,,,1.278,,0.0,0.001,,,,,0.003,0.0025,,,,
1109,0.1395,,0.0025,0.065,0.9185000000000001,0.0775,,0.025,0.4375,,,,1.2745000000000002,,0.0,0.001,,,,,0.003,0.0025,,,,
1110,0.1385,,0.0025,0.0655,0.354,0.0765,,0.025,0.3105,,,,1.2465000000000002,,0.0,0.001,,,,,0.003,0.002,,,,
1111,0.139,,0.0025,0.0655,0.20600000000000002,0.077,,0.025,0.8575,,,,1.2385000000000002,,0.0,0.001,,,,,0.003,0.002,,,,
1112,0.1385,,0.0025,0.0655,2.216,0.077,,0.025,0.128,,,,1.244,,0.0,0.001,,,,,0.003,0.002,,,,
1113,0.1385,,0.0025,0.0655,0.531,0.0765,,0.025,0.6405000000000001,,,,1.243,,0.0,0.001,,,,,0.003,0.0025,,,,
1114,0.1385,,0.0025,0.0655,3.051,0.0765,,0.025,5.9795,,,,1.245,,0.0,0.001,,,,,0.003,0.0025,,,,
1115,0.1385,,0.0025,0.0655,2.2680000000000002,0.0775,,0.025,0.35250000000000004,,,,1.2465000000000002,,0.0,0.001,,,,,0.003,0.002,,,,
1116,0.1385,,0.0025,0.065,0.5535,0.077,,0.025,2.3735000000000004,,,,1.249,,0.0,0.001,,,,,0.003,0.002,,,,
1117,0.1395,,0.0025,0.065,0.0825,0.0765,,0.025,0.33249999999999996,,,,1.2415,,0.0,0.001,,,,,0.003,0.002,,,,
1118,0.1385,,0.0025,0.0655,2.085,0.0765,,0.025,0.24050000000000002,,,,1.2085,,0.0,0.001,,,,,0.003,0.0025,,,,
1119,0.139,,0.0025,0.0655,0.5980000000000001,0.0775,,0.025,0.6555,,,,1.169,,0.0,0.001,,,,,0.003,0.002,,,,
1120,0.1385,,0.0025,0.066,0.353,0.0775,,0.025,0.5910000000000001,,,,1.1724999999999999,,0.0,0.001,,,,,0.003,0.002,,,,
1121,0.139,,0.0025,0.065,3.089,0.0775,,0.025,6.4235,,,,1.169,,0.0,0.001,,,,,0.003,0.002,,,,
1122,0.1395,,0.0025,0.066,0.4645,0.0775,,0.025,1.6480000000000001,,,,1.175,,0.0,0.001,,,,,0.003,0.0025,,,,
1123,0.1385,,0.0025,0.0655,0.14750000000000002,0.0775,,0.025,0.824,,,,1.1675,,0.0,0.001,,,,,0.003,0.0025,,,,
1124,0.1385,,0.0025,0.065,2.1945,0.0775,,0.025,0.1255,,,,1.173,,0.0,0.001,,,,,0.003,0.002,,,,
1125,0.139,,0.0025,0.0655,4.3585,0.0775,,0.025,1.656,,,,1.169,,0.0,0.001,,,,,0.003,0.002,,,,
1126,0.1385,,0.0025,0.065,0.1325,0.0775,,0.025,0.378,,,,1.178,,0.0,0.001,,,,,0.003,0.002,,,,
1127,0.139,,0.0025,0.0655,0.17200000000000001,0.0775,,0.025,0.14,,,,1.1705,,0.0,0.001,,,,,0.003,0.002,,,,
1128,0.139,,0.0025,0.066,0.8015,0.0775,,0.025,0.9530000000000001,,,,1.1745,,0.0,0.001,,,,,0.003,0.0025,,,,
1129,0.139,,0.0025,0.0655,0.1895,0.0775,,0.025,0.567,,,,1.1760000000000002,,0.0,0.001,,,,,0.003,0.0025,,,,
1130,0.139,,0.0025,0.065,4.3585,0.0775,,0.025,6.085,,,,1.1775,,0.0,0.001,,,,,0.003,0.0025,,,,
1131,0.139,,0.0025,0.065,0.5950000000000001,0.0775,,0.025,0.5005000000000001,,,,1.1760000000000002,,0.0,0.001,,,,,0.003,0.002,,,,
1132,0.139,,0.0025,0.0655,0.34299999999999997,0.0775,,0.025,0.322,,,,1.1764999999999999,,0.0,0.001,,,,,0.003,0.003,,,,
1133,0.139,,0.0025,0.0655,2.6815,0.0775,,0.025,0.7285,,,,1.1775,,0.0,0.001,,,,,0.003,0.0025,,,,
1134,0.139,,0.0025,0.0655,0.35850000000000004,0.0775,,0.025,0.6635,,,,1.1764999999999999,,0.0,0.001,,,,,0.003,0.003,,,,
1135,0.1385,,0.0025,0.0655,0.6035,0.0775,,0.025,0.296,,,,1.175,,0.0,0.001,,,,,0.003,0.0025,,,,
1136,0.139,,0.0025,0.066,2.533,0.0775,,0.025,0.598,,,,1.1795,,0.0,0.001,,,,,0.003,0.002,,,,
1137,0.1385,,0.0025,0.0655,2.858,0.0775,,0.025,3.841,,,,1.1709999999999998,,0.0,0.001,,,,,0.003,0.002,,,,
1138,0.1385,,0.0025,0.066,0.14450000000000002,0.077,,0.025,0.385,,,,1.1775,,0.0,0.001,,,,,0.003,0.002,,,,
1139,0.1385,,0.0025,0.066,2.1175,0.0765,,0.025,0.3105,,,,1.177,,0.0,0.001,,,,,0.003,0.0025,,,,
1140,0.139,,0.0025,0.0655,0.15300000000000002,0.0765,,0.025,0.495,,,,1.1745,,0.0,0.001,,,,,0.003,0.0025,,,,
1141,0.1385,,0.0025,0.066,1.951,0.0775,,0.025,0.5740000000000001,,,,1.1795,,0.0,0.001,,,,,0.003,0.0025,,,,
1142,0.1385,,0.0025,0.0655,2.092,0.0775,,0.025,0.48150000000000004,,,,1.1785,,0.0,0.001,,,,,0.003,0.0025,,,,
1143,0.1385,,0.0025,0.0655,0.5885,0.077,,0.025,1.7725,,,,1.1804999999999999,,0.0,0.001,,,,,0.003,0.0025,,,,
1144,0.1385,,0.0025,0.066,0.10500000000000001,0.077,,0.025,0.20700000000000002,,,,1.1800000000000002,,0.0,0.001,,,,,0.003,0.0025,,,,
1145,0.139,,0.0025,0.066,2.141,0.0775,,0.025,0.276,,,,1.182,,0.0,0.001,,,,,0.003,0.0025,,,,
1146,0.1385,,0.0025,0.066,0.52,0.0775,,0.025,1.0374999999999999,,,,1.1795,,0.0,0.001,,,,,0.003,0.002,,,,
1147,0.139,,0.0025,0.065,0.198,0.0765,,0.025,0.943,,,,1.1789999999999998,,0.0,0.001,,,,,0.003,0.0025,,,,
1148,0.139,,0.0025,0.066,0.33699999999999997,0.077,,0.025,0.1375,,,,1.1749999999999998,,0.0,0.001,,,,,0.003,0.0025,,,,
1149,0.1395,,0.0025,0.066,0.637,0.077,,0.025,2.403,,,,1.1795,,0.0,0.001,,,,,0.003,0.0025,,,,
1150,0.1385,,0.0025,0.065,0.113,0.077,,0.025,1.5295,,,,1.173,,0.0,0.001,,,,,0.003,0.002,,,,
1151,0.139,,0.0025,0.0655,2.3240000000000003,0.0765,,0.025,0.14750000000000002,,,,1.18,,0.0,0.001,,,,,0.003,0.002,,,,
1152,0.139,,0.0025,0.066,0.4195,0.0765,,0.025,0.543,,,,1.178,,0.0,0.001,,,,,0.003,0.0025,,,,
1153,0.139,,0.0025,0.065,0.266,0.0765,,0.025,0.3625,,,,1.178,,0.0,0.001,,,,,0.003,0.0025,,,,
1154,0.139,,0.0025,0.0655,2.141,0.0765,,0.025,0.0845,,,,1.1795,,0.0,0.001,,,,,0.003,0.002,,,,
1155,0.1385,,0.0025,0.0655,0.0975,0.0765,,0.025,0.5155000000000001,,,,1.177,,0.0,0.001,,,,,0.003,0.0025,,,,
1156,0.1385,,0.0025,0.066,2.0595,0.0765,,0.025,0.215,,,,1.182,,0.0,0.001,,,,,0.003,0.0025,,,,
1157,0.139,,0.0025,0.065,2.3605,0.0765,,0.025,0.3005,,,,1.1745,,0.0,0.001,,,,,0.003,0.002,,,,
1158,0.1385,,0.0025,0.065,0.39449999999999996,0.077,,0.025,1.602,,,,1.1764999999999999,,0.0,0.001,,,,,0.003,0.0025,,,,
1159,0.1385,,0.0025,0.066,0.1015,0.0765,,0.025,0.6799999999999999,,,,1.181,,0.0,0.001,,,,,0.003,0.002,,,,
1160,0.139,,0.003,0.0655,2.0705,0.0765,,0.025,0.37250000000000005,,,,1.185,,0.0,0.001,,,,,0.003,0.002,,,,
1161,0.139,,0.0025,0.066,0.34099999999999997,0.0765,,0.025,0.713,,,,1.1835,,0.0,0.001,,,,,0.003,0.0025,,,,
1162,0.139,,0.0025,0.066,0.201,0.077,,0.025,0.3105,,,,1.1795,,0.0,0.001,,,,,0.003,0.002,,,,
1163,0.139,,0.0025,0.0655,2.2030000000000003,0.077,,0.025500000000000002,0.922,,,,1.1840000000000002,,0.0,0.001,,,,,0.003,0.003,,,,
1164,0.1385,,0.0025,0.0655,0.4355,0.0765,,0.025,2.7920000000000003,,,,1.182,,0.0,0.001,,,,,0.003,0.0025,,,,
1165,0.1395,,0.0025,0.0655,0.31400000000000006,0.0765,,0.025,3.1630000000000003,,,,1.181,,0.0,0.001,,,,,0.003,0.0025,,,,
1166,0.1385,,0.0025,0.065,2.108,0.0765,,0.025,0.501,,,,1.1785,,0.0,0.001,,,,,0.003,0.002,,,,
1167,0.139,,0.0025,0.0655,1.93,0.077,,0.025,0.7265,,,,1.1840000000000002,,0.0,0.001,,,,,0.003,0.002,,,,
1168,0.1385,,0.0025,0.0655,0.42300000000000004,0.0765,,0.025,0.7030000000000001,,,,1.1815,,0.0,0.001,,,,,0.003,0.002,,,,
1169,0.1385,,0.0025,0.066,2.16,0.077,,0.025,0.426,,,,1.1815,,0.0,0.001,,,,,0.003,0.002,,,,
1170,0.139,,0.0025,0.0655,0.2015,0.0765,,0.025,0.7095,,,,1.178,,0.0,0.001,,,,,0.003,0.0025,,,,
1171,0.139,,0.0025,0.0655,1.4955,0.0765,,0.025,1.04,,,,1.1840000000000002,,0.0,0.001,,,,,0.003,0.0025,,,,
1172,0.139,,0.0025,0.0655,2.4979999999999998,0.0765,,0.025,0.085,,,,1.182,,0.0,0.001,,,,,0.003,0.002,,,,
1173,0.1385,,0.0025,0.066,1.239,0.0765,,0.025,1.6965,,,,1.186,,0.0,0.001,,,,,0.003,0.003,,,,
1174,0.1385,,0.0025,0.0655,0.572,0.0765,,0.025,1.0315,,,,1.1835,,0.0,0.001,,,,,0.003,0.002,,,,
1175,0.139,,0.0025,0.066,2.055,0.0765,,0.025,0.46699999999999997,,,,1.1840000000000002,,0.0,0.001,,,,,0.003,0.0025,,,,
1176,0.139,,0.0025,0.0655,0.5135000000000001,0.0765,,0.025,0.39149999999999996,,,,1.1835,,0.0,0.001,,,,,0.003,0.002,,,,
1177,0.139,,0.0025,0.0655,0.364,0.077,,0.025,0.224,,,,1.1865,,0.0,0.001,,,,,0.003,0.002,,,,
1178,0.1385,,0.0025,0.0655,2.3514999999999997,0.0765,,0.025,0.2845,,,,1.1785,,0.0,0.001,,,,,0.003,0.002,,,,
1179,0.1385,,0.0025,0.066,0.5395000000000001,0.077,,0.025,0.32,,,,1.1815,,0.0,0.001,,,,,0.003,0.002,,,,
1180,0.1385,,0.0025,0.066,0.5945,0.0765,,0.025,0.7265,,,,1.1865,,0.0,0.001,,,,,0.003,0.0025,,,,
1181,0.1385,,0.0025,0.0655,2.2095000000000002,0.077,,0.025,0.8440000000000001,,,,1.1855,,0.0,0.001,,,,,0.003,0.0025,,,,
1182,0.1385,,0.0025,0.066,0.6025,0.077,,0.025,0.24400000000000002,,,,1.1895,,0.0,0.001,,,,,0.003,0.0025,,,,
1183,0.1385,,0.0025,0.066,0.44800000000000006,0.0765,,0.025,1.109,,,,1.1880000000000002,,0.0,0.001,,,,,0.003,0.003,,,,
1184,0.139,,0.0025,0.065,2.3665,0.0765,,0.025,0.5499999999999999,,,,1.1869999999999998,,0.0,0.001,,,,,0.003,0.002,,,,
1185,0.1385,,0.0025,0.066,0.189,0.0765,,0.025,0.757,,,,1.1875,,0.0,0.001,,,,,0.003,0.002,,,,
1186,0.139,,0.0025,0.066,0.1105,0.0765,,0.025,0.6255,,,,1.1585,,0.0,0.001,,,,,0.003,0.0025,,,,
1187,0.139,,0.0025,0.066,2.203,0.0765,,0.025,0.4165,,,,1.1564999999999999,,0.0,0.001,,,,,0.003,0.0025,,,,
1188,0.1385,,0.0025,0.0655,0.10700000000000001,0.0765,,0.025,0.5535,,,,1.1555,,0.0,0.001,,,,,0.003,0.0025,,,,
1189,0.139,,0.0025,0.065,0.8115,0.0765,,0.025,0.32799999999999996,,,,1.161,,0.0,0.001,,,,,0.003,0.002,,,,
1190,0.139,,0.0025,0.0655,7.5385,0.077,,0.025,1.0715,,,,1.1575,,0.0,0.001,,,,,0.003,0.0025,,,,
1191,0.139,,0.0025,0.066,0.403,0.0765,,0.025,2.6085000000000003,,,,1.1604999999999999,,0.0,0.001,,,,,0.003,0.0025,,,,
1192,0.1385,,0.0025,0.0655,3.204,0.0765,,0.025,0.29700000000000004,,,,1.161,,0.0,0.001,,,,,0.003,0.003,,,,
1193,0.1395,,0.0025,0.066,1.8755000000000002,0.077,,0.025,0.7505000000000001,,,,1.1615,,0.0,0.001,,,,,0.003,0.0025,,,,
1194,0.1385,,0.0025,0.065,0.41800000000000004,0.0765,,0.025,1.1640000000000001,,,,1.157,,0.0,0.001,,,,,0.003,0.0025,,,,
1195,0.1395,,0.0025,0.0655,0.2015,0.0765,,0.025,0.1955,,,,1.1635,,0.0,0.001,,,,,0.003,0.002,,,,
1196,0.1385,,0.0025,0.066,2.079,0.0765,,0.025,0.361,,,,1.1585,,0.0,0.001,,,,,0.003,0.0025,,,,
1197,0.1395,,0.0025,0.066,0.12100000000000001,0.0765,,0.025,0.6875,,,,1.1604999999999999,,0.0,0.001,,,,,0.003,0.0025,,,,
1198,0.139,,0.0025,0.065,0.6090000000000001,0.0765,,0.025,5.2330000000000005,,,,1.1604999999999999,,0.0,0.001,,,,,0.003,0.002,,,,
1199,0.1385,,0.0025,0.065,0.472,0.0765,,0.025,3.854,,,,1.163,,0.0,0.001,,,,,0.003,0.002,,,,
1200,0.1395,,0.0025,0.066,0.4175,0.0765,,0.025,0.793,,,,1.1595,,0.0,0.001,,,,,0.003,0.002,,,,
1201,0.1395,,0.0025,0.066,0.15500000000000003,0.0765,,0.025,0.2855,,,,1.1675,,0.0,0.001,,,,,0.003,0.0025,,,,
1202,0.1385,,0.0025,0.0655,1.817,0.0765,,0.025,0.2515,,,,1.165,,0.0,0.001,,,,,0.003,0.0025,,,,
1203,0.139,,0.0025,0.066,0.43900000000000006,0.077,,0.025,0.10250000000000001,,,,1.1585,,0.0,0.001,,,,,0.003,0.0025,,,,
1204,0.139,,0.0025,0.0655,0.0965,0.0765,,0.025,0.4385,,,,1.164,,0.0,0.001,,,,,0.003,0.0025,,,,
1205,0.139,,0.0025,0.066,1.9800000000000002,0.0765,,0.025,0.794,,,,1.1669999999999998,,0.0,0.001,,,,,0.003,0.0025,,,,
1206,0.1385,,0.0025,0.0655,0.2665,0.0765,,0.025,0.731,,,,1.1644999999999999,,0.0,0.001,,,,,0.003,0.0025,,,,
1207,0.139,,0.0025,0.0655,0.35,0.0765,,0.025,0.40399999999999997,,,,1.164,,0.0,0.001,,,,,0.003,0.002,,,,
1208,0.139,,0.0025,0.065,0.857,0.077,,0.025,0.118,,,,1.1635,,0.0,0.001,,,,,0.003,0.002,,,,
1209,0.139,,0.0025,0.066,2.0025,0.077,,0.025,0.6575,,,,1.162,,0.0,0.001,,,,,0.003,0.002,,,,
1210,0.139,,0.0025,0.066,0.3085,0.0775,,0.025,0.1945,,,,1.1525,,0.0,0.001,,,,,0.003,0.0025,,,,
1211,0.1385,,0.0025,0.066,1.875,0.0775,,0.025,0.254,,,,1.155,,0.0,0.001,,,,,0.003,0.0025,,,,
1212,0.139,,0.0025,0.066,3.475,0.0775,,0.025,1.6515,,,,1.149,,0.0,0.001,,,,,0.003,0.002,,,,
1213,0.139,,0.0025,0.066,0.1315,0.0775,,0.025,0.46099999999999997,,,,1.153,,0.0,0.001,,,,,0.003,0.002,,,,
1214,0.1385,,0.003,0.066,1.8070000000000002,0.0775,,0.025,0.3535,,,,1.154,,0.0,0.001,,,,,0.003,0.002,,,,
1215,0.1385,,0.0025,0.066,0.3375,0.0775,,0.025,0.731,,,,1.1560000000000001,,0.0,0.001,,,,,0.003,0.0025,,,,
1216,0.1385,,0.0025,0.066,0.32899999999999996,0.0775,,0.025,0.217,,,,1.1535000000000002,,0.0,0.001,,,,,0.003,0.002,,,,
1217,0.1385,,0.0025,0.066,2.072,0.0775,,0.025,0.118,,,,1.1615,,0.0,0.001,,,,,0.003,0.003,,,,
1218,0.1385,,0.0025,0.066,0.45199999999999996,0.077,,0.025,0.998,,,,1.161,,0.0,0.001,,,,,0.003,0.002,,,,
1219,0.1385,,0.0025,0.066,0.1935,0.0775,,0.025,0.40700000000000003,,,,1.1615,,0.0,0.001,,,,,0.003,0.003,,,,
1220,0.139,,0.0025,0.066,0.473,0.077,,0.025,0.078,,,,1.158,,0.0,0.001,,,,,0.003,0.0025,,,,
1221,0.1385,,0.0025,0.066,3.4515000000000002,0.0775,,0.025,3.3635,,,,1.159,,0.0,0.001,,,,,0.003,0.002,,,,
1222,0.1385,,0.0025,0.066,0.40449999999999997,0.0775,,0.025,127.311,,,,1.161,,0.0,0.001,,,,,0.003,0.002,,,,
1223,0.1385,,0.0025,0.066,1.8985,0.0775,,0.025,0.517,,,,1.1575,,0.0,0.001,,,,,0.003,0.002,,,,
1224,0.1385,,0.0025,0.066,1.617,0.077,,0.025,5.1445,,,,1.1640000000000001,,0.0,0.001,,,,,0.003,0.002,,,,
1225,0.139,,0.0025,0.066,0.0745,0.0775,,0.025,0.7245,,,,1.161,,0.0,0.001,,,,,0.003,0.0025,,,,
1226,0.1385,,0.0025,0.066,7.0255,0.077,,0.025,0.134,,,,1.1600000000000001,,0.0,0.001,,,,,0.003,0.002,,,,
1227,0.1385,,0.0025,0.0655,0.28200000000000003,0.0775,,0.025,3.5525,,,,1.161,,0.0,0.001,,,,,0.003,0.002,,,,
1228,0.128,,0.002,0.07,0.8540000000000001,0.0735,,0.025,0.17750000000000002,,,,1.1225,,0.0,0.001,,,,,0.003,0.002,,,,
1229,0.128,,0.002,0.0695,0.9805,0.0735,,0.025,0.8165,,,,1.12,,0.0,0.001,,,,,0.003,0.002,,,,
1230,0.1285,,0.002,0.0695,0.5599999999999999,0.073,,0.025,0.8350000000000001,,,,1.121,,0.0,0.001,,,,,0.003,0.002,,,,
1231,0.128,,0.002,0.07,0.33799999999999997,0.0735,,0.025,0.42600000000000005,,,,1.1225,,0.0,0.001,,,,,0.003,0.002,,,,
1232,0.1285,,0.002,0.0695,1.8940000000000001,0.0735,,0.025,0.669,,,,1.1195,,0.0,0.001,,,,,0.003,0.002,,,,
1233,0.128,,0.002,0.0695,0.3035,0.073,,0.025,0.614,,,,1.1230000000000002,,0.0,0.001,,,,,0.003,0.0025,,,,
1234,0.128,,0.002,0.07,0.101,0.0735,,0.025,0.4555,,,,1.1215000000000002,,0.0,0.001,,,,,0.003,0.0025,,,,
1235,0.128,,0.002,0.07,2.0975,0.0735,,0.025,0.6975,,,,1.1230000000000002,,0.0,0.001,,,,,0.003,0.002,,,,
1236,0.1285,,0.002,0.07,0.3235,0.073,,0.025,0.5325,,,,1.1235,,0.0,0.001,,,,,0.003,0.002,,,,
1237,0.128,,0.002,0.07,0.10250000000000001,0.073,,0.025,0.34750000000000003,,,,1.121,,0.0,0.001,,,,,0.003,0.002,,,,
1238,0.128,,0.002,0.0695,1.7469999999999999,0.074,,0.025,0.625,,,,1.1265,,0.0,0.001,,,,,0.003,0.002,,,,
1239,0.1285,,0.002,0.0695,0.2285,0.073,,0.025,0.9065000000000001,,,,1.1225,,0.0,0.001,,,,,0.003,0.002,,,,
1240,0.128,,0.002,0.07,0.6265000000000001,0.073,,0.025,0.648,,,,1.1245,,0.0,0.001,,,,,0.003,0.002,,,,
1241,0.1285,,0.002,0.0695,4.012,0.074,,0.025,2.403,,,,1.127,,0.0,0.001,,,,,0.003,0.002,,,,
1242,0.1285,,0.002,0.0695,0.5455,0.073,,0.025,0.34450000000000003,,,,1.1235,,0.0,0.001,,,,,0.003,0.002,,,,
1243,0.128,,0.002,0.0695,0.078,0.073,,0.025,0.8895,,,,1.0170000000000001,,0.0,0.001,,,,,0.003,0.002,,,,
1244,0.1285,,0.002,0.0695,1.8185,0.0735,,0.025,1.7745000000000002,,,,1.0130000000000001,,0.0,0.001,,,,,0.003,0.002,,,,
1245,0.1285,,0.002,0.07,0.17300000000000001,0.073,,0.025,0.234,,,,1.013,,0.0,0.001,,,,,0.003,0.002,,,,
1246,0.1285,,0.002,0.0695,0.081,0.073,,0.025,0.6194999999999999,,,,1.013,,0.0,0.001,,,,,0.003,0.002,,,,
1247,0.128,,0.002,0.0695,1.7625,0.0735,,0.025,1.711,,,,1.0155,,0.0,0.001,,,,,0.003,0.002,,,,
1248,0.128,,0.002,0.0695,0.4615,0.073,,0.025,0.2675,,,,1.0165000000000002,,0.0,0.001,,,,,0.003,0.002,,,,
1249,0.128,,0.002,0.07,5.1754999999999995,0.073,,0.025,0.573,,,,1.0125000000000002,,0.0,0.001,,,,,0.003,0.002,,,,
1250,0.129,,0.002,0.07,2.2565,0.0735,,0.025,0.5650000000000001,,,,1.0155,,0.0,0.001,,,,,0.003,0.002,,,,
1251,0.128,,0.002,0.0695,0.1635,0.073,,0.025,1.2320000000000002,,,,1.0175,,0.0,0.001,,,,,0.003,0.002,,,,
1252,0.1285,,0.002,0.07,0.14,0.073,,0.025,0.627,,,,1.0175,,0.0,0.001,,,,,0.003,0.002,,,,
1253,0.1285,,0.002,0.07,0.762,0.074,,0.025,0.782,,,,0.9764999999999999,,0.0,0.001,,,,,0.003,0.002,,,,
1254,0.128,,0.002,0.0695,0.776,0.073,,0.025,0.216,,,,0.977,,0.0,0.001,,,,,0.003,0.0025,,,,
1255,0.128,,0.002,0.07,2.216,0.073,,0.025,1.9135,,,,0.9775,,0.0,0.001,,,,,0.003,0.002,,,,
1256,0.128,,0.002,0.07,2.2575,0.0735,,0.025,2.8760000000000003,,,,0.9735,,0.0,0.001,,,,,0.003,0.002,,,,
1257,0.128,,0.002,0.0695,0.35950000000000004,0.073,,0.025,1.8035,,,,0.9775,,0.0,0.001,,,,,0.003,0.002,,,,
1258,0.128,,0.002,0.069,0.196,0.073,,0.025,0.183,,,,0.9375,,0.0,0.001,,,,,0.003,0.002,,,,
1259,0.1285,,0.002,0.07,0.4415,0.0735,,0.025,3.287,,,,0.8865000000000001,,0.0,0.001,,,,,0.003,0.002,,,,
1260,0.128,,0.002,0.07,0.364,0.073,,0.025,0.5825,,,,0.888,,0.0,0.001,,,,,0.003,0.0025,,,,
1261,0.1285,,0.002,0.0695,0.226,0.0735,,0.025,0.1555,,,,0.8875,,0.0,0.001,,,,,0.003,0.002,,,,
1262,0.128,,0.002,0.07,1.7565,0.0735,,0.025,0.068,,,,0.8180000000000001,,0.0,0.001,,,,,0.003,0.002,,,,
1263,0.1285,,0.002,0.07,0.6315000000000001,0.073,,0.025,0.791,,,,0.8215000000000001,,0.0,0.001,,,,,0.003,0.002,,,,
1264,0.128,,0.002,0.0695,1.3,0.073,,0.025,2.6229999999999998,,,,0.7625,,0.0,0.001,,,,,0.003,0.002,,,,
1265,0.1285,,0.002,0.0695,1.827,0.0735,,0.025,0.3415,,,,0.7575000000000001,,0.0,0.001,,,,,0.003,0.002,,,,
1266,0.1275,,0.002,0.0695,0.45999999999999996,0.073,,0.025,0.6985,,,,0.762,,0.0,0.001,,,,,0.003,0.002,,,,
1267,0.128,,0.002,0.0695,0.4195,0.073,,0.025,0.101,,,,0.7575000000000001,,0.0,0.001,,,,,0.003,0.0025,,,,
1268,0.128,,0.002,0.07,1.8530000000000002,0.0735,,0.025,0.774,,,,0.7595000000000001,,0.0,0.001,,,,,0.003,0.0025,,,,
1269,0.128,,0.002,0.07,0.49850000000000005,0.073,,0.025,1.2714999999999999,,,,0.76,,0.0,0.001,,,,,0.003,0.0025,,,,
1270,0.138,,0.003,0.0695,0.084,0.077,,0.025,1.1540000000000001,,,,0.748,,0.0,0.001,,,,,0.003,0.002,,,,
1271,0.1385,,0.003,0.07,1.8615,0.077,,0.025,0.099,,,,0.748,,0.0,0.001,,,,,0.003,0.0025,,,,
1272,0.138,,0.003,0.07,4.077,0.077,,0.025,0.19,,,,0.7464999999999999,,0.0,0.001,,,,,0.003,0.002,,,,
1273,0.138,,0.003,0.069,0.129,0.0775,,0.025,0.744,,,,0.746,,0.0,0.001,,,,,0.003,0.002,,,,
1274,0.1385,,0.003,0.0695,1.7225,0.077,,0.025,0.41800000000000004,,,,0.7415,,0.0,0.001,,,,,0.003,0.002,,,,
1275,0.138,,0.003,0.0695,0.1605,0.0765,,0.025,0.521,,,,0.7464999999999999,,0.0,0.001,,,,,0.003,0.002,,,,
1276,0.138,,0.003,0.0695,0.245,0.0775,,0.025,0.894,,,,0.745,,0.0,0.001,,,,,0.003,0.002,,,,
1277,0.1385,,0.003,0.0695,1.576,0.0765,,0.025,0.5835,,,,0.75,,0.0,0.001,,,,,0.003,0.002,,,,
1278,0.138,,0.003,0.0695,0.0815,0.0765,,0.025,0.8005,,,,0.745,,0.0,0.001,,,,,0.003,0.002,,,,
1279,0.138,,0.003,0.0695,0.17,0.077,,0.025,0.7190000000000001,,,,0.745,,0.0,0.001,,,,,0.003,0.002,,,,
1280,0.138,,0.003,0.069,1.6380000000000001,0.077,,0.025,1.9505000000000001,,,,0.718,,0.0,0.001,,,,,0.003,0.002,,,,
1281,0.138,,0.003,0.069,0.172,0.077,,0.025,0.514,,,,0.714,,0.0,0.001,,,,,0.003,0.002,,,,
1282,0.139,,0.003,0.069,0.28300000000000003,0.077,,0.025,0.33,,,,0.7135,,0.0,0.001,,,,,0.003,0.002,,,,
1283,0.1385,,0.003,0.069,1.704,0.0765,,0.025,0.5840000000000001,,,,0.7135,,0.0,0.001,,,,,0.003,0.002,,,,
1284,0.1385,,0.003,0.069,0.1725,0.0765,,0.025,1.2725000000000002,,,,0.717,,0.0,0.001,,,,,0.003,0.002,,,,
1285,0.138,,0.003,0.0695,0.107,0.0775,,0.025,0.0725,,,,0.717,,0.0,0.001,,,,,0.003,0.002,,,,
1286,0.138,,0.003,0.0695,1.7525,0.077,,0.025,0.1535,,,,0.715,,0.0,0.001,,,,,0.003,0.002,,,,
1287,0.138,,0.003,0.0695,0.1375,0.077,,0.025,1.6800000000000002,,,,0.7115,,0.0,0.001,,,,,0.003,0.002,,,,
1288,0.1385,,0.003,0.0695,0.094,0.077,,0.025,2.188,,,,0.7175,,0.0,0.001,,,,,0.003,0.002,,,,
1289,0.138,,0.003,0.0695,3.6385,0.077,,0.025,2.9365,,,,0.7175,,0.0,0.001,,,,,0.003,0.002,,,,
1290,0.1375,,0.003,0.0695,0.153,0.077,,0.025,0.126,,,,0.72,,0.0,0.001,,,,,0.003,0.002,,,,
1291,0.1375,,0.003,0.069,0.14150000000000001,0.0775,,0.025,1.172,,,,0.7175,,0.0,0.001,,,,,0.003,0.002,,,,
1292,0.1385,,0.003,0.069,1.5935,0.077,,0.025,0.9225000000000001,,,,0.7184999999999999,,0.0,0.001,,,,,0.003,0.002,,,,
1293,0.1375,,0.003,0.069,0.057499999999999996,0.077,,0.025,1.8045,,,,0.717,,0.0,0.001,,,,,0.003,0.002,,,,
1294,0.138,,0.003,0.069,1.506,0.0775,,0.025,0.5185,,,,0.717,,0.0,0.001,,,,,0.003,0.002,,,,
1295,0.138,,0.003,0.069,3.399,0.077,,0.025,1.6544999999999999,,,,0.7195,,0.0,0.001,,,,,0.003,0.002,,,,
1296,0.138,,0.003,0.069,0.9245,0.077,,0.025,1.6525,,,,0.7144999999999999,,0.0,0.001,,,,,0.003,0.0025,,,,
1297,0.1385,,0.003,0.0695,1.635,0.0775,,0.025,2.2685,,,,0.717,,0.0,0.001,,,,,0.003,0.002,,,,
1298,0.138,,0.003,0.069,1.2814999999999999,0.077,,0.025,1.0675000000000001,,,,0.715,,0.0,0.001,,,,,0.003,0.002,,,,
1299,0.138,,0.003,0.069,3.084,0.077,,0.025,2.4165,,,,0.72,,0.0,0.001,,,,,0.003,0.002,,,,
1300,0.1385,,0.003,0.069,0.107,0.0775,,0.025,9.978,,,,0.716,,0.0,0.001,,,,,0.003,0.002,,,,
1301,0.138,,0.003,0.0695,1.4005,0.077,,0.025,0.609,,,,0.7204999999999999,,0.0,0.001,,,,,0.003,0.0025,,,,
1302,0.138,,0.003,0.069,0.066,0.077,,0.025,1.3755,,,,0.717,,0.0,0.001,,,,,0.003,0.0025,,,,
1303,0.138,,0.003,0.069,0.14150000000000001,0.0775,,0.025,1.0435,,,,0.7204999999999999,,0.0,0.001,,,,,0.003,0.0025,,,,
1304,0.139,,0.003,0.069,0.871,0.0765,,0.025,2.8024999999999998,,,,0.719,,0.0,0.001,,,,,0.003,0.002,,,,
1305,0.138,,0.003,0.069,2.1390000000000002,0.0765,,0.025,0.5585,,,,0.721,,0.0,0.001,,,,,0.003,0.002,,,,
1306,0.138,,0.003,0.069,2.0135,0.077,,0.025,0.6064999999999999,,,,0.7224999999999999,,0.0,0.001,,,,,0.003,0.002,,,,
1307,0.1385,,0.003,0.069,0.396,0.077,,0.025,0.625,,,,0.719,,0.0,0.001,,,,,0.003,0.002,,,,
1308,0.138,,0.003,0.069,0.23550000000000001,0.077,,0.025,0.599,,,,0.7184999999999999,,0.0,0.001,,,,,0.003,0.0025,,,,
1309,0.138,,0.003,0.0695,1.521,0.0775,,0.025,0.0945,,,,0.7224999999999999,,0.0,0.001,,,,,0.003,0.002,,,,
1310,0.138,,0.003,0.0695,1.6645,0.077,,0.025,1.6640000000000001,,,,0.7204999999999999,,0.0,0.001,,,,,0.003,0.002,,,,
1311,0.138,,0.003,0.0695,0.7035,0.077,,0.025,0.14,,,,0.7244999999999999,,0.0,0.001,,,,,0.003,0.0025,,,,
1312,0.1385,,0.003,0.069,3.016,0.0775,,0.025,3.3994999999999997,,,,0.722,,0.0,0.001,,,,,0.003,0.002,,,,
1313,0.1385,,0.003,0.069,2.245,0.077,,0.025,1.2734999999999999,,,,0.723,,0.0,0.001,,,,,0.003,0.0025,,,,
1314,0.138,,0.003,0.069,2.103,0.077,,0.025,1.412,,,,0.725,,0.0,0.001,,,,,0.003,0.0025,,,,
1315,0.138,,0.003,0.069,1.7735,0.0775,,0.025,2.0575,,,,0.7184999999999999,,0.0,0.001,,,,,0.003,0.002,,,,
1316,0.138,,0.003,0.069,1.4260000000000002,0.0765,,0.025,1.4735,,,,0.7255,,0.0,0.001,,,,,0.003,0.002,,,,
1317,0.138,,0.003,0.069,2.242,0.077,,0.025,1.5070000000000001,,,,0.7224999999999999,,0.0,0.001,,,,,0.003,0.002,,,,
1318,0.138,,0.003,0.069,5.1995000000000005,0.077,,0.025,0.6405000000000001,,,,0.7255,,0.0,0.001,,,,,0.003,0.002,,,,
1319,0.1385,,0.003,0.069,1.2405000000000002,0.077,,0.025,1.6255000000000002,,,,0.7224999999999999,,0.0,0.001,,,,,0.003,0.002,,,,
1320,0.1385,,0.003,0.069,0.28700000000000003,0.077,,0.025,1.1885000000000001,,,,0.7264999999999999,,0.0,0.001,,,,,0.003,0.002,,,,
1321,0.1385,,0.003,0.069,1.382,0.0765,,0.025,1.443,,,,0.725,,0.0,0.001,,,,,0.003,0.002,,,,
1322,0.1385,,0.003,0.07,1.6405,0.0765,,0.025,0.502,,,,0.716,,0.0,0.001,,,,,0.003,0.002,,,,
1323,0.138,,0.003,0.069,0.29150000000000004,0.077,,0.025,0.9045000000000001,,,,0.715,,0.0,0.001,,,,,0.003,0.002,,,,
1324,0.1385,,0.003,0.0695,0.2285,0.077,,0.025,2.2809999999999997,,,,0.7164999999999999,,0.0,0.001,,,,,0.003,0.002,,,,
1325,0.138,,0.003,0.0695,1.5775,0.077,,0.025,1.796,,,,0.7144999999999999,,0.0,0.001,,,,,0.003,0.002,,,,
1326,0.138,,0.003,0.07,0.31450000000000006,0.0765,,0.025,0.934,,,,0.646,,0.0,0.001,,,,,0.003,0.002,,,,
1327,0.138,,0.003,0.0695,2.017,0.077,,0.025,0.332,,,,0.643,,0.0,0.001,,,,,0.003,0.002,,,,
1328,0.1375,,0.003,0.0695,6.523000000000001,0.077,,0.025,1.5830000000000002,,,,0.642,,0.0,0.001,,,,,0.003,0.002,,,,
1329,0.138,,0.003,0.069,0.224,0.077,,0.025,1.2625000000000002,,,,0.645,,0.0,0.001,,,,,0.003,0.002,,,,
1330,0.1385,,0.003,0.0695,0.635,0.0775,,0.025,0.916,,,,0.6465000000000001,,0.0,0.001,,,,,0.003,0.002,,,,
1331,0.138,,0.003,0.07,1.577,0.0765,,0.025,0.9974999999999999,,,,0.6455,,0.0,0.001,,,,,0.003,0.002,,,,
1332,0.138,,0.003,0.07,0.166,0.0765,,0.025,0.5135,,,,0.6485000000000001,,0.0,0.001,,,,,0.003,0.002,,,,
1333,0.1385,,0.003,0.07,0.134,0.077,,0.025,0.9655,,,,0.6465000000000001,,0.0,0.001,,,,,0.003,0.002,,,,
1334,0.138,,0.003,0.0695,1.883,0.077,,0.025,0.1835,,,,0.646,,0.0,0.001,,,,,0.003,0.002,,,,
1335,0.1385,,0.003,0.07,0.30200000000000005,0.077,,0.025,1.211,,,,0.65,,0.0,0.001,,,,,0.003,0.002,,,,
1336,0.139,,0.003,0.07,1.7854999999999999,0.0775,,0.025,2.6705,,,,0.6415,,0.0,0.001,,,,,0.003,0.002,,,,
1337,0.138,,0.003,0.07,1.7935,0.077,,0.025,1.2575,,,,0.6485000000000001,,0.0,0.001,,,,,0.003,0.002,,,,
1338,0.138,,0.003,0.0695,0.4015,0.077,,0.025,0.2715,,,,0.648,,0.0,0.001,,,,,0.003,0.002,,,,
1339,0.138,,0.003,0.07,0.2065,0.077,,0.025,0.3875,,,,0.649,,0.0,0.001,,,,,0.003,0.002,,,,
1340,0.1375,,0.003,0.0695,1.7385,0.077,,0.025,0.8995000000000001,,,,0.6505000000000001,,0.0,0.001,,,,,0.003,0.002,,,,
1341,0.138,,0.003,0.0695,0.451,0.077,,0.025,0.7585000000000001,,,,0.651,,0.0,0.001,,,,,0.003,0.002,,,,
1342,0.138,,0.003,0.07,0.236,0.077,,0.025,0.088,,,,0.6485000000000001,,0.0,0.001,,,,,0.003,0.002,,,,
1343,0.1385,,0.003,0.07,1.6335,0.077,,0.025,0.1905,,,,0.649,,0.0,0.001,,,,,0.003,0.002,,,,
1344,0.139,,0.003,0.07,0.127,0.077,,0.025,0.6805,,,,0.651,,0.0,0.001,,,,,0.003,0.002,,,,
1345,0.138,,0.003,0.0695,0.062,0.077,,0.025,0.8135,,,,0.6505000000000001,,0.0,0.001,,,,,0.003,0.002,,,,
1346,0.1385,,0.003,0.0695,0.679,0.077,,0.025,6.718999999999999,,,,0.649,,0.0,0.001,,,,,0.003,0.0025,,,,
1347,0.138,,0.003,0.07,0.2255,0.077,,0.025,1.2735,,,,0.637,,0.0,0.001,,,,,0.003,0.002,,,,
1348,0.138,,0.003,0.07,2.014,0.0775,,0.025,4.7775,,,,0.641,,0.0,0.001,,,,,0.003,0.002,,,,
1349,0.1385,,0.003,0.0695,1.5725,0.0765,,0.025,0.158,,,,0.6385000000000001,,0.0,0.001,,,,,0.003,0.002,,,,
1350,0.1385,,0.003,0.07,0.071,0.0765,,0.025,1.004,,,,0.641,,0.0,0.001,,,,,0.003,0.002,,,,
1351,0.1375,,0.003,0.07,0.0755,0.0765,,0.025,0.48850000000000005,,,,0.6395,,0.0,0.001,,,,,0.003,0.002,,,,
1352,0.1385,,0.003,0.07,0.7010000000000001,0.0765,,0.025,1.0085,,,,0.64,,0.0,0.001,,,,,0.003,0.002,,,,
1353,0.1375,,0.003,0.07,0.30100000000000005,0.077,,0.025,1.2575,,,,0.642,,0.0,0.001,,,,,0.003,0.003,,,,
1354,0.138,,0.003,0.07,0.6965,0.0775,,0.025,0.9,,,,0.6395,,0.0,0.001,,,,,0.003,0.002,,,,
1355,0.138,,0.003,0.07,1.7730000000000001,0.0765,,0.025,1.1780000000000002,,,,0.6375,,0.0,0.001,,,,,0.003,0.002,,,,
1356,0.138,,0.003,0.07,0.3405,0.0765,,0.025,1.1685,,,,0.6425000000000001,,0.0,0.001,,,,,0.003,0.0025,,,,
1357,0.1375,,0.003,0.07,0.36750000000000005,0.0765,,0.025,1.2135,,,,0.6465000000000001,,0.0,0.001,,,,,0.003,0.002,,,,
1358,0.138,,0.003,0.07,1.3054999999999999,0.0765,,0.025,3.291,,,,0.6425000000000001,,0.0,0.001,,,,,0.003,0.002,,,,
1359,0.138,,0.003,0.07,0.136,0.077,,0.025,0.5205,,,,0.6435,,0.0,0.001,,,,,0.003,0.002,,,,
1360,0.1385,,0.003,0.07,0.8560000000000001,0.077,,0.025,0.7405,,,,0.6445000000000001,,0.0,0.001,,,,,0.003,0.002,,,,
1361,0.138,,0.003,0.07,1.4645,0.0765,,0.025,1.8525,,,,0.6405000000000001,,0.0,0.001,,,,,0.003,0.002,,,,
1362,0.1385,,0.003,0.07,0.35400000000000004,0.0765,,0.025,0.0615,,,,0.6465000000000001,,0.0,0.001,,,,,0.003,0.002,,,,
1363,0.1375,,0.003,0.07,1.7685,0.077,,0.025,2.669,,,,0.644,,0.0,0.001,,,,,0.003,0.0025,,,,
1364,0.1385,,0.003,0.07,3.4405,0.077,,0.025,1.2305000000000001,,,,0.646,,0.0,0.001,,,,,0.003,0.0025,,,,
1365,0.138,,0.003,0.07,2.0695,0.0765,,0.025,1.273,,,,0.645,,0.0,0.001,,,,,0.003,0.002,,,,
1366,0.138,,0.003,0.07,0.36650000000000005,0.0775,,0.025,0.455,,,,0.649,,0.0,0.001,,,,,0.003,0.0025,,,,
1367,0.138,,0.003,0.07,1.849,0.0765,,0.025,0.8245,,,,0.6415,,0.0,0.001,,,,,0.003,0.002,,,,
1368,0.138,,0.003,0.07,0.907,0.077,,0.025,1.8030000000000002,,,,0.611,,0.0,0.001,,,,,0.003,0.002,,,,
1369,0.1375,,0.003,0.07,1.143,0.077,,0.025,1.1135000000000002,,,,0.6165,,0.0,0.001,,,,,0.003,0.002,,,,
1370,0.1375,,0.003,0.07,1.6595,0.077,,0.025,1.3585,,,,0.618,,0.0,0.001,,,,,0.003,0.002,,,,
1371,0.1375,,0.003,0.07,0.129,0.0765,,0.025,1.812,,,,0.6134999999999999,,0.0,0.001,,,,,0.003,0.0025,,,,
1372,0.138,,0.003,0.07,0.47900000000000004,0.0765,,0.025,4.2615,,,,0.611,,0.0,0.001,,,,,0.003,0.002,,,,
1373,0.138,,0.003,0.07,1.8715,0.0765,,0.025,1.334,,,,0.6125,,0.0,0.001,,,,,0.003,0.002,,,,
1374,0.1385,,0.003,0.0695,0.399,0.0765,,0.025,0.1315,,,,0.613,,0.0,0.001,,,,,0.003,0.002,,,,
1375,0.138,,0.003,0.069,0.255,0.077,,0.025,0.34400000000000003,,,,0.6134999999999999,,0.0,0.001,,,,,0.003,0.0025,,,,
1376,0.138,,0.003,0.07,1.668,0.0765,,0.025,1.1640000000000001,,,,0.6134999999999999,,0.0,0.001,,,,,0.003,0.002,,,,
1377,0.1375,,0.003,0.0695,0.405,0.0765,,0.025,0.395,,,,0.613,,0.0,0.001,,,,,0.003,0.002,,,,
1378,0.138,,0.003,0.07,0.616,0.0765,,0.025,0.452,,,,0.611,,0.0,0.001,,,,,0.003,0.002,,,,
1379,0.1385,,0.003,0.0695,1.633,0.077,,0.025,0.797,,,,0.612,,0.0,0.001,,,,,0.003,0.002,,,,
1380,0.1385,,0.003,0.0695,3.5,0.0765,,0.025,0.8320000000000001,,,,0.599,,0.0,0.001,,,,,0.003,0.002,,,,
1381,0.138,,0.003,0.069,0.453,0.0775,,0.025,0.734,,,,0.6,,0.0,0.001,,,,,0.003,0.002,,,,
1382,0.1385,,0.003,0.069,1.603,0.077,,0.025,1.8615,,,,0.6034999999999999,,0.0,0.001,,,,,0.003,0.002,,,,
1383,0.138,,0.003,0.0695,3.0220000000000002,0.077,,0.025,5.669499999999999,,,,0.604,,0.0,0.001,,,,,0.003,0.002,,,,
1384,0.138,,0.003,0.0695,0.49700000000000005,0.0775,,0.025,0.321,,,,0.603,,0.0,0.001,,,,,0.003,0.0025,,,,
1385,0.1385,,0.003,0.0695,6.8715,0.077,,0.025,0.7765000000000001,,,,0.603,,0.0,0.001,,,,,0.003,0.002,,,,
1386,0.138,,0.003,0.069,0.29550000000000004,0.077,,0.025,2.1115000000000004,,,,0.603,,0.0,0.001,,,,,0.003,0.002,,,,
1387,0.1375,,0.003,0.0695,0.8055,0.0775,,0.025,0.46950000000000003,,,,0.6034999999999999,,0.0,0.001,,,,,0.003,0.002,,,,
1388,0.1385,,0.003,0.0695,1.6195,0.077,,0.025,0.9750000000000001,,,,0.603,,0.0,0.001,,,,,0.003,0.002,,,,
1389,0.1385,,0.003,0.0695,0.30950000000000005,0.077,,0.025,1.239,,,,0.6045,,0.0,0.001,,,,,0.003,0.002,,,,
1390,0.1375,,0.003,0.069,0.2635,0.0775,,0.025,0.155,,,,0.6025,,0.0,0.001,,,,,0.003,0.002,,,,
1391,0.138,,0.003,0.069,1.5534999999999999,0.0765,,0.025,0.754,,,,0.603,,0.0,0.001,,,,,0.003,0.002,,,,
1392,0.1385,,0.003,0.07,2.0265,0.077,,0.025,1.228,,,,0.597,,0.0,0.001,,,,,0.003,0.0025,,,,
1393,0.1385,,0.003,0.07,1.63,0.0765,,0.025,3.3455,,,,0.598,,0.0,0.001,,,,,0.003,0.002,,,,
1394,0.138,,0.003,0.069,3.6765,0.0765,,0.025,3.5495,,,,0.5945,,0.0,0.001,,,,,0.003,0.002,,,,
1395,0.138,,0.003,0.069,0.687,0.0765,,0.025,0.7060000000000001,,,,0.5954999999999999,,0.0,0.001,,,,,0.003,0.002,,,,
1396,0.1375,,0.003,0.0695,2.5515000000000003,0.0775,,0.025,0.7245,,,,0.5985,,0.0,0.001,,,,,0.003,0.002,,,,
1397,0.138,,0.003,0.07,1.5885,0.077,,0.025,0.4665,,,,0.599,,0.0,0.001,,,,,0.003,0.002,,,,
1398,0.1375,,0.003,0.07,0.251,0.0765,,0.025,0.336,,,,0.6005,,0.0,0.001,,,,,0.003,0.0025,,,,
1399,0.138,,0.003,0.07,0.6885,0.0765,,0.025,1.5455,,,,0.5994999999999999,,0.0,0.001,,,,,0.003,0.002,,,,
1400,0.138,,0.003,0.069,1.6844999999999999,0.0765,,0.025,1.8165,,,,0.5974999999999999,,0.0,0.001,,,,,0.003,0.002,,,,
1401,0.138,,0.003,0.07,1.3715,0.077,,0.025,1.6765,,,,0.5974999999999999,,0.0,0.001,,,,,0.003,0.002,,,,
1402,0.1375,,0.003,0.07,0.7595000000000001,0.077,,0.025,0.2205,,,,0.5985,,0.0,0.001,,,,,0.003,0.002,,,,
1403,0.138,,0.003,0.0695,1.6210000000000002,0.0765,,0.025,1.474,,,,0.6014999999999999,,0.0,0.001,,,,,0.003,0.0025,,,,
1404,0.138,,0.003,0.069,0.24,0.0765,,0.025,1.8785,,,,0.5994999999999999,,0.0,0.001,,,,,0.003,0.002,,,,
1405,0.137,,0.003,0.0695,0.5950000000000001,0.0775,,0.025,0.5185,,,,0.6025,,0.0,0.001,,,,,0.003,0.002,,,,
1406,0.138,,0.003,0.069,1.5345,0.0765,,0.025,1.0025,,,,0.6025,,0.0,0.001,,,,,0.003,0.002,,,,
1407,0.127,,0.002,0.066,0.47350000000000003,0.07200000000000001,,0.025,2.0195,,,,0.5745,,0.0,0.001,,,,,0.003,0.002,,,,
1408,0.127,,0.002,0.066,0.7505000000000001,0.07200000000000001,,0.025,0.3995,,,,0.5735,,0.0,0.001,,,,,0.003,0.0025,,,,
1409,0.127,,0.002,0.0665,1.44,0.07200000000000001,,0.025,0.9305,,,,0.5495000000000001,,0.0,0.001,,,,,0.003,0.002,,,,
1410,0.127,,0.002,0.0665,1.6785,0.07200000000000001,,0.025,2.52,,,,0.548,,0.0,0.001,,,,,0.003,0.002,,,,
1411,0.127,,0.002,0.066,0.6144999999999999,0.07200000000000001,,0.025,2.9185,,,,0.5475000000000001,,0.0,0.001,,,,,0.003,0.002,,,,
1412,0.127,,0.002,0.066,1.892,0.07200000000000001,,0.025,1.483,,,,0.5485,,0.0,0.001,,,,,0.003,0.002,,,,
1413,0.127,,0.002,0.066,1.2045,0.07200000000000001,,0.025,1.9295,,,,0.55,,0.0,0.001,,,,,0.003,0.002,,,,
1414,0.127,,0.002,0.066,0.6455000000000001,0.07200000000000001,,0.025,1.195,,,,0.55,,0.0,0.001,,,,,0.003,0.002,,,,
1415,0.127,,0.002,0.066,1.491,0.07200000000000001,,0.025,0.1785,,,,0.55,,0.0,0.001,,,,,0.003,0.002,,,,
1416,0.127,,0.002,0.066,0.226,0.07200000000000001,,0.025,1.6620000000000001,,,,0.55,,0.0,0.001,,,,,0.003,0.002,,,,
1417,0.127,,0.002,0.066,0.66,0.07200000000000001,,0.025,1.1755,,,,0.5495000000000001,,0.0,0.001,,,,,0.003,0.002,,,,
1418,0.127,,0.002,0.066,1.6820000000000002,0.07200000000000001,,0.025,0.444,,,,0.5525,,0.0,0.001,,,,,0.003,0.002,,,,
1419,0.127,,0.002,0.066,0.4025,0.07200000000000001,,0.025,0.34500000000000003,,,,0.5475000000000001,,0.0,0.001,,,,,0.003,0.002,,,,
1420,0.127,,0.002,0.0665,1.6995,0.07200000000000001,,0.025,3.0635,,,,0.549,,0.0,0.001,,,,,0.003,0.002,,,,
1421,0.1275,,0.002,0.066,2.0405,0.07200000000000001,,0.025,2.1885,,,,0.55,,0.0,0.001,,,,,0.003,0.002,,,,
1422,0.127,,0.002,0.066,1.2029999999999998,0.07200000000000001,,0.025,3.7584999999999997,,,,0.55,,0.0,0.001,,,,,0.003,0.002,,,,
1423,0.127,,0.002,0.066,0.29400000000000004,0.07200000000000001,,0.025,0.224,,,,0.5495000000000001,,0.0,0.001,,,,,0.003,0.002,,,,
1424,0.127,,0.002,0.066,1.3655,0.07200000000000001,,0.025,0.458,,,,0.553,,0.0,0.001,,,,,0.003,0.002,,,,
1425,0.1275,,0.002,0.066,0.2735,0.07200000000000001,,0.025,1.9745000000000001,,,,0.5525,,0.0,0.001,,,,,0.003,0.002,,,,
1426,0.1265,,0.002,0.066,0.29750000000000004,0.07200000000000001,,0.025,0.5525,,,,0.5485,,0.0,0.001,,,,,0.003,0.002,,,,
1427,0.127,,0.002,0.066,1.516,0.07200000000000001,,0.025,0.5935,,,,0.552,,0.0,0.001,,,,,0.003,0.002,,,,
1428,0.127,,0.002,0.066,0.244,0.07200000000000001,,0.025,0.7695000000000001,,,,0.55,,0.0,0.001,,,,,0.003,0.002,,,,
1429,0.127,,0.002,0.066,0.16699999999999998,0.07200000000000001,,0.025,1.8165,,,,0.554,,0.0,0.001,,,,,0.003,0.002,,,,
1430,0.127,,0.002,0.066,1.56,0.07200000000000001,,0.025,0.3285,,,,0.55,,0.0,0.001,,,,,0.003,0.002,,,,
1431,0.127,,0.002,0.066,1.4875,0.07200000000000001,,0.025,3.2105,,,,0.5485,,0.0,0.001,,,,,0.003,0.002,,,,
1432,0.128,,0.002,0.066,0.403,0.07200000000000001,,0.025,0.757,,,,0.485,,0.0,0.001,,,,,0.003,0.0025,,,,
1433,0.128,,0.002,0.066,1.5235,0.07200000000000001,,0.025,1.08,,,,0.4845,,0.0,0.001,,,,,0.003,0.0025,,,,
1434,0.1275,,0.002,0.066,6.2385,0.07200000000000001,,0.025,3.9355,,,,0.4855,,0.0,0.001,,,,,0.003,0.0025,,,,
1435,0.1275,,0.002,0.0665,0.146,0.07200000000000001,,0.025,0.2375,,,,0.465,,0.0,0.001,,,,,0.003,0.003,,,,
1436,0.1275,,0.002,0.066,1.6835,0.07200000000000001,,0.025,0.816,,,,0.465,,0.0,0.001,,,,,0.003,0.003,,,,
1437,0.128,,0.002,0.066,1.981,0.07200000000000001,,0.0245,1.7825,,,,0.4645,,0.0,0.001,,,,,0.003,0.003,,,,
1438,0.1275,,0.002,0.066,0.152,0.07200000000000001,,0.025,0.187,,,,0.4665,,0.0,0.001,,,,,0.003,0.0025,,,,
1439,0.128,,0.002,0.066,1.6805,0.07200000000000001,,0.025,0.7160000000000001,,,,0.4665,,0.0,0.001,,,,,0.003,0.0025,,,,
1440,0.1275,,0.002,0.066,0.28600000000000003,0.07200000000000001,,0.025,1.2605000000000002,,,,0.4665,,0.0,0.001,,,,,0.003,0.003,,,,
1441,0.1275,,0.002,0.066,2.6475,0.07200000000000001,,0.025,0.32,,,,0.466,,0.0,0.001,,,,,0.003,0.0025,,,,
1442,0.128,,0.002,0.066,1.5535,0.07200000000000001,,0.025,0.9884999999999999,,,,0.467,,0.0,0.001,,,,,0.003,0.003,,,,
1443,0.127,,0.002,0.066,1.9515,0.07200000000000001,,0.025,4.795,,,,0.467,,0.0,0.001,,,,,0.003,0.0025,,,,
1444,0.1275,,0.002,0.066,0.1155,0.07200000000000001,,0.025,0.5075,,,,0.4665,,0.0,0.001,,,,,0.003,0.003,,,,
1445,0.128,,0.002,0.066,2.1665,0.07200000000000001,,0.025,1.2015,,,,0.4665,,0.0,0.001,,,,,0.003,0.003,,,,
1446,0.128,,0.002,0.066,0.0495,0.07200000000000001,,0.025,2.1825,,,,0.4675,,0.0,0.001,,,,,0.003,0.003,,,,
1447,0.128,,0.002,0.066,0.042499999999999996,0.07200000000000001,,0.025,0.5345,,,,0.466,,0.0,0.001,,,,,0.003,0.003,,,,
1448,0.128,,0.002,0.066,1.6085,0.07200000000000001,,0.025,1.3825,,,,0.468,,0.0,0.001,,,,,0.003,0.0025,,,,
1449,0.1275,,0.002,0.066,0.36450000000000005,0.07200000000000001,,0.025,1.866,,,,0.4495,,0.0,0.001,,,,,0.003,0.003,,,,
1450,0.127,,0.002,0.066,0.437,0.07200000000000001,,0.025,1.5105000000000002,,,,0.449,,0.0,0.001,,,,,0.003,0.003,,,,
1451,0.127,,0.002,0.066,1.433,0.07200000000000001,,0.025,0.47500000000000003,,,,0.449,,0.0,0.001,,,,,0.003,0.002,,,,
1452,0.127,,0.002,0.066,0.545,0.07200000000000001,,0.025,1.617,,,,0.447,,0.0,0.001,,,,,0.003,0.0025,,,,
1453,0.127,,0.002,0.066,0.538,0.07200000000000001,,0.025,0.43100000000000005,,,,0.4445,,0.0,0.001,,,,,0.003,0.002,,,,
1454,0.127,,0.002,0.066,0.88,0.07200000000000001,,0.025,1.288,,,,0.4465,,0.0,0.001,,,,,0.003,0.002,,,,
1455,0.127,,0.002,0.066,0.075,0.07200000000000001,,0.025,2.4615,,,,0.446,,0.0,0.001,,,,,0.003,0.0025,,,,
1456,0.1275,,0.002,0.066,0.184,0.07200000000000001,,0.025,0.987,,,,0.4475,,0.0,0.001,,,,,0.003,0.0025,,,,
1457,0.1275,,0.002,0.066,1.6075,0.07200000000000001,,0.025,1.887,,,,0.4455,,0.0,0.001,,,,,0.003,0.003,,,,
1458,0.1275,,0.002,0.066,0.1335,0.07200000000000001,,0.025,1.9200000000000002,,,,0.447,,0.0,0.001,,,,,0.003,0.0025,,,,
1459,0.1275,,0.002,0.066,0.056999999999999995,0.07200000000000001,,0.025,0.10550000000000001,,,,0.4465,,0.0,0.001,,,,,0.003,0.0025,,,,
1460,0.1275,,0.002,0.066,1.695,0.07200000000000001,,0.025,0.47550000000000003,,,,0.4475,,0.0,0.001,,,,,0.003,0.002,,,,
1461,0.127,,0.002,0.066,2.488,0.07200000000000001,,0.025,2.8305000000000002,,,,0.446,,0.0,0.001,,,,,0.003,0.003,,,,
1462,0.1275,,0.002,0.066,0.8554999999999999,0.07200000000000001,,0.025,1.0315,,,,0.447,,0.0,0.001,,,,,0.003,0.0025,,,,
1463,0.128,,0.002,0.066,1.0745,0.07200000000000001,,0.025,0.5215,,,,0.4445,,0.0,0.001,,,,,0.003,0.0025,,,,
1464,0.127,,0.002,0.066,0.35350000000000004,0.07200000000000001,,0.025,1.6625,,,,0.4465,,0.0,0.001,,,,,0.003,0.002,,,,
1465,0.128,,0.002,0.066,1.508,0.07200000000000001,,0.025,5.042,,,,0.4455,,0.0,0.001,,,,,0.003,0.002,,,,
1466,0.1275,,0.002,0.066,1.6975,0.07200000000000001,,0.025,0.9175000000000001,,,,0.4455,,0.0,0.001,,,,,0.003,0.0025,,,,
1467,0.1285,,0.002,0.066,3.1965000000000003,0.07200000000000001,,0.025,1.1365,,,,0.4445,,0.0,0.001,,,,,0.003,0.002,,,,
1468,0.127,,0.002,0.066,0.42750000000000005,0.07200000000000001,,0.025,0.35450000000000004,,,,0.4445,,0.0,0.001,,,,,0.003,0.0025,,,,
1469,0.127,,0.002,0.0665,1.6285,0.07200000000000001,,0.025,0.6034999999999999,,,,0.4445,,0.0,0.001,,,,,0.003,0.0025,,,,
1470,0.127,,0.002,0.066,0.28850000000000003,0.07200000000000001,,0.025,0.5845,,,,0.4435,,0.0,0.001,,,,,0.003,0.0025,,,,
1471,0.1275,,0.002,0.0655,0.36700000000000005,0.07200000000000001,,0.025,1.254,,,,0.4245,,0.0,0.001,,,,,0.003,0.003,,,,
1472,0.1285,,0.002,0.066,1.906,0.07200000000000001,,0.025,3.6595,,,,0.4235,,0.0,0.001,,,,,0.003,0.003,,,,
1473,0.128,,0.002,0.066,4.8885,0.07200000000000001,,0.025,0.941,,,,0.4245,,0.0,0.001,,,,,0.003,0.003,,,,
1474,0.128,,0.002,0.066,0.36000000000000004,0.07200000000000001,,0.025,1.5055,,,,0.4245,,0.0,0.001,,,,,0.003,0.002,,,,
1475,0.127,,0.002,0.065,1.898,0.07100000000000001,,0.0245,0.9774999999999999,,,,0.367,,0.0,0.001,,,,,0.003,0.003,,,,
1476,0.127,,0.002,0.064,0.23600000000000002,0.07150000000000001,,0.025,1.2125,,,,0.367,,0.0,0.001,,,,,0.003,0.003,,,,
1477,0.1265,,0.002,0.0645,0.022,0.07100000000000001,,0.025,0.5695,,,,0.3655,,0.0,0.001,,,,,0.003,0.003,,,,
1478,0.127,,0.002,0.0645,2.0260000000000002,0.07150000000000001,,0.025,0.28250000000000003,,,,0.3675,,0.0,0.001,,,,,0.003,0.003,,,,
1479,0.127,,0.002,0.065,0.8350000000000001,0.07200000000000001,,0.025,1.0735,,,,0.3675,,0.0,0.001,,,,,0.003,0.003,,,,
1480,0.127,,0.002,0.0645,0.14200000000000002,0.07100000000000001,,0.025,0.8554999999999999,,,,0.368,,0.0,0.001,,,,,0.003,0.003,,,,
1481,0.127,,0.002,0.065,1.782,0.07100000000000001,,0.025,1.0315,,,,0.366,,0.0,0.001,,,,,0.003,0.003,,,,
1482,0.1265,,0.002,0.065,0.0565,0.07200000000000001,,0.025,1.3579999999999999,,,,0.367,,0.0,0.001,,,,,0.003,0.003,,,,
1483,0.127,,0.002,0.064,0.7809999999999999,0.07100000000000001,,0.025,0.1345,,,,0.3675,,0.0,0.001,,,,,0.003,0.003,,,,
1484,0.126,,0.002,0.065,1.7475,0.07200000000000001,,0.025,1.1675,,,,0.3675,,0.0,0.001,,,,,0.003,0.003,,,,
1485,0.127,,0.002,0.065,0.47900000000000004,0.07150000000000001,,0.024,0.8150000000000001,,,,0.369,,0.0,0.001,,,,,0.003,0.003,,,,
1486,0.127,,0.002,0.065,0.2705,0.07150000000000001,,0.025,0.671,,,,0.369,,0.0,0.001,,,,,0.003,0.003,,,,
1487,0.127,,0.002,0.0645,1.9595,0.07100000000000001,,0.0245,2.699,,,,0.369,,0.0,0.001,,,,,0.003,0.003,,,,
1488,0.1265,,0.002,0.065,0.3815,0.07150000000000001,,0.025,1.2405,,,,0.37,,0.0,0.001,,,,,0.003,0.003,,,,
1489,0.1265,,0.002,0.064,0.026500000000000003,0.07100000000000001,,0.0245,0.42050000000000004,,,,0.369,,0.0,0.001,,,,,0.003,0.003,,,,
1490,0.127,,0.002,0.065,2.104,0.07100000000000001,,0.025,0.7755,,,,0.369,,0.0,0.001,,,,,0.003,0.003,,,,
1491,0.1265,,0.002,0.0645,0.326,0.07100000000000001,,0.0245,0.8235,,,,0.3695,,0.0,0.001,,,,,0.003,0.003,,,,
1492,0.127,,0.002,0.065,0.046,0.07150000000000001,,0.025,1.0574999999999999,,,,0.3685,,0.0,0.001,,,,,0.003,0.003,,,,
1493,0.127,,0.002,0.065,1.8824999999999998,0.07150000000000001,,0.025,0.42500000000000004,,,,0.369,,0.0,0.001,,,,,0.003,0.003,,,,
1494,0.1265,,0.002,0.065,0.10300000000000001,0.07100000000000001,,0.0245,0.9065,,,,0.369,,0.0,0.001,,,,,0.003,0.003,,,,
1495,0.127,,0.002,0.065,0.52,0.07100000000000001,,0.025,0.5309999999999999,,,,0.369,,0.0,0.001,,,,,0.003,0.003,,,,
1496,0.1265,,0.002,0.065,1.988,0.07100000000000001,,0.025,0.41200000000000003,,,,0.37,,0.0,0.001,,,,,0.003,0.003,,,,
1497,0.127,,0.002,0.065,0.227,0.07100000000000001,,0.0245,2.024,,,,0.3695,,0.0,0.001,,,,,0.003,0.003,,,,
1498,0.1265,,0.002,0.065,0.043500000000000004,0.07150000000000001,,0.0245,1.6139999999999999,,,,0.3685,,0.0,0.001,,,,,0.003,0.003,,,,
1499,0.127,,0.002,0.0645,0.41650000000000004,0.07100000000000001,,0.025,0.31,,,,0.37,,0.0,0.001,,,,,0.003,0.003,,,,
1500,0.127,,0.002,0.0645,0.138,0.07200000000000001,,0.025,1.4489999999999998,,,,0.3695,,0.0,0.001,,,,,0.003,0.003,,,,
1501,0.127,,0.002,0.065,0.021,0.07150000000000001,,0.025,1.5275,,,,0.371,,0.0,0.001,,,,,0.003,0.003,,,,
1502,0.127,,0.002,0.0645,1.966,0.07150000000000001,,0.025,0.0455,,,,0.369,,0.0,0.001,,,,,0.003,0.003,,,,
1503,0.1275,,0.002,0.065,1.361,0.07100000000000001,,0.025,1.3675000000000002,,,,0.3695,,0.0,0.001,,,,,0.003,0.003,,,,
1504,0.1265,,0.002,0.065,0.17750000000000002,0.07100000000000001,,0.025,1.0345,,,,0.3715,,0.0,0.001,,,,,0.003,0.003,,,,
1505,0.127,,0.002,0.064,1.9815,0.07100000000000001,,0.025,0.371,,,,0.3705,,0.0,0.001,,,,,0.003,0.003,,,,
1506,0.127,,0.002,0.065,0.2805,0.07150000000000001,,0.025,1.468,,,,0.371,,0.0,0.001,,,,,0.003,0.003,,,,
1507,0.1275,,0.002,0.0645,0.949,0.07100000000000001,,0.025,0.1585,,,,0.3705,,0.0,0.001,,,,,0.003,0.003,,,,
1508,0.1265,,0.002,0.065,1.975,0.07150000000000001,,0.025,0.0235,,,,0.3715,,0.0,0.001,,,,,0.003,0.003,,,,
1509,0.127,,0.002,0.0645,0.2985,0.07150000000000001,,0.025,1.3135,,,,0.371,,0.0,0.001,,,,,0.003,0.003,,,,
1510,0.127,,0.002,0.065,0.07200000000000001,0.07100000000000001,,0.025,0.0315,,,,0.371,,0.0,0.001,,,,,0.003,0.003,,,,
1511,0.1265,,0.002,0.065,2.0685000000000002,0.07100000000000001,,0.025,1.4925,,,,0.37,,0.0,0.001,,,,,0.003,0.003,,,,
1512,0.1265,,0.002,0.065,0.17950000000000002,0.07100000000000001,,0.025,1.3335,,,,0.371,,0.0,0.001,,,,,0.003,0.003,,,,
1513,0.127,,0.002,0.065,0.197,0.07150000000000001,,0.025,0.0415,,,,0.3725,,0.0,0.001,,,,,0.003,0.003,,,,
1514,0.1265,,0.002,0.065,1.931,0.07100000000000001,,0.025,1.328,,,,0.3715,,0.0,0.001,,,,,0.003,0.003,,,,
1515,0.1275,,0.002,0.064,0.3265,0.07150000000000001,,0.025,1.1019999999999999,,,,0.371,,0.0,0.001,,,,,0.003,0.003,,,,
1516,0.127,,0.002,0.0645,0.1295,0.07100000000000001,,0.025,0.6465,,,,0.3725,,0.0,0.001,,,,,0.003,0.003,,,,
1517,0.127,,0.002,0.065,2.1155,0.07150000000000001,,0.025,0.1215,,,,0.372,,0.0,0.001,,,,,0.003,0.003,,,,
1518,0.1265,,0.002,0.065,3.0085,0.07150000000000001,,0.025,2.988,,,,0.3725,,0.0,0.001,,,,,0.003,0.003,,,,
1519,0.1275,,0.002,0.064,0.0395,0.07100000000000001,,0.025,0.6709999999999999,,,,0.372,,0.0,0.001,,,,,0.003,0.003,,,,
1520,0.1265,,0.002,0.065,1.744,0.07200000000000001,,0.025,0.29350000000000004,,,,0.372,,0.0,0.001,,,,,0.003,0.003,,,,
1521,0.127,,0.002,0.065,0.35100000000000003,0.07100000000000001,,0.025,0.9954999999999999,,,,0.373,,0.0,0.001,,,,,0.003,0.003,,,,
1522,0.1275,,0.002,0.064,0.11399999999999999,0.07100000000000001,,0.025,0.877,,,,0.3735,,0.0,0.001,,,,,0.003,0.003,,,,
1523,0.1275,,0.002,0.0645,2.02,0.07200000000000001,,0.025,0.1335,,,,0.372,,0.0,0.001,,,,,0.003,0.003,,,,
1524,0.127,,0.002,0.0645,0.591,0.07150000000000001,,0.025,1.5185,,,,0.3725,,0.0,0.001,,,,,0.003,0.003,,,,
1525,0.1265,,0.002,0.065,0.10450000000000001,0.07100000000000001,,0.025,0.308,,,,0.3715,,0.0,0.001,,,,,0.003,0.003,,,,
1526,0.1265,,0.002,0.0655,2.4160000000000004,0.07150000000000001,,0.0245,1.0434999999999999,,,,0.372,,0.0,0.001,,,,,0.003,0.003,,,,
1527,0.126,,0.002,0.065,0.3395,0.07150000000000001,,0.0245,1.633,,,,0.375,,0.0,0.001,,,,,0.003,0.003,,,,
1528,0.1265,,0.002,0.0645,0.0695,0.07100000000000001,,0.025,0.35950000000000004,,,,0.374,,0.0,0.001,,,,,0.003,0.003,,,,
1529,0.127,,0.002,0.065,1.9335,0.07150000000000001,,0.025,0.34450000000000003,,,,0.32,,0.0,0.001,,,,,0.003,0.003,,,,
1530,0.1275,,0.002,0.065,0.463,0.07150000000000001,,0.025,2.0515000000000003,,,,0.321,,0.0,0.001,,,,,0.003,0.003,,,,
1531,0.127,,0.002,0.065,0.0175,0.07150000000000001,,0.025,0.66,,,,0.3195,,0.0,0.001,,,,,0.003,0.003,,,,
1532,0.127,,0.002,0.0645,2.0265000000000004,0.07150000000000001,,0.025,0.3335,,,,0.3205,,0.0,0.001,,,,,0.003,0.003,,,,
1533,0.1275,,0.002,0.065,0.361,0.07100000000000001,,0.025,1.794,,,,0.3205,,0.0,0.001,,,,,0.003,0.003,,,,
1534,0.1275,,0.002,0.0645,0.4635,0.07100000000000001,,0.025,1.578,,,,0.321,,0.0,0.001,,,,,0.003,0.003,,,,
1535,0.127,,0.002,0.065,2.0940000000000003,0.07100000000000001,,0.025,1.402,,,,0.32,,0.0,0.001,,,,,0.003,0.003,,,,
1536,0.127,,0.002,0.065,0.46950000000000003,0.07150000000000001,,0.025,0.8365,,,,0.321,,0.0,0.001,,,,,0.003,0.003,,,,
1537,0.127,,0.002,0.064,0.04,0.07150000000000001,,0.025,0.153,,,,0.322,,0.0,0.001,,,,,0.003,0.003,,,,
1538,0.1275,,0.002,0.065,1.2465,0.07150000000000001,,0.025,0.5355,,,,0.3205,,0.0,0.001,,,,,0.003,0.003,,,,
1539,0.1275,,0.002,0.0645,0.24350000000000002,0.07100000000000001,,0.025,1.5795,,,,0.322,,0.0,0.001,,,,,0.003,0.003,,,,
1540,0.127,,0.002,0.064,0.10300000000000001,0.07150000000000001,,0.025,0.6915,,,,0.2935,,0.0,0.001,,,,,0.003,0.003,,,,
1541,0.127,,0.002,0.0645,1.8679999999999999,0.07100000000000001,,0.025,0.3395,,,,0.2485,,0.0,0.001,,,,,0.003,0.003,,,,
1542,0.1275,,0.002,0.065,2.277,0.07150000000000001,,0.025,1.5695,,,,0.25,,0.0,0.001,,,,,0.003,0.003,,,,
1543,0.127,,0.002,0.0645,4.452000000000001,0.07100000000000001,,0.025,1.513,,,,0.25,,0.0,0.001,,,,,0.003,0.003,,,,
1544,0.1275,,0.002,0.065,2.4355,0.07150000000000001,,0.025,0.20850000000000002,,,,0.249,,0.0,0.001,,,,,0.003,0.003,,,,
1545,0.127,,0.002,0.065,0.48050000000000004,0.07100000000000001,,0.025,0.5375,,,,0.2505,,0.0,0.001,,,,,0.003,0.003,,,,
1546,0.127,,0.002,0.0645,1.9885,0.07100000000000001,,0.025,1.264,,,,0.251,,0.0,0.001,,,,,0.003,0.003,,,,
1547,0.127,,0.002,0.065,2.162,0.07100000000000001,,0.025,0.6044999999999999,,,,0.251,,0.0,0.001,,,,,0.003,0.003,,,,
1548,0.126,,0.002,0.065,0.5075,0.07100000000000001,,0.025,1.274,,,,0.2585,,0.0,0.001,,,,,0.003,0.003,,,,
1549,0.127,,0.002,0.065,0.0585,0.07150000000000001,,0.025,0.958,,,,0.2595,,0.0,0.001,,,,,0.003,0.003,,,,
1550,0.127,,0.002,0.065,2.363,0.07150000000000001,,0.025,1.2974999999999999,,,,0.2585,,0.0,0.001,,,,,0.003,0.003,,,,
1551,0.127,,0.002,0.065,0.23700000000000002,0.07100000000000001,,0.025,1.736,,,,0.213,,0.0,0.001,,,,,0.003,0.003,,,,
1552,0.127,,0.002,0.064,0.2025,0.07150000000000001,,0.025,0.1275,,,,0.212,,0.0,0.001,,,,,0.003,0.003,,,,
1553,0.127,,0.002,0.065,1.6535,0.07200000000000001,,0.025,0.361,,,,0.2115,,0.0,0.001,,,,,0.003,0.003,,,,
1554,0.1265,,0.002,0.065,3.1395,0.07100000000000001,,0.025,0.23550000000000001,,,,0.2105,,0.0,0.001,,,,,0.003,0.003,,,,
1555,0.127,,0.002,0.065,0.18050000000000002,0.07150000000000001,,0.025,0.07700000000000001,,,,0.2125,,0.0,0.001,,,,,0.003,0.003,,,,
1556,0.1265,,0.002,0.064,0.6675,0.07100000000000001,,0.0245,3.9360000000000004,,,,0.2115,,0.0,0.001,,,,,0.003,0.003,,,,
1557,0.127,,0.002,0.0645,0.574,0.07100000000000001,,0.025,0.805,,,,0.2105,,0.0,0.001,,,,,0.003,0.003,,,,
1558,0.127,,0.002,0.0645,0.5505,0.07150000000000001,,0.025,0.2785,,,,0.2105,,0.0,0.001,,,,,0.003,0.003,,,,
1559,0.1265,,0.002,0.065,1.8505,0.07100000000000001,,0.025,0.42400000000000004,,,,0.171,,0.0,0.001,,,,,0.003,0.003,,,,
1560,0.1265,,0.002,0.065,0.047,0.07200000000000001,,0.025,0.20850000000000002,,,,0.17,,0.0,0.001,,,,,0.003,0.003,,,,
1561,0.1265,,0.002,0.0645,0.17800000000000002,0.07100000000000001,,0.025,0.8975,,,,0.17,,0.0,0.001,,,,,0.003,0.003,,,,
1562,0.1265,,0.002,0.065,2.4755,0.07150000000000001,,0.025,0.136,,,,0.17,,0.0,0.001,,,,,0.003,0.003,,,,
1563,0.1265,,0.002,0.065,0.5005,0.07150000000000001,,0.025,1.4845,,,,0.1705,,0.0,0.001,,,,,0.003,0.003,,,,
1564,0.1265,,0.002,0.0645,0.037000000000000005,0.07100000000000001,,0.025,0.385,,,,0.1705,,0.0,0.001,,,,,0.003,0.003,,,,
1565,0.1265,,0.002,0.0645,1.693,0.07100000000000001,,0.025,1.7845,,,,0.169,,0.0,0.001,,,,,0.003,0.003,,,,
1566,0.126,,0.002,0.0645,1.821,0.07150000000000001,,0.025,0.15200000000000002,,,,0.1705,,0.0,0.001,,,,,0.003,0.003,,,,
1567,0.1275,,0.002,0.065,0.046,0.07150000000000001,,0.025,0.378,,,,0.0925,,0.0,0.001,,,,,0.003,0.003,,,,
1568,0.127,,0.002,0.0645,1.9055,0.07100000000000001,,0.025,1.3684999999999998,,,,0.0925,,0.0,0.001,,,,,0.003,0.003,,,,
1569,0.127,,0.002,0.0645,0.23650000000000002,0.07100000000000001,,0.025,2.294,,,,0.092,,0.0,0.001,,,,,0.003,0.003,,,,
1570,0.1265,,0.002,0.0645,0.20800000000000002,0.07100000000000001,,0.025,2.2955,,,,0.0925,,0.0,0.001,,,,,0.003,0.003,,,,
1571,0.1275,,0.002,0.065,1.84,0.07100000000000001,,0.025,0.678,,,,0.093,,0.0,0.001,,,,,0.003,0.003,,,,
1572,0.127,,0.002,0.0645,0.41650000000000004,0.07150000000000001,,0.025,0.7775,,,,0.0925,,0.0,0.001,,,,,0.003,0.003,,,,
1573,0.127,,0.002,0.0645,0.596,0.07100000000000001,,0.025,1.3255,,,,0.0925,,0.0,0.001,,,,,0.003,0.003,,,,
1574,0.1265,,0.002,0.064,1.277,0.07150000000000001,,0.025,0.0485,,,,0.093,,0.0,0.001,,,,,0.003,0.003,,,,
1575,0.1275,,0.002,0.064,0.11499999999999999,0.07100000000000001,,0.025,0.3795,,,,0.0925,,0.0,0.001,,,,,0.003,0.003,,,,
1576,0.1275,,0.002,0.0645,0.08050000000000002,0.07100000000000001,,0.025,0.7625000000000001,,,,0.092,,0.0,0.001,,,,,0.003,0.003,,,,
1577,0.127,,0.002,0.065,3.0725000000000002,0.07100000000000001,,0.025,1.4929999999999999,,,,0.093,,0.0,0.001,,,,,0.003,0.003,,,,
1578,0.127,,0.002,0.064,0.507,0.07150000000000001,,0.025,0.726,,,,0.0925,,0.0,0.001,,,,,0.003,0.003,,,,
1579,0.127,,0.002,0.065,0.054,0.07150000000000001,,0.025,0.724,,,,0.0925,,0.0,0.001,,,,,0.003,0.003,,,,
1580,0.127,,0.002,0.065,1.779,0.07100000000000001,,0.025,0.07,,,,0.0925,,0.0,0.001,,,,,0.003,0.003,,,,
1581,0.1275,,0.002,0.064,0.34550000000000003,0.07150000000000001,,0.025,0.893,,,,0.092,,0.0,0.001,,,,,0.003,0.003,,,,
1582,0.127,,0.002,0.0645,0.11000000000000001,0.07200000000000001,,0.025,0.056,,,,0.0925,,0.0,0.001,,,,,0.003,0.003,,,,
1583,0.127,,0.002,0.0645,1.7469999999999999,0.07100000000000001,,0.025,0.518,,,,0.0925,,0.0,0.001,,,,,0.003,0.003,,,,
1584,0.127,,0.002,0.065,0.2575,0.07200000000000001,,0.025,0.197,,,,0.093,,0.0,0.001,,,,,0.003,0.003,,,,
1585,0.127,,0.002,0.065,1.279,0.07100000000000001,,0.025,0.40650000000000003,,,,0.093,,0.0,0.001,,,,,0.003,0.003,,,,
1586,0.127,,0.002,0.0645,1.538,0.07150000000000001,,0.025,0.14500000000000002,,,,0.0935,,0.0,0.001,,,,,0.003,0.003,,,,
1587,0.127,,0.002,0.064,0.5365,0.07150000000000001,,0.025,1.3465,,,,0.0925,,0.0,0.001,,,,,0.003,0.003,,,,
1588,0.127,,0.002,0.064,0.025500000000000002,0.07150000000000001,,0.025,0.1245,,,,0.093,,0.0,0.001,,,,,0.003,0.003,,,,
1589,0.1275,,0.002,0.064,1.777,0.07100000000000001,,0.025,0.5135000000000001,,,,0.0935,,0.0,0.001,,,,,0.003,0.003,,,,
1590,0.1275,,0.002,0.065,0.505,0.07100000000000001,,0.025,0.3185,,,,0.093,,0.0,0.001,,,,,0.003,0.003,,,,
1591,0.1275,,0.002,0.064,0.060500000000000005,0.07200000000000001,,0.025,0.766,,,,0.093,,0.0,0.001,,,,,0.003,0.003,,,,
1592,0.1265,,0.002,0.0645,2.0795000000000003,0.07100000000000001,,0.025,1.0135,,,,0.093,,0.0,0.001,,,,,0.003,0.003,,,,
1593,0.1275,,0.002,0.0645,0.23850000000000002,0.07200000000000001,,0.025,0.441,,,,0.093,,0.0,0.001,,,,,0.003,0.003,,,,
1594,0.127,,0.002,0.065,0.07950000000000002,0.07100000000000001,,0.025,0.3385,,,,0.093,,0.0,0.001,,,,,0.003,0.003,,,,
1595,0.127,,0.002,0.065,1.577,0.07100000000000001,,0.025,2.0629999999999997,,,,0.093,,0.0,0.001,,,,,0.003,0.003,,,,
1596,0.127,,0.002,0.0645,0.47150000000000003,0.07100000000000001,,0.025,1.351,,,,0.093,,0.0,0.001,,,,,0.003,0.003,,,,
1597,0.1275,,0.002,0.0645,4.943,0.07100000000000001,,0.025,1.0485,,,,0.093,,0.0,0.001,,,,,0.003,0.003,,,,
1598,0.1275,,0.002,0.0645,1.579,0.07150000000000001,,0.025,0.6859999999999999,,,,0.093,,0.0,0.001,,,,,0.003,0.003,,,,
1599,0.127,,0.002,0.064,0.317,0.07100000000000001,,0.025,0.566,,,,0.0935,,0.0,0.001,,,,,0.003,0.003,,,,
1600,0.1265,,0.002,0.065,0.1375,0.07100000000000001,,0.025,0.35800000000000004,,,,0.0935,,0.0,0.001,,,,,0.003,0.003,,,,
1601,0.127,,0.002,0.065,1.8135,0.07100000000000001,,0.025500000000000002,0.6499999999999999,,,,0.093,,0.0,0.001,,,,,0.003,0.003,,,,
1602,0.1275,,0.002,0.0645,6.3015,0.07150000000000001,,0.025,0.121,,,,0.093,,0.0,0.001,,,,,0.003,0.003,,,,
1603,0.127,,0.002,0.0645,0.276,0.07100000000000001,,0.025,0.94,,,,0.093,,0.0,0.001,,,,,0.003,0.003,,,,
1604,0.1265,,0.002,0.065,0.7545000000000001,0.07100000000000001,,0.025,0.5085,,,,0.0935,,0.0,0.001,,,,,0.003,0.003,,,,
1605,0.127,,0.002,0.0645,4.558,0.07150000000000001,,0.025,1.8804999999999998,,,,0.093,,0.0,0.001,,,,,0.003,0.003,,,,
1606,0.127,,0.002,0.064,6.005000000000001,0.07100000000000001,,0.025,0.17600000000000002,,,,0.0935,,0.0,0.001,,,,,0.003,0.003,,,,
1607,0.1275,,0.002,0.0645,1.8114999999999999,0.07150000000000001,,0.025,1.0275,,,,0.0935,,0.0,0.001,,,,,0.003,0.003,,,,
1608,0.1275,,0.002,0.0645,0.5585,0.07150000000000001,,0.025,0.15050000000000002,,,,0.093,,0.0,0.001,,,,,0.003,0.003,,,,
1609,0.1275,,0.002,0.064,3.7525000000000004,0.07100000000000001,,0.025,0.7675000000000001,,,,0.0935,,0.0,0.001,,,,,0.003,0.003,,,,
1610,0.1265,,0.002,0.065,1.8235,0.07100000000000001,,0.025,1.401,,,,0.093,,0.0,0.001,,,,,0.003,0.003,,,,
1611,0.127,,0.002,0.0645,0.20500000000000002,0.07150000000000001,,0.025,0.121,,,,0.094,,0.0,0.001,,,,,0.003,0.003,,,,
1612,0.127,,0.002,0.064,0.121,0.07100000000000001,,0.025500000000000002,0.1175,,,,0.0935,,0.0,0.001,,,,,0.003,0.003,,,,
1613,0.127,,0.002,0.065,1.594,0.07100000000000001,,0.025,0.3805,,,,0.0935,,0.0,0.001,,,,,0.003,0.003,,,,
1614,0.1265,,0.002,0.0645,0.34950000000000003,0.07100000000000001,,0.025500000000000002,0.46900000000000003,,,,0.0935,,0.0,0.001,,,,,0.003,0.003,,,,
1615,0.127,,0.002,0.0645,5.4145,0.07200000000000001,,0.025,1.671,,,,0.093,,0.0,0.001,,,,,0.003,0.003,,,,
1616,0.127,,0.002,0.0645,1.8399999999999999,0.07150000000000001,,0.025,0.8335,,,,0.093,,0.0,0.001,,,,,0.003,0.003,,,,
1617,0.127,,0.002,0.065,0.3645,0.07100000000000001,,0.025,0.9380000000000001,,,,0.0935,,0.0,0.001,,,,,0.003,0.003,,,,
1618,0.127,,0.002,0.065,0.2655,0.07200000000000001,,0.025,1.642,,,,0.093,,0.0,0.001,,,,,0.003,0.003,,,,
1619,0.127,,0.002,0.064,1.8975,0.07100000000000001,,0.025,0.368,,,,0.093,,0.0,0.001,,,,,0.003,0.003,,,,
1620,0.127,,0.002,0.064,0.6615,0.07150000000000001,,0.025,0.9145,,,,0.094,,0.0,0.001,,,,,0.003,0.003,,,,
1621,0.127,,0.002,0.0645,0.14250000000000002,0.07150000000000001,,0.025,0.5790000000000001,,,,0.094,,0.0,0.001,,,,,0.003,0.003,,,,
1622,0.127,,0.002,0.0645,1.9975,0.07100000000000001,,0.025,0.08050000000000002,,,,0.0925,,0.0,0.001,,,,,0.003,0.003,,,,
1623,0.127,,0.002,0.065,0.2765,0.07150000000000001,,0.025,0.4035,,,,0.0935,,0.0,0.001,,,,,0.003,0.003,,,,
1624,0.1275,,0.002,0.0645,0.1895,0.07200000000000001,,0.025,0.5455,,,,0.093,,0.0,0.001,,,,,0.003,0.003,,,,
1625,0.127,,0.002,0.064,0.559,0.07150000000000001,,0.025,0.6135,,,,0.0935,,0.0,0.001,,,,,0.003,0.003,,,,
1626,0.127,,0.002,0.0645,0.34450000000000003,0.07150000000000001,,0.025,0.7849999999999999,,,,0.093,,0.0,0.001,,,,,0.003,0.003,,,,
1627,0.1265,,0.002,0.0645,0.08499999999999999,0.07150000000000001,,0.025,0.5195,,,,0.0935,,0.0,0.001,,,,,0.003,0.003,,,,
1628,0.1275,,0.002,0.064,1.8935,0.07100000000000001,,0.025,0.5515,,,,0.094,,0.0,0.001,,,,,0.003,0.003,,,,
1629,0.1275,,0.002,0.064,0.7855,0.07200000000000001,,0.025,0.14700000000000002,,,,0.0935,,0.0,0.001,,,,,0.003,0.003,,,,
1630,0.127,,0.002,0.0645,0.35050000000000003,0.07150000000000001,,0.025,0.519,,,,0.0935,,0.0,0.001,,,,,0.003,0.003,,,,
1631,0.1265,,0.002,0.0645,1.9865,0.07200000000000001,,0.025,0.5155,,,,0.094,,0.0,0.001,,,,,0.003,0.003,,,,
1632,0.127,,0.002,0.0645,2.1870000000000003,0.07200000000000001,,0.025,0.6995,,,,0.094,,0.0,0.001,,,,,0.003,0.003,,,,
1633,0.127,,0.002,0.065,0.032,0.07150000000000001,,0.025,1.381,,,,0.094,,0.0,0.001,,,,,0.003,0.003,,,,
1634,0.127,,0.002,0.0645,1.8034999999999999,0.07150000000000001,,0.025,0.3435,,,,0.093,,0.0,0.001,,,,,0.003,0.003,,,,
1635,0.127,,0.002,0.0645,0.08299999999999999,0.07100000000000001,,0.025,0.21150000000000002,,,,0.094,,0.0,0.001,,,,,0.003,0.003,,,,
1636,0.127,,0.002,0.065,0.336,0.07200000000000001,,0.025,0.07450000000000001,,,,0.094,,0.0,0.001,,,,,0.003,0.003,,,,
1637,0.1265,,0.002,0.065,1.683,0.07100000000000001,,0.025,0.7435,,,,0.094,,0.0,0.001,,,,,0.003,0.003,,,,
1638,0.127,,0.002,0.0645,0.23750000000000002,0.07150000000000001,,0.025,0.47200000000000003,,,,0.0935,,0.0,0.001,,,,,0.003,0.003,,,,
1639,0.127,,0.002,0.064,0.11699999999999999,0.07200000000000001,,0.025,0.0395,,,,0.094,,0.0,0.001,,,,,0.003,0.003,,,,
1640,0.1265,,0.002,0.064,1.4615,0.07100000000000001,,0.025,0.4425,,,,0.08700000000000001,,0.0,0.001,,,,,0.003,0.003,,,,
1641,0.127,,0.002,0.0645,0.2535,0.07150000000000001,,0.025,0.3185,,,,0.0875,,0.0,0.001,,,,,0.003,0.003,,,,
