Batch Id,schedule,sample_e2e,prepare_inputs_e2e,model_execution_e2e,process_model_outputs
0,204.7148979618214,21.5138400089927,5.133268015924841,647.8346000076272,0.3748689778149128
1,0.6940859602764249,0.960072036832571,1.7515890067443252,700.9480900014751,0.35132502671331167
2,0.5311989807523787,0.809929973911494,4.723765014205128,657.9795819707215,0.33851800253614783
3,0.4541630041785538,16.56600000569597,3.894571040291339,593.9177490072325,0.31633401522412896
4,0.4346839850768447,0.8494780049659312,1.1856229975819588,493.06526698637754,0.3853709786199033
5,0.450697960332036,0.8933520293794572,3.817831980995834,552.2899350035004,0.3633630112744868
6,0.30445295851677656,0.7809539674781263,2.1945369662716985,282.50650299014524,0.38034404860809445
7,0.4069519927725196,0.9248210117220879,1.1431669699959457,528.1038240063936,0.34101499477401376
8,0.43913599802181125,0.7906469982117414,3.5143879940733314,532.6084159896709,0.34426397178322077
9,0.5147549672983587,0.8188920328393579,4.070974013302475,545.8667749771848,0.45054894872009754
10,0.5342650110833347,0.8960209670476615,1.644678006414324,712.052266986575,0.4070089780725539
11,0.5646190256811678,0.8437630021944642,4.631436022464186,691.8966689845547,0.4318060236983001
12,0.3648330457508564,1.2845300370827317,2.734079957008362,354.6247399644926,0.44119800440967083
13,0.5002980469726026,0.9252430172637105,1.4004200347699225,633.732732036151,0.4626350128091872
14,0.589734991081059,0.8531500352546573,4.146045015659183,612.4360919930041,0.5286679952405393
15,0.42171397944912314,0.8879409870132804,3.234410018194467,484.73966598976403,0.5199089646339417
16,0.44380303006619215,0.9464870090596378,1.3561989762820303,607.2640729835257,0.49045198829844594
17,0.5003649857826531,0.88630395475775,3.931818006094545,599.7442849911749,0.5528609617613256
18,0.45461300760507584,0.8226359495893121,4.107451997697353,634.2887139762752,0.5099530098959804
19,0.8124079904519022,1.1470559984445572,0.24402595590800047,110.50109501229599,7.359114999417216
20,0.6496599526144564,1.1256540310569108,0.6334579666145146,100.63248500227928,7.299632008653134
21,0.7905230158939958,1.22087198542431,0.6437879637815058,102.09776897681877,7.706291973590851
22,0.8215280249714851,1.1827590060420334,0.32353796996176243,117.69294895930216,7.778413011692464
23,0.6505149649456143,1.0901930509135127,0.6278069922700524,108.7041650316678,7.690217054914683
24,0.7848499808460474,1.1207479983568192,0.6515949498862028,99.42023199982941,7.674138993024826
25,0.7662670104764402,1.1393160093575716,0.32770197140052915,117.18322901288047,7.468210009392351
26,5.803651001770049,1.0915460297837853,0.6343499990180135,111.54547502519563,8.855841006152332
27,0.7940789801068604,1.1623090249486268,0.6397270481102169,111.16701399441808,7.4404560145922005
28,0.8012370090000331,1.129249983932823,0.33499900018796325,119.8268299922347,7.599082018714398
29,0.8002669783309102,1.128460979089141,0.6451450171880424,114.50979800429195,7.745804963633418
30,0.7833749987185001,1.1995550012215972,0.6382659776136279,98.69141998933628,7.810288982000202
31,0.7644080324098468,1.1456930078566074,0.3083460032939911,117.19083198113367,7.390543003566563
32,0.7714030216448009,1.110426033847034,0.6476980051957071,107.34555101953447,7.718308013863862
33,0.8052429766394198,1.1786399991251528,0.6202929653227329,100.72305198991671,7.924096018541604
34,0.6224119570106268,1.1910019675269723,0.3145219525322318,118.02754801465198,7.743327005300671
35,0.7630990003235638,1.1929390020668507,0.6181949866004288,103.30882598645985,7.840149977710098
36,0.6927080103196204,1.567739003803581,0.6496540154330432,100.19504703814164,7.973428990226239
37,0.7645890000276268,1.5065629850141704,0.3133509890176356,119.80701005086303,8.168514992576092
38,0.8294760482385755,1.1344730155542493,0.6475719856098294,101.16816899972036,7.599094999022782
39,0.7316069677472115,1.1715609580278397,0.6430720095522702,98.38922100607306,7.678042980842292
40,0.7429510005749762,1.156560960225761,0.3230459988117218,119.37875201692805,7.529126014560461
41,0.7567779975943267,1.084534975234419,0.6121170008555055,99.62698101298884,7.669918995816261
42,0.617273966781795,1.180513994768262,0.7133129984140396,99.00837700115517,7.570366025902331
43,0.7869800319895148,1.1766270035877824,0.3625859972089529,123.95606795325875,7.626699982210994
44,0.7398930029012263,1.1546690366230905,0.9738749940879643,107.10883303545415,7.527561974711716
45,0.6586309755221009,1.199232996441424,0.6309070158749819,99.47341203223914,7.866149011533707
46,0.7438560132868588,1.185558969154954,0.3328769817017019,116.92345503252,7.71174201508984
47,0.7444299990311265,1.4339600456878543,0.6400910206139088,100.62976001063362,7.6679689809679985
48,0.7355890120379627,1.159298000857234,0.60954102082178,102.30613499879837,7.647896010894328
49,1.0610860190354288,1.2459190329536796,0.31570898136124015,115.28828699374571,7.54157203482464
50,0.7271930226124823,1.1709489626809955,0.6289579905569553,97.62209601467475,7.1737400139681995
51,0.7876780000515282,1.1428180150687695,0.6300029926933348,98.97419699700549,7.242234016302973
52,0.7523269741795957,1.1790780117735267,0.3099889727309346,114.33647596277297,7.415847037918866
53,0.7300139986909926,1.1266639921814203,0.6003360031172633,98.51929498836398,7.3829530156217515
54,0.7974769687280059,1.1569589842110872,0.6768620223738253,102.51028399216011,7.590823981445283
55,0.7367719663307071,1.1639929725788534,0.30820700339972973,115.37757504265755,7.619789976160973
56,0.7315760012716055,1.1062640114687383,0.6296120118349791,98.40263304067776,7.4955319869332016
57,0.660207006148994,1.1293349671177566,0.6076650461181998,98.28070498770103,7.927694008685648
58,0.729926978237927,1.1369740241207182,0.31378096900880337,117.3904009629041,7.481873035430908
59,0.7018659962341189,1.1423039832152426,0.6472880486398935,98.4067710232921,7.3294019675813615
60,0.7201819680631161,1.1613609967753291,0.6131750415079296,97.24158101016656,7.497709011659026
61,0.7689960184507072,1.1542889988049865,0.32151100458577275,118.28717100434005,7.777038030326366
62,0.7230089977383614,1.148909970652312,0.6543580093421042,102.50589199131355,7.7219579834491014
63,0.7140760426409543,1.1460169916972518,0.6484129698947072,95.92274198075756,7.759720028843731
64,0.4390829708427191,0.8122589788399637,1.920243026688695,645.3468520194292,0.4761269665323198
65,0.7482260116375983,0.9802799904718995,0.5669310339726508,90.21469502476975,7.396247994620353
66,0.7442279602400959,1.1847520363517106,0.6043670000508428,98.73258997686207,7.610380998812616
67,0.6563039496541023,1.2158819590695202,0.3123860224150121,145.91990201734006,7.655812019947916
68,0.718683993909508,1.1420110240578651,0.6108779925853014,100.41002498473972,7.470276963431388
69,0.7972089806571603,1.2835340457968414,0.6451529916375875,98.47861103480682,7.308150001335889
70,0.6503739859908819,1.146811991930008,0.33392198383808136,119.14959299610928,7.479125983081758
71,0.7040440104901791,1.1318179895170033,0.5899129901081324,97.25304401945323,7.523540989495814
72,0.5948910256847739,1.1605080217123032,0.6129189860075712,98.02361798938364,7.423966017086059
73,0.7975740008987486,1.159965991973877,0.31011400278657675,105.26996204862371,7.5044939876534045
74,0.7171569741331041,1.1347050312906504,0.6636600010097027,98.52591896196827,7.507650996558368
75,0.6838000263087451,1.1030600289814174,0.6338839884847403,107.19279100885615,7.576383010018617
76,0.6618120241910219,1.1815460165962577,0.6230250000953674,98.87375897960737,7.603306032251567
77,0.7176350336521864,1.1186650372110307,0.6009940407238901,97.57098800037056,7.464130001608282
78,0.7244410226121545,1.1242709588259459,0.6288160220719874,101.10820602858439,7.804146967828274
79,0.7217879756353796,1.155003032181412,0.6617910112254322,101.87374101951718,4.368485999293625
80,0.5344909732230008,1.164825982414186,0.6488849758170545,98.19004399469122,7.5441450462676585
81,0.7452559657394886,1.1129339691251516,0.6299199885688722,98.00583601463586,7.65567400958389
82,0.7220770348794758,1.1374149471521378,0.6062739994376898,102.77797601884231,7.823313993867487
83,0.4161269753240049,0.8221179596148431,2.514927997253835,310.187880997546,0.5437089712359011
84,0.7280159625224769,1.072616025339812,0.5545399617403746,102.91191400028765,7.833688985556364
85,0.7178169908002019,1.1530869523994625,0.6140810437500477,97.9975740192458,7.901253004092723
86,0.7401429465971887,1.0999359656125307,0.6355589721351862,103.97833195747808,7.624924008268863
87,0.7219330291263759,1.1568540357984602,0.5952809588052332,110.0839419523254,7.5849270215258
88,0.6672870367765427,1.1589169735088944,0.3254470066167414,102.37271303776652,7.715160027146339
89,0.7204909925349057,1.1037099757231772,0.5931539926677942,101.0879409732297,7.889577012974769
90,0.7458479958586395,1.1228899820707738,0.6414790404960513,106.0718460357748,7.745163980871439
91,0.6591469864360988,1.1863859836012125,0.6569050019606948,98.18226401694119,7.631011016201228
92,0.7481779903173447,1.1280219769105315,0.6237850175239146,97.4123949999921,7.835283991880715
93,0.7357909926213324,1.126152987126261,0.6092159892432392,98.33344595972449,7.929593964945525
94,0.9581419872120023,1.3936070026829839,0.6506390054710209,97.7812290075235,7.529427006375045
95,0.7357120048254728,1.117028994485736,0.6154809962026775,107.21092100720853,7.544034975580871
96,0.7425299845635891,1.1291520204395056,0.6740819662809372,102.44355699978769,7.659677998162806
97,0.6612850120291114,1.156574988272041,0.30461500864475965,107.60512802517042,7.633959990926087
98,0.7165599963627756,1.1483800481073558,0.6002139998599887,95.18662601476535,7.772753946483135
99,0.7508370326831937,1.1790400021709502,0.6686990382149816,98.99847203632817,7.786364003550261
100,0.6744979764334857,1.1405610130168498,0.3575650043785572,108.35559194674715,7.721162983216345
101,0.7149419980123639,1.1059679673053324,0.5965449963696301,96.10440500546247,8.11995897674933
102,0.7486629765480757,1.154967991169542,0.617949990555644,105.27036804705858,7.688247016631067
103,0.7318350253626704,1.132870966102928,0.30771398451179266,102.2915740031749,7.659578986931592
104,0.7390389801003039,1.1014959891326725,0.5974550149403512,95.5447840387933,7.524485990870744
105,0.7346359780058265,1.126080984249711,0.6260100053623319,98.519777006004,7.4614479672163725
106,0.8238520240411162,1.2305589625611901,0.3110880497843027,103.20086596766487,7.67748401267454
107,0.7186650182120502,1.5280870138667524,0.6336590158753097,95.93088302062824,7.959780981764197
108,0.7016370072960854,1.1972160427831113,0.6119100144132972,105.06508901016787,7.77477101655677
109,0.7517579942941666,1.172524003777653,0.367754022590816,106.51749500539154,7.802214997354895
110,0.7266479660756886,1.118386979214847,0.6349440081976354,107.97911597182974,7.789992028847337
111,0.7346639758907259,1.1851530289277434,0.63176394905895,100.66432796884328,7.554351002909243
112,0.7391790277324617,1.1426769779063761,0.31450099777430296,103.68699004175141,10.157943004742265
113,0.8553499937988818,1.1309160036034882,0.6154230213724077,98.31404202850536,7.696183980442584
114,0.6759819807484746,1.5763860428705812,0.6155049777589738,139.75824700901285,8.00664402777329
115,0.7709990022704005,1.2059930013492703,0.34771597711369395,103.0026109656319,7.7835400006733835
116,0.7720540161244571,1.1413920437917113,0.6579469772987068,98.7435860442929,7.583812985103577
117,0.6458489806391299,1.2129779788665473,0.6183300283737481,99.1609730408527,7.733641949016601
118,0.7470180280506611,1.0831909603439271,0.35012204898521304,105.61305400915444,7.686313008889556
119,0.6011619698256254,1.1466610012575984,0.6365810404531658,96.3821749901399,7.691514038015157
120,0.6642200169153512,1.171996002085507,0.605883018579334,105.96163501031697,7.7661820105277
121,0.5923880380578339,1.1172050144523382,0.6459919968619943,98.77803496783599,7.694108004216105
122,0.7200720137916505,1.1247229995205998,0.6702920072712004,96.82079404592514,7.761592976748943
123,0.725749006960541,1.1526219896040857,0.6186279933899641,98.14967296551913,7.764359004795551
124,0.7414140272885561,1.103741000406444,0.6234319880604744,96.15302499150857,7.49407900730148
125,0.7404779898934066,1.1335720191709697,0.6180299678817391,96.67210897896439,7.631106011103839
126,0.5647119833156466,1.1626890045590699,0.6077790167182684,99.87158403964713,7.802109990734607
127,0.8583040325902402,1.120473025366664,0.6440000142902136,99.71450205193833,7.7493879944086075
128,0.601098989136517,1.0938229970633984,0.6261669914238155,100.58925795601681,7.511910982429981
129,0.7296599796973169,1.2044069590047002,0.6194600136950612,97.66229102388024,7.7756919781677425
130,0.7279739947989583,1.1107149766758084,0.6170189590193331,99.09977304050699,7.843572006095201
131,0.6057569989934564,1.080840011127293,0.6180659984238446,97.19352703541517,7.555557007435709
132,0.6368039757944643,1.21489999582991,0.6554999854415655,105.02662596991286,7.531496987212449
133,0.653482973575592,1.1115180095657706,0.6152699934318662,97.60380099760368,7.673953950870782
134,0.7417140295729041,1.1305860243737698,0.6545869982801378,100.84998997626826,7.832746021449566
135,0.7139859953895211,1.9233999773859978,0.6441239966079593,104.67658698325977,7.613140041939914
136,0.7080450304783881,1.102581969462335,0.6253389874473214,97.99459500936791,7.622324978001416
137,0.5735700251534581,1.1008900473825634,0.6272059981711209,97.81956201186404,7.601671037264168
138,0.6613929872401059,1.1762870126403868,0.6418749690055847,99.11271696910262,7.443246024195105
139,0.707360974047333,1.1494399514049292,0.6374230142682791,97.6158959674649,7.535537995863706
140,0.6997120217420161,1.0963230160996318,0.590184994507581,98.69811503449455,7.57932203123346
141,0.7188610034063458,1.1762800277210772,0.5988709744997323,97.6848200079985,7.552452967502177
142,0.7095970213413239,1.111736986786127,0.6452049710787833,97.53054298926145,3.083486983086914
143,0.2832989557646215,1.1056970106437802,0.6079070153646171,93.98747299565002,7.620821997988969
144,0.7283950108103454,1.1526339803822339,0.6717640208080411,97.52455196576193,7.542535953689367
145,0.6369249895215034,1.1068159947171807,0.574562989640981,99.42282299743965,2.987306972499937
146,0.2859830274246633,1.224063045810908,0.5914130015298724,96.45951900165528,7.465872971806675
147,0.7148209842853248,1.2135640135966241,0.6507650250568986,105.7932719704695,7.419043045956641
148,0.704668986145407,1.129626005422324,0.5147010087966919,103.696589008905,3.276262024883181
149,0.27943699387833476,1.1214169790036976,0.6227829726412892,102.63520100852475,4.430096014402807
150,0.4195829969830811,1.1834210017696023,0.621162005700171,99.46579503593966,7.5592229841277
151,0.731276988517493,1.136023027356714,0.5221270257607102,100.84764001658186,3.0312350136227906
152,0.29261299641802907,1.123205991461873,0.6472660461440682,97.22246101591736,7.693941006436944
153,0.7025630329735577,1.1890019522979856,0.6331810145638883,98.50153897423297,7.621658965945244
154,0.7413059938699007,1.1077260132879019,0.4916359903290868,101.71325504779816,2.9666090267710388
155,0.32742804614827037,1.0999100049957633,0.5958079709671438,99.6279590181075,7.690352038480341
156,0.7718720007687807,1.2315670028328896,0.6437249830923975,99.63805601000786,7.389450969640166
157,0.7301900186575949,1.1217870051041245,0.6126569933257997,100.45994003303349,3.0752199818380177
158,0.3241809899918735,1.10164302168414,0.6053409888409078,99.81651796260849,7.478624989744276
159,0.6324250134639442,1.1800380307249725,0.6213110173121095,99.32280099019408,7.587431988213211
160,0.7003639475442469,1.207534980494529,0.5239900201559067,99.57403998123482,3.049180959351361
161,0.2761380164884031,1.164601999334991,0.6165299564599991,99.62523495778441,7.416547974571586
162,0.6884849863126874,1.1778820189647377,0.6678520003333688,101.22552397660911,7.431239995639771
163,0.7232880452647805,1.1060269898734987,0.49443100579082966,100.15507304342464,2.9507570434361696
164,0.2933400101028383,1.0969500290229917,0.6204040255397558,95.4113129992038,7.307537947781384
165,0.6819379632361233,1.1303930077701807,0.6487850332632661,102.7563390089199,7.361411990132183
166,0.6887740455567837,1.110152981709689,0.4722499870695174,100.89935205178335,2.986803010571748
167,0.278711027931422,1.1253980337642133,0.612006988376379,96.19532700162381,7.324937963858247
168,0.743083015549928,1.1545210145413876,0.6198910414241254,97.77399600716308,7.5696290004998446
169,0.6934899720363319,1.1666020145639777,0.5439509986899793,98.89149898663163,3.107971977442503
170,0.3204670501872897,1.1222060420550406,0.6564540090039372,97.30430296622217,7.3594009736552835
171,0.7101719966158271,1.176744990516454,0.6219689967110753,99.95925996918231,7.7126959804445505
172,0.6988910026848316,1.1195630067959428,0.45430700993165374,100.0252990052104,3.0549109796993434
173,0.2929259790107608,1.082181988749653,0.6069720257073641,101.21782403439283,7.433140999637544
174,0.7241310086101294,1.1618250282481313,0.6117220036685467,97.02024300349876,7.626186008565128
175,0.6964989588595927,1.1155649553984404,0.5010650493204594,101.33122804109007,3.009451029356569
176,0.28407404897734523,1.5046899789012969,0.6078819860704243,96.98085498530418,7.320249977055937
177,0.7019569748081267,1.0842710034921765,0.31386001501232386,107.1591239888221,7.253468967974186
178,0.6870529614388943,1.1507649905979633,0.5148599739186466,100.40781297720969,3.0462999711744487
179,0.2867130097001791,1.1275630095042288,0.6356219528242946,101.75445099594072,7.419457018841058
180,0.6906499620527029,1.084677001927048,0.6164769874885678,97.16967499116436,7.296853989828378
181,0.6898900028318167,1.162092958111316,0.4770620143972337,101.69636801583692,3.0090109794400632
182,0.2856070059351623,1.515424984972924,0.6210699793882668,100.07535602198914,7.544093008618802
183,0.7056170143187046,1.0958989732898772,0.5931070190854371,96.86933795455843,7.566977990791202
184,0.5850800080224872,1.1250260286033154,0.5537850083783269,101.83999501168728,3.06340103270486
185,0.18011796055361629,0.7942329975776374,1.7751320265233517,222.1566999796778,0.5387869896367192
186,0.7165870047174394,1.0462449863553047,0.5648299702443182,90.20855400012806,11.07497198972851
187,0.7769059739075601,1.1485290015116334,0.6628150003962219,101.72384098405018,7.845961023122072
188,0.6076330319046974,1.148051000200212,0.6310279713943601,100.5757309612818,7.719838991761208
189,0.7225279696285725,1.1256689904257655,0.604276021476835,99.16526998858899,7.7285749721340835
190,0.7266660104505718,1.1247909860685468,0.6321929977275431,97.63259399915114,7.7571660513058305
191,0.6349940085783601,1.0942290537059307,0.5974590312689543,96.29195998422801,7.547353976406157
192,0.7655139779672027,1.1089880135841668,0.5960559938102961,101.27465997356921,7.569667010102421
193,0.7207710295915604,1.2221530196256936,0.6161020137369633,98.75279199331999,7.806230976711959
194,0.6603749934583902,1.1747509706765413,0.6334890495054424,101.38776496751234,8.025260001886636
195,0.7535939803346992,1.1398799833841622,0.6468719802796841,96.85569402063265,7.784485991578549
196,0.7477119797840714,1.1796740000136197,0.6633269949816167,101.46412602625787,7.605884980875999
197,0.7245830493047833,1.1341619538143277,0.6406200118362904,106.82133003138006,7.886461971793324
198,0.7485109963454306,1.1659820447675884,0.3302579862065613,102.88454400142655,7.8318140003830194
199,0.7271800423040986,1.1633269605226815,0.6249580183066428,97.80007600784302,7.576971023809165
200,0.6728669977746904,1.1370780412107706,0.6040660082362592,97.07811003318056,7.5875199981965125
201,0.7112999446690083,1.1379600036889315,0.31557201873511076,101.82315699057654,8.12556000892073
202,0.7090690196491778,1.123952039051801,0.6134510040283203,98.32048299722373,7.814523996785283
203,0.7330140215344727,1.515280979219824,0.6272239843383431,97.43960195919499,7.6722310041077435
204,0.6449450156651437,1.1013380135409534,0.31896098516881466,107.36855200957507,8.753005997277796
205,0.7444869843311608,1.1414719629101455,0.6363890133798122,100.49123002681881,7.778091996442527
206,0.642983999568969,1.1011399910785258,0.5972020444460213,101.42725298646837,7.694427971728146
207,0.7208570023067296,1.0857390007004142,0.3124140202999115,104.03497400693595,7.706360949669033
208,0.5986080504953861,1.1485490249469876,0.6685089902020991,98.12928101746365,7.643266988452524
209,0.7234550430439413,1.1436200002208352,0.6033609970472753,97.92372898664325,7.930565974675119
210,0.727873994037509,1.4815999893471599,0.34464302007108927,101.26251197652891,7.804895984008908
211,0.7275270181708038,1.1882029939442873,0.6192939472384751,101.55635001137853,7.818105979822576
212,0.7322329911403358,1.1167280026711524,0.6020529544912279,96.72683500684798,7.6358100050129
213,0.7190319593064487,1.1033439659513533,0.35776401637122035,106.8893420160748,7.919640047475696
214,0.7081399671733379,1.0975219774991274,0.629567017313093,99.04927702154964,7.631246000528336
215,1.3889099936932325,1.0911240242421627,0.6617979961447418,97.005512972828,7.479756022803485
216,0.7817459991201758,1.096752006560564,0.29948202427476645,106.35679500410333,7.6538859866559505
217,0.8024220005609095,1.143482979387045,0.6216379697434604,103.12842804705724,7.595186005346477
218,0.645369989797473,1.089014986064285,0.6071989773772657,96.19518904946744,7.684987969696522
219,0.7001530029810965,1.096152001991868,0.2983430167660117,101.73750098329037,7.6886790338903666
220,0.6927750073373318,1.1269269743934274,0.5969509948045015,97.35890803858638,7.440182031132281
221,0.7308130152523518,1.0941580403596163,0.5871810135431588,97.64507401268929,7.375339977443218
222,0.7120979717001319,1.48052501026541,0.31818996649235487,100.69585405290127,7.765387010294944
223,0.6908740033395588,1.1130840284749866,0.5966139724478126,98.07721601100639,7.668935984838754
224,0.7006640080362558,1.1065250146202743,0.6366049638018012,106.33920796681195,7.752783014439046
225,0.6971030379645526,1.1402450036257505,0.33060897840186954,103.2270070281811,7.725568953901529
226,0.575985002797097,1.1992999934591353,0.6242659874260426,100.42706300737336,7.63079704483971
227,0.686210987623781,1.0809830273501575,0.6143429782241583,99.33724999427795,7.578237971756607
228,0.702315999660641,1.1545330053195357,0.3190299612469971,108.32361999200657,7.56092497613281
229,0.6878130370751023,1.168839051388204,0.6056769634597003,99.51124299550429,7.439823995810002
230,0.7006269879639149,1.1055219802074134,0.6124660139903426,101.89655399881303,7.247772009577602
231,0.6749969907104969,1.1156679829582572,0.29757298761978745,102.62194601818919,7.383347954601049
232,0.693317037075758,1.2072200188413262,0.660130986943841,98.27656002016738,7.461233006324619
233,0.7078680209815502,1.1009050067514181,0.6206079851835966,97.20077604288235,7.381124014500529
234,0.6956420256756246,1.1131210485473275,0.3193059819750488,101.6041690018028,7.433492050040513
235,0.6836429820396006,1.1193609680049121,0.6208879640325904,97.64225000981241,7.614522997755557
236,0.7394779822789133,1.1323140352033079,0.6529380334541202,99.77276099380106,7.51285400474444
237,0.6055919802747667,1.1055629584006965,0.29888004064559937,103.7229520152323,7.638017006684095
238,0.6951710092835128,1.1489919852465391,0.6403499864973128,103.06525201303884,7.423962990287691
239,0.7519780192524195,1.110933953896165,0.6126970401965082,96.39179200166836,7.81645200913772
240,0.6984139909036458,1.1101679992862046,0.3180979983881116,107.8481559525244,7.800945022609085
241,0.6806300370953977,1.1582979932427406,0.6222380325198174,97.63195103732869,7.355360023211688
242,0.6132890121079981,1.0950510040856898,0.6270730518735945,101.44375398522243,7.509096001740545
243,0.675824994686991,1.0896580060943961,0.2917019883170724,103.26099599478766,7.717374013736844
244,0.7237989921122789,1.1207059724256396,0.6140770274214447,102.14395995717496,7.298093987628818
245,0.6922240136191249,1.0859239846467972,0.6129579851403832,97.15613099979237,7.529092021286488
246,0.6863649468868971,1.0923150111921132,0.31680299434810877,106.66864301310852,7.323357043787837
247,0.7006209925748408,1.132652978412807,0.6179899792186916,97.9361099889502,7.577400014270097
248,0.6328379968181252,1.1180689907632768,0.6146259838715196,101.45524697145447,7.450823963154107
249,0.6841259892098606,1.0900350171141326,0.3058300353586674,102.02480800217018,7.652883010450751
250,0.6940109888091683,1.5025020111352205,0.6172669818624854,100.05255398573354,7.623516023159027
251,0.7020580233074725,1.1209439835511148,0.5894199712201953,97.09249204024673,7.611665001604706
252,0.6484609912149608,1.0879580513574183,0.30067097395658493,103.94145402824506,7.32605200028047
253,0.6874669925309718,1.116134983021766,0.6105760112404823,98.82477798964828,7.569729001261294
254,0.6935619749128819,1.0873600258491933,0.6110789836384356,97.98854903783649,7.7724449802190065
255,0.767866033129394,1.1483770213089883,0.31408900395035744,101.26078996108845,7.610688975546509
256,0.7035179878585041,1.1741149937734008,0.625828979536891,100.48002196708694,7.60321703273803
257,0.6605320377275348,1.1483589769341052,0.6065030465833843,109.05597097007558,7.695587002672255
258,0.6921680178493261,1.1177659616805613,0.6027249619364738,102.90774703025818,7.754820981062949
259,0.6633179727941751,1.1243000044487417,0.6106889923103154,113.19843801902607,7.543977000750601
260,0.7123720133677125,1.1155580286867917,0.6202260265126824,96.97759599657729,7.421203015837818
261,0.6880040164105594,1.1586620239540935,0.6086949724704027,96.45616996567696,7.443081995006651
262,0.6755689973942935,1.0858519817702472,0.5913539789617062,97.75570698548108,7.4373880052007735
263,0.6275300402194262,1.1293450370430946,0.6062100292183459,99.51204695971683,7.440656016115099
264,0.7036059978418052,1.151632983237505,0.5860549863427877,96.13490098854527,7.5511340401135385
265,0.6751479813829064,1.1796539765782654,0.597956997808069,99.34107097797096,7.652851985767484
266,0.6839889683760703,1.1228059884160757,0.5957450484856963,102.16133401263505,7.48989696148783
267,0.6446969928219914,1.134829013608396,0.6001130095683038,103.07495895540342,7.518179016187787
268,0.6997470045462251,1.1262279585935175,0.611406983807683,97.67142700729892,7.455770974047482
269,0.6784200086258352,1.1245189816690981,0.5882760160602629,102.0943290204741,7.743548019789159
270,0.5390310543589294,1.137202954851091,0.6428780034184456,96.54756501549855,7.419946021400392
271,0.7779320003464818,1.1572479852475226,0.6409820052795112,99.69849500339478,7.238195976242423
272,0.6780030089430511,1.0928040137514472,0.6159910117276013,96.50772000895813,7.518990023527294
273,0.6964260246604681,1.117963984142989,0.595119025092572,109.86993397818878,7.939450966659933
274,0.5309549742378294,0.9286980493925512,3.379888948984444,456.73002203693613,0.5698230233974755
275,0.7162260008044541,1.074178027920425,0.599787977989763,89.8609749856405,7.811577990651131
276,0.6318080122582614,1.6003630007617176,0.612306990660727,96.39465401414782,7.788614020682871
277,0.7620910182595253,1.1747449752874672,0.6137730088084936,100.15303600812331,7.656717032659799
278,0.7257970282807946,1.1708479723893106,0.594930024817586,108.96463901735842,7.960312010254711
279,0.6327599985525012,1.2467409833334386,0.6082939798943698,101.9783109659329,8.032522979192436
280,4.391780006699264,1.1439319932833314,0.6339300307445228,99.74820795468986,10.623515001498163
281,0.6196880131028593,1.1080040130764246,0.6356890080496669,105.39967200020328,7.750643009785563
282,0.664612976834178,1.157954044174403,0.6217899499461055,100.18349101301283,7.851567002944648
283,0.7751070079393685,1.1413350002840161,0.6108299712650478,96.44578397274017,7.932143984362483
284,0.7801039610058069,1.1168509954586625,0.6146900122985244,94.72935600206256,7.739097985904664
285,0.7599689997732639,1.145291025750339,0.6191909778863192,103.95808797329664,7.814117998350412
286,0.7694709929637611,1.1793490266427398,0.6229949649423361,110.71608500787988,8.065522997640073
287,0.7135459454730153,1.1151399812661111,0.6214499589987099,95.40185402147472,7.74284201906994
288,0.598629005253315,1.1645810445770621,0.6667270208708942,104.08196598291397,7.816910045221448
289,0.719172996468842,1.1477309744805098,0.7115220068953931,98.08303602039814,7.995035964995623
290,0.6099269958212972,1.0945520480163395,0.6173709989525378,99.55069597344846,7.709803991019726
291,0.7135560153983533,1.1333710281178355,0.6570850382559001,102.83461702056229,7.993636012542993
292,0.7034940063022077,1.1515480000525713,0.6417380063794553,97.9484380222857,7.938834954984486
293,0.722835015039891,1.105535018723458,0.6245769909583032,94.8426999966614,7.942244003061205
294,0.7126020500436425,1.18108099559322,0.6631560390815139,115.52945501171052,7.687524950597435
295,0.7584139821119606,1.1413699830882251,0.6298060179688036,106.6607889952138,7.839233032427728
296,0.6995840230956674,1.1380559881217778,0.6401839782483876,94.98595603508875,8.36081401212141
297,0.7119789952412248,1.1614279937930405,0.6441510049626231,100.64161696936935,7.725373026914895
298,0.7274119998328388,1.1466250289231539,0.6210310384631157,95.06829298334196,7.983079995028675
299,1.246162981260568,1.1424549738876522,0.6268920260481536,96.18179500102997,7.755431986879557
300,0.6282369722612202,1.1623959871940315,0.6059310398995876,99.34320504544303,7.75078299921006
301,0.720962998457253,1.1873010080307722,0.6264870171435177,99.50004599522799,7.774126948788762
302,0.6998239550739527,1.1057680239900947,0.6110260146670043,99.60679104551673,7.83098500687629
303,0.7178699597716331,1.1722909985110164,0.6240149959921837,103.25982799986377,7.81169900437817
304,0.6932310061529279,1.4296500012278557,0.6437029805965722,95.29525198740885,7.6145020429976285
305,0.6990900146774948,1.1174819665029645,0.6076850113458931,98.62968005472794,7.9667039681226015
306,0.7047150284051895,1.16599298780784,0.638917030300945,97.93266496853903,7.7641160460188985
307,0.7091910229064524,1.1521780397742987,0.6307199946604669,97.28771302616224,7.8267380013130605
308,0.6780440453439951,1.2008510529994965,0.6257730419747531,96.02357499534264,7.874234986957163
309,0.6582450005225837,1.2064329930581152,0.6170890410430729,97.87800197955221,7.739453983958811
310,0.592198979575187,1.142266031820327,0.6785360164940357,100.62450700206682,7.623155019246042
311,0.7048340048640966,1.547049032524228,0.6453670212067664,96.0145159624517,7.7373270178213716
312,0.7225190056487918,1.1842779931612313,0.6617140024900436,96.6448180261068,8.15697101643309
313,0.7151960162445903,1.1931639746762812,0.6256040069274604,98.193067999091,7.7092660358175635
314,0.6272689788602293,1.12534302752465,0.5940109840594232,97.52355102682486,7.565954991150647
315,0.7111040176823735,1.1545250308699906,0.6525740027427673,97.89122600341216,7.779781997669488
316,0.6950509850867093,1.1890719761140645,0.6477590068243444,99.3269809987396,3.2568949973210692
317,0.29144296422600746,1.122688001487404,0.6269610021263361,97.24451199872419,7.7826110064052045
318,0.6988240056671202,1.1589750065468252,0.6335200159810483,98.48314599366859,7.891109038610011
319,0.6225249962881207,1.1436810018494725,0.6094150012359023,97.66952501377091,3.2188959885388613
320,0.28585002291947603,1.1257950100116432,0.6428909837268293,96.22009098529816,7.489904994145036
321,0.6842190050520003,1.1678399750962853,0.6070950184948742,103.24679699260741,7.615098031237721
322,0.7147539872676134,1.604015997145325,0.6360330153256655,99.21305498573929,3.242455015424639
323,0.2864829730242491,1.149063988123089,0.5978349945507944,99.66834500664845,7.971407030709088
324,0.7770410156808794,1.162211992777884,0.6352780037559569,104.21831399435177,8.029072021599859
325,0.4565590061247349,0.8008279837667942,2.822950016707182,366.53854401083663,0.5015069618821144
326,0.6885759648866951,0.9777210070751607,0.6183859659358859,89.4970259978436,7.689403020776808
327,0.5780599894933403,1.135609985794872,0.6315610371530056,97.74754999671131,7.813818985596299
328,0.7114230538718402,1.157549035269767,0.5988620105199516,97.70334797212854,7.593151996843517
329,0.6432870286516845,1.1533739743754268,0.6060480372980237,99.2071750224568,7.722890004515648
330,0.7044820231385529,1.1382210068404675,0.6005249451845884,97.52206900157034,8.094562974292785
331,0.6218019989319146,0.8453650516457856,4.238219000399113,589.6330839605071,0.5337399779818952
332,0.7005819934420288,1.0197479859925807,0.5696160369552672,90.69311601342633,7.760218984913081
333,0.7168150041252375,1.644825970288366,0.8012100006453693,96.46082203835249,8.026733004953712
334,0.7191080367192626,1.1579589918255806,0.6236310000531375,97.00479602906853,7.693476043641567
335,0.7055879686959088,1.1423150426708162,0.6074729608371854,97.91728801792488,7.843564031645656
336,0.6222720257937908,1.2691059964708984,0.6222969968803227,100.58169695548713,7.9814280034042895
337,0.7163029513321817,1.1667929938994348,0.6104289786890149,97.21973998239264,7.8725419589318335
338,0.6936049903742969,1.1564709711819887,0.623621977865696,102.48645202955231,7.536474033258855
339,0.7547659915871918,1.1442339746281505,0.6149809923954308,102.33123804209754,7.924876001197845
340,0.7472849683836102,1.169874973129481,0.6256479537114501,101.71595599967986,8.010412042494863
341,0.7012010319158435,1.1360470089130104,0.6163420039229095,99.15773995453492,9.657095011789352
342,0.8666040375828743,1.2231759610585868,0.7798629812896252,99.52445403905585,7.869570981711149
343,0.7130220183171332,1.1940419790335,0.6373359938152134,97.72972099017352,7.942499010823667
344,0.5137489642947912,0.9658369817771018,3.2391170389018953,472.6563040167093,0.46890799421817064
345,0.6943389889784157,1.0422940249554813,0.582230044528842,92.22729498287663,7.689856982324272
346,0.708750041667372,1.1350360000506043,0.6097969599068165,110.17066100612283,7.56119197467342
347,0.67859300179407,1.1324069928377867,0.6169269909150898,97.72470797179267,7.675094995647669
348,0.7230259943753481,1.1722749914042652,0.6093900301493704,98.05522998794913,7.605067978147417
349,0.6935150013305247,1.1325280065648258,0.6242360104806721,98.91284100012854,7.617402996402234
350,0.786946970038116,1.0890760459005833,0.5943099968135357,97.29895100463182,7.667698955629021
351,0.591080985032022,1.1835030163638294,0.6097099976614118,97.92666597058997,7.635082001797855
352,0.7105229888111353,1.502279017586261,0.6257410277612507,100.11771199060604,7.712871010880917
353,0.6941930041648448,1.0885339579544961,0.6310560274869204,98.13735698116943,7.557960983831435
354,0.6248689605854452,1.2130020186305046,0.6284610135480762,100.14742298517376,7.583898026496172
355,0.6986960070207715,1.1529799667187035,0.6284459959715605,99.21654098434374,7.737473992165178
356,0.6821890128776431,1.1509109754115343,0.6298050284385681,102.91528701782227,7.727007963694632
357,0.6975840078666806,1.2062099995091558,0.6081319879740477,98.1857129954733,7.867856998927891
358,0.7617250084877014,1.1301430058665574,0.6281739915721118,97.29484497802332,7.727554009761661
359,0.6722579710185528,1.1872969917021692,0.6105590146034956,98.93577598268166,7.458890962880105
360,0.7079879869706929,1.0765179758891463,0.6197199691087008,128.51470801979303,7.4433269910514355
361,0.6767919985577464,1.1221629683859646,0.5927170277573168,94.22267501940951,7.460303022526205
362,0.6389709888026118,1.1025330168195069,0.6072460091672838,97.43878699373454,7.439053035341203
363,0.6142970523796976,1.1048949672840536,0.300229003187269,101.23936698073521,7.924245961476117
364,0.5508870235644281,1.0945659596472979,0.6085530039854348,99.06110999872908,7.678836002014577
365,0.6710879970341921,1.0758090065792203,0.5835360498167574,97.28451597038656,7.414453022647649
366,0.6903759785927832,1.0740109719336033,0.2987640327773988,104.52195798279718,7.730694022029638
367,0.4112279857508838,0.7462500361725688,2.381408994551748,300.92766898451373,0.4514249740168452
368,0.6678829668089747,1.0023190407082438,0.5361379589885473,90.56074498221278,7.500663981772959
369,0.6522000185213983,1.0597769869491458,0.30164001509547234,99.96375895570964,7.468135037925094
370,0.6109480164013803,1.121070992667228,0.59425801737234,100.37876997375861,7.6094240066595376
371,0.6847589975222945,1.1019310331903398,0.5870359600521624,97.09964494686574,7.879331998992711
372,0.6830419879406691,1.0997799690812826,0.29695697594434023,107.98212303780019,7.4307359755039215
373,0.5467769806273282,1.10623799264431,0.610445044003427,95.3406150219962,7.7738770050928
374,0.6913469987921417,1.0810469975695014,0.5793790332973003,95.72620398830622,7.6381899998523295
375,0.6738349911756814,1.0986789711751044,0.30801701359450817,107.03640803694725,7.532093964982778
376,0.7088520214892924,2.0779120386578143,0.6937590078450739,95.16148996772245,7.539537036791444
377,0.6609110278077424,1.0873519931919873,0.5860109813511372,107.17217199271545,7.508200011216104
378,0.6596010061912239,1.175737997982651,0.2947649918496609,101.28489095950499,7.72585702361539
379,0.3929890226572752,0.8255250286310911,2.231478982139379,280.7731459615752,0.21693698363378644
380,0.24565402418375015,0.9923839825205505,0.5591609515249729,87.1311459923163,7.576549018267542
381,0.6853049853816628,1.1069740285165608,0.30677003087475896,108.57590299565345,7.48880096944049
382,0.6892030360177159,1.2247590348124504,0.5074779619462788,96.61558200605214,3.185964946169406
383,0.29098294908180833,1.0893959552049637,0.5983010050840676,98.63932302687317,7.401236973237246
384,0.6826840108260512,1.0651240008883178,0.3045329940505326,107.0274249650538,7.586216961499304
385,0.6890849908813834,1.1197359999641776,0.5614200490526855,100.28694197535515,3.1445889617316425
386,0.263539026491344,1.0703980224207044,0.6052730022929609,95.75058403424919,7.583756989333779
387,0.6706269923597574,1.1332680005580187,0.2953149960376322,107.48479596804827,7.485001988243312
388,0.6787569727748632,1.1197170242667198,0.509587989654392,96.67413495481014,3.246664011385292
389,0.27544901240617037,1.089604978915304,0.589812989346683,94.88929098006338,7.499956001993269
390,0.6685820408165455,1.0705729946494102,0.3175109741277993,102.50463301781565,7.539137965068221
391,0.3721500397659838,0.7937120390124619,1.4552040374837816,238.17982099717483,0.22212299518287182
392,0.2549199853092432,0.9803459979593754,0.5499940016306937,88.76625599805266,7.379729999229312
393,0.6774889770895243,1.070028985850513,0.2903980202972889,103.00215898314491,7.5385430245660245
394,0.6734789931215346,1.103136979509145,0.47501997323706746,107.583835022524,3.2726479694247246
395,0.2800790243782103,1.1138920090161264,0.5837600328959525,95.85419198265299,7.586652005556971
396,0.6047380156815052,1.074630010407418,0.2945939777418971,101.7553509445861,7.425718009471893
397,0.5973119987174869,1.0913729784078896,0.5396360065788031,97.81088802265003,3.170998999848962
398,0.27728499844670296,1.079677022062242,0.601466977968812,96.5214180178009,7.501607993617654
399,0.6740110111422837,1.1373439920134842,0.3354729851707816,113.98509796708822,4.027236020192504
400,0.3676039632409811,1.1231870157644153,0.37602701922878623,100.91601201565936,3.201415005605668
401,0.2872460172511637,1.0669049806892872,0.6201969808898866,97.42251498391852,7.504753011744469
402,0.6860040011815727,1.084746967535466,0.33828598679974675,100.37036897847429,7.474140031263232
403,0.6635889876633883,1.0986030101776123,0.5356440087780356,96.82040102779865,3.1293489737436175
404,0.2648889785632491,1.067530014552176,0.6033550016582012,95.6795450183563,7.803865009918809
405,0.6778750102967024,1.1017330107279122,0.29486999846994877,104.53400999540463,7.318514981307089
406,0.6584450020454824,1.0957109625451267,0.49905903870239854,100.54061899427325,3.125904011540115
407,0.2665009815245867,1.4439279912039638,0.6265199626795948,95.50627204589546,7.881683006417006
408,0.3568819956853986,0.7125370320864022,0.6935740238986909,171.73981002997607,0.46327104791998863
409,0.6521530449390411,0.9874820243567228,0.5525920423679054,88.02906301571056,3.0343730468302965
410,0.2563130110502243,1.102950016502291,0.6241039955057204,110.68806500406936,7.525635999627411
411,0.6593280122615397,1.0896259918808937,0.3188669797964394,106.28525802167132,7.661374984309077
412,0.6916819838806987,1.1176129919476807,0.5678230081684887,97.89214603370056,3.241664031520486
413,0.34063897328451276,1.1414779582992196,0.6300350069068372,96.96307801641524,7.383454998489469
414,0.6136070005595684,1.1315359733998775,0.31717197271063924,99.70367298228666,7.296486000996083
415,0.6536580040119588,1.1198060237802565,0.4860410117544234,96.96956799598411,3.10519797494635
416,0.26097596855834126,1.1044599814340472,0.5803829990327358,94.43253703648224,7.153771002776921
417,0.6661970401182771,1.1380380019545555,0.31592498999089,100.15482502058148,7.317248964682221
418,0.6700129597447813,1.1476719519123435,0.6051139789633453,97.64543798519298,3.2919160439632833
419,0.2749849809333682,1.0941699729301035,0.599226972553879,97.14578499551862,7.154576014727354
420,0.6530669634230435,1.083967974409461,0.29942498076707125,100.9454739978537,7.407527009490877
421,0.7186420261859894,1.1366739636287093,0.49087597290053964,97.5567750283517,3.0600560130551457
422,0.26418600464239717,1.0998669895343482,0.6034230464138091,94.07586301676929,7.169310993049294
423,0.64328801818192,1.0893999715335667,0.33964100293815136,98.71227398980409,7.194835052359849
424,0.643764971755445,1.0977479978464544,0.4876999882981181,98.10188604751602,2.970671048387885
425,0.2677380107343197,1.1001400416716933,0.6355780060403049,96.68399597285315,7.240993028972298
426,0.6368420436047018,1.0901169735006988,0.29957195511087775,112.75381303858012,7.369077997282147
427,0.6512959953397512,1.0913090081885457,0.46988303074613214,96.81614604778588,3.0135929700918496
428,0.27064100140705705,1.0966649861074984,0.589432951528579,93.71810202719644,7.283903018105775
429,0.70422503631562,1.787749002687633,0.3148150281049311,104.94971898151562,7.02049903338775
430,0.6311640026979148,1.091698999516666,0.4954079631716013,95.35638702800497,3.1186099513433874
431,0.2615479752421379,1.4787690015509725,0.5806019762530923,93.94588595023379,7.233761949464679
432,0.6806780002079904,1.1288200039416552,0.5847809952683747,98.79350801929832,7.1115290047600865
433,0.6405310123227537,1.103367016185075,0.5038640229031444,96.5451670344919,3.001648001372814
434,0.260849017649889,1.0868230019696057,0.6134749855846167,92.76095201494172,7.032595982309431
435,0.6189849809743464,1.1009550071321428,0.602815009187907,96.27854300197214,7.016716990619898
436,0.6122280028648674,1.0919790365733206,0.6641760119237006,98.46679901238531,3.1333680381067097
437,0.3252960159443319,0.8942919666878879,4.9557259771972895,706.5171629656106,0.475218053907156
438,0.6274370243772864,0.9634500020183623,0.5728279938921332,88.8119030278176,7.444382994435728
439,0.62680704286322,1.0978380450978875,0.6059780134819448,96.87690896680579,3.1025559874251485
440,0.26737299049273133,1.0991759481839836,0.5890789907425642,94.45027395850047,7.203754968941212
441,0.6337439990602434,1.0865149670280516,0.5744880181737244,102.53847698913887,7.179827021900564
442,0.6427959888242185,1.070565020199865,0.48372900346294045,98.3195019653067,3.043697972316295
443,0.3060550079680979,1.095523010008037,0.6006020121276379,99.91818299749866,7.090843049809337
444,0.6417229888029397,1.1041120160371065,0.6017180276103318,96.77326597739011,7.35060399165377
445,0.6409829948097467,1.102308975532651,0.5437890067696571,96.86745301587507,3.076656023040414
446,0.2643599873408675,1.131270022597164,0.5898340023122728,99.38034298829734,7.2191350045613945
447,0.6388509646058083,1.112586003728211,0.5956480163149536,97.29412698652595,7.227390015032142
448,0.7876559975557029,1.1111480416730046,0.4621100379154086,97.72432496538386,3.0276489560492337
449,0.25912298588082194,1.090581004973501,0.5772790173068643,93.03399303462356,7.32770498143509
450,0.5259219906292856,0.869596959091723,3.281255019828677,414.3318319693208,0.5062160198576748
451,0.6514820270240307,1.0221549891866744,0.5603079916909337,92.84103696700186,3.1193040194921196
452,0.2628170186653733,1.1069190222769976,0.5982680013403296,100.11700895847753,7.573415001388639
453,0.6529030506499112,1.1211439850740135,0.5931519553996623,100.49368103500456,7.402218994684517
454,0.6833960069343448,1.150517025962472,0.5395999760366976,97.31489897239953,3.196310019120574
455,0.27653499273583293,1.1413129977881908,0.48982398584485054,95.5066229798831,7.355735986493528
456,0.6647999980486929,1.0958680068142712,0.6135919829830527,100.72251805104315,7.398473040666431
457,0.6461099837906659,1.0827900259755552,0.6070950184948742,98.27779501210898,3.091866965405643
458,0.27065095491707325,1.0941190412268043,0.6062620086595416,98.54378498857841,7.360017974860966
459,0.6509850500151515,1.0894360020756721,0.5883160047233105,99.521967000328,7.4419190059416
460,0.5977830151095986,1.117561012506485,0.5472400225698948,100.93016497557983,3.1010110396891832
461,0.27585297357290983,1.141672022640705,0.6373620126396418,99.17754301568493,7.450687000527978
462,0.6194579764269292,1.1011879541911185,0.6000540452077985,98.95741898799315,7.808310037944466
463,0.6505039636977017,1.3158390065655112,0.5951499915681779,100.48328898847103,3.746509028133005
464,0.26532699121162295,1.0714789968915284,0.582147971726954,94.9502710136585,7.295259041711688
465,0.6668950081802905,1.0964589891955256,0.6092860130593181,100.27683404041454,7.311756024137139
466,0.6448570056818426,1.076271990314126,0.5972920334897935,96.43335203872994,3.0889289919286966
467,0.26346102822571993,1.2138289748691022,0.592018011957407,96.57048503868282,7.555751013569534
468,0.7251090137287974,1.1377150076441467,0.5889820167794824,103.17026701522991,7.724758994299918
469,0.5382459494285285,0.8384710527025163,3.262379963416606,532.3057200293988,0.5331440479494631
470,0.12552598491311073,0.7624690188094974,1.7043949919752777,220.03537201089785,0.4929529968649149
471,0.6745069986209273,1.0057719773612916,0.5503520369529724,90.80624202033505,7.9184710048139095
472,0.7357839494943619,1.0813680128194392,0.5368869751691818,98.19143998902291,3.2235400285571814
473,0.279307016171515,1.134411955717951,0.6275890045799315,93.81058398867026,7.689965947065502
474,0.6790689658373594,1.0829780367203057,0.5928350146859884,97.10490697761998,7.560288009699434
475,0.6926839705556631,1.0851950501091778,0.4724010359495878,96.76430997205898,3.2126970472745597
476,0.2786850091069937,1.096969994250685,0.6092260009609163,95.13592498842627,7.598125957883894
477,0.6730250315740705,1.0797029826790094,0.5899139796383679,96.81881597498432,7.540285005234182
478,0.6695439806208014,1.09057902591303,0.48134400276467204,96.49021801305935,3.218000987544656
479,0.2722879871726036,1.5497990534640849,0.5779060302302241,96.2101659970358,7.3965860065072775
480,0.6807349855080247,1.1327029787935317,0.6165310041978955,100.44640500564128,7.569240988232195
481,0.6991809932515025,1.1090330081060529,0.6161669734865427,97.18926099594682,3.26793099520728
482,0.321378989610821,1.1342020006850362,0.5918740062043071,93.29353796783835,7.560455007478595
483,0.6688160356134176,1.1149869533255696,0.5927479942329228,99.34330102987587,7.444781018421054
484,0.6693470058962703,1.1031810427084565,0.47194596845656633,101.50513902772218,3.200121980626136
485,0.3186240210197866,1.1440360103733838,0.5811810260638595,98.48983801202849,7.508884009439498
486,0.6646080291830003,1.1022749822586775,0.5777819897048175,98.57313800603151,7.444842020049691
487,0.6636829930357635,1.5166900120675564,0.48195902490988374,97.91572100948542,3.1222040415741503
488,0.26462500682100654,1.1143399751745164,0.5980939604341984,96.92009299760684,7.427337055560201
489,0.6627529510296881,1.1599509743973613,0.592057011090219,104.85460504423827,7.404158997815102
490,0.6501179886981845,1.089942001271993,0.4898890038020909,101.67688003275543,3.241400991100818
491,0.26497000362724066,1.1637269635684788,0.6023719906806946,100.58222798397765,7.8660399885848165
492,0.6734209600836039,1.1120239505544305,0.6109850364737213,100.19571898737922,7.58899498032406
493,0.647693988867104,1.0773339890874922,0.5198579747229815,98.76516996882856,3.186853020451963
494,0.2718600444495678,1.074973028153181,0.5811099545098841,102.64387400820851,7.502022956032306
495,0.6088819936849177,1.1359399650245905,0.6064550252631307,98.77512900857255,7.349930994678289
496,0.7073900196701288,1.0759530123323202,0.5931310006417334,97.00353699736297,3.1521330238319933
497,0.2697749878279865,1.0912949801422656,0.6575179868377745,95.45603999868035,7.368271006271243
498,0.6677099736407399,1.0708660120144486,0.6208879640325904,102.70694899372756,7.4351869989186525
499,0.6030839867889881,1.0889149853028357,0.5519769620150328,95.75149597367272,3.1182850361801684
500,0.27066603070124984,1.0924040107056499,0.6099549937061965,94.69133999664336,7.482476008590311
501,0.5933230277150869,1.0901270434260368,0.5804569809697568,97.8976630140096,7.461623987182975
502,0.6512659601867199,1.4087269664742053,0.5462020053528249,96.82855504797772,3.1664380221627653
503,0.26987201999872923,1.122203015256673,0.631702016107738,94.6343670366332,7.49798899050802
504,0.66087901359424,1.1329090339131653,0.5799439968541265,98.54733903193846,7.414232008159161
505,0.6640010396949947,1.0944899986498058,0.5108309560455382,97.9256970458664,3.1728200265206397
506,0.2676389995031059,1.0970929870381951,0.616188975982368,94.36238696798682,7.508943963330239
507,0.6510840030387044,1.0845649521797895,0.5828880239278078,101.60253004869446,7.627118960954249
508,0.6630189600400627,1.110087032429874,0.4921429790556431,98.97390200057998,3.1452479888685048
509,0.27246499666944146,1.4153849915601313,0.5813000025227666,98.4226000146009,7.573738985229284
510,0.6586679955944419,1.0847399826161563,0.585592002607882,99.03465100796893,7.50679598422721
511,0.6497889989987016,1.0961319785565138,0.46396697871387005,98.16705802222714,3.126666008029133
512,0.2671449910849333,1.1268419912084937,0.602404004894197,96.69270599260926,7.683345000259578
513,0.6599529879167676,1.1652570101432502,0.6073910044506192,108.76683203969151,7.803555985447019
514,0.5836579948663712,1.1129420017823577,0.5625869962386787,97.48114895774052,3.2744230120442808
515,0.264208996668458,1.0779700241982937,0.5951109924353659,98.42618700349703,7.5946549768559635
516,0.6652000010944903,1.0689939954318106,0.2941609709523618,106.45198699785396,7.578735996503383
517,0.6776879890821874,1.1147839832119644,0.6149940309114754,97.09278895752504,3.213877964299172
518,0.3213219461031258,1.1232440010644495,0.5962059949524701,98.166186013259,7.369414030108601
519,0.6967029767110944,1.109975972212851,0.3199370112270117,102.35342296073213,7.371651008725166
520,0.662225007545203,1.1476710205897689,0.4660059930756688,96.87025198945776,3.0759170185774565
521,0.26808498660102487,1.5449289930984378,0.617834972217679,94.72302498761564,7.369917002506554
522,0.6497169961221516,1.084378978703171,0.31271902844309807,101.5747640049085,7.391298015136272
523,0.651425973046571,1.1174699757248163,0.4614189965650439,96.56029398320243,3.201737010385841
524,0.27061597211286426,1.0557639761827886,0.5749569972977042,94.84448400326073,7.844288018532097
525,0.6735239876434207,1.069539983291179,0.29174203518778086,105.21841398440301,7.438509026542306
526,0.6525920471176505,1.1308909743092954,0.4644599976018071,97.08673297427595,3.123694972600788
527,0.26509701274335384,1.1598839773796499,0.5729069816879928,95.8220650209114,7.782386965118349
528,0.5904010031372309,0.9037780109792948,1.6306450124830008,596.5093550039455,0.5326709942892194
529,0.22382597671821713,0.765059026889503,1.0808040387928486,127.80753697734326,0.21726003615185618
530,0.28145196847617626,1.008124032523483,0.5538639961741865,90.8603579737246,7.91089900303632
531,0.6291859899647534,1.1074889916926622,0.261634006164968,107.0512140286155,8.061763015575707
532,0.7590500172227621,1.0983120300807059,0.5107400356791914,97.11410396266729,3.2274980330839753
533,0.27110299561172724,1.1100160190835595,0.6000850116834044,97.60828397702426,7.638261013198644
534,0.6850030040368438,1.1054800124838948,0.3209449932910502,106.10999801428989,7.609324995428324
535,0.6895160186104476,1.0911510325968266,0.5903280107304454,96.44231799757108,3.2100380049087107
536,0.27719896752387285,1.1008669971488416,0.5914680077694356,93.19530503125861,7.556378957815468
537,0.6936269928701222,1.1070060427300632,0.31252799089998007,101.87642998062074,7.502697000745684
538,0.6644889945164323,1.0796809801831841,0.5475099897012115,97.34831395326182,3.4752770443446934
539,0.26779400650411844,1.4458699733950198,0.5859549855813384,98.30772102577612,7.8232280211523175
540,0.6888990174047649,1.092675025574863,0.3115309518761933,105.4504539933987,7.465118949767202
541,0.6662750383839011,1.1265430366620421,0.5172390374355018,97.29967400198802,3.1566269462928176
542,0.28055498842149973,1.110598968807608,0.6160560296848416,93.12481695087627,7.392822008114308
543,0.6837230175733566,1.0749119683168828,0.2947119646705687,102.0144849899225,7.515866018366069
544,0.6602869834750891,1.08310702489689,0.5406499840319157,99.47617899160832,3.214716969523579
545,0.27453602524474263,1.0862500057555735,0.5763649824075401,93.33746897755191,7.554855954367667
546,0.6663509993813932,1.1102500138804317,0.30271103605628014,100.8708710432984,7.450556033290923
547,0.6727779982611537,1.0993279865942895,0.48547901678830385,98.15480501856655,3.200309001840651
548,0.27047202456742525,1.066813012585044,0.5868320004083216,92.75643195724115,7.4680710094980896
549,0.6713789771310985,1.0813920525833964,0.29713998083025217,112.88466001860797,7.658228976652026
550,0.6645880057476461,1.130188989918679,0.47916604671627283,102.6387779857032,3.222252009436488
551,0.2829090226441622,1.0898790205828846,0.6212449516169727,93.87809899635613,7.520893996115774
552,0.6094689597375691,1.1056670336984098,0.3020439762622118,100.37785401800647,7.827911002095789
553,0.5114270024932921,1.0082799708470702,3.3803900005295873,689.5622930023819,0.23515097564086318
554,0.25514198932796717,0.9916480048559606,0.5764029920101166,89.17494595516473,7.623248966410756
555,0.5499229882843792,1.1103990254923701,0.29358098981902003,101.49199701845646,7.629936037119478
556,0.5640370072796941,1.0996380005963147,0.5248330417089164,103.23326801881194,3.2293590484187007
557,0.2866550348699093,1.1103959986940026,0.614696997217834,94.808297988493,9.762610017787665
558,0.619024969637394,1.15507299778983,0.34535903250798583,103.96727098850533,7.661644020117819
559,0.6950030219741166,1.1043259873986244,0.5352520383894444,103.06508000940084,3.411391982808709
560,0.26689900550991297,0.8764559752307832,3.9243249921128154,570.0345230288804,0.5039240350015461
561,0.7004099898040295,1.030348998028785,0.5763919907622039,91.12776396796107,8.212141983676702
562,0.7002660422585905,1.1111959465779364,0.4739059950225055,100.22026399383321,3.385176998563111
563,0.3360079717822373,1.113447011448443,0.6009869975969195,95.01852601533756,7.748770003672689
564,0.6845890311524272,1.6923939692787826,0.6065989728085697,95.62152903527021,7.809811970219016
565,0.7105239783413708,1.115581952035427,0.5631849635392427,96.45783097948879,3.3015900407917798
566,0.9631740394979715,1.0945050162263215,0.6635970203205943,93.54150900617242,7.817089033778757
567,0.6859280401840806,1.0962110245600343,0.6164080114103854,97.3660449963063,7.630245003383607
568,0.708863022737205,1.0597430518828332,0.47827698290348053,99.30285601876676,3.272151981946081
569,0.27105299523100257,1.0797090362757444,0.6192500004544854,93.3142919675447,7.66566296806559
570,0.6873050006106496,1.1000510421581566,0.6105020293034613,93.98246603086591,7.6872900244779885
571,0.6885760230943561,1.0985319968312979,0.46713300980627537,96.84076602570713,3.285653016064316
572,0.28934504371136427,1.4411830343306065,0.6106190267018974,99.71793298609555,7.620710006449372
573,0.6703459657728672,1.0905759991146624,0.5782149964943528,98.13996101729572,7.788281014654785
574,0.5235699936747551,0.7796669960953295,2.526147000025958,467.5471060327254,0.22138102212920785
575,0.29268499929457903,0.9988299570977688,0.561856955755502,89.54287099186331,7.7046999940648675
576,0.6882390007376671,1.1069070314988494,0.6477280403487384,97.0565439783968,7.756823964882642
577,0.6961330072954297,1.1136119719594717,0.47719001304358244,101.33655997924507,3.2921230304054916
578,0.2807319979183376,1.1496060178615153,0.6127689848653972,94.63211800903082,7.670789957046509
579,0.703781028278172,1.1270520044490695,0.6802409770898521,96.40694299014285,7.778436003718525
580,0.6957320147193968,1.1176450061611831,0.6350699695758522,97.96310000820085,3.2861620420590043
581,0.27413200587034225,1.1039120145142078,0.601244973950088,95.25451803347096,7.757060986477882
582,0.6886689807288349,1.1128049809485674,0.6131849950179458,107.55503695691004,7.791391049977392
583,0.6844099843874574,1.120586006436497,0.4870489938184619,102.1889959811233,3.2801159541122615
584,0.28426904464140534,1.087171956896782,0.6541830371133983,95.9562259959057,7.758971012663096
585,0.68901595659554,1.1212200042791665,0.5941230338066816,96.35579702444375,7.714268984273076
586,0.681622012052685,1.1061880504712462,0.48440496902912855,98.2017180067487,3.272800997365266
587,0.27962803142145276,1.4992220094427466,0.6206540274433792,95.42798600159585,7.706184987910092
588,0.697690004017204,1.1600869474932551,0.6203769589774311,103.30827097641304,7.755336991976947
589,0.6979570025578141,1.1222329922020435,0.4954019677825272,99.46443297667429,3.233894007280469
590,0.2794860047288239,1.1275470023974776,0.590447976719588,95.82471603062004,7.623174984473735
591,0.5863169790245593,1.1406909907236695,0.6443910533562303,99.40633602673188,7.674271997530013
592,0.698207993991673,1.1359810014255345,0.5477470112964511,97.70481596933678,3.319166018627584
593,0.27158501325175166,1.0978089994750917,0.6152000278234482,99.48687598807737,7.696621993090957
594,0.6767069571651518,1.1670910171233118,0.6389970076270401,101.58718598540872,7.801715051755309
595,0.6757870432920754,1.1677489965222776,0.4920610226690769,97.73543698247522,3.2837269827723503
596,0.28081302298232913,1.1784969829022884,0.5957790417596698,97.29469602461904,4.426832019817084
597,0.7255580276250839,1.1186969932168722,0.3326919977553189,105.7962829945609,8.022624999284744
598,0.5758359911851585,1.0966259869746864,0.6133950082585216,99.59137701662257,7.8094759956002235
599,0.7280349964275956,1.1301249614916742,0.592170050367713,94.34531297301874,7.790917996317148
600,0.713036977685988,1.1041840189136565,0.32376503804698586,99.94961298070848,7.71832896862179
601,0.7028370164334774,1.1254880228079855,0.5996939726173878,100.98730702884495,7.68082303693518
602,0.6920959567651153,1.4699749881401658,0.6082209874875844,96.88731702044606,7.664447010029107
603,0.7713779923506081,1.1026820284314454,0.2997780102305114,105.69653601851314,7.947567035444081
604,0.696013041306287,1.1217930004931986,0.5926520098000765,96.66714700870216,7.940042007248849
605,0.6823999574407935,1.107479038182646,0.6103180348873138,96.14806500030681,7.706865028012544
606,0.6982509512454271,1.1572119547054172,0.29961601831018925,101.39293101383373,7.887552957981825
607,0.6800609990023077,1.1257019941695035,0.6113589624874294,100.66922497935593,7.577056006994098
608,0.6819349946454167,1.5404360019601882,0.5927460151724517,95.21717904135585,8.075820980593562
609,0.3894600085914135,0.8037589723244309,1.0699679842218757,398.08968000579625,0.5269389948807657
610,0.8192270179279149,1.0257979738526046,0.5645870114676654,90.56426101597026,8.120415965095162
611,0.7120189839042723,1.0634150239638984,0.6003630114719272,101.81509499670938,8.011939993593842
612,0.5788470152765512,1.10216299071908,0.3186209942214191,101.38685000129044,7.986232987605035
613,0.5789389833807945,1.1426149867475033,0.6260849768295884,111.02454998763278,7.912416011095047
614,0.6941930041648448,1.0892339632846415,0.6174399750307202,104.99168501701206,8.116521988995373
615,0.7992160390131176,1.0781979653984308,0.3136199666187167,105.97721504746005,7.871385954786092
616,0.7479249616153538,1.0933360317721963,0.6236489862203598,97.82950102817267,7.6871400233358145
617,0.6953609990887344,1.1508809984661639,0.6139270262792706,97.36215596785769,7.842024962883443
618,0.7080340292304754,1.1402969830669463,0.31639396911486983,102.10298502352089,7.884740014560521
619,0.7020990015007555,1.1200119624845684,0.47998898662626743,100.54042300907895,7.8366780071519315
620,0.8106619934551418,1.0899759945459664,0.6062830216251314,95.28264804976061,7.7683739946223795
621,0.7025540107861161,1.0989950387738645,0.3043359611183405,113.7501240009442,7.726153999101371
622,0.6810100167058408,1.0739790159277618,0.6285519921220839,99.16051104664803,7.496509002521634
623,0.6712530157528818,1.0671799536794424,0.5892959889024496,96.19742800714448,7.742699992377311
624,0.6966179935261607,1.4747430104762316,0.31605700496584177,111.42321198713034,7.783357985317707
625,0.7000420009717345,1.1056209914386272,0.6025570328347385,97.18096000142395,7.688795041758567
626,0.6921089952811599,1.1174770188517869,0.5924769793637097,96.63594799349084,7.794893987011164
627,0.7472899742424488,1.1363799567334354,0.6084399647079408,97.31452300911769,7.641041011083871
628,0.6295359926298261,1.096218009479344,0.6138120079413056,93.73155300272629,7.6205559889785945
629,0.6718149525113404,1.1099379626102746,0.6149730179458857,95.17841303022578,7.593718008138239
630,0.7519909995608032,1.1407459969632328,0.5812360323034227,101.30779899191111,7.498433988075703
631,0.6585969822481275,1.5589140239171684,0.6144780199974775,95.64585698535666,7.721999019850045
632,0.6655260222032666,1.1045229621231556,0.6111530237831175,94.3142200121656,7.742761983536184
633,1.3263780274428427,1.1014110059477389,0.6272949976846576,96.11436101840809,7.404008007142693
634,0.6283599650487304,1.134492049459368,0.6066039786674082,101.46536299725994,7.4315990204922855
635,0.6836959510110319,1.0785409831441939,0.6116279982961714,94.21106101945043,7.481454988010228
636,0.6628589471802115,1.1173710227012634,0.57725899387151,95.90803104219958,7.658030022867024
637,0.65782101592049,1.1203499743714929,0.5889360327273607,102.05746401334181,7.5532940099947155
638,0.6705240230076015,1.1038350057788193,0.59227499878034,94.97820300748572,7.371051993686706
639,0.642529979813844,1.0922259534709156,0.5929399630986154,96.76269697956741,7.490577991120517
640,0.7269720081239939,1.1297190212644637,0.6291780155152082,96.291090012528,7.418328954372555
641,0.6810229970142245,1.1431039893068373,0.6232140003703535,95.58347897836939,7.465830014552921
642,0.6935969577170908,1.1447119759395719,0.5899259704165161,96.1484739673324,7.767201983369887
643,0.6574689759872854,1.0793489636853337,0.6120339967310429,98.1420410098508,7.606350991409272
644,0.5472819902934134,1.4984129811637104,0.5792870069853961,95.32692399807274,7.562156009953469
645,0.5649540107697248,1.0855279979296029,0.5821840022690594,99.40031496807933,7.471058983355761
646,0.6548129604198039,1.098470005672425,0.6233919993974268,95.49825900467113,7.4937689932994545
647,0.6788070313632488,1.1259539751335979,0.5947930039837956,94.60832999320701,7.726654002908617
648,0.548780953977257,1.0988959693349898,0.5950360209681094,98.78249699249864,7.668269972782582
649,0.6724849808961153,1.1376920156180859,0.6073659751564264,95.66244296729565,7.70717702107504
650,1.1076820082962513,1.1255340068601072,0.6037139683030546,95.24251095717773,7.492705015465617
651,0.6553059793077409,1.1097319656983018,0.6120040197856724,96.75970702664927,7.403500960208476
652,0.6522380281239748,1.0753290262073278,0.5828519933857024,94.63729697745293,7.472230994608253
653,0.6625429959967732,1.089799974579364,0.5885559949092567,95.16418597195297,7.513293996453285
654,0.6563129718415439,1.127502997405827,0.6232439773157239,97.38402004586533,7.470053969882429
655,0.6552669801749289,1.0816730209626257,0.6093260017223656,94.76609097328037,7.423414965160191
656,0.6394110387191176,1.1489620083011687,0.5770919960923493,104.7740260255523,7.637088012415916
657,0.5862340331077576,1.097942003980279,0.5946559831500053,97.40516397869214,7.447784999385476
658,0.7407859666272998,1.1118720285594463,0.6188689731061459,96.22933104401454,7.508623995818198
659,0.6500760209746659,1.096084015443921,0.629312009550631,95.3142200014554,7.4580140062607825
660,0.5220969906076789,1.1500390246510506,0.5878399824723601,96.22417000355199,7.322174962610006
661,0.5894980276934803,1.072605955414474,0.5859379889443517,98.13442901941016,7.470362994354218
662,0.5781369982287288,1.0748400236479938,0.6101829931139946,94.29023403208703,7.5107410084456205
663,0.6570100085809827,1.0830989922396839,0.6053760298527777,96.943574026227,7.566982007119805
664,0.566982023883611,1.1016009957529604,0.625274027697742,94.68076302437112,7.418419001623988
665,0.6595139857381582,1.1136929970234632,0.6067290087230504,94.37346598133445,7.320128963328898
666,0.6412349757738411,1.1291980044916272,0.6148439715616405,98.28738198848441,7.298251963220537
667,0.7011949783191085,1.622596988454461,0.6152080022729933,99.81019399128854,7.600501994602382
668,0.5473989876918495,1.0920640197582543,0.5931720370426774,94.11866398295388,7.331328990403563
669,0.6572689744643867,1.0901300120167434,0.618805002886802,95.32721800496802,7.378355017863214
670,0.6384440348483622,1.1114380322396755,0.6043149624019861,97.0518120448105,7.32170301489532
671,0.6310509634204209,1.0808009537868202,0.6121229962445796,98.28044503228739,7.399438007269055
672,0.6539219757542014,1.117756008170545,0.6530400132760406,95.57913796743378,7.265507010743022
673,0.6323049892671406,1.1405579862184823,0.588725961279124,94.23850197345018,7.3229389963671565
674,0.6432969821617007,1.0949290008284152,0.5990180070511997,105.0675809965469,7.382052019238472
675,0.5840970552526414,1.120176981203258,0.6030009826645255,96.89575200900435,7.256275974214077
676,0.6316960207186639,1.1078649549745023,0.5976859829388559,102.2473230259493,7.2132369969040155
677,0.6467620260082185,1.0867919772863388,0.30754198087379336,103.61766698770225,7.479300955310464
678,0.6389760528691113,1.06405297992751,0.5977830151095986,96.62951197242364,7.481993990950286
679,0.6520560127682984,1.0914410231634974,0.5939630209468305,95.92605999205261,7.371429994236678
680,0.6420870195142925,1.0783559991978109,0.3048620419576764,106.60687799099833,7.315147027838975
681,0.6535759894177318,1.1284099891781807,0.6539819878526032,98.86193100828677,7.206746027804911
682,0.5773790180683136,1.1294939904473722,0.6473109824582934,95.98204703070223,7.4066309607587755
683,0.5292679998092353,1.1410260340198874,0.29930000891909003,112.0492719928734,7.41500302683562
684,0.6623690132983029,1.089164987206459,0.6590789998881519,100.33178800949827,7.549874018877745
685,0.6564909708686173,1.091528043616563,0.6124699721112847,94.60118302376941,7.248027017340064
686,0.5986889591440558,1.0643290006555617,0.33031601924449205,102.74013399612159,7.231160008814186
687,0.574867008253932,1.067787001375109,0.6098619778640568,95.45512904878706,7.323946978431195
688,0.6941930041648448,1.0675929952412844,0.5766800022684038,95.15515901148319,7.286016014404595
689,0.6534660351462662,1.1453849729150534,0.3182489890605211,99.5404229615815,7.520760002080351
690,0.6442120065912604,1.0606740252114832,0.6005580071359873,97.44411101564765,7.485829992219806
691,0.6128100212663412,1.0763630270957947,0.6240830407477915,94.82628101250157,7.281068013980985
692,0.7661959971301258,1.1146719916723669,0.2970449859276414,101.09765297966078,7.335021044127643
693,0.5619929870590568,1.0809720261022449,0.5809409776702523,95.80450895009562,7.626730017364025
694,0.6182080251164734,1.09810201684013,0.6052689859643579,109.41584600368515,7.132497034035623
695,0.544377020560205,1.075075997505337,0.2928689937107265,102.19566198065877,7.270832953508943
696,0.6358959944918752,1.0417539742775261,0.5960730486549437,95.7109279697761,7.253959018271416
697,0.6293579936027527,1.1123900185339153,0.6151309935376048,94.37815402634442,7.267461973242462
698,0.6576779996976256,1.1226600036025047,0.30374102061614394,103.47023402573541,7.372674997895956
699,0.6434679962694645,1.0879940236918628,0.5881449906155467,97.691344039049,7.710066041909158
700,0.5232800031080842,0.8141559665091336,3.6393189802765846,511.0700560035184,0.48153597163036466
701,0.4430880071595311,0.9234030148945749,1.1376499896869063,447.66755896853283,0.42706000385805964
702,0.6196029717102647,0.9945889469236135,0.5550289642997086,91.191545012407,8.330641023349017
703,0.6401939899660647,1.0657310485839844,0.5939859547652304,95.58159700827673,7.394679996650666
704,0.641346035990864,1.0924930102191865,0.30349899316206574,101.50923201581463,7.265331980306655
705,0.6605359958484769,1.1553089716471732,0.5957289831712842,98.32715400261804,7.513573975302279
706,0.6401760037988424,1.0886149830184877,0.59452501591295,96.39915003208444,7.410110963974148
707,0.6460070144385099,1.0926719987764955,0.30110403895378113,94.7618680074811,7.466303999535739
708,0.5665679927915335,1.0697759571485221,0.5778300110250711,98.14694803208113,7.442265981808305
709,0.6863950402475893,1.1190390214323997,0.5904859863221645,95.14895302709192,7.6501910225488245
710,0.5723740323446691,1.1067110463045537,0.3131440025754273,95.43982497416437,7.614349015057087
711,0.30258798506110907,0.7473109872080386,1.4275769935920835,158.27168902615085,0.4360769526101649
712,0.6383599829860032,0.9569359826855361,0.562082976102829,88.71276304125786,7.369594997726381
713,0.6295150378718972,1.0942199733108282,0.25868997909128666,100.19626299617812,7.471535005606711
714,0.658308039419353,1.1630110093392432,0.581782020162791,104.01188296964392,7.552000985015184
715,0.6528720259666443,1.0959389619529247,0.6383970030583441,112.71278199274093,7.5767559465020895
716,0.6403949810191989,1.7856640042737126,0.34438702277839184,95.03761603264138,7.641085016075522
717,0.6689319852739573,1.5902880113571882,0.6196909816935658,98.43308903509751,7.65303400112316
718,0.6510089733637869,1.1134849628433585,0.619289989117533,100.90566403232515,7.565779029391706
719,0.6458479911088943,1.0877539752982557,0.30547601636499166,95.44532804284245,7.43728899396956
720,0.6764609715901315,1.0747170308604836,0.5973720108158886,97.10558701772243,7.369360013399273
721,0.6703740218654275,1.0904520167969167,0.5853729671798646,96.0567090078257,7.710480014793575
722,0.6270630401559174,1.1115410015918314,0.29858696507290006,97.7296429919079,7.803599000908434
723,0.2853780169971287,0.7928190170787275,1.9321089494042099,225.4668269888498,0.4361119936220348
724,0.6712580216117203,1.0161970276385546,0.5521609564311802,87.2505169827491,7.310447981581092
725,0.629462010692805,1.0837140143848956,0.280018022749573,94.27595400484279,7.138332992326468
726,0.6294770282693207,1.0415290016680956,0.5830000154674053,95.81264696316794,7.26294401101768
727,0.6513809785246849,1.0979649960063398,0.5886459839530289,98.47128600813448,7.690227997954935
728,0.8238059817813337,0.90038898633793,1.71461800346151,688.26247099787,0.43418200220912695
729,0.2388110151514411,0.7309210486710072,1.1313630384393036,122.29454203043133,0.4316529957577586
730,0.7377720321528614,0.9261350496672094,0.5554839735850692,93.44831696944311,7.586663996335119
731,0.6933919503353536,1.0881819762289524,0.2788840210996568,93.43753999564797,9.093308006413281
732,0.6498139700852334,1.0747610358521342,0.6032909732311964,98.46677602035925,7.554599025752395
733,0.6643480155616999,1.0832480038516223,0.590184994507581,96.66349901817739,7.494922028854489
734,0.7218270329758525,1.1150770005770028,0.3099339664913714,103.29390998231247,7.670196995604783
735,0.6867889896966517,1.1757279862649739,0.5861889803782105,99.69265904510394,7.6363280531950295
736,0.645563006401062,1.1094079818576574,0.6245329859666526,97.00790303759277,7.503259985242039
737,0.74977200711146,1.094947976525873,0.3071739920414984,94.49539898196235,7.569901004899293
738,0.6622470100410283,1.070402970071882,0.601133971940726,99.71707296790555,7.656825007870793
739,0.6610510172322392,1.417709980159998,0.6272740429267287,95.44118196936324,7.577364973258227
740,0.7086630212143064,1.138641033321619,0.30103203607723117,99.60778098320588,7.555403979495168
741,0.6611900171265006,1.111909979954362,0.6717249634675682,97.30053500970826,7.645239005796611
742,0.6642919615842402,1.0857709567062557,0.609386945143342,100.3680900321342,7.623908983077854
743,0.6532709812745452,1.1229590163566172,0.3129499964416027,100.13611998874694,7.561098027508706
744,0.674476963467896,1.164042972959578,0.6307659787125885,98.7697759992443,7.768573996145278
745,0.6461400189436972,1.1407359852455556,0.6204589735716581,96.40893002506346,7.689054007641971
746,0.6429550121538341,1.0964759858325124,0.29378902399912477,94.05176300788298,7.588982000015676
747,0.5976430256851017,1.0818889713846147,0.618510995991528,98.24207401834428,7.550298993010074
748,0.6500530289486051,1.089200028218329,0.6200110074132681,101.19109798688442,7.879925018642098
749,0.6708740256726742,1.097282045520842,0.29509299201890826,98.98936399258673,7.588077976834029
750,0.65748201450333,1.085053023416549,0.5839969962835312,97.86082099890336,7.537781028077006
751,0.6554240244440734,1.1205759947188199,0.6133809802122414,99.30144198006019,7.590988010633737
752,0.5469209863804281,1.1237619910389185,0.3692799946293235,106.28684901166707,7.5885289697907865
753,0.7085520192049444,1.6902440111152828,0.5922350101172924,101.03699698811397,7.6652030111290514
754,0.6618060288019478,1.1151140206493437,0.6550909602083266,97.37145301187411,7.7238809899427
755,0.6724700215272605,1.1223949841223657,0.3078390145674348,103.52615703595802,7.4847700307145715
756,0.6587659590877593,1.1062800185754895,0.5789989954791963,105.13870901195332,7.485303969588131
757,0.6626279791817069,1.084307034034282,0.5875059869140387,95.07154696621001,7.56724295206368
758,0.6381949642673135,1.1111890198662877,0.31788699561730027,102.98953799065202,7.52032600576058
759,0.6394480005837977,1.1322689824737608,0.6090460228733718,96.27501398790628,7.667199999559671
760,0.696938019245863,1.1526010348461568,0.5894729983992875,99.52771995449439,7.627585029695183
761,0.6519759772345424,1.1147389886900783,0.3002110170200467,105.604289972689,7.682177005335689
762,0.6408370099961758,1.133774989284575,0.6583119975402951,96.8583410140127,7.630536973010749
763,0.6514079868793488,1.1012550094164908,0.5962409777566791,96.42609400907531,7.53968401113525
764,0.5996040417812765,1.1242100154049695,0.3037339774891734,105.07840802893043,7.52210000064224
765,0.6691039889119565,1.1045390274375677,0.5841440288349986,95.87412799010053,7.5707079959101975
766,0.6538820452988148,1.5057220007292926,0.6125990184955299,97.55963698262349,7.643568969797343
767,0.6424629827961326,1.097972970455885,0.31046103686094284,110.86443800013512,7.7162079978734255
768,0.6573169957846403,1.1278499732725322,0.5861549871042371,97.8434489807114,7.66210095025599
769,0.6513599655590951,1.0914219892583787,0.5863909609615803,97.65070298453793,7.6167460065335035
770,0.6690550362691283,1.1122500291094184,0.29767799424007535,93.72061199974269,7.780658022966236
771,0.701904995366931,1.124695991165936,0.6034169928170741,98.56225899420679,7.689928985200822
772,0.6521299947053194,1.1450070305727422,0.60887704603374,96.95955499773845,7.5714230188168585
773,0.653817958664149,1.1208020150661469,0.5864960257895291,99.67167204013094,7.678494032006711
774,0.7233730284497142,1.087289012502879,0.6066400092095137,100.2248099539429,7.6626259833574295
775,0.5250239628367126,1.129864016547799,0.5871860194019973,97.10166999138892,7.855422038119286
776,0.763860996812582,1.1327340034767985,0.5879229865968227,96.32730897283182,7.6064669992774725
777,0.6655579782091081,1.133214042056352,0.5871130269952118,99.630706012249,7.689181016758084
778,0.6349519826471806,1.206938992254436,0.5855720373801887,97.50248398631811,7.57602701196447
779,0.6491340463981032,1.0984420077875257,0.43380301212891936,94.96920596575364,7.452699006535113
780,0.5285320221446455,1.1277220328338444,0.6280650268308818,97.66653896076605,7.547231041826308
781,0.647357024718076,1.4904859708622098,0.6014549871906638,96.88796999398619,7.526755973231047
782,0.6336999940685928,1.0938000050373375,0.3207990084774792,95.31209600390866,7.407017983496189
783,0.6263360264711082,1.0973329772241414,0.6051959935575724,98.26391097158194,7.5170930358581245
784,0.7081780349835753,1.092270016670227,0.5938039976172149,95.95374402124435,7.681957038585097
785,0.652847986202687,1.128061965573579,0.33479504054412246,96.3827790110372,7.501628017053008
786,0.6553970160894096,1.1545430170372128,0.6108920206315815,98.30665099434555,7.486666028853506
787,0.6518290028907359,1.1435909545980394,0.6092539988458157,105.17842194531113,7.4099230114370584
788,0.6529719685204327,1.106018025893718,0.30657602474093437,102.57998900488019,7.530257978942245
789,0.6629980052821338,1.1152619845233858,0.629831978585571,97.08018501987681,7.4928420362994075
790,0.6647130358032882,1.1007959838025272,0.6099139573052526,97.16197103261948,7.594231981784105
791,0.63091900665313,1.1248929658904672,0.3275880008004606,96.22013597982004,7.503294036723673
792,0.6344210123643279,1.1157019762322307,0.5958179826848209,115.86189403897151,7.523193955421448
793,0.5743859801441431,1.0760949808172882,0.5995529936626554,97.52604097593576,7.642978976946324
794,0.5895759677514434,1.096893975045532,0.32115698559209704,99.43399502662942,7.67387798987329
795,0.6301890243776143,1.1446280404925346,0.5986620089970529,97.39204100333154,7.565432053525001
796,0.6583909853361547,1.1108380276709795,0.5987040349282324,96.52922995155677,7.6832230552099645
797,0.6497640279121697,1.1690739775076509,0.3084890195168555,95.64492298522964,7.666943012736738
798,0.6491639651358128,1.1179129942320287,0.5777400219812989,96.5271019958891,7.6930029899813235
799,0.6972880219109356,1.132622011937201,0.6225489778444171,98.01930497633293,7.800814986694604
800,0.6457889685407281,1.1223889887332916,0.657971017062664,99.86610902706161,7.460652966983616
801,0.636029988527298,1.1096920352429152,0.6475520203821361,96.49434295715764,7.671636994928122
802,0.2512669889256358,0.734044995624572,1.1905430001206696,123.0364820221439,0.42126199696213007
803,0.6424059974960983,0.8877410436980426,0.5346550024114549,89.75507598370314,7.24734301911667
804,0.6150840199552476,1.0738170240074396,0.612824980635196,100.37082200869918,7.456534018274397
805,0.6298439693637192,1.0734020033851266,0.6055270205251873,102.22730395616964,7.452012039721012
806,0.6180969648994505,1.510756032075733,0.6140150362625718,94.94296804768965,7.425970979966223
807,0.7146120187826455,1.1174200335517526,0.5926309968344867,96.24253795482218,7.4423939804546535
808,0.6531639955937862,1.1363360099494457,0.5800799699500203,101.10277100466192,7.388158002868295
809,0.6909170188009739,1.1144400341436267,0.575806014239788,99.49187899474055,7.693732040934265
810,0.5884459824301302,1.073958002962172,0.6008800119161606,95.43878899421543,7.518052007071674
811,0.5427800351753831,1.1309969704598188,0.6369979819282889,96.14327998133376,7.370929000899196
812,0.6461539887823164,1.088831981178373,0.6086410139687359,96.06621199054644,7.395698979962617
813,0.636262004263699,1.1026699794456363,0.5983519949950278,96.45673201885074,7.525361026637256
814,0.6247129640541971,1.1376350303180516,0.6320490501821041,100.53651500493288,7.518979022279382
815,0.5553830415010452,1.1033759801648557,0.5789310089312494,94.95857497677207,7.5562779675237834
816,0.5782940424978733,1.183584041427821,0.5855990457348526,107.43314999854192,7.383248012047261
817,0.6355930236168206,1.123191963415593,0.6218220223672688,98.98042900022119,7.601917954161763
818,0.2608780050650239,0.7246730383485556,1.5168990357778966,165.45451298588887,0.4484500386752188
819,0.6213210290297866,0.9351010085083544,0.5483989953063428,87.19113102415577,7.696837012190372
820,0.61563600320369,1.093678001780063,0.5703219794668257,99.5389279560186,7.555880001746118
821,0.6786299636587501,1.108708034735173,0.6023890455253422,95.7898210035637,7.459759013727307
822,0.6358610116876662,1.1002710089087486,0.6068649818189442,109.48554304195568,7.308011001441628
823,0.6714529590681195,1.1773720034398139,0.5867709987796843,96.11645597033203,7.536540972068906
824,0.725114019587636,1.1523579596541822,0.5968540208414197,99.11678801290691,7.513971999287605
825,0.6951889954507351,1.121923967730254,0.6040590233169496,95.45648097991943,7.696787011809647
826,0.33594295382499695,0.9390329942107201,1.6395970014855266,187.88789596874267,0.3235519980080426
827,0.4468589904718101,1.024710014462471,0.6452769739553332,87.40110095823184,7.399872993119061
828,0.6725320126861334,1.076128042768687,0.6284650298766792,95.83633701549843,7.433268008753657
829,0.658151984680444,1.0807160288095474,0.5888760206289589,97.9116570088081,7.560298021417111
830,0.706468999851495,1.0996899800375104,0.6126770167611539,94.04647100018337,7.334091002121568
831,0.6808220059610903,1.1027310392819345,0.6138179451227188,94.92941398639232,7.488943985663354
832,0.6586129893548787,1.1675170389935374,0.6134610157459974,95.87732399813831,7.671326980926096
833,0.9569959947839379,0.7373529952019453,1.9892390118911862,231.35514196474105,0.42567396303638816
834,0.6159530021250248,1.0357910068705678,0.5548269837163389,94.23546097241342,7.559399004094303
835,0.6281820242293179,1.1035299976356328,0.6243839743547142,98.06643903721124,7.426142052281648
836,0.626350985839963,1.1225169873796403,0.6293709739111364,95.42051795870066,7.493187964428216
837,0.6369330221787095,1.1007669963873923,0.6161620258353651,95.76092299539596,7.52896600170061
838,0.6456580013036728,1.131759025156498,0.6075920537114143,99.6675890055485,7.43193703237921
839,0.6458329735323787,1.1277280282229185,0.5915029905736446,99.41624198108912,7.45791697409004
840,0.6434639799408615,1.1366049875505269,0.6201399955898523,96.92722500767559,7.387584017124027
841,0.630049966275692,1.1224829941056669,0.6073139957152307,97.58426196640357,7.294941984582692
842,0.6494969711638987,1.097642001695931,0.5958100082352757,96.45743604050949,7.3244349914602935
843,0.6313479971140623,1.5646720421500504,0.5732660065405071,101.52199398726225,7.466393988579512
844,0.5919880350120366,1.1258419835940003,0.5952140199951828,97.76708099525422,7.327780011110008
845,0.7024459773674607,1.0870849946513772,0.5867460276931524,108.89675602084026,7.559950987342745
846,0.6393700023181736,1.1390330037102103,0.5866609863005579,96.7796390177682,7.516804034821689
847,0.6442780140787363,1.1864870321005583,0.5983849987387657,101.4168260153383,7.605357968714088
848,0.6240310030989349,1.0995389893651009,0.5872529582120478,95.90059897163883,7.527650974225253
849,0.6393470102921128,1.1339139891788363,0.5796650075353682,108.26648899819702,7.442269008606672
850,0.6396929966285825,1.1060350225307047,0.6048980285413563,98.07097498560324,7.3911320068873465
851,0.6421349826268852,1.44682900281623,0.6015250110067427,100.02166201593354,7.4241190450266
852,0.6412470247596502,1.0982120293192565,0.5926779704168439,96.36630502063781,7.479841995518655
853,0.5600830190815032,1.0963130043819547,0.5814229953102767,99.41328596323729,7.706110016442835
854,0.6482219905592501,1.1044589919038117,0.5914209759794176,96.0406030062586,7.383767981082201
855,0.646200031042099,1.245716994162649,0.593505974393338,109.48022897355258,7.359571987763047
856,0.6201129872351885,1.099181012250483,0.587834045290947,98.55756198521703,7.437097025103867
857,0.6419190322048962,1.1162959854118526,0.5980889545753598,96.26543801277876,7.421344984322786
858,0.6487650098279119,1.1078749666921794,0.5872409674338996,97.93956903740764,7.421805988997221
859,0.639846024569124,1.1176270199939609,0.6023889873176813,110.8377130003646,3.2044840045273304
860,0.2589849755167961,1.0841760085895658,0.5836170166730881,93.56911800568923,7.523588021285832
861,0.6158959586173296,1.1155329993925989,0.582075968850404,95.74946301290765,7.46380997588858
862,0.6543229683302343,1.0804749908857048,0.6179399788379669,97.43656602222472,7.390227983705699
863,0.6442290032282472,1.1612190282903612,0.5905310390517116,100.617992982734,7.671681989450008
864,0.6233190069906414,1.11147400457412,0.5981239955872297,96.17554198484868,7.40015902556479
865,0.6146630039438605,1.1175069957971573,0.5875239730812609,95.98082496086136,7.602487050462514
866,0.6386709865182638,1.1298370081931353,0.6323520210571587,97.00244199484587,7.517991994973272
867,0.5923279677517712,1.1136539978906512,0.6066999631002545,96.4534500380978,7.464949041604996
868,0.6380870472639799,1.0935799800790846,0.4852190031670034,101.53228603303432,3.291795030236244
869,0.30477700056508183,1.0746759944595397,0.5886860308237374,103.16834895638749,7.326797000132501
870,0.6373830256052315,1.180698978714645,0.6040679872967303,95.41025699581951,7.235531986225396
871,0.6797890528105199,1.1533049982972443,0.6098940502852201,96.0077530471608,7.274161034729332
872,0.5490360199473798,1.0845549986697733,0.587940972764045,108.5712659987621,7.299638004042208
873,0.629864982329309,1.1273279669694602,0.5814819596707821,100.61130998656154,7.208780967630446
874,0.6442799931392074,1.45474704913795,0.6076020072214305,95.70983698358759,7.480619999114424
875,0.3526870277710259,0.9425589814782143,2.0924470154568553,249.9838350340724,0.42801600648090243
876,0.6024439935572445,1.0240960400551558,0.5626759957522154,88.97688199067488,7.185801048763096
877,0.6219210335984826,1.1542910360731184,0.6321780383586884,96.52476001065224,7.206186011899263
878,0.6224719691090286,1.1436789645813406,0.5999180139042437,97.97559899743646,7.310622022487223
879,0.6450309883803129,1.1132149957120419,0.6206980324350297,96.40320501057431,7.191881013568491
880,0.6222459487617016,1.1415600311011076,0.6015020189806819,98.90072699636221,7.201438012998551
881,0.6340630352497101,1.0785259655676782,0.5973289953544736,97.83437399892136,7.6114729745313525
882,0.6205050158314407,1.0832970147021115,0.6790269981138408,96.0241670254618,7.515340985264629
883,0.5019069649279118,0.8364020031876862,2.6045769918709993,313.9248819788918,0.4901260253973305
884,0.6519330199807882,0.992160988971591,0.5753720179200172,90.86084796581417,7.555517950095236
885,0.6377110257744789,1.0904810042120516,0.5964559968560934,99.9222289538011,7.640747993718833
886,0.651610956992954,1.1001949897035956,0.6085789646022022,94.7553560254164,7.4585420079529285
887,0.6718609947711229,1.092636026442051,0.5957990069873631,98.64841704256833,7.559008023235947
888,0.6600860506296158,1.0814039851538837,0.5912769702263176,95.96185199916363,7.521372986957431
889,0.6749790045432746,1.1087909806519747,0.6114389980211854,94.46564898826182,7.639867020770907
890,0.6381339626386762,1.099244982469827,0.6158649921417236,100.60041100950912,7.602390018291771
891,0.5805499968118966,1.1527379974722862,0.6564180366694927,95.75292904628441,7.627072976902127
892,0.5906940205022693,1.1692529660649598,0.6104630301706493,97.9147480102256,7.502294960431755
893,0.6486179772764444,1.5128529630601406,0.6405459716916084,99.42777402466163,7.481833978090435
894,0.7142249960452318,1.1115549714304507,0.5867669824510813,95.88998701656237,7.537503028288484
895,0.6801600102335215,1.1486690491437912,0.6097970181144774,96.25987702747807,7.636288995854557
896,0.6678139907307923,1.1029940214939415,0.5954640218988061,97.33926999615505,7.623056008014828
897,0.6563329952768981,1.0976080084219575,0.5962660070508718,97.01979596866295,7.470445008948445
898,0.64634601585567,1.121447014156729,0.617277983110398,98.82319398457184,7.600402052048594
899,0.6388459587469697,1.1328200343996286,0.6146149826236069,98.7285419832915,7.621741970069706
900,0.5263640196062624,1.1361369979567826,0.5897540249861777,96.60803800215945,7.647103979252279
901,0.5428669974207878,1.1317619937472045,0.49246702110394835,102.72192698903382,3.24661802733317
902,0.261336041148752,1.075181004125625,0.5931939813308418,97.67442505108193,7.5401029898785055
903,0.6404550513252616,1.1071239714510739,0.6147350068204105,106.11693002283573,7.697309949435294
904,0.6452639936469495,1.6909880214370787,0.5043069832026958,98.64016697974876,3.2272249809466302
905,0.2779900096356869,1.0949099669232965,0.5913859931752086,96.82047902606428,7.664019009098411
906,0.5923309945501387,1.0945239919237792,0.6079860031604767,97.06655197078362,7.552736031357199
907,0.6449709762819111,1.1271479888819158,0.6225590477697551,102.22373198485002,3.279611002653837
908,0.2692810376174748,1.1635110131464899,0.5970859783701599,98.29497203463688,7.989245990756899
909,0.6525450153276324,1.095149025786668,0.6504490156657994,96.77503095008433,7.645417004823685
910,0.6435469840653241,1.0865009971894324,0.48185494961217046,98.27974799554795,3.2423230004496872
911,0.25419401936233044,1.097483967896551,0.5988189950585365,105.38703703787178,7.753937039524317
912,0.6423760205507278,1.081991009414196,0.6058049621060491,97.33766200952232,7.669930986594409
913,0.7012450369074941,1.1423490359447896,0.6089770467951894,96.82276000967249,7.556491997092962
914,0.6352940108627081,1.1556369718164206,0.6016030092723668,97.08038298413157,7.708706019911915
915,0.6479109870269895,1.101116999052465,0.6632809527218342,95.88771499693394,7.710445031989366
916,0.6355930236168206,1.1856069904752076,0.6218869821168482,100.45588499633595,7.653340988326818
917,0.6341279949992895,1.1193089885637164,0.6168099935166538,96.9499489874579,7.62290001148358
918,0.6244340329430997,1.1384729878045619,0.5826689884997904,96.53168800286949,7.4254730134271085
919,0.6959569873288274,1.1254160199314356,0.6006979965604842,98.14336302224547,7.672881009057164
920,0.6385050364769995,1.0683959699235857,0.5960600101388991,101.79607599275187,7.533763011451811
921,0.5900479736737907,1.1040949611924589,0.6014250102452934,95.68872000090778,7.527992012910545
922,0.572764954995364,1.1323519865982234,0.6042830063961446,96.55884298263118,7.584964972920716
923,0.5743270157836378,1.0752929956652224,0.605506997089833,97.7522520115599,7.577573996968567
924,0.6688800058327615,1.1165549512952566,0.6604630034416914,100.59863200876862,7.672548992559314
925,0.6350820185616612,1.1842239764519036,0.6137699820101261,106.57289496157318,7.67820596229285
926,0.6365589797496796,1.0876920423470438,0.5957619869150221,96.22868802398443,7.6525009935721755
927,0.6976050208322704,1.0568780126050115,0.6199980271048844,95.01255600480363,7.457278028596193
928,0.643356004729867,1.141400949563831,0.5928730242885649,99.82446098001674,7.486485003028065
929,0.7155489875003695,1.1255309800617397,0.5994749953970313,101.05932597070932,7.463903981260955
930,0.6227960111573339,1.0694699594751,0.6037620478309691,94.93438602657989,7.422009017318487
931,0.5640360177494586,1.1214300175197423,0.5886710132472217,97.72244200576097,7.542437990196049
932,0.6729880115017295,1.1541150161065161,0.5930109764449298,97.5478800246492,7.834069023374468
933,0.719925039447844,1.133401005063206,0.5958949914202094,101.04619601042941,7.588985958136618
934,0.6648140260949731,1.140424981713295,0.616792996879667,99.35882198624313,7.523421023506671
935,0.6557230371981859,1.11099099740386,0.6124880164861679,97.14737097965553,7.565543986856937
936,0.6174279842525721,1.1019720113836229,0.5863810074515641,96.21182997943833,7.537605008110404
937,0.6954990094527602,1.1617009877227247,0.5815430195070803,98.45908300485462,7.472743047401309
938,0.6182340439409018,1.075074018444866,0.6153100403025746,100.48904397990555,7.459850981831551
939,0.6301890243776143,1.6308219637721777,0.6499119917862117,95.48983897548169,7.434670988004655
940,0.6357220117934048,1.1852000025101006,0.7414150168187916,111.2307509756647,7.40823004161939
941,0.6404650048352778,1.1125110322609544,0.614662014413625,98.92353898612782,7.418832974508405
942,0.6185120437294245,1.0996370110660791,0.5995240062475204,96.33931901771575,7.432581041939557
943,0.6471829838119447,1.2020470458082855,0.6154670263640583,96.65476297959685,7.411441998556256
944,0.6290299934335053,1.10813498031348,0.6093650008551776,96.9952080049552,7.3702369700185955
945,0.6286700372584164,1.073619001545012,0.5769700510427356,107.5312600005418,7.470072014257312
946,0.6167980027385056,1.1831840383820236,0.6074879784137011,96.86703601619229,7.454065955244005
947,0.6417649565264583,1.0821889736689627,0.6005089962854981,97.07784396596253,7.739950029645115
948,0.5652519757859409,1.0663979919627309,0.5710140103474259,96.65773896267638,7.528046029619873
949,0.6182619836181402,1.1398520437069237,0.5830879672430456,98.38060202309862,7.686903001740575
950,0.6419449928216636,1.105570001527667,0.6002120207995176,99.69008999178186,7.275804993696511
951,0.6208420381881297,1.0977329802699387,0.5773250013589859,96.02947602979839,7.615003967657685
952,0.5315979942679405,1.0842130286619067,4.066418972797692,538.7076629558578,0.4693710361607373
953,0.46814302913844585,0.8462090045213699,3.492677991744131,442.07981397630647,0.45643100747838616
954,0.6402659928426147,0.9924730402417481,0.5529329646378756,88.9473840361461,7.522743020672351
955,0.5856200004927814,1.1371209984645247,0.5817500059492886,98.44808204798028,7.546949025709182
956,0.6444209720939398,1.1270300019532442,0.6307929870672524,101.83311498258263,7.437178981490433
957,0.7516720215789974,1.0928090196102858,0.5844800034537911,96.28104500006884,7.66977301100269
958,0.6351170013658702,1.149577961768955,0.5980280111543834,98.24606700567529,7.510797993745655
959,0.636368989944458,1.290382002480328,0.5851580062881112,97.88654698058963,7.4357480043545365
960,0.6401159917004406,1.1070059845224023,0.6715179770253599,97.95234102057293,7.352054992225021
961,0.6282090325839818,1.1159770074300468,0.6376570090651512,98.34904898889363,8.061180997174233
962,0.6022739689797163,1.0099969804286957,4.538471985142678,602.0212169969454,0.49972900887951255
963,0.6682770326733589,0.9743609698489308,0.5844989791512489,88.79316103411838,7.643258955795318
964,0.5953030195087194,1.1404069955460727,0.6072389660403132,97.20139700220898,8.154672977980226
965,0.6608589901588857,1.1114490334875882,0.6174939917400479,96.25376295298338,7.753918995149434
966,0.6843149894848466,1.0683200089260936,0.653332972433418,96.5603920049034,7.564047002233565
967,0.665969040710479,1.173942000605166,0.5994060193188488,97.87804097868502,7.716852007433772
968,0.669140019454062,1.1275510187260807,0.6053210236132145,95.94937798101455,8.542808005586267
969,1.0854490101337433,0.9218070190399885,3.5651869839057326,484.1603199602105,0.548148003872484
970,0.6753609632141888,0.9869519853964448,0.587012036703527,88.8384009595029,8.005039009731263
971,0.6493630353361368,1.1215549893677235,0.5936480010859668,97.59060299256817,7.84279900835827
972,0.578644045162946,1.1186220217496157,0.6031999946571887,103.99993497412652,7.800096005667001
973,0.6776840309612453,1.138639054261148,0.6159550393931568,96.5618829941377,7.9141370370052755
974,0.6361370324157178,1.0990629671141505,0.6018499843776226,96.43877198686823,7.833298004698008
975,0.6100119790062308,1.1331160203553736,0.6137909949757159,97.9351939749904,7.893942994996905
976,0.6750359898433089,1.1195180122740567,0.6095729768276215,101.44518601009622,7.961572962813079
977,0.6721689715050161,1.145027985330671,0.6491189706139266,96.02253302000463,7.861384015996009
978,0.6748809828422964,1.109636970795691,0.6144799990579486,95.5269259866327,7.94166000559926
979,0.6622479995712638,1.127303985413164,0.62859698664397,100.91031400952488,7.752174977213144
980,0.6835159729234874,1.1039759847335517,0.5960440030321479,100.11003399267793,7.753435987979174
981,0.6796439993195236,1.111091987695545,0.6147450185380876,95.76762799406424,8.305081981234252
982,0.47889002598822117,0.9287699940614402,4.375568008981645,549.8579140403308,0.5006209830753505
983,0.6599450134672225,0.9964390192180872,0.5906440201215446,87.89040398551151,7.7481509651988745
984,0.6900079897604883,1.1710699764080346,0.6422160076908767,105.32059200340882,7.961053983308375
985,0.7498109480366111,1.1168370256200433,0.6418899865821004,95.31686099944636,7.64551799511537
986,0.6703310064040124,1.120364002417773,0.6678909994661808,94.16005102684721,7.81267398269847
987,0.7119359797798097,1.148982031736523,0.5965940072201192,96.67702595470473,8.388452988583595
988,0.654264003969729,1.1734080035239458,0.6277909851633012,106.1678680125624,3.189842973370105
989,0.2549329656176269,1.1253940174356103,0.5916969967074692,94.27243703976274,7.7014119597151875
990,0.5908070015721023,1.1065590078942478,0.6342080305330455,93.17161398939788,7.413687009830028
991,0.6558230379596353,1.1086970334872603,0.5068600294180214,98.3029380440712,3.163768968079239
992,0.2565070171840489,1.1004679836332798,0.6451020017266273,99.99999002320692,7.432331971358508
993,0.6523000192828476,1.1156650143675506,0.6189040141180158,93.29055499983951,7.477329985704273
994,0.6477339775301516,1.1208769865334034,0.6326420116238296,95.5000480171293,7.619334035553038
995,0.6414810195565224,1.0983039974234998,0.6139180040918291,94.65471701696515,7.317946990951896
996,0.6076499703340232,1.55973294749856,0.6245250115171075,96.44649596884847,7.695981999859214
997,0.5349880084395409,1.158625993411988,0.6744579877704382,95.83676798501983,7.524507003836334
998,0.6595670129172504,1.1039809905923903,0.6245580152608454,95.05767998052761,7.4342089937999845
999,0.639842008240521,1.1405409895814955,0.5912660271860659,94.20571301598102,7.581485027913004
1000,0.7116500055417418,1.1362280347384512,0.6170900305733085,97.99873398151249,7.273578026797622
1001,0.6481480086222291,1.0977269848808646,0.6088539958000183,97.81618998385966,7.330296968575567
1002,0.5690460093319416,1.098732987884432,0.6063900073058903,92.18690596753731,7.395817956421524
1003,0.6427289918065071,1.141255022957921,0.5989589844830334,94.98235996579751,7.2455559857189655
1004,0.671159999910742,1.141662010923028,0.6077309953980148,93.66740699624643,7.313581008929759
1005,0.6811339990235865,1.1126869940198958,0.5801450461149216,95.78077401965857,7.596723036840558
1006,0.5184379988349974,1.1251899995841086,0.6490150117315352,110.28333596186712,7.321235025301576
1007,0.6312309997156262,1.1331149726174772,0.6752609624527395,93.71624805498868,7.414532999973744
1008,0.6399819976650178,1.126824994571507,0.6140369805507362,93.16117502748966,7.309239008463919
1009,0.6477030110545456,1.11306895269081,0.30391401378437877,101.09698696760461,7.32298701768741
1010,0.6353899952955544,1.0893900180235505,0.6178560433909297,97.82883897423744,7.248979003634304
1011,0.6182309589348733,1.103172020521015,0.6164980004541576,94.34449998661876,7.289850036613643
1012,0.6240680231712759,1.139765023253858,0.2982310252264142,102.44592896196991,7.77182902675122
1013,0.637047050986439,1.5518729924224317,0.6065150373615324,93.27659499831498,7.320757023990154
1014,0.6234109750948846,1.1031070025637746,0.6714790361002088,93.6834589811042,7.334186986554414
1015,0.5578890559263527,1.1001730454154313,0.299856998026371,101.51952394517139,7.354333996772766
1016,0.6456270348280668,1.1441480019129813,0.5943910218775272,98.00679999170825,7.417705957777798
1017,0.6369669572450221,1.101036963518709,0.5813749739900231,93.61126698786393,7.3895270470529795
1018,0.6212140433490276,1.0734249954111874,0.3202279913239181,98.74757804209366,7.345277001149952
1019,0.6305860006250441,1.110083016101271,0.5769950221292675,96.14828997291625,7.77656800346449
1020,0.6830000202171504,1.1356630129739642,0.6173999863676727,92.13393501704559,7.247820030897856
1021,0.5936340312473476,1.1116730165667832,0.30176102882251143,104.9345750361681,7.211946998722851
1022,0.658973993267864,1.1336519964970648,0.6072469986975193,93.43473199987784,7.293687027413398
1023,0.5374139873310924,1.1211829842068255,0.6082479958422482,93.25264999642968,7.27287499466911
1024,0.6191839929670095,1.0821709875017405,0.30039099510759115,100.12026299955323,7.279273995663971
1025,0.6069699884392321,1.111847988795489,0.5914999637752771,97.20290097175166,7.1660679532215
1026,0.6131140398792922,1.1010090238414705,0.5861800163984299,92.0488010160625,7.264882035087794
1027,0.6297440268099308,1.0954209719784558,0.6248799618333578,93.99239998310804,7.250501017551869
1028,0.6273870239965618,1.083778974134475,0.5990299978293478,94.05424498254433,7.360927993431687
1029,0.6270180456340313,1.114765997044742,0.6089950329624116,92.80508197844028,7.691070029977709
1030,0.6548300152644515,1.1153980158269405,0.6155910086818039,100.38226196775213,7.008197018876672
1031,0.5906379665248096,1.0811460088007152,0.575685000512749,92.42475999053568,7.1508040418848395
1032,0.5494950455613434,2.02064000768587,1.015777001157403,90.35053401021287,7.015559007413685
1033,0.6106049986556172,1.1263189953751862,0.6158160394988954,94.41430500010028,7.0855869562365115
1034,0.6143170176073909,1.0781080345623195,0.608912028837949,93.05767295882106,7.204806955996901
1035,0.6021690205670893,1.0839480091817677,0.6023260066285729,96.28550102934241,7.176167040597647
1036,0.6074460106901824,1.096528023481369,0.4985489649698138,99.2300589568913,3.100489964708686
1037,0.25634700432419777,1.0975880431942642,0.5832299939356744,93.60615501645952,7.24613998318091
1038,0.6053859833627939,1.0912849684245884,0.6100930040702224,93.08454598067328,7.198655977845192
1039,0.6022690213285387,1.1305469670332968,0.5244069616310298,96.41906101023778,3.0870410264469683
1040,0.24753803154453635,1.0619059903547168,0.6307539879344404,92.40213898010552,7.206144975498319
1041,0.597134989220649,1.0730120120570064,0.5737139726988971,94.69388105208054,7.172236044425517
1042,0.5917140515521169,1.0940920328721404,0.4901310312561691,99.46015098830685,3.1090169795788825
1043,0.256995961535722,1.1265100329183042,0.590750016272068,93.49966602167115,7.221971987746656
1044,0.653446011710912,1.1262170155532658,0.5799659993499517,92.2974250279367,7.434896018821746
1045,0.6717399810440838,1.0747199994511902,0.3039560397155583,100.65077996114269,6.954012031201273
1046,0.5383520037867129,1.098175998777151,0.6706019630655646,93.23525201762095,7.049851992633194
1047,0.5870690220035613,1.077694003470242,0.6038119900040329,94.99158500693738,7.044440018944442
1048,0.5962959839962423,1.1166850454173982,0.3255010233260691,115.48921500798315,3.005085978657007
1049,0.24017301620915532,1.129626005422324,0.6081039900891483,92.65371895162389,6.907858012709767
1050,0.6126270163804293,1.076945976819843,0.6074010161682963,91.66301001096144,6.959292048122734
1051,0.527299998793751,1.1062779813073575,0.518404005561024,94.55276903463528,3.002120996825397
1052,0.23902201792225242,1.0984729742631316,0.5800660001114011,96.35439503472298,7.080920040607452
1053,0.5936099914833903,1.096297986805439,0.6003290181979537,91.97016997495666,7.0996059803292155
1054,0.6026789778843522,1.1111589847132564,0.5818529753014445,94.42411904456094,2.9763499624095857
1055,0.2392769674770534,1.1316420277580619,0.6157659809105098,92.62804401805624,7.012653048150241
1056,0.6449520005844533,1.066367025487125,0.63322699861601,93.03620096761733,7.0215180166997015
1057,0.5862910184077919,1.1279340251348913,0.5958719993941486,93.86071696644649,2.996362978592515
1058,0.23641303414478898,1.0832410189323127,0.5881100078113377,92.23839401965961,7.03578203683719
1059,0.5859779776073992,1.0408079833723605,0.5754549638368189,93.79171999171376,7.025412982329726
1060,0.5882249679416418,1.102767011616379,0.597767997533083,95.86052398663014,2.988494001328945
1061,0.23635895922780037,1.0772229870781302,0.5898419767618179,92.1361040091142,7.138390035834163
1062,0.6535999709740281,1.183057960588485,0.5708959652110934,91.68311598477885,6.938480015378445
1063,0.5890810280106962,1.0670989868231118,0.6326569709926844,94.36184802325442,2.9677519924007356
1064,0.26830099523067474,1.067051023710519,0.5752239958383143,90.86887200828642,6.7625329829752445
1065,0.569417024962604,1.0821300093084574,0.583869987167418,92.63320796890184,6.706244952511042
1066,0.6048200302757323,1.0770320077426732,0.47421298222616315,95.24241898907349,2.9302320326678455
1067,0.23924099514260888,1.0668690083548427,0.6112579721957445,96.52571001788601,6.762514996808022
1068,0.5888650193810463,1.064351003151387,0.5799099453724921,89.8211530293338,6.812614039517939
1069,0.5804349784739316,1.0911650024354458,0.47221698332577944,92.9048319812864,2.951407979708165
1070,0.2411700552329421,1.0944289970211685,0.6058689905330539,90.27680300641805,6.885257025714964
1071,0.5717980093322694,1.1849590227939188,0.5893229972571135,90.39382397895679,6.905629008542746
1072,0.5641989992000163,1.1226159986108541,0.5033019697293639,93.85160700185224,2.9415260069072247
1073,0.25913200806826353,1.0581330279819667,0.5915369838476181,108.10027399566025,7.08075100556016
1074,0.5775800091214478,1.051988045219332,0.5885519785806537,92.11048705037683,6.753904977813363
1075,0.6354630459100008,1.0832750122062862,0.5097310058772564,93.05017197038978,2.8830799856223166
1076,0.24606898659840226,1.0650690528564155,0.5770590505562723,91.60640102345496,6.948146969079971
1077,0.5113770021125674,1.0456179734319448,0.6297840154729784,90.16535099362954,6.861642003059387
1078,0.5834320327267051,1.1062269913963974,0.5530990310944617,97.98784699523821,2.9444610117934644
1079,0.2359770005568862,1.0760730365291238,0.5970500060357153,93.57789397472516,6.853327038697898
1080,0.5883710109628737,1.1255770223215222,0.5906560108996928,93.39410200482234,6.78434397559613
1081,0.5814339965581894,1.1433030012995005,0.4782879841513932,101.73390404088423,2.9720289749093354
1082,0.23560499539598823,1.0709789930842817,0.6248030113056302,89.7298349882476,6.960575003176928
1083,0.5945489974692464,1.0901489877142012,0.6010659853927791,91.13883000100031,6.862534035462886
1084,0.6072960095480084,1.0942220105789602,0.30688801780343056,97.62440400663763,7.082656025886536
1085,1.2162679922766984,1.147445000242442,0.5955770029686391,89.82627297518775,6.771413027308881
1086,0.580651976633817,1.0635109501890838,0.593359989579767,95.51490598823875,6.813732965383679
1087,0.5734000005759299,1.0558500071056187,0.29969296883791685,98.75667002052069,6.797223002649844
1088,0.6277970387600362,1.1417149798944592,0.5888279993087053,90.3089260100387,6.804132019169629
1089,0.5709620309062302,1.069985970389098,0.6205029785633087,89.60108802421018,6.934999022632837
1090,0.5840489757247269,1.1107290047220886,0.3260369994677603,96.76072798902169,6.850942969322205
1091,0.5585590261034667,1.0857190354727209,0.5835939664393663,92.31758199166507,6.649620016105473
1092,0.5748929688706994,1.0959909996017814,0.5828919820487499,90.91466700192541,6.822228024248034
1093,0.55666797561571,1.0587949655018747,0.3030739608220756,99.58049497799948,6.774609035346657
1094,0.5652540130540729,1.0736429831013083,0.5595129914581776,100.68499395856634,6.737820978742093
1095,0.5764070083387196,1.0800529853440821,0.5900730029679835,92.61521202279255,6.808118021581322
1096,0.5816170014441013,1.5729120350442827,0.2802280359901488,95.89608496753499,6.826446042396128
1097,0.5801129736937582,1.0736490366980433,0.6113889976404607,89.90834199357778,6.7666780087165534
1098,0.5677070003002882,1.075197011232376,0.5744419759139419,90.9035779768601,6.707581982482225
1099,0.5665770149789751,1.0764739708974957,0.29574998188763857,97.99120499519631,6.691376038361341
1100,0.5625219782814384,1.1107809841632843,0.5653839907608926,90.66528198309243,6.690026959404349
1101,0.5584139726124704,1.078438013792038,0.5792169831693172,88.34136201767251,6.67801802046597
1102,0.5550279747694731,1.083776995074004,0.29093900229781866,96.68269701069221,7.111856015399098
1103,0.5771989817731082,1.067762030288577,0.5854319897480309,90.14265902806073,6.689842964988202
1104,0.5527759785763919,1.0695120436139405,0.5613210378214717,90.45272396178916,6.767344020772725
1105,0.5738259642384946,1.1207190109416842,0.2908980241045356,97.18059899751097,6.928861024789512
1106,0.6173319998197258,1.1166430194862187,0.5806609988212585,94.57643399946392,6.82013196637854
1107,0.5589049542322755,1.1050159810110927,0.5690010148100555,89.70549603691325,6.746115977875888
1108,0.5507139721885324,1.0687150061130524,0.2938980469480157,96.55668499181047,6.819899950642139
1109,0.5935780354775488,1.5398419927805662,0.576813006773591,92.18021703418344,4.3303900165483356
1110,0.3131479606963694,1.0906850220635533,0.5828620051033795,90.8647439791821,6.668430985882878
1111,0.5160790169611573,1.106905983760953,0.29870099388062954,98.16872701048851,6.712756992783397
1112,0.5873930058442056,1.0782030294649303,0.5686549702659249,95.39461502572522,6.912983022630215
1113,0.5817649653181434,1.0971479932777584,0.5853560287505388,94.63117498671636,6.717154989019036
1114,0.5596319679170847,1.0862540220841765,0.29055203776806593,97.32924500713125,6.783506949432194
1115,0.5736619932577014,1.1071619810536504,0.5813809693790972,89.78083601687104,6.936780991964042
1116,0.5974110099487007,1.0840329923667014,0.5775900208391249,88.89342902693897,6.939329032320529
1117,0.5671829567290843,1.0678900289349258,0.29813899891451,97.40381600568071,6.859225977677852
1118,0.5513539654202759,1.0641490225680172,0.5623269826173782,93.60215102788061,6.787756050471216
1119,0.6256679771468043,1.09193503158167,0.5738000036217272,92.92616898892447,6.736147974152118
1120,0.497636036016047,1.0799149749800563,0.28184097027406096,100.25940800551325,6.761784025002271
1121,0.6109040114097297,1.062449999153614,0.5781039944849908,90.82589100580662,6.855922983959317
1122,0.5512969801202416,1.0860799811780453,0.5765369860455394,90.1938250171952,6.772122986149043
1123,0.5708630196750164,1.0642330162227154,0.28269400354474783,96.5188589761965,6.857199012301862
1124,0.6053709657862782,1.0892950231209397,0.5741500062867999,91.88122296473011,6.903569970745593
1125,0.663048995193094,1.060019014403224,0.5982419825159013,92.79063699068502,6.899986998178065
1126,0.5587449995800853,1.0989109869115055,0.28316600946709514,101.86346800765023,6.872414029203355
1127,0.6246169796213508,1.0566419805400074,0.5692080012522638,89.52105499338359,6.871060992125422
1128,1.040319970343262,1.1248929658904672,0.5845219711773098,90.04085999913514,6.880332017317414
1129,0.5816229968331754,1.0818259906955063,0.3011099761351943,95.70162399904802,6.635446974541992
1130,0.5730839911848307,1.068126002792269,0.6485040066763759,90.61090898467228,7.0428819744847715
1131,0.5581630393862724,1.0752339730970562,0.5724190268665552,89.95298901572824,6.723315047565848
1132,0.5659899907186627,1.1131379869766533,0.2941350103355944,98.19168102694675,6.889736978337169
1133,0.5804349784739316,1.1051110341213644,0.6236350163817406,90.9865300054662,6.8234450300224125
1134,0.5526280147023499,1.086927019059658,0.5571100045926869,90.53778200177476,6.794150976929814
1135,0.5753620062023401,1.0653380304574966,0.2790879807434976,97.44535497156903,6.642377993557602
1136,0.5941009731031954,1.067762030288577,0.5749169504269958,90.62994999112561,6.755880021955818
1137,0.5077890236862004,1.0694839875213802,0.5525730084627867,94.26318400073797,6.671200972050428
1138,0.5862409598194063,1.0582419927231967,0.27445401065051556,98.79045403795317,6.804965029004961
1139,0.5735390004701912,1.0935799800790846,0.5755529855377972,93.79257104592398,6.683429004624486
1140,0.5542340222746134,1.1235529673285782,0.552710029296577,90.58091405313462,6.7411590134724975
1141,0.5644499906338751,1.129852025769651,0.30815700301900506,95.24165705079213,6.9576529785990715
1142,0.6229489808902144,1.1188280186615884,0.6008049822412431,90.31074104132131,6.534731015563011
1143,0.5406570271588862,1.0159790399484336,0.5578430136665702,104.24516798229888,6.743921025190502
1144,0.5530609632842243,1.0606780415400863,0.5684280185960233,90.42188100283965,6.53107202379033
1145,0.5651299725286663,1.0506270336918533,0.5829590372741222,92.22788002807647,6.507064972538501
1146,0.5608599749393761,1.0468030232004821,0.5650530220009387,88.30431196838617,6.515831046272069
1147,0.5446409923024476,1.063354022335261,0.5700750043615699,90.34288499969989,7.071623986121267
1148,0.5526450113393366,1.0835420107468963,0.5591170047409832,88.89684895984828,6.553359038662165
1149,0.5495229852385819,1.4450469752773643,0.5635060369968414,90.05438297754154,6.6662420285865664
1150,0.5377280176617205,1.05847796658054,0.5824099644087255,95.43139598099515,6.603071000427008
1151,0.5446349969133735,1.0715080425143242,0.5752340075559914,91.49850497487932,6.577253981959075
1152,0.5706119700334966,1.0396720026619732,0.5922230193391442,94.08767300192267,6.497020949609578
1153,0.4949519643560052,1.0805590427480638,0.5733619909733534,90.80089000053704,6.454646994825453
1154,0.5478570237755775,1.0567100252956152,0.5980529822409153,89.21264199307188,6.688260997179896
1155,0.6095529533922672,1.1307250242680311,0.5865429993718863,90.94282303703949,6.493266031611711
1156,0.5581019795499742,1.0708350455388427,0.5698360037058592,92.8231889847666,6.502437987364829
1157,0.5524830194190145,1.0994999902322888,0.6268750294111669,90.02996201161295,6.463147990871221
1158,0.5416850326582789,1.104675990063697,0.5925319856032729,93.76597800292075,6.483042030595243
1159,0.5940449773333967,1.0590190067887306,0.5968240438960493,94.07522698165849,6.458702962845564
1160,0.5479450337588787,1.0784039623104036,0.6032910314388573,88.80939200753346,6.3184850150719285
1161,0.5442940164357424,1.0449549881741405,0.5615210393443704,88.92877300968394,6.336311984341592
1162,0.6035969709046185,1.1031919857487082,0.6027930066920817,90.91296803671867,6.318583036772907
1163,0.5353840533643961,1.1031589820049703,0.5509220063686371,88.94928899826482,6.338096980471164
1164,0.5373790045268834,1.049709040671587,0.5766419926658273,92.15675602899864,6.314049009233713
1165,0.528983015101403,1.0730440262705088,0.6004250026308,92.1120680286549,6.464367965236306
1166,0.5258489982225001,1.0989789734594524,0.5702580092474818,92.95392601052299,6.3413140014745295
1167,0.5396489868871868,1.0728829656727612,0.6049660150893033,99.81347300345078,6.340858002658933
1168,0.5374390166252851,1.112817961256951,0.549459015019238,107.19025699654594,6.503737007733434
1169,0.5393890314735472,1.0793289984576404,0.5613439716398716,88.7106439913623,6.423757004085928
1170,0.5313499714247882,1.0641490225680172,0.602960994001478,99.29955599363893,6.396231008693576
1171,0.539447006303817,1.0542909731157124,0.5715599982067943,92.82444801647216,6.442174955736846
1172,0.5623740144073963,1.0765899787656963,0.5506639718078077,92.62381598819047,6.3422059756703675
1173,0.5427130381576717,1.0658890241757035,0.5427819560281932,101.8401650362648,6.426137988455594
1174,0.5221799947321415,1.1076219961978495,0.5751840071752667,89.53011000994593,6.564576993696392
1175,0.5437990184873343,1.1145970202051103,0.5775750032626092,87.64154301024973,7.735588005743921
1176,0.4843589849770069,1.1242569889873266,0.5764320376329124,90.14990797732025,6.207637954503298
1177,0.5550209898501635,1.0619839886203408,0.593325006775558,93.83113001240417,6.267505988944322
1178,0.5307579995132983,1.0631739860400558,0.5470750038512051,94.23120098654181,6.273443053942174
1179,0.526066985912621,1.0302799637429416,0.5986350006423891,88.83809897815809,6.1830360209569335
1180,0.5307199899107218,1.0621260153129697,0.5568350316025317,90.90104000642896,6.24066503951326
1181,0.5292139830999076,1.0705709573812783,0.5550360074266791,87.84153498709202,6.31069898372516
1182,0.5393030005507171,1.0559119982644916,0.5613749963231385,89.48155399411917,6.281940964981914
1183,0.5304020014591515,1.1023650295101106,0.560145010240376,92.72955299820751,6.344665016513318
1184,0.530218007043004,1.4813650050200522,0.5845560226589441,91.14127501379699,6.4671600121073425
1185,0.5453529884107411,1.0443429928272963,0.574156001675874,89.81491002487019,6.384881038684398
1186,0.6169889820739627,1.0985879926010966,0.5625039921142161,90.96311801113188,6.410180008970201
1187,0.5355479661375284,1.0878680041059852,0.5673610139638186,90.69795202231035,6.363786000292748
1188,0.5372099694795907,1.024589000735432,0.5491470219567418,90.61232599196956,6.284834002144635
1189,0.5492870113812387,1.0941459913738072,0.5549800116568804,95.41596903000027,6.32259895792231
1190,0.5155969993211329,1.052545034326613,0.5586699699051678,106.66872304864228,6.4341319957748055
1191,0.5206339992582798,1.0871129925362766,0.5538339610211551,96.72706801211461,6.429281958844513
1192,0.5205880152061582,1.0721300495788455,0.5754749872721732,94.67082499759272,6.338773004245013
1193,0.5445360438898206,1.085755997337401,0.5744199734181166,89.18424998410046,6.3774469890631735
1194,0.5227869842201471,1.0690479539334774,0.5542089929804206,89.05050903558731,6.369925977196544
1195,0.522859045304358,1.0586860007606447,0.5587220075540245,93.35007198387757,6.183126010000706
1196,0.6006949697621167,1.0562699753791094,0.550313969142735,88.56463397387415,6.20273599633947
1197,0.5384039832279086,1.0707880137488246,0.5635729758068919,343.096504046116,6.287897995207459
1198,0.5320959608070552,1.0942359804175794,0.5642980104312301,93.88362796744332,6.3906750292517245
1199,0.5762880318798125,1.162201981060207,0.6178510375320911,90.08256398374215,6.297098996583372
1200,0.5334289744496346,1.042983029037714,0.5957850371487439,88.19166501052678,6.269670964684337
1201,0.5205990164540708,1.0813029948621988,0.5384599789977074,92.56607800489292,6.1670030117966235
1202,0.6150339613668621,1.039504015352577,0.5449299933388829,93.88598799705505,6.132686976343393
1203,0.541499990504235,1.0299449786543846,0.5585839971899986,89.19917698949575,6.2263450236059725
1204,0.518519023898989,1.0258359834551811,0.570561969652772,92.65891200629994,6.180026975926012
1205,0.5137420375831425,1.0524409590288997,0.554121972527355,87.80009497422725,6.042168999556452
1206,0.5436869687400758,1.0440279729664326,0.5491189658641815,88.23545998893678,6.085111992433667
1207,0.541430024895817,1.1208790238015354,0.5617389688268304,93.71172002283856,6.286213989369571
1208,0.5120530258864164,1.0588800068944693,0.5799689679406583,88.97501701721922,6.225231976713985
1209,0.539030006621033,1.063045987393707,0.5383659736253321,90.23901401087642,6.182634038850665
1210,0.5290789995342493,1.0945480316877365,0.540341017767787,99.44003104465082,6.096743978559971
1211,0.5364460521377623,1.0339669534005225,0.5720020271837711,89.42806901177391,6.22209400171414
1212,0.5185140180401504,1.0274120140820742,0.6312810000963509,88.82311201887205,6.272969010751694
1213,0.517916982062161,1.0438970057293773,0.6158450269140303,94.30495998822153,7.539090991485864
1214,0.582640990614891,1.111013989429921,0.5517150275409222,88.94785400480032,6.105089036282152
1215,0.525886018294841,1.0357380378991365,0.539780012331903,88.23793998453766,7.412507955450565
1216,0.5110049969516695,1.0396709549240768,0.5499690305441618,93.64166995510459,6.145795050542802
1217,0.5028150044381618,1.0466980165801942,0.545238028280437,95.33965395530686,6.095734017435461
1218,0.5393750034272671,1.0329789947718382,0.5428420263342559,90.19933798117563,7.255367992911488
1219,0.5631050444208086,1.0449399705976248,0.5529880290850997,91.62972803460434,6.091515009757131
1220,0.5167089984752238,1.258348987903446,0.5668880185112357,89.18688201811165,6.13457802683115
1221,0.5139380227774382,1.0366109781898558,0.5435639759525657,87.43632299592718,5.926086974795908
1222,0.5117860273458064,1.0227169841527939,0.5638920119963586,91.3464690092951,5.955737957265228
1223,0.5589440115727484,1.066438970156014,0.5768389673903584,89.00406397879124,6.096746015828103
1224,0.5280569894239306,1.0601590038277209,0.5550989881157875,90.9116489929147,6.0671630199067295
1225,0.49743999261409044,1.195388031192124,0.5571109941229224,92.82539098057896,5.973547988105565
1226,0.5587399937212467,1.0415669530630112,0.6063620094209909,89.11754103610292,5.990763020236045
1227,0.5361090297810733,1.0207720333710313,0.5552369984798133,88.84997299173847,5.934452055953443
1228,0.5124819581396878,1.0458590113557875,0.5371799925342202,93.36889104451984,6.196074013132602
1229,0.49807497998699546,1.0652670171111822,0.5643939948640764,87.74063299642876,6.175593996886164
1230,0.5079639959149063,1.033150008879602,0.5468580056913197,102.56369499256834,6.213819026015699
1231,0.509250967297703,1.0521599906496704,0.5637920112349093,92.56668202579021,6.141401012428105
1232,0.5214620032347739,1.0591699974611402,0.5475270445458591,91.34535200428218,6.132377020549029
1233,0.522368005476892,1.0943840024992824,0.5480980034917593,88.84111396037042,6.1610919656232
1234,0.5087960162200034,1.0723439627327025,0.5685040378011763,92.03880099812523,6.2963179661892354
1235,0.5457870429381728,1.0490400018170476,0.5428350414149463,87.24069403251633,6.064208981115371
1236,0.4961820086464286,1.048473990522325,0.5665980279445648,87.6846419996582,5.963127012364566
1237,0.5299709737300873,2.0333959837444127,0.552451005205512,92.46108098886907,6.204952020198107
1238,0.5123359733261168,1.0354469995945692,0.6423089653253555,90.70775099098682,6.644517998211086
1239,0.5125699681229889,1.0576890199445188,0.5540259880945086,104.21437496552244,6.084125023335218
1240,0.5108289769850671,1.1013949988409877,0.5404289695434272,111.25549901043996,6.17508398136124
1241,0.5613850080408156,1.086481031961739,0.5442689871415496,88.9162229723297,6.189586012624204
1242,0.49710902385413647,1.067501027137041,0.5449120071716607,90.54471499985084,6.002156995236874
1243,0.5065800505690277,1.0684729786589742,0.5530900089070201,90.05095699103549,6.3053659978322685
1244,0.5532570066861808,1.0813900153152645,0.5833369796164334,86.7859490099363,5.92422898625955
1245,0.5124040180817246,1.0381279862485826,0.5681269685737789,88.24945997912437,5.8357249945402145
1246,0.5206850473769009,1.0531049920246005,0.5527769681066275,93.45576900523156,5.954113032203168
1247,0.506154028698802,1.0205780272372067,0.6278100190684199,87.0145580265671,5.703530972823501
1248,0.552334007807076,0.997649971395731,0.5348030244931579,86.62455796729773,5.89013600256294
1249,0.517168955411762,1.0275990352965891,0.5577830015681684,88.43214501393959,5.801013030577451
1250,0.49033702816814184,1.0319660068489611,0.5379049689508975,86.83010202366859,5.933634995017201
1251,0.4854429862461984,1.0684820008464158,0.5699869943782687,87.12225197814405,5.907205981202424
1252,0.5303769721649587,1.0729350033216178,0.5579110002145171,90.16142500331625,5.856841045897454
1253,0.4907120019197464,1.081761030945927,0.5556319956667721,86.93980699172243,6.027742987498641
1254,0.5517280078493059,1.62252300651744,0.5781170330010355,99.74341897759587,5.75117499101907
1255,0.5024750134907663,1.0133369942195714,0.5508270114660263,88.29480403801426,5.671143997460604
1256,0.5193250253796577,1.0312250233255327,0.561674009077251,86.74023096682504,7.077000045683235
1257,0.8610669756308198,1.1195130064152181,0.5452220211736858,95.61313898302615,5.6295589893125
1258,0.467892037704587,1.064430980477482,0.5494150100275874,88.50793400779366,5.597415962256491
1259,0.482764036860317,1.0257530375383794,0.558122992515564,86.34172996971756,5.530686001293361
1260,0.4768089856952429,1.5943300095386803,0.4750589723698795,96.75044700270519,5.672966944985092
1261,0.47293398529291153,1.024407974909991,0.570235017221421,91.72936400864273,5.579449003562331
1262,0.5278629832901061,1.0215609800070524,0.5365069955587387,87.73300400935113,6.727812986355275
1263,0.539634027518332,1.022874959744513,0.5372189916670322,94.62580300169066,6.710832007229328
1264,1.4921979745849967,1.0410399991087615,0.5648640217259526,93.36099203210324,6.732679030392319
1265,0.5489400355145335,1.006991951726377,0.5491689662449062,88.01851497264579,5.481405998580158
1266,0.46741595724597573,1.0092459851875901,0.546575989574194,96.24202403938398,5.660669994540513
1267,0.5198940052650869,1.013533037621528,0.525614945217967,92.71649603033438,5.525892018340528
1268,0.4688850021921098,1.0823750053532422,0.5361759685911238,87.5402880483307,5.656957975588739
1269,0.4662220017053187,1.0406160145066679,0.543483009096235,95.89971601963043,5.610879976302385
1270,0.4893480218015611,1.0566699784249067,0.5301059572957456,88.99802895030007,5.6670350022614
1271,0.4799080197699368,1.0293509694747627,0.5500579718500376,85.45381698058918,5.581827950663865
1272,0.4656669916585088,1.0137120261788368,0.5264250212348998,95.43235402088612,5.776348989456892
1273,0.5207040230743587,1.1130839702673256,0.5517440149560571,91.25867299735546,5.4801859660074115
1274,0.5684749921783805,1.0153339826501906,0.5359339993447065,85.1467129541561,5.4182769963517785
1275,0.48728601541370153,1.0247520403936505,0.5392179591581225,97.21460600849241,5.4401750094257295
1276,0.4885829985141754,1.0474740411154926,0.5545599851757288,88.90224702190608,5.407339020166546
1277,0.453318003565073,1.1588000343181193,0.5644039483740926,86.49004204198718,5.449318035971373
1278,0.5436820210888982,1.0104369721375406,0.5194750265218318,95.16464598709717,5.455053003970534
1279,0.46862399904057384,1.057549030520022,0.6250800215639174,86.17932902416214,5.517621000763029
1280,0.49141404451802373,1.0288890334777534,0.571881013456732,85.25945903966203,5.677942011971027
1281,0.5035959766246378,0.9998659952543676,0.531825004145503,92.64768997672945,5.540185025893152
1282,0.47419301699846983,1.0348469950258732,0.5468300078064203,88.28215498942882,5.589968990534544
1283,0.5320009659044445,1.0464120423421264,0.532342994119972,84.42655502585694,5.171078024432063
1284,0.4622879787348211,1.0159669909626245,0.5607990315183997,93.15053798491135,5.258816003333777
1285,0.45052700443193316,1.0060180211439729,0.5365620017983019,86.79322700481862,5.196817975956947
1286,0.4462460055947304,1.1203729663975537,0.5214590346440673,83.75759300542995,5.3326350171118975
1287,0.5711709964089096,1.075715001206845,0.5840670200996101,95.48905200790614,5.368256010115147
1288,0.5575179820880294,1.1316159507259727,0.5371320294216275,88.750701979734,4.983210994396359
1289,0.47303002793341875,1.0626909788697958,0.5307680112309754,84.58060602424666,5.797991005238146
1290,0.5507699679583311,1.0026370291598141,0.5359780043363571,91.95241099223495,4.264507966581732
1291,0.39803102845326066,0.9982199990190566,0.5618820432573557,85.80388501286507,4.424221988301724
1292,0.3882040036842227,1.030193001497537,0.5320259951986372,80.10980801191181,4.446362028829753
1293,0.39081904105842113,0.9964590426534414,0.5190569791011512,92.36315003363416,4.74125798791647
1294,0.4699020064435899,1.0188749874942005,0.49949996173381805,83.72950996272266,4.235106986016035
1295,0.39990898221731186,0.9751920006237924,0.5062310374341905,77.9492050060071,4.25656302832067
1296,0.4394129500724375,0.9644249803386629,0.5030439933761954,91.76028001820669,4.145763989072293
1297,0.4659330006688833,0.9819029946811497,0.5208689835853875,82.63887697830796,4.1209099581465125
1298,0.39011199260130525,0.9853679803200066,0.5207709618844092,80.54260804783553,4.254736006259918
1299,0.3916340065188706,0.9624319500289857,0.4965590196661651,88.70793494861573,4.219996044412255
1300,0.4351150128059089,1.0021490161307156,0.4984270199202001,92.14963298290968,4.142769030295312
1301,0.39093499071896076,0.9573129937052727,0.5033320048823953,78.89040297595784,4.139041004236788
1302,0.38518995279446244,0.9755819919519126,0.4945410182699561,89.67663400107995,4.109525005333126
1303,0.3798860125243664,0.9827669709920883,0.5154039827175438,83.91757000936195,4.139993980061263
1304,0.424769998062402,0.9957359870895743,0.49531803233549,80.07248403737321,4.152169043663889
1305,0.38109702290967107,0.9802620043046772,0.49935298739001155,89.13213398773223,4.159028991125524
1306,0.37675502244383097,0.9967890218831599,0.5657760193571448,85.43388399994001,4.229847982060164
1307,0.3840079880319536,1.0029569966718554,0.5073010106571019,79.2646500049159,4.2806509882211685
1308,0.39496098179370165,0.9664290118962526,0.4996469942852855,89.59606394637376,4.1251700022257864
1309,0.37699303356930614,0.9863819577731192,0.4959970247000456,83.46776099642739,4.18156897649169
1310,0.3781370469368994,1.001648954115808,0.5186889902688563,78.56505399104208,4.2788980063050985
1311,0.44294295366853476,0.9559830068610609,0.4939979990012944,89.9490779847838,4.119458026252687
1312,0.40418002754449844,0.9830910130403936,0.4963999963365495,84.85070097958669,4.0974430157803
1313,0.4066560068167746,0.9539719903841615,0.499643967486918,79.14822094608098,4.227582016028464
1314,0.3813340445049107,0.9556860313750803,0.514119048602879,87.99622801598161,4.445099970325828
1315,0.38045604014769197,1.028022961691022,0.5496100056916475,84.44458502344787,4.187413956969976
1316,0.391920970287174,1.0035480372607708,0.5097590037621558,78.25595198664814,4.364673048257828
1317,0.4218979738652706,1.003905024845153,0.5035279900766909,104.67231500661,4.174411005806178
1318,0.3791600465774536,1.011732965707779,0.49237400526180863,83.2341990317218,4.114080977160484
1319,0.39381999522447586,0.9831860079430044,0.521430978551507,79.41921998281032,4.186481004580855
1320,0.37699704989790916,0.9863079758360982,0.5125690368004143,88.5902859736234,4.156008013524115
1321,0.3998629981651902,0.9867140324786305,0.49595499876886606,83.48606002982706,4.129426029976457
1322,0.37403200985863805,1.0700159473344684,0.5186540074646473,78.81551701575518,4.19089401839301
1323,0.3838110133074224,0.9479150176048279,0.49531803233549,86.96313295513391,4.1705730254761875
1324,0.39682298665866256,0.9743249975144863,0.5009659798815846,85.25435999035835,4.140433040447533
1325,0.40915701538324356,0.9880799916572869,0.4980160156264901,78.58227804536,4.275469982530922
1326,0.39851502515375614,0.961405981797725,0.4920960054732859,88.61770702060312,4.09105303697288
1327,0.47096499474719167,0.9972660336643457,0.5414070328697562,86.09091205289587,4.189458035398275
1328,0.3950360114686191,0.9727969882078469,0.4941779770888388,77.85707199946046,4.075471020769328
1329,0.38609595503658056,0.9977539884857833,0.502333976328373,101.74566705245525,4.270199977327138
1330,0.39613700937479734,0.9867970366030931,0.5412700120359659,98.84671401232481,4.233015002682805
1331,0.406342966016382,0.9604580118320882,0.5204830085858703,78.63729301607236,4.844231007155031
1332,0.3942550392821431,0.954651040956378,0.4957750206813216,94.98832398094237,4.2295719613321126
1333,0.4037450416944921,1.0156200150959194,0.4899970372207463,85.22886002901942,4.187693994026631
1334,0.3789819893427193,0.974829017650336,0.5284660146571696,80.9090809780173,4.622068023309112
1335,0.4537419881671667,1.042500021867454,0.5137849948368967,91.5855829953216,4.029936972074211
1336,0.40164898382499814,0.9909520158544183,0.5084539880044758,88.01198797300458,3.927700046915561
1337,0.3735490026883781,0.9596750023774803,0.5408020224422216,89.11604603054002,3.928931022528559
1338,0.38755201967433095,0.9476930135861039,0.5200470332056284,91.07350499834865,3.9597349823452532
1339,0.3967759548686445,0.9706310229375958,0.49378303810954094,86.58482698956504,3.9076280081644654
1340,0.4272490041330457,0.9682390373200178,0.4931899602524936,79.94643499841914,3.966669028159231
1341,0.3672780003398657,0.9553809650242329,0.5447309813462198,90.74512199731544,3.937837027478963
1342,0.3707860014401376,0.9726550197228789,0.5223829648457468,83.27997103333473,4.1278289863839746
1343,0.40205998811870813,0.9640399948693812,0.5224169581197202,78.87923199450597,3.895203990396112
1344,0.37589599378407,0.9384589502587914,0.48404501285403967,91.13377903122455,4.0556369931437075
1345,0.36584801273420453,1.0307419579476118,0.5158970016054809,96.54912201222032,3.8881090003997087
1346,0.380938989110291,1.0104899993166327,0.5126300384290516,80.09721495909616,4.093117953743786
1347,0.37833600072190166,0.9605170344002545,0.5207930225878954,89.10806098720059,4.03797603212297
1348,0.36519597051665187,0.9873709641396999,0.5003990372642875,82.71597698330879,4.024911962915212
1349,0.3635740140452981,0.9709260193631053,0.5008179577998817,77.37346604699269,4.001746012363583
1350,0.3743899869732559,0.9701119852252305,0.5080599803477526,90.22137196734548,3.9577189600095153
1351,0.3670969745144248,0.9912070236168802,0.502298993524164,83.99684302276,3.972898004576564
1352,0.43614895548671484,1.029935956466943,0.5209930241107941,78.89766996959224,3.9230419788509607
1353,0.3925590426661074,0.9661240037530661,0.49389200285077095,88.96847994765267,3.7814200040884316
1354,0.35741395549848676,0.9826970053836703,0.5518670077435672,84.1491169994697,4.019855987280607
1355,0.36964297760277987,0.9648950072005391,0.4933489835821092,77.92661600979045,3.832556016277522
1356,0.3768990281969309,0.9724179981276393,0.5495729856193066,90.94010200351477,3.874143003486097
1357,0.38903398672118783,1.0089660063385963,0.49759697867557406,86.02463500574231,3.82395600900054
1358,0.3690129960887134,0.9277359931729734,0.5075110238976777,78.2879070029594,3.9096230175346136
1359,0.3609819686971605,1.0156710050068796,0.5182430031709373,88.91441399464384,3.8611189811490476
1360,0.3702840185724199,0.9815699886530638,0.5214510019868612,82.76186703005806,3.962294023949653
1361,0.35658199340105057,1.0096729965880513,0.4968420253135264,79.35241103405133,3.828129032626748
1362,0.359939003828913,0.9579060133546591,0.49134204164147377,86.88264800002798,3.844419028609991
1363,0.3938879817724228,0.9828630136325955,0.49625005340203643,82.8081889776513,3.949074016418308
1364,0.3662050003185868,0.9600990451872349,0.5287330131977797,80.06984501844272,4.256522981449962
1365,0.4141160170547664,0.9676199988462031,0.4888210096396506,87.58211397798732,3.844715014565736
1366,0.37328898906707764,1.000198011752218,0.49555598525330424,85.47550794901326,3.795701952185482
1367,0.37455500569194555,0.9831679635681212,0.5405450356192887,78.8517119945027,3.831657988484949
1368,0.35680498695001006,0.9262990206480026,0.5131299840286374,90.53368598688394,3.9868539897724986
1369,0.3779680118896067,0.9807529859244823,0.5439299857243896,83.92938296310604,3.923363983631134
1370,0.40294602513313293,0.9962659678421915,0.5032999906688929,79.8627869808115,3.81278496934101
1371,0.3639890346676111,0.9573859861120582,0.4917070036754012,93.95201096776873,3.759212966542691
1372,0.34989602863788605,0.9832280338741839,0.5297010065987706,83.70480098528787,3.783015999943018
1373,0.3518550074659288,0.9887859923765063,0.5320070195011795,79.94729100028053,3.679192974232137
1374,0.3554580034688115,1.0132519528269768,0.5182720487937331,90.39750101510435,3.7429819931276143
1375,0.3537900047376752,0.9816749952733517,0.5146310431882739,87.25615398725495,3.695050021633506
1376,0.4366799839772284,0.9490679949522018,0.5014279740862548,80.13747597578913,3.7526190280914307
1377,0.3658240311779082,0.9534429991617799,0.5027310107834637,89.51448899460956,3.7124090013094246
1378,0.4081070073880255,0.9813429787755013,0.5324119701981544,82.54760899581015,3.749384020920843
1379,0.36656600423157215,0.9432400111109018,0.500469992402941,79.62767197750509,3.7658059736713767
1380,0.3587279934436083,0.9312959737144411,0.5062089767307043,87.96320599503815,3.787649970036
1381,0.4064710228703916,1.014657027553767,0.5200409796088934,88.69273500749841,3.6969410139136016
1382,0.36628200905397534,0.9746009600348771,0.4852359998039901,79.60389199433848,3.6841260152868927
1383,0.3479379811324179,0.9327760199084878,0.4786929930560291,88.15046900417656,3.827624022960663
1384,0.4358700243756175,0.9560210164636374,0.4960450460202992,97.7502940222621,3.8220830028876662
1385,0.36157999420538545,0.964100006967783,0.4905979731120169,82.17406400945038,3.7831129739061
1386,0.3669309662654996,0.947922992054373,0.5140859866514802,92.26624999428168,3.7239440134726465
1387,0.35672803642228246,0.9817589889280498,0.48179097939282656,86.92089404212311,3.723467991221696
1388,0.4276459803804755,0.9640500065870583,0.5122229922562838,82.8983589890413,3.7814609822817147
1389,0.3618240007199347,0.958047981839627,0.5252329865470529,88.41229398967698,3.867865016218275
1390,0.3611060092225671,0.9396000532433391,0.5055489600636065,84.56617599586025,3.8623660220764577
1391,0.3453230019658804,0.9383089491166174,0.49329298781231046,80.64571704016998,3.6996800336055458
1392,0.34457602305337787,0.946361047681421,0.48827199498191476,91.67856303974986,3.7289659958332777
1393,0.39518100675195456,0.9443440358154476,0.4789460217580199,84.83495202381164,3.7691040197387338
1394,0.34306495217606425,0.9549959795549512,0.48572401283308864,80.74866101378575,3.8347910158336163
1395,0.35734300035983324,0.9687389829196036,0.5213010008446872,96.10478498507291,3.8772409898228943
1396,0.40657405043020844,0.9707090212032199,0.5187439965084195,83.12793698860332,4.133125010412186
1397,0.3462340100668371,0.9583740029484034,0.4890279960818589,94.14549096254632,3.8321730098687112
1398,0.3486410132609308,0.9567619999870658,0.5039609968662262,91.3239240180701,3.8299349835142493
1399,0.3563829814083874,0.958680990152061,0.5040860269218683,84.36245599295944,3.994230995886028
1400,0.40736800292506814,0.9853489464148879,0.5024700076319277,80.27698402293026,3.672016959171742
1401,0.3496549907140434,0.9250049479305744,0.5009299493394792,88.64300500135869,3.581285011023283
1402,0.3526390064507723,0.9575099684298038,0.49312302144244313,84.14203801658005,3.56658996315673
1403,0.3361959825269878,0.9577939636074007,0.5073649808764458,76.52062200941145,3.596191992983222
1404,0.4227620083838701,0.9315260103903711,0.49872102681547403,92.08227996714413,3.594801004510373
1405,0.3411410143598914,0.9582900092937052,0.5194040131755173,86.42502297880128,3.75206395983696
1406,0.35741401370614767,0.9580859914422035,0.492397986818105,79.8254199908115,3.7657959619536996
1407,0.35234098322689533,0.9412560029886663,0.5034520290791988,93.34088204195723,3.6416049697436392
1408,0.3419499844312668,0.9731659665703773,0.4893479635939002,86.88329299911857,3.646952041890472
1409,0.34073396818712354,0.9566640364937484,0.4968300345353782,79.50499100843444,3.716513980180025
1410,0.42627000948414207,0.9862000006251037,0.6237400230020285,92.80422603478655,3.495188953820616
1411,0.33918803092092276,0.9131989791058004,0.5069360486231744,81.98901201831177,3.4975099842995405
1412,0.3539049648679793,0.9207549737766385,0.49746199510991573,76.84226997662336,3.5294610424898565
1413,0.33158203586935997,0.9466730407439172,0.5002839607186615,89.47832899866626,3.58160596806556
1414,0.3356090164743364,0.9446140029467642,0.5076819797977805,80.98181302193552,3.5419060150161386
1415,0.3433619858697057,0.9183560032397509,0.5235910066403449,77.72419799584895,3.5601549898274243
1416,0.35886396653950214,0.9338600211776793,0.4966540145687759,90.19463899312541,3.5736740101128817
1417,0.34804100869223475,0.9890560177154839,0.47348602674901485,80.25388699024916,3.5065329866483808
1418,0.39951299550011754,0.9698310168460011,0.4858349566347897,77.92738999705762,3.4509190008975565
1419,0.3336489899083972,0.937056029215455,0.5158319836482406,89.37301294645295,3.613559005316347
1420,0.3356470260769129,0.9721409878693521,0.48107601469382644,78.53795500705019,3.569508029613644
1421,0.3321669646538794,0.9372120257467031,0.49565103836357594,77.37857196480036,3.620708012022078
1422,0.38155197398737073,1.0258080437779427,0.4762519965879619,103.35608199238777,3.617745009250939
1423,0.36589900264516473,0.9663649834692478,0.26294298004359007,83.18949403474107,3.6585350171662867
1424,0.36432500928640366,0.9211309952661395,0.5078170215710998,78.38391099357978,3.5405930248089135
1425,0.3314490313641727,1.616239023860544,0.49792102072387934,88.86576700024307,3.524083993397653
1426,0.3318570088595152,0.9449709905311465,0.2382309758104384,82.66100101172924,3.4828350180760026
1427,0.3265179693698883,0.9328089654445648,0.5052070482634008,77.2273990442045,3.4760890412144363
1428,0.3448319621384144,0.9406989556737244,0.4804080235771835,87.83877099631354,3.4748410107567906
1429,0.33160694874823093,0.9352309862151742,0.24104799376800656,84.64827697025612,3.586539998650551
1430,0.34404301550239325,0.9438149863854051,0.5005359998904169,76.02985500125214,3.6372359609231353
1431,0.33695698948577046,0.9702539537101984,0.500883033964783,93.45682902494445,3.649799036793411
1432,0.34107500687241554,0.939631019718945,0.2555919927544892,82.28073304053396,3.4908890374936163
1433,0.34555100137367845,0.939733989071101,0.4963480168953538,77.83019001362845,3.42540699057281
1434,0.350411981344223,0.9452980011701584,0.49635599134489894,89.80417501879856,3.547467989847064
1435,0.3381089773029089,0.954426999669522,0.26541296392679214,83.61874800175428,3.5948430304415524
1436,0.34389999927952886,0.9338909876532853,0.5494619836099446,77.51397200627252,3.835876996163279
1437,0.37836399860680103,0.99843495991081,0.515419989824295,91.88704699045047,3.535458992701024
1438,0.3406140021979809,0.9357929811812937,0.2405010163784027,81.84184896526858,3.4594740136526525
1439,0.3828549524769187,0.9771420154720545,0.5005040438845754,77.82989199040458,3.6043619620613754
1440,0.3829080378636718,0.9834269876591861,0.4929019487462938,88.61181599786505,3.2468780409544706
1441,0.3245119587518275,0.9433000232093036,0.2532809739932418,80.6879919837229,3.353147010784596
1442,0.3049549995921552,0.9194940212182701,0.6160049815662205,75.85435302462429,3.242575970944017
1443,0.3046329948119819,0.9534650016576052,0.4905819660052657,86.66537498356774,3.255033981986344
1444,0.3094910061918199,0.9282060200348496,0.2364270039834082,81.98967599309981,3.3266469836235046
1445,0.31378300627693534,0.9546370129100978,0.49586297245696187,80.86076896870509,3.3549920190125704
1446,0.3137760213576257,0.9345439611934125,0.5117789842188358,86.0324309905991,3.3348080469295382
1447,0.3045370103791356,0.9564320207573473,0.2516589593142271,81.16912399418652,3.1612120219506323
1448,0.40198001079261303,0.9270550217479467,0.516833970323205,76.29177602939308,3.298745024949312
1449,0.3453709650784731,0.9350790060125291,0.4850850091315806,87.01568702235818,3.219442965928465
1450,0.30473602237179875,0.9239169885404408,0.23517204681411386,80.40991402231157,3.1803169986233115
1451,0.3196350298821926,0.9338379604741931,0.4879799671471119,75.09959599701688,3.1906520016491413
1452,0.33462303690612316,0.9407539619132876,0.4971830057911575,87.5997370458208,3.21780500235036
1453,0.3198290360160172,0.9188280091620982,0.23983902065083385,82.38603000063449,3.2857710029929876
1454,0.3282229881733656,0.9265660191886127,0.4785470082424581,74.84190899413079,3.2900070073083043
1455,0.7613290217705071,1.0091689764522016,0.49612001748755574,93.22332602459937,3.1470179674215615
1456,0.31920301262289286,0.9554119897074997,0.23488298757001758,80.45867999317124,3.2952670007944107
1457,0.37946703378111124,0.9925970225594938,0.5382740055210888,77.78974698157981,2.8746119933202863
1458,0.2855869824998081,0.9341660188511014,0.4844290087930858,87.67125895246863,2.96998699195683
1459,0.29698899015784264,0.9317389922216535,0.23161497665569186,81.6563040134497,3.446532995440066
1460,0.8375689503736794,1.0147239663638175,0.4725789767690003,77.47870701132342,3.055058012250811
1461,0.5353129818104208,1.2143880012445152,0.48603402683511376,86.7274550255388,1.389587006997317
1462,0.12502301251515746,0.9389710030518472,0.22607698338106275,90.99100501043722,2.7835580403916538
1463,0.28903497150167823,0.9070619707927108,0.4869289696216583,74.99614701373503,2.80755601124838
1464,0.28970499988645315,0.9235719917342067,0.47934899339452386,87.5682850019075,2.93807900743559
1465,0.6733710179105401,0.9790859767235816,0.48510899068787694,78.21776397759095,1.2797750532627106
1466,0.12006697943434119,0.9266689885407686,0.46060397289693356,76.48146996507421,2.5604499969631433
1467,0.2641099854372442,0.9377389797009528,0.4636980011127889,87.5344870146364,2.5788169587031007
1468,0.2626280183903873,0.9320310200564563,0.4908019909635186,80.52693505305797,1.2469679932110012
1469,0.1185590517707169,0.9335330105386674,0.47764397459104657,77.80396501766518,2.596420992631465
1470,0.27718604542315006,0.9321970283053815,0.47035497846081853,85.82251600455493,2.6186699979007244
1471,0.2858430380001664,0.9303970145992935,0.4791779792867601,77.90105097228661,1.2472000089474022
1472,0.11823198292404413,0.9096330031752586,0.46091299736872315,76.17327501066029,2.686186053324491
1473,0.30240300111472607,1.0074489982798696,0.42254303116351366,88.18674500798807,2.472535998094827
1474,0.2550790086388588,0.8971869829110801,0.22906804224476218,84.12213099654764,2.45073001133278
1475,0.25840202579274774,0.9131429833360016,0.4802620387636125,76.68347901199013,2.5328899500891566
1476,0.24776201462373137,0.9196939645335078,0.4554699989967048,89.7136460407637,2.486304030753672
1477,0.24704501265659928,0.9223040542565286,0.24325796402990818,80.89395903516561,2.483493008185178
1478,0.27500902069732547,0.8912840276025236,0.4535890184342861,78.34886299679056,2.42951896507293
1479,0.24634803412482142,0.9242320084013045,0.4497889894992113,88.65237201098353,1.1895129573531449
1480,0.11231296230107546,0.9092299733310938,0.23726403014734387,83.40762497391552,1.1941620032303035
1481,0.11398299830034375,0.8888309821486473,0.4564699484035373,76.87429402722046,2.4533760151825845
1482,0.24904002202674747,0.8998829871416092,0.4909730050712824,87.3870049836114,1.1486129951663315
1483,0.11036597425118089,0.8932460332289338,0.22259895922616124,80.82887198543176,1.1650670203380287
1484,0.11303601786494255,0.9402830037288368,0.5090810009278357,75.92719199601561,2.461142954416573
1485,0.24924299214035273,0.9231820004060864,0.4509009886533022,88.29921699361876,1.2377770035527647
1486,0.11445203563198447,0.921434024348855,0.22492604330182076,96.2708510342054,1.1898810043931007
1487,0.11261500185355544,0.9137829765677452,0.4839769680984318,74.51794802909717,2.584626025054604
1488,0.24631497217342257,0.9180130437016487,0.5202749744057655,88.47324800444767,1.1728790123015642
1489,0.10847800876945257,0.9153290302492678,0.24060200667008758,80.77670098282397,1.1283150524832308
1490,0.11174497194588184,0.8966859895735979,0.46921096509322524,75.50735300173983,2.4331380263902247
1491,0.2802709932439029,0.917509023565799,0.57842000387609,90.71942302398384,1.184027991257608
1492,0.14361797366291285,0.9164389921352267,0.23860804503783584,84.36925400746986,1.1559670092538
1493,0.11166901094838977,0.9245459805242717,0.45000703539699316,77.23613997222856,2.5957829784601927
1494,0.28766400646418333,0.9515630081295967,0.47164002899080515,93.68870302569121,2.344935026485473
1495,0.24351803585886955,0.9137140004895627,0.476257991977036,82.47071597725153,1.1610049987211823
1496,0.11794897727668285,0.8934889920055866,0.4530560108833015,76.25261798966676,2.3595329839736223
1497,0.24201301857829094,0.9343299898318946,0.4571619792841375,91.04282601037994,2.709812019020319
1498,0.2407400170341134,0.9371750056743622,0.47148496378213167,83.53998797247186,1.1386250262148678
1499,0.10839098831638694,0.9166880045086145,0.4537230124697089,79.05513298464939,2.304223016835749
1500,0.238389999140054,0.9164889925159514,0.46682695392519236,89.93883599760011,2.434809983242303
1501,0.25415094569325447,0.9388210019096732,0.4498260095715523,81.95206301752478,1.1707119992934167
1502,0.10728201596066356,0.9369339677505195,0.4461960052140057,75.76260197674856,2.3457640199922025
1503,0.24114095140248537,0.9339139796793461,0.45490695629268885,95.50718002719805,2.345657965634018
1504,0.2619070000946522,0.922917970456183,0.44402899220585823,76.92678499734029,1.1826270492747426
1505,0.10663701687008142,0.9156019659712911,0.46012899838387966,76.19148900266737,2.6099319802597165
1506,0.28299400582909584,1.4673880068585277,0.46103098429739475,85.76049900148064,2.1060360013507307
1507,0.23031001910567284,0.9084169869311154,0.4611240001395345,77.05298002110794,1.0285289608873427
1508,0.10511296568438411,0.8985919994302094,0.4900110070593655,75.1672430196777,2.1397449891082942
1509,0.22592500317841768,0.9275120100937784,0.49504596972838044,103.22174098109826,2.192110987380147
1510,0.23180199787020683,0.8986500324681401,0.4767209757119417,77.06863799830899,1.0624940041452646
1511,0.09967299411073327,0.8918559760786593,0.4803709452971816,75.42965497123078,2.1847959724254906
1512,0.2529469784349203,0.9040199802257121,0.46636699698865414,88.6461939662695,2.1925909677520394
1513,0.24660397320985794,0.8885090355761349,0.4482460208237171,80.31266700709239,1.0400969767943025
1514,0.10594399645924568,0.8912240155041218,0.4558240179903805,75.72176400572062,2.0893209730274975
1515,0.2221449976786971,0.9119840105995536,0.4836799926124513,89.90789297968149,2.101245045196265
1516,0.22803497267886996,0.9016129770316184,0.5176659906283021,76.10882102744654,1.053330022841692
1517,0.10043696966022253,0.8986330358311534,0.4446040256880224,76.41964795766398,2.0956959924660623
1518,0.22648600861430168,0.9278859943151474,0.46958099119365215,90.8713309909217,2.124143997207284
1519,0.2487669698894024,0.8942930144257843,0.4523199750110507,76.24569599283859,1.0507800034247339
1520,0.10380399180576205,0.9131350088864565,0.5048160091973841,87.81810902291909,2.149068983271718
1521,0.22619200171902776,0.9110330138355494,0.44154998613521457,84.23372003016993,2.1112600225023925
1522,0.2461179974488914,0.9044629987329245,0.4436930175870657,75.62399900052696,1.0477539617568254
1523,0.10236300295218825,0.8912499761208892,0.44837099267169833,76.52421097736806,2.1854470251128078
1524,0.22648600861430168,0.9113250416703522,0.4546159761957824,86.3359110080637,2.147262974176556
1525,0.2481230185367167,0.8941880078054965,0.43965200893580914,77.70764001179487,1.0176679934374988
1526,0.11757999891415238,0.9174860315397382,0.465126009657979,75.33552899258211,2.172320964746177
1527,0.22669200552627444,0.8871569880284369,0.44425600208342075,84.19898198917508,2.1613080170936882
1528,0.23430504370480776,0.9193239966407418,0.4786049830727279,77.56365602836013,2.146903018001467
1529,0.22823299514129758,0.8917399682104588,0.44904800597578287,77.84082501893863,2.1709309658035636
1530,0.2271399716846645,0.940039986744523,0.468673009891063,100.6576840300113,2.0844689570367336
1531,0.24553202092647552,0.8991489885374904,0.4550200537778437,78.12411099439487,2.0723360357806087
1532,0.22317003458738327,0.8908610325306654,0.45070500345900655,75.93157200608402,2.104878018144518
1533,0.22554397583007812,0.9020019788295031,0.44479797361418605,87.48459402704611,2.2783829481340945
1534,0.2715410082601011,0.7361950119957328,0.4703059676103294,74.48279904201627,1.8958940054289997
1535,0.22885698126628995,0.6971690454520285,0.4216969828121364,65.1414780295454,1.8170360126532614
1536,0.22277201060205698,0.7097620400600135,0.41338795563206077,73.19787802407518,1.8490420188754797
1537,0.21163595374673605,0.6914499681442976,0.4185440484434366,66.23122200835496,1.8058420391753316
1538,0.21027401089668274,0.7026310195215046,0.397159019485116,63.62082302803174,1.8484860192984343
1539,0.2324450179003179,0.6925110355950892,0.41484402026981115,73.91848298721015,1.842186029534787
1540,0.23742899065837264,0.7230719784274697,0.4261540016159415,65.63247699523345,1.8300320371054113
1541,0.20793796284124255,0.7156759966164827,0.41201995918527246,64.53835498541594,1.8502689781598747
1542,0.22415898274630308,0.7181090186350048,0.45153405517339706,74.15082800434902,1.823202008381486
1543,0.2066479646600783,0.6972700357437134,0.40900998283177614,69.80875000590459,1.956778985913843
1544,0.24107098579406738,0.719057978130877,0.41818502359092236,64.54418099019676,1.7223699833266437
1545,0.22248196182772517,0.6868640193715692,0.41977298678830266,73.68403300642967,1.7199130379594862
1546,0.1919770147651434,0.7192560005933046,0.3960590111091733,67.60924303671345,1.6514569870196283
1547,0.19849801901727915,0.7035359740257263,0.413979054428637,63.69928200729191,1.6575970221310854
1548,0.19919098122045398,0.6940749590285122,0.40134397568181157,74.23862599534914,1.7001769738271832
1549,0.19109802087768912,0.7129390141926706,0.40199700742959976,67.6996880210936,1.7173049855045974
1550,0.19814400002360344,0.6914939731359482,0.4333319957368076,64.30678901961073,1.6998990322463214
1551,0.1987419673241675,0.6758110248483717,0.3935289569199085,76.31514297099784,1.6643059789203107
1552,0.21391501650214195,0.6994939758442342,0.42386300629004836,65.31030801124871,2.0046469871886075
1553,0.24810299510136247,0.7082709926180542,0.4147500148974359,63.89548000879586,1.465474022552371
1554,0.19848201191052794,0.7107030251063406,0.41480199433863163,72.7675500093028,1.4818140189163387
1555,0.18490798538550735,0.7072900189086795,0.4037930048070848,80.77743800822645,1.4649470103904605
1556,0.1793780247680843,0.7029420230537653,0.3919210284948349,63.92650603083894,1.4580870047211647
1557,0.20199897699058056,0.6928759976290166,0.4150249878875911,75.84410003619269,0.6972500123083591
1558,0.09730196325108409,1.694487000349909,0.4185980069451034,70.80857100663707,1.3230059994384646
1559,0.17815001774579287,0.6830519996583462,0.3938659792765975,63.88891697861254,1.3983870157971978
1560,0.17771299462765455,0.6750649772584438,0.39297196781262755,90.80189297674224,0.5587210180237889
1561,0.07273798109963536,0.7172609912231565,0.4303960013203323,66.23138498980552,1.3025979860685766
1562,0.19525998504832387,0.7119649671949446,0.3986419760622084,65.30259299324825,1.2876680120825768
1563,0.2039739629253745,0.6782319978810847,0.4087180132046342,73.64263001363724,0.564592017326504
1564,0.07099303184077144,0.7006170344538987,0.3922780160792172,68.5446159914136,1.3436280423775315
1565,0.17144897719845176,0.6826489698141813,0.4088529967702925,63.46122897230089,1.4867460122331977
1566,0.5414639599621296,0.6829720223322511,0.41046005208045244,71.82640000246465,0.5261849728412926
1567,0.07064099190756679,0.7050020503811538,0.38730300730094314,65.21179602714255,1.0904360096901655
1568,0.16142899403348565,0.6764279678463936,0.38455601315945387,76.83486997848377,1.1052069603465497
1569,0.19074097508564591,0.6914300029166043,0.37866097409278154,74.47886100271717,0.4977059434168041
1570,0.06608600961044431,0.6758979870937765,0.40307099698111415,67.2600400284864,1.3666650047525764
1571,0.19177398644387722,0.6715040071867406,0.4063909873366356,67.1732909977436,0.9472739766351879
1572,0.15223701484501362,0.679819961078465,0.38862996734678745,72.15598598122597,0.41726697236299515
1573,0.22260297555476427,0.7049780106171966,0.4044369561597705,65.80634700367227,0.9255629847757518
1574,0.15184300718829036,0.6631860160268843,0.4103259998373687,79.49298602761701,0.9305950370617211
1575,0.15359703684225678,0.6564590148627758,0.3808470210060477,73.08761595049873,0.4276060499250889
1576,0.06543699419125915,0.6879520369693637,0.4191360203549266,82.60742301354185,1.1325550149194896
1577,0.5179659929126501,0.6928879884071648,0.4197909729555249,66.23371300520375,0.762291019782424
1578,0.13902905629947782,0.6768919993191957,0.38213300285860896,74.11706901621073,0.34501199843361974
1579,0.05871703615412116,0.6775310030207038,0.4025530070066452,68.37536999955773,0.7357359863817692
1580,0.13654702343046665,0.6771920016035438,0.3794030053541064,64.54775802558288,0.7238689577206969
1581,0.13857096200808883,0.6726949941366911,0.3777259844355285,73.4618739807047,0.3447759663686156
1582,0.05705899093300104,0.677659991197288,0.40970899863168597,66.19331304682419,0.7133680046536028
1583,0.1396989682689309,0.6632829899899662,0.38239400601014495,65.6931740231812,0.6811909843236208
1584,0.13864098582416773,0.6647770060226321,0.3765010042116046,73.21965298615396,0.33490703208371997
1585,0.05827599670737982,0.6927989888936281,0.3948599915020168,64.46804699953645,0.7099119829945266
1586,0.13709603808820248,0.6784219876863062,0.39825099520385265,64.826037036255,0.6963980267755687
1587,0.1365009811706841,0.6811409839428961,0.37573499139398336,72.92571198195219,0.33339904621243477
1588,0.058241013903170824,0.6831889622844756,0.401414989028126,67.29062699014321,0.7014300208538771
1589,0.13754400424659252,0.6761740078218281,0.3746290458366275,64.63357200846076,0.6842089933343232
1590,0.13829499948769808,0.6894789985381067,0.3735459758900106,73.37025098968297,0.3481929888948798
1591,0.059161975514143705,0.6636020261794329,0.3972969716414809,65.40507398312911,0.7249569753184915
1592,0.1379359746351838,0.6544400239363313,0.40059699676930904,64.58941096207127,0.7448739488609135
1593,0.14031497994437814,0.7008250104263425,0.39583101170137525,72.21457199193537,0.3551490372046828
1594,0.059307029005140066,0.7016390445642173,0.37875300040468574,67.78782099718228,0.7051340071484447
1595,0.1375819556415081,0.6629250128753483,0.4176729707978666,63.608353957533836,0.6902230088599026
1596,0.13872003182768822,0.6635810132138431,0.3767909947782755,74.4654149748385,0.5352669977582991
1597,0.05912600317969918,0.6529869860969484,0.3770819748751819,65.81514998106286,0.7000170298852026
1598,0.1349670346826315,0.6701829843223095,0.3967380034737289,64.04962198575959,0.7791870157234371
1599,0.16008998500183225,0.6738469819538295,0.37524697836488485,71.833472000435,0.6140859914012253
1600,0.0671729794703424,0.6674870382994413,0.40944002103060484,64.69521700637415,0.7092040032148361
1601,0.13333698734641075,0.681094010360539,0.37973799044266343,67.79363797977567,0.6878519780002534
1602,0.13574003241956234,1.6508980188518763,0.37968700053170323,71.5668789925985,0.3379239933565259
1603,0.05786697147414088,0.6782659911550581,0.37895498098805547,66.53393397573382,0.7034689770080149
1604,0.14919601380825043,0.6608210387639701,0.37733203498646617,64.50225703883916,0.7457670290023088
1605,0.1341740135103464,0.6890079821459949,0.4060789942741394,73.34751501912251,0.35348598612472415
1606,0.0599619816057384,0.6673409952782094,0.3999269683845341,67.43993703275919,0.7138460059650242
1607,0.13374100672081113,0.6675400072708726,0.3813729854300618,63.2656270172447,0.7483619847334921
1608,0.1350920065306127,0.6625489913858473,0.3754529752768576,74.8121989890933,0.33882795833051205
1609,0.05614204565063119,0.6850979989394546,0.38070400478318334,65.56437694234774,0.7147740107029676
1610,0.15392701607197523,0.6566160009242594,0.3744860296137631,63.323099981062114,0.729297986254096
1611,0.13389799278229475,0.6575080333277583,0.39458199171349406,78.49630794953555,0.3419860149733722
1612,0.06277801003307104,0.6839639972895384,0.37627900019288063,66.89468398690224,0.7111140294000506
1613,0.1938450150191784,0.6610990385524929,0.4058490158058703,63.816336973104626,0.7186720031313598
1614,0.13129698345437646,0.7072780281305313,0.3951510298065841,71.66210497962311,0.3669949946925044
1615,0.05729397526010871,0.65179995726794,0.38418301846832037,87.16119802556932,0.3382969880476594
1616,0.05645299097523093,0.6475580157712102,0.4231250495649874,64.97500400291756,0.7218109676614404
1617,0.13461202615872025,0.6773619679734111,0.37645199336111546,72.554042970296,0.3578139585442841
1618,0.057447992730885744,0.6855290266685188,0.14596700202673674,67.99582298845053,0.3621329669840634
1619,0.05752599099650979,0.6876810221001506,0.38317596772685647,63.93712799763307,0.7320489967241883
1620,0.1355570275336504,0.6704580155201256,0.3945190110243857,74.87004401627928,0.349211972206831
1621,0.058049976360052824,0.6606669630855322,0.14684500638395548,64.12545096827671,0.34765800228342414
1622,0.06099505117163062,0.6530150421895087,0.3751660115085542,65.69810397922993,0.7595429779030383
1623,0.13516301987692714,0.7054219604469836,0.3755770158022642,72.59750599041581,0.3508389927446842
1624,0.05590799264609814,0.6912439712323248,0.1534380135126412,66.94488396169618,0.35729596856981516
1625,0.05878100637346506,0.685614999383688,0.38133200723677874,64.50582999968901,0.6925400230102241
1626,0.13470498379319906,0.6818140391260386,0.37488399539142847,74.6231329976581,0.3377390094101429
1627,0.05838600918650627,0.6605599774047732,0.1592879998497665,81.32089901482686,0.36056298995390534
1628,0.05629705265164375,0.6661409861408174,0.37543498910963535,62.48275999678299,0.7058310438878834
1629,0.13799400767311454,0.6660750368610024,0.3761890111491084,72.05162098398432,0.3445580368861556
1630,0.05869701271876693,0.666373991407454,0.1454490120522678,67.05344602232799,0.3407190088182688
1631,0.058240024372935295,0.6717389915138483,0.3850350040011108,63.96584794856608,0.7303380407392979
1632,0.14533201465383172,0.6714980117976665,0.3942000330425799,73.05832399288192,0.3498659934848547
1633,0.05801301449537277,0.684273021761328,0.15622400678694248,64.94624097831547,0.3546869847923517
1634,0.05694199353456497,0.6624240195378661,0.37965201772749424,62.8528359811753,0.7256540120579302
1635,0.16264000441879034,0.6706549902446568,0.3783089923672378,75.03193302545696,0.3374560037627816
1636,0.0628179986961186,0.6906609633006155,0.15234097372740507,67.74343096185476,0.3360629780218005
1637,0.05776900798082352,0.7035540184006095,0.3808879991993308,65.54258899996057,0.7212480413727462
1638,0.1385000068694353,0.6749119493179023,0.3968180390074849,77.27744698058814,0.5465159774757922
1639,0.05857303040102124,0.6718040094710886,0.15293998876586556,66.43717701081187,0.35264401230961084
1640,0.061636033933609724,0.6574110011570156,0.4061300423927605,61.531180050224066,0.7002559723332524
1641,0.13400003081187606,0.6811250350438058,0.37265795981511474,73.00449698232114,0.33308699494227767
1642,0.056563992984592915,0.6720600067637861,0.16838201554492116,71.26486097695306,0.331356015522033
1643,0.05783099913969636,0.6614779704250395,0.38474099710583687,64.6349280141294,0.7055399473756552
1644,0.13408303493633866,0.7377950241789222,0.40017598075792193,71.70895097078755,0.3299419768154621
1645,0.05901401164010167,0.679530028719455,0.1563170226290822,66.57076103147119,0.3479279694147408
1646,0.058916048146784306,0.6684209802187979,0.38068898720666766,64.18445700546727,0.7275920361280441
1647,0.13420300092548132,0.6730689783580601,0.3972039557993412,73.7902820110321,0.33735798206180334
1648,0.05805096589028835,0.6702709943056107,0.1522399834357202,65.81216503400356,0.4653360228985548
1649,0.057288038078695536,0.6964320200495422,0.3780380357056856,65.43444702401757,0.705238024238497
1650,0.1348719815723598,0.6803529686294496,0.37437299033626914,72.50044302782044,0.3497040015645325
1651,0.057399971410632133,0.6681460072286427,0.1517459750175476,64.6222680225037,0.3478120197542012
1652,0.07840601028874516,0.6696369964629412,0.4087029956281185,64.58671001018956,0.728546001482755
1653,0.13448100071400404,0.6717429496347904,0.3957939916290343,70.53294900106266,0.35167497117072344
1654,0.05924497963860631,0.6533939740620553,0.15151797560974956,68.70999198872596,0.33975800033658743
1655,0.05516503006219864,0.6588839460164309,0.3948829835280776,66.31102500250563,0.7115800399333239
1656,0.13313599629327655,0.6738080410286784,0.3925930359400809,72.11152999661863,0.34794502425938845
1657,0.05703297210857272,0.6707519642077386,0.14554901281371713,67.24102998850867,0.34009304363280535
1658,0.05847803549841046,0.6579969776794314,0.39909803308546543,66.16648199269548,0.70915900869295
1659,0.1388119999319315,0.6774539942853153,0.37267402512952685,71.78566500078887,0.34739100374281406
1660,0.057797995395958424,0.6779940449632704,0.1464599627070129,66.09636195935309,0.340213009621948
1661,0.058140954934060574,0.6886489572934806,0.40391000220552087,63.88972501736134,0.7432639831677079
1662,0.15564198838546872,0.66570402123034,0.3812260110862553,73.15392198506743,0.34487200900912285
1663,0.058304984122514725,0.680641969665885,0.15074701514095068,64.8392730508931,0.3432930097915232
1664,0.057330995332449675,0.6861879955977201,0.38363703060895205,63.9343709917739,0.7317360141314566
1665,0.13439601752907038,0.6502849864773452,0.39810099406167865,75.91204403433949,0.33461605198681355
1666,0.056025979574769735,0.664395047351718,0.1423569628968835,67.71829497301951,0.3416410181671381
1667,0.05701900226995349,0.6846390315331519,0.3975799772888422,63.97240294609219,0.7836150471121073
1668,0.5033729830756783,0.6910049705766141,0.38340099854394794,71.59756397595629,0.2924290020018816
1669,0.05395297193899751,0.6519230082631111,0.14260801253840327,67.66077998327091,0.2724280348047614
1670,0.05117797991260886,0.654607021715492,0.3703399561345577,64.43231803132221,0.5478340317495167
1671,0.11528294999152422,0.6857090047560632,0.37321995478123426,73.51556996582076,0.472898012958467
1672,0.0508539960719645,0.6851779762655497,0.1616980298422277,68.25534999370575,0.27734600007534027
1673,0.04956702468916774,0.6632020231336355,0.37966499803587794,64.7350910003297,0.5491320043802261
1674,0.12192502617835999,0.6753459456376731,0.37553999572992325,72.79050396755338,0.28842902975156903
1675,0.05090999184176326,0.6786029553040862,0.14480599202215672,65.88548404397443,0.2799700014293194
1676,0.05338498158380389,0.6755869835615158,0.3790159826166928,66.64828304201365,0.5829660221934319
1677,0.11460995301604271,0.6559370085597038,0.3935190034098923,72.81296502333134,0.2753480221144855
1678,0.05132099613547325,0.6643760134465992,0.14886900316923857,66.9787009828724,0.29553199419751763
1679,0.05245395004749298,0.6745890132151544,0.4332149983383715,64.43285598652437,0.5403010291047394
1680,0.14182896120473742,0.6692390306852758,0.3723030094988644,74.5244849822484,0.27037301333621144
1681,0.061583996284753084,0.6502459873445332,0.15215203166007996,65.0307530304417,0.27345301350578666
1682,0.05146703915670514,0.6674629985354841,0.3694019978865981,64.21182595659047,0.5686799995601177
1683,0.11815899051725864,0.677136005833745,0.3946399665437639,72.92536395834759,0.2796130138449371
1684,0.0549759715795517,0.6499839946627617,0.1532280002720654,67.94357002945617,0.27272303123027086
1685,0.0509750097990036,0.6803460419178009,0.37517299642786384,67.99411895917729,0.5858409567736089
1686,0.12117298319935799,0.7881940109655261,0.37558202166110277,89.01937701739371,0.2782419905997813
1687,0.05152204539626837,0.686627987306565,0.15216099563986063,65.07127196528018,0.2853079931810498
1688,0.05080498522147536,0.6654610042460263,0.37408299976959825,68.1180219980888,0.560514978133142
1689,0.11864001862704754,0.6723779952153563,0.3909459919668734,74.19216103153303,0.293537974357605
1690,0.050546019338071346,0.6651619914919138,0.1503460225649178,63.92112898174673,0.2785070100799203
1691,0.05162396701052785,0.6619089981541038,0.37259701639413834,64.19759802520275,0.5722200148738921
1692,0.12001796858385205,0.680683006066829,0.36994199035689235,72.149442974478,0.2705529914237559
1693,0.053611001931130886,0.6710320012643933,0.15122100012376904,66.2793789524585,0.29815296875312924
1694,0.0516540021635592,0.6706009735353291,0.40031300159171224,65.33717701677233,0.5877739749848843
1695,0.11880905367434025,0.6785719888284802,0.3948539961129427,77.37096899654716,0.5425519775599241
1696,0.11733995052054524,0.6584629882127047,0.14825898688286543,67.55024194717407,0.26615301612764597
1697,0.05183799657970667,0.6697829812765121,0.39360899245366454,67.43474799441174,0.5297579918988049
1698,0.1372119877487421,0.6992000271566212,0.37523999344557524,74.04251903062686,0.30978297581896186
1699,0.05206099012866616,0.6700549856759608,0.15303096733987331,66.83274399256334,0.27744699036702514
1700,0.050592992920428514,0.6816739914938807,0.3719039959833026,66.69370498275384,0.5417770007625222
1701,0.13799499720335007,0.6985980435274541,0.39242301136255264,80.20808402216062,0.30189601238816977
1702,0.052569026593118906,0.6782980053685606,0.154056993778795,64.38263598829508,0.279415980912745
1703,0.05292199784889817,0.6733949994668365,0.37243799306452274,65.04405901068822,0.5747679970227182
1704,0.11582899605855346,0.6599359912797809,0.3763349959626794,74.15116502670571,0.2844689879566431
1705,0.051302951760590076,0.6670400034636259,0.14227302744984627,70.00058802077547,0.3893669927492738
1706,0.05107402103021741,0.678481999784708,0.37311797495931387,65.27416600147262,0.5718860193155706
1707,0.11939497198909521,0.707952945958823,0.3977300366386771,72.31436995789409,0.4779089940711856
1708,0.052344053983688354,0.6821089773438871,0.1816230360418558,74.58006200613454,0.2854889607988298
1709,0.05053903441876173,0.6645609973929822,0.38933800533413887,63.798232993576676,0.5495479563251138
1710,0.11618901044130325,0.6750730099156499,0.3769639879465103,75.33802796388045,0.2724530058912933
1711,0.05040201358497143,0.6725610001012683,0.14227599604055285,66.5760490228422,0.2753959852270782
1712,0.049854046665132046,0.6536620203405619,0.3794529475271702,64.21939603751525,0.553005957044661
1713,0.11880096280947328,0.6833120132796466,0.37641602102667093,72.75867799762636,0.28796098195016384
1714,0.05032704211771488,0.6900210282765329,0.15225500101223588,65.96469000214711,0.28935197042301297
1715,0.05195103585720062,0.6762820412404835,0.4061149666085839,63.69042402366176,0.5503709544427693
1716,0.11658202856779099,0.6583569920621812,0.3690160228870809,76.00176002597436,0.2791219740174711
1717,0.05173898534849286,0.6635119789279997,0.15000603161752224,69.44719899911433,0.27988903457298875
1718,0.05255703581497073,0.6866710027679801,0.3727910225279629,65.59290096629411,0.5892059998586774
1719,0.11800701031461358,0.671009998768568,0.3957219887524843,72.01371301198378,0.2806049888022244
1720,0.054311996791511774,0.6632630247622728,0.14488602755591273,82.96193002024665,0.5352700245566666
1721,0.06105395732447505,0.6796050001867115,0.3966909716837108,63.40281799202785,0.5473719793371856
1722,0.11876900680363178,0.6833960069343448,0.3721760003827512,73.86100001167506,0.28467498486861587
1723,0.050924019888043404,0.6665289984084666,0.1495970063842833,67.38811900140718,0.30163698829710484
1724,0.05132000660523772,0.6717040087096393,0.3843180020339787,65.73179602855816,0.5829109577462077
1725,0.11877802899107337,0.6837389664724469,0.3850249922834337,73.26234201900661,0.2841780078597367
1726,0.20747300004586577,0.6791739724576473,0.14597905101254582,64.91329695563763,0.29451900627464056
1727,0.05180499283596873,0.6638370105065405,0.3720769891515374,63.22079402161762,0.538140011485666
1728,0.11399202048778534,0.6663159583695233,0.39658398600295186,73.36464198306203,0.29023102251812816
1729,0.052293005865067244,0.6686620181426406,0.15001301653683186,64.12204098887742,0.2786609693430364
1730,0.050784030463546515,0.6637739716097713,0.3739000530913472,62.92941700667143,0.5496679805219173
1731,0.11582102160900831,0.6596359889954329,0.3900500014424324,72.34659604728222,0.3992400015704334
