Batch Id,mlp_up_proj,mlp_up_proj_all_gather,mlp_activation,mlp_down_proj,mlp_down_proj_all_reduce,attn_pre_proj,attn_pre_proj_all_gather,attn_post_proj,attn_post_proj_all_reduce,attn_kv_cache_save,attn,attn_prefill,attn_decode,attn_rope,attn_input_reshape,attn_output_reshape,embed_linear,embed_all_reduce,lm_head_linear,lm_head_all_gather,input_layernorm,post_attention_layernorm,norm,add,nccl_send,nccl_recv
0,2.6875,,0.317,1.332,4.5335,1.4729999999999999,,0.496,7.267,,,0.15832142857142859,,,0.0,0.0024107142857142856,,,,,0.201,0.1965,,,,
1,2.981,,0.3585,1.5205000000000002,4.9615,1.6415000000000002,,0.5615000000000001,7.374499999999999,,,0.23028571428571426,,,0.0,0.002833333333333333,,,,,0.2205,0.2135,,,,
2,2.8465,,0.34600000000000003,1.383,5.4145,1.6110000000000002,,0.499,6.0155,,,0.5795833333333333,,,0.0,0.005416666666666667,,,,,0.217,0.2095,,,,
3,2.4915000000000003,,0.298,1.1885,4.33,1.3399999999999999,,0.4295,4.663,,,2.7095000000000002,,,0.0,0.034,,,,,0.1815,0.1775,,,,
4,2.0090000000000003,,0.249,1.123,6.9830000000000005,1.1315,,0.40900000000000003,4.6495,,,0.25585,,,0.0,0.0032500000000000003,,,,,0.10500000000000001,0.10850000000000001,,,,
5,2.3825000000000003,,0.293,1.1795,4.969,1.3185,,0.4235,4.766,,,0.7836666666666666,,,0.0,0.007,,,,,0.177,0.17400000000000002,,,,
6,1.137,,0.14100000000000001,0.5834999999999999,2.136,0.685,,0.2175,3.5395000000000003,,,0.2871666666666666,,,0.0,0.0033333333333333335,,,,,0.041,0.0405,,,,
7,2.0175,,0.2515,1.126,10.554499999999999,1.1325,,0.41800000000000004,9.278500000000001,,,2.032,,,0.0,0.0245,,,,,0.109,0.114,,,,
8,2.1865,,0.2695,1.1340000000000001,5.5975,1.28,,0.4185,4.383,,,2.2525,,,0.0,0.027,,,,,0.1395,0.1395,,,,
9,2.362,,0.28500000000000003,1.1555,4.1375,1.3035,,0.4295,5.1555,,,0.3297,,,0.0,0.0033,,,,,0.1715,0.169,,,,
10,2.948,,0.356,1.5275,9.042,1.631,,0.5505,7.109,,,1.4065,,,0.0,0.017333333333333336,,,,,0.2205,0.2125,,,,
11,3.0025000000000004,,0.366,1.5275,5.9785,1.6430000000000002,,0.5595000000000001,5.9405,,,1.1326666666666667,,,0.0,0.009833333333333335,,,,,0.226,0.219,,,,
12,1.464,,0.1905,0.7395,2.7205000000000004,0.8335,,0.2795,3.2005,,,0.2784166666666667,,,0.0,0.003,,,,,0.052500000000000005,0.0535,,,,
13,2.64,,0.317,1.3365,8.8405,1.4585,,0.4915,6.7855,,,1.0278333333333334,,,0.0,0.011333333333333334,,,,,0.1995,0.196,,,,
14,2.6835000000000004,,0.3185,1.332,5.2059999999999995,1.4725000000000001,,0.4905,5.9895,,,0.2058809523809524,,,0.0,0.0028095238095238095,,,,,0.1995,0.196,,,,
15,1.9935,,0.245,0.9695,6.184,1.1310000000000002,,0.363,6.2485,,,0.46675000000000005,,,0.0,0.004916666666666666,,,,,0.0945,0.096,,,,
16,2.4675000000000002,,0.2955,1.1865,8.501,1.3285,,0.4455,6.164,,,2.7065,,,0.0,0.0335,,,,,0.1805,0.177,,,,
17,2.5525,,0.315,1.338,4.8005,1.4620000000000002,,0.4875,4.2995,,,0.5958333333333333,,,0.0,0.006583333333333333,,,,,0.194,0.191,,,,
18,2.5465,,0.3105,1.3295,4.4175,1.452,,0.492,8.4345,,,2.971,,,0.0,0.037,,,,,0.193,0.1895,,,,
19,0.138,,0.002,0.066,4.4385,0.075,,0.025,2.291,,,,1.464,,0.0,0.001,,,,,0.003,0.003,,,,
20,0.139,,0.002,0.066,1.1195000000000002,0.076,,0.025,1.1675,,,,1.4645000000000001,,0.0,0.001,,,,,0.003,0.003,,,,
21,0.1385,,0.002,0.066,0.096,0.0755,,0.025,0.9675,,,,1.464,,0.0,0.001,,,,,0.003,0.003,,,,
22,0.1395,,0.002,0.066,4.7475000000000005,0.075,,0.025,2.204,,,,1.467,,0.0,0.001,,,,,0.003,0.003,,,,
23,0.139,,0.002,0.066,2.777,0.075,,0.025,2.883,,,,1.464,,0.0,0.001,,,,,0.003,0.003,,,,
24,0.138,,0.002,0.066,0.1315,0.075,,0.025,0.6915,,,,1.471,,0.0,0.001,,,,,0.003,0.003,,,,
25,0.1385,,0.002,0.066,4.667,0.0755,,0.025,2.1045000000000003,,,,1.4615,,0.0,0.001,,,,,0.003,0.003,,,,
26,0.138,,0.002,0.066,5.7975,0.075,,0.025,1.509,,,,1.4635,,0.0,0.001,,,,,0.003,0.003,,,,
27,0.1385,,0.002,0.066,1.4965,0.075,,0.025,4.6495,,,,1.468,,0.0,0.001,,,,,0.003,0.003,,,,
28,0.1385,,0.002,0.066,5.4945,0.0755,,0.025,1.895,,,,1.4635,,0.0,0.001,,,,,0.003,0.003,,,,
29,0.138,,0.002,0.066,3.7185,0.0755,,0.025,4.0895,,,,1.465,,0.0,0.001,,,,,0.003,0.003,,,,
30,0.1385,,0.002,0.066,0.1815,0.0755,,0.025,0.1955,,,,1.4645000000000001,,0.0,0.001,,,,,0.003,0.003,,,,
31,0.1385,,0.002,0.066,4.669,0.0755,,0.025,1.8965,,,,1.4645000000000001,,0.0,0.001,,,,,0.003,0.003,,,,
32,0.1385,,0.002,0.066,2.0515,0.0755,,0.025,4.528499999999999,,,,1.4665,,0.0,0.001,,,,,0.003,0.003,,,,
33,0.138,,0.002,0.066,0.314,0.075,,0.025,1.0445,,,,1.4695,,0.0,0.001,,,,,0.003,0.003,,,,
34,0.1385,,0.002,0.066,5.0665000000000004,0.0755,,0.025,1.9055,,,,1.4675,,0.0,0.001,,,,,0.003,0.003,,,,
35,0.138,,0.002,0.066,1.621,0.0755,,0.025,1.9585,,,,1.4715,,0.0,0.001,,,,,0.003,0.003,,,,
36,0.1385,,0.002,0.066,0.167,0.0755,,0.025,0.39799999999999996,,,,1.4700000000000002,,0.0,0.001,,,,,0.003,0.003,,,,
37,0.1385,,0.002,0.066,5.0205,0.075,,0.025,2.1654999999999998,,,,1.4695,,0.0,0.001,,,,,0.003,0.003,,,,
38,0.138,,0.002,0.066,1.48,0.0755,,0.025,1.451,,,,1.471,,0.0,0.001,,,,,0.003,0.003,,,,
39,0.139,,0.002,0.066,0.17099999999999999,0.075,,0.025,0.3865,,,,1.478,,0.0,0.001,,,,,0.003,0.003,,,,
40,0.1385,,0.002,0.066,4.7090000000000005,0.0755,,0.025,2.137,,,,1.474,,0.0,0.001,,,,,0.003,0.003,,,,
41,0.138,,0.002,0.0665,1.4275,0.075,,0.025,0.37,,,,1.476,,0.0,0.001,,,,,0.003,0.003,,,,
42,0.1385,,0.002,0.066,0.1285,0.075,,0.025,0.1875,,,,1.48,,0.0,0.001,,,,,0.003,0.003,,,,
43,0.1385,,0.002,0.066,4.8665,0.0755,,0.025,4.769,,,,1.4755,,0.0,0.001,,,,,0.003,0.003,,,,
44,0.138,,0.002,0.066,1.949,0.0755,,0.025,3.0324999999999998,,,,1.4715,,0.0,0.001,,,,,0.003,0.003,,,,
45,0.138,,0.003,0.066,0.0955,0.0755,,0.025,0.1505,,,,1.4735,,0.0,0.001,,,,,0.003,0.003,,,,
46,0.139,,0.002,0.066,4.6215,0.0755,,0.025,2.0020000000000002,,,,1.48,,0.0,0.001,,,,,0.003,0.003,,,,
47,0.138,,0.002,0.066,1.4945,0.0755,,0.025,0.20700000000000002,,,,1.4805000000000001,,0.0,0.001,,,,,0.003,0.003,,,,
48,0.138,,0.002,0.066,0.0985,0.0755,,0.025,2.229,,,,1.48,,0.0,0.001,,,,,0.003,0.003,,,,
49,0.139,,0.002,0.066,4.686999999999999,0.075,,0.025,2.139,,,,1.4015,,0.0,0.001,,,,,0.003,0.003,,,,
50,0.139,,0.002,0.066,1.579,0.0755,,0.025,0.2905,,,,1.3985,,0.0,0.001,,,,,0.003,0.003,,,,
51,0.139,,0.002,0.066,0.421,0.075,,0.025,1.9525000000000001,,,,1.4,,0.0,0.001,,,,,0.003,0.003,,,,
52,0.139,,0.002,0.066,4.754499999999999,0.0755,,0.025,2.1085000000000003,,,,1.4025,,0.0,0.001,,,,,0.003,0.003,,,,
53,0.1385,,0.002,0.066,1.3675,0.0755,,0.025,0.5825,,,,1.4020000000000001,,0.0,0.001,,,,,0.003,0.003,,,,
54,0.1385,,0.002,0.066,0.569,0.075,,0.025,2.4285,,,,1.4045,,0.0,0.001,,,,,0.003,0.003,,,,
55,0.1385,,0.002,0.066,4.992999999999999,0.075,,0.025,2.662,,,,1.403,,0.0,0.001,,,,,0.003,0.003,,,,
56,0.1385,,0.002,0.066,1.3195000000000001,0.075,,0.025,0.7595,,,,1.404,,0.0,0.001,,,,,0.003,0.003,,,,
57,0.139,,0.002,0.066,0.8465,0.0755,,0.025,0.165,,,,1.4060000000000001,,0.0,0.001,,,,,0.003,0.003,,,,
58,0.14,,0.002,0.066,4.987,0.075,,0.025,0.9450000000000001,,,,1.4045,,0.0,0.001,,,,,0.003,0.003,,,,
59,0.139,,0.002,0.066,1.5170000000000001,0.075,,0.025,0.306,,,,1.4055,,0.0,0.001,,,,,0.003,0.003,,,,
60,0.139,,0.002,0.066,0.164,0.0755,,0.025,0.176,,,,1.4064999999999999,,0.0,0.001,,,,,0.003,0.003,,,,
61,0.139,,0.002,0.066,5.2495,0.075,,0.025,3.2595,,,,1.4085,,0.0,0.001,,,,,0.003,0.003,,,,
62,0.1385,,0.0025,0.066,1.6535000000000002,0.075,,0.025,3.7165000000000004,,,,1.412,,0.0,0.001,,,,,0.003,0.003,,,,
63,0.139,,0.002,0.066,0.1125,0.075,,0.025,0.12,,,,1.4100000000000001,,0.0,0.001,,,,,0.003,0.003,,,,
64,2.5335,,0.313,1.3330000000000002,8.6075,1.4605000000000001,,0.4875,5.816000000000001,,,2.953,,,0.0,0.0375,,,,,0.1945,0.19,,,,
65,0.138,,0.002,0.066,1.065,0.075,,0.025,0.1865,,,,1.4575,,0.0,0.001,,,,,0.003,0.003,,,,
66,0.138,,0.002,0.066,0.253,0.0755,,0.025,0.3945,,,,1.452,,0.0,0.001,,,,,0.003,0.003,,,,
67,0.139,,0.002,0.066,13.9185,0.0755,,0.025,4.014,,,,1.4555,,0.0,0.001,,,,,0.003,0.003,,,,
68,0.139,,0.002,0.066,1.7109999999999999,0.0755,,0.025,1.3885,,,,1.454,,0.0,0.001,,,,,0.003,0.003,,,,
69,0.138,,0.002,0.066,0.3005,0.076,,0.025,0.124,,,,1.443,,0.0,0.001,,,,,0.003,0.003,,,,
70,0.139,,0.002,0.066,3.624,0.0755,,0.025,2.2215000000000003,,,,1.4465,,0.0,0.001,,,,,0.003,0.003,,,,
71,0.1385,,0.002,0.066,0.801,0.076,,0.025,0.6065,,,,1.4449999999999998,,0.0,0.001,,,,,0.003,0.003,,,,
72,0.1385,,0.002,0.066,0.195,0.075,,0.025,0.19,,,,1.446,,0.0,0.001,,,,,0.003,0.003,,,,
73,0.139,,0.002,0.066,0.512,0.0755,,0.025,0.516,,,,1.448,,0.0,0.001,,,,,0.003,0.003,,,,
74,0.138,,0.002,0.066,0.8730000000000001,0.0755,,0.025,1.1165,,,,1.4489999999999998,,0.0,0.001,,,,,0.003,0.003,,,,
75,0.139,,0.002,0.066,0.21150000000000002,0.076,,0.025,3.4415,,,,1.447,,0.0,0.001,,,,,0.003,0.003,,,,
76,0.138,,0.002,0.066,0.20900000000000002,0.0755,,0.025,1.0925,,,,1.446,,0.0,0.001,,,,,0.003,0.003,,,,
77,0.138,,0.002,0.066,0.156,0.0755,,0.025,0.75,,,,1.449,,0.0,0.001,,,,,0.003,0.003,,,,
78,0.1385,,0.002,0.066,0.5609999999999999,0.0755,,0.025,1.034,,,,1.45,,0.0,0.001,,,,,0.003,0.003,,,,
79,0.139,,0.002,0.066,0.46499999999999997,0.076,,0.025,1.6665,,,,1.4500000000000002,,0.0,0.001,,,,,0.003,0.003,,,,
80,0.138,,0.002,0.066,0.7185,0.076,,0.025,0.9655,,,,1.4475,,0.0,0.001,,,,,0.003,0.003,,,,
81,0.1385,,0.002,0.066,0.169,0.075,,0.025,1.0945,,,,1.4540000000000002,,0.0,0.001,,,,,0.003,0.003,,,,
82,0.1385,,0.002,0.066,0.5599999999999999,0.075,,0.025,2.677,,,,1.454,,0.0,0.001,,,,,0.003,0.003,,,,
83,1.2810000000000001,,0.162,0.736,2.6345,0.7025,,0.2755,3.998,,,0.18291666666666667,,,0.0,0.002666666666666667,,,,,0.0445,0.045,,,,
84,0.1385,,0.002,0.066,1.7934999999999999,0.0755,,0.025,5.2305,,,,1.4545,,0.0,0.001,,,,,0.003,0.003,,,,
85,0.139,,0.002,0.066,0.7295,0.0755,,0.025,0.374,,,,1.456,,0.0,0.001,,,,,0.003,0.003,,,,
86,0.138,,0.002,0.066,0.6345000000000001,0.0755,,0.025,1.2315,,,,1.4575,,0.0,0.001,,,,,0.003,0.003,,,,
87,0.139,,0.002,0.066,4.8085,0.0755,,0.025,1.1855,,,,1.453,,0.0,0.001,,,,,0.003,0.003,,,,
88,0.138,,0.002,0.066,0.5995,0.0755,,0.025,0.571,,,,1.456,,0.0,0.001,,,,,0.003,0.003,,,,
89,0.139,,0.002,0.066,0.2735,0.075,,0.025,1.853,,,,1.46,,0.0,0.001,,,,,0.003,0.003,,,,
90,0.138,,0.002,0.066,1.516,0.076,,0.025,0.3315,,,,1.4575,,0.0,0.001,,,,,0.003,0.003,,,,
91,0.138,,0.002,0.066,0.704,0.0755,,0.025,0.459,,,,1.463,,0.0,0.001,,,,,0.003,0.003,,,,
92,0.1385,,0.002,0.066,0.3135,0.0755,,0.025,0.4065,,,,1.4575,,0.0,0.001,,,,,0.003,0.003,,,,
93,0.138,,0.002,0.066,0.671,0.0755,,0.025,0.703,,,,1.461,,0.0,0.001,,,,,0.003,0.003,,,,
94,0.1385,,0.002,0.066,0.5355,0.075,,0.025,0.21600000000000003,,,,1.456,,0.0,0.001,,,,,0.003,0.003,,,,
95,0.138,,0.002,0.066,4.4795,0.0755,,0.025,0.5105000000000001,,,,1.4580000000000002,,0.0,0.001,,,,,0.003,0.003,,,,
96,0.1385,,0.002,0.066,2.0460000000000003,0.0755,,0.025,0.16849999999999998,,,,1.4500000000000002,,0.0,0.001,,,,,0.003,0.003,,,,
97,0.138,,0.002,0.066,0.3155,0.076,,0.025,2.376,,,,1.454,,0.0,0.001,,,,,0.003,0.003,,,,
98,0.1385,,0.002,0.066,0.1205,0.076,,0.025,0.453,,,,1.453,,0.0,0.001,,,,,0.003,0.003,,,,
99,0.1385,,0.002,0.066,0.22249999999999998,0.076,,0.025,0.22050000000000003,,,,1.458,,0.0,0.001,,,,,0.003,0.003,,,,
100,0.138,,0.002,0.066,3.661,0.075,,0.025,0.22699999999999998,,,,1.4575,,0.0,0.001,,,,,0.003,0.003,,,,
101,0.1385,,0.002,0.066,0.14200000000000002,0.075,,0.025,0.4285,,,,1.4545,,0.0,0.001,,,,,0.003,0.003,,,,
102,0.1385,,0.002,0.066,0.6005,0.0755,,0.025,1.7315,,,,1.4505,,0.0,0.001,,,,,0.003,0.003,,,,
103,0.138,,0.002,0.066,0.5575,0.076,,0.025,0.21850000000000003,,,,1.4615,,0.0,0.001,,,,,0.003,0.003,,,,
104,0.138,,0.002,0.066,0.1545,0.076,,0.025,0.547,,,,1.4595,,0.0,0.001,,,,,0.003,0.003,,,,
105,0.139,,0.002,0.066,0.3955,0.0755,,0.025,0.46799999999999997,,,,1.4605000000000001,,0.0,0.001,,,,,0.003,0.003,,,,
106,0.1385,,0.002,0.066,0.151,0.075,,0.025,0.22050000000000003,,,,1.4555,,0.0,0.001,,,,,0.003,0.003,,,,
107,0.1385,,0.002,0.066,0.168,0.0755,,0.025,0.241,,,,1.462,,0.0,0.001,,,,,0.003,0.003,,,,
108,0.139,,0.002,0.066,1.696,0.075,,0.025,1.1875,,,,1.4585,,0.0,0.001,,,,,0.003,0.003,,,,
109,0.138,,0.002,0.066,0.21100000000000002,0.075,,0.025,2.8905,,,,1.459,,0.0,0.001,,,,,0.003,0.003,,,,
110,0.139,,0.002,0.0665,3.4575,0.0755,,0.025,1.9535,,,,1.4595,,0.0,0.001,,,,,0.003,0.003,,,,
111,0.1385,,0.002,0.066,0.6095,0.076,,0.025,0.538,,,,1.4615,,0.0,0.001,,,,,0.003,0.003,,,,
112,0.138,,0.002,0.066,0.7905000000000001,0.075,,0.025,0.775,,,,1.46,,0.0,0.001,,,,,0.003,0.003,,,,
113,0.1385,,0.002,0.0665,0.33349999999999996,0.0755,,0.025,0.3015,,,,1.465,,0.0,0.001,,,,,0.003,0.003,,,,
114,0.138,,0.002,0.066,8.682500000000001,0.0755,,0.025,11.4115,,,,1.468,,0.0,0.001,,,,,0.003,0.003,,,,
115,0.139,,0.002,0.066,0.1825,0.076,,0.025,0.659,,,,1.464,,0.0,0.001,,,,,0.003,0.003,,,,
116,0.139,,0.002,0.066,0.122,0.0755,,0.025,1.897,,,,1.4635,,0.0,0.001,,,,,0.003,0.003,,,,
117,0.138,,0.002,0.066,0.7260000000000001,0.075,,0.025,0.2515,,,,1.4655,,0.0,0.001,,,,,0.003,0.003,,,,
118,0.1385,,0.002,0.066,0.1745,0.0755,,0.025,2.048,,,,1.4620000000000002,,0.0,0.001,,,,,0.003,0.003,,,,
119,0.139,,0.0025,0.066,0.11699999999999999,0.0755,,0.025,0.40599999999999997,,,,1.4655,,0.0,0.001,,,,,0.003,0.003,,,,
120,0.14,,0.002,0.066,0.372,0.075,,0.025,4.14,,,,1.468,,0.0,0.001,,,,,0.003,0.003,,,,
121,0.1385,,0.002,0.0665,0.14100000000000001,0.0755,,0.025,0.162,,,,1.467,,0.0,0.001,,,,,0.003,0.003,,,,
122,0.139,,0.002,0.066,0.1905,0.0755,,0.025,1.1705,,,,1.465,,0.0,0.001,,,,,0.003,0.003,,,,
123,0.139,,0.002,0.066,0.7070000000000001,0.0755,,0.025,0.14200000000000002,,,,1.4745,,0.0,0.001,,,,,0.003,0.003,,,,
124,0.139,,0.002,0.066,0.1365,0.0755,,0.025,0.2955,,,,1.4725000000000001,,0.0,0.001,,,,,0.003,0.003,,,,
125,0.1385,,0.002,0.066,0.3315,0.0755,,0.025,0.2275,,,,1.472,,0.0,0.001,,,,,0.003,0.003,,,,
126,0.1385,,0.002,0.066,0.645,0.0755,,0.025,1.2615,,,,1.4715,,0.0,0.001,,,,,0.003,0.003,,,,
127,0.1385,,0.002,0.066,0.85,0.075,,0.025,0.6950000000000001,,,,1.46,,0.0,0.001,,,,,0.003,0.003,,,,
128,0.1385,,0.002,0.066,0.10800000000000001,0.0755,,0.025,2.1125,,,,1.459,,0.0,0.001,,,,,0.003,0.003,,,,
129,0.139,,0.002,0.066,0.531,0.075,,0.025,0.895,,,,1.4635,,0.0,0.001,,,,,0.003,0.003,,,,
130,0.1385,,0.002,0.066,0.508,0.0755,,0.025,1.1640000000000001,,,,1.463,,0.0,0.001,,,,,0.003,0.003,,,,
131,0.1385,,0.002,0.066,0.21000000000000002,0.076,,0.025,0.523,,,,1.463,,0.0,0.001,,,,,0.003,0.003,,,,
132,0.1385,,0.002,0.066,1.7590000000000001,0.076,,0.025,1.8465,,,,1.468,,0.0,0.001,,,,,0.003,0.003,,,,
133,0.1385,,0.002,0.066,0.533,0.076,,0.025,0.4445,,,,1.468,,0.0,0.001,,,,,0.003,0.003,,,,
134,0.139,,0.002,0.066,0.10700000000000001,0.076,,0.025,1.9645,,,,1.467,,0.0,0.001,,,,,0.003,0.003,,,,
135,0.139,,0.002,0.066,2.1595,0.075,,0.025,0.751,,,,1.451,,0.0,0.001,,,,,0.003,0.003,,,,
136,0.1385,,0.002,0.066,0.523,0.075,,0.025,0.7975000000000001,,,,1.4575,,0.0,0.001,,,,,0.003,0.003,,,,
137,0.138,,0.002,0.066,0.437,0.075,,0.025,0.6395000000000001,,,,1.4565000000000001,,0.0,0.001,,,,,0.003,0.003,,,,
138,0.1385,,0.002,0.066,0.7050000000000001,0.075,,0.025,1.1085,,,,1.454,,0.0,0.001,,,,,0.003,0.003,,,,
139,0.139,,0.002,0.066,0.9355000000000001,0.076,,0.025,0.303,,,,1.4545,,0.0,0.001,,,,,0.003,0.003,,,,
140,0.138,,0.002,0.066,0.367,0.075,,0.025,2.874,,,,1.4485000000000001,,0.0,0.001,,,,,0.003,0.003,,,,
141,0.138,,0.002,0.066,0.5045000000000001,0.0755,,0.025,0.28350000000000003,,,,1.4535,,0.0,0.001,,,,,0.003,0.003,,,,
142,0.138,,0.002,0.066,0.4875,0.0755,,0.025,0.21900000000000003,,,,1.4535,,0.0,0.001,,,,,0.003,0.003,,,,
143,0.1385,,0.002,0.066,0.308,0.076,,0.025,0.506,,,,1.4525000000000001,,0.0,0.001,,,,,0.003,0.003,,,,
144,0.1385,,0.002,0.066,0.551,0.0755,,0.025,0.5045000000000001,,,,1.4575,,0.0,0.001,,,,,0.003,0.003,,,,
145,0.1385,,0.002,0.066,0.65,0.0755,,0.025,0.6965,,,,1.4575,,0.0,0.001,,,,,0.003,0.003,,,,
146,0.138,,0.002,0.066,0.2955,0.0755,,0.025,0.48,,,,1.456,,0.0,0.001,,,,,0.003,0.003,,,,
147,0.139,,0.002,0.066,0.2525,0.075,,0.025,1.8335000000000001,,,,1.4609999999999999,,0.0,0.001,,,,,0.003,0.003,,,,
148,0.1385,,0.002,0.066,1.9625000000000001,0.0755,,0.025,0.602,,,,1.4620000000000002,,0.0,0.001,,,,,0.003,0.003,,,,
149,0.138,,0.002,0.066,0.9285000000000001,0.075,,0.025,3.4595,,,,1.4585,,0.0,0.001,,,,,0.003,0.003,,,,
150,0.138,,0.002,0.066,0.429,0.076,,0.025,0.5855,,,,1.4609999999999999,,0.0,0.001,,,,,0.003,0.003,,,,
151,0.1385,,0.002,0.066,0.412,0.0755,,0.025,0.189,,,,1.4609999999999999,,0.0,0.001,,,,,0.003,0.003,,,,
152,0.14,,0.002,0.066,0.9505,0.0755,,0.025,0.584,,,,1.465,,0.0,0.001,,,,,0.003,0.003,,,,
153,0.139,,0.002,0.066,0.4075,0.0755,,0.025,0.3915,,,,1.4655,,0.0,0.001,,,,,0.003,0.003,,,,
154,0.138,,0.002,0.066,0.436,0.076,,0.025,1.2080000000000002,,,,1.4615,,0.0,0.001,,,,,0.003,0.003,,,,
155,0.1385,,0.002,0.066,0.736,0.075,,0.025,0.5455000000000001,,,,1.4655,,0.0,0.001,,,,,0.003,0.003,,,,
156,0.1395,,0.002,0.066,0.8215,0.0755,,0.025,0.498,,,,1.453,,0.0,0.001,,,,,0.003,0.003,,,,
157,0.1385,,0.002,0.066,1.0235,0.075,,0.025,0.9595,,,,1.4515,,0.0,0.001,,,,,0.003,0.003,,,,
158,0.1395,,0.002,0.066,0.5325,0.0755,,0.025,2.196,,,,1.455,,0.0,0.001,,,,,0.003,0.003,,,,
159,0.138,,0.002,0.066,0.437,0.075,,0.025,0.492,,,,1.4505,,0.0,0.001,,,,,0.003,0.003,,,,
160,0.139,,0.002,0.066,0.551,0.0755,,0.025,0.243,,,,1.4540000000000002,,0.0,0.001,,,,,0.003,0.003,,,,
161,0.1385,,0.002,0.066,0.475,0.075,,0.025,1.9445000000000001,,,,1.459,,0.0,0.001,,,,,0.003,0.003,,,,
162,0.1385,,0.002,0.066,1.5205,0.075,,0.025,0.289,,,,1.452,,0.0,0.001,,,,,0.003,0.003,,,,
163,0.1385,,0.002,0.066,0.582,0.0755,,0.025,0.8685,,,,1.452,,0.0,0.001,,,,,0.003,0.003,,,,
164,0.138,,0.002,0.066,0.6295000000000001,0.0755,,0.025,0.3925,,,,1.4565000000000001,,0.0,0.001,,,,,0.003,0.003,,,,
165,0.1395,,0.002,0.066,0.5935,0.075,,0.025,2.301,,,,1.4565000000000001,,0.0,0.001,,,,,0.003,0.003,,,,
166,0.1385,,0.002,0.066,0.5785,0.0755,,0.025,0.6265,,,,1.455,,0.0,0.001,,,,,0.003,0.003,,,,
167,0.139,,0.002,0.066,0.4815,0.075,,0.025,0.804,,,,1.4585,,0.0,0.001,,,,,0.003,0.003,,,,
168,0.1385,,0.002,0.066,0.4905,0.0755,,0.025,0.5745,,,,1.4575,,0.0,0.001,,,,,0.003,0.003,,,,
169,0.1385,,0.002,0.066,0.1365,0.076,,0.025,0.7805,,,,1.4595,,0.0,0.001,,,,,0.003,0.003,,,,
170,0.1385,,0.002,0.066,0.8095000000000001,0.0755,,0.025,0.5770000000000001,,,,1.4595,,0.0,0.001,,,,,0.003,0.003,,,,
171,0.1385,,0.002,0.066,0.393,0.075,,0.025,0.3055,,,,1.463,,0.0,0.001,,,,,0.003,0.003,,,,
172,0.1385,,0.002,0.066,0.698,0.0755,,0.025,1.0395,,,,1.4625,,0.0,0.001,,,,,0.003,0.003,,,,
173,0.1385,,0.002,0.066,0.6045,0.0755,,0.025,2.716,,,,1.4665,,0.0,0.001,,,,,0.003,0.003,,,,
174,0.1385,,0.002,0.066,0.378,0.075,,0.025,0.3645,,,,1.463,,0.0,0.001,,,,,0.003,0.003,,,,
175,0.1385,,0.002,0.066,0.726,0.076,,0.025,0.534,,,,1.463,,0.0,0.001,,,,,0.003,0.003,,,,
176,0.1385,,0.002,0.066,1.1475000000000002,0.076,,0.025,1.1985,,,,1.4665,,0.0,0.001,,,,,0.003,0.003,,,,
177,0.1385,,0.002,0.066,0.1805,0.075,,0.025,2.8855,,,,1.4655,,0.0,0.001,,,,,0.003,0.003,,,,
178,0.14,,0.002,0.066,0.196,0.0755,,0.025,1.471,,,,1.4645000000000001,,0.0,0.001,,,,,0.003,0.003,,,,
179,0.1385,,0.002,0.066,0.751,0.075,,0.025,0.2715,,,,1.4635,,0.0,0.001,,,,,0.003,0.003,,,,
180,0.1385,,0.002,0.066,0.2735,0.0755,,0.025,0.421,,,,1.4645000000000001,,0.0,0.001,,,,,0.003,0.003,,,,
181,0.1385,,0.002,0.066,0.5965,0.076,,0.025,1.4140000000000001,,,,1.468,,0.0,0.001,,,,,0.003,0.003,,,,
182,0.138,,0.003,0.066,0.6355000000000001,0.0755,,0.025,2.1010000000000004,,,,1.4645000000000001,,0.0,0.001,,,,,0.003,0.003,,,,
183,0.138,,0.002,0.066,0.188,0.0755,,0.025,0.46649999999999997,,,,1.4655,,0.0,0.001,,,,,0.003,0.003,,,,
184,0.1385,,0.002,0.066,0.5750000000000001,0.0755,,0.025,1.6219999999999999,,,,1.4685000000000001,,0.0,0.001,,,,,0.003,0.003,,,,
185,0.8714999999999999,,0.093,0.533,1.6095000000000002,0.5595000000000001,,0.20900000000000002,3.372,,,0.10383333333333333,,,0.0,0.002,,,,,0.031,0.03,,,,
186,0.1385,,0.002,0.066,0.082,0.075,,0.025,0.33,,,,1.463,,0.0,0.001,,,,,0.003,0.003,,,,
187,0.138,,0.002,0.066,0.1995,0.076,,0.025,0.9525,,,,1.4625,,0.0,0.001,,,,,0.003,0.003,,,,
188,0.1385,,0.002,0.066,0.5445,0.075,,0.025,1.833,,,,1.4615,,0.0,0.001,,,,,0.003,0.003,,,,
189,0.138,,0.002,0.066,1.3339999999999999,0.075,,0.025,0.2915,,,,1.4605000000000001,,0.0,0.001,,,,,0.003,0.003,,,,
190,0.1385,,0.0025,0.0665,0.6035,0.075,,0.025,0.7535000000000001,,,,1.463,,0.0,0.001,,,,,0.003,0.003,,,,
191,0.138,,0.002,0.066,0.1005,0.076,,0.025,0.723,,,,1.4675,,0.0,0.001,,,,,0.003,0.003,,,,
192,0.139,,0.002,0.066,0.258,0.0755,,0.025,1.8215000000000001,,,,1.46,,0.0,0.001,,,,,0.003,0.003,,,,
193,0.138,,0.002,0.066,0.7170000000000001,0.076,,0.025,0.639,,,,1.4635,,0.0,0.001,,,,,0.003,0.003,,,,
194,0.1385,,0.002,0.066,0.46149999999999997,0.0755,,0.025,2.9835000000000003,,,,1.4660000000000002,,0.0,0.001,,,,,0.003,0.003,,,,
195,0.139,,0.002,0.066,0.2225,0.0755,,0.025,0.20450000000000002,,,,1.464,,0.0,0.001,,,,,0.003,0.003,,,,
196,0.1385,,0.002,0.066,0.6065,0.076,,0.025,2.1020000000000003,,,,1.466,,0.0,0.001,,,,,0.003,0.003,,,,
197,0.1385,,0.002,0.066,0.277,0.0755,,0.025,3.305,,,,1.4675,,0.0,0.001,,,,,0.003,0.003,,,,
198,0.138,,0.002,0.066,0.18150000000000002,0.0755,,0.025,0.1615,,,,1.4700000000000002,,0.0,0.001,,,,,0.003,0.003,,,,
199,0.139,,0.002,0.066,0.355,0.0755,,0.025,0.2655,,,,1.4685000000000001,,0.0,0.001,,,,,0.003,0.003,,,,
200,0.139,,0.002,0.066,0.549,0.0755,,0.025,0.46649999999999997,,,,1.4689999999999999,,0.0,0.001,,,,,0.003,0.003,,,,
201,0.1385,,0.002,0.0665,0.0945,0.0755,,0.025,0.5865,,,,1.4675,,0.0,0.001,,,,,0.003,0.003,,,,
202,0.138,,0.002,0.066,0.808,0.0755,,0.025,1.4400000000000002,,,,1.4715,,0.0,0.001,,,,,0.003,0.003,,,,
203,0.1385,,0.002,0.066,0.42,0.0755,,0.025,0.16549999999999998,,,,1.4695,,0.0,0.001,,,,,0.003,0.003,,,,
204,0.1385,,0.002,0.066,0.18500000000000003,0.075,,0.025,2.716,,,,1.469,,0.0,0.001,,,,,0.003,0.003,,,,
205,0.1385,,0.0025,0.066,0.794,0.075,,0.025,1.6225,,,,1.4729999999999999,,0.0,0.001,,,,,0.003,0.003,,,,
206,0.139,,0.002,0.066,0.46299999999999997,0.0755,,0.025,2.35,,,,1.4665,,0.0,0.001,,,,,0.003,0.003,,,,
207,0.139,,0.002,0.066,0.1225,0.0755,,0.025,0.47,,,,1.478,,0.0,0.001,,,,,0.003,0.003,,,,
208,0.138,,0.002,0.066,0.773,0.0755,,0.025,1.0675000000000001,,,,1.477,,0.0,0.001,,,,,0.003,0.003,,,,
209,0.138,,0.002,0.066,0.553,0.0755,,0.025,0.846,,,,1.474,,0.0,0.001,,,,,0.003,0.003,,,,
210,0.139,,0.002,0.066,0.119,0.076,,0.025,0.22399999999999998,,,,1.4740000000000002,,0.0,0.001,,,,,0.003,0.003,,,,
211,0.139,,0.002,0.066,1.5875,0.075,,0.025,1.0835,,,,1.483,,0.0,0.001,,,,,0.003,0.003,,,,
212,0.138,,0.002,0.066,0.526,0.075,,0.025,0.3225,,,,1.479,,0.0,0.001,,,,,0.003,0.003,,,,
213,0.139,,0.002,0.066,0.1535,0.075,,0.025,2.8625,,,,1.4775,,0.0,0.001,,,,,0.003,0.003,,,,
214,0.138,,0.002,0.066,0.6145,0.075,,0.025,1.1800000000000002,,,,1.472,,0.0,0.001,,,,,0.003,0.003,,,,
215,0.1385,,0.002,0.066,0.379,0.076,,0.025,0.5920000000000001,,,,1.46,,0.0,0.001,,,,,0.003,0.003,,,,
216,0.1385,,0.002,0.066,0.137,0.0755,,0.025,3.2775,,,,1.4595,,0.0,0.001,,,,,0.003,0.003,,,,
217,0.1395,,0.002,0.066,0.421,0.075,,0.025,2.861,,,,1.4645000000000001,,0.0,0.001,,,,,0.003,0.003,,,,
218,0.139,,0.002,0.066,0.5695,0.075,,0.025,0.10500000000000001,,,,1.4605000000000001,,0.0,0.001,,,,,0.003,0.003,,,,
219,0.139,,0.002,0.066,0.321,0.075,,0.025,0.3125,,,,1.467,,0.0,0.001,,,,,0.003,0.003,,,,
220,0.1385,,0.002,0.066,0.858,0.075,,0.025,1.127,,,,1.461,,0.0,0.001,,,,,0.003,0.003,,,,
221,0.139,,0.002,0.066,0.5585,0.075,,0.025,0.884,,,,1.4615,,0.0,0.001,,,,,0.003,0.003,,,,
222,0.1385,,0.002,0.066,0.0905,0.075,,0.025,0.274,,,,1.468,,0.0,0.001,,,,,0.003,0.003,,,,
223,0.138,,0.002,0.066,0.306,0.075,,0.025,0.8165,,,,1.4635,,0.0,0.001,,,,,0.003,0.003,,,,
224,0.1385,,0.002,0.066,1.3235000000000001,0.076,,0.025,1.8965,,,,1.4645000000000001,,0.0,0.001,,,,,0.003,0.003,,,,
225,0.1385,,0.002,0.066,0.20650000000000002,0.075,,0.025,0.8320000000000001,,,,1.471,,0.0,0.001,,,,,0.003,0.003,,,,
226,0.1385,,0.002,0.066,0.629,0.0755,,0.025,0.7875,,,,1.4475,,0.0,0.001,,,,,0.003,0.003,,,,
227,0.138,,0.002,0.066,1.505,0.075,,0.025,0.383,,,,1.4515,,0.0,0.001,,,,,0.003,0.003,,,,
228,0.138,,0.002,0.066,0.982,0.0755,,0.025,1.7575,,,,1.4525000000000001,,0.0,0.001,,,,,0.003,0.003,,,,
229,0.139,,0.002,0.066,0.377,0.075,,0.025,1.0755,,,,1.4575,,0.0,0.001,,,,,0.003,0.003,,,,
230,0.139,,0.002,0.066,0.496,0.076,,0.025,3.2190000000000003,,,,1.4555,,0.0,0.001,,,,,0.003,0.003,,,,
231,0.138,,0.002,0.066,0.159,0.0755,,0.025,0.7400000000000001,,,,1.452,,0.0,0.001,,,,,0.003,0.003,,,,
232,0.138,,0.002,0.066,0.6395000000000001,0.076,,0.025,0.6155,,,,1.4505,,0.0,0.001,,,,,0.003,0.003,,,,
233,0.138,,0.002,0.066,0.433,0.075,,0.025,0.662,,,,1.4595,,0.0,0.001,,,,,0.003,0.003,,,,
234,0.1385,,0.002,0.066,0.09,0.0755,,0.025,0.3285,,,,1.4569999999999999,,0.0,0.001,,,,,0.003,0.003,,,,
235,0.1385,,0.002,0.066,0.1185,0.075,,0.025,0.279,,,,1.456,,0.0,0.001,,,,,0.003,0.003,,,,
236,0.138,,0.002,0.066,0.4525,0.075,,0.025,1.8975000000000002,,,,1.454,,0.0,0.001,,,,,0.003,0.003,,,,
237,0.1385,,0.002,0.066,1.07,0.075,,0.025,0.14400000000000002,,,,1.4585,,0.0,0.001,,,,,0.003,0.003,,,,
238,0.139,,0.002,0.066,0.413,0.076,,0.025,2.8400000000000003,,,,1.4565000000000001,,0.0,0.001,,,,,0.003,0.003,,,,
239,0.138,,0.002,0.066,0.248,0.075,,0.025,0.4315,,,,1.4585,,0.0,0.001,,,,,0.003,0.003,,,,
240,0.1385,,0.002,0.066,0.21200000000000002,0.075,,0.025,2.8585000000000003,,,,1.4615,,0.0,0.001,,,,,0.003,0.003,,,,
241,0.138,,0.002,0.066,0.4345,0.0755,,0.025,0.22649999999999998,,,,1.4595,,0.0,0.001,,,,,0.003,0.003,,,,
242,0.139,,0.002,0.066,0.4925,0.076,,0.025,2.5975,,,,1.4605000000000001,,0.0,0.001,,,,,0.003,0.003,,,,
243,0.139,,0.002,0.066,0.5635,0.0755,,0.025,0.5940000000000001,,,,1.455,,0.0,0.001,,,,,0.003,0.003,,,,
244,0.1385,,0.002,0.066,0.3155,0.0755,,0.025,2.209,,,,1.4575,,0.0,0.001,,,,,0.003,0.003,,,,
245,0.138,,0.002,0.066,0.7715,0.0755,,0.025,0.3105,,,,1.461,,0.0,0.001,,,,,0.003,0.003,,,,
246,0.1385,,0.0025,0.066,0.11350000000000002,0.075,,0.025,2.9355,,,,1.4605000000000001,,0.0,0.001,,,,,0.003,0.003,,,,
247,0.138,,0.002,0.066,0.40299999999999997,0.0755,,0.025,0.9985,,,,1.46,,0.0,0.001,,,,,0.003,0.003,,,,
248,0.1385,,0.002,0.066,0.528,0.076,,0.025,2.172,,,,1.4635,,0.0,0.001,,,,,0.003,0.003,,,,
249,0.1385,,0.002,0.066,0.393,0.0755,,0.025,0.242,,,,1.4609999999999999,,0.0,0.001,,,,,0.003,0.003,,,,
250,0.1385,,0.002,0.066,0.628,0.075,,0.025,1.3085000000000002,,,,1.4675,,0.0,0.001,,,,,0.003,0.003,,,,
251,0.138,,0.002,0.066,0.151,0.075,,0.025,0.33,,,,1.4665,,0.0,0.001,,,,,0.003,0.003,,,,
252,0.139,,0.002,0.066,0.3155,0.075,,0.025,1.2475,,,,1.4635,,0.0,0.001,,,,,0.003,0.003,,,,
253,0.138,,0.002,0.066,0.5685,0.075,,0.025,0.7415,,,,1.4665,,0.0,0.001,,,,,0.003,0.003,,,,
254,0.1385,,0.002,0.066,0.6100000000000001,0.0755,,0.025,1.2855,,,,1.464,,0.0,0.001,,,,,0.003,0.003,,,,
255,0.138,,0.002,0.066,0.10400000000000001,0.075,,0.025,0.3615,,,,1.471,,0.0,0.001,,,,,0.003,0.003,,,,
256,0.139,,0.0025,0.066,0.5395,0.075,,0.025,1.5130000000000001,,,,1.467,,0.0,0.001,,,,,0.003,0.003,,,,
257,0.138,,0.002,0.066,0.7085,0.0755,,0.025,4.5525,,,,1.465,,0.0,0.001,,,,,0.003,0.003,,,,
258,0.139,,0.002,0.066,0.18600000000000003,0.0755,,0.025,3.2285000000000004,,,,1.463,,0.0,0.001,,,,,0.003,0.003,,,,
259,0.1385,,0.002,0.066,0.384,0.0755,,0.025,4.334,,,,1.468,,0.0,0.001,,,,,0.003,0.003,,,,
260,0.139,,0.002,0.066,0.476,0.0755,,0.025,0.3855,,,,1.468,,0.0,0.001,,,,,0.003,0.003,,,,
261,0.138,,0.002,0.066,0.231,0.0755,,0.025,0.3145,,,,1.4685000000000001,,0.0,0.001,,,,,0.003,0.003,,,,
262,0.138,,0.002,0.066,0.5085000000000001,0.075,,0.025,0.52,,,,1.472,,0.0,0.001,,,,,0.003,0.003,,,,
263,0.1385,,0.002,0.066,1.7695,0.075,,0.025,0.301,,,,1.4715,,0.0,0.001,,,,,0.003,0.003,,,,
264,0.138,,0.002,0.066,0.18600000000000003,0.0755,,0.025,0.355,,,,1.4745,,0.0,0.001,,,,,0.003,0.003,,,,
265,0.139,,0.002,0.066,0.273,0.075,,0.025,0.617,,,,1.4735,,0.0,0.001,,,,,0.003,0.003,,,,
266,0.1385,,0.002,0.066,0.5705,0.075,,0.025,2.071,,,,1.4735,,0.0,0.001,,,,,0.003,0.003,,,,
267,0.1395,,0.002,0.066,1.8130000000000002,0.075,,0.025,1.3659999999999999,,,,1.4745,,0.0,0.001,,,,,0.003,0.003,,,,
268,0.1385,,0.002,0.066,0.2995,0.0755,,0.025,0.1565,,,,1.478,,0.0,0.001,,,,,0.003,0.003,,,,
269,0.1385,,0.002,0.066,2.7115,0.0755,,0.025,0.478,,,,1.477,,0.0,0.001,,,,,0.003,0.003,,,,
270,0.1385,,0.002,0.066,0.21250000000000002,0.076,,0.025,0.276,,,,1.4780000000000002,,0.0,0.001,,,,,0.003,0.003,,,,
271,0.139,,0.002,0.0655,0.39349999999999996,0.076,,0.025,0.583,,,,1.4605000000000001,,0.0,0.001,,,,,0.003,0.003,,,,
272,0.139,,0.002,0.0655,0.547,0.076,,0.025,0.2975,,,,1.4585,,0.0,0.001,,,,,0.003,0.003,,,,
273,0.139,,0.002,0.0655,5.0385,0.076,,0.025,2.1214999999999997,,,,1.467,,0.0,0.001,,,,,0.003,0.003,,,,
274,2.035,,0.242,0.9615,3.301,1.1295000000000002,,0.3625,4.2735,,,0.16543333333333335,,,0.0,0.0026000000000000003,,,,,0.091,0.092,,,,
275,0.138,,0.002,0.066,0.239,0.075,,0.025,0.5760000000000001,,,,1.4529999999999998,,0.0,0.001,,,,,0.003,0.003,,,,
276,0.139,,0.002,0.066,0.2635,0.075,,0.025,0.1795,,,,1.4515,,0.0,0.001,,,,,0.003,0.003,,,,
277,0.139,,0.002,0.066,0.7985000000000001,0.075,,0.025,0.6445,,,,1.452,,0.0,0.001,,,,,0.003,0.003,,,,
278,0.1385,,0.002,0.066,1.354,0.0755,,0.025,2.701,,,,1.4525000000000001,,0.0,0.001,,,,,0.003,0.003,,,,
279,0.138,,0.002,0.0665,0.34149999999999997,0.075,,0.025,1.7785,,,,1.453,,0.0,0.001,,,,,0.003,0.003,,,,
280,0.1395,,0.002,0.066,0.1305,0.0755,,0.025,0.109,,,,1.454,,0.0,0.001,,,,,0.003,0.003,,,,
281,0.1385,,0.002,0.066,1.4115000000000002,0.076,,0.025,3.6505,,,,1.442,,0.0,0.001,,,,,0.003,0.003,,,,
282,0.139,,0.002,0.066,1.0625,0.0755,,0.025,0.5445,,,,1.4405000000000001,,0.0,0.001,,,,,0.003,0.003,,,,
283,0.139,,0.002,0.066,0.0905,0.0755,,0.025,0.495,,,,1.438,,0.0,0.001,,,,,0.003,0.003,,,,
284,0.138,,0.002,0.066,0.6295000000000001,0.0755,,0.025,0.2425,,,,1.4415,,0.0,0.001,,,,,0.003,0.003,,,,
285,0.1385,,0.002,0.066,0.672,0.0755,,0.025,3.353,,,,1.4435,,0.0,0.001,,,,,0.003,0.003,,,,
286,0.138,,0.002,0.066,5.12,0.075,,0.025,2.036,,,,1.4415,,0.0,0.001,,,,,0.003,0.003,,,,
287,0.138,,0.002,0.066,0.137,0.076,,0.025,0.1745,,,,1.4405000000000001,,0.0,0.001,,,,,0.003,0.003,,,,
288,0.1385,,0.002,0.066,1.5155,0.076,,0.025,2.7230000000000003,,,,1.4405000000000001,,0.0,0.001,,,,,0.003,0.003,,,,
289,0.139,,0.002,0.066,0.4945,0.075,,0.025,0.8360000000000001,,,,1.4445000000000001,,0.0,0.001,,,,,0.003,0.003,,,,
290,0.1385,,0.002,0.066,0.094,0.075,,0.025,2.0835000000000004,,,,1.4425,,0.0,0.001,,,,,0.003,0.003,,,,
291,0.138,,0.002,0.066,2.6750000000000003,0.076,,0.025,0.7370000000000001,,,,1.4415,,0.0,0.001,,,,,0.003,0.003,,,,
292,0.1385,,0.002,0.066,0.28250000000000003,0.075,,0.025,0.46599999999999997,,,,1.4455,,0.0,0.001,,,,,0.003,0.003,,,,
293,0.138,,0.002,0.066,0.14550000000000002,0.075,,0.025,0.1295,,,,1.4460000000000002,,0.0,0.001,,,,,0.003,0.003,,,,
294,0.139,,0.002,0.066,0.121,0.075,,0.025,7.837,,,,1.4485000000000001,,0.0,0.001,,,,,0.003,0.003,,,,
295,0.139,,0.002,0.066,3.492,0.0755,,0.025,0.137,,,,1.446,,0.0,0.001,,,,,0.003,0.003,,,,
296,0.138,,0.002,0.066,0.6325000000000001,0.0755,,0.025,0.1005,,,,1.4475,,0.0,0.001,,,,,0.003,0.003,,,,
297,0.139,,0.002,0.066,1.738,0.075,,0.025,0.4795,,,,1.4465,,0.0,0.001,,,,,0.003,0.003,,,,
298,0.1385,,0.002,0.066,0.17099999999999999,0.0755,,0.025,0.099,,,,1.4505,,0.0,0.001,,,,,0.003,0.003,,,,
299,0.139,,0.002,0.066,0.20400000000000001,0.0755,,0.025,1.366,,,,1.423,,0.0,0.001,,,,,0.003,0.003,,,,
300,0.1385,,0.002,0.066,1.3585,0.075,,0.025,0.4385,,,,1.4184999999999999,,0.0,0.001,,,,,0.003,0.003,,,,
301,0.139,,0.002,0.066,1.934,0.076,,0.025,0.33949999999999997,,,,1.4195,,0.0,0.001,,,,,0.003,0.003,,,,
302,0.1385,,0.002,0.066,0.11649999999999999,0.076,,0.025,2.2515,,,,1.423,,0.0,0.001,,,,,0.003,0.003,,,,
303,0.1385,,0.002,0.066,1.7550000000000001,0.0755,,0.025,1.536,,,,1.424,,0.0,0.001,,,,,0.003,0.003,,,,
304,0.1385,,0.002,0.066,0.2975,0.075,,0.025,0.4775,,,,1.4215,,0.0,0.001,,,,,0.003,0.003,,,,
305,0.139,,0.002,0.066,2.0535,0.075,,0.025,0.4955,,,,1.4235,,0.0,0.001,,,,,0.003,0.003,,,,
306,0.138,,0.002,0.066,0.4845,0.075,,0.025,0.6210000000000001,,,,1.4249999999999998,,0.0,0.001,,,,,0.003,0.003,,,,
307,0.138,,0.002,0.066,0.21350000000000002,0.075,,0.025,0.531,,,,1.421,,0.0,0.001,,,,,0.003,0.003,,,,
308,0.1385,,0.002,0.066,0.269,0.075,,0.025,0.6695,,,,1.4249999999999998,,0.0,0.001,,,,,0.003,0.003,,,,
309,0.1385,,0.002,0.066,0.3955,0.0755,,0.025,0.5235000000000001,,,,1.4224999999999999,,0.0,0.001,,,,,0.003,0.003,,,,
310,0.1385,,0.002,0.066,0.2225,0.0755,,0.025,2.0484999999999998,,,,1.4245,,0.0,0.001,,,,,0.003,0.003,,,,
311,0.139,,0.002,0.066,0.481,0.075,,0.025,0.249,,,,1.423,,0.0,0.001,,,,,0.003,0.003,,,,
312,0.1385,,0.002,0.066,0.36,0.0755,,0.025,1.1424999999999998,,,,1.4264999999999999,,0.0,0.001,,,,,0.003,0.003,,,,
313,0.1385,,0.002,0.066,0.3125,0.0755,,0.025,0.4095,,,,1.426,,0.0,0.001,,,,,0.003,0.003,,,,
314,0.1385,,0.002,0.066,0.7325,0.075,,0.025,0.395,,,,1.4285,,0.0,0.001,,,,,0.003,0.003,,,,
315,0.139,,0.002,0.066,0.7765000000000001,0.076,,0.025,0.23149999999999998,,,,1.431,,0.0,0.001,,,,,0.003,0.003,,,,
316,0.1385,,0.002,0.066,0.14150000000000001,0.0755,,0.025,1.856,,,,1.427,,0.0,0.001,,,,,0.003,0.003,,,,
317,0.138,,0.002,0.066,0.595,0.0755,,0.025,0.40099999999999997,,,,1.4304999999999999,,0.0,0.001,,,,,0.003,0.003,,,,
318,0.1385,,0.002,0.066,0.524,0.075,,0.025,0.2915,,,,1.4300000000000002,,0.0,0.001,,,,,0.003,0.003,,,,
319,0.139,,0.002,0.066,0.21400000000000002,0.075,,0.025,0.108,,,,1.431,,0.0,0.001,,,,,0.003,0.003,,,,
320,0.138,,0.002,0.066,0.23450000000000001,0.075,,0.025,0.2005,,,,1.432,,0.0,0.001,,,,,0.003,0.003,,,,
321,0.139,,0.002,0.066,1.7045000000000001,0.075,,0.025,1.848,,,,1.432,,0.0,0.001,,,,,0.003,0.003,,,,
322,0.139,,0.002,0.066,0.3795,0.0755,,0.025,0.33549999999999996,,,,1.4315,,0.0,0.001,,,,,0.003,0.003,,,,
323,0.1385,,0.0025,0.066,1.0025,0.0755,,0.025,1.5095,,,,1.4335,,0.0,0.001,,,,,0.003,0.003,,,,
324,0.1385,,0.002,0.066,2.6984999999999997,0.076,,0.025,1.0425,,,,1.427,,0.0,0.001,,,,,0.003,0.003,,,,
325,1.57,,0.195,0.7615000000000001,3.0645,0.8394999999999999,,0.28800000000000003,4.2985,,,1.1804999999999999,,,0.0,0.01,,,,,0.0545,0.0545,,,,
326,0.139,,0.002,0.066,0.1605,0.0755,,0.025,0.2695,,,,1.4625,,0.0,0.001,,,,,0.003,0.003,,,,
327,0.139,,0.002,0.066,0.534,0.0755,,0.025,0.967,,,,1.4609999999999999,,0.0,0.001,,,,,0.003,0.003,,,,
328,0.139,,0.002,0.066,0.21950000000000003,0.0755,,0.025,0.095,,,,1.4615,,0.0,0.001,,,,,0.003,0.003,,,,
329,0.139,,0.002,0.066,0.921,0.0755,,0.025,0.4095,,,,1.4665,,0.0,0.001,,,,,0.003,0.003,,,,
330,0.139,,0.002,0.066,0.4085,0.076,,0.025,0.7135,,,,1.463,,0.0,0.001,,,,,0.003,0.003,,,,
331,2.5685000000000002,,0.31,1.3325,4.388,1.459,,0.4855,6.33,,,0.4486666666666667,,,0.0,0.005,,,,,0.193,0.19,,,,
332,0.138,,0.002,0.066,0.083,0.075,,0.025,0.8195,,,,1.4635,,0.0,0.001,,,,,0.003,0.003,,,,
333,0.139,,0.002,0.066,0.3925,0.0755,,0.025,0.425,,,,1.4665,,0.0,0.001,,,,,0.003,0.003,,,,
334,0.1385,,0.002,0.066,0.192,0.0755,,0.025,0.24400000000000002,,,,1.464,,0.0,0.001,,,,,0.003,0.003,,,,
335,0.139,,0.002,0.066,0.5135000000000001,0.075,,0.025,0.3155,,,,1.4685000000000001,,0.0,0.001,,,,,0.003,0.003,,,,
336,0.1385,,0.002,0.066,0.6545000000000001,0.075,,0.025,1.1095,,,,1.4705,,0.0,0.001,,,,,0.003,0.003,,,,
337,0.138,,0.002,0.066,0.182,0.076,,0.025,0.3115,,,,1.4689999999999999,,0.0,0.001,,,,,0.003,0.003,,,,
338,0.139,,0.002,0.066,2.1465,0.075,,0.025,0.3265,,,,1.4705,,0.0,0.001,,,,,0.003,0.003,,,,
339,0.138,,0.0025,0.066,1.477,0.0755,,0.025,0.928,,,,1.477,,0.0,0.001,,,,,0.003,0.003,,,,
340,0.139,,0.002,0.066,0.289,0.0755,,0.025,2.6075,,,,1.4700000000000002,,0.0,0.001,,,,,0.003,0.003,,,,
341,0.1385,,0.002,0.066,0.3915,0.0755,,0.025,0.719,,,,1.475,,0.0,0.001,,,,,0.003,0.003,,,,
342,0.139,,0.002,0.066,0.638,0.0755,,0.025,0.296,,,,1.4315,,0.0,0.001,,,,,0.003,0.003,,,,
343,0.1385,,0.002,0.066,0.9650000000000001,0.076,,0.025,0.21950000000000003,,,,1.4295,,0.0,0.001,,,,,0.003,0.003,,,,
344,2.033,,0.2425,0.971,3.464,1.1375000000000002,,0.3605,4.623,,,1.833,,,0.0,0.021,,,,,0.0905,0.0915,,,,
345,0.1385,,0.002,0.066,0.8580000000000001,0.075,,0.025,0.07,,,,1.4540000000000002,,0.0,0.001,,,,,0.003,0.003,,,,
346,0.139,,0.002,0.066,3.3975000000000004,0.075,,0.025,1.716,,,,1.4555,,0.0,0.001,,,,,0.003,0.003,,,,
347,0.139,,0.002,0.066,0.52,0.0755,,0.025,0.2435,,,,1.4605000000000001,,0.0,0.001,,,,,0.003,0.003,,,,
348,0.139,,0.002,0.066,0.5665,0.0755,,0.025,0.125,,,,1.4585,,0.0,0.001,,,,,0.003,0.003,,,,
349,0.139,,0.002,0.066,1.4595,0.075,,0.025,0.266,,,,1.4565000000000001,,0.0,0.001,,,,,0.003,0.003,,,,
350,0.1385,,0.002,0.066,0.33,0.076,,0.025,0.0945,,,,1.4595,,0.0,0.001,,,,,0.003,0.003,,,,
351,0.138,,0.002,0.066,0.51,0.076,,0.025,0.8575,,,,1.459,,0.0,0.001,,,,,0.003,0.003,,,,
352,0.1385,,0.002,0.066,0.2445,0.076,,0.025,2.2445,,,,1.46,,0.0,0.001,,,,,0.003,0.003,,,,
353,0.139,,0.002,0.066,0.458,0.076,,0.025,0.2645,,,,1.458,,0.0,0.001,,,,,0.003,0.003,,,,
354,0.1385,,0.003,0.066,0.272,0.0755,,0.025,1.9705,,,,1.4615,,0.0,0.001,,,,,0.003,0.003,,,,
355,0.139,,0.002,0.066,0.9630000000000001,0.076,,0.025,0.4925,,,,1.456,,0.0,0.001,,,,,0.003,0.003,,,,
356,0.1385,,0.002,0.066,0.31,0.0755,,0.025,2.632,,,,1.458,,0.0,0.001,,,,,0.003,0.003,,,,
357,0.1395,,0.002,0.066,0.39999999999999997,0.0755,,0.025,0.661,,,,1.461,,0.0,0.001,,,,,0.003,0.003,,,,
358,0.139,,0.002,0.0655,0.12,0.076,,0.025,0.18000000000000002,,,,1.459,,0.0,0.001,,,,,0.003,0.003,,,,
359,0.1385,,0.002,0.065,0.6235,0.076,,0.025,0.433,,,,1.439,,0.0,0.001,,,,,0.003,0.003,,,,
360,0.139,,0.002,0.066,2.0505,0.076,,0.025,10.799,,,,1.444,,0.0,0.001,,,,,0.003,0.003,,,,
361,0.139,,0.002,0.066,0.2695,0.076,,0.025,0.0915,,,,1.4375,,0.0,0.001,,,,,0.003,0.003,,,,
362,0.139,,0.002,0.065,0.9115,0.076,,0.025,0.4515,,,,1.44,,0.0,0.001,,,,,0.003,0.003,,,,
363,0.139,,0.002,0.066,0.11000000000000001,0.076,,0.025,0.533,,,,1.44,,0.0,0.001,,,,,0.003,0.003,,,,
364,0.139,,0.002,0.066,0.381,0.076,,0.025,0.5695,,,,1.4409999999999998,,0.0,0.001,,,,,0.003,0.003,,,,
365,0.139,,0.002,0.065,0.537,0.076,,0.025,0.383,,,,1.437,,0.0,0.001,,,,,0.003,0.003,,,,
366,0.139,,0.002,0.066,0.34099999999999997,0.076,,0.025,2.3565,,,,1.4445000000000001,,0.0,0.001,,,,,0.003,0.003,,,,
367,1.2905,,0.147,0.7335,2.1235,0.7030000000000001,,0.2765,3.409,,,0.791,,,0.0,0.007,,,,,0.0425,0.043000000000000003,,,,
368,0.138,,0.002,0.066,0.1515,0.076,,0.025,0.996,,,,1.4304999999999999,,0.0,0.001,,,,,0.003,0.003,,,,
369,0.1385,,0.002,0.066,0.2275,0.076,,0.025,0.21300000000000002,,,,1.4385,,0.0,0.001,,,,,0.003,0.003,,,,
370,0.139,,0.002,0.065,2.8355,0.076,,0.025,0.6145,,,,1.431,,0.0,0.001,,,,,0.003,0.003,,,,
371,0.139,,0.002,0.0655,0.625,0.076,,0.025,0.4725,,,,1.43,,0.0,0.001,,,,,0.003,0.003,,,,
372,0.139,,0.002,0.0655,2.6995,0.076,,0.025,0.6745,,,,1.4335,,0.0,0.001,,,,,0.003,0.003,,,,
373,0.139,,0.002,0.0655,0.199,0.076,,0.025,0.619,,,,1.4375,,0.0,0.001,,,,,0.003,0.003,,,,
374,0.139,,0.002,0.066,0.146,0.076,,0.025,0.1975,,,,1.4385,,0.0,0.001,,,,,0.003,0.003,,,,
375,0.139,,0.002,0.0655,0.444,0.076,,0.025,2.6055,,,,1.4395,,0.0,0.001,,,,,0.003,0.003,,,,
376,0.139,,0.002,0.065,0.3885,0.076,,0.025,0.11449999999999999,,,,1.4395,,0.0,0.001,,,,,0.003,0.003,,,,
377,0.139,,0.003,0.066,4.192500000000001,0.076,,0.025,0.9425,,,,1.4365,,0.0,0.001,,,,,0.003,0.003,,,,
378,0.1395,,0.002,0.0655,0.084,0.076,,0.025,0.1385,,,,1.4415,,0.0,0.001,,,,,0.003,0.003,,,,
379,1.1695,,0.138,0.585,2.0125,0.6970000000000001,,0.222,3.87,,,0.712,,,0.0,0.007,,,,,0.041,0.0405,,,,
380,0.139,,0.002,0.065,0.106,0.076,,0.025,0.7465,,,,1.463,,0.0,0.001,,,,,0.003,0.003,,,,
381,0.139,,0.002,0.066,0.5650000000000001,0.076,,0.025,1.864,,,,1.464,,0.0,0.001,,,,,0.003,0.003,,,,
382,0.139,,0.002,0.0655,0.33849999999999997,0.076,,0.025,0.6295000000000001,,,,1.462,,0.0,0.001,,,,,0.003,0.003,,,,
383,0.139,,0.002,0.066,0.3015,0.076,,0.025,1.9315000000000002,,,,1.4625,,0.0,0.001,,,,,0.003,0.003,,,,
384,0.139,,0.002,0.065,0.8885,0.076,,0.025,0.276,,,,1.4645000000000001,,0.0,0.001,,,,,0.003,0.003,,,,
385,0.1395,,0.002,0.066,0.17250000000000001,0.076,,0.025,2.034,,,,1.4620000000000002,,0.0,0.001,,,,,0.003,0.003,,,,
386,0.139,,0.002,0.0655,0.10350000000000001,0.076,,0.025,0.6095,,,,1.4625,,0.0,0.001,,,,,0.003,0.003,,,,
387,0.139,,0.002,0.066,2.5055,0.076,,0.025,0.5105000000000001,,,,1.464,,0.0,0.001,,,,,0.003,0.003,,,,
388,0.1385,,0.002,0.0655,0.2205,0.076,,0.025,0.486,,,,1.4605000000000001,,0.0,0.001,,,,,0.003,0.003,,,,
389,0.1385,,0.002,0.0655,0.219,0.076,,0.025,0.9155,,,,1.463,,0.0,0.001,,,,,0.003,0.003,,,,
390,0.139,,0.002,0.0655,0.45,0.076,,0.025,0.216,,,,1.467,,0.0,0.001,,,,,0.003,0.003,,,,
391,1.017,,0.111,0.5365,1.7120000000000002,0.5725,,0.215,2.7625,,,0.5305,,,0.0,0.005,,,,,0.034,0.0345,,,,
392,0.139,,0.002,0.066,0.07700000000000001,0.076,,0.025,0.983,,,,1.461,,0.0,0.001,,,,,0.003,0.003,,,,
393,0.139,,0.002,0.0655,0.423,0.076,,0.025,0.4085,,,,1.4620000000000002,,0.0,0.001,,,,,0.003,0.003,,,,
394,0.139,,0.002,0.0655,0.09,0.076,,0.025,5.129,,,,1.467,,0.0,0.001,,,,,0.003,0.003,,,,
395,0.139,,0.002,0.0655,0.233,0.076,,0.025,0.414,,,,1.4655,,0.0,0.001,,,,,0.003,0.003,,,,
396,0.1395,,0.002,0.0655,0.2575,0.076,,0.025,0.283,,,,1.4645000000000001,,0.0,0.001,,,,,0.003,0.003,,,,
397,0.1385,,0.002,0.066,0.278,0.076,,0.025,0.2265,,,,1.4645000000000001,,0.0,0.001,,,,,0.003,0.003,,,,
398,0.1395,,0.002,0.066,0.5205,0.076,,0.025,0.446,,,,1.4615,,0.0,0.001,,,,,0.003,0.003,,,,
399,0.139,,0.002,0.0655,2.3955,0.076,,0.025,2.5825000000000005,,,,1.469,,0.0,0.001,,,,,0.003,0.003,,,,
400,0.139,,0.002,0.066,0.10350000000000001,0.076,,0.025,0.123,,,,1.466,,0.0,0.001,,,,,0.003,0.003,,,,
401,0.1395,,0.002,0.0655,0.145,0.076,,0.025,1.2489999999999999,,,,1.4649999999999999,,0.0,0.001,,,,,0.003,0.003,,,,
402,0.138,,0.002,0.0655,0.275,0.076,,0.025,0.358,,,,1.4655,,0.0,0.001,,,,,0.003,0.003,,,,
403,0.1385,,0.002,0.0655,0.347,0.076,,0.025,0.2025,,,,1.466,,0.0,0.001,,,,,0.003,0.003,,,,
404,0.139,,0.002,0.066,0.25,0.076,,0.025,0.3445,,,,1.4705,,0.0,0.001,,,,,0.003,0.003,,,,
405,0.139,,0.002,0.066,0.1175,0.076,,0.025,0.10450000000000001,,,,1.467,,0.0,0.001,,,,,0.003,0.003,,,,
406,0.139,,0.002,0.065,0.203,0.076,,0.025,0.9545,,,,1.4735,,0.0,0.001,,,,,0.003,0.003,,,,
407,0.139,,0.002,0.0655,0.10300000000000001,0.076,,0.025,0.24250000000000002,,,,1.4695,,0.0,0.001,,,,,0.003,0.003,,,,
408,0.722,,0.065,0.335,1.2285,0.41600000000000004,,0.14500000000000002,2.1385,,,0.28350000000000003,,,0.0,0.004,,,,,0.025,0.025,,,,
409,0.139,,0.002,0.0655,0.2095,0.076,,0.025,0.068,,,,1.4425,,0.0,0.001,,,,,0.003,0.003,,,,
410,0.139,,0.002,0.065,5.4575000000000005,0.076,,0.025,0.8520000000000001,,,,1.449,,0.0,0.001,,,,,0.003,0.003,,,,
411,0.139,,0.002,0.066,0.7525000000000001,0.076,,0.025,2.277,,,,1.447,,0.0,0.001,,,,,0.003,0.003,,,,
412,0.139,,0.002,0.0655,0.8170000000000001,0.076,,0.025,0.1575,,,,1.451,,0.0,0.001,,,,,0.003,0.003,,,,
413,0.1385,,0.002,0.0655,0.18300000000000002,0.076,,0.025,1.747,,,,1.4235,,0.0,0.001,,,,,0.003,0.003,,,,
414,0.139,,0.002,0.065,0.1955,0.076,,0.025,0.2865,,,,1.4155,,0.0,0.001,,,,,0.003,0.003,,,,
415,0.139,,0.002,0.066,0.2905,0.076,,0.025,0.818,,,,1.4195,,0.0,0.001,,,,,0.003,0.003,,,,
416,0.139,,0.002,0.066,0.088,0.0755,,0.025,0.8315,,,,1.4155,,0.0,0.001,,,,,0.003,0.003,,,,
417,0.1395,,0.002,0.066,0.0945,0.076,,0.025,0.129,,,,1.4195,,0.0,0.001,,,,,0.003,0.003,,,,
418,0.139,,0.002,0.065,0.158,0.076,,0.025,0.4695,,,,1.417,,0.0,0.001,,,,,0.003,0.003,,,,
419,0.1385,,0.002,0.066,0.189,0.076,,0.025,2.0305,,,,1.414,,0.0,0.001,,,,,0.003,0.003,,,,
420,0.1385,,0.002,0.0655,0.673,0.0755,,0.025,0.197,,,,1.4249999999999998,,0.0,0.001,,,,,0.003,0.003,,,,
421,0.139,,0.002,0.0655,0.282,0.076,,0.025,0.605,,,,1.4005,,0.0,0.001,,,,,0.003,0.003,,,,
422,0.1395,,0.002,0.065,0.165,0.076,,0.025,0.7035,,,,1.4045,,0.0,0.001,,,,,0.003,0.003,,,,
423,0.139,,0.002,0.066,0.188,0.0755,,0.025,0.193,,,,1.4010000000000002,,0.0,0.001,,,,,0.003,0.003,,,,
424,0.139,,0.002,0.0655,0.1305,0.0755,,0.025,0.7715,,,,1.403,,0.0,0.001,,,,,0.003,0.003,,,,
425,0.139,,0.002,0.065,0.11100000000000002,0.076,,0.025,1.858,,,,1.4005,,0.0,0.001,,,,,0.003,0.003,,,,
426,0.138,,0.0025,0.065,2.384,0.076,,0.025,2.341,,,,1.405,,0.0,0.001,,,,,0.003,0.003,,,,
427,0.1385,,0.002,0.065,0.10450000000000001,0.0755,,0.025,0.3595,,,,1.4015,,0.0,0.001,,,,,0.003,0.003,,,,
428,0.138,,0.002,0.065,0.3585,0.076,,0.025,0.61,,,,1.408,,0.0,0.001,,,,,0.003,0.003,,,,
429,0.139,,0.002,0.0655,0.6885,0.076,,0.025,2.9075,,,,1.4015,,0.0,0.001,,,,,0.003,0.003,,,,
430,0.139,,0.002,0.065,0.1345,0.076,,0.025,0.367,,,,1.3980000000000001,,0.0,0.001,,,,,0.003,0.003,,,,
431,0.1385,,0.0025,0.065,0.4445,0.076,,0.025,0.518,,,,1.403,,0.0,0.001,,,,,0.003,0.003,,,,
432,0.1395,,0.002,0.0655,0.5885,0.076,,0.025,0.94,,,,1.3980000000000001,,0.0,0.001,,,,,0.003,0.003,,,,
433,0.1385,,0.002,0.0655,0.0955,0.076,,0.025,0.6465,,,,1.3930000000000002,,0.0,0.001,,,,,0.003,0.003,,,,
434,0.139,,0.002,0.065,0.11499999999999999,0.076,,0.025,0.566,,,,1.3955000000000002,,0.0,0.001,,,,,0.003,0.003,,,,
435,0.139,,0.002,0.066,0.635,0.076,,0.025,0.5905,,,,1.3995000000000002,,0.0,0.001,,,,,0.003,0.003,,,,
436,0.139,,0.002,0.065,0.1655,0.076,,0.025,0.34199999999999997,,,,1.3975,,0.0,0.001,,,,,0.003,0.003,,,,
437,3.0460000000000003,,0.359,1.5310000000000001,4.885,1.6485,,0.559,6.7965,,,0.8604166666666666,,,0.0,0.010333333333333333,,,,,0.2235,0.216,,,,
438,0.139,,0.002,0.0655,0.187,0.076,,0.025,0.5670000000000001,,,,1.4340000000000002,,0.0,0.001,,,,,0.003,0.003,,,,
439,0.139,,0.002,0.0655,0.101,0.076,,0.025,0.2185,,,,1.4385,,0.0,0.001,,,,,0.003,0.003,,,,
440,0.139,,0.002,0.066,0.8130000000000001,0.076,,0.025,0.261,,,,1.4365,,0.0,0.001,,,,,0.003,0.003,,,,
441,0.139,,0.002,0.0655,0.389,0.076,,0.025,3.358,,,,1.4355,,0.0,0.001,,,,,0.003,0.003,,,,
442,0.139,,0.002,0.066,1.1625,0.076,,0.025,0.274,,,,1.4355,,0.0,0.001,,,,,0.003,0.003,,,,
443,0.139,,0.002,0.066,0.21000000000000002,0.076,,0.025,3.2615000000000003,,,,1.438,,0.0,0.001,,,,,0.003,0.003,,,,
444,0.1385,,0.002,0.066,0.6265,0.076,,0.025,0.577,,,,1.4395,,0.0,0.001,,,,,0.003,0.003,,,,
445,0.1385,,0.002,0.066,0.097,0.076,,0.025,0.479,,,,1.439,,0.0,0.001,,,,,0.003,0.003,,,,
446,0.139,,0.002,0.0655,0.407,0.076,,0.025,2.979,,,,1.4395,,0.0,0.001,,,,,0.003,0.003,,,,
447,0.138,,0.002,0.066,0.3105,0.076,,0.025,0.7215,,,,1.4335,,0.0,0.001,,,,,0.003,0.003,,,,
448,0.1385,,0.002,0.066,0.3075,0.076,,0.025,0.1375,,,,1.436,,0.0,0.001,,,,,0.003,0.003,,,,
449,0.1395,,0.002,0.066,0.20600000000000002,0.0755,,0.025,0.20350000000000001,,,,1.4375,,0.0,0.001,,,,,0.003,0.003,,,,
450,1.756,,0.219,0.9390000000000001,4.5015,0.994,,0.3565,4.19,,,0.3099166666666667,,,0.0,0.003666666666666667,,,,,0.067,0.068,,,,
451,0.139,,0.002,0.0655,0.31250000000000006,0.0765,,0.025,1.646,,,,1.4595,,0.0,0.001,,,,,0.003,0.003,,,,
452,0.139,,0.002,0.0655,0.29,0.076,,0.025,1.9020000000000001,,,,1.457,,0.0,0.001,,,,,0.003,0.003,,,,
453,0.1385,,0.002,0.0655,0.6925,0.076,,0.025,0.3775,,,,1.4645000000000001,,0.0,0.001,,,,,0.003,0.003,,,,
454,0.139,,0.002,0.0655,0.20400000000000001,0.076,,0.025,0.687,,,,1.458,,0.0,0.001,,,,,0.003,0.003,,,,
455,0.139,,0.002,0.066,0.1325,0.076,,0.025,0.4925,,,,1.46,,0.0,0.001,,,,,0.003,0.003,,,,
456,0.139,,0.002,0.0655,0.973,0.0755,,0.025,1.5725000000000002,,,,1.4585,,0.0,0.001,,,,,0.003,0.003,,,,
457,0.1395,,0.002,0.0655,0.231,0.0755,,0.025,0.1,,,,1.46,,0.0,0.001,,,,,0.003,0.003,,,,
458,0.139,,0.0025,0.0655,0.649,0.076,,0.025,1.5165,,,,1.4595,,0.0,0.001,,,,,0.003,0.003,,,,
459,0.139,,0.002,0.066,0.881,0.076,,0.025,1.1885,,,,1.4635,,0.0,0.001,,,,,0.003,0.003,,,,
460,0.139,,0.002,0.0655,1.8455,0.076,,0.025,0.55,,,,1.459,,0.0,0.001,,,,,0.003,0.003,,,,
461,0.139,,0.002,0.066,0.162,0.076,,0.025,1.886,,,,1.465,,0.0,0.001,,,,,0.003,0.003,,,,
462,0.139,,0.002,0.065,0.5549999999999999,0.076,,0.025,0.7905000000000001,,,,1.4705,,0.0,0.001,,,,,0.003,0.003,,,,
463,0.1395,,0.002,0.0655,0.1525,0.0755,,0.025,2.5524999999999998,,,,1.468,,0.0,0.001,,,,,0.003,0.003,,,,
464,0.139,,0.002,0.0655,0.10600000000000001,0.0755,,0.025,0.3255,,,,1.467,,0.0,0.001,,,,,0.003,0.003,,,,
465,0.139,,0.002,0.066,0.681,0.076,,0.025,1.387,,,,1.4605000000000001,,0.0,0.001,,,,,0.003,0.003,,,,
466,0.139,,0.002,0.0655,0.14,0.0755,,0.025,0.11449999999999999,,,,1.4695,,0.0,0.001,,,,,0.003,0.003,,,,
467,0.139,,0.002,0.0655,0.937,0.076,,0.025,0.599,,,,1.4675,,0.0,0.001,,,,,0.003,0.003,,,,
468,0.139,,0.002,0.066,1.0195,0.076,,0.025,1.816,,,,1.4455,,0.0,0.001,,,,,0.003,0.003,,,,
469,2.219,,0.263,1.1355,3.7,1.1825,,0.41700000000000004,4.955500000000001,,,0.3302,,,0.0,0.0038,,,,,0.1365,0.137,,,,
470,0.9864999999999999,,0.095,0.5435000000000001,1.5034999999999998,0.5555000000000001,,0.2155,1.7280000000000002,,,0.442,,,0.0,0.005,,,,,0.0315,0.0305,,,,
471,0.139,,0.002,0.066,0.41450000000000004,0.075,,0.025,1.2195,,,,1.4495,,0.0,0.001,,,,,0.003,0.003,,,,
472,0.139,,0.002,0.0655,0.2195,0.076,,0.025,0.11549999999999999,,,,1.4315,,0.0,0.001,,,,,0.003,0.003,,,,
473,0.139,,0.002,0.066,0.2705,0.076,,0.025,0.508,,,,1.434,,0.0,0.001,,,,,0.003,0.003,,,,
474,0.1395,,0.002,0.0655,0.796,0.076,,0.025,0.6215,,,,1.438,,0.0,0.001,,,,,0.003,0.003,,,,
475,0.139,,0.002,0.066,0.254,0.076,,0.025,0.089,,,,1.4325,,0.0,0.001,,,,,0.003,0.003,,,,
476,0.139,,0.002,0.066,0.39449999999999996,0.075,,0.025,0.551,,,,1.4344999999999999,,0.0,0.001,,,,,0.003,0.003,,,,
477,0.139,,0.002,0.0655,0.8580000000000001,0.076,,0.025,0.3715,,,,1.434,,0.0,0.001,,,,,0.003,0.003,,,,
478,0.139,,0.002,0.066,0.20600000000000002,0.076,,0.025,0.485,,,,1.4344999999999999,,0.0,0.001,,,,,0.003,0.003,,,,
479,0.1395,,0.002,0.0655,0.1525,0.076,,0.025,0.6445,,,,1.4375,,0.0,0.001,,,,,0.003,0.003,,,,
480,0.139,,0.002,0.0655,0.7705000000000001,0.076,,0.025,0.903,,,,1.435,,0.0,0.001,,,,,0.003,0.003,,,,
481,0.1385,,0.002,0.066,0.189,0.076,,0.025,1.2340000000000002,,,,1.434,,0.0,0.001,,,,,0.003,0.003,,,,
482,0.139,,0.002,0.066,0.158,0.076,,0.025,0.0955,,,,1.4375,,0.0,0.001,,,,,0.003,0.003,,,,
483,0.139,,0.002,0.0655,0.8565,0.076,,0.025,0.9935,,,,1.439,,0.0,0.001,,,,,0.003,0.003,,,,
484,0.139,,0.002,0.066,0.092,0.0755,,0.025,2.041,,,,1.4369999999999998,,0.0,0.001,,,,,0.003,0.003,,,,
485,0.1385,,0.002,0.066,0.4925,0.076,,0.025,0.366,,,,1.4369999999999998,,0.0,0.001,,,,,0.003,0.003,,,,
486,0.139,,0.002,0.066,0.641,0.076,,0.025,0.558,,,,1.436,,0.0,0.001,,,,,0.003,0.003,,,,
487,0.1385,,0.002,0.066,0.157,0.076,,0.025,0.518,,,,1.434,,0.0,0.001,,,,,0.003,0.003,,,,
488,0.139,,0.002,0.066,0.7595,0.076,,0.025,0.6185,,,,1.4375,,0.0,0.001,,,,,0.003,0.003,,,,
489,0.139,,0.002,0.0655,0.736,0.076,,0.025,3.6125,,,,1.4385,,0.0,0.001,,,,,0.003,0.003,,,,
490,0.1395,,0.002,0.066,2.112,0.076,,0.025,0.18400000000000002,,,,1.4395,,0.0,0.001,,,,,0.003,0.003,,,,
491,0.139,,0.002,0.0655,0.2705,0.076,,0.025,2.8435,,,,1.4395,,0.0,0.001,,,,,0.003,0.003,,,,
492,0.139,,0.002,0.066,1.7080000000000002,0.076,,0.025,0.4795,,,,1.4405000000000001,,0.0,0.001,,,,,0.003,0.003,,,,
493,0.1395,,0.002,0.066,0.17750000000000002,0.0755,,0.025,0.9550000000000001,,,,1.444,,0.0,0.001,,,,,0.003,0.003,,,,
494,0.139,,0.002,0.066,0.08349999999999999,0.076,,0.025,2.1705,,,,1.44,,0.0,0.001,,,,,0.003,0.003,,,,
495,0.139,,0.002,0.066,1.0155,0.076,,0.025,0.437,,,,1.4415,,0.0,0.001,,,,,0.003,0.003,,,,
496,0.1385,,0.002,0.0655,0.3445,0.076,,0.025,0.2225,,,,1.4445000000000001,,0.0,0.001,,,,,0.003,0.003,,,,
497,0.139,,0.002,0.0655,0.66,0.076,,0.025,0.3705,,,,1.4445000000000001,,0.0,0.001,,,,,0.003,0.003,,,,
498,0.139,,0.002,0.0655,1.015,0.076,,0.025,2.549,,,,1.444,,0.0,0.001,,,,,0.003,0.003,,,,
499,0.1385,,0.002,0.066,0.278,0.076,,0.025,0.1685,,,,1.441,,0.0,0.001,,,,,0.003,0.003,,,,
500,0.139,,0.002,0.0655,0.189,0.076,,0.025,0.565,,,,1.443,,0.0,0.001,,,,,0.003,0.003,,,,
501,0.139,,0.002,0.066,0.8385,0.076,,0.025,0.4475,,,,1.441,,0.0,0.001,,,,,0.003,0.003,,,,
502,0.139,,0.002,0.066,0.316,0.076,,0.025,0.23900000000000002,,,,1.4425,,0.0,0.001,,,,,0.003,0.003,,,,
503,0.1385,,0.002,0.066,0.33449999999999996,0.076,,0.025,0.3605,,,,1.4485000000000001,,0.0,0.001,,,,,0.003,0.003,,,,
504,0.1385,,0.002,0.066,0.751,0.076,,0.025,0.431,,,,1.4435,,0.0,0.001,,,,,0.003,0.003,,,,
505,0.139,,0.002,0.066,0.5365,0.076,,0.025,0.377,,,,1.4425,,0.0,0.001,,,,,0.003,0.003,,,,
506,0.139,,0.002,0.065,0.17550000000000002,0.076,,0.025,0.3615,,,,1.454,,0.0,0.001,,,,,0.003,0.003,,,,
507,0.139,,0.002,0.066,0.9715,0.076,,0.025,1.006,,,,1.4475,,0.0,0.001,,,,,0.003,0.003,,,,
508,0.139,,0.002,0.0655,0.2765,0.076,,0.025,1.1395000000000002,,,,1.4545,,0.0,0.001,,,,,0.003,0.003,,,,
509,0.139,,0.002,0.0655,0.09,0.076,,0.025,1.9700000000000002,,,,1.451,,0.0,0.001,,,,,0.003,0.003,,,,
510,0.1395,,0.002,0.0655,0.7080000000000001,0.076,,0.025,1.0170000000000001,,,,1.4465,,0.0,0.001,,,,,0.003,0.003,,,,
511,0.139,,0.002,0.0655,0.15,0.076,,0.025,0.476,,,,1.4500000000000002,,0.0,0.001,,,,,0.003,0.003,,,,
512,0.139,,0.002,0.066,0.194,0.076,,0.025,0.424,,,,1.444,,0.0,0.001,,,,,0.003,0.003,,,,
513,0.1385,,0.002,0.066,1.3655000000000002,0.076,,0.025,1.8845,,,,1.4475,,0.0,0.001,,,,,0.003,0.003,,,,
514,0.139,,0.002,0.066,0.20600000000000002,0.076,,0.025,0.1275,,,,1.452,,0.0,0.001,,,,,0.003,0.003,,,,
515,0.139,,0.002,0.066,0.20650000000000002,0.0765,,0.025,2.7385,,,,1.4525000000000001,,0.0,0.001,,,,,0.003,0.003,,,,
516,0.139,,0.002,0.0655,0.7515,0.076,,0.025,1.123,,,,1.4545,,0.0,0.001,,,,,0.003,0.003,,,,
517,0.139,,0.002,0.066,0.21350000000000002,0.0755,,0.025,0.5770000000000001,,,,1.456,,0.0,0.001,,,,,0.003,0.003,,,,
518,0.139,,0.002,0.0655,0.10350000000000001,0.076,,0.025,2.1485,,,,1.4415,,0.0,0.001,,,,,0.003,0.003,,,,
519,0.139,,0.002,0.0655,0.6155,0.076,,0.025,0.5425000000000001,,,,1.4435,,0.0,0.001,,,,,0.003,0.003,,,,
520,0.139,,0.002,0.066,0.1515,0.0755,,0.025,0.222,,,,1.4465,,0.0,0.001,,,,,0.003,0.003,,,,
521,0.139,,0.002,0.065,0.1695,0.076,,0.025,0.33199999999999996,,,,1.4455,,0.0,0.001,,,,,0.003,0.003,,,,
522,0.139,,0.002,0.0655,0.5105000000000001,0.076,,0.025,0.2835,,,,1.44,,0.0,0.001,,,,,0.003,0.003,,,,
523,0.1385,,0.002,0.0655,0.21400000000000002,0.076,,0.025,0.1525,,,,1.4435,,0.0,0.001,,,,,0.003,0.003,,,,
524,0.139,,0.002,0.066,0.8935,0.076,,0.025,0.33949999999999997,,,,1.4425,,0.0,0.001,,,,,0.003,0.003,,,,
525,0.139,,0.002,0.0655,0.0905,0.0755,,0.025,2.4555,,,,1.4475,,0.0,0.001,,,,,0.003,0.003,,,,
526,0.1385,,0.002,0.066,0.251,0.076,,0.025,0.171,,,,1.4495,,0.0,0.001,,,,,0.003,0.003,,,,
527,0.139,,0.002,0.0655,0.1445,0.075,,0.025,0.5165000000000001,,,,1.4420000000000002,,0.0,0.001,,,,,0.003,0.003,,,,
528,2.566,,0.31,1.34,4.3775,1.4729999999999999,,0.49,5.4505,,,0.34005,,,0.0,0.00355,,,,,0.191,0.189,,,,
529,0.581,,0.025,0.2705,0.8445,0.28200000000000003,,0.116,1.6065,,,0.1505,,,0.0,0.003,,,,,0.017,0.0165,,,,
530,0.139,,0.002,0.066,1.1225,0.075,,0.025,1.4905000000000002,,,,1.4635,,0.0,0.001,,,,,0.003,0.003,,,,
531,0.1385,,0.002,0.066,0.5670000000000001,0.0755,,0.025,2.3480000000000003,,,,1.462,,0.0,0.001,,,,,0.003,0.003,,,,
532,0.138,,0.002,0.0655,0.14350000000000002,0.076,,0.025,0.3,,,,1.4285,,0.0,0.001,,,,,0.003,0.003,,,,
533,0.139,,0.002,0.0655,0.231,0.076,,0.025,1.9765000000000001,,,,1.425,,0.0,0.001,,,,,0.003,0.003,,,,
534,0.139,,0.002,0.066,1.4520000000000002,0.0755,,0.025,0.679,,,,1.423,,0.0,0.001,,,,,0.003,0.003,,,,
535,0.139,,0.002,0.0655,0.21200000000000002,0.076,,0.025,0.3205,,,,1.4264999999999999,,0.0,0.001,,,,,0.003,0.003,,,,
536,0.139,,0.002,0.0655,0.082,0.076,,0.025,0.3085,,,,1.4295,,0.0,0.001,,,,,0.003,0.003,,,,
537,0.1395,,0.002,0.0655,0.42,0.076,,0.025,0.367,,,,1.4295,,0.0,0.001,,,,,0.003,0.003,,,,
538,0.139,,0.002,0.0655,0.2315,0.076,,0.025,0.661,,,,1.4264999999999999,,0.0,0.001,,,,,0.003,0.003,,,,
539,0.139,,0.002,0.066,0.792,0.076,,0.025,1.8655000000000002,,,,1.4300000000000002,,0.0,0.001,,,,,0.003,0.003,,,,
540,0.139,,0.002,0.0655,0.094,0.076,,0.025,2.3865,,,,1.4040000000000001,,0.0,0.001,,,,,0.003,0.003,,,,
541,0.1395,,0.002,0.066,0.0935,0.076,,0.025,0.324,,,,1.4010000000000002,,0.0,0.001,,,,,0.003,0.003,,,,
542,0.139,,0.002,0.0655,0.306,0.076,,0.025,0.21200000000000002,,,,1.4065,,0.0,0.001,,,,,0.003,0.003,,,,
543,0.139,,0.002,0.0655,0.5495000000000001,0.076,,0.025,1.18,,,,1.4055,,0.0,0.001,,,,,0.003,0.003,,,,
544,0.14,,0.002,0.066,1.9175,0.076,,0.025,0.456,,,,1.4050000000000002,,0.0,0.001,,,,,0.003,0.003,,,,
545,0.139,,0.002,0.066,0.133,0.076,,0.025,0.7120000000000001,,,,1.4075,,0.0,0.001,,,,,0.003,0.003,,,,
546,0.139,,0.002,0.066,0.623,0.076,,0.025,0.6175,,,,1.4085,,0.0,0.001,,,,,0.003,0.003,,,,
547,0.139,,0.002,0.0655,0.5960000000000001,0.076,,0.025,0.46149999999999997,,,,1.4060000000000001,,0.0,0.001,,,,,0.003,0.003,,,,
548,0.139,,0.002,0.066,0.087,0.076,,0.025,0.257,,,,1.409,,0.0,0.001,,,,,0.003,0.003,,,,
549,0.139,,0.002,0.066,5.007000000000001,0.076,,0.025,1.4820000000000002,,,,1.4125,,0.0,0.001,,,,,0.003,0.003,,,,
550,0.139,,0.002,0.066,0.1295,0.076,,0.025,3.0065,,,,1.4115,,0.0,0.001,,,,,0.003,0.003,,,,
551,0.139,,0.002,0.0655,0.1695,0.076,,0.025,0.4785,,,,1.4075,,0.0,0.001,,,,,0.003,0.003,,,,
552,0.139,,0.002,0.065,0.6435000000000001,0.076,,0.025,0.2865,,,,1.4125,,0.0,0.001,,,,,0.003,0.003,,,,
553,2.891,,0.3425,1.3820000000000001,4.6765,1.625,,0.4985,5.952500000000001,,,0.9443333333333334,,,0.0,0.012000000000000002,,,,,0.2135,0.20750000000000002,,,,
554,0.1385,,0.002,0.066,0.2745,0.0755,,0.025,0.6819999999999999,,,,1.4344999999999999,,0.0,0.001,,,,,0.003,0.003,,,,
555,0.138,,0.002,0.066,0.345,0.0755,,0.025,0.2955,,,,1.4344999999999999,,0.0,0.001,,,,,0.003,0.003,,,,
556,0.1385,,0.002,0.066,0.10350000000000001,0.076,,0.025,2.5615,,,,1.439,,0.0,0.001,,,,,0.003,0.003,,,,
557,0.1385,,0.002,0.066,0.14100000000000001,0.0755,,0.025,0.5795,,,,1.4369999999999998,,0.0,0.001,,,,,0.003,0.003,,,,
558,0.1385,,0.002,0.066,0.9390000000000001,0.075,,0.025,0.21500000000000002,,,,1.436,,0.0,0.001,,,,,0.003,0.003,,,,
559,0.139,,0.002,0.066,0.7585,0.075,,0.025,2.39,,,,1.44,,0.0,0.001,,,,,0.003,0.003,,,,
560,2.423,,0.291,1.1724999999999999,3.9705000000000004,1.33,,0.428,6.0625,,,1.0238333333333334,,,0.0,0.012500000000000002,,,,,0.177,0.17300000000000001,,,,
561,0.139,,0.002,0.066,0.07100000000000001,0.0755,,0.025,1.269,,,,1.4525000000000001,,0.0,0.001,,,,,0.003,0.003,,,,
562,0.139,,0.002,0.066,0.2695,0.075,,0.025,0.819,,,,1.454,,0.0,0.001,,,,,0.003,0.003,,,,
563,0.1385,,0.002,0.066,0.178,0.075,,0.025,0.779,,,,1.4335,,0.0,0.001,,,,,0.003,0.003,,,,
564,0.139,,0.002,0.066,0.1475,0.0755,,0.025,0.2675,,,,1.4355,,0.0,0.001,,,,,0.003,0.003,,,,
565,0.1385,,0.002,0.066,0.10700000000000001,0.0755,,0.025,0.5605,,,,1.435,,0.0,0.001,,,,,0.003,0.003,,,,
566,0.139,,0.002,0.0655,0.126,0.076,,0.025,0.10900000000000001,,,,1.4100000000000001,,0.0,0.001,,,,,0.003,0.003,,,,
567,0.139,,0.002,0.0655,1.6165,0.076,,0.025,0.384,,,,1.4064999999999999,,0.0,0.001,,,,,0.003,0.003,,,,
568,0.1395,,0.002,0.066,0.11299999999999999,0.076,,0.025,1.551,,,,1.411,,0.0,0.001,,,,,0.003,0.003,,,,
569,0.139,,0.002,0.066,0.11299999999999999,0.076,,0.025,0.12,,,,1.412,,0.0,0.001,,,,,0.003,0.003,,,,
570,0.139,,0.002,0.066,0.5535,0.076,,0.025,0.2965,,,,1.4144999999999999,,0.0,0.001,,,,,0.003,0.003,,,,
571,0.139,,0.002,0.0655,0.164,0.076,,0.025,0.3125,,,,1.4180000000000001,,0.0,0.001,,,,,0.003,0.003,,,,
572,0.139,,0.002,0.0655,1.007,0.076,,0.025,2.1985,,,,1.415,,0.0,0.001,,,,,0.003,0.003,,,,
573,0.1385,,0.0025,0.0655,0.128,0.076,,0.025,1.7415,,,,1.4175,,0.0,0.001,,,,,0.003,0.003,,,,
574,1.9160000000000001,,0.23650000000000002,0.9530000000000001,3.5795000000000003,1.1295000000000002,,0.3555,3.4525,,,0.8855,,,0.0,0.010333333333333333,,,,,0.088,0.0865,,,,
575,0.138,,0.002,0.066,0.129,0.076,,0.025,1.2045000000000001,,,,1.4375,,0.0,0.001,,,,,0.003,0.003,,,,
576,0.139,,0.002,0.066,0.48,0.076,,0.025,0.4325,,,,1.443,,0.0,0.001,,,,,0.003,0.003,,,,
577,0.138,,0.002,0.066,0.3765,0.076,,0.025,0.458,,,,1.4380000000000002,,0.0,0.001,,,,,0.003,0.003,,,,
578,0.138,,0.002,0.066,0.199,0.0755,,0.025,0.14150000000000001,,,,1.4375,,0.0,0.001,,,,,0.003,0.003,,,,
579,0.138,,0.002,0.066,0.766,0.0755,,0.025,0.3625,,,,1.4475,,0.0,0.001,,,,,0.003,0.003,,,,
580,0.138,,0.002,0.066,0.477,0.0755,,0.025,1.0965,,,,1.4395,,0.0,0.001,,,,,0.003,0.003,,,,
581,0.139,,0.002,0.066,0.2705,0.0755,,0.025,0.304,,,,1.4445000000000001,,0.0,0.001,,,,,0.003,0.003,,,,
582,0.1395,,0.002,0.066,0.21450000000000002,0.075,,0.025,0.3545,,,,1.4409999999999998,,0.0,0.001,,,,,0.003,0.003,,,,
583,0.138,,0.002,0.066,0.1265,0.075,,0.025,2.298,,,,1.4449999999999998,,0.0,0.001,,,,,0.003,0.003,,,,
584,0.138,,0.002,0.066,0.21600000000000003,0.075,,0.025,0.526,,,,1.4445000000000001,,0.0,0.001,,,,,0.003,0.003,,,,
585,0.138,,0.002,0.066,0.5075000000000001,0.0755,,0.025,0.436,,,,1.4425,,0.0,0.001,,,,,0.003,0.003,,,,
586,0.139,,0.002,0.066,0.379,0.075,,0.025,0.478,,,,1.444,,0.0,0.001,,,,,0.003,0.003,,,,
587,0.1385,,0.002,0.066,0.2595,0.076,,0.025,0.328,,,,1.4435,,0.0,0.001,,,,,0.003,0.003,,,,
588,0.139,,0.002,0.066,0.4075,0.0755,,0.025,3.2805,,,,1.448,,0.0,0.001,,,,,0.003,0.003,,,,
589,0.138,,0.002,0.066,0.165,0.0755,,0.025,1.0545,,,,1.445,,0.0,0.001,,,,,0.003,0.003,,,,
590,0.138,,0.002,0.066,0.22349999999999998,0.0755,,0.025,0.2645,,,,1.4455,,0.0,0.001,,,,,0.003,0.003,,,,
591,0.1385,,0.002,0.066,0.6910000000000001,0.075,,0.025,0.5365,,,,1.4445000000000001,,0.0,0.001,,,,,0.003,0.003,,,,
592,0.1385,,0.002,0.066,0.1525,0.075,,0.025,0.9825,,,,1.448,,0.0,0.001,,,,,0.003,0.003,,,,
593,0.138,,0.002,0.066,0.8375,0.0755,,0.025,1.6435000000000002,,,,1.4529999999999998,,0.0,0.001,,,,,0.003,0.003,,,,
594,0.1385,,0.002,0.066,0.14,0.075,,0.025,3.1825,,,,1.4505,,0.0,0.001,,,,,0.003,0.003,,,,
595,0.1385,,0.002,0.066,0.157,0.075,,0.025,0.5725,,,,1.4535,,0.0,0.001,,,,,0.003,0.003,,,,
596,0.139,,0.002,0.066,0.6085,0.075,,0.025,0.5805,,,,1.459,,0.0,0.001,,,,,0.003,0.003,,,,
597,0.139,,0.002,0.066,0.22,0.0755,,0.025,1.6965000000000001,,,,1.4515,,0.0,0.001,,,,,0.003,0.003,,,,
598,0.139,,0.002,0.0655,0.1625,0.076,,0.025,2.138,,,,1.444,,0.0,0.001,,,,,0.003,0.003,,,,
599,0.1395,,0.002,0.0655,0.3225,0.076,,0.025,0.3845,,,,1.4385,,0.0,0.001,,,,,0.003,0.003,,,,
600,0.139,,0.002,0.0655,0.11000000000000001,0.076,,0.025,0.093,,,,1.4375,,0.0,0.001,,,,,0.003,0.003,,,,
601,0.139,,0.002,0.066,0.1545,0.076,,0.025,2.8075,,,,1.4405000000000001,,0.0,0.001,,,,,0.003,0.003,,,,
602,0.139,,0.002,0.066,0.10600000000000001,0.076,,0.025,0.7135,,,,1.4445000000000001,,0.0,0.001,,,,,0.003,0.003,,,,
603,0.1395,,0.002,0.065,0.11100000000000002,0.076,,0.025,2.485,,,,1.4425,,0.0,0.001,,,,,0.003,0.003,,,,
604,0.139,,0.002,0.0655,0.0945,0.076,,0.025,0.1515,,,,1.448,,0.0,0.001,,,,,0.003,0.003,,,,
605,0.1395,,0.002,0.0655,0.297,0.076,,0.025,1.0395,,,,1.4485000000000001,,0.0,0.001,,,,,0.003,0.003,,,,
606,0.139,,0.003,0.0655,0.0975,0.076,,0.025,0.2525,,,,1.448,,0.0,0.001,,,,,0.003,0.003,,,,
607,0.139,,0.002,0.066,0.23,0.076,,0.025,3.147,,,,1.447,,0.0,0.001,,,,,0.003,0.003,,,,
608,0.139,,0.002,0.065,0.11050000000000001,0.076,,0.025,0.39649999999999996,,,,1.4485000000000001,,0.0,0.001,,,,,0.003,0.003,,,,
609,1.62,,0.20450000000000002,0.9285000000000001,2.7895000000000003,0.978,,0.35850000000000004,4.1195,,,0.33308333333333334,,,0.0,0.0034166666666666672,,,,,0.0595,0.0605,,,,
610,0.138,,0.002,0.066,0.45899999999999996,0.076,,0.025,0.193,,,,1.46,,0.0,0.001,,,,,0.003,0.003,,,,
611,0.138,,0.002,0.066,1.203,0.0755,,0.025,2.507,,,,1.463,,0.0,0.001,,,,,0.003,0.003,,,,
612,0.1385,,0.002,0.066,0.184,0.075,,0.025,0.1875,,,,1.4605000000000001,,0.0,0.001,,,,,0.003,0.003,,,,
613,0.138,,0.002,0.066,3.8195,0.0755,,0.025,3.429,,,,1.463,,0.0,0.001,,,,,0.003,0.003,,,,
614,0.139,,0.002,0.066,1.186,0.0755,,0.025,1.5999999999999999,,,,1.4609999999999999,,0.0,0.001,,,,,0.003,0.003,,,,
615,0.138,,0.002,0.066,0.21050000000000002,0.0755,,0.025,2.468,,,,1.4409999999999998,,0.0,0.001,,,,,0.003,0.003,,,,
616,0.139,,0.002,0.066,0.367,0.075,,0.025,0.6665,,,,1.4409999999999998,,0.0,0.001,,,,,0.003,0.003,,,,
617,0.139,,0.002,0.066,0.643,0.0755,,0.025,0.297,,,,1.4445000000000001,,0.0,0.001,,,,,0.003,0.003,,,,
618,0.138,,0.002,0.066,0.168,0.076,,0.025,0.184,,,,1.444,,0.0,0.001,,,,,0.003,0.003,,,,
619,0.138,,0.002,0.066,0.5585,0.075,,0.025,0.8315,,,,1.4409999999999998,,0.0,0.001,,,,,0.003,0.003,,,,
620,0.139,,0.002,0.065,0.123,0.076,,0.025,0.3595,,,,1.4369999999999998,,0.0,0.001,,,,,0.003,0.003,,,,
621,0.1395,,0.002,0.0655,2.1505,0.076,,0.025,0.292,,,,1.439,,0.0,0.001,,,,,0.003,0.003,,,,
622,0.1385,,0.002,0.066,0.5025000000000001,0.076,,0.025,1.5115,,,,1.4395,,0.0,0.001,,,,,0.003,0.003,,,,
623,0.1405,,0.002,0.065,0.308,0.076,,0.025,0.4295,,,,1.4380000000000002,,0.0,0.001,,,,,0.003,0.003,,,,
624,0.1385,,0.002,0.066,3.9325,0.076,,0.025,0.46849999999999997,,,,1.439,,0.0,0.001,,,,,0.003,0.003,,,,
625,0.139,,0.002,0.0655,0.596,0.076,,0.025,0.3765,,,,1.4445000000000001,,0.0,0.001,,,,,0.003,0.003,,,,
626,0.1385,,0.002,0.0655,0.3565,0.076,,0.025,0.2285,,,,1.442,,0.0,0.001,,,,,0.003,0.003,,,,
627,0.139,,0.002,0.065,0.7200000000000001,0.076,,0.025,0.753,,,,1.4135,,0.0,0.001,,,,,0.003,0.003,,,,
628,0.1385,,0.002,0.0655,0.692,0.076,,0.025,0.23550000000000001,,,,1.414,,0.0,0.001,,,,,0.003,0.003,,,,
629,0.139,,0.002,0.065,0.14350000000000002,0.076,,0.025,0.293,,,,1.4165,,0.0,0.001,,,,,0.003,0.003,,,,
630,0.139,,0.002,0.0655,0.5645,0.076,,0.025,2.611,,,,1.4095,,0.0,0.001,,,,,0.003,0.003,,,,
631,0.1395,,0.002,0.066,0.5900000000000001,0.076,,0.025,0.834,,,,1.4184999999999999,,0.0,0.001,,,,,0.003,0.003,,,,
632,0.139,,0.0025,0.065,0.12,0.076,,0.025,0.367,,,,1.416,,0.0,0.001,,,,,0.003,0.003,,,,
633,0.139,,0.002,0.0655,0.55,0.076,,0.025,0.887,,,,1.4115,,0.0,0.001,,,,,0.003,0.003,,,,
634,0.139,,0.002,0.0655,1.6875000000000002,0.076,,0.025,0.3685,,,,1.415,,0.0,0.001,,,,,0.003,0.003,,,,
635,0.139,,0.002,0.066,0.621,0.076,,0.025,0.0925,,,,1.409,,0.0,0.001,,,,,0.003,0.003,,,,
636,0.1385,,0.002,0.066,0.643,0.0755,,0.025,0.347,,,,1.4129999999999998,,0.0,0.001,,,,,0.003,0.003,,,,
637,0.139,,0.002,0.0655,1.069,0.076,,0.025,0.7494999999999999,,,,1.4125,,0.0,0.001,,,,,0.003,0.003,,,,
638,0.1395,,0.002,0.066,0.4175,0.076,,0.025,0.17900000000000002,,,,1.4135,,0.0,0.001,,,,,0.003,0.003,,,,
639,0.139,,0.002,0.066,0.6415000000000001,0.076,,0.025,0.3485,,,,1.41,,0.0,0.001,,,,,0.003,0.003,,,,
640,0.139,,0.002,0.066,0.703,0.076,,0.025,0.14200000000000002,,,,1.419,,0.0,0.001,,,,,0.003,0.003,,,,
641,0.139,,0.002,0.066,0.193,0.076,,0.025,0.3115,,,,1.4155,,0.0,0.001,,,,,0.003,0.003,,,,
642,0.139,,0.002,0.0655,0.685,0.076,,0.025,0.348,,,,1.4184999999999999,,0.0,0.001,,,,,0.003,0.003,,,,
643,0.1385,,0.002,0.066,2.5015,0.076,,0.025,0.128,,,,1.4224999999999999,,0.0,0.001,,,,,0.003,0.003,,,,
644,0.139,,0.002,0.0655,0.166,0.076,,0.025,0.17550000000000002,,,,1.4209999999999998,,0.0,0.001,,,,,0.003,0.003,,,,
645,0.139,,0.002,0.066,0.4865,0.076,,0.025,1.3875,,,,1.4224999999999999,,0.0,0.001,,,,,0.003,0.003,,,,
646,0.139,,0.002,0.066,0.39849999999999997,0.076,,0.025,0.18000000000000002,,,,1.4209999999999998,,0.0,0.001,,,,,0.003,0.003,,,,
647,0.139,,0.002,0.066,0.3895,0.076,,0.025,0.20550000000000002,,,,1.4264999999999999,,0.0,0.001,,,,,0.003,0.003,,,,
648,0.1395,,0.002,0.066,0.626,0.076,,0.025,1.5205,,,,1.415,,0.0,0.001,,,,,0.003,0.003,,,,
649,0.1385,,0.002,0.066,0.432,0.076,,0.025,0.1925,,,,1.427,,0.0,0.001,,,,,0.003,0.003,,,,
650,0.1385,,0.002,0.065,0.119,0.076,,0.025,0.361,,,,1.4125,,0.0,0.001,,,,,0.003,0.003,,,,
651,0.139,,0.002,0.065,0.5980000000000001,0.076,,0.025,0.875,,,,1.4104999999999999,,0.0,0.001,,,,,0.003,0.003,,,,
652,0.139,,0.002,0.0655,0.4195,0.076,,0.025,0.0855,,,,1.4135,,0.0,0.001,,,,,0.003,0.003,,,,
653,0.139,,0.002,0.066,0.164,0.076,,0.025,0.0845,,,,1.409,,0.0,0.001,,,,,0.003,0.003,,,,
654,0.1385,,0.0025,0.066,0.6164999999999999,0.076,,0.025,1.3725,,,,1.4100000000000001,,0.0,0.001,,,,,0.003,0.003,,,,
655,0.1385,,0.002,0.066,0.423,0.0755,,0.025,0.3145,,,,1.413,,0.0,0.001,,,,,0.003,0.003,,,,
656,0.1385,,0.002,0.0655,4.2219999999999995,0.076,,0.025,0.17200000000000001,,,,1.412,,0.0,0.001,,,,,0.003,0.003,,,,
657,0.139,,0.002,0.066,0.5775,0.0755,,0.025,1.0325,,,,1.4125,,0.0,0.001,,,,,0.003,0.003,,,,
658,0.139,,0.002,0.066,0.668,0.076,,0.025,0.898,,,,1.409,,0.0,0.001,,,,,0.003,0.003,,,,
659,0.139,,0.002,0.066,0.34299999999999997,0.076,,0.025,0.4835,,,,1.413,,0.0,0.001,,,,,0.003,0.003,,,,
660,0.139,,0.002,0.0655,0.6515000000000001,0.076,,0.025,0.571,,,,1.415,,0.0,0.001,,,,,0.003,0.003,,,,
661,0.139,,0.0025,0.066,1.8615000000000002,0.076,,0.025,0.376,,,,1.4129999999999998,,0.0,0.001,,,,,0.003,0.003,,,,
662,0.139,,0.002,0.0655,0.293,0.076,,0.025,0.1245,,,,1.415,,0.0,0.001,,,,,0.003,0.003,,,,
663,0.139,,0.002,0.0655,0.432,0.076,,0.025,0.932,,,,1.4184999999999999,,0.0,0.001,,,,,0.003,0.003,,,,
664,0.1385,,0.002,0.066,0.372,0.076,,0.025,0.444,,,,1.397,,0.0,0.001,,,,,0.003,0.003,,,,
665,0.1385,,0.002,0.066,0.193,0.076,,0.025,0.422,,,,1.3975,,0.0,0.001,,,,,0.003,0.003,,,,
666,0.139,,0.002,0.0655,0.33199999999999996,0.076,,0.025,1.388,,,,1.4024999999999999,,0.0,0.001,,,,,0.003,0.003,,,,
667,0.139,,0.002,0.0655,0.361,0.076,,0.025,2.705,,,,1.399,,0.0,0.001,,,,,0.003,0.003,,,,
668,0.1385,,0.002,0.0655,0.21050000000000002,0.076,,0.025,0.1705,,,,1.3975,,0.0,0.001,,,,,0.003,0.003,,,,
669,0.138,,0.002,0.0655,0.5735,0.076,,0.025,0.6595,,,,1.401,,0.0,0.001,,,,,0.003,0.003,,,,
670,0.139,,0.002,0.066,0.4995,0.076,,0.025,0.20350000000000001,,,,1.404,,0.0,0.001,,,,,0.003,0.003,,,,
671,0.139,,0.002,0.066,0.3585,0.076,,0.025,2.3689999999999998,,,,1.4000000000000001,,0.0,0.001,,,,,0.003,0.003,,,,
672,0.139,,0.002,0.0655,0.39749999999999996,0.076,,0.025,0.17600000000000002,,,,1.4035000000000002,,0.0,0.001,,,,,0.003,0.003,,,,
673,0.139,,0.002,0.066,0.3835,0.076,,0.025,0.4485,,,,1.4060000000000001,,0.0,0.001,,,,,0.003,0.003,,,,
674,0.139,,0.002,0.0655,3.8714999999999997,0.076,,0.025,0.7865000000000001,,,,1.4035,,0.0,0.001,,,,,0.003,0.003,,,,
675,0.1395,,0.002,0.065,0.6940000000000001,0.076,,0.025,0.898,,,,1.4010000000000002,,0.0,0.001,,,,,0.003,0.003,,,,
676,0.139,,0.002,0.0655,1.3070000000000002,0.076,,0.025,1.9995,,,,1.4045,,0.0,0.001,,,,,0.003,0.003,,,,
677,0.1385,,0.002,0.066,0.1945,0.076,,0.025,1.8285,,,,1.4025,,0.0,0.001,,,,,0.003,0.003,,,,
678,0.139,,0.002,0.066,0.5715,0.076,,0.025,0.8585,,,,1.4105,,0.0,0.001,,,,,0.003,0.003,,,,
679,0.1385,,0.002,0.066,1.0195,0.076,,0.025,0.188,,,,1.408,,0.0,0.001,,,,,0.003,0.003,,,,
680,0.139,,0.002,0.0655,1.079,0.076,,0.025,0.7285,,,,1.4060000000000001,,0.0,0.001,,,,,0.003,0.003,,,,
681,0.139,,0.002,0.065,0.3275,0.076,,0.025,1.8765,,,,1.4055,,0.0,0.001,,,,,0.003,0.003,,,,
682,0.1395,,0.002,0.065,0.666,0.076,,0.025,0.39949999999999997,,,,1.4125,,0.0,0.001,,,,,0.003,0.003,,,,
683,0.139,,0.002,0.065,2.1345,0.076,,0.025,3.611,,,,1.4115,,0.0,0.001,,,,,0.003,0.003,,,,
684,0.139,,0.002,0.0655,0.6165,0.076,,0.025,0.6035,,,,1.4085,,0.0,0.001,,,,,0.003,0.003,,,,
685,0.1385,,0.002,0.0655,0.5685,0.076,,0.025,0.1355,,,,1.3970000000000002,,0.0,0.001,,,,,0.003,0.003,,,,
686,0.139,,0.002,0.066,0.139,0.076,,0.025,1.968,,,,1.3985,,0.0,0.001,,,,,0.003,0.003,,,,
687,0.1385,,0.002,0.066,0.6155,0.0755,,0.025,0.39749999999999996,,,,1.3980000000000001,,0.0,0.001,,,,,0.003,0.003,,,,
688,0.139,,0.002,0.0655,0.2885,0.076,,0.025,0.1315,,,,1.397,,0.0,0.001,,,,,0.003,0.003,,,,
689,0.139,,0.002,0.066,0.4325,0.076,,0.025,0.146,,,,1.399,,0.0,0.001,,,,,0.003,0.003,,,,
690,0.1385,,0.002,0.0655,0.46149999999999997,0.076,,0.025,0.17300000000000001,,,,1.399,,0.0,0.001,,,,,0.003,0.003,,,,
691,0.139,,0.002,0.066,0.7120000000000001,0.076,,0.025,0.2015,,,,1.3980000000000001,,0.0,0.001,,,,,0.003,0.003,,,,
692,0.139,,0.002,0.0655,0.189,0.076,,0.025,0.1185,,,,1.3995000000000002,,0.0,0.001,,,,,0.003,0.003,,,,
693,0.139,,0.002,0.066,0.5875,0.076,,0.025,0.4465,,,,1.3995000000000002,,0.0,0.001,,,,,0.003,0.003,,,,
694,0.139,,0.002,0.065,0.158,0.076,,0.025,6.086,,,,1.4005,,0.0,0.001,,,,,0.003,0.003,,,,
695,0.1395,,0.002,0.0655,0.1625,0.076,,0.025,1.921,,,,1.403,,0.0,0.001,,,,,0.003,0.003,,,,
696,0.139,,0.002,0.0655,0.604,0.076,,0.025,0.33999999999999997,,,,1.4015,,0.0,0.001,,,,,0.003,0.003,,,,
697,0.139,,0.002,0.0655,0.21050000000000002,0.076,,0.025,0.997,,,,1.4005,,0.0,0.001,,,,,0.003,0.003,,,,
698,0.139,,0.002,0.066,0.11199999999999999,0.076,,0.025,1.9825,,,,1.4020000000000001,,0.0,0.001,,,,,0.003,0.003,,,,
699,0.139,,0.002,0.065,0.434,0.076,,0.025,1.0810000000000002,,,,1.4020000000000001,,0.0,0.001,,,,,0.003,0.003,,,,
700,2.115,,0.2595,1.1335000000000002,3.751,1.1920000000000002,,0.4205,4.21,,,2.128,,,0.0,0.025,,,,,0.124,0.1225,,,,
701,1.9010000000000002,,0.231,0.9410000000000001,3.1580000000000004,1.024,,0.353,3.4525,,,1.6785,,,0.0,0.018500000000000003,,,,,0.077,0.0805,,,,
702,0.139,,0.002,0.066,0.2175,0.076,,0.025,1.172,,,,1.4435,,0.0,0.001,,,,,0.003,0.003,,,,
703,0.1395,,0.002,0.065,0.4735,0.0755,,0.025,0.671,,,,1.4529999999999998,,0.0,0.001,,,,,0.003,0.003,,,,
704,0.139,,0.002,0.066,0.161,0.076,,0.025,0.20350000000000001,,,,1.4495,,0.0,0.001,,,,,0.003,0.003,,,,
705,0.139,,0.002,0.066,0.6765,0.076,,0.025,0.45999999999999996,,,,1.4485000000000001,,0.0,0.001,,,,,0.003,0.003,,,,
706,0.139,,0.002,0.066,0.779,0.0755,,0.025,0.763,,,,1.4455,,0.0,0.001,,,,,0.003,0.003,,,,
707,0.139,,0.002,0.0655,0.166,0.076,,0.025,0.681,,,,1.45,,0.0,0.001,,,,,0.003,0.003,,,,
708,0.139,,0.002,0.0655,0.7380000000000001,0.0755,,0.025,0.38,,,,1.4515,,0.0,0.001,,,,,0.003,0.003,,,,
709,0.1385,,0.002,0.066,0.4705,0.076,,0.025,0.525,,,,1.4540000000000002,,0.0,0.001,,,,,0.003,0.003,,,,
710,0.139,,0.002,0.0655,0.6080000000000001,0.076,,0.025,0.653,,,,1.4505,,0.0,0.001,,,,,0.003,0.003,,,,
711,0.6025,,0.046,0.338,2.132,0.42,,0.14250000000000002,3.2365,,,0.225,,,0.0,0.004,,,,,0.0215,0.0215,,,,
712,0.1385,,0.002,0.0655,0.10900000000000001,0.076,,0.025,0.068,,,,1.451,,0.0,0.001,,,,,0.003,0.003,,,,
713,0.139,,0.002,0.066,0.156,0.0755,,0.025,0.7695,,,,1.456,,0.0,0.001,,,,,0.003,0.003,,,,
714,0.139,,0.002,0.0655,1.4585,0.076,,0.025,0.202,,,,1.4565000000000001,,0.0,0.001,,,,,0.003,0.003,,,,
715,0.139,,0.002,0.0655,3.7055000000000002,0.0755,,0.025,5.427,,,,1.4555,,0.0,0.001,,,,,0.003,0.003,,,,
716,0.139,,0.002,0.0655,0.10750000000000001,0.076,,0.025,0.8205,,,,1.4545,,0.0,0.001,,,,,0.003,0.003,,,,
717,0.139,,0.002,0.065,0.9420000000000001,0.076,,0.025,0.63,,,,1.4525000000000001,,0.0,0.001,,,,,0.003,0.003,,,,
718,0.139,,0.002,0.0655,0.484,0.0755,,0.025,2.402,,,,1.4625,,0.0,0.001,,,,,0.003,0.003,,,,
719,0.139,,0.002,0.066,0.17300000000000001,0.0755,,0.025,1.103,,,,1.4569999999999999,,0.0,0.001,,,,,0.003,0.003,,,,
720,0.139,,0.002,0.066,0.419,0.076,,0.025,0.4775,,,,1.4605000000000001,,0.0,0.001,,,,,0.003,0.003,,,,
721,0.139,,0.002,0.0655,0.3545,0.076,,0.025,0.3515,,,,1.46,,0.0,0.001,,,,,0.003,0.003,,,,
722,0.1385,,0.002,0.066,1.0830000000000002,0.076,,0.025,0.836,,,,1.4625,,0.0,0.001,,,,,0.003,0.003,,,,
723,0.9915,,0.096,0.539,1.5939999999999999,0.5660000000000001,,0.2155,2.0385,,,0.4435,,,0.0,0.005,,,,,0.032,0.031,,,,
724,0.1385,,0.002,0.066,0.11449999999999999,0.076,,0.025,0.41750000000000004,,,,1.414,,0.0,0.001,,,,,0.003,0.003,,,,
725,0.139,,0.002,0.066,0.1945,0.076,,0.025,1.1535,,,,1.4125,,0.0,0.001,,,,,0.003,0.003,,,,
726,0.1385,,0.002,0.065,0.5565,0.0755,,0.025,0.756,,,,1.4129999999999998,,0.0,0.001,,,,,0.003,0.003,,,,
727,0.139,,0.002,0.0655,1.6645,0.076,,0.025,0.2225,,,,1.412,,0.0,0.001,,,,,0.003,0.003,,,,
728,2.883,,0.337,1.3545,4.9830000000000005,1.6255000000000002,,0.498,5.040000000000001,,,3.4345,,,0.0,0.0445,,,,,0.20850000000000002,0.20350000000000001,,,,
729,0.5765,,0.023,0.2645,0.754,0.2795,,0.1225,1.6675,,,0.1405,,,0.0,0.003,,,,,0.017,0.016,,,,
730,0.139,,0.002,0.065,0.48900000000000005,0.076,,0.025,2.3834999999999997,,,,1.4555,,0.0,0.001,,,,,0.003,0.003,,,,
731,0.139,,0.002,0.066,0.24500000000000002,0.076,,0.025,0.1175,,,,1.4545,,0.0,0.001,,,,,0.003,0.003,,,,
732,0.1385,,0.0025,0.065,0.633,0.076,,0.025,0.456,,,,1.4585,,0.0,0.001,,,,,0.003,0.003,,,,
733,0.139,,0.002,0.066,0.2795,0.076,,0.025,0.9855,,,,1.4585,,0.0,0.001,,,,,0.003,0.003,,,,
734,0.1385,,0.002,0.066,2.716,0.076,,0.025,2.09,,,,1.459,,0.0,0.001,,,,,0.003,0.003,,,,
735,0.1395,,0.002,0.066,0.33099999999999996,0.076,,0.025,1.5085000000000002,,,,1.4615,,0.0,0.001,,,,,0.003,0.003,,,,
736,0.1385,,0.002,0.065,0.10400000000000001,0.076,,0.025,0.21450000000000002,,,,1.4605000000000001,,0.0,0.001,,,,,0.003,0.003,,,,
737,0.139,,0.002,0.066,0.08399999999999999,0.076,,0.025,0.232,,,,1.464,,0.0,0.001,,,,,0.003,0.003,,,,
738,0.139,,0.002,0.0655,0.5275,0.076,,0.025,1.6975,,,,1.463,,0.0,0.001,,,,,0.003,0.003,,,,
739,0.139,,0.002,0.0655,0.3255,0.076,,0.025,0.424,,,,1.4649999999999999,,0.0,0.001,,,,,0.003,0.003,,,,
740,0.139,,0.002,0.0655,0.2195,0.076,,0.025,2.643,,,,1.4645000000000001,,0.0,0.001,,,,,0.003,0.003,,,,
741,0.139,,0.002,0.066,0.5585,0.076,,0.025,0.348,,,,1.4649999999999999,,0.0,0.001,,,,,0.003,0.003,,,,
742,0.139,,0.002,0.0655,2.225,0.076,,0.025,0.3535,,,,1.4605000000000001,,0.0,0.001,,,,,0.003,0.003,,,,
743,0.139,,0.002,0.066,0.7155,0.076,,0.025,2.1225,,,,1.4625,,0.0,0.001,,,,,0.003,0.003,,,,
744,0.139,,0.002,0.066,0.39849999999999997,0.076,,0.025,0.96,,,,1.4675,,0.0,0.001,,,,,0.003,0.003,,,,
745,0.1385,,0.002,0.065,0.262,0.076,,0.025,0.3445,,,,1.4705,,0.0,0.001,,,,,0.003,0.003,,,,
746,0.1385,,0.002,0.066,0.2825,0.0765,,0.025,0.20800000000000002,,,,1.466,,0.0,0.001,,,,,0.003,0.003,,,,
747,0.1385,,0.002,0.066,0.621,0.076,,0.025,0.438,,,,1.471,,0.0,0.001,,,,,0.003,0.003,,,,
748,0.139,,0.002,0.066,2.823,0.076,,0.025,0.10650000000000001,,,,1.4705,,0.0,0.001,,,,,0.003,0.003,,,,
749,0.139,,0.002,0.066,0.2555,0.076,,0.025,2.754,,,,1.4735,,0.0,0.001,,,,,0.003,0.003,,,,
750,0.1385,,0.002,0.0655,0.488,0.076,,0.025,0.8225,,,,1.4705,,0.0,0.001,,,,,0.003,0.003,,,,
751,0.139,,0.002,0.0655,0.858,0.076,,0.025,0.319,,,,1.471,,0.0,0.001,,,,,0.003,0.003,,,,
752,0.1385,,0.002,0.0655,3.0505,0.076,,0.025,1.7895,,,,1.4705,,0.0,0.001,,,,,0.003,0.003,,,,
753,0.139,,0.002,0.066,0.565,0.076,,0.025,2.513,,,,1.472,,0.0,0.001,,,,,0.003,0.003,,,,
754,0.139,,0.002,0.0655,0.32749999999999996,0.076,,0.025,0.10300000000000001,,,,1.4700000000000002,,0.0,0.001,,,,,0.003,0.003,,,,
755,0.1385,,0.002,0.066,1.183,0.076,,0.025,0.4755,,,,1.4755,,0.0,0.001,,,,,0.003,0.003,,,,
756,0.139,,0.0025,0.066,2.3394999999999997,0.076,,0.025,0.1615,,,,1.4675,,0.0,0.001,,,,,0.003,0.003,,,,
757,0.139,,0.002,0.0655,0.1875,0.076,,0.025,0.21700000000000003,,,,1.4689999999999999,,0.0,0.001,,,,,0.003,0.003,,,,
758,0.139,,0.002,0.0655,0.6695,0.076,,0.025,0.52,,,,1.471,,0.0,0.001,,,,,0.003,0.003,,,,
759,0.139,,0.002,0.0655,0.685,0.076,,0.025,0.5505,,,,1.472,,0.0,0.001,,,,,0.003,0.003,,,,
760,0.139,,0.002,0.065,0.447,0.076,,0.025,1.5350000000000001,,,,1.476,,0.0,0.001,,,,,0.003,0.003,,,,
761,0.1385,,0.002,0.066,0.295,0.076,,0.025,1.4075,,,,1.4725000000000001,,0.0,0.001,,,,,0.003,0.003,,,,
762,0.139,,0.002,0.066,0.449,0.076,,0.025,0.283,,,,1.4805000000000001,,0.0,0.001,,,,,0.003,0.003,,,,
763,0.139,,0.002,0.0655,0.154,0.076,,0.025,0.266,,,,1.476,,0.0,0.001,,,,,0.003,0.003,,,,
764,0.1385,,0.002,0.065,0.545,0.076,,0.025,1.4355,,,,1.4809999999999999,,0.0,0.001,,,,,0.003,0.003,,,,
765,0.139,,0.0025,0.065,0.5780000000000001,0.076,,0.025,0.18300000000000002,,,,1.479,,0.0,0.001,,,,,0.003,0.003,,,,
766,0.1385,,0.002,0.066,0.4535,0.076,,0.025,0.6635,,,,1.4820000000000002,,0.0,0.001,,,,,0.003,0.003,,,,
767,0.139,,0.002,0.0655,1.0230000000000001,0.076,,0.025,3.6785,,,,1.4745,,0.0,0.001,,,,,0.003,0.003,,,,
768,0.139,,0.002,0.066,0.10600000000000001,0.076,,0.025,0.5505,,,,1.4805000000000001,,0.0,0.001,,,,,0.003,0.003,,,,
769,0.1395,,0.002,0.0655,0.266,0.0755,,0.025,0.957,,,,1.4805000000000001,,0.0,0.001,,,,,0.003,0.003,,,,
770,0.139,,0.002,0.066,0.18250000000000002,0.076,,0.025,0.10350000000000001,,,,1.487,,0.0,0.001,,,,,0.003,0.003,,,,
771,0.139,,0.002,0.066,0.5730000000000001,0.076,,0.025,0.379,,,,1.4809999999999999,,0.0,0.001,,,,,0.003,0.003,,,,
772,0.139,,0.002,0.065,0.24050000000000002,0.076,,0.025,0.1215,,,,1.4775,,0.0,0.001,,,,,0.003,0.003,,,,
773,0.139,,0.002,0.066,0.6565000000000001,0.076,,0.025,2.325,,,,1.4825,,0.0,0.001,,,,,0.003,0.003,,,,
774,0.139,,0.002,0.0655,0.5655,0.076,,0.025,1.901,,,,1.477,,0.0,0.001,,,,,0.003,0.003,,,,
775,0.1385,,0.002,0.0655,0.159,0.076,,0.025,0.17500000000000002,,,,1.481,,0.0,0.001,,,,,0.003,0.003,,,,
776,0.139,,0.002,0.0655,0.257,0.076,,0.025,0.349,,,,1.4635,,0.0,0.001,,,,,0.003,0.003,,,,
777,0.139,,0.002,0.0655,0.138,0.076,,0.025,1.116,,,,1.4645000000000001,,0.0,0.001,,,,,0.003,0.003,,,,
778,0.139,,0.002,0.066,0.364,0.076,,0.025,0.159,,,,1.468,,0.0,0.001,,,,,0.003,0.003,,,,
779,0.1395,,0.002,0.065,0.163,0.076,,0.025,0.703,,,,1.4665,,0.0,0.001,,,,,0.003,0.003,,,,
780,0.139,,0.002,0.0655,0.474,0.076,,0.025,0.2975,,,,1.4735,,0.0,0.001,,,,,0.003,0.003,,,,
781,0.139,,0.002,0.066,0.27,0.0755,,0.025,0.0875,,,,1.47,,0.0,0.001,,,,,0.003,0.003,,,,
782,0.139,,0.002,0.066,0.577,0.076,,0.025,0.085,,,,1.4695,,0.0,0.001,,,,,0.003,0.003,,,,
783,0.139,,0.002,0.066,0.557,0.0755,,0.025,0.443,,,,1.476,,0.0,0.001,,,,,0.003,0.003,,,,
784,0.139,,0.002,0.065,0.24200000000000002,0.076,,0.025,0.1485,,,,1.4740000000000002,,0.0,0.001,,,,,0.003,0.003,,,,
785,0.139,,0.002,0.065,0.24500000000000002,0.076,,0.025,0.904,,,,1.475,,0.0,0.001,,,,,0.003,0.003,,,,
786,0.139,,0.002,0.0655,0.7185,0.076,,0.025,0.569,,,,1.471,,0.0,0.001,,,,,0.003,0.003,,,,
787,0.1395,,0.002,0.066,2.285,0.076,,0.025,2.448,,,,1.4725000000000001,,0.0,0.001,,,,,0.003,0.003,,,,
788,0.1395,,0.002,0.066,0.203,0.076,,0.025,4.0385,,,,1.4769999999999999,,0.0,0.001,,,,,0.003,0.003,,,,
789,0.139,,0.002,0.065,0.4705,0.076,,0.025,0.0845,,,,1.476,,0.0,0.001,,,,,0.003,0.003,,,,
790,0.139,,0.002,0.066,0.39499999999999996,0.076,,0.025,0.438,,,,1.4740000000000002,,0.0,0.001,,,,,0.003,0.003,,,,
791,0.139,,0.002,0.066,0.49,0.0755,,0.025,0.5800000000000001,,,,1.479,,0.0,0.001,,,,,0.003,0.003,,,,
792,0.139,,0.002,0.066,2.73,0.075,,0.025,3.4675000000000002,,,,1.476,,0.0,0.001,,,,,0.003,0.003,,,,
793,0.139,,0.002,0.066,0.20450000000000002,0.076,,0.025,0.367,,,,1.4769999999999999,,0.0,0.001,,,,,0.003,0.003,,,,
794,0.139,,0.002,0.065,0.21250000000000002,0.076,,0.025,0.9195000000000001,,,,1.4809999999999999,,0.0,0.001,,,,,0.003,0.003,,,,
795,0.139,,0.002,0.0655,0.1305,0.0755,,0.025,0.5015000000000001,,,,1.4755,,0.0,0.001,,,,,0.003,0.003,,,,
796,0.139,,0.002,0.066,0.33149999999999996,0.076,,0.025,0.1955,,,,1.4825,,0.0,0.001,,,,,0.003,0.003,,,,
797,0.139,,0.0025,0.066,0.2015,0.076,,0.025,1.054,,,,1.4745,,0.0,0.001,,,,,0.003,0.003,,,,
798,0.139,,0.002,0.0655,0.4255,0.076,,0.025,0.192,,,,1.4765000000000001,,0.0,0.001,,,,,0.003,0.003,,,,
799,0.139,,0.002,0.065,0.14150000000000001,0.0755,,0.025,0.559,,,,1.473,,0.0,0.001,,,,,0.003,0.003,,,,
800,0.139,,0.002,0.065,0.137,0.076,,0.025,1.494,,,,1.4689999999999999,,0.0,0.001,,,,,0.003,0.003,,,,
801,0.139,,0.002,0.0655,0.2555,0.076,,0.025,0.21200000000000002,,,,1.4715,,0.0,0.001,,,,,0.003,0.003,,,,
802,0.5865,,0.024,0.271,0.767,0.28300000000000003,,0.1155,0.923,,,0.148,,,0.0,0.003,,,,,0.017,0.0165,,,,
803,0.139,,0.002,0.065,0.1505,0.0755,,0.025,0.459,,,,1.4605000000000001,,0.0,0.001,,,,,0.003,0.003,,,,
804,0.139,,0.002,0.065,0.39799999999999996,0.0755,,0.025,1.715,,,,1.4545,,0.0,0.001,,,,,0.003,0.003,,,,
805,0.1385,,0.002,0.066,0.17850000000000002,0.0755,,0.025,3.1814999999999998,,,,1.4540000000000002,,0.0,0.001,,,,,0.003,0.003,,,,
806,0.139,,0.002,0.066,0.1665,0.076,,0.025,0.373,,,,1.4545,,0.0,0.001,,,,,0.003,0.003,,,,
807,0.138,,0.002,0.065,0.291,0.076,,0.025,0.3555,,,,1.4580000000000002,,0.0,0.001,,,,,0.003,0.003,,,,
808,0.1385,,0.002,0.066,0.233,0.076,,0.025,0.6915,,,,1.4565000000000001,,0.0,0.001,,,,,0.003,0.003,,,,
809,0.139,,0.002,0.0655,0.20500000000000002,0.076,,0.025,1.392,,,,1.4605000000000001,,0.0,0.001,,,,,0.003,0.003,,,,
810,0.139,,0.002,0.066,0.143,0.076,,0.025,0.3525,,,,1.4575,,0.0,0.001,,,,,0.003,0.003,,,,
811,0.1385,,0.002,0.066,0.234,0.076,,0.025,0.18150000000000002,,,,1.46,,0.0,0.001,,,,,0.003,0.003,,,,
812,0.139,,0.002,0.066,0.3775,0.076,,0.025,0.678,,,,1.4580000000000002,,0.0,0.001,,,,,0.003,0.003,,,,
813,0.139,,0.002,0.066,0.1275,0.076,,0.025,0.6715,,,,1.4605000000000001,,0.0,0.001,,,,,0.003,0.003,,,,
814,0.139,,0.002,0.065,0.20500000000000002,0.076,,0.025,1.9495,,,,1.462,,0.0,0.001,,,,,0.003,0.003,,,,
815,0.14,,0.002,0.0655,0.10250000000000001,0.0755,,0.025,0.564,,,,1.4625,,0.0,0.001,,,,,0.003,0.003,,,,
816,0.139,,0.002,0.066,4.16,0.076,,0.025,0.9735,,,,1.461,,0.0,0.001,,,,,0.003,0.003,,,,
817,0.1395,,0.002,0.066,0.5055000000000001,0.0755,,0.025,0.6975,,,,1.461,,0.0,0.001,,,,,0.003,0.003,,,,
818,0.725,,0.057,0.341,1.15,0.4195,,0.14400000000000002,1.272,,,0.2555,,,0.0,0.004,,,,,0.023,0.023,,,,
819,0.139,,0.002,0.0655,0.10550000000000001,0.076,,0.025,0.34950000000000003,,,,1.4500000000000002,,0.0,0.001,,,,,0.003,0.003,,,,
820,0.1385,,0.002,0.0655,0.129,0.076,,0.025,1.754,,,,1.4540000000000002,,0.0,0.001,,,,,0.003,0.003,,,,
821,0.139,,0.002,0.0655,0.3245,0.0755,,0.025,1.1190000000000002,,,,1.4575,,0.0,0.001,,,,,0.003,0.003,,,,
822,0.139,,0.002,0.0655,2.1054999999999997,0.076,,0.025,4.7395,,,,1.4580000000000002,,0.0,0.001,,,,,0.003,0.003,,,,
823,0.139,,0.002,0.066,0.292,0.076,,0.025,0.298,,,,1.4535,,0.0,0.001,,,,,0.003,0.003,,,,
824,0.139,,0.002,0.066,0.21500000000000002,0.076,,0.025,0.767,,,,1.456,,0.0,0.001,,,,,0.003,0.003,,,,
825,0.139,,0.002,0.0655,0.1315,0.076,,0.025,0.20400000000000001,,,,1.4615,,0.0,0.001,,,,,0.003,0.003,,,,
826,0.865,,0.0745,0.377,1.4395000000000002,0.4455,,0.1545,1.5670000000000002,,,0.339,,,0.0,0.004,,,,,0.0275,0.027,,,,
827,0.1385,,0.002,0.0655,0.271,0.076,,0.025,0.5730000000000001,,,,1.455,,0.0,0.001,,,,,0.003,0.003,,,,
828,0.139,,0.002,0.0655,0.1635,0.076,,0.025,0.185,,,,1.4529999999999998,,0.0,0.001,,,,,0.003,0.003,,,,
829,0.139,,0.002,0.0655,0.513,0.076,,0.025,0.2675,,,,1.459,,0.0,0.001,,,,,0.003,0.003,,,,
830,0.139,,0.002,0.0655,0.0895,0.0755,,0.025,0.43,,,,1.4575,,0.0,0.001,,,,,0.003,0.003,,,,
831,0.139,,0.002,0.0655,0.1285,0.076,,0.025,0.312,,,,1.4595,,0.0,0.001,,,,,0.003,0.003,,,,
832,0.139,,0.002,0.065,0.11249999999999999,0.076,,0.025,0.392,,,,1.4565000000000001,,0.0,0.001,,,,,0.003,0.003,,,,
833,0.9984999999999999,,0.10300000000000001,0.5395000000000001,2.46,0.5670000000000001,,0.2125,2.768,,,0.4845,,,0.0,0.005,,,,,0.032,0.033,,,,
834,0.139,,0.002,0.0655,1.375,0.076,,0.025,1.8785,,,,1.456,,0.0,0.001,,,,,0.003,0.003,,,,
835,0.1395,,0.002,0.066,0.6125,0.076,,0.025,0.5095000000000001,,,,1.4575,,0.0,0.001,,,,,0.003,0.003,,,,
836,0.139,,0.002,0.0655,0.17500000000000002,0.076,,0.025,0.148,,,,1.4609999999999999,,0.0,0.001,,,,,0.003,0.003,,,,
837,0.1385,,0.002,0.065,0.248,0.076,,0.025,0.168,,,,1.4575,,0.0,0.001,,,,,0.003,0.003,,,,
838,0.139,,0.002,0.065,0.611,0.076,,0.025,1.2029999999999998,,,,1.4605000000000001,,0.0,0.001,,,,,0.003,0.003,,,,
839,0.1395,,0.002,0.066,0.21050000000000002,0.076,,0.025,2.3965,,,,1.459,,0.0,0.001,,,,,0.003,0.003,,,,
840,0.1385,,0.002,0.066,0.1605,0.076,,0.025,0.6605000000000001,,,,1.455,,0.0,0.001,,,,,0.003,0.003,,,,
841,0.1385,,0.002,0.066,0.5665,0.076,,0.025,0.45799999999999996,,,,1.4575,,0.0,0.001,,,,,0.003,0.003,,,,
842,0.1385,,0.002,0.0655,0.387,0.076,,0.025,0.2765,,,,1.4555,,0.0,0.001,,,,,0.003,0.003,,,,
843,0.139,,0.002,0.066,0.921,0.076,,0.025,0.24000000000000002,,,,1.4609999999999999,,0.0,0.001,,,,,0.003,0.003,,,,
844,0.139,,0.002,0.0655,0.579,0.076,,0.025,0.5075000000000001,,,,1.4625,,0.0,0.001,,,,,0.003,0.003,,,,
845,0.1385,,0.002,0.0655,3.6235,0.076,,0.025,3.289,,,,1.4565000000000001,,0.0,0.001,,,,,0.003,0.003,,,,
846,0.139,,0.002,0.0655,0.7775,0.076,,0.025,0.484,,,,1.4615,,0.0,0.001,,,,,0.003,0.003,,,,
847,0.139,,0.002,0.066,0.4715,0.076,,0.025,1.885,,,,1.4649999999999999,,0.0,0.001,,,,,0.003,0.003,,,,
848,0.1385,,0.002,0.066,0.20800000000000002,0.0755,,0.025,0.192,,,,1.4585,,0.0,0.001,,,,,0.003,0.003,,,,
849,0.139,,0.002,0.066,2.0045,0.076,,0.025,4.8495,,,,1.4660000000000002,,0.0,0.001,,,,,0.003,0.003,,,,
850,0.139,,0.002,0.0655,0.8785,0.076,,0.025,0.10650000000000001,,,,1.4595,,0.0,0.001,,,,,0.003,0.003,,,,
851,0.139,,0.002,0.065,0.3125,0.076,,0.025,2.7780000000000005,,,,1.463,,0.0,0.001,,,,,0.003,0.003,,,,
852,0.139,,0.002,0.065,0.1265,0.076,,0.025,0.279,,,,1.4635,,0.0,0.001,,,,,0.003,0.003,,,,
853,0.1385,,0.002,0.066,0.1985,0.076,,0.025,1.0045,,,,1.4645000000000001,,0.0,0.001,,,,,0.003,0.003,,,,
854,0.139,,0.002,0.066,0.4815,0.076,,0.025,0.6745000000000001,,,,1.4620000000000002,,0.0,0.001,,,,,0.003,0.003,,,,
855,0.139,,0.002,0.066,1.479,0.076,,0.025,2.636,,,,1.4665,,0.0,0.001,,,,,0.003,0.003,,,,
856,0.139,,0.002,0.065,0.5085000000000001,0.076,,0.025,0.3025,,,,1.464,,0.0,0.001,,,,,0.003,0.003,,,,
857,0.139,,0.002,0.0655,0.432,0.076,,0.025,0.7685000000000001,,,,1.471,,0.0,0.001,,,,,0.003,0.003,,,,
858,0.139,,0.0025,0.065,0.9145,0.076,,0.025,0.24600000000000002,,,,1.4689999999999999,,0.0,0.001,,,,,0.003,0.003,,,,
859,0.139,,0.002,0.0655,0.118,0.076,,0.025,3.0225,,,,1.4729999999999999,,0.0,0.001,,,,,0.003,0.003,,,,
860,0.139,,0.002,0.066,0.351,0.076,,0.025,0.379,,,,1.473,,0.0,0.001,,,,,0.003,0.003,,,,
861,0.139,,0.002,0.066,0.128,0.076,,0.025,0.303,,,,1.471,,0.0,0.001,,,,,0.003,0.003,,,,
862,0.139,,0.002,0.066,0.23950000000000002,0.076,,0.025,0.6265,,,,1.471,,0.0,0.001,,,,,0.003,0.003,,,,
863,0.139,,0.002,0.0655,0.5075000000000001,0.076,,0.025,0.269,,,,1.4745,,0.0,0.001,,,,,0.003,0.003,,,,
864,0.1385,,0.002,0.0655,0.2865,0.076,,0.025,0.1975,,,,1.471,,0.0,0.001,,,,,0.003,0.003,,,,
865,0.139,,0.002,0.0655,0.24100000000000002,0.076,,0.025,0.471,,,,1.47,,0.0,0.001,,,,,0.003,0.003,,,,
866,0.139,,0.002,0.0655,0.4695,0.076,,0.025,0.6885,,,,1.4725000000000001,,0.0,0.001,,,,,0.003,0.003,,,,
867,0.139,,0.002,0.0655,0.4205,0.076,,0.025,0.369,,,,1.475,,0.0,0.001,,,,,0.003,0.003,,,,
868,0.1395,,0.002,0.0655,2.177,0.076,,0.025,0.33399999999999996,,,,1.4740000000000002,,0.0,0.001,,,,,0.003,0.003,,,,
869,0.1385,,0.002,0.066,0.39549999999999996,0.0755,,0.025,2.909,,,,1.4485000000000001,,0.0,0.001,,,,,0.003,0.003,,,,
870,0.1395,,0.002,0.0655,0.17300000000000001,0.0755,,0.025,0.194,,,,1.444,,0.0,0.001,,,,,0.003,0.003,,,,
871,0.139,,0.002,0.065,0.2785,0.076,,0.025,0.5750000000000001,,,,1.443,,0.0,0.001,,,,,0.003,0.003,,,,
872,0.1395,,0.002,0.065,5.808000000000001,0.076,,0.025,0.1605,,,,1.4545,,0.0,0.001,,,,,0.003,0.003,,,,
873,0.139,,0.002,0.065,0.1615,0.076,,0.025,2.6375,,,,1.4540000000000002,,0.0,0.001,,,,,0.003,0.003,,,,
874,0.139,,0.002,0.066,0.33899999999999997,0.076,,0.025,0.46049999999999996,,,,1.4505,,0.0,0.001,,,,,0.003,0.003,,,,
875,1.05,,0.119,0.539,1.7795,0.585,,0.215,1.9015000000000002,,,0.596,,,0.0,0.006,,,,,0.036000000000000004,0.036500000000000005,,,,
876,0.139,,0.002,0.0655,0.162,0.076,,0.025,0.183,,,,1.444,,0.0,0.001,,,,,0.003,0.003,,,,
877,0.139,,0.002,0.065,0.08549999999999999,0.076,,0.025,0.3525,,,,1.443,,0.0,0.001,,,,,0.003,0.003,,,,
878,0.139,,0.002,0.0655,0.6375,0.076,,0.025,0.511,,,,1.4375,,0.0,0.001,,,,,0.003,0.003,,,,
879,0.1385,,0.002,0.0655,0.296,0.076,,0.025,0.1445,,,,1.4465,,0.0,0.001,,,,,0.003,0.003,,,,
880,0.139,,0.002,0.0655,0.301,0.076,,0.025,1.206,,,,1.4449999999999998,,0.0,0.001,,,,,0.003,0.003,,,,
881,0.139,,0.002,0.066,0.516,0.076,,0.025,0.798,,,,1.4425,,0.0,0.001,,,,,0.003,0.003,,,,
882,0.1385,,0.002,0.0655,0.083,0.076,,0.025,0.374,,,,1.4460000000000002,,0.0,0.001,,,,,0.003,0.003,,,,
883,1.303,,0.158,0.742,2.175,0.7164999999999999,,0.277,2.851,,,0.147,,,0.0,0.00225,,,,,0.0445,0.045,,,,
884,0.1385,,0.002,0.066,0.111,0.076,,0.025,0.1615,,,,1.4635,,0.0,0.001,,,,,0.003,0.003,,,,
885,0.139,,0.002,0.0655,0.10750000000000001,0.076,,0.025,1.9024999999999999,,,,1.4620000000000002,,0.0,0.001,,,,,0.003,0.003,,,,
886,0.139,,0.002,0.065,0.0815,0.076,,0.025,0.391,,,,1.4675,,0.0,0.001,,,,,0.003,0.003,,,,
887,0.139,,0.002,0.0655,0.5005000000000001,0.076,,0.025,1.0095,,,,1.4649999999999999,,0.0,0.001,,,,,0.003,0.003,,,,
888,0.139,,0.002,0.065,0.283,0.076,,0.025,0.6545000000000001,,,,1.4580000000000002,,0.0,0.001,,,,,0.003,0.003,,,,
889,0.1385,,0.002,0.066,0.5495,0.076,,0.025,0.278,,,,1.4625,,0.0,0.001,,,,,0.003,0.003,,,,
890,0.1395,,0.002,0.066,0.5549999999999999,0.076,,0.025,1.2395,,,,1.459,,0.0,0.001,,,,,0.003,0.003,,,,
891,0.139,,0.002,0.0655,0.1925,0.076,,0.025,0.218,,,,1.461,,0.0,0.001,,,,,0.003,0.003,,,,
892,0.139,,0.002,0.065,0.489,0.076,,0.025,0.6095,,,,1.4625,,0.0,0.001,,,,,0.003,0.003,,,,
893,0.139,,0.002,0.066,0.277,0.076,,0.025,1.468,,,,1.4620000000000002,,0.0,0.001,,,,,0.003,0.003,,,,
894,0.139,,0.0025,0.0655,0.229,0.076,,0.025,0.33599999999999997,,,,1.469,,0.0,0.001,,,,,0.003,0.003,,,,
895,0.139,,0.002,0.065,0.3795,0.076,,0.025,0.629,,,,1.4625,,0.0,0.001,,,,,0.003,0.003,,,,
896,0.139,,0.002,0.066,0.6965,0.076,,0.025,1.1795,,,,1.4605000000000001,,0.0,0.001,,,,,0.003,0.003,,,,
897,0.139,,0.002,0.065,0.528,0.076,,0.025,0.3185,,,,1.471,,0.0,0.001,,,,,0.003,0.003,,,,
898,0.139,,0.002,0.066,1.445,0.076,,0.025,0.3515,,,,1.4685000000000001,,0.0,0.001,,,,,0.003,0.003,,,,
899,0.139,,0.002,0.065,0.675,0.076,,0.025,0.9225,,,,1.4665,,0.0,0.001,,,,,0.003,0.003,,,,
900,0.139,,0.002,0.0655,0.1665,0.076,,0.025,0.10250000000000001,,,,1.4665,,0.0,0.001,,,,,0.003,0.003,,,,
901,0.139,,0.002,0.065,0.492,0.076,,0.025,0.382,,,,1.472,,0.0,0.001,,,,,0.003,0.003,,,,
902,0.139,,0.002,0.0655,0.932,0.076,,0.025,0.804,,,,1.4665,,0.0,0.001,,,,,0.003,0.003,,,,
903,0.139,,0.002,0.0655,3.4090000000000003,0.076,,0.025,0.089,,,,1.4745,,0.0,0.001,,,,,0.003,0.003,,,,
904,0.1395,,0.002,0.0655,0.292,0.076,,0.025,0.6275,,,,1.472,,0.0,0.001,,,,,0.003,0.003,,,,
905,0.1395,,0.002,0.066,0.856,0.076,,0.025,1.105,,,,1.471,,0.0,0.001,,,,,0.003,0.003,,,,
906,0.139,,0.002,0.0655,0.5505,0.076,,0.025,0.39299999999999996,,,,1.4725000000000001,,0.0,0.001,,,,,0.003,0.003,,,,
907,0.139,,0.002,0.065,0.1925,0.076,,0.025,2.384,,,,1.4705,,0.0,0.001,,,,,0.003,0.003,,,,
908,0.139,,0.002,0.066,0.598,0.076,,0.025,0.3565,,,,1.467,,0.0,0.001,,,,,0.003,0.003,,,,
909,0.139,,0.002,0.066,0.24000000000000002,0.076,,0.025,0.225,,,,1.471,,0.0,0.001,,,,,0.003,0.003,,,,
910,0.139,,0.002,0.0655,0.18000000000000002,0.076,,0.025,0.0945,,,,1.475,,0.0,0.001,,,,,0.003,0.003,,,,
911,0.139,,0.002,0.065,3.208,0.076,,0.025,1.157,,,,1.4700000000000002,,0.0,0.001,,,,,0.003,0.003,,,,
912,0.1395,,0.002,0.0655,0.093,0.076,,0.025,0.7484999999999999,,,,1.4695,,0.0,0.001,,,,,0.003,0.003,,,,
913,0.1395,,0.002,0.065,0.2745,0.076,,0.025,0.642,,,,1.466,,0.0,0.001,,,,,0.003,0.003,,,,
914,0.139,,0.002,0.066,0.7395,0.076,,0.025,0.5225,,,,1.4645000000000001,,0.0,0.001,,,,,0.003,0.003,,,,
915,0.1385,,0.002,0.0655,0.24700000000000003,0.076,,0.025,0.532,,,,1.4635,,0.0,0.001,,,,,0.003,0.003,,,,
916,0.139,,0.002,0.066,0.199,0.076,,0.025,2.159,,,,1.4675,,0.0,0.001,,,,,0.003,0.003,,,,
917,0.1385,,0.002,0.066,0.488,0.076,,0.025,0.675,,,,1.467,,0.0,0.001,,,,,0.003,0.003,,,,
918,0.139,,0.002,0.066,0.0935,0.076,,0.025,0.136,,,,1.4655,,0.0,0.001,,,,,0.003,0.003,,,,
919,0.139,,0.002,0.066,0.1315,0.076,,0.025,0.1645,,,,1.4655,,0.0,0.001,,,,,0.003,0.003,,,,
920,0.139,,0.002,0.0655,1.0165,0.076,,0.025,1.919,,,,1.475,,0.0,0.001,,,,,0.003,0.003,,,,
921,0.1385,,0.002,0.0655,0.3475,0.076,,0.025,0.093,,,,1.471,,0.0,0.001,,,,,0.003,0.003,,,,
922,0.139,,0.002,0.066,0.40599999999999997,0.076,,0.025,0.507,,,,1.4715,,0.0,0.001,,,,,0.003,0.003,,,,
923,0.139,,0.002,0.0655,0.781,0.076,,0.025,1.315,,,,1.4725000000000001,,0.0,0.001,,,,,0.003,0.003,,,,
924,0.139,,0.002,0.065,1.2445000000000002,0.076,,0.025,0.347,,,,1.4785,,0.0,0.001,,,,,0.003,0.003,,,,
925,0.139,,0.002,0.0655,1.012,0.0765,,0.025,1.034,,,,1.4745,,0.0,0.001,,,,,0.003,0.003,,,,
926,0.139,,0.002,0.0655,0.7825,0.076,,0.025,0.9285,,,,1.476,,0.0,0.001,,,,,0.003,0.003,,,,
927,0.1385,,0.002,0.0655,0.2645,0.076,,0.025,0.2705,,,,1.464,,0.0,0.001,,,,,0.003,0.003,,,,
928,0.1385,,0.0025,0.066,0.445,0.076,,0.025,0.7300000000000001,,,,1.4605000000000001,,0.0,0.001,,,,,0.003,0.003,,,,
929,0.1395,,0.002,0.066,0.687,0.076,,0.025,2.53,,,,1.4615,,0.0,0.001,,,,,0.003,0.003,,,,
930,0.139,,0.002,0.0655,0.1005,0.076,,0.025,0.296,,,,1.4655,,0.0,0.001,,,,,0.003,0.003,,,,
931,0.139,,0.002,0.0655,0.24250000000000002,0.076,,0.025,0.231,,,,1.464,,0.0,0.001,,,,,0.003,0.003,,,,
932,0.139,,0.002,0.066,1.313,0.076,,0.025,1.0795,,,,1.4620000000000002,,0.0,0.001,,,,,0.003,0.003,,,,
933,0.139,,0.002,0.066,0.10900000000000001,0.076,,0.025,1.8185,,,,1.466,,0.0,0.001,,,,,0.003,0.003,,,,
934,0.139,,0.002,0.0655,0.3255,0.0755,,0.025,0.416,,,,1.464,,0.0,0.001,,,,,0.003,0.003,,,,
935,0.139,,0.002,0.066,0.8325,0.076,,0.025,1.0215,,,,1.4605000000000001,,0.0,0.001,,,,,0.003,0.003,,,,
936,0.138,,0.002,0.066,0.2285,0.0755,,0.025,0.326,,,,1.4685000000000001,,0.0,0.001,,,,,0.003,0.003,,,,
937,0.139,,0.002,0.0655,0.1715,0.076,,0.025,0.5625,,,,1.468,,0.0,0.001,,,,,0.003,0.003,,,,
938,0.1385,,0.002,0.066,0.7205,0.076,,0.025,1.9515,,,,1.4729999999999999,,0.0,0.001,,,,,0.003,0.003,,,,
939,0.139,,0.002,0.0655,0.17750000000000002,0.076,,0.025,0.3235,,,,1.468,,0.0,0.001,,,,,0.003,0.003,,,,
940,0.139,,0.002,0.066,2.568,0.076,,0.025,4.1085,,,,1.471,,0.0,0.001,,,,,0.003,0.003,,,,
941,0.139,,0.002,0.0655,1.1175,0.076,,0.025,0.853,,,,1.4705,,0.0,0.001,,,,,0.003,0.003,,,,
942,0.139,,0.002,0.0655,0.23900000000000002,0.076,,0.025,0.0905,,,,1.4725000000000001,,0.0,0.001,,,,,0.003,0.003,,,,
943,0.139,,0.002,0.066,0.503,0.076,,0.025,0.308,,,,1.4740000000000002,,0.0,0.001,,,,,0.003,0.003,,,,
944,0.139,,0.002,0.0655,0.5025000000000001,0.076,,0.025,0.10500000000000001,,,,1.4735,,0.0,0.001,,,,,0.003,0.003,,,,
945,0.139,,0.002,0.0655,1.6295000000000002,0.076,,0.025,4.7410000000000005,,,,1.4775,,0.0,0.001,,,,,0.003,0.003,,,,
946,0.138,,0.002,0.066,0.20750000000000002,0.076,,0.025,0.093,,,,1.4769999999999999,,0.0,0.001,,,,,0.003,0.003,,,,
947,0.139,,0.0025,0.065,0.7585,0.076,,0.025,0.746,,,,1.476,,0.0,0.001,,,,,0.003,0.003,,,,
948,0.138,,0.002,0.065,0.10600000000000001,0.076,,0.025,0.5745,,,,1.48,,0.0,0.001,,,,,0.003,0.003,,,,
949,0.139,,0.002,0.0655,0.17,0.076,,0.025,0.20700000000000002,,,,1.4755,,0.0,0.001,,,,,0.003,0.003,,,,
950,0.139,,0.002,0.065,0.131,0.076,,0.025,1.6895,,,,1.414,,0.0,0.001,,,,,0.003,0.003,,,,
951,0.139,,0.002,0.066,0.39299999999999996,0.076,,0.025,0.65,,,,1.416,,0.0,0.001,,,,,0.003,0.003,,,,
952,2.2350000000000003,,0.269,1.1395,3.9665,1.3039999999999998,,0.4235,3.8215000000000003,,,1.1116666666666666,,,0.0,0.014166666666666668,,,,,0.14,0.14,,,,
953,1.9224999999999999,,0.233,0.9490000000000001,3.4775,1.1270000000000002,,0.359,4.069500000000001,,,0.5493333333333333,,,0.0,0.0055000000000000005,,,,,0.08549999999999999,0.0835,,,,
954,0.139,,0.002,0.065,0.2695,0.076,,0.025,0.2185,,,,1.455,,0.0,0.001,,,,,0.003,0.003,,,,
955,0.139,,0.002,0.065,0.6005,0.076,,0.025,0.5165000000000001,,,,1.4545,,0.0,0.001,,,,,0.003,0.003,,,,
956,0.1385,,0.002,0.0655,1.3195000000000001,0.076,,0.025,2.7640000000000002,,,,1.4565000000000001,,0.0,0.001,,,,,0.003,0.003,,,,
957,0.139,,0.002,0.066,0.0925,0.076,,0.025,0.119,,,,1.4545,,0.0,0.001,,,,,0.003,0.003,,,,
958,0.1395,,0.002,0.0655,0.4425,0.076,,0.025,0.2995,,,,1.458,,0.0,0.001,,,,,0.003,0.003,,,,
959,0.139,,0.002,0.065,0.7444999999999999,0.076,,0.025,0.838,,,,1.4585,,0.0,0.001,,,,,0.003,0.003,,,,
960,0.1385,,0.002,0.0655,0.1975,0.076,,0.025,0.8655,,,,1.4585,,0.0,0.001,,,,,0.003,0.003,,,,
961,0.139,,0.002,0.0655,0.263,0.076,,0.025,0.8215,,,,1.4615,,0.0,0.001,,,,,0.003,0.003,,,,
962,2.5865,,0.3085,1.3425,4.442,1.4875,,0.49,5.428,,,0.4647,,,0.0,0.00525,,,,,0.1905,0.1885,,,,
963,0.139,,0.002,0.066,0.1775,0.076,,0.025,0.062,,,,1.4605000000000001,,0.0,0.001,,,,,0.003,0.003,,,,
964,0.139,,0.002,0.066,0.72,0.076,,0.025,0.7865000000000001,,,,1.4635,,0.0,0.001,,,,,0.003,0.003,,,,
965,0.14,,0.002,0.065,0.131,0.076,,0.025,0.46799999999999997,,,,1.4645000000000001,,0.0,0.001,,,,,0.003,0.003,,,,
966,0.139,,0.002,0.0655,0.1885,0.0755,,0.025,0.1995,,,,1.4675,,0.0,0.001,,,,,0.003,0.003,,,,
967,0.14,,0.002,0.066,0.602,0.0755,,0.025,0.7615000000000001,,,,1.4620000000000002,,0.0,0.001,,,,,0.003,0.003,,,,
968,0.1385,,0.002,0.066,0.892,0.0755,,0.025,1.1095,,,,1.4605000000000001,,0.0,0.001,,,,,0.003,0.003,,,,
969,2.0475000000000003,,0.2445,0.9844999999999999,3.3920000000000003,1.1505,,0.3615,3.5845000000000002,,,0.9423333333333334,,,0.0,0.011500000000000002,,,,,0.096,0.098,,,,
970,0.1385,,0.002,0.0655,0.3265,0.076,,0.025,0.7565,,,,1.4489999999999998,,0.0,0.001,,,,,0.003,0.003,,,,
971,0.139,,0.002,0.065,0.3185,0.076,,0.025,1.675,,,,1.4555,,0.0,0.001,,,,,0.003,0.003,,,,
972,0.1395,,0.002,0.066,0.92,0.076,,0.025,2.9935,,,,1.4545,,0.0,0.001,,,,,0.003,0.003,,,,
973,0.1385,,0.002,0.066,0.7255,0.076,,0.025,0.5855,,,,1.4515,,0.0,0.001,,,,,0.003,0.003,,,,
974,0.139,,0.0025,0.065,0.446,0.076,,0.025,0.274,,,,1.4529999999999998,,0.0,0.001,,,,,0.003,0.003,,,,
975,0.1385,,0.002,0.066,0.5495,0.076,,0.025,0.617,,,,1.4535,,0.0,0.001,,,,,0.003,0.003,,,,
976,0.139,,0.002,0.066,0.33099999999999996,0.076,,0.025,2.402,,,,1.4535,,0.0,0.001,,,,,0.003,0.003,,,,
977,0.139,,0.002,0.066,0.844,0.076,,0.025,0.7975000000000001,,,,1.456,,0.0,0.001,,,,,0.003,0.003,,,,
978,0.139,,0.0025,0.066,0.1585,0.076,,0.025,0.10600000000000001,,,,1.4529999999999998,,0.0,0.001,,,,,0.003,0.003,,,,
979,0.139,,0.002,0.066,2.233,0.076,,0.025,0.258,,,,1.452,,0.0,0.001,,,,,0.003,0.003,,,,
980,0.139,,0.002,0.0655,0.5945,0.076,,0.025,2.456,,,,1.455,,0.0,0.001,,,,,0.003,0.003,,,,
981,0.139,,0.002,0.0655,0.27999999999999997,0.076,,0.025,0.21000000000000002,,,,1.457,,0.0,0.001,,,,,0.003,0.003,,,,
982,2.4165,,0.28700000000000003,1.1555,4.23,1.334,,0.423,4.8395,,,0.4970833333333334,,,0.0,0.004666666666666667,,,,,0.17350000000000002,0.171,,,,
983,0.138,,0.002,0.066,0.30800000000000005,0.0755,,0.025,0.256,,,,1.4155,,0.0,0.001,,,,,0.003,0.003,,,,
984,0.1385,,0.002,0.066,1.0285,0.076,,0.025,4.5905,,,,1.4125,,0.0,0.001,,,,,0.003,0.003,,,,
985,0.1385,,0.002,0.0655,0.5495000000000001,0.076,,0.025,1.0805,,,,1.3930000000000002,,0.0,0.001,,,,,0.003,0.003,,,,
986,0.139,,0.002,0.0655,0.4535,0.0755,,0.025,0.1995,,,,1.396,,0.0,0.001,,,,,0.003,0.003,,,,
987,0.139,,0.002,0.0655,0.167,0.076,,0.025,1.455,,,,1.392,,0.0,0.001,,,,,0.003,0.003,,,,
988,0.139,,0.002,0.066,1.784,0.076,,0.025,3.7125,,,,1.3930000000000002,,0.0,0.001,,,,,0.003,0.003,,,,
989,0.139,,0.002,0.066,0.2985,0.076,,0.025,0.456,,,,1.3970000000000002,,0.0,0.001,,,,,0.003,0.003,,,,
990,0.139,,0.002,0.065,0.257,0.0755,,0.025,0.17750000000000002,,,,1.3855,,0.0,0.001,,,,,0.003,0.003,,,,
991,0.139,,0.002,0.066,0.473,0.076,,0.025,0.24700000000000003,,,,1.387,,0.0,0.001,,,,,0.003,0.003,,,,
992,0.139,,0.002,0.0655,0.4955,0.076,,0.025,0.8079999999999999,,,,1.383,,0.0,0.001,,,,,0.003,0.003,,,,
993,0.1385,,0.002,0.0655,0.1375,0.076,,0.025,0.10550000000000001,,,,1.3900000000000001,,0.0,0.001,,,,,0.003,0.003,,,,
994,0.139,,0.002,0.066,0.4225,0.076,,0.025,0.284,,,,1.3880000000000001,,0.0,0.001,,,,,0.003,0.003,,,,
995,0.1385,,0.002,0.065,1.0485000000000002,0.076,,0.025,0.313,,,,1.3920000000000001,,0.0,0.001,,,,,0.003,0.003,,,,
996,0.139,,0.002,0.0655,0.29,0.076,,0.025,0.798,,,,1.392,,0.0,0.001,,,,,0.003,0.003,,,,
997,0.139,,0.002,0.065,0.1685,0.075,,0.025,0.4165,,,,1.391,,0.0,0.001,,,,,0.003,0.003,,,,
998,0.1395,,0.002,0.066,0.41,0.0755,,0.025,0.17800000000000002,,,,1.3925,,0.0,0.001,,,,,0.003,0.003,,,,
999,0.1385,,0.002,0.0655,0.39349999999999996,0.0755,,0.025,0.5225,,,,1.3920000000000001,,0.0,0.001,,,,,0.003,0.003,,,,
1000,0.139,,0.002,0.0655,0.4525,0.076,,0.025,0.33649999999999997,,,,1.3675000000000002,,0.0,0.001,,,,,0.003,0.003,,,,
1001,0.1385,,0.002,0.066,0.423,0.076,,0.025,0.2665,,,,1.369,,0.0,0.001,,,,,0.003,0.003,,,,
1002,0.139,,0.002,0.066,0.21350000000000002,0.076,,0.025,0.188,,,,1.3719999999999999,,0.0,0.001,,,,,0.003,0.003,,,,
1003,0.139,,0.002,0.066,0.2925,0.076,,0.025,0.21450000000000002,,,,1.3725,,0.0,0.001,,,,,0.003,0.003,,,,
1004,0.139,,0.002,0.066,0.509,0.076,,0.025,0.2155,,,,1.3735,,0.0,0.001,,,,,0.003,0.003,,,,
1005,0.139,,0.002,0.066,0.35,0.076,,0.025,0.6065,,,,1.374,,0.0,0.001,,,,,0.003,0.003,,,,
1006,0.139,,0.002,0.0655,4.2545,0.076,,0.025,0.743,,,,1.375,,0.0,0.001,,,,,0.003,0.003,,,,
1007,0.139,,0.002,0.066,0.4715,0.076,,0.025,0.65,,,,1.374,,0.0,0.001,,,,,0.003,0.003,,,,
1008,0.139,,0.002,0.065,0.312,0.076,,0.025,0.40449999999999997,,,,1.375,,0.0,0.001,,,,,0.003,0.003,,,,
1009,0.139,,0.002,0.066,0.4705,0.076,,0.025,0.7705,,,,1.3755000000000002,,0.0,0.001,,,,,0.003,0.003,,,,
1010,0.139,,0.002,0.066,0.449,0.076,,0.025,2.1985,,,,1.375,,0.0,0.001,,,,,0.003,0.003,,,,
1011,0.139,,0.002,0.066,0.1595,0.076,,0.025,0.5595,,,,1.375,,0.0,0.001,,,,,0.003,0.003,,,,
1012,0.138,,0.002,0.0655,0.7295,0.076,,0.025,0.879,,,,1.377,,0.0,0.001,,,,,0.003,0.003,,,,
1013,0.139,,0.002,0.065,0.5145000000000001,0.076,,0.025,0.46149999999999997,,,,1.3765,,0.0,0.001,,,,,0.003,0.003,,,,
1014,0.139,,0.002,0.0655,0.11199999999999999,0.076,,0.025,0.552,,,,1.375,,0.0,0.001,,,,,0.003,0.003,,,,
1015,0.139,,0.002,0.066,0.506,0.076,,0.025,0.6705000000000001,,,,1.3780000000000001,,0.0,0.001,,,,,0.003,0.003,,,,
1016,0.1395,,0.002,0.066,0.3815,0.076,,0.025,2.5055,,,,1.3795000000000002,,0.0,0.001,,,,,0.003,0.003,,,,
1017,0.1395,,0.002,0.0655,0.216,0.076,,0.025,0.375,,,,1.3780000000000001,,0.0,0.001,,,,,0.003,0.003,,,,
1018,0.139,,0.002,0.0655,0.4185,0.0755,,0.025,0.4515,,,,1.3780000000000001,,0.0,0.001,,,,,0.003,0.003,,,,
1019,0.14,,0.002,0.0655,0.8195,0.076,,0.025,0.098,,,,1.3840000000000001,,0.0,0.001,,,,,0.003,0.003,,,,
1020,0.139,,0.002,0.065,0.2295,0.076,,0.025,0.0895,,,,1.3455,,0.0,0.001,,,,,0.003,0.003,,,,
1021,0.139,,0.002,0.0655,0.5085000000000001,0.0765,,0.025,2.686,,,,1.3475000000000001,,0.0,0.001,,,,,0.003,0.003,,,,
1022,0.138,,0.002,0.066,0.6995,0.076,,0.025,0.17450000000000002,,,,1.3475000000000001,,0.0,0.001,,,,,0.003,0.003,,,,
1023,0.139,,0.002,0.066,0.095,0.076,,0.025,0.5855,,,,1.3405,,0.0,0.001,,,,,0.003,0.003,,,,
1024,0.139,,0.002,0.065,0.1675,0.076,,0.025,0.9215000000000001,,,,1.3475000000000001,,0.0,0.001,,,,,0.003,0.003,,,,
1025,0.1385,,0.002,0.0655,0.485,0.076,,0.025,1.2645000000000002,,,,1.347,,0.0,0.001,,,,,0.003,0.003,,,,
1026,0.139,,0.002,0.066,0.1275,0.076,,0.025,0.10750000000000001,,,,1.3525,,0.0,0.001,,,,,0.003,0.003,,,,
1027,0.1385,,0.002,0.065,0.324,0.076,,0.025,0.561,,,,1.3455,,0.0,0.001,,,,,0.003,0.003,,,,
1028,0.139,,0.002,0.066,0.744,0.076,,0.025,0.088,,,,1.3519999999999999,,0.0,0.001,,,,,0.003,0.003,,,,
1029,0.1385,,0.002,0.0655,0.1695,0.0765,,0.025,0.3185,,,,1.3525,,0.0,0.001,,,,,0.003,0.003,,,,
1030,0.139,,0.002,0.066,0.3095,0.076,,0.025,2.693,,,,1.3405,,0.0,0.001,,,,,0.003,0.003,,,,
1031,0.1395,,0.002,0.0655,0.453,0.076,,0.025,0.39499999999999996,,,,1.3385,,0.0,0.001,,,,,0.003,0.003,,,,
1032,0.139,,0.002,0.066,0.135,0.076,,0.025,0.3865,,,,1.3385,,0.0,0.001,,,,,0.003,0.003,,,,
1033,0.1385,,0.002,0.066,0.2195,0.076,,0.025,0.201,,,,1.342,,0.0,0.001,,,,,0.003,0.003,,,,
1034,0.139,,0.002,0.066,0.5185000000000001,0.076,,0.025,0.393,,,,1.3425,,0.0,0.001,,,,,0.003,0.003,,,,
1035,0.139,,0.002,0.0655,0.146,0.076,,0.025,0.268,,,,1.341,,0.0,0.001,,,,,0.003,0.003,,,,
1036,0.139,,0.002,0.065,0.36,0.076,,0.025,1.5275,,,,1.345,,0.0,0.001,,,,,0.003,0.003,,,,
1037,0.1385,,0.002,0.0655,0.5775,0.076,,0.025,0.1915,,,,1.341,,0.0,0.001,,,,,0.003,0.003,,,,
1038,0.1385,,0.0025,0.0655,0.135,0.076,,0.025,0.5475000000000001,,,,1.346,,0.0,0.001,,,,,0.003,0.003,,,,
1039,0.139,,0.0025,0.065,0.4385,0.076,,0.025,1.125,,,,1.3475000000000001,,0.0,0.001,,,,,0.003,0.003,,,,
1040,0.139,,0.002,0.066,0.6105,0.076,,0.025,0.2735,,,,1.3475000000000001,,0.0,0.001,,,,,0.003,0.003,,,,
1041,0.139,,0.002,0.066,0.721,0.076,,0.025,1.0505,,,,1.3435000000000001,,0.0,0.001,,,,,0.003,0.003,,,,
1042,0.139,,0.002,0.066,0.39949999999999997,0.076,,0.025,1.3820000000000001,,,,1.347,,0.0,0.001,,,,,0.003,0.003,,,,
1043,0.1385,,0.002,0.0655,0.46249999999999997,0.076,,0.025,0.1215,,,,1.3505,,0.0,0.001,,,,,0.003,0.003,,,,
1044,0.139,,0.002,0.0655,0.1365,0.0755,,0.025,0.1905,,,,1.3455,,0.0,0.001,,,,,0.003,0.003,,,,
1045,0.139,,0.002,0.0655,0.5465000000000001,0.076,,0.025,0.902,,,,1.311,,0.0,0.001,,,,,0.003,0.003,,,,
1046,0.139,,0.002,0.066,0.775,0.076,,0.025,0.3195,,,,1.3130000000000002,,0.0,0.001,,,,,0.003,0.003,,,,
1047,0.1395,,0.002,0.066,0.092,0.076,,0.025,1.3925,,,,1.3105,,0.0,0.001,,,,,0.003,0.003,,,,
1048,0.139,,0.0025,0.0655,1.5655,0.076,,0.025,5.996,,,,1.3125,,0.0,0.001,,,,,0.003,0.003,,,,
1049,0.1395,,0.002,0.066,0.416,0.076,,0.025,0.131,,,,1.318,,0.0,0.001,,,,,0.003,0.003,,,,
1050,0.139,,0.002,0.065,0.126,0.076,,0.025,0.0935,,,,1.314,,0.0,0.001,,,,,0.003,0.003,,,,
1051,0.139,,0.002,0.0655,0.231,0.076,,0.025,1.0975,,,,1.3135,,0.0,0.001,,,,,0.003,0.003,,,,
1052,0.1385,,0.002,0.065,0.8945,0.076,,0.025,0.1285,,,,1.314,,0.0,0.001,,,,,0.003,0.003,,,,
1053,0.139,,0.002,0.0655,0.17200000000000001,0.076,,0.025,0.537,,,,1.318,,0.0,0.001,,,,,0.003,0.003,,,,
1054,0.1385,,0.002,0.0655,0.3615,0.076,,0.025,0.46049999999999996,,,,1.3155000000000001,,0.0,0.001,,,,,0.003,0.003,,,,
1055,0.1395,,0.002,0.066,0.645,0.076,,0.025,0.10300000000000001,,,,1.3135,,0.0,0.001,,,,,0.003,0.003,,,,
1056,0.139,,0.002,0.065,0.2655,0.076,,0.025,0.381,,,,1.316,,0.0,0.001,,,,,0.003,0.003,,,,
1057,0.1385,,0.002,0.066,0.32999999999999996,0.076,,0.025,0.3775,,,,1.315,,0.0,0.001,,,,,0.003,0.003,,,,
1058,0.1385,,0.002,0.066,0.27949999999999997,0.076,,0.025,0.145,,,,1.3195000000000001,,0.0,0.001,,,,,0.003,0.003,,,,
1059,0.139,,0.002,0.066,0.157,0.076,,0.025,1.1855000000000002,,,,1.3205,,0.0,0.001,,,,,0.003,0.003,,,,
1060,0.139,,0.002,0.066,0.6615000000000001,0.076,,0.025,0.8975,,,,1.3215,,0.0,0.001,,,,,0.003,0.003,,,,
1061,0.139,,0.002,0.066,0.5605,0.076,,0.025,0.23600000000000002,,,,1.3195000000000001,,0.0,0.001,,,,,0.003,0.003,,,,
1062,0.139,,0.002,0.0655,0.2785,0.076,,0.025,0.5195000000000001,,,,1.2690000000000001,,0.0,0.001,,,,,0.003,0.003,,,,
1063,0.139,,0.002,0.0655,0.3915,0.076,,0.025,0.9515,,,,1.27,,0.0,0.001,,,,,0.003,0.003,,,,
1064,0.139,,0.002,0.0655,0.3185,0.076,,0.025,0.11299999999999999,,,,1.2675,,0.0,0.001,,,,,0.003,0.003,,,,
1065,0.139,,0.002,0.066,0.3545,0.0755,,0.025,0.9345,,,,1.2685,,0.0,0.001,,,,,0.003,0.003,,,,
1066,0.139,,0.002,0.0655,0.49,0.076,,0.025,0.8655,,,,1.272,,0.0,0.001,,,,,0.003,0.003,,,,
1067,0.139,,0.002,0.065,0.2745,0.076,,0.025,2.5935,,,,1.2710000000000001,,0.0,0.001,,,,,0.003,0.003,,,,
1068,0.139,,0.002,0.0655,0.3105,0.076,,0.025,0.13,,,,1.2690000000000001,,0.0,0.001,,,,,0.003,0.003,,,,
1069,0.139,,0.002,0.0655,0.256,0.076,,0.025,0.628,,,,1.274,,0.0,0.001,,,,,0.003,0.003,,,,
1070,0.1385,,0.002,0.0655,0.33249999999999996,0.076,,0.025,0.17200000000000001,,,,1.27,,0.0,0.001,,,,,0.003,0.003,,,,
1071,0.139,,0.002,0.066,0.251,0.076,,0.025,0.201,,,,1.2715,,0.0,0.001,,,,,0.003,0.003,,,,
1072,0.139,,0.002,0.0655,0.21250000000000002,0.076,,0.025,0.3585,,,,1.2735,,0.0,0.001,,,,,0.003,0.003,,,,
1073,0.1385,,0.002,0.0655,1.1075,0.076,,0.025,6.077500000000001,,,,1.272,,0.0,0.001,,,,,0.003,0.003,,,,
1074,0.14,,0.002,0.066,0.19,0.0755,,0.025,0.681,,,,1.2715,,0.0,0.001,,,,,0.003,0.003,,,,
1075,0.1385,,0.002,0.066,0.3655,0.076,,0.025,0.932,,,,1.2730000000000001,,0.0,0.001,,,,,0.003,0.003,,,,
1076,0.139,,0.002,0.0655,0.501,0.076,,0.025,0.2735,,,,1.272,,0.0,0.001,,,,,0.003,0.003,,,,
1077,0.139,,0.002,0.066,0.262,0.076,,0.025,0.409,,,,1.2715,,0.0,0.001,,,,,0.003,0.003,,,,
1078,0.1385,,0.002,0.066,0.377,0.076,,0.025,0.9255,,,,1.2710000000000001,,0.0,0.001,,,,,0.003,0.003,,,,
1079,0.1395,,0.002,0.065,0.531,0.076,,0.025,0.2805,,,,1.2725,,0.0,0.001,,,,,0.003,0.003,,,,
1080,0.139,,0.002,0.066,0.34049999999999997,0.076,,0.025,0.788,,,,1.2765,,0.0,0.001,,,,,0.003,0.003,,,,
1081,0.139,,0.002,0.0655,0.3655,0.076,,0.025,3.0815,,,,1.2760000000000002,,0.0,0.001,,,,,0.003,0.003,,,,
1082,0.139,,0.002,0.0655,0.424,0.076,,0.025,0.14150000000000001,,,,1.2730000000000001,,0.0,0.001,,,,,0.003,0.003,,,,
1083,0.139,,0.002,0.065,0.286,0.076,,0.025,0.21150000000000002,,,,1.2770000000000001,,0.0,0.001,,,,,0.003,0.003,,,,
1084,0.139,,0.0025,0.0655,0.56,0.076,,0.025,1.2125000000000001,,,,1.2745000000000002,,0.0,0.001,,,,,0.003,0.003,,,,
1085,0.139,,0.003,0.066,0.41700000000000004,0.078,,0.025,0.138,,,,1.249,,0.0,0.001,,,,,0.003,0.003,,,,
1086,0.139,,0.003,0.0655,2.16,0.078,,0.025,1.0085,,,,1.2525,,0.0,0.001,,,,,0.003,0.003,,,,
1087,0.1395,,0.003,0.0655,0.47450000000000003,0.078,,0.025,1.329,,,,1.25,,0.0,0.001,,,,,0.003,0.003,,,,
1088,0.1395,,0.003,0.066,0.5885,0.078,,0.025,0.24250000000000002,,,,1.2575,,0.0,0.001,,,,,0.003,0.003,,,,
1089,0.139,,0.003,0.066,0.17300000000000001,0.078,,0.025,0.17850000000000002,,,,1.2565,,0.0,0.001,,,,,0.003,0.003,,,,
1090,0.139,,0.003,0.0655,0.5015000000000001,0.0775,,0.025,0.9085,,,,1.2595,,0.0,0.001,,,,,0.003,0.003,,,,
1091,0.139,,0.003,0.065,1.4755,0.078,,0.025,0.1175,,,,1.2505000000000002,,0.0,0.001,,,,,0.003,0.003,,,,
1092,0.139,,0.003,0.065,0.4175,0.078,,0.025,0.3705,,,,1.2520000000000002,,0.0,0.001,,,,,0.003,0.003,,,,
1093,0.139,,0.003,0.065,0.4275,0.078,,0.025,0.5645,,,,1.2545000000000002,,0.0,0.001,,,,,0.003,0.003,,,,
1094,0.139,,0.003,0.0655,1.9075,0.078,,0.025,4.247,,,,1.2565,,0.0,0.001,,,,,0.003,0.003,,,,
1095,0.139,,0.003,0.065,0.6665,0.078,,0.025,1.3225,,,,1.2545000000000002,,0.0,0.001,,,,,0.003,0.003,,,,
1096,0.139,,0.003,0.065,0.5145000000000001,0.078,,0.025,0.793,,,,1.26,,0.0,0.001,,,,,0.003,0.003,,,,
1097,0.139,,0.003,0.065,0.8575,0.078,,0.025,0.183,,,,1.2605,,0.0,0.001,,,,,0.003,0.003,,,,
1098,0.14,,0.003,0.065,0.17500000000000002,0.078,,0.025,1.0655,,,,1.2585000000000002,,0.0,0.001,,,,,0.003,0.003,,,,
1099,0.139,,0.003,0.0655,0.644,0.078,,0.025,0.33149999999999996,,,,1.258,,0.0,0.001,,,,,0.003,0.003,,,,
1100,0.139,,0.003,0.066,0.5175,0.078,,0.025,0.24200000000000002,,,,1.259,,0.0,0.001,,,,,0.003,0.003,,,,
1101,0.1395,,0.003,0.065,0.166,0.078,,0.025,0.08499999999999999,,,,1.262,,0.0,0.001,,,,,0.003,0.003,,,,
1102,0.139,,0.003,0.065,0.506,0.078,,0.025,1.0415,,,,1.2605,,0.0,0.001,,,,,0.003,0.003,,,,
1103,0.139,,0.003,0.0655,0.4485,0.078,,0.025,0.2005,,,,1.2630000000000001,,0.0,0.001,,,,,0.003,0.003,,,,
1104,0.139,,0.003,0.0655,0.14250000000000002,0.078,,0.025,0.089,,,,1.263,,0.0,0.001,,,,,0.003,0.003,,,,
1105,0.1395,,0.003,0.065,0.1165,0.078,,0.025,1.24,,,,1.2600000000000002,,0.0,0.001,,,,,0.003,0.003,,,,
1106,0.139,,0.003,0.065,0.29300000000000004,0.078,,0.025,0.2885,,,,1.2630000000000001,,0.0,0.001,,,,,0.003,0.003,,,,
1107,0.14,,0.003,0.065,0.2275,0.078,,0.025,0.0775,,,,1.2610000000000001,,0.0,0.001,,,,,0.003,0.003,,,,
1108,0.139,,0.003,0.065,0.64,0.078,,0.025,0.9785,,,,1.2670000000000001,,0.0,0.001,,,,,0.003,0.003,,,,
1109,0.1385,,0.003,0.065,0.539,0.078,,0.025,0.6095,,,,1.2690000000000001,,0.0,0.001,,,,,0.003,0.003,,,,
1110,0.139,,0.003,0.065,0.17250000000000001,0.078,,0.025,0.233,,,,1.2630000000000001,,0.0,0.001,,,,,0.003,0.003,,,,
1111,0.1395,,0.003,0.0655,0.5035000000000001,0.078,,0.025,1.019,,,,1.267,,0.0,0.001,,,,,0.003,0.003,,,,
1112,0.139,,0.003,0.065,1.747,0.078,,0.025,1.5665000000000002,,,,1.2655,,0.0,0.001,,,,,0.003,0.003,,,,
1113,0.1395,,0.003,0.065,0.0735,0.078,,0.025,2.601,,,,1.2680000000000002,,0.0,0.001,,,,,0.003,0.003,,,,
1114,0.139,,0.003,0.065,0.38250000000000006,0.078,,0.025,1.169,,,,1.2715,,0.0,0.001,,,,,0.003,0.003,,,,
1115,0.139,,0.003,0.0655,0.4915,0.078,,0.025,0.075,,,,1.2685,,0.0,0.001,,,,,0.003,0.003,,,,
1116,0.139,,0.003,0.065,0.1995,0.078,,0.025,0.108,,,,1.2655,,0.0,0.001,,,,,0.003,0.003,,,,
1117,0.1395,,0.003,0.065,0.802,0.078,,0.025,0.927,,,,1.2655,,0.0,0.001,,,,,0.003,0.003,,,,
1118,0.139,,0.003,0.065,0.5725,0.078,,0.025,1.0415,,,,1.2695,,0.0,0.001,,,,,0.003,0.003,,,,
1119,0.1395,,0.003,0.065,0.5,0.078,,0.025,1.7865,,,,1.2695,,0.0,0.001,,,,,0.003,0.003,,,,
1120,0.139,,0.003,0.0655,0.43300000000000005,0.078,,0.025,1.2295,,,,1.2690000000000001,,0.0,0.001,,,,,0.003,0.003,,,,
1121,0.139,,0.003,0.0655,0.47150000000000003,0.078,,0.025,0.271,,,,1.2725,,0.0,0.001,,,,,0.003,0.003,,,,
1122,0.139,,0.003,0.0655,0.078,0.078,,0.025,0.0845,,,,1.2635,,0.0,0.001,,,,,0.003,0.003,,,,
1123,0.139,,0.003,0.065,0.5579999999999999,0.078,,0.025,0.6795,,,,1.267,,0.0,0.001,,,,,0.003,0.003,,,,
1124,0.139,,0.003,0.065,0.362,0.078,,0.025,0.20550000000000002,,,,1.2675,,0.0,0.001,,,,,0.003,0.003,,,,
1125,0.1395,,0.003,0.065,0.30400000000000005,0.078,,0.025,1.1684999999999999,,,,1.2670000000000001,,0.0,0.001,,,,,0.003,0.003,,,,
1126,0.139,,0.003,0.065,0.34550000000000003,0.078,,0.025,2.1435000000000004,,,,1.266,,0.0,0.001,,,,,0.003,0.003,,,,
1127,0.1395,,0.003,0.065,0.508,0.078,,0.025,0.295,,,,1.27,,0.0,0.001,,,,,0.003,0.003,,,,
1128,0.139,,0.003,0.066,0.11399999999999999,0.0775,,0.025,0.20650000000000002,,,,1.2685,,0.0,0.001,,,,,0.003,0.003,,,,
1129,0.1395,,0.003,0.065,0.515,0.078,,0.025,0.8205,,,,1.2650000000000001,,0.0,0.001,,,,,0.003,0.003,,,,
1130,0.139,,0.003,0.065,0.883,0.078,,0.025,0.1815,,,,1.2655,,0.0,0.001,,,,,0.003,0.003,,,,
1131,0.139,,0.003,0.066,0.14600000000000002,0.078,,0.025,0.47450000000000003,,,,1.27,,0.0,0.001,,,,,0.003,0.003,,,,
1132,0.139,,0.003,0.065,0.1585,0.0775,,0.025,0.47550000000000003,,,,1.2675,,0.0,0.001,,,,,0.003,0.003,,,,
1133,0.1395,,0.003,0.065,0.37150000000000005,0.0775,,0.025,0.6204999999999999,,,,1.2670000000000001,,0.0,0.001,,,,,0.003,0.003,,,,
1134,0.1385,,0.003,0.065,0.14850000000000002,0.078,,0.025,0.191,,,,1.2650000000000001,,0.0,0.001,,,,,0.003,0.003,,,,
1135,0.1395,,0.003,0.065,0.636,0.0775,,0.025,1.2125000000000001,,,,1.2645,,0.0,0.001,,,,,0.003,0.003,,,,
1136,0.139,,0.003,0.065,0.5235,0.077,,0.025,0.2915,,,,1.266,,0.0,0.001,,,,,0.003,0.003,,,,
1137,0.1385,,0.003,0.0655,0.8,0.078,,0.025,0.11199999999999999,,,,1.2655,,0.0,0.001,,,,,0.003,0.003,,,,
1138,0.1385,,0.003,0.065,0.11649999999999999,0.078,,0.025,1.447,,,,1.27,,0.0,0.001,,,,,0.003,0.003,,,,
1139,0.139,,0.003,0.065,0.23500000000000001,0.078,,0.025,1.658,,,,1.2690000000000001,,0.0,0.001,,,,,0.003,0.003,,,,
1140,0.139,,0.003,0.065,0.366,0.078,,0.025,0.1715,,,,1.2720000000000002,,0.0,0.001,,,,,0.003,0.003,,,,
1141,0.14,,0.003,0.065,0.3405,0.0775,,0.025,0.1905,,,,1.2665000000000002,,0.0,0.001,,,,,0.003,0.003,,,,
1142,0.139,,0.003,0.065,0.2315,0.0775,,0.025,1.11,,,,1.2375,,0.0,0.001,,,,,0.003,0.003,,,,
1143,0.1385,,0.003,0.0655,3.5625,0.077,,0.025,3.414,,,,1.2385000000000002,,0.0,0.001,,,,,0.003,0.003,,,,
1144,0.1385,,0.003,0.0655,0.21000000000000002,0.0775,,0.025,0.3205,,,,1.241,,0.0,0.001,,,,,0.003,0.003,,,,
1145,0.1385,,0.003,0.065,0.2445,0.0775,,0.025,0.9055,,,,1.242,,0.0,0.001,,,,,0.003,0.003,,,,
1146,0.1385,,0.003,0.0655,0.2215,0.0775,,0.025,0.2545,,,,1.2395,,0.0,0.001,,,,,0.003,0.003,,,,
1147,0.1395,,0.003,0.065,0.6545000000000001,0.0775,,0.025,0.216,,,,1.241,,0.0,0.001,,,,,0.003,0.003,,,,
1148,0.139,,0.003,0.0655,0.202,0.078,,0.025,0.30900000000000005,,,,1.2415,,0.0,0.001,,,,,0.003,0.003,,,,
1149,0.139,,0.003,0.065,0.17200000000000001,0.078,,0.025,0.659,,,,1.238,,0.0,0.001,,,,,0.003,0.003,,,,
1150,0.139,,0.003,0.0655,0.8165,0.078,,0.025,0.9495,,,,1.24,,0.0,0.001,,,,,0.003,0.003,,,,
1151,0.139,,0.003,0.065,0.374,0.0775,,0.025,1.0385,,,,1.2415,,0.0,0.001,,,,,0.003,0.003,,,,
1152,0.139,,0.003,0.065,0.08049999999999999,0.0775,,0.025,1.6119999999999999,,,,1.2405,,0.0,0.001,,,,,0.003,0.003,,,,
1153,0.139,,0.003,0.0655,0.1825,0.077,,0.025,0.719,,,,1.246,,0.0,0.001,,,,,0.003,0.003,,,,
1154,0.139,,0.003,0.065,0.27949999999999997,0.077,,0.025,0.701,,,,1.241,,0.0,0.001,,,,,0.003,0.003,,,,
1155,0.1385,,0.003,0.066,0.253,0.078,,0.025,0.893,,,,1.2120000000000002,,0.0,0.001,,,,,0.003,0.003,,,,
1156,0.1395,,0.003,0.066,0.47650000000000003,0.078,,0.025,1.4585000000000001,,,,1.212,,0.0,0.001,,,,,0.003,0.003,,,,
1157,0.1395,,0.003,0.066,0.43700000000000006,0.078,,0.025,0.7505,,,,1.2115,,0.0,0.001,,,,,0.003,0.003,,,,
1158,0.139,,0.003,0.066,0.099,0.078,,0.025,2.408,,,,1.2135,,0.0,0.001,,,,,0.003,0.003,,,,
1159,0.139,,0.003,0.066,0.35550000000000004,0.078,,0.025,1.845,,,,1.216,,0.0,0.001,,,,,0.003,0.003,,,,
1160,0.1395,,0.003,0.0665,0.20450000000000002,0.078,,0.025,0.2985,,,,1.213,,0.0,0.001,,,,,0.003,0.003,,,,
1161,0.139,,0.003,0.066,0.0835,0.078,,0.025,0.4195,,,,1.212,,0.0,0.001,,,,,0.003,0.003,,,,
1162,0.1385,,0.003,0.066,0.39549999999999996,0.078,,0.025,0.5895,,,,1.2165,,0.0,0.001,,,,,0.003,0.003,,,,
1163,0.139,,0.003,0.066,0.37050000000000005,0.078,,0.025,0.3225,,,,1.216,,0.0,0.001,,,,,0.003,0.003,,,,
1164,0.139,,0.003,0.066,0.191,0.078,,0.025,0.219,,,,1.2155,,0.0,0.001,,,,,0.003,0.003,,,,
1165,0.139,,0.003,0.066,0.14,0.078,,0.025,1.4145,,,,1.214,,0.0,0.001,,,,,0.003,0.003,,,,
1166,0.139,,0.003,0.066,0.1365,0.078,,0.025,2.2720000000000002,,,,1.2175,,0.0,0.001,,,,,0.003,0.003,,,,
1167,0.1395,,0.003,0.066,4.5615,0.078,,0.025,0.5475,,,,1.2175,,0.0,0.001,,,,,0.003,0.003,,,,
1168,0.139,,0.003,0.066,3.0475,0.078,,0.025,5.254499999999999,,,,1.2185000000000001,,0.0,0.001,,,,,0.003,0.003,,,,
1169,0.139,,0.003,0.066,0.44500000000000006,0.078,,0.025,0.782,,,,1.218,,0.0,0.001,,,,,0.003,0.003,,,,
1170,0.139,,0.003,0.066,1.7610000000000001,0.078,,0.025,3.6795000000000004,,,,1.2185000000000001,,0.0,0.001,,,,,0.003,0.003,,,,
1171,0.139,,0.003,0.066,0.24150000000000002,0.078,,0.025,1.9475,,,,1.214,,0.0,0.001,,,,,0.003,0.003,,,,
1172,0.139,,0.003,0.066,0.34299999999999997,0.078,,0.025,1.294,,,,1.2200000000000002,,0.0,0.001,,,,,0.003,0.003,,,,
1173,0.139,,0.003,0.066,2.234,0.078,,0.025,4.785,,,,1.219,,0.0,0.001,,,,,0.003,0.003,,,,
1174,0.139,,0.003,0.066,0.5165,0.078,,0.025,0.2465,,,,1.2205,,0.0,0.001,,,,,0.003,0.003,,,,
1175,0.139,,0.003,0.066,0.269,0.078,,0.025,0.33849999999999997,,,,1.22,,0.0,0.001,,,,,0.003,0.003,,,,
1176,0.1385,,0.003,0.065,0.23750000000000002,0.0775,,0.025,0.6665,,,,1.213,,0.0,0.001,,,,,0.003,0.003,,,,
1177,0.1385,,0.003,0.065,1.3885,0.078,,0.025,0.8665,,,,1.2149999999999999,,0.0,0.001,,,,,0.003,0.003,,,,
1178,0.139,,0.003,0.065,0.63,0.078,,0.025,1.882,,,,1.2135,,0.0,0.001,,,,,0.003,0.003,,,,
1179,0.139,,0.003,0.065,0.1165,0.078,,0.025,0.3505,,,,1.213,,0.0,0.001,,,,,0.003,0.003,,,,
1180,0.1385,,0.003,0.0655,0.5425,0.078,,0.025,0.593,,,,1.2135,,0.0,0.001,,,,,0.003,0.003,,,,
1181,0.1395,,0.003,0.0655,0.14100000000000001,0.078,,0.025,0.9974999999999999,,,,1.2115,,0.0,0.001,,,,,0.003,0.003,,,,
1182,0.1385,,0.003,0.065,0.171,0.078,,0.025,0.6060000000000001,,,,1.2145000000000001,,0.0,0.001,,,,,0.003,0.003,,,,
1183,0.139,,0.003,0.065,0.6065,0.078,,0.025,0.8109999999999999,,,,1.218,,0.0,0.001,,,,,0.003,0.003,,,,
1184,0.138,,0.003,0.065,0.144,0.078,,0.025,0.8915,,,,1.216,,0.0,0.001,,,,,0.003,0.003,,,,
1185,0.1395,,0.003,0.0655,0.15300000000000002,0.078,,0.025,0.5985,,,,1.2165,,0.0,0.001,,,,,0.003,0.003,,,,
1186,0.139,,0.003,0.065,0.621,0.0775,,0.025,0.101,,,,1.2175,,0.0,0.001,,,,,0.003,0.003,,,,
1187,0.139,,0.003,0.0655,0.6839999999999999,0.078,,0.025,0.44200000000000006,,,,1.2155,,0.0,0.001,,,,,0.003,0.003,,,,
1188,0.139,,0.003,0.0655,0.07700000000000001,0.078,,0.025,0.4625,,,,1.218,,0.0,0.001,,,,,0.003,0.003,,,,
1189,0.139,,0.003,0.0655,0.761,0.0775,,0.025,1.965,,,,1.214,,0.0,0.001,,,,,0.003,0.003,,,,
1190,0.139,,0.003,0.065,1.852,0.078,,0.025,4.7235,,,,1.2195,,0.0,0.001,,,,,0.003,0.003,,,,
1191,0.14,,0.003,0.0655,0.9445,0.078,,0.025,2.7975,,,,1.2185000000000001,,0.0,0.001,,,,,0.003,0.003,,,,
1192,0.139,,0.003,0.065,0.727,0.078,,0.025,1.2160000000000002,,,,1.2135,,0.0,0.001,,,,,0.003,0.003,,,,
1193,0.139,,0.003,0.065,0.087,0.0775,,0.025,0.6144999999999999,,,,1.2225000000000001,,0.0,0.001,,,,,0.003,0.003,,,,
1194,0.139,,0.003,0.065,0.181,0.078,,0.025,0.5055000000000001,,,,1.218,,0.0,0.001,,,,,0.003,0.003,,,,
1195,0.139,,0.003,0.065,0.722,0.078,,0.025,1.054,,,,1.218,,0.0,0.001,,,,,0.003,0.003,,,,
1196,0.138,,0.003,0.065,0.14150000000000001,0.078,,0.025,0.513,,,,1.219,,0.0,0.001,,,,,0.003,0.003,,,,
1197,0.139,,0.003,0.066,3.831,0.0785,,0.025,0.1555,,,,1.221,,0.0,0.001,,,,,0.003,0.003,,,,
1198,0.139,,0.003,0.065,0.6335,0.078,,0.025,0.7985000000000001,,,,1.2185000000000001,,0.0,0.001,,,,,0.003,0.003,,,,
1199,0.139,,0.003,0.065,0.2165,0.0775,,0.025,0.5515,,,,1.1844999999999999,,0.0,0.001,,,,,0.003,0.003,,,,
1200,0.139,,0.003,0.066,0.28700000000000003,0.0775,,0.025,0.215,,,,1.1840000000000002,,0.0,0.001,,,,,0.003,0.003,,,,
1201,0.139,,0.003,0.065,1.1685,0.0775,,0.025,0.6545000000000001,,,,1.1815,,0.0,0.001,,,,,0.003,0.003,,,,
1202,0.139,,0.003,0.065,0.563,0.0775,,0.025,0.819,,,,1.186,,0.0,0.001,,,,,0.003,0.003,,,,
1203,0.139,,0.003,0.0655,0.2485,0.078,,0.025,0.3865,,,,1.182,,0.0,0.001,,,,,0.003,0.003,,,,
1204,0.139,,0.003,0.0655,0.671,0.078,,0.025,1.193,,,,1.186,,0.0,0.001,,,,,0.003,0.003,,,,
1205,0.1385,,0.003,0.065,0.17950000000000002,0.078,,0.025,0.4255,,,,1.1885,,0.0,0.001,,,,,0.003,0.003,,,,
1206,0.139,,0.003,0.0655,0.21,0.0775,,0.025,0.10750000000000001,,,,1.1875,,0.0,0.001,,,,,0.003,0.003,,,,
1207,0.1385,,0.003,0.065,0.7725,0.078,,0.025,1.361,,,,1.185,,0.0,0.001,,,,,0.003,0.003,,,,
1208,0.14,,0.003,0.0655,0.2665,0.077,,0.025,0.1915,,,,1.1915,,0.0,0.001,,,,,0.003,0.003,,,,
1209,0.139,,0.003,0.0655,0.4235,0.0775,,0.025,0.227,,,,1.1855,,0.0,0.001,,,,,0.003,0.003,,,,
1210,0.139,,0.003,0.0655,0.7025,0.0775,,0.025,4.062,,,,1.185,,0.0,0.001,,,,,0.003,0.003,,,,
1211,0.139,,0.003,0.065,0.0805,0.078,,0.025,0.2515,,,,1.1895,,0.0,0.001,,,,,0.003,0.003,,,,
1212,0.139,,0.003,0.065,0.134,0.078,,0.025,0.7595000000000001,,,,1.1875,,0.0,0.001,,,,,0.003,0.003,,,,
1213,0.139,,0.003,0.0655,0.5725,0.078,,0.025,0.917,,,,1.189,,0.0,0.001,,,,,0.003,0.003,,,,
1214,0.1395,,0.003,0.0655,0.3785,0.0775,,0.025,0.33199999999999996,,,,1.1595,,0.0,0.001,,,,,0.003,0.003,,,,
1215,0.1395,,0.003,0.065,0.095,0.0775,,0.025,0.7145,,,,1.16,,0.0,0.001,,,,,0.003,0.003,,,,
1216,0.139,,0.003,0.065,0.74,0.077,,0.025,1.274,,,,1.1629999999999998,,0.0,0.001,,,,,0.003,0.003,,,,
1217,0.139,,0.003,0.0655,0.10600000000000001,0.077,,0.025,0.24400000000000002,,,,1.161,,0.0,0.001,,,,,0.003,0.003,,,,
1218,0.14,,0.003,0.066,0.224,0.078,,0.025,0.6255000000000001,,,,1.161,,0.0,0.001,,,,,0.003,0.003,,,,
1219,0.139,,0.003,0.065,0.558,0.0775,,0.025,1.0585,,,,1.1564999999999999,,0.0,0.001,,,,,0.003,0.003,,,,
1220,0.139,,0.003,0.0655,0.274,0.0775,,0.025,0.2655,,,,1.1600000000000001,,0.0,0.001,,,,,0.003,0.003,,,,
1221,0.139,,0.003,0.065,0.124,0.0775,,0.025,0.517,,,,1.1589999999999998,,0.0,0.001,,,,,0.003,0.003,,,,
1222,0.14,,0.003,0.0655,0.478,0.077,,0.025,1.2675,,,,1.159,,0.0,0.001,,,,,0.003,0.003,,,,
1223,0.139,,0.003,0.065,0.089,0.078,,0.025,0.852,,,,1.1655,,0.0,0.001,,,,,0.003,0.003,,,,
1224,0.139,,0.003,0.0655,0.20650000000000002,0.0775,,0.025,0.7020000000000001,,,,1.166,,0.0,0.001,,,,,0.003,0.003,,,,
1225,0.139,,0.003,0.065,0.8995,0.0775,,0.025,0.783,,,,1.1595,,0.0,0.001,,,,,0.003,0.003,,,,
1226,0.139,,0.003,0.065,0.273,0.077,,0.025,0.659,,,,1.1629999999999998,,0.0,0.001,,,,,0.003,0.003,,,,
1227,0.139,,0.003,0.065,0.09,0.078,,0.025,0.482,,,,1.163,,0.0,0.001,,,,,0.003,0.003,,,,
1228,0.139,,0.003,0.065,0.8775000000000001,0.077,,0.025,1.2705,,,,1.166,,0.0,0.001,,,,,0.003,0.003,,,,
1229,0.139,,0.003,0.065,0.257,0.0775,,0.025,0.195,,,,1.166,,0.0,0.001,,,,,0.003,0.003,,,,
1230,0.14,,0.003,0.065,1.8940000000000001,0.078,,0.025,5.77,,,,1.1644999999999999,,0.0,0.001,,,,,0.003,0.003,,,,
1231,0.139,,0.003,0.065,0.384,0.0775,,0.025,1.284,,,,1.1644999999999999,,0.0,0.001,,,,,0.003,0.003,,,,
1232,0.1395,,0.003,0.065,2.093,0.077,,0.025,0.426,,,,1.165,,0.0,0.001,,,,,0.003,0.003,,,,
1233,0.139,,0.003,0.0655,0.14600000000000002,0.077,,0.025,0.42900000000000005,,,,1.1669999999999998,,0.0,0.001,,,,,0.003,0.003,,,,
1234,0.1395,,0.003,0.065,0.706,0.0775,,0.025,0.5575,,,,1.166,,0.0,0.001,,,,,0.003,0.003,,,,
1235,0.139,,0.003,0.0655,0.3365,0.078,,0.025,0.6960000000000001,,,,1.1724999999999999,,0.0,0.001,,,,,0.003,0.003,,,,
1236,0.1395,,0.003,0.065,0.1155,0.0775,,0.025,0.37650000000000006,,,,1.1684999999999999,,0.0,0.001,,,,,0.003,0.003,,,,
1237,0.14,,0.003,0.0655,0.7185,0.078,,0.025,1.487,,,,1.169,,0.0,0.001,,,,,0.003,0.003,,,,
1238,0.139,,0.003,0.065,1.6295000000000002,0.0775,,0.025,0.4085,,,,1.1695,,0.0,0.001,,,,,0.003,0.003,,,,
1239,0.1395,,0.003,0.0655,3.18,0.077,,0.025,4.3625,,,,1.166,,0.0,0.001,,,,,0.003,0.003,,,,
1240,0.1395,,0.003,0.065,3.4305,0.0775,,0.025,8.145,,,,1.169,,0.0,0.001,,,,,0.003,0.003,,,,
1241,0.1395,,0.003,0.0655,0.379,0.078,,0.025,0.32100000000000006,,,,1.1705,,0.0,0.001,,,,,0.003,0.003,,,,
1242,0.14,,0.003,0.0655,0.27649999999999997,0.0775,,0.025,1.0030000000000001,,,,1.1684999999999999,,0.0,0.001,,,,,0.003,0.003,,,,
1243,0.139,,0.003,0.065,0.6164999999999999,0.078,,0.025,0.452,,,,1.165,,0.0,0.001,,,,,0.003,0.003,,,,
1244,0.139,,0.003,0.065,0.1125,0.078,,0.025,0.41500000000000004,,,,1.0615,,0.0,0.001,,,,,0.003,0.003,,,,
1245,0.139,,0.003,0.065,0.2695,0.078,,0.025,1.0445,,,,1.0625,,0.0,0.001,,,,,0.003,0.003,,,,
1246,0.139,,0.003,0.065,0.127,0.078,,0.025,1.435,,,,1.0625,,0.0,0.001,,,,,0.003,0.003,,,,
1247,0.139,,0.003,0.0655,0.30500000000000005,0.078,,0.025,0.8835,,,,1.0619999999999998,,0.0,0.001,,,,,0.003,0.003,,,,
1248,0.139,,0.003,0.065,0.14600000000000002,0.078,,0.025,0.232,,,,1.0565,,0.0,0.001,,,,,0.003,0.003,,,,
1249,0.1385,,0.003,0.065,0.171,0.078,,0.025,0.8165,,,,1.0605,,0.0,0.001,,,,,0.003,0.003,,,,
1250,0.139,,0.003,0.065,0.111,0.078,,0.025,0.4585,,,,1.0625,,0.0,0.001,,,,,0.003,0.003,,,,
1251,0.139,,0.003,0.066,0.164,0.078,,0.025,0.929,,,,1.0615,,0.0,0.001,,,,,0.003,0.003,,,,
1252,0.139,,0.003,0.065,0.4515,0.078,,0.025,0.9995,,,,1.0635,,0.0,0.001,,,,,0.003,0.003,,,,
1253,0.1385,,0.003,0.065,0.128,0.0775,,0.025,0.7125,,,,1.0635,,0.0,0.001,,,,,0.003,0.003,,,,
1254,0.1295,,0.002,0.069,0.41400000000000003,0.073,,0.025,0.4075,,,,1.02,,0.0,0.001,,,,,0.003,0.003,,,,
1255,0.1305,,0.002,0.069,0.3075,0.07250000000000001,,0.025,1.0815000000000001,,,,1.0230000000000001,,0.0,0.001,,,,,0.003,0.003,,,,
1256,0.1305,,0.002,0.069,0.608,0.073,,0.025,0.836,,,,1.02,,0.0,0.001,,,,,0.003,0.003,,,,
1257,0.1285,,0.002,0.0695,1.1785,0.07250000000000001,,0.025,0.23750000000000002,,,,1.0110000000000001,,0.0,0.001,,,,,0.003,0.003,,,,
1258,0.1275,,0.002,0.0695,0.39749999999999996,0.07250000000000001,,0.025,0.31100000000000005,,,,1.0140000000000002,,0.0,0.001,,,,,0.003,0.003,,,,
1259,0.1275,,0.002,0.0695,0.43900000000000006,0.073,,0.025,0.3215,,,,1.012,,0.0,0.001,,,,,0.003,0.003,,,,
1260,0.128,,0.002,0.0695,0.89,0.07200000000000001,,0.025,1.0170000000000001,,,,1.0105,,0.0,0.001,,,,,0.003,0.003,,,,
1261,0.128,,0.002,0.0695,0.5055000000000001,0.07250000000000001,,0.025,1.2905,,,,1.0105,,0.0,0.001,,,,,0.003,0.003,,,,
1262,0.128,,0.002,0.0695,0.48850000000000005,0.073,,0.025,0.891,,,,1.0110000000000001,,0.0,0.001,,,,,0.003,0.003,,,,
1263,0.1275,,0.002,0.07,0.98,0.07200000000000001,,0.025,0.7150000000000001,,,,1.0140000000000002,,0.0,0.001,,,,,0.003,0.003,,,,
1264,0.128,,0.002,0.0695,0.5835,0.07250000000000001,,0.025,1.121,,,,1.014,,0.0,0.001,,,,,0.003,0.003,,,,
1265,0.1275,,0.002,0.07,0.4245,0.073,,0.025,1.1335000000000002,,,,1.0155,,0.0,0.001,,,,,0.003,0.003,,,,
1266,0.128,,0.002,0.0695,1.1245,0.07200000000000001,,0.025,0.4145,,,,1.016,,0.0,0.001,,,,,0.003,0.003,,,,
1267,0.128,,0.002,0.07,0.54,0.07250000000000001,,0.025,3.36,,,,1.0135,,0.0,0.001,,,,,0.003,0.003,,,,
1268,0.128,,0.002,0.07,0.487,0.073,,0.025,1.1115,,,,1.016,,0.0,0.001,,,,,0.003,0.003,,,,
1269,0.128,,0.002,0.0695,0.8160000000000001,0.07200000000000001,,0.025,0.931,,,,1.016,,0.0,0.001,,,,,0.003,0.003,,,,
1270,0.128,,0.002,0.0695,0.4435,0.07250000000000001,,0.025,1.224,,,,1.012,,0.0,0.001,,,,,0.003,0.003,,,,
1271,0.128,,0.002,0.07,0.35150000000000003,0.073,,0.025,1.1440000000000001,,,,1.0150000000000001,,0.0,0.001,,,,,0.003,0.003,,,,
1272,0.128,,0.002,0.07,0.89,0.07200000000000001,,0.025,0.659,,,,1.0225,,0.0,0.001,,,,,0.003,0.003,,,,
1273,0.128,,0.002,0.07,0.499,0.07250000000000001,,0.025,0.6215,,,,0.9964999999999999,,0.0,0.001,,,,,0.003,0.003,,,,
1274,0.1275,,0.002,0.07,0.697,0.073,,0.025,0.2585,,,,0.9924999999999999,,0.0,0.001,,,,,0.003,0.003,,,,
1275,0.128,,0.002,0.07,1.371,0.07250000000000001,,0.025,0.648,,,,0.9984999999999999,,0.0,0.001,,,,,0.003,0.003,,,,
1276,0.129,,0.002,0.07,0.7895,0.07250000000000001,,0.025,0.29800000000000004,,,,0.9955,,0.0,0.001,,,,,0.003,0.003,,,,
1277,0.1285,,0.002,0.0695,0.194,0.073,,0.025,0.5285,,,,0.9985,,0.0,0.001,,,,,0.003,0.003,,,,
1278,0.1275,,0.002,0.07,0.2195,0.07200000000000001,,0.025,1.5385,,,,1.0025,,0.0,0.001,,,,,0.003,0.003,,,,
1279,0.128,,0.002,0.07,0.20650000000000002,0.07250000000000001,,0.025,0.624,,,,0.998,,0.0,0.001,,,,,0.003,0.003,,,,
1280,0.1275,,0.002,0.07,0.38150000000000006,0.073,,0.025,0.6755,,,,0.9995,,0.0,0.001,,,,,0.003,0.003,,,,
1281,0.128,,0.002,0.07050000000000001,2.9235,0.07200000000000001,,0.025,0.45199999999999996,,,,0.999,,0.0,0.001,,,,,0.003,0.003,,,,
1282,0.128,,0.002,0.069,0.5,0.073,,0.025,0.954,,,,1.0005,,0.0,0.001,,,,,0.003,0.003,,,,
1283,0.128,,0.002,0.069,0.39849999999999997,0.073,,0.025,0.4485,,,,0.964,,0.0,0.001,,,,,0.003,0.003,,,,
1284,0.128,,0.002,0.069,0.8645,0.07200000000000001,,0.025,0.45199999999999996,,,,0.9644999999999999,,0.0,0.001,,,,,0.003,0.003,,,,
1285,0.1285,,0.002,0.0695,0.5055000000000001,0.07250000000000001,,0.025,0.608,,,,0.965,,0.0,0.001,,,,,0.003,0.003,,,,
1286,0.128,,0.002,0.069,0.261,0.073,,0.025,0.4645,,,,0.968,,0.0,0.001,,,,,0.003,0.003,,,,
1287,0.128,,0.002,0.07,0.993,0.07200000000000001,,0.025,0.739,,,,0.96,,0.0,0.001,,,,,0.003,0.003,,,,
1288,0.1275,,0.002,0.0695,1.052,0.07250000000000001,,0.025,0.1265,,,,0.9195,,0.0,0.001,,,,,0.003,0.003,,,,
1289,0.128,,0.002,0.069,0.2975,0.073,,0.025,0.778,,,,0.9205000000000001,,0.0,0.001,,,,,0.003,0.003,,,,
1290,0.138,,0.003,0.069,1.1139999999999999,0.077,,0.025,1.59,,,,0.773,,0.0,0.001,,,,,0.003,0.003,,,,
1291,0.1385,,0.003,0.069,0.2805,0.0765,,0.025,1.8885,,,,0.7755000000000001,,0.0,0.001,,,,,0.003,0.003,,,,
1292,0.138,,0.003,0.069,0.124,0.0765,,0.025,0.2525,,,,0.773,,0.0,0.001,,,,,0.003,0.003,,,,
1293,0.138,,0.003,0.069,3.856,0.077,,0.025,1.4469999999999998,,,,0.7735000000000001,,0.0,0.001,,,,,0.003,0.003,,,,
1294,0.138,,0.003,0.069,0.29650000000000004,0.0765,,0.025,1.5205,,,,0.7064999999999999,,0.0,0.001,,,,,0.003,0.003,,,,
1295,0.138,,0.003,0.069,0.067,0.0765,,0.025,0.2015,,,,0.707,,0.0,0.001,,,,,0.003,0.003,,,,
1296,0.138,,0.003,0.069,0.1055,0.0775,,0.025,1.138,,,,0.705,,0.0,0.001,,,,,0.003,0.003,,,,
1297,0.1375,,0.003,0.069,0.36800000000000005,0.076,,0.025,1.3415000000000001,,,,0.7055,,0.0,0.001,,,,,0.003,0.003,,,,
1298,0.137,,0.003,0.069,0.269,0.076,,0.025,1.0405,,,,0.708,,0.0,0.001,,,,,0.003,0.003,,,,
1299,0.1375,,0.003,0.069,0.247,0.077,,0.025,0.7795000000000001,,,,0.7115,,0.0,0.001,,,,,0.003,0.003,,,,
1300,0.138,,0.003,0.069,1.4565,0.077,,0.025,4.3025,,,,0.708,,0.0,0.001,,,,,0.003,0.003,,,,
1301,0.138,,0.003,0.069,0.29500000000000004,0.076,,0.025,0.183,,,,0.7055,,0.0,0.001,,,,,0.003,0.003,,,,
1302,0.138,,0.003,0.069,0.0925,0.077,,0.025,0.953,,,,0.705,,0.0,0.001,,,,,0.003,0.003,,,,
1303,0.138,,0.003,0.069,0.663,0.076,,0.025,1.3365,,,,0.707,,0.0,0.001,,,,,0.003,0.003,,,,
1304,0.1375,,0.003,0.0685,0.14300000000000002,0.0765,,0.025,0.42550000000000004,,,,0.708,,0.0,0.001,,,,,0.003,0.003,,,,
1305,0.138,,0.003,0.069,0.1655,0.077,,0.025,0.1975,,,,0.7135,,0.0,0.001,,,,,0.003,0.003,,,,
1306,0.138,,0.003,0.069,0.584,0.0765,,0.025,1.747,,,,0.7055,,0.0,0.001,,,,,0.003,0.003,,,,
1307,0.138,,0.003,0.069,0.2695,0.076,,0.025,0.7735,,,,0.7075,,0.0,0.001,,,,,0.003,0.003,,,,
1308,0.138,,0.003,0.069,0.066,0.077,,0.025,0.9405,,,,0.7104999999999999,,0.0,0.001,,,,,0.003,0.003,,,,
1309,0.1385,,0.003,0.069,0.597,0.076,,0.025,1.0285,,,,0.708,,0.0,0.001,,,,,0.003,0.003,,,,
1310,0.1375,,0.003,0.069,0.208,0.077,,0.025,0.7965,,,,0.7084999999999999,,0.0,0.001,,,,,0.003,0.003,,,,
1311,0.1375,,0.003,0.069,0.1945,0.077,,0.025,1.262,,,,0.7104999999999999,,0.0,0.001,,,,,0.003,0.003,,,,
1312,0.138,,0.003,0.069,0.7040000000000001,0.0765,,0.025,1.8715,,,,0.707,,0.0,0.001,,,,,0.003,0.003,,,,
1313,0.138,,0.003,0.0685,0.337,0.076,,0.025,0.279,,,,0.7075,,0.0,0.001,,,,,0.003,0.003,,,,
1314,0.138,,0.003,0.069,0.08600000000000001,0.077,,0.025,0.087,,,,0.711,,0.0,0.001,,,,,0.003,0.003,,,,
1315,0.138,,0.003,0.069,0.6859999999999999,0.076,,0.025,1.6324999999999998,,,,0.7095,,0.0,0.001,,,,,0.003,0.003,,,,
1316,0.138,,0.003,0.069,0.206,0.077,,0.025,0.2635,,,,0.709,,0.0,0.001,,,,,0.003,0.003,,,,
1317,0.138,,0.003,0.069,7.197500000000001,0.077,,0.025,0.876,,,,0.7104999999999999,,0.0,0.001,,,,,0.003,0.003,,,,
1318,0.1395,,0.003,0.0685,0.5895,0.077,,0.025,1.1090000000000002,,,,0.714,,0.0,0.001,,,,,0.003,0.003,,,,
1319,0.139,,0.003,0.0685,0.0675,0.076,,0.025,0.919,,,,0.7135,,0.0,0.001,,,,,0.003,0.003,,,,
1320,0.138,,0.003,0.069,0.10049999999999999,0.077,,0.025,0.058,,,,0.715,,0.0,0.001,,,,,0.003,0.003,,,,
1321,0.1395,,0.003,0.069,0.7165,0.0765,,0.025,0.121,,,,0.715,,0.0,0.001,,,,,0.003,0.003,,,,
1322,0.1395,,0.003,0.0685,0.35100000000000003,0.076,,0.025,0.5305000000000001,,,,0.715,,0.0,0.001,,,,,0.003,0.003,,,,
1323,0.138,,0.003,0.069,0.1775,0.077,,0.025,0.28400000000000003,,,,0.715,,0.0,0.001,,,,,0.003,0.003,,,,
1324,0.138,,0.003,0.0685,0.48600000000000004,0.0765,,0.025,1.3775000000000002,,,,0.716,,0.0,0.001,,,,,0.003,0.003,,,,
1325,0.138,,0.003,0.069,0.1375,0.076,,0.025,0.6365000000000001,,,,0.719,,0.0,0.001,,,,,0.003,0.003,,,,
1326,0.139,,0.003,0.069,0.1685,0.077,,0.025,0.36200000000000004,,,,0.7164999999999999,,0.0,0.001,,,,,0.003,0.003,,,,
1327,0.138,,0.003,0.069,0.48350000000000004,0.076,,0.025,1.798,,,,0.717,,0.0,0.001,,,,,0.003,0.003,,,,
1328,0.138,,0.003,0.0685,0.47150000000000003,0.076,,0.025,0.41700000000000004,,,,0.7164999999999999,,0.0,0.001,,,,,0.003,0.003,,,,
1329,0.1385,,0.003,0.069,2.7965,0.077,,0.025,4.7935,,,,0.719,,0.0,0.001,,,,,0.003,0.003,,,,
1330,0.138,,0.003,0.069,5.323,0.0765,,0.025,1.4835,,,,0.717,,0.0,0.001,,,,,0.003,0.003,,,,
1331,0.1385,,0.003,0.0685,0.40900000000000003,0.076,,0.025,0.387,,,,0.713,,0.0,0.001,,,,,0.003,0.003,,,,
1332,0.138,,0.003,0.069,0.8285,0.077,,0.025,0.24,,,,0.7175,,0.0,0.001,,,,,0.003,0.003,,,,
1333,0.1375,,0.003,0.069,2.4795000000000003,0.076,,0.025,0.8280000000000001,,,,0.718,,0.0,0.001,,,,,0.003,0.003,,,,
1334,0.1375,,0.003,0.069,0.7165,0.0765,,0.025,0.31450000000000006,,,,0.72,,0.0,0.001,,,,,0.003,0.003,,,,
1335,0.138,,0.003,0.069,5.6385,0.0775,,0.025,0.6935,,,,0.649,,0.0,0.001,,,,,0.003,0.003,,,,
1336,0.1375,,0.003,0.069,3.407,0.076,,0.025,0.151,,,,0.653,,0.0,0.001,,,,,0.003,0.003,,,,
1337,0.1375,,0.003,0.069,2.3065,0.076,,0.025,0.606,,,,0.656,,0.0,0.001,,,,,0.003,0.003,,,,
1338,0.138,,0.003,0.069,4.5275,0.077,,0.025,1.8655000000000002,,,,0.655,,0.0,0.001,,,,,0.003,0.003,,,,
1339,0.138,,0.003,0.069,0.7075,0.076,,0.025,2.378,,,,0.6515,,0.0,0.001,,,,,0.003,0.003,,,,
1340,0.138,,0.003,0.069,0.128,0.076,,0.025,1.2885,,,,0.656,,0.0,0.001,,,,,0.003,0.003,,,,
1341,0.138,,0.003,0.069,0.5205,0.077,,0.025,2.0345,,,,0.654,,0.0,0.001,,,,,0.003,0.003,,,,
1342,0.138,,0.003,0.069,0.553,0.076,,0.025,1.3225,,,,0.6565000000000001,,0.0,0.001,,,,,0.003,0.003,,,,
1343,0.138,,0.003,0.069,0.29000000000000004,0.076,,0.025,0.6865,,,,0.655,,0.0,0.001,,,,,0.003,0.003,,,,
1344,0.1375,,0.003,0.069,0.6625,0.077,,0.025,1.3135000000000001,,,,0.6575,,0.0,0.001,,,,,0.003,0.003,,,,
1345,0.1375,,0.003,0.069,0.801,0.0765,,0.025,0.967,,,,0.6545000000000001,,0.0,0.001,,,,,0.003,0.003,,,,
1346,0.139,,0.003,0.069,0.167,0.076,,0.025,0.2555,,,,0.6575,,0.0,0.001,,,,,0.003,0.003,,,,
1347,0.138,,0.003,0.0695,0.461,0.077,,0.025,1.3880000000000001,,,,0.655,,0.0,0.001,,,,,0.003,0.003,,,,
1348,0.1385,,0.003,0.069,0.44150000000000006,0.076,,0.025,1.5155,,,,0.6555,,0.0,0.001,,,,,0.003,0.003,,,,
1349,0.139,,0.003,0.069,0.106,0.076,,0.025,0.128,,,,0.654,,0.0,0.001,,,,,0.003,0.003,,,,
1350,0.1385,,0.003,0.069,3.4635000000000002,0.0775,,0.025,1.8785,,,,0.661,,0.0,0.001,,,,,0.003,0.003,,,,
1351,0.139,,0.003,0.069,0.462,0.076,,0.025,2.2545,,,,0.6595,,0.0,0.001,,,,,0.003,0.003,,,,
1352,0.1385,,0.003,0.0695,0.245,0.076,,0.025,1.0035,,,,0.6435,,0.0,0.001,,,,,0.003,0.003,,,,
1353,0.138,,0.003,0.0695,0.7595,0.077,,0.025,0.335,,,,0.6405000000000001,,0.0,0.001,,,,,0.003,0.003,,,,
1354,0.1375,,0.003,0.069,0.7195,0.077,,0.025,1.4075,,,,0.646,,0.0,0.001,,,,,0.003,0.003,,,,
1355,0.138,,0.003,0.069,0.08,0.0765,,0.025,0.40650000000000003,,,,0.646,,0.0,0.001,,,,,0.003,0.003,,,,
1356,0.139,,0.003,0.0695,0.7235,0.0775,,0.025,1.4460000000000002,,,,0.643,,0.0,0.001,,,,,0.003,0.003,,,,
1357,0.137,,0.003,0.069,0.4515,0.0765,,0.025,2.778,,,,0.645,,0.0,0.001,,,,,0.003,0.003,,,,
1358,0.138,,0.003,0.0695,0.081,0.076,,0.025,1.5639999999999998,,,,0.647,,0.0,0.001,,,,,0.003,0.003,,,,
1359,0.139,,0.003,0.0695,0.465,0.0775,,0.025,1.4965000000000002,,,,0.647,,0.0,0.001,,,,,0.003,0.003,,,,
1360,0.138,,0.003,0.069,0.592,0.0765,,0.025,0.9965,,,,0.644,,0.0,0.001,,,,,0.003,0.003,,,,
1361,0.1375,,0.003,0.069,0.48450000000000004,0.076,,0.025,0.657,,,,0.643,,0.0,0.001,,,,,0.003,0.003,,,,
1362,0.138,,0.003,0.069,0.37550000000000006,0.077,,0.025,0.462,,,,0.645,,0.0,0.001,,,,,0.003,0.003,,,,
1363,0.1375,,0.003,0.069,0.41350000000000003,0.076,,0.025,1.842,,,,0.648,,0.0,0.001,,,,,0.003,0.003,,,,
1364,0.138,,0.003,0.069,0.461,0.076,,0.025,1.1305,,,,0.648,,0.0,0.001,,,,,0.003,0.003,,,,
1365,0.139,,0.003,0.07,3.3015000000000003,0.077,,0.025,0.3435,,,,0.646,,0.0,0.001,,,,,0.003,0.003,,,,
1366,0.1375,,0.003,0.069,0.7515000000000001,0.0765,,0.025,2.06,,,,0.6455,,0.0,0.001,,,,,0.003,0.003,,,,
1367,0.138,,0.003,0.069,0.49250000000000005,0.0765,,0.025,0.8275,,,,0.648,,0.0,0.001,,,,,0.003,0.003,,,,
1368,0.139,,0.003,0.069,0.9700000000000001,0.0775,,0.025,1.485,,,,0.6495,,0.0,0.001,,,,,0.003,0.003,,,,
1369,0.1375,,0.003,0.069,0.49200000000000005,0.0765,,0.025,1.9595,,,,0.6485000000000001,,0.0,0.001,,,,,0.003,0.003,,,,
1370,0.138,,0.003,0.069,0.4485,0.076,,0.025,1.057,,,,0.638,,0.0,0.001,,,,,0.003,0.003,,,,
1371,0.138,,0.003,0.069,2.864,0.077,,0.025,1.049,,,,0.64,,0.0,0.001,,,,,0.003,0.003,,,,
1372,0.1375,,0.003,0.069,0.559,0.076,,0.025,1.5234999999999999,,,,0.637,,0.0,0.001,,,,,0.003,0.003,,,,
1373,0.1385,,0.003,0.0695,0.30300000000000005,0.076,,0.025,0.774,,,,0.6345000000000001,,0.0,0.001,,,,,0.003,0.003,,,,
1374,0.1375,,0.003,0.0695,1.5735,0.077,,0.025,0.37850000000000006,,,,0.6345000000000001,,0.0,0.001,,,,,0.003,0.003,,,,
1375,0.137,,0.003,0.069,0.41950000000000004,0.076,,0.025,3.2224999999999997,,,,0.6375,,0.0,0.001,,,,,0.003,0.003,,,,
1376,0.137,,0.003,0.069,0.40700000000000003,0.076,,0.025,0.7290000000000001,,,,0.638,,0.0,0.001,,,,,0.003,0.003,,,,
1377,0.138,,0.003,0.069,3.2655000000000003,0.077,,0.025,1.5215,,,,0.637,,0.0,0.001,,,,,0.003,0.003,,,,
1378,0.138,,0.003,0.069,0.4685,0.076,,0.025,1.1015,,,,0.637,,0.0,0.001,,,,,0.003,0.003,,,,
1379,0.138,,0.003,0.069,0.603,0.0765,,0.025,1.347,,,,0.64,,0.0,0.001,,,,,0.003,0.003,,,,
1380,0.138,,0.003,0.069,1.109,0.077,,0.025,0.5595,,,,0.635,,0.0,0.001,,,,,0.003,0.003,,,,
1381,0.138,,0.003,0.069,3.2479999999999998,0.076,,0.025,1.0795000000000001,,,,0.638,,0.0,0.001,,,,,0.003,0.003,,,,
1382,0.138,,0.003,0.069,0.5855,0.076,,0.025,1.252,,,,0.6415,,0.0,0.001,,,,,0.003,0.003,,,,
1383,0.138,,0.003,0.069,0.8835,0.077,,0.025,0.29100000000000004,,,,0.641,,0.0,0.001,,,,,0.003,0.003,,,,
1384,0.138,,0.003,0.069,3.915,0.076,,0.025,2.0850000000000004,,,,0.6405000000000001,,0.0,0.001,,,,,0.003,0.003,,,,
1385,0.1375,,0.003,0.069,0.643,0.076,,0.025,2.023,,,,0.6385000000000001,,0.0,0.001,,,,,0.003,0.003,,,,
1386,0.138,,0.003,0.069,0.651,0.077,,0.025,2.093,,,,0.6385000000000001,,0.0,0.001,,,,,0.003,0.003,,,,
1387,0.138,,0.003,0.069,0.5870000000000001,0.076,,0.025,2.441,,,,0.6385000000000001,,0.0,0.001,,,,,0.003,0.003,,,,
1388,0.138,,0.003,0.069,0.5205,0.076,,0.025,2.4785,,,,0.64,,0.0,0.001,,,,,0.003,0.003,,,,
1389,0.1375,,0.003,0.069,0.5575,0.077,,0.025,1.0614999999999999,,,,0.639,,0.0,0.001,,,,,0.003,0.003,,,,
1390,0.138,,0.003,0.069,0.7005,0.076,,0.025,2.4770000000000003,,,,0.638,,0.0,0.001,,,,,0.003,0.003,,,,
1391,0.1375,,0.003,0.069,0.668,0.076,,0.025,2.2665,,,,0.6375,,0.0,0.001,,,,,0.003,0.003,,,,
1392,0.1375,,0.003,0.069,0.447,0.077,,0.025,1.768,,,,0.6405000000000001,,0.0,0.001,,,,,0.003,0.003,,,,
1393,0.138,,0.003,0.069,0.5955,0.076,,0.025,2.3125,,,,0.6405000000000001,,0.0,0.001,,,,,0.003,0.003,,,,
1394,0.138,,0.003,0.069,0.61,0.076,,0.025,1.04,,,,0.639,,0.0,0.001,,,,,0.003,0.003,,,,
1395,0.138,,0.003,0.069,0.811,0.077,,0.025,3.8640000000000003,,,,0.642,,0.0,0.001,,,,,0.003,0.003,,,,
1396,0.1385,,0.003,0.069,0.6795,0.076,,0.025,1.5895000000000001,,,,0.64,,0.0,0.001,,,,,0.003,0.003,,,,
1397,0.1375,,0.003,0.069,1.591,0.076,,0.025,6.555000000000001,,,,0.6405000000000001,,0.0,0.001,,,,,0.003,0.003,,,,
1398,0.1375,,0.003,0.07,0.109,0.077,,0.025,1.7955,,,,0.642,,0.0,0.001,,,,,0.003,0.003,,,,
1399,0.138,,0.003,0.069,0.1765,0.077,,0.025,1.7125,,,,0.646,,0.0,0.001,,,,,0.003,0.003,,,,
1400,0.138,,0.003,0.069,0.1105,0.076,,0.025,1.0590000000000002,,,,0.6145,,0.0,0.001,,,,,0.003,0.003,,,,
1401,0.1375,,0.003,0.069,0.336,0.077,,0.025,0.8109999999999999,,,,0.61,,0.0,0.001,,,,,0.003,0.003,,,,
1402,0.138,,0.003,0.069,0.41750000000000004,0.0765,,0.025,1.8675000000000002,,,,0.61,,0.0,0.001,,,,,0.003,0.003,,,,
1403,0.138,,0.003,0.069,0.28200000000000003,0.076,,0.025,0.3435,,,,0.6105,,0.0,0.001,,,,,0.003,0.003,,,,
1404,0.138,,0.003,0.069,0.7815,0.0775,,0.025,1.504,,,,0.612,,0.0,0.001,,,,,0.003,0.003,,,,
1405,0.1385,,0.003,0.069,0.663,0.076,,0.025,1.8255000000000001,,,,0.615,,0.0,0.001,,,,,0.003,0.003,,,,
1406,0.1375,,0.003,0.0695,0.178,0.076,,0.025,0.9490000000000001,,,,0.616,,0.0,0.001,,,,,0.003,0.003,,,,
1407,0.138,,0.003,0.069,0.7425,0.077,,0.025,1.083,,,,0.6114999999999999,,0.0,0.001,,,,,0.003,0.003,,,,
1408,0.138,,0.003,0.069,0.6699999999999999,0.076,,0.025,1.8455,,,,0.616,,0.0,0.001,,,,,0.003,0.003,,,,
1409,0.1375,,0.003,0.069,0.2485,0.076,,0.025,0.884,,,,0.612,,0.0,0.001,,,,,0.003,0.003,,,,
1410,0.138,,0.003,0.069,1.6155000000000002,0.077,,0.025,1.8665,,,,0.603,,0.0,0.001,,,,,0.003,0.003,,,,
1411,0.139,,0.003,0.069,1.352,0.076,,0.025,0.20350000000000001,,,,0.602,,0.0,0.001,,,,,0.003,0.003,,,,
1412,0.1385,,0.003,0.069,0.187,0.077,,0.025,0.256,,,,0.605,,0.0,0.001,,,,,0.003,0.003,,,,
1413,0.138,,0.003,0.069,4.6685,0.077,,0.025,1.687,,,,0.604,,0.0,0.001,,,,,0.003,0.003,,,,
1414,0.1375,,0.003,0.069,0.7010000000000001,0.076,,0.025,0.93,,,,0.6034999999999999,,0.0,0.001,,,,,0.003,0.003,,,,
1415,0.1375,,0.003,0.069,0.0885,0.0765,,0.025,0.667,,,,0.601,,0.0,0.001,,,,,0.003,0.003,,,,
1416,0.138,,0.003,0.069,0.6495,0.0775,,0.025,1.6135,,,,0.602,,0.0,0.001,,,,,0.003,0.003,,,,
1417,0.138,,0.003,0.0685,0.41350000000000003,0.076,,0.025,1.0235,,,,0.605,,0.0,0.001,,,,,0.003,0.003,,,,
1418,0.138,,0.003,0.069,0.10200000000000001,0.077,,0.025,1.3165,,,,0.603,,0.0,0.001,,,,,0.003,0.003,,,,
1419,0.138,,0.003,0.068,0.8165,0.077,,0.025,1.7975,,,,0.605,,0.0,0.001,,,,,0.003,0.003,,,,
1420,0.1375,,0.003,0.069,0.35950000000000004,0.076,,0.025,0.6635,,,,0.604,,0.0,0.001,,,,,0.003,0.003,,,,
1421,0.138,,0.003,0.069,0.176,0.0765,,0.025,0.6675000000000001,,,,0.6045,,0.0,0.001,,,,,0.003,0.003,,,,
1422,0.138,,0.003,0.069,0.4525,0.077,,0.025,1.8150000000000002,,,,0.601,,0.0,0.001,,,,,0.003,0.003,,,,
1423,0.138,,0.003,0.069,0.37300000000000005,0.076,,0.025,2.138,,,,0.605,,0.0,0.001,,,,,0.003,0.003,,,,
1424,0.138,,0.003,0.069,0.09999999999999999,0.0765,,0.025,0.922,,,,0.6025,,0.0,0.001,,,,,0.003,0.003,,,,
1425,0.138,,0.003,0.069,0.4635,0.078,,0.025,1.5965,,,,0.6034999999999999,,0.0,0.001,,,,,0.003,0.003,,,,
1426,0.1375,,0.003,0.0685,0.4,0.076,,0.025,2.2395,,,,0.601,,0.0,0.001,,,,,0.003,0.003,,,,
1427,0.138,,0.003,0.069,0.219,0.0765,,0.025,0.129,,,,0.605,,0.0,0.001,,,,,0.003,0.003,,,,
1428,0.1375,,0.003,0.069,2.8205,0.0775,,0.025,1.1765,,,,0.606,,0.0,0.001,,,,,0.003,0.003,,,,
1429,0.137,,0.003,0.069,1.317,0.0765,,0.025,2.709,,,,0.603,,0.0,0.001,,,,,0.003,0.003,,,,
1430,0.1375,,0.003,0.069,0.4055,0.0765,,0.025,0.539,,,,0.606,,0.0,0.001,,,,,0.003,0.003,,,,
1431,0.1375,,0.003,0.069,0.6015,0.077,,0.025,1.211,,,,0.6045,,0.0,0.001,,,,,0.003,0.003,,,,
1432,0.138,,0.003,0.0685,0.6425000000000001,0.0765,,0.025,2.1559999999999997,,,,0.6054999999999999,,0.0,0.001,,,,,0.003,0.003,,,,
1433,0.1385,,0.003,0.069,0.1175,0.076,,0.025,1.192,,,,0.6054999999999999,,0.0,0.001,,,,,0.003,0.003,,,,
1434,0.138,,0.003,0.069,0.5755,0.077,,0.025,0.5559999999999999,,,,0.606,,0.0,0.001,,,,,0.003,0.003,,,,
1435,0.138,,0.003,0.0685,0.5670000000000001,0.076,,0.025,0.874,,,,0.6085,,0.0,0.001,,,,,0.003,0.003,,,,
1436,0.138,,0.003,0.069,0.0895,0.0765,,0.025,0.28250000000000003,,,,0.607,,0.0,0.001,,,,,0.003,0.003,,,,
1437,0.138,,0.003,0.069,0.6755,0.077,,0.025,1.2830000000000001,,,,0.5814999999999999,,0.0,0.001,,,,,0.003,0.003,,,,
1438,0.138,,0.003,0.069,0.578,0.0765,,0.025,0.37300000000000005,,,,0.583,,0.0,0.001,,,,,0.003,0.003,,,,
1439,0.138,,0.003,0.069,0.405,0.076,,0.025,0.8694999999999999,,,,0.5845,,0.0,0.001,,,,,0.003,0.003,,,,
1440,0.127,,0.002,0.065,0.6689999999999999,0.07200000000000001,,0.025,1.4825000000000002,,,,0.5615000000000001,,0.0,0.001,,,,,0.003,0.003,,,,
1441,0.1265,,0.002,0.066,0.48350000000000004,0.07200000000000001,,0.025,1.6505,,,,0.56,,0.0,0.001,,,,,0.003,0.003,,,,
1442,0.127,,0.0025,0.065,0.24,0.07200000000000001,,0.025,1.2874999999999999,,,,0.56,,0.0,0.001,,,,,0.003,0.003,,,,
1443,0.1275,,0.002,0.065,0.775,0.07200000000000001,,0.025,0.7925,,,,0.5615000000000001,,0.0,0.001,,,,,0.003,0.003,,,,
1444,0.1265,,0.002,0.0655,0.2215,0.07200000000000001,,0.025,2.3265,,,,0.56,,0.0,0.001,,,,,0.003,0.003,,,,
1445,0.127,,0.002,0.0655,0.11800000000000001,0.07200000000000001,,0.025,0.30500000000000005,,,,0.5650000000000001,,0.0,0.001,,,,,0.003,0.003,,,,
1446,0.127,,0.002,0.065,0.48300000000000004,0.07200000000000001,,0.025,0.333,,,,0.558,,0.0,0.001,,,,,0.003,0.003,,,,
1447,0.127,,0.002,0.0655,0.5365,0.07200000000000001,,0.025,1.663,,,,0.557,,0.0,0.001,,,,,0.003,0.003,,,,
1448,0.1265,,0.002,0.065,0.2505,0.07200000000000001,,0.025,0.736,,,,0.5585,,0.0,0.001,,,,,0.003,0.003,,,,
1449,0.127,,0.002,0.065,0.609,0.07200000000000001,,0.025,0.91,,,,0.5555000000000001,,0.0,0.001,,,,,0.003,0.003,,,,
1450,0.127,,0.002,0.065,0.598,0.07200000000000001,,0.025,1.8219999999999998,,,,0.561,,0.0,0.001,,,,,0.003,0.003,,,,
1451,0.1265,,0.002,0.065,0.16749999999999998,0.07200000000000001,,0.025,0.10450000000000001,,,,0.5555000000000001,,0.0,0.001,,,,,0.003,0.003,,,,
1452,0.1275,,0.002,0.0655,0.627,0.07200000000000001,,0.025,1.1675,,,,0.557,,0.0,0.001,,,,,0.003,0.003,,,,
1453,0.1275,,0.002,0.065,0.9535,0.07200000000000001,,0.025,2.0340000000000003,,,,0.5645,,0.0,0.001,,,,,0.003,0.003,,,,
1454,0.127,,0.002,0.0655,0.09250000000000001,0.07200000000000001,,0.025,0.73,,,,0.5625,,0.0,0.001,,,,,0.003,0.003,,,,
1455,0.127,,0.002,0.066,0.7935,0.07200000000000001,,0.025,1.451,,,,0.5535000000000001,,0.0,0.001,,,,,0.003,0.003,,,,
1456,0.1275,,0.002,0.066,0.7185,0.07200000000000001,,0.025,1.8105000000000002,,,,0.555,,0.0,0.001,,,,,0.003,0.003,,,,
1457,0.1275,,0.002,0.065,0.4005,0.07200000000000001,,0.025,1.2950000000000002,,,,0.497,,0.0,0.001,,,,,0.003,0.003,,,,
1458,0.128,,0.002,0.065,0.6074999999999999,0.07200000000000001,,0.025,0.8744999999999999,,,,0.499,,0.0,0.001,,,,,0.003,0.003,,,,
1459,0.128,,0.002,0.065,0.5085,0.07200000000000001,,0.025,0.19999999999999998,,,,0.497,,0.0,0.001,,,,,0.003,0.003,,,,
1460,0.128,,0.002,0.065,0.0805,0.07200000000000001,,0.025,1.8070000000000002,,,,0.48,,0.0,0.001,,,,,0.003,0.003,,,,
1461,0.128,,0.002,0.065,0.7275,0.07200000000000001,,0.025,1.3505,,,,0.47950000000000004,,0.0,0.001,,,,,0.003,0.0025,,,,
1462,0.127,,0.002,0.065,4.226999999999999,0.07200000000000001,,0.025,0.405,,,,0.47950000000000004,,0.0,0.001,,,,,0.003,0.0025,,,,
1463,0.127,,0.002,0.065,0.079,0.07200000000000001,,0.025,0.7235,,,,0.47850000000000004,,0.0,0.001,,,,,0.003,0.0025,,,,
1464,0.128,,0.002,0.065,0.1855,0.07200000000000001,,0.025,0.4395,,,,0.479,,0.0,0.001,,,,,0.003,0.0025,,,,
1465,0.128,,0.002,0.065,0.2205,0.07200000000000001,,0.025,2.4635000000000002,,,,0.457,,0.0,0.001,,,,,0.003,0.0025,,,,
1466,0.1275,,0.002,0.065,0.42900000000000005,0.07200000000000001,,0.025,0.7494999999999999,,,,0.458,,0.0,0.001,,,,,0.003,0.003,,,,
1467,0.1275,,0.002,0.065,0.856,0.07200000000000001,,0.025,0.7515000000000001,,,,0.457,,0.0,0.001,,,,,0.003,0.003,,,,
1468,0.1275,,0.002,0.0655,0.5930000000000001,0.07200000000000001,,0.025,1.859,,,,0.4585,,0.0,0.001,,,,,0.003,0.003,,,,
1469,0.1275,,0.002,0.0655,0.10400000000000001,0.07200000000000001,,0.025,2.461,,,,0.457,,0.0,0.001,,,,,0.003,0.003,,,,
1470,0.127,,0.002,0.0655,0.08750000000000001,0.07200000000000001,,0.025,0.3845,,,,0.4595,,0.0,0.001,,,,,0.003,0.003,,,,
1471,0.128,,0.002,0.065,0.16999999999999998,0.07200000000000001,,0.025,1.6675000000000002,,,,0.4575,,0.0,0.001,,,,,0.003,0.003,,,,
1472,0.1275,,0.002,0.065,0.29250000000000004,0.07200000000000001,,0.025,0.3435,,,,0.458,,0.0,0.001,,,,,0.003,0.003,,,,
1473,0.127,,0.002,0.065,3.244,0.07200000000000001,,0.025,2.0545,,,,0.4465,,0.0,0.001,,,,,0.003,0.003,,,,
1474,0.1275,,0.002,0.065,0.6175,0.07200000000000001,,0.025,1.101,,,,0.447,,0.0,0.001,,,,,0.003,0.003,,,,
1475,0.128,,0.002,0.065,0.1895,0.07200000000000001,,0.025,0.1575,,,,0.447,,0.0,0.001,,,,,0.003,0.003,,,,
1476,0.127,,0.002,0.0655,0.762,0.07200000000000001,,0.025,1.694,,,,0.448,,0.0,0.001,,,,,0.003,0.003,,,,
1477,0.127,,0.002,0.0655,0.6715,0.07200000000000001,,0.025,2.002,,,,0.449,,0.0,0.001,,,,,0.003,0.003,,,,
1478,0.127,,0.002,0.065,2.086,0.07200000000000001,,0.025,0.9325,,,,0.448,,0.0,0.001,,,,,0.003,0.003,,,,
1479,0.1275,,0.002,0.065,1.1755,0.07200000000000001,,0.025,1.9685000000000001,,,,0.4475,,0.0,0.001,,,,,0.003,0.003,,,,
1480,0.127,,0.002,0.065,1.4765,0.07200000000000001,,0.025,2.3525,,,,0.4475,,0.0,0.001,,,,,0.003,0.003,,,,
1481,0.127,,0.002,0.0655,0.0765,0.07200000000000001,,0.025,0.6134999999999999,,,,0.4475,,0.0,0.001,,,,,0.003,0.003,,,,
1482,0.127,,0.002,0.065,4.5555,0.07200000000000001,,0.025,2.2455000000000003,,,,0.447,,0.0,0.001,,,,,0.003,0.003,,,,
1483,0.127,,0.002,0.065,0.603,0.07200000000000001,,0.025,3.331,,,,0.448,,0.0,0.001,,,,,0.003,0.003,,,,
1484,0.128,,0.002,0.065,0.073,0.07200000000000001,,0.025,1.034,,,,0.448,,0.0,0.001,,,,,0.003,0.003,,,,
1485,0.127,,0.002,0.0655,1.0385,0.07200000000000001,,0.025,1.8195000000000001,,,,0.447,,0.0,0.001,,,,,0.003,0.0025,,,,
1486,0.127,,0.002,0.066,3.7725000000000004,0.07200000000000001,,0.025,7.859,,,,0.447,,0.0,0.001,,,,,0.003,0.003,,,,
1487,0.127,,0.002,0.065,0.128,0.07200000000000001,,0.025,0.338,,,,0.4475,,0.0,0.001,,,,,0.003,0.003,,,,
1488,0.127,,0.002,0.0655,0.726,0.07200000000000001,,0.025,2.0375,,,,0.446,,0.0,0.001,,,,,0.003,0.003,,,,
1489,0.127,,0.002,0.0655,0.6315,0.07200000000000001,,0.025,0.1465,,,,0.447,,0.0,0.001,,,,,0.003,0.003,,,,
1490,0.127,,0.002,0.065,0.112,0.07200000000000001,,0.025,0.8845,,,,0.4485,,0.0,0.001,,,,,0.003,0.003,,,,
1491,0.1275,,0.002,0.0655,1.473,0.07200000000000001,,0.025,2.1145,,,,0.449,,0.0,0.001,,,,,0.003,0.003,,,,
1492,0.1275,,0.002,0.0655,1.3185,0.07200000000000001,,0.025,2.5535,,,,0.448,,0.0,0.001,,,,,0.003,0.003,,,,
1493,0.127,,0.002,0.066,0.48900000000000005,0.07200000000000001,,0.025,0.6659999999999999,,,,0.4475,,0.0,0.001,,,,,0.003,0.003,,,,
1494,0.127,,0.002,0.066,0.11800000000000001,0.07200000000000001,,0.025,2.2965,,,,0.4425,,0.0,0.001,,,,,0.003,0.0025,,,,
1495,0.127,,0.002,0.066,0.6695,0.07200000000000001,,0.025,1.6765,,,,0.4415,,0.0,0.001,,,,,0.003,0.003,,,,
1496,0.127,,0.002,0.065,0.1165,0.07200000000000001,,0.025,1.0645,,,,0.442,,0.0,0.001,,,,,0.003,0.003,,,,
1497,0.127,,0.002,0.066,0.807,0.07200000000000001,,0.025,1.8975000000000002,,,,0.4415,,0.0,0.001,,,,,0.003,0.003,,,,
1498,0.1275,,0.002,0.066,0.7795000000000001,0.07200000000000001,,0.025,3.442,,,,0.4435,,0.0,0.001,,,,,0.003,0.003,,,,
1499,0.127,,0.002,0.065,0.912,0.07200000000000001,,0.025,1.747,,,,0.443,,0.0,0.001,,,,,0.003,0.003,,,,
1500,0.127,,0.002,0.066,1.0230000000000001,0.07200000000000001,,0.025,1.5795000000000001,,,,0.4425,,0.0,0.001,,,,,0.003,0.003,,,,
1501,0.127,,0.002,0.066,1.1195,0.07200000000000001,,0.0245,1.8265,,,,0.4425,,0.0,0.001,,,,,0.003,0.003,,,,
1502,0.127,,0.002,0.066,0.1605,0.07200000000000001,,0.025,0.6799999999999999,,,,0.4425,,0.0,0.001,,,,,0.003,0.003,,,,
1503,0.128,,0.002,0.0655,0.461,0.07200000000000001,,0.025,3.123,,,,0.4425,,0.0,0.001,,,,,0.003,0.003,,,,
1504,0.127,,0.002,0.066,1.065,0.07200000000000001,,0.025,1.1665,,,,0.445,,0.0,0.001,,,,,0.003,0.003,,,,
1505,0.1275,,0.002,0.0655,0.2145,0.07200000000000001,,0.025,1.0485,,,,0.4425,,0.0,0.001,,,,,0.003,0.0025,,,,
1506,0.1275,,0.002,0.065,3.4635,0.07200000000000001,,0.025,0.9675,,,,0.3765,,0.0,0.001,,,,,0.003,0.003,,,,
1507,0.128,,0.002,0.0655,0.28450000000000003,0.07200000000000001,,0.025,0.191,,,,0.375,,0.0,0.001,,,,,0.003,0.003,,,,
1508,0.1275,,0.002,0.065,0.549,0.07200000000000001,,0.025,0.32,,,,0.376,,0.0,0.001,,,,,0.003,0.003,,,,
1509,0.128,,0.002,0.065,4.658,0.07200000000000001,,0.025,1.2765,,,,0.3745,,0.0,0.001,,,,,0.003,0.003,,,,
1510,0.128,,0.002,0.065,0.39,0.07200000000000001,,0.025,1.262,,,,0.376,,0.0,0.001,,,,,0.003,0.003,,,,
1511,0.128,,0.002,0.065,0.07200000000000001,0.07200000000000001,,0.025,0.5125,,,,0.3755,,0.0,0.001,,,,,0.003,0.003,,,,
1512,0.128,,0.002,0.0655,1.1139999999999999,0.07200000000000001,,0.025,2.5415,,,,0.3755,,0.0,0.001,,,,,0.003,0.003,,,,
1513,0.128,,0.002,0.0655,1.066,0.07200000000000001,,0.025,2.8205,,,,0.3775,,0.0,0.001,,,,,0.003,0.003,,,,
1514,0.128,,0.002,0.065,0.5810000000000001,0.07200000000000001,,0.025,0.10600000000000001,,,,0.3755,,0.0,0.001,,,,,0.003,0.003,,,,
1515,0.128,,0.002,0.065,3.8630000000000004,0.07200000000000001,,0.025,1.216,,,,0.377,,0.0,0.001,,,,,0.003,0.003,,,,
1516,0.128,,0.002,0.065,0.0765,0.07200000000000001,,0.025,0.8855,,,,0.376,,0.0,0.001,,,,,0.003,0.003,,,,
1517,0.128,,0.002,0.065,0.064,0.07200000000000001,,0.025,0.833,,,,0.377,,0.0,0.001,,,,,0.003,0.003,,,,
1518,0.128,,0.002,0.065,0.9595,0.07200000000000001,,0.025,1.1740000000000002,,,,0.3765,,0.0,0.001,,,,,0.003,0.003,,,,
1519,0.128,,0.002,0.065,0.7575,0.07200000000000001,,0.025,1.235,,,,0.3775,,0.0,0.001,,,,,0.003,0.003,,,,
1520,0.1285,,0.002,0.065,0.29050000000000004,0.07200000000000001,,0.025,4.6745,,,,0.376,,0.0,0.001,,,,,0.003,0.003,,,,
1521,0.128,,0.002,0.0655,4.3225,0.07200000000000001,,0.025,0.08,,,,0.3765,,0.0,0.001,,,,,0.003,0.003,,,,
1522,0.1275,,0.002,0.065,0.2435,0.07200000000000001,,0.025,1.4060000000000001,,,,0.3765,,0.0,0.001,,,,,0.003,0.003,,,,
1523,0.128,,0.002,0.0655,0.07250000000000001,0.07200000000000001,,0.025,0.7,,,,0.377,,0.0,0.001,,,,,0.003,0.003,,,,
1524,0.129,,0.002,0.065,3.8815,0.07200000000000001,,0.025,1.614,,,,0.3775,,0.0,0.001,,,,,0.003,0.003,,,,
1525,0.1285,,0.002,0.0655,0.261,0.07200000000000001,,0.025,1.8195000000000001,,,,0.377,,0.0,0.001,,,,,0.003,0.003,,,,
1526,0.128,,0.002,0.065,0.5395,0.07200000000000001,,0.025,0.7715,,,,0.3765,,0.0,0.001,,,,,0.003,0.003,,,,
1527,0.128,,0.002,0.065,0.2145,0.07200000000000001,,0.025,0.1875,,,,0.376,,0.0,0.001,,,,,0.003,0.003,,,,
1528,0.128,,0.002,0.065,0.28650000000000003,0.07200000000000001,,0.025,0.1345,,,,0.3765,,0.0,0.001,,,,,0.003,0.003,,,,
1529,0.128,,0.002,0.066,0.08850000000000001,0.07200000000000001,,0.025,1.202,,,,0.377,,0.0,0.001,,,,,0.003,0.003,,,,
1530,0.128,,0.002,0.065,0.07200000000000001,0.07200000000000001,,0.025,0.061,,,,0.3765,,0.0,0.001,,,,,0.003,0.003,,,,
1531,0.128,,0.002,0.065,0.14049999999999999,0.07200000000000001,,0.025,1.0635000000000001,,,,0.3775,,0.0,0.001,,,,,0.003,0.003,,,,
1532,0.128,,0.002,0.065,0.226,0.07200000000000001,,0.025,0.5985,,,,0.3785,,0.0,0.001,,,,,0.003,0.003,,,,
1533,0.128,,0.002,0.0655,0.0825,0.07200000000000001,,0.025,1.1895,,,,0.378,,0.0,0.001,,,,,0.003,0.003,,,,
1534,0.127,,0.002,0.064,0.266,0.07150000000000001,,0.025,0.5924999999999999,,,,0.364,,0.0,0.001,,,,,0.003,0.003,,,,
1535,0.1265,,0.002,0.064,0.0915,0.07100000000000001,,0.025,1.006,,,,0.365,,0.0,0.001,,,,,0.003,0.003,,,,
1536,0.127,,0.002,0.065,0.202,0.07100000000000001,,0.025,1.0755,,,,0.364,,0.0,0.001,,,,,0.003,0.003,,,,
1537,0.127,,0.002,0.064,0.73,0.07100000000000001,,0.025,0.713,,,,0.365,,0.0,0.001,,,,,0.003,0.003,,,,
1538,0.127,,0.002,0.064,0.3755,0.07150000000000001,,0.025,0.21150000000000002,,,,0.3655,,0.0,0.001,,,,,0.003,0.003,,,,
1539,0.127,,0.002,0.064,3.4155,0.07100000000000001,,0.025,0.15100000000000002,,,,0.3655,,0.0,0.001,,,,,0.003,0.003,,,,
1540,0.127,,0.002,0.064,0.054,0.07200000000000001,,0.025,0.0495,,,,0.365,,0.0,0.001,,,,,0.003,0.003,,,,
1541,0.127,,0.002,0.064,0.087,0.07150000000000001,,0.025,0.5700000000000001,,,,0.3665,,0.0,0.001,,,,,0.003,0.003,,,,
1542,0.1265,,0.002,0.064,0.058,0.07150000000000001,,0.025,0.2305,,,,0.366,,0.0,0.001,,,,,0.003,0.003,,,,
1543,0.127,,0.002,0.064,0.1875,0.07100000000000001,,0.0245,0.9219999999999999,,,,0.3665,,0.0,0.001,,,,,0.003,0.003,,,,
1544,0.1275,,0.002,0.064,0.17700000000000002,0.07100000000000001,,0.025,0.1925,,,,0.327,,0.0,0.001,,,,,0.003,0.003,,,,
1545,0.127,,0.002,0.064,0.8290000000000001,0.07150000000000001,,0.025,0.336,,,,0.3265,,0.0,0.001,,,,,0.003,0.003,,,,
1546,0.127,,0.002,0.064,0.045,0.07150000000000001,,0.025,1.4809999999999999,,,,0.3265,,0.0,0.001,,,,,0.003,0.003,,,,
1547,0.127,,0.002,0.064,0.2285,0.07150000000000001,,0.024,0.0995,,,,0.326,,0.0,0.001,,,,,0.003,0.003,,,,
1548,0.1275,,0.0025,0.064,0.626,0.07150000000000001,,0.025,0.623,,,,0.327,,0.0,0.001,,,,,0.003,0.003,,,,
1549,0.127,,0.002,0.064,0.168,0.07100000000000001,,0.025,1.534,,,,0.3265,,0.0,0.001,,,,,0.003,0.003,,,,
1550,0.128,,0.002,0.064,0.0685,0.07150000000000001,,0.025,0.381,,,,0.328,,0.0,0.001,,,,,0.003,0.003,,,,
1551,0.127,,0.002,0.064,0.9585,0.07100000000000001,,0.025,2.23,,,,0.3265,,0.0,0.001,,,,,0.003,0.003,,,,
1552,0.127,,0.002,0.0645,0.128,0.07150000000000001,,0.025,1.021,,,,0.3275,,0.0,0.001,,,,,0.003,0.003,,,,
1553,0.1275,,0.002,0.0645,0.1845,0.07150000000000001,,0.025,0.5730000000000001,,,,0.2625,,0.0,0.001,,,,,0.003,0.003,,,,
1554,0.1275,,0.002,0.064,3.1625,0.07150000000000001,,0.025,0.28850000000000003,,,,0.2635,,0.0,0.001,,,,,0.003,0.003,,,,
1555,0.1275,,0.002,0.065,4.309,0.07100000000000001,,0.025,0.24500000000000002,,,,0.261,,0.0,0.001,,,,,0.003,0.003,,,,
1556,0.1275,,0.002,0.064,0.07500000000000001,0.07100000000000001,,0.025,0.41250000000000003,,,,0.2625,,0.0,0.001,,,,,0.003,0.003,,,,
1557,0.127,,0.002,0.0645,2.443,0.07100000000000001,,0.025,1.342,,,,0.261,,0.0,0.001,,,,,0.003,0.003,,,,
1558,0.1275,,0.002,0.064,0.647,0.07100000000000001,,0.025,2.0895,,,,0.223,,0.0,0.001,,,,,0.003,0.003,,,,
1559,0.1275,,0.002,0.0645,0.058,0.07150000000000001,,0.025,0.642,,,,0.2235,,0.0,0.001,,,,,0.003,0.003,,,,
1560,0.127,,0.002,0.065,9.17,0.07100000000000001,,0.025,0.738,,,,0.223,,0.0,0.001,,,,,0.003,0.003,,,,
1561,0.127,,0.002,0.0645,0.17850000000000002,0.07100000000000001,,0.025,0.2715,,,,0.2235,,0.0,0.001,,,,,0.003,0.003,,,,
1562,0.127,,0.002,0.064,0.044000000000000004,0.07100000000000001,,0.025,1.348,,,,0.224,,0.0,0.001,,,,,0.003,0.003,,,,
1563,0.128,,0.002,0.064,0.85,0.07150000000000001,,0.025,1.6495,,,,0.223,,0.0,0.001,,,,,0.003,0.003,,,,
1564,0.1275,,0.002,0.064,0.9684999999999999,0.07150000000000001,,0.025,0.47150000000000003,,,,0.224,,0.0,0.001,,,,,0.003,0.003,,,,
1565,0.1285,,0.002,0.0645,0.11699999999999999,0.07150000000000001,,0.025,0.43,,,,0.2235,,0.0,0.001,,,,,0.003,0.003,,,,
1566,0.1265,,0.002,0.0645,2.7975000000000003,0.07100000000000001,,0.025,1.941,,,,0.191,,0.0,0.001,,,,,0.003,0.003,,,,
1567,0.1265,,0.002,0.064,0.598,0.07150000000000001,,0.025,0.5435,,,,0.1925,,0.0,0.001,,,,,0.003,0.003,,,,
1568,0.1265,,0.002,0.0645,2.0365,0.07100000000000001,,0.025,4.4575,,,,0.1925,,0.0,0.001,,,,,0.003,0.003,,,,
1569,0.1265,,0.002,0.064,3.8655,0.07200000000000001,,0.025,1.621,,,,0.192,,0.0,0.001,,,,,0.003,0.003,,,,
1570,0.126,,0.002,0.065,0.503,0.07150000000000001,,0.025,0.9335,,,,0.191,,0.0,0.001,,,,,0.003,0.003,,,,
1571,0.1275,,0.002,0.064,0.14850000000000002,0.07150000000000001,,0.025,1.3864999999999998,,,,0.1455,,0.0,0.001,,,,,0.003,0.003,,,,
1572,0.128,,0.002,0.064,0.854,0.07200000000000001,,0.025,1.146,,,,0.1465,,0.0,0.001,,,,,0.003,0.003,,,,
1573,0.128,,0.002,0.064,0.73,0.07100000000000001,,0.025,0.099,,,,0.146,,0.0,0.001,,,,,0.003,0.003,,,,
1574,0.1275,,0.002,0.064,4.051,0.07150000000000001,,0.025,2.6670000000000003,,,,0.146,,0.0,0.001,,,,,0.003,0.003,,,,
1575,0.127,,0.002,0.064,3.8365000000000005,0.07150000000000001,,0.025,1.2245,,,,0.1465,,0.0,0.001,,,,,0.003,0.003,,,,
1576,0.127,,0.002,0.064,5.742999999999999,0.07150000000000001,,0.025,1.9885,,,,0.1455,,0.0,0.001,,,,,0.003,0.003,,,,
1577,0.127,,0.002,0.064,0.748,0.07150000000000001,,0.025,1.5659999999999998,,,,0.095,,0.0,0.001,,,,,0.003,0.003,,,,
1578,0.127,,0.002,0.0645,0.29400000000000004,0.07200000000000001,,0.025,1.136,,,,0.095,,0.0,0.001,,,,,0.003,0.003,,,,
1579,0.127,,0.002,0.064,0.604,0.07150000000000001,,0.025,2.655,,,,0.096,,0.0,0.001,,,,,0.003,0.003,,,,
1580,0.127,,0.002,0.064,0.203,0.07150000000000001,,0.025,0.6044999999999999,,,,0.0955,,0.0,0.001,,,,,0.003,0.003,,,,
1581,0.127,,0.002,0.064,0.818,0.07100000000000001,,0.025,1.7285,,,,0.0955,,0.0,0.001,,,,,0.003,0.003,,,,
1582,0.127,,0.002,0.0645,1.093,0.07100000000000001,,0.025,1.815,,,,0.0955,,0.0,0.001,,,,,0.003,0.003,,,,
1583,0.127,,0.002,0.064,0.0645,0.07100000000000001,,0.025,0.2545,,,,0.098,,0.0,0.001,,,,,0.003,0.003,,,,
1584,0.127,,0.002,0.064,2.528,0.07200000000000001,,0.025,1.527,,,,0.097,,0.0,0.001,,,,,0.003,0.003,,,,
1585,0.1265,,0.002,0.064,0.429,0.07150000000000001,,0.025,0.2655,,,,0.0975,,0.0,0.001,,,,,0.003,0.003,,,,
1586,0.127,,0.002,0.0645,0.10800000000000001,0.07150000000000001,,0.025,0.639,,,,0.0975,,0.0,0.001,,,,,0.003,0.003,,,,
1587,0.1285,,0.002,0.064,3.0795,0.07150000000000001,,0.025,1.67,,,,0.097,,0.0,0.001,,,,,0.003,0.003,,,,
1588,0.127,,0.002,0.064,0.8135,0.07150000000000001,,0.025,0.48550000000000004,,,,0.0975,,0.0,0.001,,,,,0.003,0.003,,,,
1589,0.127,,0.002,0.064,0.18100000000000002,0.07150000000000001,,0.025,1.1215,,,,0.0975,,0.0,0.001,,,,,0.003,0.003,,,,
1590,0.127,,0.002,0.0645,3.386,0.07100000000000001,,0.025,0.7060000000000001,,,,0.097,,0.0,0.001,,,,,0.003,0.003,,,,
1591,0.127,,0.002,0.064,0.3755,0.07150000000000001,,0.025,1.014,,,,0.0975,,0.0,0.001,,,,,0.003,0.003,,,,
1592,0.127,,0.002,0.064,0.194,0.07150000000000001,,0.025,0.125,,,,0.098,,0.0,0.001,,,,,0.003,0.003,,,,
1593,0.127,,0.002,0.064,0.35300000000000004,0.07100000000000001,,0.025,0.7555,,,,0.097,,0.0,0.001,,,,,0.003,0.003,,,,
1594,0.127,,0.002,0.0645,0.425,0.07150000000000001,,0.025,0.5515,,,,0.098,,0.0,0.001,,,,,0.003,0.003,,,,
1595,0.127,,0.002,0.064,0.432,0.07150000000000001,,0.025,0.5359999999999999,,,,0.098,,0.0,0.001,,,,,0.003,0.003,,,,
1596,0.127,,0.002,0.064,0.226,0.07150000000000001,,0.025,0.7685000000000001,,,,0.097,,0.0,0.001,,,,,0.003,0.003,,,,
1597,0.127,,0.002,0.064,0.4325,0.07100000000000001,,0.025,0.869,,,,0.0985,,0.0,0.001,,,,,0.003,0.003,,,,
1598,0.127,,0.002,0.0645,0.279,0.07100000000000001,,0.025,0.5209999999999999,,,,0.0975,,0.0,0.001,,,,,0.003,0.003,,,,
1599,0.1275,,0.002,0.064,0.6595,0.07100000000000001,,0.025,0.9225,,,,0.0975,,0.0,0.001,,,,,0.003,0.003,,,,
1600,0.127,,0.002,0.064,0.3885,0.07100000000000001,,0.025,0.068,,,,0.0975,,0.0,0.001,,,,,0.003,0.003,,,,
1601,0.127,,0.002,0.064,0.20950000000000002,0.07100000000000001,,0.025,0.761,,,,0.0985,,0.0,0.001,,,,,0.003,0.003,,,,
1602,0.127,,0.002,0.0645,3.761,0.07100000000000001,,0.025,0.732,,,,0.0975,,0.0,0.001,,,,,0.003,0.003,,,,
1603,0.127,,0.002,0.064,0.6605,0.07150000000000001,,0.025,0.3815,,,,0.098,,0.0,0.001,,,,,0.003,0.003,,,,
1604,0.127,,0.002,0.064,0.17,0.07150000000000001,,0.025,1.117,,,,0.098,,0.0,0.001,,,,,0.003,0.003,,,,
1605,0.127,,0.002,0.064,0.333,0.07150000000000001,,0.025,1.149,,,,0.0985,,0.0,0.001,,,,,0.003,0.003,,,,
1606,0.127,,0.002,0.0645,0.381,0.07200000000000001,,0.025,1.0030000000000001,,,,0.0985,,0.0,0.001,,,,,0.003,0.003,,,,
1607,0.127,,0.002,0.0645,0.17450000000000002,0.07150000000000001,,0.025,0.8245,,,,0.098,,0.0,0.001,,,,,0.003,0.003,,,,
1608,0.127,,0.002,0.064,1.0334999999999999,0.07100000000000001,,0.025,1.351,,,,0.098,,0.0,0.001,,,,,0.003,0.003,,,,
1609,0.127,,0.002,0.064,1.06,0.07150000000000001,,0.025,0.15100000000000002,,,,0.098,,0.0,0.001,,,,,0.003,0.003,,,,
1610,0.1265,,0.002,0.0645,0.14150000000000001,0.07150000000000001,,0.025,0.4495,,,,0.0975,,0.0,0.001,,,,,0.003,0.003,,,,
1611,0.127,,0.002,0.064,3.483,0.07100000000000001,,0.025,1.008,,,,0.098,,0.0,0.001,,,,,0.003,0.003,,,,
1612,0.127,,0.002,0.065,0.14550000000000002,0.07150000000000001,,0.025,1.2845,,,,0.0975,,0.0,0.001,,,,,0.003,0.003,,,,
1613,0.127,,0.002,0.064,0.35000000000000003,0.07150000000000001,,0.025,0.9680000000000001,,,,0.0975,,0.0,0.001,,,,,0.003,0.003,,,,
1614,0.127,,0.002,0.064,0.867,0.07200000000000001,,0.025,0.3895,,,,0.0975,,0.0,0.001,,,,,0.003,0.003,,,,
1615,0.127,,0.002,0.064,1.748,0.07150000000000001,,0.025,1.055,,,,0.098,,0.0,0.001,,,,,0.003,0.003,,,,
1616,0.127,,0.002,0.064,0.3035,0.07100000000000001,,0.025,0.8015,,,,0.0985,,0.0,0.001,,,,,0.003,0.003,,,,
1617,0.127,,0.002,0.0645,3.6665,0.07100000000000001,,0.025,0.9349999999999999,,,,0.098,,0.0,0.001,,,,,0.003,0.003,,,,
1618,0.127,,0.002,0.064,0.24050000000000002,0.07100000000000001,,0.025,0.664,,,,0.098,,0.0,0.001,,,,,0.003,0.003,,,,
1619,0.127,,0.002,0.064,0.14350000000000002,0.07150000000000001,,0.025,0.303,,,,0.098,,0.0,0.001,,,,,0.003,0.003,,,,
1620,0.128,,0.002,0.064,0.433,0.07150000000000001,,0.025,1.862,,,,0.0985,,0.0,0.001,,,,,0.003,0.003,,,,
1621,0.127,,0.002,0.064,0.4945,0.07150000000000001,,0.025,2.1155,,,,0.0985,,0.0,0.001,,,,,0.003,0.003,,,,
1622,0.1265,,0.002,0.064,0.20950000000000002,0.07150000000000001,,0.025,1.1744999999999999,,,,0.099,,0.0,0.001,,,,,0.003,0.003,,,,
1623,0.127,,0.002,0.064,0.045,0.07100000000000001,,0.025,1.2269999999999999,,,,0.099,,0.0,0.001,,,,,0.003,0.003,,,,
1624,0.128,,0.002,0.064,0.0895,0.07150000000000001,,0.025,3.2535,,,,0.0985,,0.0,0.001,,,,,0.003,0.003,,,,
1625,0.127,,0.002,0.0645,0.08199999999999999,0.07150000000000001,,0.025,0.0475,,,,0.0985,,0.0,0.001,,,,,0.003,0.003,,,,
1626,0.127,,0.002,0.0645,1.0675,0.07100000000000001,,0.025,1.0035,,,,0.0995,,0.0,0.001,,,,,0.003,0.003,,,,
1627,0.127,,0.002,0.064,2.6470000000000002,0.07200000000000001,,0.025,7.849,,,,0.099,,0.0,0.001,,,,,0.003,0.003,,,,
1628,0.127,,0.002,0.064,0.226,0.07100000000000001,,0.025,0.255,,,,0.099,,0.0,0.001,,,,,0.003,0.003,,,,
1629,0.127,,0.002,0.064,4.0095,0.07100000000000001,,0.025,1.0875,,,,0.0985,,0.0,0.001,,,,,0.003,0.003,,,,
1630,0.127,,0.002,0.064,0.20800000000000002,0.07150000000000001,,0.025,0.337,,,,0.0985,,0.0,0.001,,,,,0.003,0.003,,,,
1631,0.1265,,0.002,0.0645,0.1015,0.07100000000000001,,0.025,0.023,,,,0.0985,,0.0,0.001,,,,,0.003,0.003,,,,
1632,0.1275,,0.002,0.064,0.47350000000000003,0.07150000000000001,,0.025,1.395,,,,0.099,,0.0,0.001,,,,,0.003,0.003,,,,
1633,0.127,,0.002,0.064,0.41050000000000003,0.07100000000000001,,0.025,2.508,,,,0.0985,,0.0,0.001,,,,,0.003,0.003,,,,
1634,0.1265,,0.002,0.064,0.34850000000000003,0.07150000000000001,,0.025,0.2585,,,,0.099,,0.0,0.001,,,,,0.003,0.003,,,,
1635,0.127,,0.002,0.064,3.2755,0.07100000000000001,,0.025,1.6835,,,,0.099,,0.0,0.001,,,,,0.003,0.003,,,,
1636,0.1275,,0.002,0.064,0.17350000000000002,0.07100000000000001,,0.025,3.2145,,,,0.0985,,0.0,0.001,,,,,0.003,0.003,,,,
1637,0.127,,0.002,0.064,0.165,0.07100000000000001,,0.025,0.28450000000000003,,,,0.098,,0.0,0.001,,,,,0.003,0.003,,,,
1638,0.127,,0.002,0.064,2.5125,0.07150000000000001,,0.025,1.09,,,,0.093,,0.0,0.001,,,,,0.003,0.003,,,,
1639,0.127,,0.002,0.0645,0.34500000000000003,0.07150000000000001,,0.025,2.028,,,,0.093,,0.0,0.001,,,,,0.003,0.003,,,,
1640,0.127,,0.002,0.064,0.3795,0.07150000000000001,,0.025,0.0965,,,,0.093,,0.0,0.001,,,,,0.003,0.003,,,,
1641,0.127,,0.002,0.0645,0.171,0.07200000000000001,,0.025,0.727,,,,0.0925,,0.0,0.001,,,,,0.003,0.003,,,,
1642,0.127,,0.002,0.064,2.1885000000000003,0.07100000000000001,,0.025,2.885,,,,0.0925,,0.0,0.001,,,,,0.003,0.003,,,,
1643,0.127,,0.002,0.0645,0.1365,0.07150000000000001,,0.025,0.648,,,,0.093,,0.0,0.001,,,,,0.003,0.003,,,,
1644,0.128,,0.002,0.064,0.333,0.07150000000000001,,0.025,0.5415,,,,0.0925,,0.0,0.001,,,,,0.003,0.003,,,,
1645,0.127,,0.002,0.064,0.1265,0.07100000000000001,,0.025,0.156,,,,0.093,,0.0,0.001,,,,,0.003,0.003,,,,
1646,0.1265,,0.002,0.064,0.824,0.07100000000000001,,0.025,0.11399999999999999,,,,0.093,,0.0,0.001,,,,,0.003,0.003,,,,
1647,0.127,,0.002,0.0645,0.1685,0.07100000000000001,,0.025,1.6104999999999998,,,,0.093,,0.0,0.001,,,,,0.003,0.003,,,,
1648,0.1275,,0.002,0.064,0.492,0.07150000000000001,,0.025,2.634,,,,0.0935,,0.0,0.001,,,,,0.003,0.003,,,,
1649,0.127,,0.002,0.064,0.326,0.07100000000000001,,0.025,1.7525,,,,0.0925,,0.0,0.001,,,,,0.003,0.003,,,,
1650,0.127,,0.002,0.064,0.28800000000000003,0.07150000000000001,,0.025,1.4215,,,,0.0935,,0.0,0.001,,,,,0.003,0.003,,,,
1651,0.127,,0.002,0.064,0.163,0.07100000000000001,,0.025,2.5285,,,,0.0925,,0.0,0.001,,,,,0.003,0.003,,,,
1652,0.128,,0.002,0.064,0.029500000000000002,0.07100000000000001,,0.025,0.3905,,,,0.0925,,0.0,0.001,,,,,0.003,0.003,,,,
1653,0.1265,,0.002,0.064,0.1275,0.07100000000000001,,0.025,0.6405000000000001,,,,0.093,,0.0,0.001,,,,,0.003,0.003,,,,
1654,0.1265,,0.002,0.064,0.327,0.07100000000000001,,0.025,2.9515000000000002,,,,0.094,,0.0,0.001,,,,,0.003,0.003,,,,
1655,0.127,,0.002,0.064,1.535,0.07100000000000001,,0.025,0.24400000000000002,,,,0.0935,,0.0,0.001,,,,,0.003,0.003,,,,
1656,0.126,,0.002,0.065,0.07150000000000001,0.07150000000000001,,0.025,0.224,,,,0.093,,0.0,0.001,,,,,0.003,0.003,,,,
1657,0.127,,0.002,0.064,0.3955,0.07150000000000001,,0.025,2.646,,,,0.0935,,0.0,0.001,,,,,0.003,0.003,,,,
1658,0.1275,,0.002,0.064,0.14750000000000002,0.07200000000000001,,0.025,1.4749999999999999,,,,0.094,,0.0,0.001,,,,,0.003,0.003,,,,
1659,0.127,,0.002,0.064,0.097,0.07150000000000001,,0.025,1.031,,,,0.094,,0.0,0.001,,,,,0.003,0.003,,,,
1660,0.1275,,0.002,0.0645,0.5,0.07100000000000001,,0.025,1.0065,,,,0.0935,,0.0,0.001,,,,,0.003,0.003,,,,
1661,0.127,,0.002,0.064,0.40750000000000003,0.07150000000000001,,0.025,0.9365,,,,0.093,,0.0,0.001,,,,,0.003,0.003,,,,
1662,0.127,,0.002,0.064,4.232,0.07200000000000001,,0.025,1.549,,,,0.093,,0.0,0.001,,,,,0.003,0.003,,,,
1663,0.127,,0.002,0.064,0.276,0.07100000000000001,,0.025,2.731,,,,0.0935,,0.0,0.001,,,,,0.003,0.003,,,,
1664,0.127,,0.002,0.064,0.29650000000000004,0.07100000000000001,,0.025,0.1325,,,,0.0935,,0.0,0.001,,,,,0.003,0.003,,,,
1665,0.127,,0.002,0.064,2.56,0.07150000000000001,,0.025,1.5739999999999998,,,,0.093,,0.0,0.001,,,,,0.003,0.003,,,,
1666,0.127,,0.002,0.0645,0.8445,0.07150000000000001,,0.025,3.6010000000000004,,,,0.0935,,0.0,0.001,,,,,0.003,0.003,,,,
1667,0.127,,0.002,0.064,0.41450000000000004,0.07200000000000001,,0.025,0.15250000000000002,,,,0.0935,,0.0,0.001,,,,,0.003,0.003,,,,
1668,0.1265,,0.002,0.0645,4.5840000000000005,0.07200000000000001,,0.025,0.645,,,,0.0875,,0.0,0.001,,,,,0.003,0.003,,,,
1669,0.127,,0.002,0.064,0.8355,0.07100000000000001,,0.025,3.254,,,,0.0875,,0.0,0.001,,,,,0.003,0.003,,,,
1670,0.1265,,0.002,0.0645,0.8715,0.07100000000000001,,0.025,0.23700000000000002,,,,0.0875,,0.0,0.001,,,,,0.003,0.003,,,,
1671,0.126,,0.002,0.0645,3.6195,0.07150000000000001,,0.025,0.10500000000000001,,,,0.0885,,0.0,0.001,,,,,0.003,0.003,,,,
1672,0.127,,0.002,0.0645,2.202,0.07150000000000001,,0.025,2.1820000000000004,,,,0.0875,,0.0,0.001,,,,,0.003,0.003,,,,
1673,0.1265,,0.002,0.064,0.13,0.07150000000000001,,0.025,0.0315,,,,0.0875,,0.0,0.001,,,,,0.003,0.003,,,,
1674,0.1265,,0.002,0.0645,0.8455,0.07100000000000001,,0.025,0.093,,,,0.08700000000000001,,0.0,0.001,,,,,0.003,0.003,,,,
1675,0.1265,,0.002,0.0645,0.1715,0.07150000000000001,,0.025,0.0225,,,,0.0885,,0.0,0.001,,,,,0.003,0.003,,,,
1676,0.127,,0.002,0.064,1.4075,0.07150000000000001,,0.025,0.9965,,,,0.0875,,0.0,0.001,,,,,0.003,0.003,,,,
1677,0.126,,0.002,0.064,0.0425,0.07100000000000001,,0.025,1.413,,,,0.0875,,0.0,0.001,,,,,0.003,0.003,,,,
1678,0.126,,0.002,0.0645,0.459,0.07150000000000001,,0.025,3.1295,,,,0.088,,0.0,0.001,,,,,0.003,0.003,,,,
1679,0.1275,,0.002,0.064,0.1935,0.07150000000000001,,0.025,1.5795,,,,0.088,,0.0,0.001,,,,,0.003,0.003,,,,
1680,0.1265,,0.002,0.064,1.3065,0.07150000000000001,,0.025,1.0494999999999999,,,,0.0875,,0.0,0.001,,,,,0.003,0.003,,,,
1681,0.126,,0.002,0.064,0.7295,0.07150000000000001,,0.025,3.0995,,,,0.088,,0.0,0.001,,,,,0.003,0.003,,,,
1682,0.127,,0.002,0.064,0.227,0.07200000000000001,,0.025,0.5914999999999999,,,,0.08700000000000001,,0.0,0.001,,,,,0.003,0.003,,,,
1683,0.127,,0.002,0.064,1.6179999999999999,0.07150000000000001,,0.025,2.018,,,,0.0875,,0.0,0.001,,,,,0.003,0.003,,,,
1684,0.1265,,0.002,0.064,0.2715,0.07150000000000001,,0.025,3.3155,,,,0.0875,,0.0,0.001,,,,,0.003,0.003,,,,
1685,0.1265,,0.002,0.064,2.2655,0.07100000000000001,,0.025,0.0935,,,,0.088,,0.0,0.001,,,,,0.003,0.003,,,,
1686,0.127,,0.002,0.0645,0.378,0.07150000000000001,,0.025,1.0514999999999999,,,,0.0875,,0.0,0.001,,,,,0.003,0.003,,,,
1687,0.127,,0.002,0.064,0.067,0.07100000000000001,,0.025,0.24650000000000002,,,,0.088,,0.0,0.001,,,,,0.003,0.003,,,,
1688,0.126,,0.002,0.0645,0.4895,0.07100000000000001,,0.025,0.9994999999999999,,,,0.0875,,0.0,0.001,,,,,0.003,0.003,,,,
1689,0.127,,0.002,0.0645,0.7575000000000001,0.07100000000000001,,0.025,1.519,,,,0.0875,,0.0,0.001,,,,,0.003,0.003,,,,
1690,0.127,,0.002,0.064,0.435,0.07150000000000001,,0.025,2.676,,,,0.08700000000000001,,0.0,0.001,,,,,0.003,0.003,,,,
1691,0.126,,0.002,0.0645,0.4295,0.07150000000000001,,0.025,0.6669999999999999,,,,0.088,,0.0,0.001,,,,,0.003,0.003,,,,
1692,0.127,,0.002,0.064,3.1435000000000004,0.07100000000000001,,0.025,1.3185,,,,0.08700000000000001,,0.0,0.001,,,,,0.003,0.003,,,,
1693,0.127,,0.002,0.064,0.366,0.07100000000000001,,0.025,3.3705,,,,0.08700000000000001,,0.0,0.001,,,,,0.003,0.003,,,,
1694,0.1265,,0.002,0.0645,0.507,0.07150000000000001,,0.025,2.0425000000000004,,,,0.0875,,0.0,0.001,,,,,0.003,0.003,,,,
1695,0.1265,,0.002,0.064,2.1525000000000003,0.07150000000000001,,0.025,1.017,,,,0.088,,0.0,0.001,,,,,0.003,0.003,,,,
1696,0.1265,,0.002,0.065,0.3265,0.07100000000000001,,0.025,3.1385,,,,0.0875,,0.0,0.001,,,,,0.003,0.003,,,,
1697,0.1265,,0.002,0.0645,2.62,0.07100000000000001,,0.025,0.3645,,,,0.0875,,0.0,0.001,,,,,0.003,0.003,,,,
1698,0.1265,,0.002,0.0645,0.7915,0.07100000000000001,,0.025,0.234,,,,0.0875,,0.0,0.001,,,,,0.003,0.003,,,,
1699,0.127,,0.002,0.064,0.1695,0.07150000000000001,,0.025,2.1695,,,,0.0875,,0.0,0.001,,,,,0.003,0.003,,,,
1700,0.126,,0.002,0.0645,0.1,0.07200000000000001,,0.025,1.6835,,,,0.088,,0.0,0.001,,,,,0.003,0.003,,,,
1701,0.1265,,0.002,0.064,0.2225,0.07100000000000001,,0.025,4.898000000000001,,,,0.0875,,0.0,0.001,,,,,0.003,0.003,,,,
1702,0.127,,0.002,0.0645,0.28,0.07150000000000001,,0.025,2.3035,,,,0.088,,0.0,0.001,,,,,0.003,0.003,,,,
1703,0.127,,0.002,0.064,0.08399999999999999,0.07100000000000001,,0.025,1.2469999999999999,,,,0.0875,,0.0,0.001,,,,,0.003,0.003,,,,
1704,0.126,,0.002,0.0645,0.5355,0.07150000000000001,,0.025,1.3135,,,,0.088,,0.0,0.001,,,,,0.003,0.003,,,,
1705,0.126,,0.002,0.0645,2.491,0.07100000000000001,,0.025,3.1310000000000002,,,,0.088,,0.0,0.001,,,,,0.003,0.003,,,,
1706,0.127,,0.002,0.064,0.0635,0.07150000000000001,,0.025,1.273,,,,0.088,,0.0,0.001,,,,,0.003,0.003,,,,
1707,0.126,,0.002,0.064,0.3015,0.07200000000000001,,0.025,0.056,,,,0.088,,0.0,0.001,,,,,0.003,0.003,,,,
1708,0.127,,0.002,0.064,0.781,0.07200000000000001,,0.025,4.9350000000000005,,,,0.0875,,0.0,0.001,,,,,0.003,0.003,,,,
1709,0.126,,0.002,0.0645,0.07400000000000001,0.07150000000000001,,0.025,1.0,,,,0.088,,0.0,0.001,,,,,0.003,0.003,,,,
1710,0.1265,,0.002,0.064,0.48150000000000004,0.07150000000000001,,0.025,1.71,,,,0.0885,,0.0,0.001,,,,,0.003,0.003,,,,
1711,0.1265,,0.002,0.0645,0.265,0.07200000000000001,,0.025,2.9960000000000004,,,,0.088,,0.0,0.001,,,,,0.003,0.003,,,,
1712,0.128,,0.002,0.064,0.024,0.07100000000000001,,0.025,0.9844999999999999,,,,0.0875,,0.0,0.001,,,,,0.003,0.003,,,,
1713,0.126,,0.002,0.0645,0.979,0.07100000000000001,,0.025,0.054,,,,0.088,,0.0,0.001,,,,,0.003,0.003,,,,
1714,0.1265,,0.002,0.0645,0.3085,0.07200000000000001,,0.025,0.743,,,,0.0885,,0.0,0.001,,,,,0.003,0.003,,,,
1715,0.127,,0.002,0.064,0.3715,0.07150000000000001,,0.025,0.0625,,,,0.088,,0.0,0.001,,,,,0.003,0.003,,,,
1716,0.1265,,0.002,0.065,0.5275,0.07200000000000001,,0.025,2.3475,,,,0.0875,,0.0,0.001,,,,,0.003,0.003,,,,
1717,0.126,,0.002,0.064,0.17900000000000002,0.07200000000000001,,0.025,2.9055,,,,0.0875,,0.0,0.001,,,,,0.003,0.003,,,,
1718,0.127,,0.002,0.064,0.34750000000000003,0.07150000000000001,,0.025,2.1395000000000004,,,,0.088,,0.0,0.001,,,,,0.003,0.003,,,,
1719,0.1265,,0.002,0.064,0.11649999999999999,0.07100000000000001,,0.025,1.2015,,,,0.0885,,0.0,0.001,,,,,0.003,0.003,,,,
1720,0.1265,,0.002,0.0645,6.211,0.07100000000000001,,0.025,4.046,,,,0.0885,,0.0,0.001,,,,,0.003,0.003,,,,
1721,0.1265,,0.002,0.064,0.10800000000000001,0.07100000000000001,,0.025,0.14350000000000002,,,,0.0885,,0.0,0.001,,,,,0.003,0.003,,,,
1722,0.1265,,0.002,0.064,0.35350000000000004,0.07150000000000001,,0.025,0.3705,,,,0.088,,0.0,0.001,,,,,0.003,0.003,,,,
1723,0.126,,0.002,0.065,1.732,0.07150000000000001,,0.025,2.2035,,,,0.0875,,0.0,0.001,,,,,0.003,0.003,,,,
1724,0.1265,,0.002,0.064,0.274,0.07150000000000001,,0.025,1.334,,,,0.089,,0.0,0.001,,,,,0.003,0.003,,,,
1725,0.127,,0.002,0.064,0.3315,0.07200000000000001,,0.025,1.5745,,,,0.0875,,0.0,0.001,,,,,0.003,0.003,,,,
1726,0.1265,,0.002,0.064,0.191,0.07100000000000001,,0.025,0.5219999999999999,,,,0.088,,0.0,0.001,,,,,0.003,0.003,,,,
1727,0.1265,,0.002,0.064,0.652,0.07200000000000001,,0.025,0.065,,,,0.0885,,0.0,0.001,,,,,0.003,0.003,,,,
1728,0.128,,0.002,0.064,0.5845,0.07150000000000001,,0.025,1.2685,,,,0.0885,,0.0,0.001,,,,,0.003,0.003,,,,
1729,0.1265,,0.002,0.0645,0.2565,0.07150000000000001,,0.025,2.6175,,,,0.0885,,0.0,0.001,,,,,0.003,0.003,,,,
1730,0.1275,,0.002,0.064,0.4645,0.07200000000000001,,0.025,1.0095,,,,0.088,,0.0,0.001,,,,,0.003,0.003,,,,
1731,0.1265,,0.002,0.064,3.064,0.07150000000000001,,0.025,1.3465,,,,0.0885,,0.0,0.001,,,,,0.003,0.003,,,,
