Scheduler,Input Output data Type,Model Name,Number of requests,QPS,Inference Time,P95 TTFT,P95 TPOT,Request Latency,Request Throughput (req/s),Token Throughput (tokens/s),Output Token Throughput (output-tokens/s),Max GPU Memory
sarathi,long input long output,llama2_7b,1,1.0,124.63,1.4295015879906714,0.04375577505511488,123.59597334451972,0.008023750300890637,50.63788814892081,22.41033459038755,39427.0
sarathi,long input long output,llama2_7b,2,1.0,126.52,1.420661238708999,0.044867011482257246,122.27166292894397,0.015807777426493835,76.46221941195068,32.398039835599114,39427.0
sarathi,long input long output,llama2_7b,3,1.0,127.68,1.4318920211168005,0.045079626264237685,125.72396976740566,0.023496240601503758,113.7531328320802,52.059837092731826,39427.0
sarathi,long input long output,llama2_7b,4,1.0,180.41,3.0279759267228648,0.04587056703536654,171.2398141218349,0.022171719971176763,143.30691203370102,58.34488110415165,39505.0
sarathi,long input long output,llama2_7b,5,1.0,275.2,3.095584419183433,0.04599073157869959,253.69850630522703,0.018168604651162792,134.15697674418604,60.0218023255814,39505.0
sarathi,long input long output,llama2_7b,6,1.0,276.66,3.868422085477505,0.0477349042630985,250.43353203579318,0.02168726957276079,172.2402949468662,67.89922648738523,39505.0
sarathi,long input long output,llama2_7b,7,1.0,284.73,3.999872492114082,0.04971273755583819,254.263168553682,0.02458469427176623,204.7588943911776,74.95873283461525,39505.0
sarathi,long input long output,llama2_7b,8,1.0,286.98,3.965374640072696,0.05063852541691622,252.10782574389592,0.027876507073663667,223.0887169837619,81.58408251446093,39505.0
sarathi,long input long output,llama2_7b,9,1.0,302.82,4.33848447939381,0.0566030390237893,262.6714490496088,0.02972062611452348,246.9453800937851,85.57889175087512,39505.0
sarathi,long input long output,llama2_7b,10,1.0,312.35,5.405597155878786,0.060050263541962676,307.9392842485104,0.03201536737634064,555.5562670081639,181.28381623179123,39505.0
sarathi,long input long output,llama2_7b,10,2.0,306.82,4.962228796095586,0.05922259956018479,265.39587960467895,0.03259239945244769,282.7846946092171,92.2756013297699,39505.0
sarathi,long input long output,llama2_7b,10,3.0,311.89,4.9081354560446915,0.059519773732487576,269.1304224122315,0.032062586168200326,278.18782262977334,90.77559395940877,39505.0
sarathi,long input long output,llama2_7b,10,4.0,304.32,4.985136253130621,0.05955287994138472,263.16414401872305,0.03286014721345952,285.1077812828602,93.03364879074658,39505.0
sarathi,long input long output,llama2_7b,10,5.0,309.44,4.909550985170061,0.0593521757553606,267.87053113324794,0.03231644260599793,280.39038262668043,91.49431230610135,39505.0
sarathi,long input long output,llama2_7b,10,6.0,309.36,4.93667899906868,0.05977573106440105,267.4652680550468,0.03232479958624256,280.462891130075,91.51797258856995,39505.0
sarathi,long input long output,llama2_7b,10,7.0,302.01,4.67807759734569,0.058504035093129556,261.75221801560826,0.033111486374623356,287.2885003807821,93.74524022383365,39505.0
sarathi,long input long output,llama2_7b,10,8.0,313.45,4.958015621884259,0.05992877705707059,270.7973135094856,0.0319030148349019,276.80331791354286,90.32381560057426,39505.0
sarathi,long input long output,llama2_7b,10,9.0,310.62,4.908149113843682,0.05951956120621817,268.5134791332529,0.03219367716180542,279.32522052668855,91.14673878050351,39505.0
sarathi,long input long output,llama2_7b,10,10.0,316.01,5.042189197579863,0.06014708905854559,273.0200832867877,0.031644568209866775,274.5609316160881,89.59210151577481,39505.0
sarathi,long input long output,mistral_7b,1,1.0,124.55,1.48260956001468,0.04370782242081846,123.51514197373764,0.008028904054596548,50.670413488558815,22.42472902448816,39527.0
sarathi,long input long output,mistral_7b,2,1.0,125.74,1.4542272089165638,0.04457088994910532,121.49684459187556,0.01590583744234134,76.93653570860506,32.59901383807858,39527.0
sarathi,long input long output,mistral_7b,3,1.0,127.31,1.4401869083521888,0.0446951986324532,125.31982030444779,0.023564527531222998,114.08373262116095,52.21113816667976,39527.0
sarathi,long input long output,mistral_7b,4,1.0,179.61,3.1005939952330657,0.04574118933055515,170.51576875207246,0.022270474917877623,143.94521463170202,58.60475474639496,39605.0
sarathi,long input long output,mistral_7b,5,1.0,279.12,3.193680645804852,0.04632895357142328,257.62261385731404,0.017913442247062195,132.27285755230724,59.17884780739467,39605.0
sarathi,long input long output,mistral_7b,6,1.0,279.14,3.7615688045625575,0.04760446457676813,253.22304830845678,0.02149459052805044,170.71003797377662,67.29598051157126,39605.0
sarathi,long input long output,mistral_7b,7,1.0,277.12,3.876537516224198,0.0480013519867782,246.4214682203484,0.025259815242494228,210.3817840646651,77.01717667436489,39605.0
sarathi,long input long output,mistral_7b,8,1.0,281.69,3.9013266315683723,0.04841167429982304,246.7105281631229,0.0284000142000071,227.2782136391068,83.11619155809578,39605.0
sarathi,long input long output,mistral_7b,9,1.0,287.74,3.8300558727700262,0.05228519383262571,248.18201352832838,0.031278237297560296,259.8873983457288,90.06394661847501,39605.0
sarathi,long input long output,mistral_7b,10,1.0,293.84000000000003,4.495765033760108,0.05370851965412188,289.54465497562194,0.03403212632725292,590.5526817315546,192.70351211543695,39605.0
sarathi,long input long output,mistral_7b,10,2.0,297.45,4.4724349100375544,0.0537560990473783,253.48785242435977,0.03361909564632712,291.6927214657926,95.18238359388133,39605.0
sarathi,long input long output,mistral_7b,10,3.0,295.43,4.403586058726068,0.05488356028794864,252.556554151466,0.033848965914091325,293.68716785702196,95.83319229597535,39605.0
sarathi,long input long output,mistral_7b,10,4.0,294.67,4.468113717215601,0.05365957384514551,252.35133488378477,0.03393626768927953,294.44463297926495,96.08036108188821,39605.0
sarathi,long input long output,mistral_7b,10,5.0,299.92,4.530723315046634,0.055545569448815946,257.1586903355666,0.033342224593224855,289.2904774606562,94.39850626833822,39605.0
sarathi,long input long output,mistral_7b,10,6.0,269.01,4.1509514007600945,0.053071931439062574,231.0666843720827,0.03717333928106762,322.53076093825507,105.24515817255865,39605.0
sarathi,long input long output,mistral_7b,10,7.0,296.71,4.429433772643096,0.053531226931113146,253.58365693439254,0.0337029422668599,292.4202082841832,95.41977014593374,39605.0
sarathi,long input long output,mistral_7b,10,8.0,295.45,4.112762827158439,0.05335300212737582,252.58643138447067,0.033846674564224064,293.6672871890337,95.82670502623118,39605.0
sarathi,long input long output,mistral_7b,10,9.0,298.47,4.467733062570914,0.05451411095091001,255.3813532542087,0.033504204777699595,290.6958823332328,94.85710456662311,39605.0
sarathi,long input long output,mistral_7b,10,10.0,295.04,4.312105514190625,0.053534849475470006,252.3692991951014,0.0338937093275488,294.0753796095444,95.95986984815617,39605.0
sarathi,long input long output,mixtral_7b_8expert,1,1.0,123.67,1.5866452418267727,0.0433563324559432,122.6378062106669,0.008086035416835126,51.030969515646476,22.584296919220506,39409.0
sarathi,long input long output,mixtral_7b_8expert,2,1.0,119.8,1.3816409721388478,0.04207508154674797,115.89644088099011,0.01669449081803005,80.75125208681135,34.215358931552586,39409.0
sarathi,long input long output,mixtral_7b_8expert,3,1.0,126.3,1.4178174402564763,0.044692323143463955,124.60795796220192,0.023752969121140142,114.99604117181315,52.62866191607284,39409.0
sarathi,long input long output,mixtral_7b_8expert,4,1.0,175.78,2.8889600525260897,0.04450560306060573,167.11874610166998,0.022755717373990215,147.08157924678576,59.88167026965525,39409.0
sarathi,long input long output,mixtral_7b_8expert,5,1.0,271.63,2.9852280400227755,0.046069579863696246,251.0528570302762,0.01840739240879137,135.92018554651548,60.810661561683176,39409.0
sarathi,long input long output,mixtral_7b_8expert,6,1.0,274.83,3.6013873337651603,0.04635141176236278,249.4448034238303,0.0218316777644362,173.3871848051523,68.351344467489,39409.0
sarathi,long input long output,mixtral_7b_8expert,7,1.0,270.57,3.5106650652131064,0.04519462008860639,240.69909274613013,0.02587130871863104,215.47473851498688,78.88162028310603,39409.0
sarathi,long input long output,mixtral_7b_8expert,8,1.0,270.31,3.5459092422504908,0.04670531065188964,237.08179757619504,0.029595649439532388,236.84658355221782,86.61536754097148,39409.0
sarathi,long input long output,mixtral_7b_8expert,9,1.0,278.57,3.731752777751535,0.04807785652380197,240.33738377429543,0.03230785798901533,268.4424022687296,93.02868219837025,39409.0
sarathi,long input long output,mixtral_7b_8expert,10,1.0,280.275,4.3344933485030195,0.04889671745262072,273.7142925255466,0.03567924360003568,619.1347783426992,202.03014896084204,39409.0
sarathi,long input long output,mixtral_7b_8expert,10,2.0,276.6,4.131626085867174,0.04869747385889438,235.3077035091933,0.03615328994938539,313.6804049168474,102.35719450469992,39409.0
sarathi,long input long output,mixtral_7b_8expert,10,3.0,270.6,4.112789846863597,0.04627816949007492,230.14948214826865,0.036954915003695486,320.63562453806355,104.62675535846266,39409.0
sarathi,long input long output,mixtral_7b_8expert,10,4.0,280.71,4.041536562063265,0.04894461664790507,238.7237230121972,0.03562395354636458,309.0876705496776,100.85853728046739,39409.0
sarathi,long input long output,mixtral_7b_8expert,10,5.0,281.54,4.1193238781997925,0.04783149543288641,239.47394595389477,0.035518931590537754,308.17645805214175,100.56119911913049,39409.0
sarathi,long input long output,mixtral_7b_8expert,10,6.0,285.11,4.133032404107507,0.04950635090671395,243.00176786993387,0.035074181894707304,304.31763179123845,99.30202378029531,39409.0
sarathi,long input long output,mixtral_7b_8expert,10,7.0,284.03,4.161362612852826,0.04932495394518811,241.28715284737982,0.03520754849839806,305.4747737915009,99.67961130866459,39409.0
sarathi,long input long output,mixtral_7b_8expert,10,8.0,282.71,4.125290533027145,0.04868479906333498,240.33553738015462,0.03537193590605214,306.9010646952708,100.14502493721483,39409.0
sarathi,long input long output,mixtral_7b_8expert,10,9.0,276.33,4.01221630082,0.04744731709116248,234.99539488409636,0.03618861506170159,313.9868997213477,102.45720696268954,39409.0
sarathi,long input long output,mixtral_7b_8expert,10,10.0,286.9,4.227259045059326,0.049763356795035414,244.2720438221818,0.03485535029627048,302.4189613105612,98.68246775880098,39409.0
sarathi,long input long output,qwen_7b,1,1.0,126.88,1.5127704900223762,0.04453248373674093,125.8478004997596,0.007881462799495587,49.73991172761665,22.012925598991174,39623.0
sarathi,long input long output,qwen_7b,2,1.0,126.91,1.463653587945737,0.04469384799911739,122.63591426332714,0.015759199432668822,76.22724765581908,32.298479237254746,39623.0
sarathi,long input long output,qwen_7b,3,1.0,127.97,1.4222610421478747,0.04517980542632292,126.00931991590186,0.023442994451824645,113.49535047276706,51.94186137375947,39623.0
sarathi,long input long output,qwen_7b,4,1.0,177.64,3.02742750623729,0.044114370923229666,168.33242239860118,0.022517451024544024,145.5415446971403,59.2546723710876,39701.0
sarathi,long input long output,qwen_7b,5,1.0,282.39,3.497736267279833,0.04756659244445386,260.8546251262072,0.01770600941959701,130.74117355430434,58.49357271858069,39701.0
sarathi,long input long output,qwen_7b,6,1.0,277.72,3.8510390355368145,0.04762277608776714,252.05097838537768,0.021604493734696816,171.5828892409621,67.64006913437994,39701.0
sarathi,long input long output,qwen_7b,7,1.0,286.53,4.035780806234106,0.04949017091493063,256.0066220746142,0.024430251631591807,203.47258576763343,74.48783722472342,39701.0
sarathi,long input long output,qwen_7b,8,1.0,288.44,3.7339355877018527,0.05048578482990258,253.0628640897688,0.02773540424351685,221.95950630980445,81.1711274441825,39701.0
sarathi,long input long output,qwen_7b,9,1.0,301.24,4.290336110955104,0.05626972634975566,261.26669356068595,0.029876510423582525,248.2406054972779,86.02775195857123,39701.0
sarathi,long input long output,qwen_7b,10,1.0,311.485,5.3889592187362725,0.05979348317147838,307.1214837470674,0.0321042746841742,557.099057739538,181.78724497166797,39701.0
sarathi,long input long output,qwen_7b,10,2.0,314.04,4.9984574909671196,0.05959115749222385,270.3553685033576,0.03184307731499172,276.2832760157942,90.15412049420455,39701.0
sarathi,long input long output,qwen_7b,10,3.0,312.94,4.97041495424928,0.05975904630555476,269.6939376435125,0.03195500734965169,277.25442576851793,90.47101680833387,39701.0
sarathi,long input long output,qwen_7b,10,4.0,313.12,4.982064873049966,0.05920649070774733,270.08225817430053,0.031936637710781805,277.0950434338273,90.41900868676545,39701.0
sarathi,long input long output,qwen_7b,10,5.0,312.7,5.038080320355947,0.05972110225033862,270.0351527291931,0.03197953309881676,277.4672209785737,90.54045410937,39701.0
sarathi,long input long output,qwen_7b,10,6.0,311.36,4.936572542332577,0.059345763325891865,268.409446281474,0.03211716341212744,278.6613566289825,90.93011305241521,39701.0
sarathi,long input long output,qwen_7b,10,7.0,312.17,4.924010523757897,0.059059274374819885,269.42638857847766,0.03203382772207451,277.9383028478073,90.69417304673735,39701.0
sarathi,long input long output,qwen_7b,10,8.0,314.48,5.007684825430623,0.05986821081449164,271.37026091314607,0.03179852454846095,275.89671839226656,90.02798270160264,39701.0
sarathi,long input long output,qwen_7b,10,9.0,311.08,4.896239731786771,0.05942734125167397,269.1140423736767,0.032146071750032146,278.91217693197893,91.01195833869102,39701.0
sarathi,long input long output,qwen_7b,10,10.0,316.29,5.022458531544543,0.060473779743717676,273.4367167578427,0.031616554427898444,274.3178728382181,89.51278889626607,39701.0
sarathi,long input long output,yi_6b,1,1.0,124.42,1.3940516461152583,0.04369747535029378,123.39761935570276,0.008037293039704227,50.72335637357338,22.44815945989391,39547.0
sarathi,long input long output,yi_6b,2,1.0,124.57,1.4223873314098454,0.04372701719777927,120.33016454948809,0.016055229991169623,77.65914746728747,32.905193866902145,39547.0
sarathi,long input long output,yi_6b,3,1.0,127.26,1.3813134398777038,0.04506658413164366,125.32949505611322,0.023573785950023574,114.12855571271412,52.23165173660223,39547.0
sarathi,long input long output,yi_6b,4,1.0,182.47,3.154082231840584,0.04605937139767568,173.1398340174928,0.021921411738915986,141.68904477448348,57.68619499095742,39625.0
sarathi,long input long output,yi_6b,5,1.0,277.97,3.182306799711659,0.04720407584305831,256.57490286072715,0.017987552613591393,132.82008849875885,59.423678814260526,39625.0
sarathi,long input long output,yi_6b,6,1.0,281.65,3.8665329604409635,0.047889764922779215,255.3297587670968,0.02130303568258477,169.18870939108825,66.69625421622582,39625.0
sarathi,long input long output,yi_6b,7,1.0,285.28,3.818055737810209,0.04772993112453518,253.91790498248295,0.024537296690970278,204.364133482894,74.81421761076838,39625.0
sarathi,long input long output,yi_6b,8,1.0,285.41,3.8948875755420884,0.04872172823517962,249.71563407117497,0.028029851792158646,224.3158964296976,82.0328650012263,39625.0
sarathi,long input long output,yi_6b,9,1.0,290.53,4.009109303960576,0.05329173243008133,250.42382819456975,0.030977868034282176,257.39166351151346,89.19905001204695,39625.0
sarathi,long input long output,yi_6b,10,1.0,300.14,4.836275220499374,0.055184695564908015,296.62712566733825,0.033317785033650966,578.1568601319384,188.65862597454523,39625.0
sarathi,long input long output,yi_6b,10,2.0,301.99,4.466330113075673,0.0554259191491645,257.8071265634614,0.033113679260902674,287.307526739296,93.75144872346766,39625.0
sarathi,long input long output,yi_6b,10,3.0,297.08,4.513939608412328,0.05360127034780186,254.15251335365454,0.03366096674296486,292.0560118486603,95.30092904268211,39625.0
sarathi,long input long output,yi_6b,10,4.0,301.04,4.505315269820857,0.055644736611322285,258.1130499118705,0.03321817698644698,288.2141908052086,94.0473026840287,39625.0
sarathi,long input long output,yi_6b,10,5.0,299.9,4.540637324401176,0.055403109873684964,256.65213877899794,0.03334444814938313,289.3097699233078,94.40480160053352,39625.0
sarathi,long input long output,yi_6b,10,6.0,295.01,4.334375269059091,0.054135781052647956,253.1063962503219,0.0338971560286092,294.10528456662485,95.96962814819837,39625.0
sarathi,long input long output,yi_6b,10,7.0,302.83,4.417194027395452,0.05550675276970147,259.36929852956666,0.03302182742792986,286.51058349569064,93.49139781395503,39625.0
sarathi,long input long output,yi_6b,10,8.0,297.26,4.423953355511184,0.054409811205651644,254.44764672378068,0.03364058400053825,291.87916302227006,95.2432214223239,39625.0
sarathi,long input long output,yi_6b,10,9.0,299.39,4.372793784702662,0.054441991152370285,256.4924625423503,0.033401249206720336,289.8025986171883,94.56561675406661,39625.0
sarathi,long input long output,yi_6b,10,10.0,293.24,4.434910077799576,0.05322845951003867,252.18717752470394,0.03410175965079798,295.8805074341836,96.54890192333924,39625.0
vllm,long input long output,llama2_7b,1,1.0,123.15,0.3328104550018906,0.04361946943236374,122.11873793182896,0.008120178643930167,51.24644742184328,22.679658952496954,38463.0
vllm,long input long output,llama2_7b,2,1.0,123.28,0.32300832171458743,0.04496281755666199,119.10303673482268,0.016223231667748216,78.47177157689812,33.249513303049966,38463.0
vllm,long input long output,llama2_7b,3,1.0,125.4,0.3499402350280434,0.04454058985747114,123.28383249489124,0.023923444976076555,115.82137161084529,53.006379585326954,38643.0
vllm,long input long output,llama2_7b,4,1.0,179.48,0.6041865526000036,0.04730731413751181,170.71487905932588,0.022286605749944285,144.04947626476488,58.64720303097838,38921.0
vllm,long input long output,llama2_7b,5,1.0,275.77,0.6052560302428901,0.047596587140921714,254.3155621634796,0.0181310512383508,133.87968234398232,59.897740871015706,38921.0
vllm,long input long output,llama2_7b,6,1.0,273.68,0.7357938537024893,0.04966682570821334,249.42988296167465,0.021923414206372404,174.11575562700963,68.63855597778428,39167.0
vllm,long input long output,llama2_7b,7,1.0,283.27,0.7454480502055958,0.05070976742785747,252.82179505897213,0.024711406079005897,205.81424083030325,75.34507713488898,39189.0
vllm,long input long output,llama2_7b,8,1.0,285.31,0.7444244618760422,0.05191356584100721,250.522568557132,0.028039676141740563,224.39451824331428,82.06161718832148,39167.0
vllm,long input long output,llama2_7b,9,1.0,295.86,1.0334683734923602,0.05735762860037505,256.56252144305034,0.03041979314540661,252.75468126816736,87.59210437369026,39747.0
vllm,long input long output,llama2_7b,10,1.0,308.03,1.0360772814485244,0.06124727651709691,304.6558451446122,0.032464370353537,563.3477258708568,183.8262506898679,39747.0
vllm,long input long output,llama2_7b,10,2.0,308.83,1.038612154510338,0.06159032418187105,265.9219481551204,0.03238027393711751,280.94420878800634,91.67503157076709,39483.0
vllm,long input long output,llama2_7b,10,3.0,305.66,1.7520339816226624,0.06127410283774803,263.6628390797413,0.03271608977295033,283.8578813060263,92.62579336517699,40631.0
vllm,long input long output,llama2_7b,10,4.0,302.59,1.7539518513716756,0.0602861355834341,261.47474670482325,0.03304801877127467,286.7378300670875,93.56555074523283,40109.0
vllm,long input long output,llama2_7b,10,5.0,306.32,1.753171630902216,0.06147201231630473,264.7692144888452,0.03264559937320449,283.2462784016715,92.42622094541656,40109.0
vllm,long input long output,llama2_7b,10,6.0,298.68,1.7533638519234955,0.0600328027840918,257.96096889831813,0.03348064818534887,290.49149591536093,94.79041114235972,40109.0
vllm,long input long output,llama2_7b,10,7.0,307.18,1.7432427671854385,0.06087860406851042,264.57977189124784,0.03255420274757471,282.45328471905725,92.16745881893353,40109.0
vllm,long input long output,llama2_7b,10,8.0,307.02,1.7700651676510462,0.060817065834552445,265.2620843767188,0.03257116800208456,282.60048205328644,92.2154908475018,39663.0
vllm,long input long output,llama2_7b,10,9.0,304.13,1.77037764164852,0.06105675791322948,261.9642453492502,0.03288067602669911,285.28589747805216,93.09176996679052,39663.0
vllm,long input long output,llama2_7b,10,10.0,303.06,1.7726177483098582,0.060422298203253885,262.1714706804137,0.03299676631690095,286.29314327195937,93.42044479640995,39663.0
vllm,long input long output,mistral_7b,1,1.0,124.37,0.3444206498097628,0.044049431680952524,123.33071710471997,0.00804052424218059,50.7437484924017,22.45718420841039,38361.0
vllm,long input long output,mistral_7b,2,1.0,123.63,0.33588040804024777,0.044632014161080355,119.40693962601945,0.0161773032435493,78.24961578904797,33.15538299765429,38361.0
vllm,long input long output,mistral_7b,3,1.0,127.31,0.33014158115256576,0.04539852665413118,125.22987704980186,0.023564527531222998,114.08373262116095,52.21113816667976,38361.0
vllm,long input long output,mistral_7b,4,1.0,171.44,0.6196380598121322,0.04490272559689301,162.91521841950015,0.02333177788147457,150.8049463369109,61.397573495100325,38945.0
vllm,long input long output,mistral_7b,5,1.0,277.79,0.6194026582874357,0.04789098440462487,256.18666781708595,0.017999208034846465,132.9061521293063,59.462183663918786,38879.0
vllm,long input long output,mistral_7b,6,1.0,279.23,0.7491988578112796,0.048805760636863926,252.80212168674916,0.021487662500447657,170.6550155785553,67.27429001181821,39177.0
vllm,long input long output,mistral_7b,7,1.0,274.6,0.7631713318172842,0.049321170623636244,244.10029046109406,0.025491624180626362,212.31245447924252,77.72396212672979,39177.0
vllm,long input long output,mistral_7b,8,1.0,280.44,0.7605684402631595,0.049345931617194076,244.96694047336928,0.02852660105548424,228.2912565967765,83.48666381400656,39177.0
vllm,long input long output,mistral_7b,9,1.0,288.25,1.0551571808755398,0.054260254565363694,248.36411460400555,0.031222896790980052,259.4275802254987,89.90459670424978,39503.0
vllm,long input long output,mistral_7b,10,1.0,298.265,1.0581227993243374,0.05781952075540691,292.9031482922146,0.03352723249459374,581.7913600321862,189.84460127738757,39505.0
vllm,long input long output,mistral_7b,10,2.0,293.4,1.0565386399044656,0.05633804072521737,250.42905063554633,0.03408316291751875,295.7191547375597,96.49625085207909,39557.0
vllm,long input long output,mistral_7b,10,3.0,295.03,1.7935564935789443,0.05682691106972105,252.28141972067522,0.03389485815001864,294.08534725282175,95.96312239433279,40443.0
vllm,long input long output,mistral_7b,10,4.0,285.7,1.7993178249918855,0.05617480331518874,244.5295508834998,0.03500175008750438,303.689184459223,99.0969548477424,40443.0
vllm,long input long output,mistral_7b,10,5.0,299.25,1.7950254468363709,0.05736194212526049,256.23491157799714,0.03341687552213868,289.93817878028403,94.60985797827902,40443.0
vllm,long input long output,mistral_7b,10,6.0,294.78,1.8163923941436226,0.055969861200565796,252.17599741843287,0.03392360404369361,294.33475812470317,96.04450776850534,40675.0
vllm,long input long output,mistral_7b,10,7.0,297.05,1.8135623061796649,0.056951334920557234,254.72089290017018,0.033664366268305,292.0855074903215,95.31055377882511,40675.0
vllm,long input long output,mistral_7b,10,8.0,299.8,1.8198592022527011,0.05806329585792117,256.9893525018938,0.0333555703802535,289.4062708472315,94.4362908605737,40725.0
vllm,long input long output,mistral_7b,10,9.0,293.24,1.8115441015339457,0.0550018910296935,250.45503341219148,0.03410175965079798,295.8805074341836,96.54890192333924,40725.0
vllm,long input long output,mistral_7b,10,10.0,292.49,1.8161181391566061,0.056199712669937396,250.4092424672096,0.03418920304967691,296.63920134021674,96.79647167424527,40421.0
vllm,long input long output,mixtral_7b_8expert,1,1.0,124.97,0.1008404449094086,0.04435123731594007,123.9297032286413,0.008001920460910618,50.50012002880691,22.349363847323357,38865.0
vllm,long input long output,mixtral_7b_8expert,2,1.0,124.05,0.10320564906578511,0.044082445586236335,119.75902368632377,0.016122531237404272,77.98468359532447,33.04312777106006,38885.0
vllm,long input long output,mixtral_7b_8expert,3,1.0,126.49,0.09872027928940948,0.045038996350243964,124.38588236295618,0.023717289904340265,114.82330619021268,52.54960866471658,38885.0
vllm,long input long output,mixtral_7b_8expert,4,1.0,175.02,0.10172325549647208,0.04548401983216915,166.31434606829424,0.022854530910753054,147.72026054165238,60.14169809164667,39073.0
vllm,long input long output,mixtral_7b_8expert,5,1.0,271.08,0.10227412898093456,0.04590690834872065,249.59469614787957,0.01844473956027741,136.1959569130884,60.934041611332454,39095.0
vllm,long input long output,mixtral_7b_8expert,6,1.0,273.43,0.11359190969960757,0.04703050640294363,247.25142988585867,0.021943459020590278,174.274951541528,68.70131295029806,39229.0
vllm,long input long output,mixtral_7b_8expert,7,1.0,274.91,0.11376735477242612,0.046919706600590146,243.99377330078275,0.025462878760321557,212.073042086501,77.63631734022043,39209.0
vllm,long input long output,mixtral_7b_8expert,8,1.0,275.14,0.11338902061106633,0.04784927570588745,240.6508091920404,0.029076106709311624,232.6888129679436,85.09486079813914,39229.0
vllm,long input long output,mixtral_7b_8expert,9,1.0,271.29,0.1160437881480902,0.04678629317107929,232.16630030060182,0.03317483136127391,275.64598768845144,95.52508385860149,39229.0
vllm,long input long output,mixtral_7b_8expert,10,1.0,280.02,0.26254456001333887,0.04886144079632174,275.6085466483957,0.03571173487608028,619.6985929576459,202.214127562317,39629.0
vllm,long input long output,mixtral_7b_8expert,10,2.0,278.78,0.13672145570162672,0.048479472977361646,235.400470080797,0.035870578951144275,311.2274912117082,101.55678312647967,39359.0
vllm,long input long output,mixtral_7b_8expert,10,3.0,275.43,0.2573084591887891,0.0487632031490006,232.9766661285771,0.03630686562829031,315.01288893729804,102.79199796681553,39673.0
vllm,long input long output,mixtral_7b_8expert,10,4.0,273.84,0.25038919328944753,0.04809675603634937,231.4943570750648,0.036517674554484375,316.8419515045282,103.38884019865615,39639.0
vllm,long input long output,mixtral_7b_8expert,10,5.0,271.59,0.24187784136738621,0.04685689772047045,230.05501850463907,0.03682020692956295,319.46684340365994,104.24536985897862,39639.0
vllm,long input long output,mixtral_7b_8expert,10,6.0,276.39,0.24239467721199615,0.04894897567458198,234.45924639852012,0.03618075907232534,313.91873801512355,102.4349650855675,39359.0
vllm,long input long output,mixtral_7b_8expert,10,7.0,271.23,0.28631874811835584,0.04669795444869102,229.79003287543298,0.03686907790436161,319.89086752940307,104.3837333628286,39559.0
vllm,long input long output,mixtral_7b_8expert,10,8.0,274.43,0.2865018745651468,0.04859241091436826,233.59539635712275,0.03643916481434246,316.16076959516084,103.16656342236635,39559.0
vllm,long input long output,mixtral_7b_8expert,10,9.0,268.97,0.2851780196884647,0.04625180900593023,227.83017099312264,0.037178867531694984,322.5787262519983,105.26080975573483,39559.0
vllm,long input long output,mixtral_7b_8expert,10,10.0,270.74,0.2829125181655399,0.04762837659587643,230.51657628992098,0.03693580556991948,320.4698234468494,104.57265272955603,39559.0
vllm,long input long output,qwen_7b,1,1.0,126.39,0.3341174439992755,0.04477971789719307,125.35938524175435,0.007912018355882585,49.932747843975,22.098267267980063,38533.0
vllm,long input long output,qwen_7b,2,1.0,124.11,0.32440399354090915,0.04430375071333454,119.85742210334867,0.016114736926919667,77.94698251551044,33.02715333172186,38533.0
vllm,long input long output,qwen_7b,3,1.0,128.42,0.31977908504195507,0.045982859260225405,126.30586115615442,0.023360847220059183,113.09764834137985,51.7598504905778,38533.0
vllm,long input long output,qwen_7b,4,1.0,181.35,0.6057474167784674,0.047350957896049956,172.48230122526874,0.022056796250344637,142.56410256410257,58.04245933278192,38989.0
vllm,long input long output,qwen_7b,5,1.0,277.49,0.6122421998064964,0.04734161016846725,255.7634728502482,0.01801866733936358,133.04983963386067,59.526469422321526,38989.0
vllm,long input long output,qwen_7b,6,1.0,279.54,0.7359630522551015,0.04834761782102115,253.56480022147298,0.0214638334406525,170.46576518566215,67.19968519710953,39235.0
vllm,long input long output,qwen_7b,7,1.0,287.35,0.7503278469666839,0.05112365183689702,256.38634791190265,0.024360535931790498,202.8919436227597,74.27527405602923,39235.0
vllm,long input long output,qwen_7b,8,1.0,288.77,0.7509252395946532,0.052000415852789146,253.1633280929061,0.027703708834020156,221.70585587145482,81.07836686636423,39235.0
vllm,long input long output,qwen_7b,9,1.0,298.36,1.0386997408233583,0.057433107587564244,258.33396852663714,0.03016490146132189,250.63681458640568,86.85815793001743,39815.0
vllm,long input long output,qwen_7b,10,1.0,312.07500000000005,1.0395289558335208,0.062210724514514794,309.3685856911704,0.03204357926780421,556.0458223183529,181.44356324601455,39837.0
vllm,long input long output,qwen_7b,10,2.0,312.37,1.035389504628256,0.06197334713154622,268.82145867004283,0.03201331754009668,277.7603483048948,90.63610461952172,39551.0
vllm,long input long output,qwen_7b,10,3.0,309.63,1.752341495710425,0.06210340825389333,267.0515968068851,0.032296612085392244,280.21832509769723,91.43816813616252,40699.0
vllm,long input long output,qwen_7b,10,4.0,312.72,1.7494346666848288,0.06192200130226278,269.63778985497765,0.031977487848554614,277.44947556919925,90.53466359682783,40177.0
vllm,long input long output,qwen_7b,10,5.0,305.54,1.751642961415928,0.06062504458809474,263.0594128476804,0.03272893892779996,283.96936571316354,92.66217189238725,40177.0
vllm,long input long output,qwen_7b,10,6.0,310.42,1.7531179675017483,0.061597362429336305,267.6619900417281,0.03221441917402229,279.505186521487,91.20546356549191,40177.0
vllm,long input long output,qwen_7b,10,7.0,300.04,1.7533556309528648,0.05859123338436899,258.0203797795809,0.03332888948140248,289.17477669644046,94.36075189974669,40177.0
vllm,long input long output,qwen_7b,10,8.0,307.96,1.7734573557158,0.061378804266656345,265.4847092549665,0.032471749577867255,281.73788803740746,91.93401740485778,39731.0
vllm,long input long output,qwen_7b,10,9.0,309.63,1.7738001501304097,0.06164198765808394,267.16457524790883,0.032296612085392244,280.21832509769723,91.43816813616252,39731.0
vllm,long input long output,qwen_7b,10,10.0,302.23,1.7682178532937542,0.05990614664062905,260.0575734740355,0.03308738378056447,287.07937663368955,93.67700095953413,39731.0
vllm,long input long output,yi_6b,1,1.0,125.01,0.3208162309601903,0.04429292281019504,123.98696224275044,0.007999360051195904,50.48396128309735,22.34221262299016,38469.0
vllm,long input long output,yi_6b,2,1.0,126.95,0.31797917446820056,0.045250797076335905,122.60858564376831,0.015754233950374164,76.20322961795982,32.28830248129184,38471.0
vllm,long input long output,yi_6b,3,1.0,127.96,0.30529566414188586,0.04551403819973965,125.82773754266091,0.02344482650828384,113.5042200687715,51.94592060018756,38471.0
vllm,long input long output,yi_6b,4,1.0,171.45,0.5822562502580694,0.04472978904349324,162.90873357100642,0.023330417031204434,150.79615048118987,61.39399241761447,38949.0
vllm,long input long output,yi_6b,5,1.0,274.92,0.5754236483946442,0.047265660222595506,253.42333677075797,0.01818710897715699,134.29361268732723,60.082933216935835,38949.0
vllm,long input long output,yi_6b,6,1.0,276.18,0.6952351199579425,0.04753822588069594,249.91591772937682,0.021724961981316532,172.53964805561588,68.01723513650518,39195.0
vllm,long input long output,yi_6b,7,1.0,275.32,0.7119715200271457,0.04848673842409822,244.9522024434292,0.025424960046491356,211.7572279529275,77.52070318175214,39195.0
vllm,long input long output,yi_6b,8,1.0,281.35,0.7076281195622869,0.049378966932787496,245.8288711148663,0.02843433445885907,227.55287009063443,83.21663408565843,39195.0
vllm,long input long output,yi_6b,9,1.0,286.86,0.9863729942589997,0.054744136653468334,247.56817510589022,0.03137418950010458,260.68465453531337,90.34023565502335,39761.0
vllm,long input long output,yi_6b,10,1.0,298.505,0.9820579500985331,0.05762962572713708,295.412057081901,0.03350027637728011,581.3235959196663,189.6919649587109,39761.0
vllm,long input long output,yi_6b,10,2.0,295.9,0.9770821158308536,0.05634975281426419,252.5067268385551,0.03379520108144644,293.2206826630619,95.68097330179116,39523.0
vllm,long input long output,yi_6b,10,3.0,298.62,1.658869800681714,0.05729800309504172,255.48544924474544,0.033487375259527156,290.5498627017614,94.80945683477329,40753.0
vllm,long input long output,yi_6b,10,4.0,293.7,1.6594786984147505,0.056320334616126295,251.2207829675869,0.03404834865509023,295.41709227102484,96.39768471229145,40753.0
vllm,long input long output,yi_6b,10,5.0,295.6,1.6570790831348858,0.056598575604199175,253.27324522010738,0.03382949932341001,293.51826792963465,95.77807848443842,40753.0
vllm,long input long output,yi_6b,10,6.0,294.99,1.661493048875127,0.05685269961164285,252.80474893504277,0.033899454218787074,294.1252245838842,95.97613478422997,40753.0
vllm,long input long output,yi_6b,10,7.0,298.25,1.6814410507911817,0.05742145389628704,255.82491151279527,0.03352891869237217,290.9103101424979,94.9270746018441,40573.0
vllm,long input long output,yi_6b,10,8.0,296.98,1.674566218338441,0.05768421454733691,254.4303053763112,0.03367230116506162,292.15435382854065,95.33301905852245,40623.0
vllm,long input long output,yi_6b,10,9.0,294.13,1.6671253645559774,0.055418319700111365,251.3830416036652,0.03399857205997348,294.9852106211539,96.25675721619692,40623.0
vllm,long input long output,yi_6b,10,10.0,299.14,1.6753486058325506,0.058231386544073685,256.7846827376517,0.03342916360232667,290.04479507922713,94.64464799090727,40623.0
sarathi,long input short output,llama2_7b,1,1.0,13.35,1.0724057641346008,0.04452621724489679,12.337821341585368,0.0749063670411985,205.8426966292135,19.02621722846442,39401.0
sarathi,long input short output,llama2_7b,2,1.0,19.1,2.7462670937762597,0.04780309003169078,17.82327148041222,0.10471204188481674,498.5340314136125,29.790575916230363,39505.0
sarathi,long input short output,llama2_7b,3,1.0,18.76,2.705890794936568,0.04748934530311676,17.37934698946774,0.1599147121535181,730.8102345415778,41.311300639658846,39505.0
sarathi,long input short output,llama2_7b,4,1.0,19.64,2.7581280302489173,0.05058952777151754,18.106947197578847,0.20366598778004072,929.1751527494908,43.58452138492871,39505.0
sarathi,long input short output,llama2_7b,5,1.0,20.84,3.7930309487972407,0.05500983412922342,19.30172215513885,0.2399232245681382,1302.5431861804223,49.856046065259115,39505.0
sarathi,long input short output,llama2_7b,6,1.0,20.29,3.9293157810461707,0.05485805984637495,18.94643492653267,0.29571217348447515,1778.363725973386,56.57959586002957,39505.0
sarathi,long input short output,llama2_7b,7,1.0,22.17,4.236647686245851,0.058365437981485184,20.779223496606573,0.3157419936851601,1819.6662156066755,54.75868290482634,39505.0
sarathi,long input short output,llama2_7b,8,1.0,38.03,4.141534500999842,0.057364345598045215,28.133638844697266,0.21036024191427818,1219.300552195635,42.676834078359185,39505.0
sarathi,long input short output,llama2_7b,9,1.0,38.77,4.0995124814100565,0.05818746916652575,28.260283831134434,0.2321382512251741,1277.508382770183,41.88805777663141,39505.0
sarathi,long input short output,llama2_7b,10,1.0,46.09,4.221776986750774,0.059344001190665255,39.17238539862446,0.2169668040789759,2463.5712735951397,91.29963115643307,39505.0
sarathi,long input short output,llama2_7b,10,2.0,46.78,4.154572840163018,0.059916305879969746,40.81104999465169,0.21376656690893545,1213.6169303120992,44.976485677640014,39505.0
sarathi,long input short output,llama2_7b,10,3.0,44.53,4.100017710123211,0.06003876204136758,39.897733047499784,0.22456770716370986,1274.9382438805299,47.24904558724455,39505.0
sarathi,long input short output,llama2_7b,10,4.0,46.14,4.121277853148058,0.0600909815123454,41.90923488009721,0.21673168617251842,1230.4508019072389,45.600346770697875,39505.0
sarathi,long input short output,llama2_7b,10,5.0,46.11,4.1688678552862255,0.06023259494041733,42.19796726757194,0.2168726957276079,1231.2513554543484,45.6300151810887,39505.0
sarathi,long input short output,llama2_7b,10,6.0,45.8,4.1920179193606595,0.058451845937793574,42.14409845462069,0.2183406113537118,1239.585152838428,45.938864628820966,39505.0
sarathi,long input short output,llama2_7b,10,7.0,46.61,4.205668126489035,0.060441025455410635,43.07566509878961,0.21454623471358078,1218.0433383394122,45.1405277837374,39505.0
sarathi,long input short output,llama2_7b,10,8.0,44.88,4.226941553060897,0.06054487625890686,41.646959605359,0.22281639928698752,1264.9955436720143,46.88057040998217,39505.0
sarathi,long input short output,llama2_7b,10,9.0,46.14,4.104114377917722,0.05937843840443887,42.81597454680595,0.21673168617251842,1230.4508019072389,45.600346770697875,39505.0
sarathi,long input short output,llama2_7b,10,10.0,45.46,3.991538946912624,0.05913705947213412,42.20996398827992,0.21997360316761988,1248.8561372635284,46.282446106467226,39505.0
sarathi,long input short output,mistral_7b,1,1.0,12.2,0.9093534648418428,0.0406290530125894,11.18868600972928,0.0819672131147541,225.24590163934428,20.81967213114754,39501.0
sarathi,long input short output,mistral_7b,2,1.0,19.2,2.841946903709322,0.04755208209583665,17.91366158146411,0.10416666666666667,495.9375,29.635416666666668,39605.0
sarathi,long input short output,mistral_7b,3,1.0,19.52,2.770925087388605,0.04883751026010563,18.115495478222147,0.15368852459016394,702.3565573770492,39.70286885245902,39605.0
sarathi,long input short output,mistral_7b,4,1.0,19.79,2.7456146599142808,0.04974838562083772,18.219400786468757,0.202122283981809,922.1323900960082,43.25416877210713,39605.0
sarathi,long input short output,mistral_7b,5,1.0,21.07,3.84285693350248,0.056083821075491744,19.50910745817237,0.23730422401518747,1288.3246321784527,49.31181775035596,39605.0
sarathi,long input short output,mistral_7b,6,1.0,21.49,4.055630773422308,0.05634522779896812,19.869500101835005,0.2791996277338297,1679.060027919963,53.420195439739416,39605.0
sarathi,long input short output,mistral_7b,7,1.0,21.86,3.995357088185847,0.05667585284435673,20.193100434960797,0.3202195791399817,1845.4711802378774,55.5352241537054,39605.0
sarathi,long input short output,mistral_7b,8,1.0,38.71,4.038313570362516,0.05610526596033086,28.48100509633077,0.20666494445879618,1197.8816843192974,41.927150607078275,39605.0
sarathi,long input short output,mistral_7b,9,1.0,39.44,4.029509955085814,0.058569626147272416,28.452943961182605,0.2281947261663286,1255.8062880324544,41.1764705882353,39605.0
sarathi,long input short output,mistral_7b,10,1.0,46.125,4.06921672152821,0.057677502205691636,38.47059307117015,0.21680216802168023,2461.70189701897,91.23035230352303,39605.0
sarathi,long input short output,mistral_7b,10,2.0,47.18,4.201662148057949,0.059185815904146205,40.94430166821693,0.21195421788893598,1203.3276812208562,44.59516744383213,39605.0
sarathi,long input short output,mistral_7b,10,3.0,46.56,4.057015960931312,0.059644964324453695,41.416832393780346,0.21477663230240548,1219.3513745704468,45.18900343642611,39605.0
sarathi,long input short output,mistral_7b,10,4.0,47.03,4.202995405404363,0.0590355880476801,42.42252754378132,0.21263023601956196,1207.1656389538591,44.73740165851584,39605.0
sarathi,long input short output,mistral_7b,10,5.0,46.48,4.170490978914313,0.060584879173861364,42.29550705943256,0.21514629948364888,1221.45008605852,45.26678141135973,39605.0
sarathi,long input short output,mistral_7b,10,6.0,45.66,4.18664750700118,0.058458996497282034,41.79920011053327,0.21901007446342532,1243.3858957512045,46.07971966710469,39605.0
sarathi,long input short output,mistral_7b,10,7.0,45.86,4.111374976183288,0.05773867758932726,41.96971331912791,0.21805494984736154,1237.9633667684257,45.87876144788487,39605.0
sarathi,long input short output,mistral_7b,10,8.0,45.79,4.066059654881246,0.05762634291050908,42.11073497444158,0.21838829438742083,1239.8558637257042,45.94889713911334,39605.0
sarathi,long input short output,mistral_7b,10,9.0,45.62,4.090319863508921,0.057798735332460355,41.99717426333809,0.21920210434020168,1244.476106970627,46.120122753178435,39605.0
sarathi,long input short output,mistral_7b,10,10.0,45.85,4.063735595624894,0.05835455349019652,42.430953197623595,0.21810250817884405,1238.2333696837513,45.88876772082879,39605.0
sarathi,long input short output,mixtral_7b_8expert,1,1.0,13.18,1.0563084471505135,0.045004339568434734,12.442610203521326,0.07587253414264036,208.49772382397572,19.271623672230653,39409.0
sarathi,long input short output,mixtral_7b_8expert,2,1.0,18.61,2.6468831199570557,0.046691472409223306,17.638468370970806,0.10746910263299302,511.6603976356798,30.574959699086513,39409.0
sarathi,long input short output,mixtral_7b_8expert,3,1.0,18.85,2.5918125721160323,0.04749191303841758,17.75225450687576,0.15915119363395225,727.3209549071618,41.11405835543766,39409.0
sarathi,long input short output,mixtral_7b_8expert,4,1.0,19.28,2.5974604413611813,0.048999606056622944,17.98942217978183,0.20746887966804978,946.5248962655601,44.398340248962654,39409.0
sarathi,long input short output,mixtral_7b_8expert,5,1.0,19.97,3.4929530384484675,0.05170355954277421,18.67278280733153,0.25037556334501754,1359.2889334001002,52.028042063094645,39409.0
sarathi,long input short output,mixtral_7b_8expert,6,1.0,20.18,3.8199250456527807,0.05347464496131263,18.824665177613497,0.29732408325074333,1788.057482656095,56.88800792864222,39409.0
sarathi,long input short output,mixtral_7b_8expert,7,1.0,20.91,3.861268676817417,0.05388402817090093,19.454469590843654,0.3347680535628886,1929.3161166905786,58.05834528933524,39409.0
sarathi,long input short output,mixtral_7b_8expert,8,1.0,37.11,3.7956849600770513,0.05279095840364235,27.14337915743235,0.2155753166262463,1249.5284289948802,43.73484236054972,39409.0
sarathi,long input short output,mixtral_7b_8expert,9,1.0,36.91,3.7270401777699593,0.052928751981235075,26.394614058081057,0.24383635871037662,1341.8856678406937,43.99891628285018,39409.0
sarathi,long input short output,mixtral_7b_8expert,10,1.0,44.105000000000004,3.7451269412180412,0.05319516466328283,37.22861079270952,0.22673166307674864,2574.44734157125,95.40868382269583,39409.0
sarathi,long input short output,mixtral_7b_8expert,10,2.0,44.62,3.8083801468950695,0.05314590749414936,38.55654427238041,0.22411474675033619,1272.3666517256836,47.153742716270735,39409.0
sarathi,long input short output,mixtral_7b_8expert,10,3.0,43.87,3.7235201124218293,0.05331863408238113,39.100728829950086,0.22794620469569182,1294.1189879188512,47.95988146797356,39409.0
sarathi,long input short output,mixtral_7b_8expert,10,4.0,44.19,3.8249976775259706,0.05381479854125362,39.915234181412956,0.22629554197782306,1284.7476804706948,47.61258203213397,39409.0
sarathi,long input short output,mixtral_7b_8expert,10,5.0,44.32,3.883050423837267,0.05536955897750047,40.402263383741946,0.22563176895306858,1280.9792418772563,47.47292418772563,39409.0
sarathi,long input short output,mixtral_7b_8expert,10,6.0,44.14,3.7528607689659115,0.05301986065984234,40.45489345783134,0.22655188038060717,1286.202990484821,47.666515632079744,39409.0
sarathi,long input short output,mixtral_7b_8expert,10,7.0,43.64,3.688062691967935,0.05226978402194128,40.07823447593254,0.229147571035747,1300.9395050412465,48.212648945921174,39409.0
sarathi,long input short output,mixtral_7b_8expert,10,8.0,44.13,3.7618652826291505,0.05314667816763409,40.775509685929855,0.22660321776569226,1286.4944482211647,47.67731701790165,39409.0
sarathi,long input short output,mixtral_7b_8expert,10,9.0,44.31,3.814402844046708,0.05370286428454654,40.87435151214012,0.22568269013766643,1281.2683367185737,47.483638004965016,39409.0
sarathi,long input short output,mixtral_7b_8expert,10,10.0,44.23,3.8258197814691806,0.05408153629063491,40.95390296331606,0.22609088853719198,1283.5858014922,47.56952294822519,39409.0
sarathi,long input short output,qwen_7b,1,1.0,13.36,1.0950783309526742,0.044463875866403046,12.34467909275554,0.07485029940119761,205.68862275449104,19.01197604790419,39597.0
sarathi,long input short output,qwen_7b,2,1.0,19.53,2.861598262330517,0.04886869810168784,18.252295910159592,0.10240655401945724,487.5576036866359,29.134664618535584,39701.0
sarathi,long input short output,qwen_7b,3,1.0,20.04,2.815599460341036,0.05057603170779187,18.639979718695393,0.14970059880239522,684.1317365269462,38.672654690618764,39701.0
sarathi,long input short output,qwen_7b,4,1.0,20.23,2.8328838520450517,0.0522001075672048,18.657073174009565,0.1977261492832427,902.076124567474,42.31339594661394,39701.0
sarathi,long input short output,qwen_7b,5,1.0,21.6,3.9313083165790883,0.056943324278145586,20.050414466531947,0.23148148148148145,1256.7129629629628,48.10185185185185,39701.0
sarathi,long input short output,qwen_7b,6,1.0,22.06,4.319678428233601,0.05944234008314776,20.73211828735657,0.271985494106981,1635.6754306436992,52.03989120580236,39701.0
sarathi,long input short output,qwen_7b,7,1.0,22.01,4.227629544492811,0.058414827890228484,20.61309080508072,0.31803725579282144,1832.8941390277146,55.15674693321217,39701.0
sarathi,long input short output,qwen_7b,8,1.0,39.95,4.291645004914607,0.05938398507359103,29.833737584750626,0.2002503128911139,1160.700876095119,40.625782227784725,39701.0
sarathi,long input short output,qwen_7b,9,1.0,39.79,4.180098873469978,0.06002307352725353,28.92013501459732,0.22618748429253582,1244.759989947223,40.81427494345313,39701.0
sarathi,long input short output,qwen_7b,10,1.0,47.305,4.243685651873238,0.06059795537666834,40.27614946699469,0.2113941443822006,2400.2959518021353,88.95465595603002,39701.0
sarathi,long input short output,qwen_7b,10,2.0,47.42,4.212599015864543,0.06097486354391246,41.411972733004944,0.21088148460565162,1197.237452551666,44.3694643610291,39701.0
sarathi,long input short output,qwen_7b,10,3.0,46.67,4.210790329042356,0.06186769398466612,41.88115174132398,0.21427040925648166,1216.4773944718233,45.08249410756375,39701.0
sarathi,long input short output,qwen_7b,10,4.0,46.48,4.189272901089862,0.06019526665318363,42.266399307164825,0.21514629948364888,1221.45008605852,45.26678141135973,39701.0
sarathi,long input short output,qwen_7b,10,5.0,47.23,4.212853102362715,0.060558741993482754,43.26618425622582,0.21172983273343216,1202.0537793775143,44.547956807114126,39701.0
sarathi,long input short output,qwen_7b,10,6.0,46.6,4.181977118877694,0.06028536931062356,42.88881720927311,0.2145922746781116,1218.3047210300429,45.15021459227468,39701.0
sarathi,long input short output,qwen_7b,10,7.0,47.42,4.258197000646033,0.06108365854731976,43.77922987677156,0.21088148460565162,1197.237452551666,44.3694643610291,39701.0
sarathi,long input short output,qwen_7b,10,8.0,46.55,4.180327382148243,0.06042885784400051,43.107468067924486,0.21482277121374868,1219.6133190118153,45.19871106337272,39701.0
sarathi,long input short output,qwen_7b,10,9.0,46.63,4.18193464417709,0.06005505816752795,43.27771833895239,0.2144542140253056,1217.5209092858674,45.12116663092429,39701.0
sarathi,long input short output,qwen_7b,10,10.0,45.54,4.1283409935887905,0.06031057829377597,42.37894841216038,0.21958717610891523,1246.6622749231444,46.20114185331577,39701.0
sarathi,long input short output,yi_6b,1,1.0,13.49,1.082375641912222,0.045011016261384706,12.47115477360785,0.07412898443291327,203.70644922164567,18.82876204595997,39521.0
sarathi,long input short output,yi_6b,2,1.0,18.99,2.7593886964838026,0.0472059106587235,17.71063006737968,0.10531858873091102,501.4218009478673,29.963138493944182,39625.0
sarathi,long input short output,yi_6b,3,1.0,19.22,2.7010207042330876,0.048321328092248775,17.829473675857297,0.15608740894901146,713.3194588969824,40.322580645161295,39625.0
sarathi,long input short output,yi_6b,4,1.0,19.79,2.7462798890308475,0.04996312511359653,18.21607482493855,0.202122283981809,922.1323900960082,43.25416877210713,39625.0
sarathi,long input short output,yi_6b,5,1.0,21.17,3.829913191590458,0.055931781007965344,19.61768069122918,0.23618327822390173,1282.2390174775626,49.07888521492678,39625.0
sarathi,long input short output,yi_6b,6,1.0,21.77,4.079453617101535,0.0565747174893123,20.13151654915419,0.2756086357372531,1657.4644005512173,52.733118971061096,39625.0
sarathi,long input short output,yi_6b,7,1.0,22.57,4.210397045640275,0.058937881894029175,20.88919700635597,0.31014621178555607,1787.4169251218432,53.78821444395215,39625.0
sarathi,long input short output,yi_6b,8,1.0,38.71,4.0813552990905,0.05670817572941504,28.503726471005933,0.20666494445879618,1197.8816843192974,41.927150607078275,39625.0
sarathi,long input short output,yi_6b,9,1.0,39.29,4.082075030496344,0.05753911158150563,28.467577993404117,0.22906592008144566,1260.6006617459914,41.33367269025197,39625.0
sarathi,long input short output,yi_6b,10,1.0,46.760000000000005,4.067524163541384,0.05794542220994248,39.35862762061879,0.213857998289136,2428.2720273738237,89.99144568006842,39625.0
sarathi,long input short output,yi_6b,10,2.0,45.34,4.033564325957559,0.05764789293476494,39.20253963144496,0.22055580061755622,1252.161446846052,46.40494044993383,39625.0
sarathi,long input short output,yi_6b,10,3.0,46.73,4.1593889961717645,0.05859871659689815,41.56122983222594,0.21399529210357374,1214.9154718596192,45.02460945859191,39625.0
sarathi,long input short output,yi_6b,10,4.0,46.0,4.030228481721133,0.058232122208693254,41.43990268413908,0.21739130434782608,1234.195652173913,45.73913043478261,39625.0
sarathi,long input short output,yi_6b,10,5.0,46.75,4.104252097744029,0.059073719328376816,42.42541502095991,0.21390374331550802,1214.3957219251338,45.00534759358289,39625.0
sarathi,long input short output,yi_6b,10,6.0,46.58,4.168702585494612,0.058368206761694574,42.54596497309394,0.21468441391155002,1218.827823100043,45.16960068699013,39625.0
sarathi,long input short output,yi_6b,10,7.0,46.38,4.039597447472625,0.058404788987439435,42.49320420703152,0.21561017680034497,1224.0836567485985,45.36438119879258,39625.0
sarathi,long input short output,yi_6b,10,8.0,45.61,3.9525703951949254,0.05755548084029355,41.97020381207111,0.21925016443762332,1244.7489585617188,46.13023459767595,39625.0
sarathi,long input short output,yi_6b,10,9.0,45.97,4.075149298657198,0.057130822742586206,42.37352079371921,0.2175331738090059,1235.0010876658691,45.768979769414834,39625.0
sarathi,long input short output,yi_6b,10,10.0,46.09,4.06532535192091,0.05773173989495261,42.51511871729744,0.2169668040789759,1231.7856367975699,45.64981557821653,39625.0
vllm,long input short output,llama2_7b,1,1.0,12.28,0.2738436390645802,0.0434277936992909,11.261514149606228,0.08143322475570033,223.77850162866451,20.684039087947884,38371.0
vllm,long input short output,llama2_7b,2,1.0,16.16,0.5397709510871209,0.0472294114632916,14.745938408293295,0.12376237623762376,589.2326732673267,35.21039603960396,38765.0
vllm,long input short output,llama2_7b,3,1.0,16.6,0.5354524977738038,0.050012491952709515,15.318146746000274,0.18072289156626503,825.9036144578313,46.6867469879518,38765.0
vllm,long input short output,llama2_7b,4,1.0,16.23,0.6985162202734501,0.04827732776289145,14.826959217956754,0.24645717806531114,1124.3992606284658,52.74183610597659,39177.0
vllm,long input short output,llama2_7b,5,1.0,17.87,0.7640680467709898,0.05949502538850074,16.35537883983925,0.27979854504756574,1519.0263010632343,58.14213766088416,39295.0
vllm,long input short output,llama2_7b,6,1.0,17.97,0.7820147192105651,0.06414953435221818,16.613963039359078,0.333889816360601,2007.9577072899278,63.88425153032833,39617.0
vllm,long input short output,llama2_7b,7,1.0,18.55,0.7857633695239201,0.06818520911809806,17.08517956344876,0.3773584905660377,2174.7708894878706,65.44474393530997,39617.0
vllm,long input short output,llama2_7b,8,1.0,24.98,0.7839498974732123,0.07115999860146884,18.742539870087057,0.32025620496397117,1856.285028022418,64.97197758206565,39481.0
vllm,long input short output,llama2_7b,9,1.0,25.87,0.7862156446557492,0.07471294898345142,19.517183691076934,0.3478933127174333,1914.534209509084,62.77541553923463,39617.0
vllm,long input short output,llama2_7b,10,1.0,30.11,0.8414108175085857,0.09139724704436958,23.473813913867343,0.33211557622052473,3771.03952175357,139.75423447359682,39827.0
vllm,long input short output,llama2_7b,10,2.0,27.26,1.6553313214099035,0.07610075342187579,22.89743080332409,0.3668378576669112,2082.648569332355,77.18268525311812,40311.0
vllm,long input short output,llama2_7b,10,3.0,27.29,1.6153759292210452,0.07916049573768619,24.084525784512515,0.36643459142543056,2080.359105899597,77.0978380359106,40357.0
vllm,long input short output,llama2_7b,10,4.0,27.26,1.6607990411110223,0.08489417540845652,24.70403622303856,0.3668378576669112,2082.648569332355,77.18268525311812,40495.0
vllm,long input short output,llama2_7b,10,5.0,27.18,1.6657754338695667,0.083091374636618,24.860029426810794,0.36791758646063283,2088.7785136129505,77.40986019131715,40495.0
vllm,long input short output,llama2_7b,10,6.0,26.48,1.6559201993048192,0.08385908326216543,24.313831274374387,0.3776435045317221,2143.9954682779457,79.45619335347432,40495.0
vllm,long input short output,llama2_7b,10,7.0,27.08,1.6561459665419533,0.08414917747999422,25.163282616005745,0.36927621861152143,2096.4918759231905,77.69571639586411,40495.0
vllm,long input short output,llama2_7b,10,8.0,27.18,1.6619194049271755,0.08447302207331325,25.351738437684254,0.36791758646063283,2088.7785136129505,77.40986019131715,40495.0
vllm,long input short output,llama2_7b,10,9.0,27.35,1.6606547987670637,0.08355064626341721,25.59817639129469,0.3656307129798903,2075.795246800731,76.92870201096892,40495.0
vllm,long input short output,llama2_7b,10,10.0,27.2,1.658475130808074,0.08453377902760012,25.494149086752437,0.36764705882352944,2087.2426470588234,77.3529411764706,40495.0
vllm,long input short output,mistral_7b,1,1.0,12.35,0.2726145458873361,0.04373909125340138,11.33886686572805,0.08097165991902834,222.51012145748987,20.5668016194332,38253.0
vllm,long input short output,mistral_7b,2,1.0,16.11,0.553529504337348,0.04777986074908128,14.945115182502196,0.12414649286157667,591.0614525139665,35.31967721911856,38741.0
vllm,long input short output,mistral_7b,3,1.0,16.53,0.5466226069489494,0.04948053808094071,15.238531192205846,0.18148820326678763,829.4010889292196,46.88445251058681,38741.0
vllm,long input short output,mistral_7b,4,1.0,16.42,0.7131514062173665,0.04904947328447131,15.032331647351382,0.24360535931790497,1111.3885505481119,52.131546894031665,39157.0
vllm,long input short output,mistral_7b,5,1.0,17.26,0.7792901258915662,0.05592893437951759,15.766301644966006,0.2896871378910776,1572.7114716106603,60.196987253765926,39397.0
vllm,long input short output,mistral_7b,6,1.0,18.32,0.8028004461666569,0.06411419613451928,16.682567814539652,0.32751091703056767,1969.5960698689955,62.66375545851528,39639.0
vllm,long input short output,mistral_7b,7,1.0,18.71,0.8026899105403572,0.06707299635498949,16.94212845042348,0.37413148049171563,2156.1731694281134,64.88508818813469,39639.0
vllm,long input short output,mistral_7b,8,1.0,25.73,0.8011527960654348,0.07232139197005633,19.161433055624364,0.3109211037699184,1802.1764477263894,63.078118927322194,39639.0
vllm,long input short output,mistral_7b,9,1.0,25.28,0.8037375318352133,0.07317290276221114,18.773942729504775,0.3560126582278481,1959.2167721518986,64.24050632911393,39639.0
vllm,long input short output,mistral_7b,10,1.0,30.07,0.8537886408390477,0.0909903198950633,23.019250936130994,0.3325573661456601,3776.0558696375124,139.94013967409379,39911.0
vllm,long input short output,mistral_7b,10,2.0,27.72,1.6987005376955495,0.07912380460863155,23.08586191666545,0.36075036075036077,2048.088023088023,75.90187590187591,40555.0
vllm,long input short output,mistral_7b,10,3.0,26.49,1.7060762216104195,0.08056244481801209,23.019604461244306,0.37750094375235943,2143.18610796527,79.42619856549642,40825.0
vllm,long input short output,mistral_7b,10,4.0,27.53,1.7176321494160218,0.08371111013504556,24.595775052555833,0.3632401017072285,2062.2230294224482,76.42571739920086,40825.0
vllm,long input short output,mistral_7b,10,5.0,27.48,1.7051622946746647,0.0830183428629243,24.829344221937934,0.363901018922853,2065.975254730713,76.56477438136827,40825.0
vllm,long input short output,mistral_7b,10,6.0,27.31,1.6994145508855583,0.08209290445496054,24.917648718063717,0.36616623947272064,2078.835591358477,77.04137678506042,40825.0
vllm,long input short output,mistral_7b,10,7.0,27.53,1.705812723876443,0.08359130033791488,25.297602685412855,0.3632401017072285,2062.2230294224482,76.42571739920086,40825.0
vllm,long input short output,mistral_7b,10,8.0,27.14,1.7016008961130864,0.08098942168561428,25.01960322541417,0.36845983787767134,2091.8570375829036,77.52394988946205,40825.0
vllm,long input short output,mistral_7b,10,9.0,26.89,1.6527458936558106,0.07721854958293707,24.976695974229365,0.3718854592785422,2111.3053179620674,78.24470063220528,40589.0
vllm,long input short output,mistral_7b,10,10.0,27.17,1.6983666665502823,0.08260599792900997,25.280799666466187,0.368052999631947,2089.5472948104525,77.43835112256164,40825.0
vllm,long input short output,mixtral_7b_8expert,1,1.0,12.01,0.1097637410275638,0.04307040965585811,11.006800926523283,0.08326394671107411,228.80932556203163,21.149042464612823,38827.0
vllm,long input short output,mixtral_7b_8expert,2,1.0,15.43,0.09170427443459624,0.04607426204172692,14.270417502103372,0.12961762799740764,617.1095268956578,36.87621516526248,39027.0
vllm,long input short output,mixtral_7b_8expert,3,1.0,15.02,0.1059798445086926,0.04452424100381221,13.740123165003023,0.1997336884154461,912.7829560585885,51.59786950732357,39027.0
vllm,long input short output,mixtral_7b_8expert,4,1.0,15.45,0.09453221570001909,0.046069709266100066,14.031832711456808,0.25889967637540456,1181.1650485436894,55.40453074433657,39007.0
vllm,long input short output,mixtral_7b_8expert,5,1.0,15.95,0.11415239996276791,0.048371113100514306,14.395577263645826,0.31347962382445144,1701.8808777429467,65.141065830721,39167.0
vllm,long input short output,mixtral_7b_8expert,6,1.0,15.68,0.11675102525623515,0.04916481678801796,14.048256263777148,0.3826530612244898,2301.2117346938776,73.21428571428572,39167.0
vllm,long input short output,mixtral_7b_8expert,7,1.0,15.84,0.11993932905606919,0.04914333771634562,14.07844514113385,0.44191919191919193,2546.843434343434,76.64141414141415,39147.0
vllm,long input short output,mixtral_7b_8expert,8,1.0,24.83,0.12008659190032626,0.051906020633840755,17.433581555809358,0.3221908981071285,1867.4989931534435,65.3644784534837,39167.0
vllm,long input short output,mixtral_7b_8expert,9,1.0,24.73,0.11994214593432838,0.05133770720527802,17.164532974129543,0.36393044884755354,2002.7901334411645,65.6692276587141,39167.0
vllm,long input short output,mixtral_7b_8expert,10,1.0,28.64,0.32410502564162014,0.05638739467222393,21.604187337460463,0.34916201117318435,3964.594972067039,146.92737430167597,39303.0
vllm,long input short output,mixtral_7b_8expert,10,2.0,25.57,0.15055740049574518,0.05499336304189566,20.840626829117532,0.39108330074305825,2220.2972233085648,82.28392647633946,39303.0
vllm,long input short output,mixtral_7b_8expert,10,3.0,24.19,0.14769861927488817,0.055291678351253114,20.638452420860993,0.41339396444811904,2346.9615543613063,86.97809011988424,39457.0
vllm,long input short output,mixtral_7b_8expert,10,4.0,23.64,0.16125501155620436,0.05447697415244098,20.659133515914434,0.4230118443316413,2401.565143824027,89.00169204737732,39203.0
vllm,long input short output,mixtral_7b_8expert,10,5.0,23.5,0.15543539712671187,0.055866788718155404,20.89393170966068,0.425531914893617,2415.872340425532,89.53191489361703,39203.0
vllm,long input short output,mixtral_7b_8expert,10,6.0,23.02,0.209333948441781,0.052761882993979194,20.60627342694206,0.43440486533449174,2466.24674196351,91.39878366637707,39203.0
vllm,long input short output,mixtral_7b_8expert,10,7.0,23.41,0.20398991063702845,0.05572606220695248,21.115836381644474,0.42716787697565145,2425.1601879538657,89.87612131567705,39383.0
vllm,long input short output,mixtral_7b_8expert,10,8.0,23.29,0.24951476146234197,0.0557530997597496,21.161533129296725,0.42936882782310004,2437.655646200086,90.33920137398026,39693.0
vllm,long input short output,mixtral_7b_8expert,10,9.0,22.98,0.25063999267295,0.05482352665843791,20.912152296584097,0.4351610095735422,2470.539599651871,91.55787641427328,39693.0
vllm,long input short output,mixtral_7b_8expert,10,10.0,23.31,0.3409013017662801,0.05747436992474831,21.343878557626155,0.429000429000429,2435.5641355641355,90.26169026169026,39409.0
vllm,long input short output,qwen_7b,1,1.0,12.61,0.2509015309624374,0.04482592248243718,11.59212018060498,0.07930214115781127,217.92228390166537,20.14274385408406,38441.0
vllm,long input short output,qwen_7b,2,1.0,16.09,0.5433819826343097,0.04802900325374341,14.926402483030689,0.12430080795525171,591.7961466749534,35.36357986326911,38835.0
vllm,long input short output,qwen_7b,3,1.0,16.76,0.5326485203811898,0.05021856401750837,15.47824051901698,0.17899761336515513,818.0190930787588,46.24105011933174,38835.0
vllm,long input short output,qwen_7b,4,1.0,17.26,0.7064443765324541,0.052337345710859275,15.85593708595261,0.2317497103128621,1057.300115874855,49.59443800695249,39245.0
vllm,long input short output,qwen_7b,5,1.0,18.18,0.7700192620977759,0.05999753068373336,16.640187644446268,0.27502750275027504,1493.1243124312432,57.15071507150715,39363.0
vllm,long input short output,qwen_7b,6,1.0,18.57,0.7891996815451421,0.0666235909295584,17.202947032288648,0.32310177705977383,1943.0802369413032,61.82014001077006,39685.0
vllm,long input short output,qwen_7b,7,1.0,18.48,0.7894809707067907,0.06721664098919904,16.98208981871139,0.3787878787878788,2183.008658008658,65.6926406926407,39685.0
vllm,long input short output,qwen_7b,8,1.0,25.53,0.7915794733911753,0.07366545924119096,19.198468210815918,0.3133568350959655,1816.2945554249902,63.572267920094006,39549.0
vllm,long input short output,qwen_7b,9,1.0,25.87,0.7891640142071992,0.07534009940567263,19.568082677572967,0.3478933127174333,1914.534209509084,62.77541553923463,39685.0
vllm,long input short output,qwen_7b,10,1.0,30.035,0.84863172294572,0.09089509671321139,23.357353623339442,0.33294489761944396,3780.4561345097386,140.10321291826202,39895.0
vllm,long input short output,qwen_7b,10,2.0,27.27,1.6707305830088446,0.07785547234462378,22.88316296027042,0.3667033370003667,2081.884855152182,77.15438210487716,40379.0
vllm,long input short output,qwen_7b,10,3.0,27.87,1.6234023432480171,0.08005081359320543,24.589215860329567,0.35880875493362036,2037.064944384643,75.49336203803372,40425.0
vllm,long input short output,qwen_7b,10,4.0,27.87,1.6218886784859934,0.07995818901367152,25.107250967028083,0.35880875493362036,2037.064944384643,75.49336203803372,40373.0
vllm,long input short output,qwen_7b,10,5.0,27.87,1.6691597862634806,0.0842898661905686,25.487273241614453,0.35880875493362036,2037.064944384643,75.49336203803372,40563.0
vllm,long input short output,qwen_7b,10,6.0,27.65,1.6756677799974569,0.08394154353741515,25.477071496308774,0.3616636528028933,2053.273056057866,76.09403254972875,40563.0
vllm,long input short output,qwen_7b,10,7.0,27.75,1.6730891686165705,0.08489262933842834,25.8160822997801,0.36036036036036034,2045.873873873874,75.81981981981981,40563.0
vllm,long input short output,qwen_7b,10,8.0,27.67,1.6663393561961128,0.08446238573587225,25.82394698660355,0.36140224069389226,2051.7889410914345,76.03903144199494,40563.0
vllm,long input short output,qwen_7b,10,9.0,27.3,1.6744330137735233,0.08552944748196747,25.552182659984098,0.3663003663003663,2079.5970695970695,77.06959706959707,40563.0
vllm,long input short output,qwen_7b,10,10.0,27.79,1.67261808286421,0.08462610381635989,26.096387735719322,0.35984166966534725,2042.929111191076,75.71068729758906,40563.0
vllm,long input short output,yi_6b,1,1.0,12.44,0.2466679378412664,0.044198179494206735,11.42919868370518,0.08038585209003216,220.90032154340838,20.418006430868168,38375.0
vllm,long input short output,yi_6b,2,1.0,15.86,0.511481770593673,0.047455310892548716,14.703978401538915,0.12610340479192939,600.3783102143758,35.87641866330391,38795.0
vllm,long input short output,yi_6b,3,1.0,16.38,0.5041050184750929,0.049026658015819985,15.09706353622023,0.18315018315018317,836.996336996337,47.313797313797316,38795.0
vllm,long input short output,yi_6b,4,1.0,16.59,0.6646669585490599,0.04977908039434102,15.179148305463606,0.24110910186859555,1100.0,51.597347799879444,39195.0
vllm,long input short output,yi_6b,5,1.0,17.68,0.7251367049757391,0.05592955903141859,16.132140856189654,0.2828054298642534,1535.3506787330316,58.76696832579186,39449.0
vllm,long input short output,yi_6b,6,1.0,18.36,0.7451207202393562,0.06388718834089167,16.70277461776277,0.32679738562091504,1965.3050108932462,62.52723311546841,39635.0
vllm,long input short output,yi_6b,7,1.0,18.39,0.7468182144220918,0.06615931389358477,16.671778374444692,0.3806416530723219,2193.6922240348013,66.01413811854269,39635.0
vllm,long input short output,yi_6b,8,1.0,25.77,0.7473985821707174,0.07110677496493303,19.084335465135517,0.3104384943733023,1799.3791230112533,62.980209545983705,39635.0
vllm,long input short output,yi_6b,9,1.0,25.48,0.746506143733859,0.07208987384060905,18.861028350889683,0.3532182103610675,1943.8383045525902,63.73626373626374,39635.0
vllm,long input short output,yi_6b,10,1.0,29.715,0.7955860187415965,0.0876980134967016,22.60462767870631,0.33653037186606094,3821.1677603903754,141.61198048123842,39845.0
vllm,long input short output,yi_6b,10,2.0,27.37,1.0962041688268074,0.07507857920747481,22.696626291598655,0.36536353671903543,2074.2784070149796,76.87248812568505,39703.0
vllm,long input short output,yi_6b,10,3.0,27.26,1.570047572418116,0.08118299145629859,23.773405498079953,0.3668378576669112,2082.648569332355,77.18268525311812,40703.0
vllm,long input short output,yi_6b,10,4.0,26.99,1.5678119229734875,0.07988128631812286,24.03698508611414,0.3705075954057058,2103.482771396814,77.95479807336051,40703.0
vllm,long input short output,yi_6b,10,5.0,26.43,1.5671964363893494,0.08045683344156712,23.774961162975522,0.37835792659856227,2148.0514566780175,79.60650775633749,40703.0
vllm,long input short output,yi_6b,10,6.0,26.98,1.574108334281482,0.08128822887486116,24.583095646975558,0.37064492216456635,2104.2624166048927,77.98369162342476,40703.0
vllm,long input short output,yi_6b,10,7.0,26.3,1.5742378660012037,0.07916106229735304,24.120397228910583,0.38022813688212925,2158.6692015209123,80.0,40703.0
vllm,long input short output,yi_6b,10,8.0,26.95,1.5199662220198662,0.073313136806022,24.79641809795284,0.3710575139146568,2106.604823747681,78.07050092764379,40363.0
vllm,long input short output,yi_6b,10,9.0,27.16,1.5259522635489704,0.07661794480999769,25.108470367139667,0.36818851251840945,2090.3166421207657,77.46686303387334,40363.0
vllm,long input short output,yi_6b,10,10.0,27.24,1.5269404250429943,0.07613742797883996,25.23668738720007,0.3671071953010279,2084.177679882526,77.23935389133628,40363.0
sarathi,mixed long short input output,llama2_7b,1,1.0,6.26,0.2607923247851431,0.04579608889997279,5.252710265573114,0.1597444089456869,96.3258785942492,17.57188498402556,39383.0
sarathi,mixed long short input output,llama2_7b,2,1.0,9.93,0.2653372484142892,0.04506634469202182,8.708895799680613,0.2014098690835851,97.38167170191339,30.71500503524673,39383.0
sarathi,mixed long short input output,llama2_7b,3,1.0,288.1,0.2655568188754841,0.04723204257987989,258.9796125010121,0.010413051023950017,25.88337382853176,23.366886497743838,39383.0
sarathi,mixed long short input output,llama2_7b,4,1.0,286.67,0.2251404357142746,0.04676981138594959,244.2618043724563,0.013953326124114835,28.335717026546202,24.352042418111417,39383.0
sarathi,mixed long short input output,llama2_7b,5,1.0,288.53,0.26591210849583147,0.04820462403657373,244.0879729258362,0.017329220531660486,35.316951443524076,29.629501265033102,39383.0
sarathi,mixed long short input output,llama2_7b,6,1.0,290.47,3.068286264431663,0.05270843252512306,235.04961057787295,0.020656177918545803,65.76238510001032,29.98932764140875,39503.0
sarathi,mixed long short input output,llama2_7b,7,1.0,289.3,2.9123983943834872,0.05225687454671113,238.7833583330036,0.024196335983408226,76.13895610093329,39.54718285516764,39503.0
sarathi,mixed long short input output,llama2_7b,8,1.0,291.71,2.661117352463769,0.052103826263139925,233.0822312594274,0.027424496931884406,86.14377292516541,48.2568304137671,39503.0
sarathi,mixed long short input output,llama2_7b,9,1.0,294.27,2.729507511295377,0.05297332061152082,226.90085584977635,0.030584157406463454,91.58595847351073,49.498759642505185,39503.0
sarathi,mixed long short input output,llama2_7b,10,1.0,288.895,3.9838974502054048,0.05393745015665457,286.1227281551808,0.03461465238235345,194.12589349071465,106.15621592620157,39503.0
sarathi,mixed long short input output,llama2_7b,10,2.0,287.92,2.6826641283347232,0.05660936098730624,214.99490987975133,0.03473186996387885,97.39163656571269,53.25784940261183,39503.0
sarathi,mixed long short input output,llama2_7b,10,3.0,288.42,2.67719621887663,0.057681689928396764,215.97202287546807,0.03467165938561819,97.22280008321198,53.165522501906935,39503.0
sarathi,mixed long short input output,llama2_7b,10,4.0,278.9,2.7051746159326244,0.05850924635727652,209.09381294990874,0.035855145213338116,100.54141269272141,54.98027967013267,39503.0
sarathi,mixed long short input output,llama2_7b,10,5.0,282.41,2.714882770949039,0.05777900406211056,211.45219040968206,0.035409510994653164,99.29180978010693,54.29694415920115,39503.0
sarathi,mixed long short input output,llama2_7b,10,6.0,286.48,2.7021528481272945,0.058305707856470074,214.7072997921494,0.03490645071209159,97.88117844177603,53.525551521921244,39503.0
sarathi,mixed long short input output,llama2_7b,10,7.0,289.04,2.699998257146213,0.05800824765217813,216.95075101290115,0.0345972875726543,97.01425408247992,53.0514807639081,39503.0
sarathi,mixed long short input output,llama2_7b,10,8.0,288.2,2.5917005601571836,0.05709714331795733,216.5897622544666,0.03469812630117974,97.2970159611381,53.20610687022901,39503.0
sarathi,mixed long short input output,llama2_7b,10,9.0,292.62,2.1919941050582534,0.04963959425244921,219.3363555773276,0.0341740140796938,95.82735288086938,52.40243318980247,39503.0
sarathi,mixed long short input output,llama2_7b,10,10.0,294.93,2.6165281531284528,0.05771779832292276,220.93997285846837,0.03390635065947852,95.07679788424372,51.99199810124436,39503.0
sarathi,mixed long short input output,mistral_7b,1,1.0,6.3,0.2569673771504313,0.04611805996242398,5.284004992572591,0.15873015873015872,95.71428571428572,17.460317460317462,39483.0
sarathi,mixed long short input output,mistral_7b,2,1.0,10.38,0.2689995038206689,0.04708180271404939,9.14188066065544,0.19267822736030826,93.15992292870905,29.38342967244701,39483.0
sarathi,mixed long short input output,mistral_7b,3,1.0,288.37,0.27347544734366236,0.04571936210623545,259.2052236667601,0.010403301314283733,25.859139300204596,23.345008149252696,39483.0
sarathi,mixed long short input output,mistral_7b,4,1.0,289.74,0.2744376551476307,0.04782707333328372,246.86394892319794,0.01380548077586802,28.03548008559398,24.09401532408366,39483.0
sarathi,mixed long short input output,mistral_7b,5,1.0,291.32,0.27757438365370035,0.04793417732130726,246.17684327280145,0.017163256899629276,34.97871756144446,29.345736646986133,39483.0
sarathi,mixed long short input output,mistral_7b,6,1.0,291.18,3.137286906829104,0.05246797356976669,235.5527186015388,0.0206058108386565,65.60203310666941,29.916203035922795,39603.0
sarathi,mixed long short input output,mistral_7b,7,1.0,293.09,2.9093321288702985,0.05194625425182694,242.40322048242658,0.02388344877000239,75.1543894366918,39.035791053942475,39603.0
sarathi,mixed long short input output,mistral_7b,8,1.0,292.7,2.770103620458392,0.053762787569559316,233.9292360591934,0.027331738981892725,85.85240860949779,48.09361120601299,39603.0
sarathi,mixed long short input output,mistral_7b,9,1.0,291.67,2.693228936428203,0.05286504634480107,224.7976925643626,0.030856790208111905,92.40237254431378,49.940000685706444,39603.0
sarathi,mixed long short input output,mistral_7b,10,1.0,291.75,3.924272523040418,0.052944397412963,287.8436996930861,0.03427592116538132,192.22622107969153,105.11739502999143,39603.0
sarathi,mixed long short input output,mistral_7b,10,2.0,296.72,2.6005601952667314,0.05619163351326933,221.8568284968029,0.03370180641682394,94.503235373416,51.67834995955783,39603.0
sarathi,mixed long short input output,mistral_7b,10,3.0,292.64,2.6368575860513337,0.057255411786713326,219.1701665840692,0.03417167851284855,95.82080371787863,52.398851831601974,39603.0
sarathi,mixed long short input output,mistral_7b,10,4.0,292.46,2.6352360086631927,0.05796038963631998,219.62406676008814,0.034192710114203655,95.87977843123846,52.431101689119885,39603.0
sarathi,mixed long short input output,mistral_7b,10,5.0,295.6,2.721212857635688,0.05928298431969066,222.01779991945932,0.03382949932341001,94.86129905277402,51.87415426251691,39603.0
sarathi,mixed long short input output,mistral_7b,10,6.0,292.7,2.6187961513758604,0.057606140737571164,219.47475308910924,0.0341646737273659,95.80116159890673,52.38811069354288,39603.0
sarathi,mixed long short input output,mistral_7b,10,7.0,296.85,2.660010258120015,0.05862781880614626,222.8534620505756,0.0336870473303015,94.46184941889842,51.65571837628431,39603.0
sarathi,mixed long short input output,mistral_7b,10,8.0,294.61,2.624779424106233,0.05778704874490706,221.3679086743503,0.033943179118156204,95.18006856522182,52.04847085978072,39603.0
sarathi,mixed long short input output,mistral_7b,10,9.0,296.76,2.6591419375734366,0.05855486747955096,222.56885529329284,0.03369726378218089,94.49049737161343,51.671384283596176,39603.0
sarathi,mixed long short input output,mistral_7b,10,10.0,291.93,2.6043238842743412,0.057522813418765945,219.38695483844478,0.03425478710649813,96.05384852533142,52.52629054910424,39603.0
sarathi,mixed long short input output,mixtral_7b_8expert,1,1.0,6.12,0.2611007080413401,0.04440615966770832,5.101516776485369,0.16339869281045752,98.52941176470588,17.973856209150327,39409.0
sarathi,mixed long short input output,mixtral_7b_8expert,2,1.0,9.92,0.22105445434572166,0.04508390988254063,8.693161165365018,0.20161290322580647,97.47983870967742,30.745967741935484,39409.0
sarathi,mixed long short input output,mixtral_7b_8expert,3,1.0,283.51,0.26304676153231404,0.046129157926760124,254.8141181114828,0.010581637332016508,26.302423194949032,23.745194173045043,39409.0
sarathi,mixed long short input output,mixtral_7b_8expert,4,1.0,291.38,0.2574049742659554,0.04789464519089455,248.27280839207805,0.01372777815910495,27.877685496602375,23.958404832177912,39409.0
sarathi,mixed long short input output,mixtral_7b_8expert,5,1.0,288.81,0.23687803805805738,0.045800682716497454,244.22722158292305,0.017312419930057825,35.282711817457844,29.600775596412866,39409.0
sarathi,mixed long short input output,mixtral_7b_8expert,6,1.0,287.97,2.8784524571965444,0.04935390751596244,232.80585785553558,0.020835503698301904,66.33329860749383,30.24967878598465,39409.0
sarathi,mixed long short input output,mixtral_7b_8expert,7,1.0,288.6,2.688364657363852,0.04932177874149676,238.396522636013,0.024255024255024252,76.32363132363132,39.64310464310464,39409.0
sarathi,mixed long short input output,mixtral_7b_8expert,8,1.0,283.46,2.264519629813729,0.046880373458757056,226.24651632547602,0.02822267692090595,88.6509560431807,49.66132787694913,39409.0
sarathi,mixed long short input output,mixtral_7b_8expert,9,1.0,289.5,2.5270641607232385,0.05030685291285727,222.9944439728278,0.031088082901554404,93.09499136442142,50.314335060449054,39409.0
sarathi,mixed long short input output,mixtral_7b_8expert,10,1.0,290.62,3.6243872840190305,0.049633871987046836,289.2681232871837,0.034409194136673316,192.9736425572913,105.52611657834973,39409.0
sarathi,mixed long short input output,mixtral_7b_8expert,10,2.0,289.68,2.1440583586576367,0.04748551087775293,216.12053797603568,0.03452085059375863,96.79991714995857,52.93427230046948,39409.0
sarathi,mixed long short input output,mixtral_7b_8expert,10,3.0,290.53,2.3754919697646955,0.051590194537979604,216.90309298343473,0.03441985337142464,96.51671083881183,52.77940315974254,39409.0
sarathi,mixed long short input output,mixtral_7b_8expert,10,4.0,285.87,2.3928192117600666,0.05237109148512023,214.10538456549386,0.03498093539021233,98.0900409276944,53.639766327351595,39409.0
sarathi,mixed long short input output,mixtral_7b_8expert,10,5.0,287.18,2.3770651667495226,0.05120049431479307,215.28561167692516,0.034821366390417156,97.64259349536876,53.39508322306567,39409.0
sarathi,mixed long short input output,mixtral_7b_8expert,10,6.0,282.57,2.4226789337699266,0.0525821646353137,211.7393882364033,0.03538946101850869,99.23558764200021,54.266199525781225,39409.0
sarathi,mixed long short input output,mixtral_7b_8expert,10,7.0,282.87,2.48890853686025,0.05382758017048431,212.1533260061986,0.03535192844769682,99.13034256018666,54.2086470816983,39409.0
sarathi,mixed long short input output,mixtral_7b_8expert,10,8.0,288.39,2.213957966188897,0.04950448562704179,216.1686631192335,0.03467526613266757,97.23291376261314,53.171053087832455,39409.0
sarathi,mixed long short input output,mixtral_7b_8expert,10,9.0,281.73,2.29675579339964,0.04982688333989033,211.07865227278074,0.03549497746068931,99.53146629751889,54.42799843822099,39409.0
sarathi,mixed long short input output,mixtral_7b_8expert,10,10.0,289.62,2.4132955332170205,0.05276514046528644,216.96117878551578,0.034528002209792144,96.81997099647815,52.94523858849527,39409.0
sarathi,mixed long short input output,qwen_7b,1,1.0,6.43,0.2698974579107016,0.04723387800900419,5.418580943718553,0.15552099533437014,93.7791601866252,17.107309486780718,39579.0
sarathi,mixed long short input output,qwen_7b,2,1.0,10.66,0.28117323556216434,0.04759928329151353,9.412139760761056,0.18761726078799248,90.71294559099437,28.611632270168855,39579.0
sarathi,mixed long short input output,qwen_7b,3,1.0,292.65,0.272180141787976,0.04798537109312288,263.0980555858929,0.01025115325474116,25.480949940201608,23.00358790363916,39579.0
sarathi,mixed long short input output,qwen_7b,4,1.0,290.53,0.2634419041220098,0.049785551727274696,247.59202672194215,0.013767941348569856,27.959246893608235,24.02849963859154,39579.0
sarathi,mixed long short input output,qwen_7b,5,1.0,284.72,0.2746184329967945,0.048837241431448304,240.49734619692896,0.0175611126720989,35.78954762573756,30.025990446754705,39579.0
sarathi,mixed long short input output,qwen_7b,6,1.0,293.4,2.802428748691455,0.051572888128987276,236.68568316928577,0.02044989775051125,65.10565780504432,29.68984321745058,39699.0
sarathi,mixed long short input output,qwen_7b,7,1.0,295.24,2.9214112685993285,0.05418961574464411,243.8596612171036,0.023709524454680938,74.60709930903671,38.75152418371494,39699.0
sarathi,mixed long short input output,qwen_7b,8,1.0,294.58,2.774234426289329,0.05288343797359727,235.73787800612618,0.02715730871070677,85.3045013239188,47.7866793400774,39699.0
sarathi,mixed long short input output,qwen_7b,9,1.0,296.97,2.7685044608078884,0.0569577550957587,229.2570663847494,0.0303060915243964,90.75327474155638,49.04872546048422,39699.0
sarathi,mixed long short input output,qwen_7b,10,1.0,296.39,4.119138975697569,0.055938756769184625,294.0870249104686,0.03373932993690745,189.2169101521644,103.47177705050778,39699.0
sarathi,mixed long short input output,qwen_7b,10,2.0,289.31,2.591476898582183,0.058704463945748554,215.57827753692382,0.034564999481525006,96.92371504614427,53.00197020497045,39699.0
sarathi,mixed long short input output,qwen_7b,10,3.0,294.03,2.590174533275418,0.05832200112934313,219.5274797492193,0.03401013502023603,95.36781961024386,52.151141040029934,39699.0
sarathi,mixed long short input output,qwen_7b,10,4.0,292.21,2.651941803796213,0.05758491902531706,218.79417917169616,0.0342219636562746,95.96180828855961,52.475959070531474,39699.0
sarathi,mixed long short input output,qwen_7b,10,5.0,294.09,2.582387233304322,0.059561155376105554,220.24967247660953,0.034003196300452246,95.34836274609815,52.14050120711347,39699.0
sarathi,mixed long short input output,qwen_7b,10,6.0,300.14,2.6327577911666555,0.06105650021959802,225.0544244280665,0.033317785033650966,93.42640101286067,51.08949157060039,39699.0
sarathi,mixed long short input output,qwen_7b,10,7.0,296.09,2.810736147232815,0.06048098610631542,222.49441514195624,0.033773514809686246,94.7043128778412,51.78830760917289,39699.0
sarathi,mixed long short input output,qwen_7b,10,8.0,297.54,2.674845677614208,0.05892550200877183,224.1307493800412,0.0336089265308866,94.24279088525911,51.53592794246151,39699.0
sarathi,mixed long short input output,qwen_7b,10,9.0,294.02,2.538885853381358,0.05835894272136622,220.23317763521317,0.034011291748860625,95.37106319298007,52.15291476770288,39699.0
sarathi,mixed long short input output,qwen_7b,10,10.0,297.59,2.621883399819486,0.05984828868785031,223.417110879137,0.03360327968009678,94.22695655095939,51.5272690614604,39699.0
sarathi,mixed long short input output,yi_6b,1,1.0,6.04,0.2542659339960664,0.04373271523872305,5.021320778643712,0.16556291390728478,99.83443708609272,18.211920529801326,39503.0
sarathi,mixed long short input output,yi_6b,2,1.0,10.5,0.28464547843905164,0.04745717304000371,9.259782078233547,0.19047619047619047,92.0952380952381,29.047619047619047,39503.0
sarathi,mixed long short input output,yi_6b,3,1.0,286.45,0.26359255886636673,0.04608115919817749,257.4814449369907,0.010473031942747426,26.032466399022518,23.501483679525222,39503.0
sarathi,mixed long short input output,yi_6b,4,1.0,283.37,0.25362036157166584,0.04714355987934368,241.43100267724355,0.01411582030560751,28.66570208561245,24.635635388361507,39503.0
sarathi,mixed long short input output,yi_6b,5,1.0,285.08,0.260346559016034,0.04735057152354339,241.12182827158827,0.017538936438894346,35.74435246246668,29.988073523221555,39503.0
sarathi,mixed long short input output,yi_6b,6,1.0,290.55,3.1823017284623347,0.05340232516923537,234.93654652161058,0.020650490449148167,65.74427809327138,29.981070383754947,39623.0
sarathi,mixed long short input output,yi_6b,7,1.0,292.51,2.9017030415590828,0.05198710128623637,241.7775014561367,0.023930805784417628,75.30340843048101,39.1131927113603,39623.0
sarathi,mixed long short input output,yi_6b,8,1.0,294.52,2.781980430253314,0.05346702038237182,235.25128462160927,0.027162841233192993,85.32187966861335,47.79641450495722,39623.0
sarathi,mixed long short input output,yi_6b,9,1.0,299.23,2.7792089564725746,0.053958661719453044,230.96578514315183,0.030077198141897535,90.0678407913645,48.67827423720883,39623.0
sarathi,mixed long short input output,yi_6b,10,1.0,295.815,3.6692915852647277,0.053888898264585414,293.8680595524144,0.03380491185369234,189.5847066578774,103.67290367290367,39623.0
sarathi,mixed long short input output,yi_6b,10,2.0,298.58,2.608441832312379,0.056615311785482035,223.06677458981267,0.03349186147766093,93.91452876950902,51.35642038984527,39623.0
sarathi,mixed long short input output,yi_6b,10,3.0,293.16,2.6031300167902334,0.05711316496275698,219.1731580827849,0.03411106562969027,95.65083913221449,52.30590803656706,39623.0
sarathi,mixed long short input output,yi_6b,10,4.0,293.05,2.599289499653965,0.057616792032229455,219.45303650780096,0.03412386964681795,95.68674287664221,52.32554171643064,39623.0
sarathi,mixed long short input output,yi_6b,10,5.0,288.97,2.5940060815075374,0.05705167369456108,216.57853229866583,0.03460566840848531,97.03775478423366,53.06433193757137,39623.0
sarathi,mixed long short input output,yi_6b,10,6.0,289.27,2.605390785366759,0.05740978479098923,216.55418629287726,0.03456977909911156,96.93711757181872,53.009299270577664,39623.0
sarathi,mixed long short input output,yi_6b,10,7.0,293.7,2.589238575031046,0.05727013063761763,220.23212083178788,0.03404834865509023,95.47497446373852,52.20973782771536,39623.0
sarathi,mixed long short input output,yi_6b,10,8.0,297.65,2.6206395044340716,0.05799735823350244,223.15976413189185,0.03359650596337981,94.20796237191333,51.5168822442466,39623.0
sarathi,mixed long short input output,yi_6b,10,9.0,296.71,2.674867794394955,0.05898801682632357,222.87305832268885,0.0337029422668599,94.50642041050185,51.680091672002966,39623.0
sarathi,mixed long short input output,yi_6b,10,10.0,295.32,2.6461917353095448,0.05823736748176615,221.53985864233675,0.03386157388595422,94.95123933360424,51.923337396722204,39623.0
vllm,mixed long short input output,llama2_7b,1,1.0,6.08,0.1063531800173223,0.04547149646779471,5.062912970781326,0.16447368421052633,99.17763157894737,18.092105263157894,38227.0
vllm,mixed long short input output,llama2_7b,2,1.0,9.98,0.09417193790432057,0.04549677769227795,8.7479368624161,0.2004008016032064,96.8937875751503,30.561122244488978,38247.0
vllm,mixed long short input output,llama2_7b,3,1.0,291.6,0.09726141141727561,0.04903117445787005,262.1688134631142,0.0102880658436214,25.57270233196159,23.086419753086417,38249.0
vllm,mixed long short input output,llama2_7b,4,1.0,288.09,0.09691806636983522,0.04931249847552398,245.50922319260417,0.013884549967024195,28.196049845534382,24.232010829948976,38249.0
vllm,mixed long short input output,llama2_7b,5,1.0,289.11,0.09515614113770421,0.05055594556097913,244.50953875216652,0.01729445539759953,35.24610010030784,29.570059838815673,38269.0
vllm,mixed long short input output,llama2_7b,6,1.0,288.51,0.6161050942610018,0.05825793484303241,233.47033250372624,0.020796506186960592,66.20914353055353,30.193060899102285,38909.0
vllm,mixed long short input output,llama2_7b,7,1.0,295.0,0.578767413902096,0.05902789214742314,243.188161048293,0.023728813559322035,74.66779661016949,38.78305084745763,38889.0
vllm,mixed long short input output,llama2_7b,8,1.0,293.53,0.5466559363761913,0.05818506923253264,233.9036279188934,0.027254454399890986,85.60964807685757,47.957619323408174,38909.0
vllm,mixed long short input output,llama2_7b,9,1.0,293.24,0.5160509698092934,0.059431278983690036,225.21276591573837,0.03069158368571818,91.90765243486564,49.67262310735234,38909.0
vllm,mixed long short input output,llama2_7b,10,1.0,295.66499999999996,0.7853884992189706,0.06226873049478329,293.01027073424774,0.033822062131128136,189.68088884379284,103.72550014374377,38889.0
vllm,mixed long short input output,llama2_7b,10,2.0,295.32,0.49230466147418994,0.06456089867527828,219.68359961514344,0.03386157388595422,94.95123933360424,51.923337396722204,38889.0
vllm,mixed long short input output,llama2_7b,10,3.0,282.15,0.48929657940752735,0.059313552660350086,209.85053013316337,0.0354421407052986,99.38330675172782,54.346978557504876,38889.0
vllm,mixed long short input output,llama2_7b,10,4.0,297.54,0.5173420156934292,0.06660359491955438,221.67192599050452,0.0336089265308866,94.24279088525911,51.53592794246151,38909.0
vllm,mixed long short input output,llama2_7b,10,5.0,293.58,0.521015093638561,0.06441798413501394,218.6914121504522,0.034062265821922476,95.51399959125281,52.23107841133592,38909.0
vllm,mixed long short input output,llama2_7b,10,6.0,294.3,0.5208545509725802,0.06523703731395403,218.97794514315882,0.03397893306150187,95.28032619775739,52.10329595650696,38909.0
vllm,mixed long short input output,llama2_7b,10,7.0,295.87,0.5162292260210954,0.06529034955439404,220.26886939787056,0.033798627775712305,94.77473214587488,51.82681583127725,38909.0
vllm,mixed long short input output,llama2_7b,10,8.0,290.12,0.5159398503252299,0.06401012414348424,216.42691036873714,0.03446849579484351,96.6531090583207,52.853991451813044,38909.0
vllm,mixed long short input output,llama2_7b,10,9.0,293.45,0.5164436562219628,0.06554967317499834,218.2985907987806,0.03407735559720566,95.55631283012438,52.254217072755154,38909.0
vllm,mixed long short input output,llama2_7b,10,10.0,294.88,0.5162546697072679,0.06582420752561424,219.9220294987432,0.03391209983722192,95.09291915355399,52.000813890396095,38909.0
vllm,mixed long short input output,mistral_7b,1,1.0,6.06,0.1005044858902692,0.04534496971696547,5.043253197800368,0.16501650165016502,99.50495049504951,18.151815181518153,38065.0
vllm,mixed long short input output,mistral_7b,2,1.0,10.14,0.10226327310083433,0.047205835665924165,8.911241508764215,0.1972386587771203,95.36489151873766,30.078895463510847,38091.0
vllm,mixed long short input output,mistral_7b,3,1.0,288.97,0.10136186620220536,0.04736808868013808,259.7495940623805,0.010381700522545593,25.80544693220749,23.29653597259231,38093.0
vllm,mixed long short input output,mistral_7b,4,1.0,290.75,0.09923057549167422,0.04865938342943609,247.6978658586623,0.013757523645743766,27.938091143594153,24.01031814273431,38087.0
vllm,mixed long short input output,mistral_7b,5,1.0,287.41,0.09925728626549235,0.04878170183268011,242.96903310311023,0.01739675028704638,35.454577085000516,29.744963640791898,38093.0
vllm,mixed long short input output,mistral_7b,6,1.0,293.41,0.6344607379869558,0.05687419236712854,237.3935929616564,0.020449200777069628,65.10343887393067,29.68883132817559,38857.0
vllm,mixed long short input output,mistral_7b,7,1.0,293.11,0.5922317241318519,0.05648767426242348,241.9881465359357,0.023881819112278664,75.14926136945174,39.03312749479717,38871.0
vllm,mixed long short input output,mistral_7b,8,1.0,294.16,0.5575831767753694,0.05681658247041698,234.45490754230406,0.027196083763937992,85.42629861299972,47.85490889311939,38857.0
vllm,mixed long short input output,mistral_7b,9,1.0,293.72,0.5261803700588641,0.05830232159459288,225.74480282561848,0.03064142720958736,91.757456080621,49.5914476372055,38857.0
vllm,mixed long short input output,mistral_7b,10,1.0,296.87,0.8004707242595032,0.0585164305582053,294.9847376489197,0.03368477784889009,188.9109711321454,103.30447670697612,38871.0
vllm,mixed long short input output,mistral_7b,10,2.0,298.26,0.5044095075572834,0.06337676449559383,221.17422737146245,0.03352779454167505,94.01528867431101,51.411520150204524,38871.0
vllm,mixed long short input output,mistral_7b,10,3.0,296.22,0.49420684555079714,0.06373737103826041,220.2758233308558,0.03375869286341233,94.6627506582945,51.76557963675646,38871.0
vllm,mixed long short input output,mistral_7b,10,4.0,294.65,0.5266799933742725,0.06224995274786652,219.40254077845003,0.033938571186153066,95.16714746309181,52.04140505684711,38871.0
vllm,mixed long short input output,mistral_7b,10,5.0,291.11,0.5307295295293436,0.06353256597402612,216.3849887987597,0.03435127614990897,96.32441345195974,52.674246848270414,38871.0
vllm,mixed long short input output,mistral_7b,10,6.0,293.67,0.5273625365574837,0.0631005397788545,219.04493176826492,0.034051826880512136,95.48472775564409,52.21507133857731,38871.0
vllm,mixed long short input output,mistral_7b,10,7.0,299.57,0.5279066965682426,0.06456932573670297,223.33797969284916,0.03338117969089028,93.60416597122543,51.18670093801115,38871.0
vllm,mixed long short input output,mistral_7b,10,8.0,295.9,0.5231752795050846,0.06049090247925544,220.56843080960664,0.03379520108144644,94.76512335248395,51.82156133828997,38871.0
vllm,mixed long short input output,mistral_7b,10,9.0,290.64,0.5303098730510094,0.06208818438517195,215.5075426280846,0.03440682631434077,96.48018166804295,52.75942747041013,38871.0
vllm,mixed long short input output,mistral_7b,10,10.0,296.42,0.5304492525290692,0.06356868738660712,220.88000900361203,0.033735915255380874,94.59887996761351,51.730652452601035,38871.0
vllm,mixed long short input output,mixtral_7b_8expert,1,1.0,6.07,0.1068147919140756,0.045398360716366985,5.055384624749422,0.16474464579901152,99.34102141680395,18.121911037891266,38771.0
vllm,mixed long short input output,mixtral_7b_8expert,2,1.0,9.82,0.12519649175228548,0.04636960175132654,8.60890838385094,0.20366598778004072,98.4725050916497,31.05906313645621,38771.0
vllm,mixed long short input output,mixtral_7b_8expert,3,1.0,290.65,0.10841169117484241,0.04708895968111382,261.2452746073715,0.01032169275761225,25.656287631171516,23.161878548081887,38771.0
vllm,mixed long short input output,mixtral_7b_8expert,4,1.0,288.66,0.10212274519726625,0.04623545842785964,245.82082020821971,0.013857132959190742,28.1403727568766,24.184161297027643,38771.0
vllm,mixed long short input output,mixtral_7b_8expert,5,1.0,287.84,0.0991064598318189,0.046382611635043126,243.26844408954491,0.01737076153418566,35.401612006670376,29.700528071150643,38771.0
vllm,mixed long short input output,mixtral_7b_8expert,6,1.0,280.78,0.11743060901062558,0.049128688996712716,227.1837722901255,0.021369043379158063,68.03191110477955,31.024289479307647,39121.0
vllm,mixed long short input output,mixtral_7b_8expert,7,1.0,284.96,0.11590154396835711,0.049333883273250945,234.59114341214288,0.024564851207186975,77.29856822010107,40.14949466591803,39121.0
vllm,mixed long short input output,mixtral_7b_8expert,8,1.0,292.76,0.11232514870353037,0.05002596903638086,233.32759009287685,0.027326137450471376,85.8348134991119,48.0837546112857,39121.0
vllm,mixed long short input output,mixtral_7b_8expert,9,1.0,290.82,0.11290412177331739,0.05043247382322679,223.72152800555338,0.030946977511863007,92.67244343580222,50.085963826421846,39121.0
vllm,mixed long short input output,mixtral_7b_8expert,10,1.0,288.905,0.12142297610407693,0.05100458342870565,284.55802725439423,0.03461345424966685,194.11917412298163,106.15254149287829,39121.0
vllm,mixed long short input output,mixtral_7b_8expert,10,2.0,287.56,0.11243484161095686,0.05115632814188923,213.4438563659087,0.034775351231047434,97.51356238698011,53.32452357768813,39121.0
vllm,mixed long short input output,mixtral_7b_8expert,10,3.0,290.78,0.10179964547278353,0.05069269057598888,215.75423519741724,0.034390260678175945,96.43372996767316,52.73402572391499,39121.0
vllm,mixed long short input output,mixtral_7b_8expert,10,4.0,283.41,0.11374842615332448,0.05104263557039701,211.2207460613221,0.03528457005751385,98.94146289827458,54.10535972619173,39121.0
vllm,mixed long short input output,mixtral_7b_8expert,10,5.0,282.34,0.11001861609984182,0.050105420771473945,209.6460332002489,0.035418290004958566,99.3164270029043,54.31040589360346,39121.0
vllm,mixed long short input output,mixtral_7b_8expert,10,6.0,283.83,0.10936688454821698,0.04966997580698745,211.26958265283594,0.03523235739703344,98.79505337702146,54.025296832611076,39121.0
vllm,mixed long short input output,mixtral_7b_8expert,10,7.0,292.91,0.11055340151069683,0.051393138957751494,217.86119013426344,0.034140179577344575,95.73247755283192,52.350551363900166,39097.0
vllm,mixed long short input output,mixtral_7b_8expert,10,8.0,286.13,0.12375040432671082,0.049849210293977604,212.5610773889579,0.034949148988222135,98.0009086778737,53.59102505853983,39097.0
vllm,mixed long short input output,mixtral_7b_8expert,10,9.0,289.4,0.11534307663096112,0.05059835889013426,215.06241844989108,0.03455425017277125,96.89357290946788,52.98548721492744,39097.0
vllm,mixed long short input output,mixtral_7b_8expert,10,10.0,293.11,0.11468176213093093,0.051432565501617136,217.94478708994558,0.034116884446112376,95.66715567534372,52.314830609668725,39097.0
vllm,mixed long short input output,qwen_7b,1,1.0,6.15,0.1011443678289651,0.04621829107455021,5.139146645786241,0.16260162601626016,98.04878048780488,17.88617886178862,38297.0
vllm,mixed long short input output,qwen_7b,2,1.0,10.51,0.09953675139695402,0.04818372292633922,9.266818698507269,0.19029495718363465,92.00761179828734,29.01998097050428,38297.0
vllm,mixed long short input output,qwen_7b,3,1.0,288.05,0.1017836374463513,0.04873578624910306,258.95401872824874,0.010414858531504947,25.887866689810796,23.3709425446971,38297.0
vllm,mixed long short input output,qwen_7b,4,1.0,287.68,0.09377581933513272,0.049406802547950525,245.1040001622051,0.013904338153503892,28.236234705228032,24.26654616240267,38317.0
vllm,mixed long short input output,qwen_7b,5,1.0,294.4,0.1113914518151432,0.04556901939339543,248.68755241855973,0.016983695652173916,34.61277173913044,29.03872282608696,38317.0
vllm,mixed long short input output,qwen_7b,6,1.0,289.64,0.6159357069409452,0.05666450309208548,234.0702153687016,0.020715370805137412,65.95083551995582,30.075265847258667,38957.0
vllm,mixed long short input output,qwen_7b,7,1.0,289.27,0.583080344041809,0.058077856564987596,238.59547875081176,0.02419884536937809,76.14685242161303,39.55128426729353,38957.0
vllm,mixed long short input output,qwen_7b,8,1.0,298.3,0.5519927765591998,0.059364124322186,237.52279693295705,0.02681863895407308,84.2406972846128,47.19074756956084,38957.0
vllm,mixed long short input output,qwen_7b,9,1.0,290.92,0.5192055026534943,0.06001038966860044,223.71220024926583,0.030936339887254225,92.64058847793207,50.06874742197167,38957.0
vllm,mixed long short input output,qwen_7b,10,1.0,295.05,0.7827556386240758,0.05912822670219979,289.59198535055623,0.03389256058295204,190.07625826131164,103.94170479579732,38957.0
vllm,mixed long short input output,qwen_7b,10,2.0,292.69,0.47984281401149853,0.06491277854890776,218.07793883093382,0.034165840992176025,95.80443472616078,52.38990057740271,38957.0
vllm,mixed long short input output,qwen_7b,10,3.0,298.74,0.4946720759267912,0.05753923276706525,221.83016963435784,0.0334739238133494,93.86422976501305,51.32891477538997,38957.0
vllm,mixed long short input output,qwen_7b,10,4.0,292.23,0.8399274186464026,0.06543609958653067,218.00186242274924,0.034219621530985865,95.95524073503746,52.47236765561372,38993.0
vllm,mixed long short input output,qwen_7b,10,5.0,299.02,0.5190014025662089,0.06497259307303124,222.42220214043027,0.03344257909169955,93.77633603103472,51.280850779212095,38957.0
vllm,mixed long short input output,qwen_7b,10,6.0,289.56,0.5211537389666767,0.05918579287924128,215.66142963080182,0.034535156789611825,96.84003315375051,52.95620942119077,38957.0
vllm,mixed long short input output,qwen_7b,10,7.0,300.26,0.5199259848683135,0.06449737899901797,223.96371630746853,0.033304469459801506,93.3890628122294,51.06907346965963,38977.0
vllm,mixed long short input output,qwen_7b,10,8.0,297.68,0.5195539363776327,0.06543228362881236,221.67158662091225,0.03359312012899758,94.19846815372212,51.51169040580489,38977.0
vllm,mixed long short input output,qwen_7b,10,9.0,290.99,0.5144732320448377,0.058424774897611706,216.68763513005086,0.034365442111412764,96.36413622461252,52.69596893364033,38977.0
vllm,mixed long short input output,qwen_7b,10,10.0,288.79,0.5195459491573268,0.06409274737675533,215.5885133164933,0.03462723778524187,97.09823747359673,53.09740641988988,38977.0
vllm,mixed long short input output,yi_6b,1,1.0,6.04,0.1001230808906257,0.04516842858780415,5.023727292660624,0.16556291390728478,99.83443708609272,18.211920529801326,38219.0
vllm,mixed long short input output,yi_6b,2,1.0,10.01,0.10564102823846033,0.046157192177080905,8.782149490423034,0.1998001998001998,96.6033966033966,30.46953046953047,38253.0
vllm,mixed long short input output,yi_6b,3,1.0,281.57,0.09640573780052362,0.04895513476699408,253.0950316440081,0.010654544163085556,26.483645274709666,23.908797101963987,38253.0
vllm,mixed long short input output,yi_6b,4,1.0,292.97,0.09527124778833237,0.04872151135957428,249.62878588113225,0.01365327507935966,27.72638836740963,23.82837833225245,38241.0
vllm,mixed long short input output,yi_6b,5,1.0,286.88,0.09151709349825969,0.04903543464600132,242.47614501286296,0.01742889012827663,35.520078081427776,29.799916341327386,38253.0
vllm,mixed long short input output,yi_6b,6,1.0,294.4,0.5856408579857089,0.05390997486376838,238.08006346132606,0.020380434782608696,64.88451086956522,29.588994565217394,38925.0
vllm,mixed long short input output,yi_6b,7,1.0,296.98,0.551671341527253,0.05592694760839717,245.1830362116684,0.023570610815543132,74.16997777628123,38.524479762946996,38913.0
vllm,mixed long short input output,yi_6b,8,1.0,289.9,0.5186806647805493,0.052887374258723474,231.22277581316877,0.027595722662987238,86.68161434977578,48.55812349085892,38925.0
vllm,mixed long short input output,yi_6b,9,1.0,288.03,0.49122835816815474,0.05556760625962186,221.64203709154384,0.031246745130715552,93.57011422421276,50.57112106377809,38925.0
vllm,mixed long short input output,yi_6b,10,1.0,299.505,0.7459269312093966,0.05976943791547038,297.3541316554066,0.03338842423331831,187.24896078529574,102.3956194387406,38913.0
vllm,mixed long short input output,yi_6b,10,2.0,288.44,0.4601283384719857,0.061577155977461315,214.4540179014786,0.03466925530439606,97.216058799057,53.161836083760925,38913.0
vllm,mixed long short input output,yi_6b,10,3.0,292.81,0.4690282623167143,0.0620166390536242,217.11262533090758,0.03415183907653427,95.76517195450975,52.36843003995765,38913.0
vllm,mixed long short input output,yi_6b,10,4.0,296.16,0.49010354744968876,0.06178608491622799,220.16955946116923,0.0337655321447866,94.6819286871961,51.77606699081577,38933.0
vllm,mixed long short input output,yi_6b,10,5.0,294.89,0.49148194266017464,0.061586239975353216,219.47624021553185,0.03391094984570518,95.0896944623419,51.999050493404326,38933.0
vllm,mixed long short input output,yi_6b,10,6.0,296.65,0.4905949649750249,0.06287473111994966,220.7914898086221,0.03370975897522333,94.52553514242373,51.69054441260745,38933.0
vllm,mixed long short input output,yi_6b,10,7.0,293.27,0.4944203998078586,0.062248732559746695,217.86744415027772,0.034098271217649266,95.61496232141032,52.28628908514339,38933.0
vllm,mixed long short input output,yi_6b,10,8.0,296.32,0.4916764803812833,0.06324476547968912,221.26346565635157,0.03374730021598272,94.63080453563715,51.74811015118791,38933.0
vllm,mixed long short input output,yi_6b,10,9.0,289.59,0.4907729516620742,0.061239927596892035,216.22799734665296,0.03453157912911358,96.83000103594738,52.95072343658276,38933.0
vllm,mixed long short input output,yi_6b,10,10.0,295.81,0.4910607534926379,0.06207958407188111,220.49055351212138,0.033805483249383046,94.793955579595,51.83732801460397,38933.0
sarathi,short input long output,llama2_7b,1,1.0,295.02,0.1615128351841122,0.04328990859450605,293.97035236866213,0.003389600705036947,23.564504101416855,23.008609585790794,39383.0
sarathi,short input long output,llama2_7b,2,1.0,301.05,0.1577505603898316,0.04464407337018408,289.5834717671154,0.0066434147151635935,30.94502574323202,29.327354260089685,39383.0
sarathi,short input long output,llama2_7b,3,1.0,303.62,0.14663958104792982,0.04628987152942731,281.71825292143035,0.009880772017653645,36.143864040577036,33.79882748172057,39383.0
sarathi,short input long output,llama2_7b,4,1.0,307.97,0.19406976167811077,0.045947527389477355,274.8160936869215,0.012988278079033671,41.9326557781602,38.094619605805754,39383.0
sarathi,short input long output,llama2_7b,5,1.0,316.35,0.22050551902502766,0.04728576519282557,307.2149979174137,0.0158052789631737,60.20862968231389,55.76102418207681,39383.0
sarathi,short input long output,llama2_7b,6,1.0,341.56,0.18858586793066928,0.04695454294289028,332.6578080941108,0.01756645977280712,77.83112776671742,72.73685443260335,39383.0
sarathi,short input long output,llama2_7b,7,1.0,340.41,0.22066387417726216,0.04742460193889376,330.7201241189381,0.020563438206868186,94.59769101965277,88.21421227343497,39383.0
sarathi,short input long output,llama2_7b,8,1.0,331.38,0.25665892637334753,0.046008403036829994,320.927255351271,0.02414146900838916,101.85285774639387,93.76848331220955,39383.0
sarathi,short input long output,llama2_7b,9,1.0,353.94,0.20757641238160424,0.053896351894015856,342.3356432777364,0.02542803865061875,106.40786573995592,97.92337684353281,39383.0
sarathi,short input long output,llama2_7b,10,1.0,340.565,0.24889989633811635,0.05299127549095349,333.75195540370186,0.029362970358081424,241.7218445817979,223.10572137477428,39383.0
sarathi,short input long output,llama2_7b,10,2.0,351.29,0.6141468208981677,0.054321179737785406,340.77504925992105,0.02846650915198269,117.17099832047596,108.14711491929744,39383.0
sarathi,short input long output,llama2_7b,10,3.0,343.06,0.25843500216724347,0.05353656657197381,333.4174386790371,0.029149419926543463,119.98192735964554,110.74156124293127,39383.0
sarathi,short input long output,llama2_7b,10,4.0,348.17,0.24550170886795963,0.05331929878155231,338.64354310999624,0.02872160151650056,118.22098400206795,109.11623632133727,39383.0
sarathi,short input long output,llama2_7b,10,5.0,340.47,0.2929380156449042,0.04822727164100561,331.1553841099725,0.029371163391781946,120.89464563691367,111.5839868417188,39383.0
sarathi,short input long output,llama2_7b,10,6.0,338.07,0.24865440607536582,0.04720518976118359,328.9248735389672,0.02957967284881829,121.75289141302098,112.37613511994557,39383.0
sarathi,short input long output,llama2_7b,10,7.0,350.05,0.31123420635703947,0.05443887756695392,340.8807817934896,0.028567347521782603,117.58605913440937,108.53020997000428,39383.0
sarathi,short input long output,llama2_7b,10,8.0,334.4,0.300585916347336,0.04942374489853812,325.46290401280856,0.029904306220095697,123.0891148325359,113.60944976076556,39383.0
sarathi,short input long output,llama2_7b,10,9.0,349.4,0.25408217307412995,0.053409050663699775,340.34342672271885,0.028620492272467088,117.80480824270178,108.73211219232971,39383.0
sarathi,short input long output,llama2_7b,10,10.0,343.12,0.29906743260798974,0.053866478905941415,334.32291868685274,0.029144322685940777,119.96094660760083,110.7221963161576,39383.0
sarathi,short input long output,mistral_7b,1,1.0,299.15,0.1331104580312967,0.04390148704787693,298.0926157697104,0.003342804613070366,23.239177670065185,22.690957713521648,39483.0
sarathi,short input long output,mistral_7b,2,1.0,305.76,0.1444206641055643,0.045516065571862815,294.1242069036001,0.006541077969649398,30.468341182626897,28.87558869701727,39483.0
sarathi,short input long output,mistral_7b,3,1.0,311.81,0.17781457775272425,0.04603817255889245,289.0800152583513,0.009621243706103075,35.19450947692505,32.91106763734325,39483.0
sarathi,short input long output,mistral_7b,4,1.0,309.07,0.21187851396389298,0.04585210540956377,275.87896557502677,0.012942051962338628,41.78341476041027,37.9590384055392,39483.0
sarathi,short input long output,mistral_7b,5,1.0,305.31,0.21675454694777727,0.04524096365442292,296.54150084424765,0.016376797353509547,62.38577183845927,57.77734106318169,39483.0
sarathi,short input long output,mistral_7b,6,1.0,342.44,0.20719686575466764,0.04761333045928395,333.59621977678034,0.01752131760308375,77.63111786006307,72.54993575516879,39483.0
sarathi,short input long output,mistral_7b,7,1.0,336.55,0.21342654586769638,0.04626401917385753,326.8013818118023,0.02079928688159263,95.68266230872084,89.22596939533501,39483.0
sarathi,short input long output,mistral_7b,8,1.0,343.31,0.2253954274579882,0.0479633419973108,332.532135959703,0.023302554542541726,98.31347761498354,90.51003466254988,39483.0
sarathi,short input long output,mistral_7b,9,1.0,345.42,0.2517927691806108,0.05238596008255728,333.9858399378136,0.026055237102657634,109.03248219558797,100.33871808233455,39483.0
sarathi,short input long output,mistral_7b,10,1.0,356.555,0.2816755256731994,0.054679447264365466,351.7201405824744,0.028046163985920827,230.8816311648974,213.1003631978236,39483.0
sarathi,short input long output,mistral_7b,10,2.0,352.05,0.2947612028336152,0.053371542579222324,341.547206942318,0.028405056099985795,116.91805141315153,107.91364862945603,39483.0
sarathi,short input long output,mistral_7b,10,3.0,350.33,0.25244067609310145,0.052174696592644544,340.318808905757,0.028544515171409816,117.49207889703995,108.44346758770303,39483.0
sarathi,short input long output,mistral_7b,10,4.0,349.82,0.303832990094088,0.05288074052452585,340.2834843999706,0.028586130009719286,117.66336973300555,108.60156651992453,39483.0
sarathi,short input long output,mistral_7b,10,5.0,339.67,0.2992085050675086,0.05044713278892366,330.79515404166887,0.029440339152707037,121.17937998645743,111.84679247504931,39483.0
sarathi,short input long output,mistral_7b,10,6.0,352.55,0.2569209216395393,0.05403103820836582,343.2829141913214,0.028364770954474542,116.75223372571266,107.76060133314424,39483.0
sarathi,short input long output,mistral_7b,10,7.0,342.26,0.25999100119806823,0.047655759328841266,333.02791327796876,0.02921755390638696,120.26237363407935,111.0004090457547,39483.0
sarathi,short input long output,mistral_7b,10,8.0,342.69,0.2500665389350615,0.05257214430729219,333.827299121581,0.029180892351688116,120.11147100878345,110.86112813329832,39483.0
sarathi,short input long output,mistral_7b,10,9.0,357.24,0.2496102178934961,0.0554438913523814,348.2164700500667,0.02799238607098869,115.21946030679655,106.34587392229314,39483.0
sarathi,short input long output,mistral_7b,10,10.0,353.63,0.2568269927985966,0.05233169083965185,344.47778185955246,0.028278143822639483,116.39566778836637,107.43149619658966,39483.0
sarathi,short input long output,mixtral_7b_8expert,1,1.0,307.49,0.1540474239736795,0.04512768877957374,306.43581076478586,0.0032521382809197045,22.608865328953787,22.075514650882955,39409.0
sarathi,short input long output,mixtral_7b_8expert,2,1.0,308.12,0.16800375261809675,0.04562488354210299,296.3843541993876,0.006490977541217707,30.23497338699208,28.654420355705568,39409.0
sarathi,short input long output,mixtral_7b_8expert,3,1.0,296.34,0.13621284172404552,0.04402917171903687,274.7336171462899,0.010123506782749545,37.03178781129784,34.629142201525276,39409.0
sarathi,short input long output,mixtral_7b_8expert,4,1.0,298.23,0.1853483506245538,0.0448410752670945,266.2900059155188,0.013412466887972369,43.3021493478188,39.33876538242296,39409.0
sarathi,short input long output,mixtral_7b_8expert,5,1.0,310.69,0.2058082275092601,0.04622106556331402,301.64240018310954,0.016093211883227654,61.30548134796743,56.776851524027165,39409.0
sarathi,short input long output,mixtral_7b_8expert,6,1.0,328.76,0.18479813344310966,0.0451668928590933,320.1139852399938,0.018250395425234215,80.86141866407105,75.56880399075314,39409.0
sarathi,short input long output,mixtral_7b_8expert,7,1.0,330.4,0.1981126581551506,0.04599059624109331,320.862017664453,0.021186440677966104,97.46368038740921,90.88680387409201,39409.0
sarathi,short input long output,mixtral_7b_8expert,8,1.0,337.66,0.249174582993146,0.047004670782824234,327.073008437478,0.023692471717111887,99.95853817449505,92.0245217082272,39409.0
sarathi,short input long output,mixtral_7b_8expert,9,1.0,343.57,0.24610520359128707,0.04821178218531496,331.9933845757041,0.02619553511657013,109.61958261780714,100.87900573391158,39409.0
sarathi,short input long output,mixtral_7b_8expert,10,1.0,341.85,0.27020287245977664,0.047882604782260765,337.75498278215525,0.0292525961679099,240.8132221734679,222.267076203013,39409.0
sarathi,short input long output,mixtral_7b_8expert,10,2.0,336.53,0.26332010156475005,0.04740604266327159,326.47902195554923,0.029715032835111285,122.31004665260156,112.89038124387129,39409.0
sarathi,short input long output,mixtral_7b_8expert,10,3.0,334.41,0.27334169636014843,0.04701178732835903,324.61736305801895,0.02990341197930684,123.08543404802487,113.6060524505846,39409.0
sarathi,short input long output,mixtral_7b_8expert,10,4.0,338.01,0.2371488228207454,0.04763067050844684,328.4729185841279,0.029584923522972695,121.7745037129079,112.39608295612557,39409.0
sarathi,short input long output,mixtral_7b_8expert,10,5.0,332.17,0.24360579430358478,0.04720835301651955,323.4051248396048,0.0301050666827227,123.9154649727549,114.37215883433181,39409.0
sarathi,short input long output,mixtral_7b_8expert,10,6.0,329.42,0.24968124907463782,0.04626709537053933,320.43699260913996,0.03035638394754417,124.94991196648655,115.32693825511504,39409.0
sarathi,short input long output,mixtral_7b_8expert,10,7.0,338.81,0.2725568593945354,0.047445830608754715,329.68134960363386,0.029515067441929103,121.48696909772438,112.13069271863286,39409.0
sarathi,short input long output,mixtral_7b_8expert,10,8.0,338.51,0.2456258626072667,0.047293233073068895,329.4409609329887,0.029541224779179344,121.5946353135801,112.23006705858025,39409.0
sarathi,short input long output,mixtral_7b_8expert,10,9.0,337.78,0.28021711624460294,0.04750282990872538,328.8915727636427,0.02960506838770798,121.85742199064481,112.47261531174138,39409.0
sarathi,short input long output,mixtral_7b_8expert,10,10.0,327.41,0.24161621998064217,0.04668327184727261,318.8092600111151,0.03054274457102715,125.71699092880485,116.03494089978925,39409.0
sarathi,short input long output,qwen_7b,1,1.0,308.76,0.1622975380159914,0.04531406879355615,307.7091512628831,0.0032387614976033168,22.51586993133826,21.98471304573131,39579.0
sarathi,short input long output,qwen_7b,2,1.0,304.84,0.18018515708390623,0.045139066244631314,293.2185251909308,0.006560818790185016,30.5602939246818,28.96273454927175,39579.0
sarathi,short input long output,qwen_7b,3,1.0,312.05,0.17643896443769327,0.04677359785601085,289.44355011801235,0.009613843935266785,35.1674411152059,32.88575548790258,39579.0
sarathi,short input long output,qwen_7b,4,1.0,311.61,0.20553854182362555,0.04619631977748615,278.15628269203,0.012836558518661147,41.44282917749751,37.64962613523314,39579.0
sarathi,short input long output,qwen_7b,5,1.0,316.8,0.22775631621479983,0.04733476942570185,307.8259523477405,0.015782828282828284,60.123106060606055,55.68181818181818,39579.0
sarathi,short input long output,qwen_7b,6,1.0,343.97,0.2195527608273551,0.047750701049474216,335.21442777209455,0.017443381690263684,77.28580980899497,72.2272291188185,39579.0
sarathi,short input long output,qwen_7b,7,1.0,344.84,0.23400768116116522,0.048117603667979195,335.0950342366006,0.020299269226307853,93.38243823222365,87.08096508525693,39579.0
sarathi,short input long output,qwen_7b,8,1.0,342.34,0.26803349822293965,0.04782892732487475,331.75679179155264,0.023368580942922244,98.59204299818894,90.76648945492785,39579.0
sarathi,short input long output,qwen_7b,9,1.0,352.39,0.2766797272488475,0.054251326090808336,340.8864931841381,0.025539884786741962,106.8759045375862,98.3540963137433,39579.0
sarathi,short input long output,qwen_7b,10,1.0,350.6,0.24526290529174732,0.0546815116971672,342.70263272861484,0.028522532800912718,234.80319452367368,216.71990872789502,39579.0
sarathi,short input long output,qwen_7b,10,2.0,347.79,0.299517974734772,0.054281264067809774,337.2933148698532,0.028752983121998907,118.3501538284597,109.23545817878605,39579.0
sarathi,short input long output,qwen_7b,10,3.0,345.81,0.25716018170351157,0.047962373789438954,335.7532601667568,0.028917613718515946,119.02778982678349,109.86090627801394,39579.0
sarathi,short input long output,qwen_7b,10,4.0,352.37,0.4571985541144383,0.05601860980970237,342.861497590004,0.028379260436473024,116.81187388256662,107.81564832420467,39579.0
sarathi,short input long output,qwen_7b,10,5.0,352.48,0.37135486914776245,0.053945647943475596,343.0185194831225,0.02837040399455288,116.77541988197912,107.78200181570585,39579.0
sarathi,short input long output,qwen_7b,10,6.0,353.72,0.47484983380418233,0.05502728134965853,344.5127237834036,0.02827094877304082,116.36605224471333,107.40416148365938,39579.0
sarathi,short input long output,qwen_7b,10,7.0,353.3,0.6127883100300096,0.05498402806163702,344.08896776577456,0.028304557033682422,116.50438720634021,107.5318426266629,39579.0
sarathi,short input long output,qwen_7b,10,8.0,349.72,0.5812421351089142,0.05284984209379088,340.4762380041298,0.028594304014640283,117.69701475466086,108.6326203820199,39579.0
sarathi,short input long output,qwen_7b,10,9.0,347.91,0.5973411948536522,0.05400561364242274,338.905915289477,0.028743065735391336,118.30933287344428,109.19778103532522,39579.0
sarathi,short input long output,qwen_7b,10,10.0,353.19,0.5951223407406359,0.05507456764481099,344.1195531182223,0.028313372405787254,116.54067215946091,107.56533310682636,39579.0
sarathi,short input long output,yi_6b,1,1.0,300.99,0.1747121810913086,0.04416834362954751,299.9453904293477,0.00332236951393734,23.097112860892388,22.552244260606663,39503.0
sarathi,short input long output,yi_6b,2,1.0,310.14,0.17100128764286632,0.045837834766484675,298.3192345906049,0.006448700586831754,30.03804733346231,28.46778874056878,39503.0
sarathi,short input long output,yi_6b,3,1.0,311.34,0.1732456739526241,0.04599336450422592,288.6776469110511,0.009635767970707266,35.24763923684718,32.960750305132656,39503.0
sarathi,short input long output,yi_6b,4,1.0,300.6,0.20394856492057437,0.04502541985101751,268.4650268465746,0.01330671989354624,42.960745176314035,39.028609447771125,39503.0
sarathi,short input long output,yi_6b,5,1.0,305.3,0.17509741857647892,0.04484497976278346,296.42090302677826,0.016377333770062234,62.38781526367507,57.77923354077956,39503.0
sarathi,short input long output,yi_6b,6,1.0,340.16,0.20456802158150816,0.046764414736244965,331.3900866974145,0.017638758231420505,78.15145813734712,73.03621825023518,39503.0
sarathi,short input long output,yi_6b,7,1.0,342.77,0.22511562961153678,0.047533573255354705,333.0768313542474,0.020421857222043937,93.94637803775127,87.60685007439392,39503.0
sarathi,short input long output,yi_6b,8,1.0,343.59,0.26519630658440285,0.04760547627203238,332.9832440425642,0.023283564713757678,98.23335952734364,90.43627579382404,39503.0
sarathi,short input long output,yi_6b,9,1.0,352.23,0.2776150531135499,0.05264706077926533,340.5984889220446,0.025551486244783237,106.92445277233625,98.39877352866024,39503.0
sarathi,short input long output,yi_6b,10,1.0,359.045,0.2709718339145184,0.05511241848084192,353.8859715834493,0.02785166204793271,229.28045231099165,211.6224985726023,39503.0
sarathi,short input long output,yi_6b,10,2.0,355.85,0.28750009494833645,0.055271328224552566,345.38550236367155,0.02810172825628776,115.66952367570605,106.76127581846283,39503.0
sarathi,short input long output,yi_6b,10,3.0,345.71,0.2921515139052644,0.051142693351260864,335.7160442350199,0.0289259784212201,119.06221977958405,109.89268462005728,39503.0
sarathi,short input long output,yi_6b,10,4.0,345.84,0.2574231796897947,0.04942294189476287,336.1807034576079,0.028915105250983116,119.0174647235716,109.85137635900996,39503.0
sarathi,short input long output,yi_6b,10,5.0,338.63,0.306687161908485,0.04820059338075988,329.5046019214671,0.0295307562826684,121.5515459350914,112.19029619348552,39503.0
sarathi,short input long output,yi_6b,10,6.0,354.16,0.3079640530748292,0.054965986586449835,344.71629782363306,0.028235825615540996,116.22148181612829,107.2707250960018,39503.0
sarathi,short input long output,yi_6b,10,7.0,347.06,0.3113446610979735,0.05230392306116617,337.8146198351867,0.028813461649282543,118.59908949461189,109.46522215178932,39503.0
sarathi,short input long output,yi_6b,10,8.0,351.66,0.3051770130870864,0.05577660001288412,342.6363879248267,0.028436558039014955,117.04771654438946,108.03332764602172,39503.0
sarathi,short input long output,yi_6b,10,9.0,353.17,0.312649460346438,0.05506432698334836,344.1692264428362,0.0283149757906957,116.54727185208256,107.57142452643203,39503.0
sarathi,short input long output,yi_6b,10,10.0,348.99,0.29616701186168937,0.05404940400704061,340.0594482704764,0.02865411616378693,117.94320754176337,108.85985271784291,39503.0
vllm,short input long output,llama2_7b,1,1.0,298.17,0.1021893969736993,0.043761581484161406,297.11219711974263,0.0033537914612469396,23.315558238588725,22.765536438944224,38227.0
vllm,short input long output,llama2_7b,2,1.0,297.18,0.0809086348861455,0.0446096919989634,285.88303308174943,0.00672992798977051,31.348004576351034,29.709267110841914,38247.0
vllm,short input long output,llama2_7b,3,1.0,310.53,0.0989276009146124,0.04616436397961591,287.96170078166756,0.009660902328277461,35.33958071683895,33.04672656426111,38249.0
vllm,short input long output,llama2_7b,4,1.0,299.76,0.08086542624514544,0.04522884007439661,267.6841340565122,0.013344008540165465,43.08113157192421,39.13797704830531,38249.0
vllm,short input long output,llama2_7b,5,1.0,315.15,0.08168570650741455,0.04674699165607483,306.22655944935974,0.015865460891638903,60.437886720609235,55.97334602570205,38269.0
vllm,short input long output,llama2_7b,6,1.0,340.12,0.07761987822595977,0.04675319730868233,331.3151821066858,0.01764083264730095,78.16064918264142,73.04480771492415,38249.0
vllm,short input long output,llama2_7b,7,1.0,343.17,0.09139352012425656,0.0477489381974255,333.4734703485854,0.020398053442900018,93.83687385260949,87.50473526240638,38249.0
vllm,short input long output,llama2_7b,8,1.0,343.41,0.08882952365092928,0.04771160629782764,332.75471298745833,0.02329576890597245,98.28484901429778,90.48367840191024,38269.0
vllm,short input long output,llama2_7b,9,1.0,352.23,0.08935471214354034,0.05327156953608587,340.59057901734485,0.025551486244783237,106.92445277233625,98.39877352866024,38269.0
vllm,short input long output,llama2_7b,10,1.0,351.585,0.08229928901419041,0.053847847067974255,344.63358457318975,0.02844262411650099,234.14537025185945,216.11274656199782,38269.0
vllm,short input long output,llama2_7b,10,2.0,345.87,0.07521245507523407,0.05350691282558054,335.73661497735884,0.028912597218608147,119.00714141151299,109.84184809321421,38269.0
vllm,short input long output,llama2_7b,10,3.0,345.47,0.07913226298987856,0.05406711244685919,335.8173224106664,0.02894607346513445,119.14493298983992,109.96902770139229,38269.0
vllm,short input long output,llama2_7b,10,4.0,348.88,0.08639313131570807,0.05449934289157243,339.690200082981,0.028663150653519834,117.98039440495299,108.89417564778721,38261.0
vllm,short input long output,llama2_7b,10,5.0,355.77,0.08848194559104737,0.05598574390304444,346.3891496109776,0.02810804733395171,115.69553363127864,106.78528262641595,38261.0
vllm,short input long output,llama2_7b,10,6.0,339.89,0.10357837104238563,0.05347998614785083,331.1598644467536,0.029421283356380005,121.10094442319574,111.77439759922328,38291.0
vllm,short input long output,llama2_7b,10,7.0,330.26,0.09381306096911428,0.04662158701656937,321.55421539742963,0.030279173984133715,124.63210803609277,115.0336098831224,38291.0
vllm,short input long output,llama2_7b,10,8.0,348.78,0.10628428373020138,0.05422209640396798,339.90804712984243,0.028671368771145136,118.0142209989105,108.9253970984575,38291.0
vllm,short input long output,llama2_7b,10,9.0,352.76,0.0948113314108923,0.05613334691938572,343.773692613421,0.028347885247760517,116.68273046830707,107.69645084476699,38291.0
vllm,short input long output,llama2_7b,10,10.0,359.24,0.11230481374077497,0.05639287250613752,350.277647398063,0.027836543814719963,114.57799799576884,105.75381360650262,38291.0
vllm,short input long output,mistral_7b,1,1.0,308.24,0.1267576077952981,0.04524355844568603,307.19492810731754,0.003244225279003374,22.553854139631454,22.021801193874904,38073.0
vllm,short input long output,mistral_7b,2,1.0,306.83,0.10785547390114511,0.04536244437697081,295.12696737346704,0.006518267444513249,30.362089756542712,28.774891633803737,38093.0
vllm,short input long output,mistral_7b,3,1.0,309.2,0.13181447922252115,0.045963790363150285,286.71317150625396,0.009702457956015525,35.49159120310479,33.18887451487711,38073.0
vllm,short input long output,mistral_7b,4,1.0,312.27,0.10254046183545136,0.04656465262806653,278.826916507096,0.012809427738815769,41.35523745476671,37.57005155794665,38087.0
vllm,short input long output,mistral_7b,5,1.0,314.22,0.09918187698349354,0.046504013102762476,305.09081064965574,0.015912418051047036,60.616765323658576,56.13901088409394,38093.0
vllm,short input long output,mistral_7b,6,1.0,333.64,0.09502666618209325,0.04682961496084724,324.9678098652512,0.0179834552211965,79.67869560004796,74.46349358590098,38087.0
vllm,short input long output,mistral_7b,7,1.0,338.71,0.12116926321759809,0.04747148351202248,329.1221294379327,0.02066664698414573,95.07248088335155,88.6569631838446,38087.0
vllm,short input long output,mistral_7b,8,1.0,338.66,0.10246110940352075,0.0466022519641125,328.2479389514774,0.02362251225417823,99.66337920037795,91.75279040926002,38093.0
vllm,short input long output,mistral_7b,9,1.0,355.56,0.08879491742700334,0.05395266833543305,343.7997332737781,0.02531218359770503,105.92305096186297,97.47721903476206,38087.0
vllm,short input long output,mistral_7b,10,1.0,351.65999999999997,0.10992828933522102,0.05571871265917946,340.3459287479986,0.02843655803901496,234.09543308877895,216.06665529204346,38087.0
vllm,short input long output,mistral_7b,10,2.0,335.84,0.09953566314652547,0.04757284987118421,325.6273967046989,0.02977608384945212,122.56133873272988,113.12232015245355,38087.0
vllm,short input long output,mistral_7b,10,3.0,350.59,0.10076398944947865,0.053321884576693436,340.70408811219966,0.02852334635899484,117.40494594825866,108.36304515245729,38153.0
vllm,short input long output,mistral_7b,10,4.0,350.32,0.10943838972598305,0.05429785146160829,340.7966837712796,0.028545329984014614,117.49543274720256,108.44656314226992,38155.0
vllm,short input long output,mistral_7b,10,5.0,336.9,0.09050178846810006,0.05084528931636843,327.871727885073,0.029682398337785694,122.1757197981597,112.76639952508164,38109.0
vllm,short input long output,mistral_7b,10,6.0,356.69,0.11945147747173897,0.0555919876283822,347.5610188276274,0.02803554907622866,115.39712355266478,106.50985449550029,38155.0
vllm,short input long output,mistral_7b,10,7.0,347.32,0.11950741508044292,0.05154004729692977,338.40669507032726,0.028791892203155593,118.51030749740873,109.38327766900841,38155.0
vllm,short input long output,mistral_7b,10,8.0,352.01,0.10308629260398441,0.05484382418217664,343.34706213197205,0.028408283855572286,116.93133717792108,107.92591119570467,38155.0
vllm,short input long output,mistral_7b,10,9.0,333.5,0.11132831983268254,0.04726394161504157,324.87561706721317,0.029985007496251874,123.42128935532234,113.9160419790105,38155.0
vllm,short input long output,mistral_7b,10,10.0,338.69,0.12031252905726425,0.050597191006905406,330.09518640476745,0.02952552481620361,121.53001269597567,112.17042132923913,38155.0
vllm,short input long output,mixtral_7b_8expert,1,1.0,294.4,0.1164457998238504,0.04320498418375242,293.34882676554844,0.003396739130434783,23.61413043478261,23.057065217391305,38767.0
vllm,short input long output,mixtral_7b_8expert,2,1.0,307.65,0.08764279729221014,0.04528625558758037,295.89892431360204,0.0065008938729075256,30.28116366000325,28.69819600195027,38769.0
vllm,short input long output,mixtral_7b_8expert,3,1.0,302.25,0.09614653293974688,0.04526891286533203,280.32694133655167,0.009925558312655087,36.30769230769231,33.9520264681555,38769.0
vllm,short input long output,mixtral_7b_8expert,4,1.0,307.74,0.10599051429890088,0.045809899467809646,274.5867702088085,0.012997985312276597,41.963995580684994,38.12309092090726,38771.0
vllm,short input long output,mixtral_7b_8expert,5,1.0,312.44,0.09331844234839079,0.04597807775218728,303.2895418617874,0.01600307258993727,60.96210472410703,56.45884009729868,38771.0
vllm,short input long output,mixtral_7b_8expert,6,1.0,336.66,0.09148202836513512,0.04661770975894601,327.9328067059396,0.017822135091783993,78.96393987999762,73.79552070338026,38771.0
vllm,short input long output,mixtral_7b_8expert,7,1.0,342.59,0.07220052899792787,0.04713144453381354,332.7543669343926,0.02043258705741557,93.99573834612804,87.65287953530459,38771.0
vllm,short input long output,mixtral_7b_8expert,8,1.0,336.02,0.08694457402452818,0.04609873189080408,325.3297811298864,0.02380810666031784,100.44640199988096,92.47366228200703,38771.0
vllm,short input long output,mixtral_7b_8expert,9,1.0,335.44,0.08882705643773074,0.04744578774203827,324.131880986318,0.02683043167183401,112.27641306940139,103.32399236823277,38771.0
vllm,short input long output,mixtral_7b_8expert,10,1.0,342.03499999999997,0.08600308136083183,0.04790601814598204,336.51526359929704,0.02923677401435526,240.68297104097536,222.14685631587412,38771.0
vllm,short input long output,mixtral_7b_8expert,10,2.0,343.23,0.08258719921577715,0.047985176274260806,332.7670420615002,0.02913498237333566,119.92250094688693,110.68671153453951,38771.0
vllm,short input long output,mixtral_7b_8expert,10,3.0,337.52,0.07390520982444276,0.04771320682730142,327.989299088181,0.029627873903768667,121.95129177530221,112.55925574780754,38771.0
vllm,short input long output,mixtral_7b_8expert,10,4.0,336.14,0.08533631809987119,0.04790744803886634,326.8460572399897,0.029749509133099306,122.45195454275004,113.02136014755757,38787.0
vllm,short input long output,mixtral_7b_8expert,10,5.0,337.96,0.06938717556186012,0.04776609306479924,329.0481657675467,0.029589300508935972,121.79251982483134,112.41271156349865,38771.0
vllm,short input long output,mixtral_7b_8expert,10,6.0,331.29,0.07000652137212447,0.04747054705867515,322.7533719358267,0.030185034260013885,124.24461951764314,114.67596365721874,38787.0
vllm,short input long output,mixtral_7b_8expert,10,7.0,334.23,0.07078367124777277,0.046891560189689284,325.1480115345446,0.02991951650061335,123.1517218681746,113.66723513748018,38787.0
vllm,short input long output,mixtral_7b_8expert,10,8.0,340.51,0.06716461125761262,0.04819659646632596,331.5659610107308,0.029367713136178086,120.88044403982262,111.57087897565417,38787.0
vllm,short input long output,mixtral_7b_8expert,10,9.0,336.99,0.07881503782700738,0.04710511122941262,328.1779754495015,0.029674471052553487,122.1430902994154,112.73628297575596,38787.0
vllm,short input long output,mixtral_7b_8expert,10,10.0,338.51,0.08746041017584495,0.04783723689381741,329.6658895297674,0.029541224779179344,121.5946353135801,112.23006705858025,38787.0
vllm,short input long output,qwen_7b,1,1.0,311.31,0.0860784188844263,0.04570022702416897,310.2536362116225,0.0032122321801419805,22.331438116347048,21.804632038803764,38297.0
vllm,short input long output,qwen_7b,2,1.0,309.25,0.08371921391226347,0.04538470006384807,297.3965719507774,0.0064672594987873885,30.124494745351658,28.54971705739693,38297.0
vllm,short input long output,qwen_7b,3,1.0,319.65,0.07992057162336998,0.047155558034378854,296.3828176142182,0.009385265133740028,34.331299859221026,32.10386360081339,38297.0
vllm,short input long output,qwen_7b,4,1.0,305.26,0.08102483400143681,0.045232441166382864,272.4524436250794,0.013103583830177554,42.30492039572823,38.432811373910766,38317.0
vllm,short input long output,qwen_7b,5,1.0,313.7,0.09957810901105399,0.04655617201410233,304.669946475327,0.015938795027095953,60.71724577621932,56.23206885559452,38317.0
vllm,short input long output,qwen_7b,6,1.0,341.8,0.08656936849001788,0.04762067112284757,333.1702897477662,0.017554125219426564,77.77647747220597,72.68578115857227,38317.0
vllm,short input long output,qwen_7b,7,1.0,345.42,0.09187339600175609,0.0474992920522765,335.7153538217302,0.02026518441317816,93.22563835330901,86.93474610618956,38317.0
vllm,short input long output,qwen_7b,8,1.0,347.94,0.2875746819889171,0.047863466719931975,337.2650545899756,0.02299246996608611,97.00523078691728,89.3056274070242,38317.0
vllm,short input long output,qwen_7b,9,1.0,349.72,0.1821245858445763,0.050239959973199425,338.2007067504339,0.025734873613176255,107.69186777993822,99.10499828434175,38317.0
vllm,short input long output,qwen_7b,10,1.0,349.53999999999996,0.103377022803761,0.05323134919750687,338.7949767474085,0.02860902900955542,235.51524861246213,217.37712422040397,38317.0
vllm,short input long output,qwen_7b,10,2.0,350.14,0.07496015364304175,0.05267539975592983,339.8775168351363,0.02856000456960073,117.55583480893357,108.50231336037014,38317.0
vllm,short input long output,qwen_7b,10,3.0,353.79,0.21579174865037176,0.05434971244714421,344.4820327725727,0.028265355154187512,116.34302835015122,107.38291076627377,38359.0
vllm,short input long output,qwen_7b,10,4.0,334.93,0.21066178311593806,0.04768808579199475,325.99612871233836,0.029856985041650495,122.8943361299376,113.42967187173439,38359.0
vllm,short input long output,qwen_7b,10,5.0,342.32,0.287990803737193,0.05204761000651943,333.3456390299601,0.029212432811404534,120.2412946950222,110.98095349380696,38381.0
vllm,short input long output,qwen_7b,10,6.0,341.9,0.09902272426988923,0.05086365955179093,332.87810769870407,0.029248318221702253,120.38900263234865,111.11728575606904,38359.0
vllm,short input long output,qwen_7b,10,7.0,334.94,0.23002336705103493,0.047576974220327625,325.94233997182454,0.02985609362870962,122.89066698513166,113.42628530483071,38381.0
vllm,short input long output,qwen_7b,10,8.0,339.63,0.37122281577903726,0.04775088602804436,331.0306268827291,0.029443806495303714,121.19365191531962,111.85996525630834,38393.0
vllm,short input long output,qwen_7b,10,9.0,341.33,0.2315333293052388,0.048523113426179175,332.36302991001867,0.02929716110508892,120.5900448246565,111.30284475434331,38381.0
vllm,short input long output,qwen_7b,10,10.0,349.71,0.3115249530412253,0.05281923448486722,340.82207794375717,0.028595121672242717,117.70038031511825,108.63572674501731,38393.0
vllm,short input long output,yi_6b,1,1.0,308.63,0.120050773024559,0.04530079938745486,307.5767186465673,0.003240125716877815,22.52535398373457,21.993973366166607,38221.0
vllm,short input long output,yi_6b,2,1.0,311.75,0.10331450258381661,0.04596300568063185,299.86458049016073,0.006415396952686447,29.882919005613473,28.320769847634324,38241.0
vllm,short input long output,yi_6b,3,1.0,311.66,0.11079716524109243,0.04698432420681354,289.11218537339005,0.00962587435025348,35.211448373227235,32.92690752743374,38221.0
vllm,short input long output,yi_6b,4,1.0,310.52,0.10857469383627173,0.046974748227534176,277.38624441868154,0.012881617931212161,41.58830349091846,37.78178539224527,38241.0
vllm,short input long output,yi_6b,5,1.0,311.41,0.09904481703415507,0.04642495321221338,302.4632229163311,0.016056003339648694,61.163739122057734,56.64557978228059,38241.0
vllm,short input long output,yi_6b,6,1.0,342.38,0.1102827633731067,0.04809780292731916,333.49785055278335,0.01752438810678194,77.64472223844851,72.56264968748175,38241.0
vllm,short input long output,yi_6b,7,1.0,336.72,0.07985693630762392,0.04618897240909801,326.9281340188812,0.0207887859349014,95.6343549536707,89.18092183416488,38241.0
vllm,short input long output,yi_6b,8,1.0,347.36,0.10231091114692384,0.04795089873990843,336.66139707337135,0.023030861354214647,97.16720405343159,89.45474435743897,38261.0
vllm,short input long output,yi_6b,9,1.0,350.23,0.11491677295416587,0.051817034500953194,338.81650616899134,0.02569739885218285,107.53504839676783,98.96068297975616,38261.0
vllm,short input long output,yi_6b,10,1.0,347.97,0.09334178727585817,0.05312093619177467,340.5742914491799,0.02873810960715004,236.57786590798057,218.35790441704742,38261.0
vllm,short input long output,yi_6b,10,2.0,356.24,0.08053380560595531,0.052314162540490615,345.6480785072315,0.028070963395463732,115.54289243206827,106.64439703570626,38261.0
vllm,short input long output,yi_6b,10,3.0,358.49,0.0971568337175994,0.055169079931806635,348.4775998071534,0.027894780886496134,114.81770760690675,105.97506206588747,38253.0
vllm,short input long output,yi_6b,10,4.0,351.17,0.09708324756938955,0.0539870710684296,341.72282543398904,0.02847623658057351,117.21103738929862,108.18407039325682,38253.0
vllm,short input long output,yi_6b,10,5.0,350.97,0.08642441136762492,0.052447935370139746,341.70877501966896,0.028492463743339885,117.27783001396129,108.24571900732255,38293.0
vllm,short input long output,yi_6b,10,6.0,338.62,0.10339072113856665,0.0484881578124457,329.5048042496433,0.029531628373988542,121.55513555017423,112.19360935561987,38283.0
vllm,short input long output,yi_6b,10,7.0,336.65,0.10234708325006059,0.049271848397076275,327.94280936636494,0.02970444081390168,122.2664488341007,112.85014109609388,38283.0
vllm,short input long output,yi_6b,10,8.0,346.57,0.09865130365360518,0.049094058914203834,337.6440156721044,0.028854199728770524,118.76677150359235,109.61999018957209,38283.0
vllm,short input long output,yi_6b,10,9.0,350.66,0.10457841723691669,0.05208687092142625,341.5474086954025,0.02851765242685222,117.38150915416642,108.34141333485427,38283.0
vllm,short input long output,yi_6b,10,10.0,349.04,0.09442366072908041,0.05133887100641788,340.02362454626706,0.028650011460004583,117.92631217052487,108.84425853770341,38283.0
sarathi,short input short output,llama2_7b,1,1.0,3.56,0.1500451369211077,0.04697776392248331,2.5460187597200274,0.2808988764044944,81.74157303370787,14.606741573033707,39383.0
sarathi,short input short output,llama2_7b,2,1.0,9.19,0.15240632283966982,0.04752462602857655,7.869591338536702,0.2176278563656148,74.53754080522307,24.483133841131668,39383.0
sarathi,short input short output,llama2_7b,3,1.0,9.47,0.16286062970757476,0.04726979512948716,8.057973790541292,0.3167898627243928,123.75923970432946,43.400211193241816,39383.0
sarathi,short input short output,llama2_7b,4,1.0,10.08,0.1922081708209589,0.04828178207073234,8.639528517983853,0.3968253968253968,159.9206349206349,45.73412698412698,39383.0
sarathi,short input short output,llama2_7b,5,1.0,15.87,0.19086203416809433,0.04586978595911084,12.065678723156452,0.315059861373661,121.48708254568369,47.19596723377442,39383.0
sarathi,short input short output,llama2_7b,6,1.0,16.71,0.19349658989813176,0.0481872031131719,12.922345746774226,0.3590664272890485,144.34470377019747,61.57989228007181,39383.0
sarathi,short input short output,llama2_7b,7,1.0,17.0,0.21071398034691802,0.04819369851844478,13.183648115815593,0.4117647058823529,173.23529411764707,68.94117647058823,39383.0
sarathi,short input short output,llama2_7b,8,1.0,16.35,0.20394442824181164,0.048180764621314105,12.50816540264059,0.48929663608562685,194.37308868501526,73.88379204892966,39383.0
sarathi,short input short output,llama2_7b,9,1.0,15.71,0.19209971167147155,0.04604102226161286,11.885528649669142,0.5728835136855506,207.95671546785485,82.11330362826224,39383.0
sarathi,short input short output,llama2_7b,10,1.0,16.865000000000002,0.21228830406907942,0.05044839777983725,13.197652518702672,0.5929439667951378,402.60895345389855,154.5211977468129,39383.0
sarathi,short input short output,llama2_7b,10,2.0,14.91,0.20227285581640894,0.05103534111165486,13.063677681307308,0.670690811535882,227.69953051643193,87.39101274312542,39383.0
sarathi,short input short output,llama2_7b,10,3.0,13.92,0.2363094645785167,0.049281904286152554,12.76874611461535,0.7183908045977011,243.89367816091954,93.60632183908046,39383.0
sarathi,short input short output,llama2_7b,10,4.0,13.95,0.21450042233336708,0.050362957569803773,13.120170132978819,0.7168458781362007,243.36917562724017,93.40501792114696,39383.0
sarathi,short input short output,llama2_7b,10,5.0,13.64,0.22602136917412272,0.05044277619362773,12.915576601447537,0.7331378299120235,248.90029325513194,95.52785923753666,39383.0
sarathi,short input short output,llama2_7b,10,6.0,14.15,0.23305039608385408,0.051847030054389814,13.481213020836003,0.7067137809187279,239.92932862190813,92.08480565371025,39383.0
sarathi,short input short output,llama2_7b,10,7.0,13.95,0.22476430556271215,0.05037866247185905,13.346919926186091,0.7168458781362007,243.36917562724017,93.40501792114696,39383.0
sarathi,short input short output,llama2_7b,10,8.0,13.9,0.22500970095861697,0.05208752480650539,13.350448076869359,0.7194244604316546,244.24460431654677,93.7410071942446,39383.0
sarathi,short input short output,llama2_7b,10,9.0,14.18,0.3066974480869248,0.05695272618037301,13.695487853977829,0.7052186177715092,239.42172073342738,91.88998589562765,39383.0
sarathi,short input short output,llama2_7b,10,10.0,14.03,0.21396164533216497,0.050530243590252384,13.570259393518791,0.7127583749109052,241.98146828225234,92.87241625089095,39383.0
sarathi,short input short output,mistral_7b,1,1.0,3.5,0.1326657752506435,0.04619279615215812,2.4886215827427804,0.2857142857142857,83.14285714285714,14.857142857142858,39483.0
sarathi,short input short output,mistral_7b,2,1.0,9.03,0.1523522935807704,0.04610494444762485,7.713550127926283,0.221483942414175,75.85825027685493,24.916943521594686,39483.0
sarathi,short input short output,mistral_7b,3,1.0,9.78,0.15460332660004494,0.04788257872216625,8.372217399533838,0.3067484662576687,119.83640081799592,42.02453987730062,39483.0
sarathi,short input short output,mistral_7b,4,1.0,9.85,0.2006598327308893,0.04818431690816773,8.433924401947298,0.40609137055837563,163.6548223350254,46.80203045685279,39483.0
sarathi,short input short output,mistral_7b,5,1.0,15.64,0.21558544561266899,0.04925894760062732,11.871643393859266,0.319693094629156,123.27365728900256,47.89002557544757,39483.0
sarathi,short input short output,mistral_7b,6,1.0,17.21,0.18590252799913282,0.047924179860361654,13.413536719279364,0.3486345148169669,140.15107495642067,59.79081929110982,39483.0
sarathi,short input short output,mistral_7b,7,1.0,16.99,0.20074822334572665,0.047841602181751174,13.173419336788356,0.41200706297822254,173.33725721012362,68.98175397292526,39483.0
sarathi,short input short output,mistral_7b,8,1.0,17.04,0.2039711903315037,0.04725701207629549,13.230008053174243,0.4694835680751174,186.50234741784038,70.89201877934272,39483.0
sarathi,short input short output,mistral_7b,9,1.0,16.47,0.19201285140588875,0.04677900845873632,12.661295260768384,0.546448087431694,198.36065573770495,78.32422586520947,39483.0
sarathi,short input short output,mistral_7b,10,1.0,17.15,0.2028422437841072,0.051499305159086364,13.469511182047427,0.5830903790087464,395.9183673469388,151.9533527696793,39483.0
sarathi,short input short output,mistral_7b,10,2.0,15.1,0.2513133962638675,0.050881121263327986,13.293096425174735,0.6622516556291391,224.83443708609272,86.29139072847683,39483.0
sarathi,short input short output,mistral_7b,10,3.0,15.12,0.27671079426072526,0.05826276783904462,13.968680067663081,0.6613756613756614,224.53703703703704,86.17724867724868,39483.0
sarathi,short input short output,mistral_7b,10,4.0,14.57,0.28230663673020884,0.05719003726285426,13.666593017010017,0.6863417982155113,233.0130404941661,89.43033630748113,39483.0
sarathi,short input short output,mistral_7b,10,5.0,13.93,0.2287191015435382,0.05079088410015638,13.201860130531713,0.7178750897343862,243.71859296482413,93.53912419239053,39483.0
sarathi,short input short output,mistral_7b,10,6.0,14.32,0.25945647060871113,0.05565898048579601,13.639248544885776,0.6983240223463687,237.08100558659217,90.99162011173185,39483.0
sarathi,short input short output,mistral_7b,10,7.0,14.52,0.25654441332444533,0.06058220667243447,13.931655834405683,0.6887052341597797,233.8154269972452,89.73829201101928,39483.0
sarathi,short input short output,mistral_7b,10,8.0,13.76,0.20252815664280202,0.047540280605970445,13.23175667449832,0.7267441860465116,246.7296511627907,94.69476744186046,39483.0
sarathi,short input short output,mistral_7b,10,9.0,14.34,0.2801416499074548,0.05459851068764121,13.846314460178837,0.697350069735007,236.75034867503487,90.86471408647141,39483.0
sarathi,short input short output,mistral_7b,10,10.0,13.88,0.26459753029048444,0.05245638627469923,13.435333386505954,0.7204610951008645,244.5965417867435,93.87608069164264,39483.0
sarathi,short input short output,mixtral_7b_8expert,1,1.0,3.54,0.1492262072861194,0.04660092395565966,2.5259790527634323,0.2824858757062147,82.20338983050847,14.689265536723164,39409.0
sarathi,short input short output,mixtral_7b_8expert,2,1.0,9.0,0.1423712626565247,0.04683469951975512,7.686848036106675,0.2222222222222222,76.11111111111111,25.0,39409.0
sarathi,short input short output,mixtral_7b_8expert,3,1.0,9.16,0.16333541776984928,0.047915578134521644,7.759439799236134,0.32751091703056767,127.9475982532751,44.86899563318777,39409.0
sarathi,short input short output,mixtral_7b_8expert,4,1.0,9.78,0.17588518992997698,0.0457438984762269,8.343349710968322,0.40899795501022496,164.82617586912068,47.13701431492843,39409.0
sarathi,short input short output,mixtral_7b_8expert,5,1.0,15.47,0.1849630609154701,0.047093400035669156,11.742916085850446,0.3232062055591467,124.62831286360698,48.41628959276018,39409.0
sarathi,short input short output,mixtral_7b_8expert,6,1.0,16.85,0.18913943704683334,0.045399200015643626,12.983098156983031,0.35608308605341243,143.1454005934718,61.06824925816023,39409.0
sarathi,short input short output,mixtral_7b_8expert,7,1.0,16.87,0.19871905944310125,0.047638274363878255,13.026015797397122,0.41493775933609955,174.57024303497332,69.47243627741553,39409.0
sarathi,short input short output,mixtral_7b_8expert,8,1.0,16.61,0.1931716940132901,0.04718733274099413,12.796806302503683,0.481637567730283,191.33052378085492,72.72727272727273,39409.0
sarathi,short input short output,mixtral_7b_8expert,9,1.0,16.84,0.1944478166289627,0.04714781156274862,13.021143457479774,0.5344418052256532,194.0023752969121,76.60332541567696,39409.0
sarathi,short input short output,mixtral_7b_8expert,10,1.0,16.92,0.1981650902424007,0.049577313929330555,13.075725937844254,0.5910165484633569,401.3002364066193,154.01891252955082,39409.0
sarathi,short input short output,mixtral_7b_8expert,10,2.0,14.69,0.19073203427251426,0.05015165004707385,12.885725227394142,0.6807351940095303,231.10959836623553,88.6997957794418,39409.0
sarathi,short input short output,mixtral_7b_8expert,10,3.0,14.03,0.22430314938537768,0.05086173996336155,12.875654856720939,0.7127583749109052,241.98146828225234,92.87241625089095,39409.0
sarathi,short input short output,mixtral_7b_8expert,10,4.0,14.35,0.2262008511461317,0.04978329051712838,13.495857940614224,0.6968641114982579,236.58536585365854,90.801393728223,39409.0
sarathi,short input short output,mixtral_7b_8expert,10,5.0,13.05,0.2380396428750827,0.05088524477449063,12.292597661865875,0.7662835249042145,260.15325670498083,99.84674329501915,39409.0
sarathi,short input short output,mixtral_7b_8expert,10,6.0,13.5,0.2272042424650862,0.050740969021389186,12.88255613723304,0.7407407407407407,251.4814814814815,96.51851851851852,39409.0
sarathi,short input short output,mixtral_7b_8expert,10,7.0,14.05,0.21493461397476485,0.05035378288095151,13.445981699903495,0.7117437722419928,241.63701067615656,92.74021352313167,39409.0
sarathi,short input short output,mixtral_7b_8expert,10,8.0,14.34,0.2565774808870628,0.05351004980369836,13.803652374376542,0.697350069735007,236.75034867503487,90.86471408647141,39409.0
sarathi,short input short output,mixtral_7b_8expert,10,9.0,13.83,0.22123137009330088,0.04853856158719975,13.330964469304307,0.7230657989877078,245.48083875632682,94.21547360809834,39409.0
sarathi,short input short output,mixtral_7b_8expert,10,10.0,13.75,0.24412829903885722,0.05060613973798942,13.290702898427844,0.7272727272727273,246.9090909090909,94.76363636363637,39409.0
sarathi,short input short output,qwen_7b,1,1.0,3.38,0.1552710267715156,0.04332114945111029,2.3647843063808978,0.2958579881656805,86.09467455621302,15.384615384615385,39579.0
sarathi,short input short output,qwen_7b,2,1.0,9.02,0.1450914421584457,0.04996656195089757,7.718517093313857,0.22172949002217296,75.94235033259424,24.944567627494457,39579.0
sarathi,short input short output,qwen_7b,3,1.0,10.3,0.1503668547607958,0.05260823714408626,8.891502287099138,0.2912621359223301,113.78640776699028,39.90291262135922,39579.0
sarathi,short input short output,qwen_7b,4,1.0,9.9,0.19955143353436133,0.0493663430419833,8.729932147753425,0.40404040404040403,162.82828282828282,46.56565656565657,39579.0
sarathi,short input short output,qwen_7b,5,1.0,15.2,0.21725264685228463,0.04800078203024365,11.657917751464993,0.32894736842105265,126.8421052631579,49.276315789473685,39579.0
sarathi,short input short output,qwen_7b,6,1.0,17.09,0.18983513780403882,0.051813017938617006,13.27193167572841,0.3510825043885313,141.1351667641896,60.21064950263312,39579.0
sarathi,short input short output,qwen_7b,7,1.0,16.97,0.19709256510250267,0.05107119624898368,13.06822325065732,0.4124926340601061,173.54154390100177,69.06305244549205,39579.0
sarathi,short input short output,qwen_7b,8,1.0,17.0,0.20747005993034687,0.04920531635253537,13.43592030571308,0.47058823529411764,186.94117647058823,71.05882352941177,39579.0
sarathi,short input short output,qwen_7b,9,1.0,16.5,0.20148987798020243,0.0480226494111389,12.974626048840584,0.5454545454545454,198.0,78.18181818181819,39579.0
sarathi,short input short output,qwen_7b,10,1.0,16.534999999999997,0.20361617133021348,0.048649281209937355,13.181416347739287,0.6047777441790143,410.64408829755075,157.60508013305113,39579.0
sarathi,short input short output,qwen_7b,10,2.0,14.98,0.23579925708472724,0.053374039991735005,13.460145800467581,0.6675567423230975,226.6355140186916,86.9826435246996,39579.0
sarathi,short input short output,qwen_7b,10,3.0,14.74,0.23867528897244472,0.05957567242739189,13.786828828719445,0.6784260515603799,230.32564450474896,88.3989145183175,39579.0
sarathi,short input short output,qwen_7b,10,4.0,13.76,0.2306508168578147,0.05310904033731536,13.13888275534846,0.7267441860465116,246.7296511627907,94.69476744186046,39579.0
sarathi,short input short output,qwen_7b,10,5.0,13.9,0.23251630084123456,0.05091712456961235,13.350583298224954,0.7194244604316546,244.24460431654677,93.7410071942446,39579.0
sarathi,short input short output,qwen_7b,10,6.0,13.28,0.23095663997810326,0.05215656787689243,12.83596039020922,0.7530120481927711,255.6475903614458,98.11746987951808,39579.0
sarathi,short input short output,qwen_7b,10,7.0,13.7,0.2286680328659712,0.05159702773066693,13.345388908474705,0.7299270072992701,247.8102189781022,95.1094890510949,39579.0
sarathi,short input short output,qwen_7b,10,8.0,13.87,0.2597969831433147,0.04990450074295878,13.65909391408786,0.7209805335255949,244.77289113193945,93.94376351838501,39579.0
sarathi,short input short output,qwen_7b,10,9.0,14.14,0.2614021979505196,0.05915380965192093,13.849210661347024,0.7072135785007072,240.0990099009901,92.14992927864215,39579.0
sarathi,short input short output,qwen_7b,10,10.0,14.32,0.3030225767986849,0.05858034132913287,14.102009265311063,0.6983240223463687,237.08100558659217,90.99162011173185,39579.0
sarathi,short input short output,yi_6b,1,1.0,3.49,0.1312772813253104,0.046005970999306325,2.4777015750296414,0.28653295128939826,83.38108882521489,14.89971346704871,39503.0
sarathi,short input short output,yi_6b,2,1.0,9.3,0.18841430668253445,0.048004622877563456,7.984359478834085,0.2150537634408602,73.65591397849462,24.193548387096772,39503.0
sarathi,short input short output,yi_6b,3,1.0,9.78,0.15102038495242587,0.04683517304676866,8.368714397447183,0.3067484662576687,119.83640081799592,42.02453987730062,39503.0
sarathi,short input short output,yi_6b,4,1.0,10.22,0.1949548340868204,0.04949435312538502,8.780856658075935,0.3913894324853229,157.7299412915851,45.10763209393346,39503.0
sarathi,short input short output,yi_6b,5,1.0,15.81,0.19820495210587974,0.04755117534613218,11.988283402752131,0.31625553447185323,121.9481340923466,47.37507906388362,39503.0
sarathi,short input short output,yi_6b,6,1.0,16.91,0.1926212838152423,0.04551539816099304,13.029255056055263,0.3548196333530455,142.63749260792432,60.85156712004731,39503.0
sarathi,short input short output,yi_6b,7,1.0,16.91,0.20329612391069524,0.04621733793813505,13.069541132077575,0.41395623891188643,174.1573033707865,69.30810171496157,39503.0
sarathi,short input short output,yi_6b,8,1.0,17.06,0.20596667800564314,0.04946536162825098,13.281218550004995,0.4689331770222744,186.2837045720985,70.80890973036342,39503.0
sarathi,short input short output,yi_6b,9,1.0,16.91,0.20049871159717433,0.04941252452910555,13.04845037665218,0.5322294500295683,193.1992903607333,76.2862211709048,39503.0
sarathi,short input short output,yi_6b,10,1.0,16.595,0.20150055610574782,0.04787744417198978,12.910611179098487,0.602591141910214,409.15938535703526,157.03525158180176,39503.0
sarathi,short input short output,yi_6b,10,2.0,15.42,0.21957005904987448,0.05174785539247317,13.586931547056881,0.648508430609598,220.1686121919585,84.50064850843061,39503.0
sarathi,short input short output,yi_6b,10,3.0,15.03,0.27997455447912206,0.05942165267016902,13.921754177403637,0.6653359946773121,225.88157019294744,86.69328010645377,39503.0
sarathi,short input short output,yi_6b,10,4.0,13.82,0.22670443896204223,0.04852989646434948,12.963413572940045,0.723589001447178,245.65846599131692,94.28364688856729,39503.0
sarathi,short input short output,yi_6b,10,5.0,14.17,0.2448384330142288,0.051518510512701766,13.428333677747288,0.7057163020465773,239.59068454481297,91.95483415666902,39503.0
sarathi,short input short output,yi_6b,10,6.0,14.07,0.24928599693812417,0.05145236936731117,13.386523663997648,0.7107320540156361,241.29353233830847,92.60838663823738,39503.0
sarathi,short input short output,yi_6b,10,7.0,14.75,0.2724965197267009,0.061540992879171794,14.160597337828948,0.6779661016949152,230.16949152542372,88.33898305084746,39503.0
sarathi,short input short output,yi_6b,10,8.0,14.48,0.3139176696771755,0.059973148123233344,13.939266619482078,0.6906077348066298,234.4613259668508,89.98618784530386,39503.0
sarathi,short input short output,yi_6b,10,9.0,14.06,0.24845200853887933,0.051057542421439596,13.571003490057775,0.7112375533428165,241.4651493598862,92.67425320056898,39503.0
sarathi,short input short output,yi_6b,10,10.0,14.8,0.30990276369266206,0.05897459812877772,14.37005116122309,0.6756756756756757,229.39189189189187,88.04054054054053,39503.0
vllm,short input short output,llama2_7b,1,1.0,3.47,0.0866153188981115,0.04634004492568327,2.450571111869067,0.2881844380403458,83.86167146974063,14.985590778097983,38229.0
vllm,short input short output,llama2_7b,2,1.0,8.84,0.08732243918348098,0.047116251128468886,7.532890422735362,0.22624434389140272,77.48868778280543,25.452488687782807,38229.0
vllm,short input short output,llama2_7b,3,1.0,9.32,0.08300588722340761,0.04729118883683347,7.9206978936214,0.3218884120171674,125.75107296137338,44.09871244635193,38249.0
vllm,short input short output,llama2_7b,4,1.0,9.87,0.09124712140765039,0.050717642528739865,8.464667903538793,0.4052684903748734,163.32320162107396,46.707193515704155,38249.0
vllm,short input short output,llama2_7b,5,1.0,16.2,0.10121698770672082,0.05264159800990128,12.388841291423887,0.308641975308642,119.01234567901236,46.23456790123457,38249.0
vllm,short input short output,llama2_7b,6,1.0,17.24,0.0887455940246582,0.05187141316655536,13.55273168196436,0.3480278422273782,139.90719257540604,59.68677494199537,38249.0
vllm,short input short output,llama2_7b,7,1.0,17.26,0.07652190676890311,0.05146694746885483,13.49528174852021,0.4055619930475087,170.62572421784472,67.90266512166859,38249.0
vllm,short input short output,llama2_7b,8,1.0,17.05,0.08602940256241705,0.050667501930395244,13.294444223796017,0.469208211143695,186.39296187683283,70.85043988269794,38249.0
vllm,short input short output,llama2_7b,9,1.0,17.0,0.07311662537977093,0.05100141056695906,13.207168410532176,0.5294117647058824,192.1764705882353,75.88235294117646,38249.0
vllm,short input short output,llama2_7b,10,1.0,16.93,0.08718128197360783,0.05078999609184251,13.317494962504133,0.5906674542232723,401.0632014176019,153.92793857058476,38251.0
vllm,short input short output,llama2_7b,10,2.0,15.04,0.07622458438854657,0.05394937977876414,13.266199154779315,0.6648936170212766,225.73138297872342,86.63563829787235,38251.0
vllm,short input short output,llama2_7b,10,3.0,13.97,0.07906894295010708,0.05460422429915408,12.8335431070067,0.7158196134574087,243.02075876879024,93.27129563350036,38271.0
vllm,short input short output,llama2_7b,10,4.0,14.5,0.07196050449274474,0.0574592860636576,13.578166129975578,0.6896551724137931,234.13793103448276,89.86206896551724,38251.0
vllm,short input short output,llama2_7b,10,5.0,14.56,0.0904283205047249,0.05708889188359072,13.830879061529412,0.6868131868131868,233.1730769230769,89.49175824175823,38265.0
vllm,short input short output,llama2_7b,10,6.0,14.03,0.07761767802294335,0.0530018763050583,13.387429154664277,0.7127583749109052,241.98146828225234,92.87241625089095,38265.0
vllm,short input short output,llama2_7b,10,7.0,13.39,0.10140946775209157,0.053011646838726424,12.863258649897762,0.7468259895444361,253.54742345033605,97.31142643764002,38291.0
vllm,short input short output,llama2_7b,10,8.0,13.61,0.08959700714331116,0.05319653420806716,13.095453035319224,0.7347538574577517,249.4489346069067,95.73842762674505,38291.0
vllm,short input short output,llama2_7b,10,9.0,13.68,0.08950615557841948,0.053340102009549396,13.203285369230434,0.7309941520467836,248.17251461988306,95.24853801169591,38291.0
vllm,short input short output,llama2_7b,10,10.0,13.69,0.08885880261659618,0.052793541750587404,13.243175889062696,0.7304601899196494,247.99123447772098,95.17896274653032,38291.0
vllm,short input short output,mistral_7b,1,1.0,3.52,0.0866213710978627,0.04734303378591351,2.5012430637143552,0.2840909090909091,82.67045454545455,14.772727272727273,38073.0
vllm,short input short output,mistral_7b,2,1.0,9.06,0.08744455617852506,0.047453310618054315,7.744431239762343,0.22075055187637968,75.60706401766004,24.834437086092713,38073.0
vllm,short input short output,mistral_7b,3,1.0,9.53,0.08690675320103763,0.04823416865974787,8.126854888070374,0.3147953830010493,122.9800629590766,43.12696747114376,38093.0
vllm,short input short output,mistral_7b,4,1.0,10.01,0.08248128304257982,0.04994910998574021,8.584215717646293,0.3996003996003996,161.03896103896105,46.053946053946056,38093.0
vllm,short input short output,mistral_7b,5,1.0,16.16,0.10795618193224067,0.05080984115049768,12.340405489969998,0.3094059405940594,119.3069306930693,46.3490099009901,38093.0
vllm,short input short output,mistral_7b,6,1.0,16.88,0.08697696961462492,0.05137533040190091,13.148282579611987,0.35545023696682465,142.89099526066352,60.95971563981043,38093.0
vllm,short input short output,mistral_7b,7,1.0,16.72,0.08158621690236029,0.04807650269390535,12.907518117362633,0.41866028708133973,176.13636363636365,70.09569377990431,38093.0
vllm,short input short output,mistral_7b,8,1.0,17.39,0.09367546697612847,0.05120598860667569,13.610650254483335,0.46003450258769407,182.74870615296146,69.4652098907418,38093.0
vllm,short input short output,mistral_7b,9,1.0,17.17,0.08340234477072947,0.05074124800416977,13.395899760816246,0.52417006406523,190.27373325567848,75.1310425160163,38093.0
vllm,short input short output,mistral_7b,10,1.0,16.990000000000002,0.08782665356993676,0.05175188742714988,13.234898650739344,0.5885815185403178,399.64685108887574,153.3843437316068,38095.0
vllm,short input short output,mistral_7b,10,2.0,15.17,0.07194354147650293,0.05446792103040094,13.392408349690959,0.6591957811470006,223.79696769940674,85.89321028345418,38095.0
vllm,short input short output,mistral_7b,10,3.0,14.49,0.08056149738840755,0.055546631213814604,13.357300837687216,0.6901311249137336,234.29951690821255,89.92408557625949,38095.0
vllm,short input short output,mistral_7b,10,4.0,14.2,0.0857180448481812,0.05528437317532188,13.305092561757192,0.7042253521126761,239.08450704225353,91.7605633802817,38111.0
vllm,short input short output,mistral_7b,10,5.0,14.05,0.07785805338062339,0.053549057124367055,13.343278202135116,0.7117437722419928,241.63701067615656,92.74021352313167,38131.0
vllm,short input short output,mistral_7b,10,6.0,14.01,0.0780202996451407,0.055888193243808545,13.358724639471621,0.7137758743754461,242.32690935046395,93.00499643112063,38111.0
vllm,short input short output,mistral_7b,10,7.0,14.4,0.10037139444611964,0.06004593300665927,13.832995133125223,0.6944444444444444,235.76388888888889,90.48611111111111,38141.0
vllm,short input short output,mistral_7b,10,8.0,14.06,0.10213073878549034,0.054909502352638556,13.541239243769086,0.7112375533428165,241.4651493598862,92.67425320056898,38141.0
vllm,short input short output,mistral_7b,10,9.0,13.77,0.10249216191004958,0.05439857294914924,13.297959089209325,0.7262164124909223,246.55047204066813,94.62599854756718,38141.0
vllm,short input short output,mistral_7b,10,10.0,13.42,0.09344699094071982,0.05477882389194605,12.97447030073963,0.7451564828614009,252.98062593144562,97.09388971684054,38141.0
vllm,short input short output,mixtral_7b_8expert,1,1.0,3.31,0.09639523178339,0.043075225964261624,2.293360743671656,0.3021148036253776,87.91540785498489,15.709969788519636,38769.0
vllm,short input short output,mixtral_7b_8expert,2,1.0,8.45,0.08671547488775096,0.04398339305260306,7.160838599875569,0.2366863905325444,81.06508875739645,26.627218934911244,38769.0
vllm,short input short output,mixtral_7b_8expert,3,1.0,9.29,0.0903458309825509,0.045617947545509005,7.8975439353846015,0.32292787944025836,126.15715823466094,44.241119483315394,38769.0
vllm,short input short output,mixtral_7b_8expert,4,1.0,9.31,0.08107577348127956,0.04675264850791011,7.890733080497012,0.4296455424274973,173.14715359828142,49.516648764769066,38769.0
vllm,short input short output,mixtral_7b_8expert,5,1.0,15.27,0.09857467962428926,0.04810149341746389,11.509390687011182,0.3274394237066143,126.26064178127046,49.05042567125082,38769.0
vllm,short input short output,mixtral_7b_8expert,6,1.0,15.82,0.07478910475037985,0.045832779846156385,12.074735777103342,0.37926675094816686,152.46523388116307,65.04424778761062,38769.0
vllm,short input short output,mixtral_7b_8expert,7,1.0,16.3,0.08405567207373672,0.047908483211192586,12.573483693692832,0.42944785276073616,180.67484662576686,71.90184049079754,38769.0
vllm,short input short output,mixtral_7b_8expert,8,1.0,15.7,0.08146903752349309,0.04822106677027946,11.909463059506379,0.5095541401273885,202.4203821656051,76.94267515923568,38769.0
vllm,short input short output,mixtral_7b_8expert,9,1.0,16.16,0.07749911723658434,0.04797651365399361,12.425341739598661,0.556930693069307,202.16584158415841,79.82673267326733,38769.0
vllm,short input short output,mixtral_7b_8expert,10,1.0,16.685000000000002,0.06507089361548418,0.05089946383383081,13.116386721306482,0.5993407252022774,406.9523524123464,156.1881929877135,38769.0
vllm,short input short output,mixtral_7b_8expert,10,2.0,15.0,0.0792057787301018,0.05300677932048661,13.229738209652714,0.6666666666666666,226.33333333333334,86.86666666666666,38769.0
vllm,short input short output,mixtral_7b_8expert,10,3.0,14.73,0.07370720033068204,0.05529985727241807,13.604045590455645,0.678886625933469,230.48200950441276,88.45892735913102,38769.0
vllm,short input short output,mixtral_7b_8expert,10,4.0,13.87,0.07129960930906225,0.054504346110973184,12.979156461078674,0.7209805335255949,244.77289113193945,93.94376351838501,38769.0
vllm,short input short output,mixtral_7b_8expert,10,5.0,14.22,0.07565467779058954,0.05419556056408315,13.475704078236593,0.7032348804500703,238.74824191279887,91.63150492264415,38769.0
vllm,short input short output,mixtral_7b_8expert,10,6.0,11.9,0.07247622006107118,0.05160205401561255,11.290820795157924,0.8403361344537815,285.29411764705884,109.49579831932773,38769.0
vllm,short input short output,mixtral_7b_8expert,10,7.0,13.05,0.0806610962143167,0.04984804034417942,12.50247535193339,0.7662835249042145,260.15325670498083,99.84674329501915,38785.0
vllm,short input short output,mixtral_7b_8expert,10,8.0,12.76,0.07302890059072513,0.050296696892376015,12.264850684744307,0.7836990595611285,266.0658307210031,102.11598746081505,38785.0
vllm,short input short output,mixtral_7b_8expert,10,9.0,12.13,0.07209485296625637,0.050021673490790106,11.678240693057885,0.8244023083264632,279.88458367683427,107.41962077493817,38785.0
vllm,short input short output,mixtral_7b_8expert,10,10.0,13.15,0.07755312717054029,0.050270599227662485,12.718967906502074,0.7604562737642585,258.1749049429658,99.08745247148289,38785.0
vllm,short input short output,qwen_7b,1,1.0,3.37,0.085847538895905,0.044373399368030766,2.349030642304569,0.29673590504451036,86.35014836795251,15.43026706231454,38297.0
vllm,short input short output,qwen_7b,2,1.0,8.73,0.08955346499569711,0.04681384565152992,7.432545057521201,0.2290950744558992,78.46506300114547,25.773195876288657,38297.0
vllm,short input short output,qwen_7b,3,1.0,8.96,0.09297774475999168,0.04400186836122307,7.560844020172953,0.33482142857142855,130.80357142857142,45.87053571428571,38297.0
vllm,short input short output,qwen_7b,4,1.0,9.71,0.08281247003469608,0.04781953105528769,8.293016174575314,0.4119464469618949,166.01441812564366,47.47682801235839,38317.0
vllm,short input short output,qwen_7b,5,1.0,15.56,0.09244159134104842,0.04971066596524633,11.790388851705938,0.3213367609254499,123.90745501285346,48.13624678663239,38317.0
vllm,short input short output,qwen_7b,6,1.0,16.58,0.090205613290891,0.04938405732294972,12.86305468820501,0.3618817852834741,145.4764776839566,62.06272617611581,38317.0
vllm,short input short output,qwen_7b,7,1.0,16.14,0.07374350870959456,0.04677147656688843,12.392675820784644,0.4337050805452292,182.46592317224287,72.61462205700124,38317.0
vllm,short input short output,qwen_7b,8,1.0,16.68,0.07706732875667507,0.04888289340775648,12.91032023525331,0.47961630695443647,190.52757793764988,72.4220623501199,38317.0
vllm,short input short output,qwen_7b,9,1.0,16.76,0.0803425492718815,0.04897905003138575,12.974500345718116,0.5369928400954653,194.9284009546539,76.9689737470167,38317.0
vllm,short input short output,qwen_7b,10,1.0,16.715,0.0908081413712352,0.04982898977560028,13.001827516639606,0.5982650314089142,406.22195632665273,155.90786718516304,38319.0
vllm,short input short output,qwen_7b,10,2.0,14.05,0.07484310520812862,0.050049671441476484,12.297037310805171,0.7117437722419928,241.63701067615656,92.74021352313167,38319.0
vllm,short input short output,qwen_7b,10,3.0,12.86,0.07727016534190619,0.05329484294394633,11.747890898049809,0.7776049766718507,263.99688958009335,101.32192846034215,38319.0
vllm,short input short output,qwen_7b,10,4.0,13.58,0.08090637333225452,0.05340385003638563,12.697765557211824,0.7363770250368189,250.0,95.94992636229749,38339.0
vllm,short input short output,qwen_7b,10,5.0,13.87,0.0861078464193269,0.05567734418776022,13.15174028656911,0.7209805335255949,244.77289113193945,93.94376351838501,38339.0
vllm,short input short output,qwen_7b,10,6.0,14.39,0.08080917771439994,0.055760434961372035,13.744098114781082,0.6949270326615705,235.92772758860318,90.54899235580264,38339.0
vllm,short input short output,qwen_7b,10,7.0,13.77,0.09554751624818889,0.05623303176122432,13.219184568803756,0.7262164124909223,246.55047204066813,94.62599854756718,38359.0
vllm,short input short output,qwen_7b,10,8.0,13.64,0.09744619466364378,0.05585811471242514,13.117446949891745,0.7331378299120235,248.90029325513194,95.52785923753666,38359.0
vllm,short input short output,qwen_7b,10,9.0,13.6,0.09279929017648096,0.056191696267339865,13.140702004753983,0.7352941176470589,249.63235294117646,95.80882352941177,38359.0
vllm,short input short output,qwen_7b,10,10.0,13.49,0.09061352843418709,0.05576184417290029,13.044938350305893,0.7412898443291327,251.66790214974054,96.59006671608599,38359.0
vllm,short input short output,yi_6b,1,1.0,3.22,0.0846115858294069,0.04149691731322045,2.2011045734398067,0.3105590062111801,90.37267080745342,16.149068322981364,38221.0
vllm,short input short output,yi_6b,2,1.0,8.65,0.10456370466854416,0.04581063595087148,7.3506021480541675,0.23121387283236994,79.1907514450867,26.011560693641616,38221.0
vllm,short input short output,yi_6b,3,1.0,8.98,0.10382263660430902,0.04339966604931385,7.59152179248631,0.33407572383073497,130.5122494432071,45.76837416481069,38241.0
vllm,short input short output,yi_6b,4,1.0,8.05,0.08931022267788646,0.04299459605094451,6.656618051719851,0.49689440993788814,200.24844720496893,57.26708074534161,38241.0
vllm,short input short output,yi_6b,5,1.0,15.69,0.08852999107912174,0.048014305492586534,11.881479568406938,0.3186743148502231,122.88081580624602,47.73741236456342,38241.0
vllm,short input short output,yi_6b,6,1.0,16.08,0.08525827503763138,0.04774244699422002,12.330601790337823,0.373134328358209,150.00000000000003,63.99253731343284,38241.0
vllm,short input short output,yi_6b,7,1.0,16.49,0.09084452972747377,0.04812021440231562,12.717085260525346,0.4244996967859309,178.59308671922378,71.07337780473014,38241.0
vllm,short input short output,yi_6b,8,1.0,16.74,0.08324466880876565,0.04895537265384679,12.981761633232235,0.47789725209080053,189.8446833930705,72.16248506571088,38241.0
vllm,short input short output,yi_6b,9,1.0,16.66,0.08025821670889846,0.04878128199548531,12.881361943390221,0.5402160864345739,196.0984393757503,77.43097238895558,38241.0
vllm,short input short output,yi_6b,10,1.0,16.215,0.09311673997435717,0.04734453332261183,12.456267148209738,0.6167129201356768,418.7480727721246,160.7153869873574,38243.0
vllm,short input short output,yi_6b,10,2.0,14.74,0.07698630760423829,0.05010624426900975,12.98394237565808,0.6784260515603799,230.32564450474896,88.3989145183175,38243.0
vllm,short input short output,yi_6b,10,3.0,13.9,0.07865457311272614,0.05557261496661322,12.77712541774381,0.7194244604316546,244.24460431654677,93.7410071942446,38243.0
vllm,short input short output,yi_6b,10,4.0,13.37,0.08337360185105344,0.05473272874323633,12.51355162607506,0.7479431563201198,253.92670157068065,97.4569932685116,38255.0
vllm,short input short output,yi_6b,10,5.0,13.63,0.086194812436588,0.05335060427839612,12.907186587643809,0.7336757153338224,249.0829053558327,95.59794570799706,38255.0
vllm,short input short output,yi_6b,10,6.0,13.64,0.0813593441853299,0.05488083604015592,13.015898540592753,0.7331378299120235,248.90029325513194,95.52785923753666,38255.0
vllm,short input short output,yi_6b,10,7.0,13.63,0.0976761256344616,0.054921103139092924,13.083296108641662,0.7336757153338224,249.0829053558327,95.59794570799706,38283.0
vllm,short input short output,yi_6b,10,8.0,13.58,0.09436655144672836,0.05625327339101651,13.070972153823822,0.7363770250368189,250.0,95.94992636229749,38283.0
vllm,short input short output,yi_6b,10,9.0,13.59,0.09325411170721049,0.05604909914191903,13.125591270788574,0.7358351729212657,249.81604120676968,95.87932303164091,38283.0
vllm,short input short output,yi_6b,10,10.0,13.43,0.08850813775788992,0.05489121527119795,12.974595841951668,0.7446016381236039,252.7922561429635,97.02159344750558,38283.0
