Scheduler,Input Output data Type,Model Name,Number of Requests,QPS,Request No,Prefill Token Count,Decode Token Count,Prefill Time,Decode Time,Request Execution Time,Request End-to-End time,Scheduling Delay
sarathi,long input long output,llama2_7b,1,1.0,0,3518,2793,1.4295015879906714,122.16612395388074,123.5956255418714,123.59597334451972,0.0003478026483207
sarathi,long input long output,llama2_7b,2,1.0,0,3518,2793,1.448142875218764,124.05626195995136,125.50440483517012,125.5046297458466,0.0002249106764793
sarathi,long input long output,llama2_7b,2,1.0,1,2057,1306,0.8985101450234652,58.58127630199306,59.47978644701652,60.84529340779409,1.3655069607775658
sarathi,long input long output,llama2_7b,3,1.0,0,3518,2793,1.4738910337910056,125.19770164904185,126.67159268283284,126.67199262860233,0.000399945769459
sarathi,long input long output,llama2_7b,3,1.0,1,2057,1306,0.914856530027464,58.86342844879255,59.77828497882001,61.17055744258687,1.392272463766858
sarathi,long input long output,llama2_7b,3,1.0,2,2302,2548,1.0539009070489556,114.20844385609962,115.26234476314858,117.19176401663572,1.92941925348714
sarathi,long input long output,llama2_7b,4,1.0,0,3518,2793,1.4813637528568506,126.79748328612186,128.2788470389787,128.2794699827209,0.0006229437422007
sarathi,long input long output,llama2_7b,4,1.0,1,2057,1306,0.9259946560487152,59.966103098820895,60.89209775486961,62.29194463859312,1.3998468837235123
sarathi,long input long output,llama2_7b,4,1.0,2,2302,2548,1.0387326839845628,115.50819047400728,116.54692315799184,118.4967536185868,1.949830460594967
sarathi,long input long output,llama2_7b,4,1.0,3,7451,3879,3.300907486816868,172.83914409810677,176.14005158492364,178.82105132285506,2.6809997379314154
sarathi,long input long output,llama2_7b,5,1.0,0,3518,2793,1.4283015220426023,126.14457302098162,127.57287454302424,127.57327269064264,0.000398147618398
sarathi,long input long output,llama2_7b,5,1.0,1,2057,1306,0.9189371610991656,60.26682866201736,61.185765823116526,62.53307293378748,1.347307110670954
sarathi,long input long output,llama2_7b,5,1.0,2,2302,2548,1.016675049904734,115.19506978988647,116.2117448397912,118.10156671050936,1.8898218707181516
sarathi,long input long output,llama2_7b,5,1.0,3,7451,3879,3.220981308957562,173.68559112097137,176.90657242992893,179.50435319379903,2.597780763870105
sarathi,long input long output,llama2_7b,5,1.0,4,5074,5992,2.593996860086918,265.22544707893394,267.81944393902086,272.24704458308406,4.4276006440632045
sarathi,long input long output,llama2_7b,6,1.0,0,3518,2793,1.4581020378973335,131.69640933792107,133.1545113758184,133.15510677965358,0.0005954038351774
sarathi,long input long output,llama2_7b,6,1.0,1,2057,1306,0.9047314398922026,62.54013096005656,63.44486239994876,64.81987678376026,1.3750143838115036
sarathi,long input long output,llama2_7b,6,1.0,2,2302,2548,1.3490105629898608,119.9916107468307,121.34062130982056,123.24081956455484,1.9001982547342775
sarathi,long input long output,llama2_7b,6,1.0,3,7451,3879,3.319872953929007,174.20314033492468,177.5230132888537,180.46275003487244,2.9397367460187525
sarathi,long input long output,llama2_7b,6,1.0,4,5074,5992,2.3339358989614998,266.551940002013,268.8858759009745,273.7571260361001,4.871250135125592
sarathi,long input long output,llama2_7b,6,1.0,5,8465,2267,4.051271795993671,105.37918643583544,109.4304582318291,115.45086707430892,6.02040884247981
sarathi,long input long output,llama2_7b,7,1.0,0,3518,2793,1.4552659208420664,136.1951227199752,137.65038864081723,137.65059768455103,0.0002090437337756
sarathi,long input long output,llama2_7b,7,1.0,1,2057,1306,0.915840929141268,65.29723417200148,66.21307510114275,67.58679038472474,1.373715283581987
sarathi,long input long output,llama2_7b,7,1.0,2,2302,2548,1.0423252619802952,124.69603634392844,125.73836160590872,127.65118903154509,1.912827425636351
sarathi,long input long output,llama2_7b,7,1.0,3,7451,3879,3.322878921870142,183.2724111820571,186.59529010392723,189.23969505890275,2.644404954975471
sarathi,long input long output,llama2_7b,7,1.0,4,5074,5992,2.3483157658483838,275.2057038920466,277.55401965789497,282.13037148001604,4.576351822121069
sarathi,long input long output,llama2_7b,7,1.0,5,8465,2267,4.029129480011761,109.86551538808273,113.89464486809447,119.63034238829276,5.7356975201983005
sarathi,long input long output,llama2_7b,7,1.0,6,8091,2558,3.931606187019497,122.50089600519276,126.43250219221228,133.90617334493436,7.47367115272209
sarathi,long input long output,llama2_7b,8,1.0,0,3518,2793,1.4505252889357507,139.44646935816854,140.8969946471043,140.8971841088496,0.0001894617453217
sarathi,long input long output,llama2_7b,8,1.0,1,2057,1306,0.9088763629551976,66.39781593205407,67.30669229500927,68.67616025381722,1.3694679588079453
sarathi,long input long output,llama2_7b,8,1.0,2,2302,2548,1.0102200859691948,127.83623199304566,128.84645207901485,130.74756475980394,1.9011126807890832
sarathi,long input long output,llama2_7b,8,1.0,3,7451,3879,3.283909593941644,186.40153931290843,189.68544890685007,192.28856203891337,2.6031131320632994
sarathi,long input long output,llama2_7b,8,1.0,4,5074,5992,2.3358213510364294,277.4860976098571,279.8219189608935,284.31819850811735,4.496279547223821
sarathi,long input long output,llama2_7b,8,1.0,5,8465,2267,3.9101343939546496,113.21859874995424,117.1287331439089,122.77039861632512,5.641665472416207
sarathi,long input long output,llama2_7b,8,1.0,6,8091,2558,3.995119387982413,125.9949662850704,129.99008567305282,137.2547294269316,7.264643753878772
sarathi,long input long output,llama2_7b,8,1.0,7,3651,2070,1.8911012010648849,102.39677161094733,104.2878728120122,115.39317140821368,11.105298596201465
sarathi,long input long output,llama2_7b,9,1.0,0,3518,2793,1.4953253571875391,152.2238722878974,153.71919764508493,153.71940036164597,0.0002027165610343
sarathi,long input long output,llama2_7b,9,1.0,1,2057,1306,0.9383360508363694,75.202023511054,76.14035956189036,77.55457024066709,1.414210678776726
sarathi,long input long output,llama2_7b,9,1.0,2,2302,2548,1.0685536740347743,139.94508494297042,141.0136386170052,142.9789190464653,1.9652804294601085
sarathi,long input long output,llama2_7b,9,1.0,3,7451,3879,3.395095861051232,200.1877571800724,203.5828530411236,206.3054057639092,2.722552722785622
sarathi,long input long output,llama2_7b,9,1.0,4,5074,5992,2.394564450951293,293.1276560621336,295.5222205130849,300.2488112400752,4.726590726990253
sarathi,long input long output,llama2_7b,9,1.0,5,8465,2267,4.109055093955249,124.78519851109012,128.89425360504538,134.82705581141636,5.93280220637098
sarathi,long input long output,llama2_7b,9,1.0,6,8091,2558,4.049980160081759,138.3649455178529,142.41492567793466,150.1695603367407,7.754634658806026
sarathi,long input long output,llama2_7b,9,1.0,7,3651,2070,1.9326229160651565,113.65809926413932,115.59072218020448,127.24247185117564,11.651749670971183
sarathi,long input long output,llama2_7b,9,1.0,8,8256,2502,4.491437403019518,134.08037490700372,138.57181231002323,151.547339979792,12.97552766976878
sarathi,long input long output,llama2_7b,10,1.0,0,3518,2793,1.4502965521533042,161.19498357805423,162.64528013020754,162.64547451678663,0.0001943865790963
sarathi,long input long output,llama2_7b,10,1.0,0,3518,2793,1.4837185819633305,164.3080548979342,165.79177347989753,165.7919536277186,0.0001801478210836
sarathi,long input long output,llama2_7b,10,1.0,1,2057,1306,0.9331246688961984,75.63284909795038,76.56597376684658,77.93244496663101,1.366471199784428
sarathi,long input long output,llama2_7b,10,1.0,1,2057,1306,0.9338246970437468,77.65091183385812,78.58473653090186,79.98713421775028,1.402397686848417
sarathi,long input long output,llama2_7b,10,1.0,2,2302,2548,1.0275217469315976,148.48702650307678,149.51454825000835,151.4346004675608,1.9200522175524384
sarathi,long input long output,llama2_7b,10,1.0,2,2302,2548,1.0519022059161216,151.5647251070477,152.61662731296383,154.57379838172346,1.957171068759635
sarathi,long input long output,llama2_7b,10,1.0,3,7451,3879,3.3257948390673846,209.60749420989305,212.93328904896043,215.57176407589577,2.638475026935339
sarathi,long input long output,llama2_7b,10,1.0,3,7451,3879,3.396290329983458,212.03065770305693,215.4269480330404,218.1254242779687,2.6984762449283157
sarathi,long input long output,llama2_7b,10,1.0,4,5074,5992,2.3282026569359004,300.8351739819627,303.1633766388986,307.73760340199806,4.574226763099432
sarathi,long input long output,llama2_7b,10,1.0,4,5074,5992,2.3748281851876527,304.6922068030108,307.06703498819843,311.7712203322444,4.704185344045982
sarathi,long input long output,llama2_7b,10,1.0,5,8465,2267,4.012817320181057,133.10020623193122,137.11302355211228,142.82825434138067,5.715230789268389
sarathi,long input long output,llama2_7b,10,1.0,5,8465,2267,4.117702575866133,136.05873324000277,140.1764358158689,146.06696143839508,5.890525622526184
sarathi,long input long output,llama2_7b,10,1.0,6,8091,2558,3.979565294925124,147.66149138798937,151.6410566829145,159.08100331085734,7.439946627942845
sarathi,long input long output,llama2_7b,10,1.0,6,8091,2558,4.0530993670690805,150.4786709640175,154.5317703310866,162.25033199903555,7.718561667948961
sarathi,long input long output,llama2_7b,10,1.0,7,3651,2070,1.890877885045484,121.68933730898424,123.58021519402972,134.8470800400246,11.26686484599486
sarathi,long input long output,llama2_7b,10,1.0,7,3651,2070,1.9191766229923812,124.50706229591742,126.4262389189098,138.0449772111606,11.618738292250782
sarathi,long input long output,llama2_7b,10,1.0,8,8256,2502,4.371276224032044,143.5932782101445,147.9645544341765,160.51024499186315,12.545690557686612
sarathi,long input long output,llama2_7b,10,1.0,8,8256,2502,4.46411769092083,146.32079856912603,150.78491626004688,163.71049762587063,12.925581365823746
sarathi,long input long output,llama2_7b,10,1.0,9,9587,2397,5.401681205024943,137.12236934388056,142.5240505489055,159.34786462248303,16.823814073577523
sarathi,long input long output,llama2_7b,10,1.0,9,9587,2397,5.480000222101808,139.77406057389453,145.25406079599634,162.5467754015699,17.292714605573565
sarathi,long input long output,llama2_7b,10,2.0,0,3518,2793,1.4271998959593477,162.29204350803047,163.71924340398982,163.71942081442103,0.0001774104312062
sarathi,long input long output,llama2_7b,10,2.0,1,2057,1306,0.908539301948622,76.76320836506784,77.67174766701646,79.02997675584629,1.3582290888298305
sarathi,long input long output,llama2_7b,10,2.0,2,2302,2548,1.0369778419844806,149.5288894448895,150.56586728687398,152.61721748672426,2.051350199850276
sarathi,long input long output,llama2_7b,10,2.0,3,7451,3879,3.3730886480771005,209.9029524459038,213.2760410939809,216.179777919082,2.9037368251010776
sarathi,long input long output,llama2_7b,10,2.0,4,5074,5992,2.3518289050552994,297.7577217868529,300.1095506919082,305.66359916562214,5.55404847371392
sarathi,long input long output,llama2_7b,10,2.0,5,8465,2267,3.97538059996441,134.01841201400384,137.99379261396825,145.27936594607309,7.285573332104832
sarathi,long input long output,llama2_7b,10,2.0,6,8091,2558,3.908885467099026,148.85260613798164,152.76149160508066,162.85109056532383,10.089598960243164
sarathi,long input long output,llama2_7b,10,2.0,7,3651,2070,1.865604723803699,122.66602666513064,124.53163138893431,138.42526784120128,13.893636452266946
sarathi,long input long output,llama2_7b,10,2.0,8,8256,2502,4.419632531935349,144.75005113892257,149.16968367085792,164.594487643335,15.424803972477092
sarathi,long input long output,llama2_7b,10,2.0,9,9587,2397,5.406171194044873,138.28768374281935,143.69385493686423,163.4580025107134,19.764147573849183
sarathi,long input long output,llama2_7b,10,3.0,0,3518,2793,1.4677892581094056,162.92858386202715,164.39637312013656,164.46076988545246,0.0643967653159052
sarathi,long input long output,llama2_7b,10,3.0,1,2057,1306,0.9227641229517758,76.81666203192435,77.73942615487613,79.20538662583567,1.4659604709595442
sarathi,long input long output,llama2_7b,10,3.0,2,2302,2548,1.039942295057699,150.1508468070533,151.190789102111,153.4151509257499,2.224361823638901
sarathi,long input long output,llama2_7b,10,3.0,3,7451,3879,3.363364316057414,211.1347374089528,214.4981017250102,217.62043879646808,3.1223370714578778
sarathi,long input long output,llama2_7b,10,3.0,4,5074,5992,2.364004048053175,302.92682156013325,305.2908256081864,311.2749544614926,5.984128853306174
sarathi,long input long output,llama2_7b,10,3.0,5,8465,2267,4.038655766984448,134.7264993910212,138.76515515800563,146.6793963194359,7.914241161430255
sarathi,long input long output,llama2_7b,10,3.0,6,8091,2558,3.9709305688738814,149.34636160102673,153.3172921699006,164.46862521092407,11.151333041023465
sarathi,long input long output,llama2_7b,10,3.0,7,3651,2070,1.9172540619038043,123.25496429414488,125.17221835604867,140.20284330588763,15.030624949838966
sarathi,long input long output,llama2_7b,10,3.0,8,8256,2502,4.38463462004438,145.2277653501369,149.6123999701813,166.31454584072344,16.702145870542154
sarathi,long input long output,llama2_7b,10,3.0,9,9587,2397,5.33645432186313,138.83207960310392,144.16853392496705,165.1820042761974,21.013470351230357
sarathi,long input long output,llama2_7b,10,4.0,0,3518,2793,1.4990472360514104,162.761913622031,164.2609608580824,164.41249220538884,0.1515313473064452
sarathi,long input long output,llama2_7b,10,4.0,1,2057,1306,0.9690384881105274,76.80707473889925,77.77611322700977,79.36247137654573,1.586358149535954
sarathi,long input long output,llama2_7b,10,4.0,2,2302,2548,1.053486874094233,150.14604172483087,151.1995285989251,153.61812689551152,2.418598296586424
sarathi,long input long output,llama2_7b,10,4.0,3,7451,3879,3.3197599998675287,206.64075773907825,209.96051773894575,213.3144910261035,3.3539732871577144
sarathi,long input long output,llama2_7b,10,4.0,4,5074,5992,2.3630953321699053,295.30349409393966,297.6665894261096,303.95022373995744,6.28363431384787
sarathi,long input long output,llama2_7b,10,4.0,5,8465,2267,3.99577526608482,134.7798493350856,138.77562460117042,147.08238144381903,8.30675684264861
sarathi,long input long output,llama2_7b,10,4.0,6,8091,2558,4.019950848072767,148.93974192487076,152.95969277294353,164.6453840166796,11.685691243736072
sarathi,long input long output,llama2_7b,10,4.0,7,3651,2070,1.9085887710098175,123.33964868914336,125.24823746015318,140.8691327406559,15.620895280502737
sarathi,long input long output,llama2_7b,10,4.0,8,8256,2502,4.417136367876083,144.6268387499731,149.0439751178492,166.37385599082336,17.329880872974172
sarathi,long input long output,llama2_7b,10,4.0,9,9587,2397,5.4498634319752455,138.16320336121134,143.6130667931866,165.28581551555544,21.67274872236885
sarathi,long input long output,llama2_7b,10,5.0,0,3518,2793,1.447700927965343,162.4116494602058,163.85935038817115,164.0787926495541,0.2194422613829374
sarathi,long input long output,llama2_7b,10,5.0,1,2057,1306,0.905745356110856,76.04370700195432,76.94945235806517,78.55783269670792,1.6083803386427462
sarathi,long input long output,llama2_7b,10,5.0,2,2302,2548,1.0428857230581343,149.68863159394823,150.73151731700636,153.1237543609459,2.392237043939531
sarathi,long input long output,llama2_7b,10,5.0,3,7451,3879,3.343177903909236,210.6561162150465,213.99929411895573,217.3146353266202,3.31534120766446
sarathi,long input long output,llama2_7b,10,5.0,4,5074,5992,2.3034179599490017,300.5959579281043,302.8993758880533,309.2344458841253,6.335069996071979
sarathi,long input long output,llama2_7b,10,5.0,5,8465,2267,3.913646324072033,134.35399924009107,138.2676455641631,146.62241147342138,8.354765909258276
sarathi,long input long output,llama2_7b,10,5.0,6,8091,2558,3.9850863649044186,149.0496368170716,153.034723181976,164.79819738445804,11.76347420248203
sarathi,long input long output,llama2_7b,10,5.0,7,3651,2070,1.873523015063256,122.90276788803747,124.77629090310074,140.4445873685181,15.66829646541737
sarathi,long input long output,llama2_7b,10,5.0,8,8256,2502,4.381958252983168,144.9135297439061,149.29548799688928,166.66450802166946,17.369020024780184
sarathi,long input long output,llama2_7b,10,5.0,9,9587,2397,5.341217766050249,138.52505198703147,143.86626975308172,165.54611060838215,21.679840855300423
sarathi,long input long output,llama2_7b,10,6.0,0,3518,2793,1.46938863187097,163.6918078220915,165.16119645396248,165.430505404016,0.2693089500535279
sarathi,long input long output,llama2_7b,10,6.0,1,2057,1306,0.9286852979566902,77.24943503295071,78.1781203309074,79.85572522785515,1.6776048969477415
sarathi,long input long output,llama2_7b,10,6.0,2,2302,2548,1.0748447300866246,150.89123099879362,151.96607572888024,154.46012292802334,2.494047199143097
sarathi,long input long output,llama2_7b,10,6.0,3,7451,3879,3.4262447839137167,209.47520098811947,212.9014457720332,216.36896855873056,3.467522786697373
sarathi,long input long output,llama2_7b,10,6.0,4,5074,5992,2.370304678101093,300.285920327995,302.65622500609607,309.27133127930574,6.615106273209676
sarathi,long input long output,llama2_7b,10,6.0,5,8465,2267,4.050573232816532,135.29871398210526,139.3492872149218,148.0878395405598,8.738552325638011
sarathi,long input long output,llama2_7b,10,6.0,6,8091,2558,3.993846361059696,149.8779419849161,153.8717883459758,166.22888764133677,12.357099295360968
sarathi,long input long output,llama2_7b,10,6.0,7,3651,2070,1.891951988916844,123.79035560111517,125.682307590032,141.95670456741937,16.27439697738737
sarathi,long input long output,llama2_7b,10,6.0,8,8256,2502,4.312702876050025,145.8341052928008,150.14680816885084,168.1583715856541,18.011563416803256
sarathi,long input long output,llama2_7b,10,6.0,9,9587,2397,5.447204917902127,139.31750980508514,144.76471472298726,167.0183218026068,22.25360707961954
sarathi,long input long output,llama2_7b,10,7.0,0,3518,2793,1.4111764410044998,159.81260722712614,161.22378366813064,161.48381285881624,0.2600291906856
sarathi,long input long output,llama2_7b,10,7.0,1,2057,1306,0.8905565801542252,75.16467087296769,76.05522745312192,77.66713492106646,1.6119074679445475
sarathi,long input long output,llama2_7b,10,7.0,2,2302,2548,1.0009201320353895,147.20542139397003,148.20634152600542,150.610445788363,2.4041042623575777
sarathi,long input long output,llama2_7b,10,7.0,3,7451,3879,3.215196897974238,206.0863100420684,209.3015069400426,212.61654476844703,3.3150378284044564
sarathi,long input long output,llama2_7b,10,7.0,4,5074,5992,2.3078389579895884,293.3629814141896,295.67082037217915,301.9541324905585,6.283312118379399
sarathi,long input long output,llama2_7b,10,7.0,5,8465,2267,3.90874837897718,132.21986487600952,136.1286132549867,144.5006447066553,8.37203145166859
sarathi,long input long output,llama2_7b,10,7.0,6,8091,2558,3.867389344843105,146.7112972480245,150.5786865928676,162.48415284231305,11.905466249445452
sarathi,long input long output,llama2_7b,10,7.0,7,3651,2070,1.783910839119926,121.30652471492068,123.0904355540406,138.7895278746728,15.69909232063219
sarathi,long input long output,llama2_7b,10,7.0,8,8256,2502,4.175264772027731,142.89110874803737,147.0663735200651,164.40834743832238,17.34197391825728
sarathi,long input long output,llama2_7b,10,7.0,9,9587,2397,5.089469908969477,136.76060590194538,141.85007581091486,163.29791824147105,21.447842430556197
sarathi,long input long output,llama2_7b,10,8.0,0,3518,2793,1.4548965350259095,163.84225723799318,165.2971537730191,165.54721841099672,0.2500646379776299
sarathi,long input long output,llama2_7b,10,8.0,1,2057,1306,0.9056728759314864,77.48546263412572,78.39113551005721,80.03280168119818,1.6416661711409688
sarathi,long input long output,llama2_7b,10,8.0,2,2302,2548,1.0173487379215658,151.11896879808046,152.13631753600205,154.58929953328334,2.452981997281313
sarathi,long input long output,llama2_7b,10,8.0,3,7451,3879,3.4139386999886483,211.9124479640741,215.32638666406277,218.70480313804,3.378416473977268
sarathi,long input long output,llama2_7b,10,8.0,4,5074,5992,2.35905813309364,304.4882814940065,306.8473396271001,313.4184583588504,6.571118731750175
sarathi,long input long output,llama2_7b,10,8.0,5,8465,2267,4.013863626867533,135.62083186605014,139.63469549291767,148.36504832073115,8.730352827813476
sarathi,long input long output,llama2_7b,10,8.0,6,8091,2558,4.05497758788988,150.1604972591158,154.21547484700568,166.6217294964008,12.406254649395123
sarathi,long input long output,llama2_7b,10,8.0,7,3651,2070,1.924792354926467,124.12544822413474,126.0502405790612,142.4369452779647,16.386704698903486
sarathi,long input long output,llama2_7b,10,8.0,8,8256,2502,4.432350806891918,145.95436364598572,150.38671445287764,168.5673739768099,18.180659523932263
sarathi,long input long output,llama2_7b,10,8.0,9,9587,2397,5.388105015968904,139.51129056792706,144.89939558389597,167.44272134266794,22.54332575877197
sarathi,long input long output,llama2_7b,10,9.0,0,3518,2793,1.5293172020465136,162.8970162589103,164.4263334609568,164.73901283112357,0.3126793701667338
sarathi,long input long output,llama2_7b,10,9.0,1,2057,1306,0.9086805048864336,76.8897621021606,77.79844260704704,79.58191740978509,1.7834748027380556
sarathi,long input long output,llama2_7b,10,9.0,2,2302,2548,1.042785505997017,150.0685494840145,151.11133499001153,153.7111425786279,2.599807588616386
sarathi,long input long output,llama2_7b,10,9.0,3,7451,3879,3.4202992680948228,209.99970107688569,213.4200003449805,216.97415410075337,3.554153755772859
sarathi,long input long output,llama2_7b,10,9.0,4,5074,5992,2.337976292008534,301.57442714995705,303.9124034419656,310.6820177962072,6.769614354241639
sarathi,long input long output,llama2_7b,10,9.0,5,8465,2267,4.014858847018331,134.62740064505488,138.6422594920732,147.56699620257132,8.92473671049811
sarathi,long input long output,llama2_7b,10,9.0,6,8091,2558,3.959262910997495,149.32960363780148,153.28886654879898,165.92109032394364,12.632223775144666
sarathi,long input long output,llama2_7b,10,9.0,7,3651,2070,1.8653261568397284,123.32819665316492,125.19352281000464,141.7152193854563,16.521696575451642
sarathi,long input long output,llama2_7b,10,9.0,8,8256,2502,4.389259259914979,145.20686370902695,149.59612296894193,167.86086425953545,18.26474129059352
sarathi,long input long output,llama2_7b,10,9.0,9,9587,2397,5.332695357967168,138.85403258819133,144.1867279461585,166.77211902081035,22.58539107465185
sarathi,long input long output,llama2_7b,10,10.0,0,3518,2793,1.5940064389724284,164.9133657561615,166.50737219513394,166.84974803542718,0.3423758402932435
sarathi,long input long output,llama2_7b,10,10.0,1,2057,1306,0.99748271307908,78.23400821792893,79.23149093100801,81.10471833334304,1.8732274023350328
sarathi,long input long output,llama2_7b,10,10.0,2,2302,2548,1.098081764066592,151.9263998779934,153.02448164205998,155.8070659278892,2.782584285829216
sarathi,long input long output,llama2_7b,10,10.0,3,7451,3879,3.4493398019112647,213.09904744592492,216.54838724783625,220.3446681413334,3.796280893497169
sarathi,long input long output,llama2_7b,10,10.0,4,5074,5992,2.3923190808855,306.6697309729643,309.0620500538498,316.11815022397786,7.056100170128048
sarathi,long input long output,llama2_7b,10,10.0,5,8465,2267,4.098655415000394,136.16835398809053,140.26700940309092,149.54288682737388,9.275877424282951
sarathi,long input long output,llama2_7b,10,10.0,6,8091,2558,4.1534678200259805,150.807492289925,154.96096010995095,168.051877113292,13.09091700334102
sarathi,long input long output,llama2_7b,10,10.0,7,3651,2070,1.905086291953921,124.53767118300313,126.44275747495703,143.6163233758416,17.17356590088457
sarathi,long input long output,llama2_7b,10,10.0,8,8256,2502,4.508977798046544,146.5859849739354,151.09496277198195,170.0546569749713,18.95969420298934
sarathi,long input long output,llama2_7b,10,10.0,9,9587,2397,5.478453069925308,140.042419139063,145.5208722089883,168.91831044014543,23.39743823115714
sarathi,long input long output,mistral_7b,1,1.0,0,3518,2793,1.48260956001468,122.03224019892514,123.51484975893982,123.51514197373764,0.0002922147978097
sarathi,long input long output,mistral_7b,2,1.0,0,3518,2793,1.48241770779714,123.223707200028,124.70612490782514,124.7064556516707,0.0003307438455522
sarathi,long input long output,mistral_7b,2,1.0,1,2057,1306,0.918607730185613,58.19497997593135,59.11358770611696,60.51423445576802,1.4006467496510595
sarathi,long input long output,mistral_7b,3,1.0,0,3518,2793,1.4842303120531142,124.80645503196864,126.29068534402175,126.29093796364032,0.0002526196185499
sarathi,long input long output,mistral_7b,3,1.0,1,2057,1306,0.9321373640559614,58.25378400506452,59.18592136912048,60.58948734682053,1.4035659777000546
sarathi,long input long output,mistral_7b,3,1.0,2,2302,2548,1.04379627504386,113.5783153171651,114.62211159220897,116.579761371715,1.957649779506028
sarathi,long input long output,mistral_7b,4,1.0,0,3518,2793,1.4777623068075627,126.62961317319424,128.1073754800018,128.10764864180237,0.0002731618005782
sarathi,long input long output,mistral_7b,4,1.0,1,2057,1306,0.9358051200397312,59.78089514398016,60.71670026401989,62.11252158973366,1.3958213257137686
sarathi,long input long output,mistral_7b,4,1.0,2,2302,2548,1.0395793120842427,115.52243727492169,116.56201658700591,118.51605135854334,1.954034771537408
sarathi,long input long output,mistral_7b,4,1.0,3,7451,3879,3.3869760578963906,171.92804511799477,175.31502117589116,177.99955465388484,2.684533477993682
sarathi,long input long output,mistral_7b,5,1.0,0,3518,2793,1.4647482761647552,129.23438025685027,130.69912853301503,130.6993960875552,0.0002675545401871
sarathi,long input long output,mistral_7b,5,1.0,1,2057,1306,0.9639182290993632,60.47284600092098,61.43676423002034,62.81909617059864,1.3823319405782968
sarathi,long input long output,mistral_7b,5,1.0,2,2302,2548,1.0716549449134618,117.66290093399584,118.7345558789093,120.7016964624636,1.9671405835542828
sarathi,long input long output,mistral_7b,5,1.0,3,7451,3879,3.383021933026612,177.27879224787466,180.66181418090127,183.38862187881023,2.726807697908953
sarathi,long input long output,mistral_7b,5,1.0,4,5074,5992,2.436315496917814,269.0270321869757,271.4633476838935,276.18111185194,4.717764168046415
sarathi,long input long output,mistral_7b,6,1.0,0,3518,2793,1.4719745661132038,130.4289607948158,131.900935360929,131.90122463251464,0.0002892715856432
sarathi,long input long output,mistral_7b,6,1.0,1,2057,1306,0.9200151769910008,62.48353470209986,63.40354987909086,64.79242795961909,1.3888780805282297
sarathi,long input long output,mistral_7b,6,1.0,2,2302,2548,1.0487437460105866,119.14241640409456,120.19116015010512,122.122324336553,1.9311641864478588
sarathi,long input long output,mistral_7b,6,1.0,3,7451,3879,3.418145924806595,178.1703662450891,181.5885121698957,184.25790953380056,2.669397363904864
sarathi,long input long output,mistral_7b,6,1.0,4,5074,5992,2.3683932689018548,269.1472136240918,271.5156068929937,276.21142790000886,4.695821007015184
sarathi,long input long output,mistral_7b,6,1.0,5,8465,2267,3.876043097814545,104.68392935604788,108.55997245386244,114.43794621923008,5.877973765367642
sarathi,long input long output,mistral_7b,7,1.0,0,3518,2793,1.5072952508926392,130.82511062012054,132.33240587101318,132.33268979075365,0.0002839197404682
sarathi,long input long output,mistral_7b,7,1.0,1,2057,1306,0.959153153002262,63.16662706597708,64.12578021897934,65.55121622071601,1.4254360017366707
sarathi,long input long output,mistral_7b,7,1.0,2,2302,2548,1.0625377071555704,119.86920660291798,120.93174431007355,122.93524262565188,2.0034983155783266
sarathi,long input long output,mistral_7b,7,1.0,3,7451,3879,3.4328024089336395,175.378884218866,178.81168662779965,181.5664612958208,2.754774668021128
sarathi,long input long output,mistral_7b,7,1.0,4,5074,5992,2.3287364030256867,267.0944882258773,269.423224628903,274.2164711880032,4.793246559100226
sarathi,long input long output,mistral_7b,7,1.0,5,8465,2267,3.8850823019165546,105.55449026706629,109.43957256898284,115.3737613284029,5.934188759420067
sarathi,long input long output,mistral_7b,7,1.0,6,8091,2558,3.856599682942033,117.138592162868,120.99519184581004,128.53145482880063,7.536262982990593
sarathi,long input long output,mistral_7b,8,1.0,0,3518,2793,1.4757828549481928,133.39137210603803,134.86715496098623,134.8673833827488,0.0002284217625856
sarathi,long input long output,mistral_7b,8,1.0,1,2057,1306,0.9400843270123004,63.60224083205685,64.54232515906915,65.92780049378052,1.3854753347113729
sarathi,long input long output,mistral_7b,8,1.0,2,2302,2548,1.033973817946389,121.76404518191704,122.79801899986342,124.73762908158824,1.9396100817248223
sarathi,long input long output,mistral_7b,8,1.0,3,7451,3879,3.3355274479836226,181.13173157302663,184.46725902101025,187.1321567930281,2.6648977720178664
sarathi,long input long output,mistral_7b,8,1.0,4,5074,5992,2.323314115870744,271.8594954230357,274.18280953890644,278.7911896700971,4.608380131190643
sarathi,long input long output,mistral_7b,8,1.0,5,8465,2267,3.945299336919561,107.2534563189838,111.19875565590335,116.9429455373902,5.744189881486818
sarathi,long input long output,mistral_7b,8,1.0,6,8091,2558,3.819663035916165,119.94944721506909,123.76911025098524,131.1692384679336,7.40012821694836
sarathi,long input long output,mistral_7b,8,1.0,7,3651,2070,1.7244620891287925,97.07567655597812,98.80013864510693,109.8716075711418,11.071468926034868
sarathi,long input long output,mistral_7b,9,1.0,0,3518,2793,1.5128858019597828,140.28465121099725,141.79753701295704,141.7977544046007,0.0002173916436731
sarathi,long input long output,mistral_7b,9,1.0,1,2057,1306,0.9349595799576492,69.68165693595074,70.61661651590839,72.02709458465688,1.410478068748489
sarathi,long input long output,mistral_7b,9,1.0,2,2302,2548,0.9998372450936586,128.92444062489085,129.9242778699845,131.89307893346995,1.968801063485444
sarathi,long input long output,mistral_7b,9,1.0,3,7451,3879,3.104645238025114,187.41079927096143,190.51544450898652,193.17545538279228,2.6600108738057315
sarathi,long input long output,mistral_7b,9,1.0,4,5074,5992,2.3289886109996587,278.1496639898978,280.4786526008975,284.8530522920192,4.374399691121653
sarathi,long input long output,mistral_7b,9,1.0,5,8465,2267,3.7206654399633408,114.70293959416448,118.42360503412785,123.93966821441428,5.516063180286437
sarathi,long input long output,mistral_7b,9,1.0,6,8091,2558,3.632894734852016,127.5285558931064,131.1614506279584,138.11312784184702,6.951677213888615
sarathi,long input long output,mistral_7b,9,1.0,7,3651,2070,1.7028836118988693,104.60319317295216,106.30607678485104,116.74271161900832,10.436634834157305
sarathi,long input long output,mistral_7b,9,1.0,8,8256,2502,3.9029828279744834,123.97853107191622,127.8815138998907,139.41473411163315,11.533220211742446
sarathi,long input long output,mistral_7b,10,1.0,0,3518,2793,1.4662887039594352,144.30164197809063,145.76793068205006,145.7681372705847,0.0002065885346382
sarathi,long input long output,mistral_7b,10,1.0,0,3518,2793,1.439674902940169,147.75305142696016,149.19272632990032,149.19294161559085,0.0002152856905013
sarathi,long input long output,mistral_7b,10,1.0,1,2057,1306,0.9311923619825392,67.00363546796143,67.93482782994397,69.32014624564908,1.3853184157051146
sarathi,long input long output,mistral_7b,10,1.0,1,2057,1306,0.9357951360289009,71.21762403985485,72.15341917588376,73.5103786336258,1.3569594577420503
sarathi,long input long output,mistral_7b,10,1.0,2,2302,2548,1.0090984771959484,132.47537234285846,133.4844708200544,135.42453666846268,1.940065848408267
sarathi,long input long output,mistral_7b,10,1.0,2,2302,2548,1.0330444381106645,135.94126273784786,136.97430717595853,138.8894131644629,1.915105988504365
sarathi,long input long output,mistral_7b,10,1.0,3,7451,3879,3.324872673023492,191.7372478789184,195.06212055194192,197.70316590368748,2.6410453517455608
sarathi,long input long output,mistral_7b,10,1.0,3,7451,3879,3.324142259778455,194.31423085718416,197.6383731169626,200.27850270294584,2.640129585983232
sarathi,long input long output,mistral_7b,10,1.0,4,5074,5992,2.324420210206881,282.4851279738359,284.8095481840428,289.3862532589119,4.576705074869096
sarathi,long input long output,mistral_7b,10,1.0,4,5074,5992,2.321928946999833,285.65758949518204,287.97951844218187,292.55428759311326,4.574769150931388
sarathi,long input long output,mistral_7b,10,1.0,5,8465,2267,3.780163588002324,117.92488110810518,121.7050446961075,127.4187116282992,5.7136669321917
sarathi,long input long output,mistral_7b,10,1.0,5,8465,2267,3.897784380009398,121.33809759793805,125.23588197794744,130.9450483622495,5.70916638430208
sarathi,long input long output,mistral_7b,10,1.0,6,8091,2558,3.840109348064289,131.06742523796856,134.90753458603285,142.11482689878903,7.207292312756181
sarathi,long input long output,mistral_7b,10,1.0,6,8091,2558,3.7786754730623215,134.46520813088864,138.24388360395096,145.56484937877394,7.32096577482298
sarathi,long input long output,mistral_7b,10,1.0,7,3651,2070,1.7814666060730815,107.54092942900024,109.32239603507333,120.21268387907185,10.890287843998522
sarathi,long input long output,mistral_7b,10,1.0,7,3651,2070,1.769575027981773,111.02880156692116,112.79837659490296,123.74797423603012,10.949597641127184
sarathi,long input long output,mistral_7b,10,1.0,8,8256,2502,4.034615315962583,127.39531699102372,131.4299323069863,143.49362537963316,12.063693072646856
sarathi,long input long output,mistral_7b,10,1.0,8,8256,2502,4.022543319966644,130.79753962298855,134.8200829429552,146.93325205263682,12.11316910968162
sarathi,long input long output,mistral_7b,10,1.0,9,9587,2397,4.479645803105086,121.85642112395726,126.33606692706236,142.34466571942903,16.008598792366683
sarathi,long input long output,mistral_7b,10,1.0,9,9587,2397,4.802030416205525,124.9531687728595,129.75519918906502,145.80150706344284,16.046307874377817
sarathi,long input long output,mistral_7b,10,2.0,0,3518,2793,1.450065691024065,147.10403237096034,148.5540980619844,148.55430302442983,0.000204962445423
sarathi,long input long output,mistral_7b,10,2.0,1,2057,1306,0.931063316995278,70.58562947902828,71.51669279602356,72.89737352891825,1.3806807328946888
sarathi,long input long output,mistral_7b,10,2.0,2,2302,2548,1.036435668822378,135.5659867071081,136.60242237593047,138.6982429989148,2.09582062298432
sarathi,long input long output,mistral_7b,10,2.0,3,7451,3879,3.360089470865205,195.14133715396747,198.50142662483267,201.45212051807903,2.9506938932463527
sarathi,long input long output,mistral_7b,10,2.0,4,5074,5992,2.31035267887637,288.16526239318773,290.4756150720641,296.0625421658624,5.586927093798295
sarathi,long input long output,mistral_7b,10,2.0,5,8465,2267,3.927318940870464,120.76697101606987,124.69428995694034,131.97010668413714,7.275816727196798
sarathi,long input long output,mistral_7b,10,2.0,6,8091,2558,3.8044315851293504,133.7454791320488,137.54991071717814,147.58257726253942,10.03266654536128
sarathi,long input long output,mistral_7b,10,2.0,7,3651,2070,1.7756274580024185,110.38053535413928,112.1561628121417,125.8874993713107,13.731336559168994
sarathi,long input long output,mistral_7b,10,2.0,8,8256,2502,4.068879621103406,130.0514503030572,134.1203299241606,149.29524908959866,15.17491916543804
sarathi,long input long output,mistral_7b,10,2.0,9,9587,2397,4.802616510074586,124.18479276192376,128.98740927199833,148.15690231882036,19.169493046822023
sarathi,long input long output,mistral_7b,10,3.0,0,3518,2793,1.350360595155507,150.42853886983357,151.77889946498908,151.77902599726804,0.0001265322789549
sarathi,long input long output,mistral_7b,10,3.0,1,2057,1306,0.9000394940376282,71.4446015979629,72.34464109200053,73.62906730687246,1.284426214871928
sarathi,long input long output,mistral_7b,10,3.0,2,2302,2548,1.031002274947241,138.6165301320143,139.64753240696157,141.6688756106887,2.021343203727156
sarathi,long input long output,mistral_7b,10,3.0,3,7451,3879,3.1612302490975708,195.2018711448181,198.3631013939157,201.27542746835388,2.9123260744381696
sarathi,long input long output,mistral_7b,10,3.0,4,5074,5992,2.270918328082189,286.66850340995006,288.93942173803225,294.51383961946703,5.574417881434783
sarathi,long input long output,mistral_7b,10,3.0,5,8465,2267,3.8806116620544335,124.1163179629948,127.99692962504923,135.4070523835253,7.410122758476064
sarathi,long input long output,mistral_7b,10,3.0,6,8091,2558,3.769605898065493,137.3752507029567,141.14485660102218,151.63494871300645,10.490092111984268
sarathi,long input long output,mistral_7b,10,3.0,7,3651,2070,1.7699957569129765,113.7407217931468,115.51071755005978,129.68059644894674,14.169878898886964
sarathi,long input long output,mistral_7b,10,3.0,8,8256,2502,4.0072955740615726,133.72511947597377,137.73241505003534,153.42906890669838,15.696653856663032
sarathi,long input long output,mistral_7b,10,3.0,9,9587,2397,4.72782372799702,127.97402070998214,132.70184443797916,152.33319051004946,19.6313460720703
sarathi,long input long output,mistral_7b,10,4.0,0,3518,2793,1.357320750132203,147.12026349501684,148.47758424514905,148.47770240833052,0.0001181631814688
sarathi,long input long output,mistral_7b,10,4.0,1,2057,1306,0.9004868040792644,70.11421232181601,71.01469912589528,72.30906391539611,1.2943647895008326
sarathi,long input long output,mistral_7b,10,4.0,2,2302,2548,1.0280104039702564,135.2281874541659,136.25619785813615,138.31802184763364,2.0618239894974977
sarathi,long input long output,mistral_7b,10,4.0,3,7451,3879,3.150632076896727,195.3437710891012,198.49440316599797,201.46394883608448,2.969545670086518
sarathi,long input long output,mistral_7b,10,4.0,4,5074,5992,2.213625725824386,286.0431435040664,288.2567692298908,293.9864689228125,5.729699692921713
sarathi,long input long output,mistral_7b,10,4.0,5,8465,2267,3.761822634842247,120.91183199407531,124.67365462891756,132.2802329766564,7.606578347738832
sarathi,long input long output,mistral_7b,10,4.0,6,8091,2558,3.4692583011928946,134.60344254388474,138.07270084507763,148.82695714663714,10.754256301559508
sarathi,long input long output,mistral_7b,10,4.0,7,3651,2070,1.7704833978787065,110.85022758808918,112.62071098596788,126.75832479749806,14.137613811530173
sarathi,long input long output,mistral_7b,10,4.0,8,8256,2502,4.068374648923054,130.92740655411035,134.9957812030334,150.70677497284487,15.710993769811466
sarathi,long input long output,mistral_7b,10,4.0,9,9587,2397,4.795172954909504,125.05557030811906,129.85074326302856,149.563936550403,19.71319328737445
sarathi,long input long output,mistral_7b,10,5.0,0,3518,2793,1.4545419348869473,151.67805733298883,153.13259926787578,153.1327714084182,0.0001721405424177
sarathi,long input long output,mistral_7b,10,5.0,1,2057,1306,0.9333190158940852,72.80067028920166,73.73398930509575,75.12573315179907,1.3917438467033207
sarathi,long input long output,mistral_7b,10,5.0,2,2302,2548,1.1013684628996998,139.62204307201318,140.72341153491288,142.92934444989078,2.205932914977893
sarathi,long input long output,mistral_7b,10,5.0,3,7451,3879,3.3527124531101435,198.94455726700835,202.2972697201185,205.493984318804,3.196714598685503
sarathi,long input long output,mistral_7b,10,5.0,4,5074,5992,2.339429057901725,290.863505724119,293.20293478202075,299.4298134401906,6.2268786581698805
sarathi,long input long output,mistral_7b,10,5.0,5,8465,2267,3.931858655065298,124.80191559996456,128.73377425502986,137.0177389353048,8.283964680274948
sarathi,long input long output,mistral_7b,10,5.0,6,8091,2558,3.867081581847742,138.18733005109243,142.05441163294017,153.7635786945466,11.709167061606422
sarathi,long input long output,mistral_7b,10,5.0,7,3651,2070,1.8119739640969783,114.31590345990844,116.12787742400542,131.6251112895552,15.497233865549788
sarathi,long input long output,mistral_7b,10,5.0,8,8256,2502,4.107241045916453,134.42650178610347,138.53374283201993,155.67220766982064,17.13846483780071
sarathi,long input long output,mistral_7b,10,5.0,9,9587,2397,4.8772088079713285,128.4853659849614,133.36257479293272,154.54162906925194,21.17905427631922
sarathi,long input long output,mistral_7b,10,6.0,0,3518,2793,1.4003661249298602,142.65382436593063,144.0541904908605,144.05432479502633,0.0001343041658401
sarathi,long input long output,mistral_7b,10,6.0,1,2057,1306,0.8971179379150271,69.9886308319401,70.88574876985513,72.2254544638563,1.339705694001168
sarathi,long input long output,mistral_7b,10,6.0,2,2302,2548,1.011984778102487,132.65287624998018,133.66486102808267,135.79141915822402,2.126558130141348
sarathi,long input long output,mistral_7b,10,6.0,3,7451,3879,3.28742941794917,178.8824965611566,182.16992597910576,185.20850741979663,3.038581440690905
sarathi,long input long output,mistral_7b,10,6.0,4,5074,5992,2.2239444369915877,260.31388393812813,262.5378283751197,268.58701096940786,6.0491825942881405
sarathi,long input long output,mistral_7b,10,6.0,5,8465,2267,3.814085667952895,118.49230611487292,122.3063917828258,130.33543923753314,8.029047454707325
sarathi,long input long output,mistral_7b,10,6.0,6,8091,2558,3.742876742966473,129.2683369119186,133.01121365488507,144.4287610903848,11.417547435499728
sarathi,long input long output,mistral_7b,10,6.0,7,3651,2070,1.7751131569966674,108.39172527403572,110.16683843103236,125.25276768836191,15.085929257329552
sarathi,long input long output,mistral_7b,10,6.0,8,8256,2502,3.832475444069132,125.11958367587069,128.9520591199398,145.6639481917955,16.711889071855694
sarathi,long input long output,mistral_7b,10,6.0,9,9587,2397,4.411522638052702,120.0580932009034,124.46961583895607,144.9498041186016,20.48018827964552
sarathi,long input long output,mistral_7b,10,7.0,0,3518,2793,1.4765795208513737,146.80757387308404,148.2841533939354,148.2844057888724,0.0002523949369788
sarathi,long input long output,mistral_7b,10,7.0,1,2057,1306,0.9254315549042076,70.49520467314869,71.4206362280529,72.83575062826276,1.415114400209859
sarathi,long input long output,mistral_7b,10,7.0,2,2302,2548,1.0437372678425163,134.8246201791335,135.868357446976,138.10967420460656,2.241316757630557
sarathi,long input long output,mistral_7b,10,7.0,3,7451,3879,3.3946997898165137,194.66460029012524,198.05930007994172,201.2520261136815,3.1927260337397456
sarathi,long input long output,mistral_7b,10,7.0,4,5074,5992,2.345233730971813,287.71429527015425,290.05952900112607,296.40044578770176,6.34091678657569
sarathi,long input long output,mistral_7b,10,7.0,5,8465,2267,3.926672022091225,119.8985274648294,123.8251994869206,132.29045805567876,8.465258568758145
sarathi,long input long output,mistral_7b,10,7.0,6,8091,2558,3.803573074983433,133.41583840292878,137.21941147791222,149.23327365145087,12.013862173538657
sarathi,long input long output,mistral_7b,10,7.0,7,3651,2070,1.7759589098859578,109.4704164210707,111.24637533095664,126.990132272942,15.74375694198534
sarathi,long input long output,mistral_7b,10,7.0,8,8256,2502,4.068126501049846,129.72961961687542,133.79774611792527,151.1789559314493,17.381209813524038
sarathi,long input long output,mistral_7b,10,7.0,9,9587,2397,4.725048813037574,123.94392302492632,128.6689718379639,150.05298652453348,21.38401468656957
sarathi,long input long output,mistral_7b,10,8.0,0,3518,2793,1.4541913180146366,146.15413037803955,147.6083216960542,147.62428987096064,0.0159681749064475
sarathi,long input long output,mistral_7b,10,8.0,1,2057,1306,0.9407005489338188,68.78619832312688,69.7268988720607,71.13675529602915,1.4098564239684492
sarathi,long input long output,mistral_7b,10,8.0,2,2302,2548,1.0464487390127033,134.2486343169585,135.2950830559712,137.53615891910158,2.24107586313039
sarathi,long input long output,mistral_7b,10,8.0,3,7451,3879,3.2959975849371403,194.02409976813945,197.32009735307656,200.5219725680072,3.201875214930624
sarathi,long input long output,mistral_7b,10,8.0,4,5074,5992,2.186656058067456,286.72139512887225,288.9080511869397,295.18462496157736,6.276573774637654
sarathi,long input long output,mistral_7b,10,8.0,5,8465,2267,3.256685788976029,120.32699340302496,123.583679192001,131.85932576050982,8.275646568508819
sarathi,long input long output,mistral_7b,10,8.0,6,8091,2558,3.197999469935894,134.22413320909254,137.42213267902844,148.62671267730184,11.204579998273402
sarathi,long input long output,mistral_7b,10,8.0,7,3651,2070,1.4633395639248192,110.8138600080274,112.27719957195222,126.62013452872634,14.342934956774116
sarathi,long input long output,mistral_7b,10,8.0,8,8256,2502,3.462000847095624,131.395991259953,134.85799210704863,150.54843251872808,15.690440411679448
sarathi,long input long output,mistral_7b,10,8.0,9,9587,2397,4.645204447209835,125.70535607286727,130.35056052007712,149.44599313056096,19.09543261048384
sarathi,long input long output,mistral_7b,10,9.0,0,3518,2793,1.424304655054584,148.72980837291107,150.15411302796565,150.15427196095698,0.0001589329913258
sarathi,long input long output,mistral_7b,10,9.0,1,2057,1306,0.9068406571168453,71.40629081102088,72.31313146813773,73.67717602662742,1.3640445584896952
sarathi,long input long output,mistral_7b,10,9.0,2,2302,2548,1.0270204490516337,137.3240133249201,138.35103377397172,140.5297707184218,2.178736944450065
sarathi,long input long output,mistral_7b,10,9.0,3,7451,3879,3.337549102026969,196.5995352338068,199.9370843358338,203.0577722915914,3.120687955757603
sarathi,long input long output,mistral_7b,10,9.0,4,5074,5992,2.310104750096798,289.62900424795225,291.93910899804905,298.1915558599867,6.252446861937642
sarathi,long input long output,mistral_7b,10,9.0,5,8465,2267,3.867157763103023,122.7459651979152,126.61312296101823,134.9906286643818,8.377505703363568
sarathi,long input long output,mistral_7b,10,9.0,6,8091,2558,3.87543389108032,135.26973229413852,139.14516618521884,151.0854183640331,11.940252178814262
sarathi,long input long output,mistral_7b,10,9.0,7,3651,2070,1.789456460857764,112.27546032192186,114.06491678277962,129.80993556510657,15.745018782326952
sarathi,long input long output,mistral_7b,10,9.0,8,8256,2502,4.054550031898543,131.45554013596848,135.51009016786702,152.9238109283615,17.41372076049447
sarathi,long input long output,mistral_7b,10,9.0,9,9587,2397,4.805791905848309,125.6782136510592,130.4840055569075,151.88781047356315,21.403804916655645
sarathi,long input long output,mistral_7b,10,10.0,0,3518,2793,1.4557736481074244,146.90535785187967,148.3611314999871,148.38067820225842,0.0195467022713273
sarathi,long input long output,mistral_7b,10,10.0,1,2057,1306,0.9135930500924588,70.06453322689049,70.97812627698295,72.39322387124412,1.4150975942611694
sarathi,long input long output,mistral_7b,10,10.0,2,2302,2548,1.051060311961919,135.17988246609457,136.2309427780565,138.47075670678169,2.239813928725198
sarathi,long input long output,mistral_7b,10,10.0,3,7451,3879,3.321678477106616,193.9476443468593,197.26932282396592,200.47820874629545,3.2088859223295003
sarathi,long input long output,mistral_7b,10,10.0,4,5074,5992,2.321933520957828,286.1615594290197,288.4834929499775,294.8256459259428,6.342152975965291
sarathi,long input long output,mistral_7b,10,10.0,5,8465,2267,3.837172388099134,120.49667605897412,124.33384844707324,132.82707601529546,8.49322756822221
sarathi,long input long output,mistral_7b,10,10.0,6,8091,2558,3.672060094075277,133.6517785359174,137.32383862999268,149.37175180320628,12.0479131732136
sarathi,long input long output,mistral_7b,10,10.0,7,3651,2070,1.6707885009236634,110.373038853053,112.04382735397668,127.69976220978424,15.655934855807573
sarathi,long input long output,mistral_7b,10,10.0,8,8256,2502,3.885666811838746,130.03757001599297,133.92323682783172,151.13933471380733,17.216097885975614
sarathi,long input long output,mistral_7b,10,10.0,9,9587,2397,4.661009907023981,124.42694976902568,129.08795967604965,150.128669382073,21.040709706023332
sarathi,long input long output,mixtral_8x7b,1,1.0,0,3518,2793,1.5866452418267727,121.0508802169934,122.63752545882016,122.6378062106669,0.0002807518467307
sarathi,long input long output,mixtral_8x7b,2,1.0,0,3518,2793,1.409671016037464,117.6762856771238,119.08595669316128,119.08616918278858,0.0002124896273016
sarathi,long input long output,mixtral_8x7b,2,1.0,1,2057,1306,0.8490701380651444,53.10823031701148,53.95730045507662,55.2916031468194,1.3343026917427778
sarathi,long input long output,mixtral_8x7b,3,1.0,0,3518,2793,1.467880261829123,124.0920318600256,125.55991212185472,125.56012408970857,0.0002119678538292
sarathi,long input long output,mixtral_8x7b,3,1.0,1,2057,1306,0.8782644169405103,58.359260886209086,59.2375253031496,60.630259319907054,1.3927340167574584
sarathi,long input long output,mixtral_8x7b,3,1.0,2,2302,2548,0.967252046102658,113.17400278896092,114.1412548350636,116.03846281464212,1.8972079795785248
sarathi,long input long output,mixtral_8x7b,4,1.0,0,3518,2793,1.4239212439861149,124.07611294300295,125.50003418698908,125.5002398986835,0.0002057116944342
sarathi,long input long output,mixtral_8x7b,4,1.0,1,2057,1306,0.8775012609548867,58.08161808899604,58.959119349950925,60.30536192166619,1.3462425717152655
sarathi,long input long output,mixtral_8x7b,4,1.0,2,2302,2548,0.978700501145795,113.3357960009016,114.3144965020474,116.1644430984743,1.8499465964268893
sarathi,long input long output,mixtral_8x7b,4,1.0,3,7451,3879,3.147496312856674,168.79059194703586,171.93808825989254,174.46318837278525,2.5251001128926878
sarathi,long input long output,mixtral_8x7b,5,1.0,0,3518,2793,1.4340792440343648,127.4854198549874,128.91949909902178,128.9197140247561,0.0002149257343262
sarathi,long input long output,mixtral_8x7b,5,1.0,1,2057,1306,0.8797392351552844,60.25411166995764,61.13385090511292,62.49105644482188,1.357205539708957
sarathi,long input long output,mixtral_8x7b,5,1.0,2,2302,2548,0.9783313979860396,116.28540741908364,117.26373881706968,119.12795852567068,1.8642197086010128
sarathi,long input long output,mixtral_8x7b,5,1.0,3,7451,3879,3.187097853049636,173.7636699869763,176.95076784002595,179.48730700695887,2.5365391669329256
sarathi,long input long output,mixtral_8x7b,5,1.0,4,5074,5992,2.177748787915334,262.4284061039798,264.6061548918952,268.94424453610554,4.338089644210413
sarathi,long input long output,mixtral_8x7b,6,1.0,0,3518,2793,1.4478716352023184,128.13577164593153,129.58364328113385,129.5839026547037,0.000259373569861
sarathi,long input long output,mixtral_8x7b,6,1.0,1,2057,1306,0.8718457198701799,60.66612468101084,61.53797040088102,62.91084612067789,1.3728757197968662
sarathi,long input long output,mixtral_8x7b,6,1.0,2,2302,2548,0.985957392025739,117.01756335096434,118.00352074299008,119.87261815252714,1.869097409537062
sarathi,long input long output,mixtral_8x7b,6,1.0,3,7451,3879,3.135901276022196,175.6857427880168,178.821644064039,181.3683282379061,2.5466841738671064
sarathi,long input long output,mixtral_8x7b,6,1.0,4,5074,5992,2.2184045969042927,265.6255058110692,267.84391040797345,272.1369618191384,4.2930514111649245
sarathi,long input long output,mixtral_8x7b,6,1.0,5,8465,2267,3.756549353012815,103.09928878815845,106.85583814117126,112.18482330138796,5.328985160216689
sarathi,long input long output,mixtral_8x7b,7,1.0,0,3518,2793,1.3820662160869688,124.92609144793823,126.3081576640252,126.30836191866548,0.0002042546402662
sarathi,long input long output,mixtral_8x7b,7,1.0,1,2057,1306,0.8406139190774411,59.18498611985706,60.0256000389345,61.33461830765009,1.3090182687155902
sarathi,long input long output,mixtral_8x7b,7,1.0,2,2302,2548,0.9509670729748904,114.17253718804568,115.12350426102056,116.89987994357944,1.7763756825588644
sarathi,long input long output,mixtral_8x7b,7,1.0,3,7451,3879,3.0701954890973866,171.68378627393395,174.75398176303133,177.17743947682902,2.4234577137976885
sarathi,long input long output,mixtral_8x7b,7,1.0,4,5074,5992,2.136407556012273,261.67545775300823,263.8118653090205,267.92265843297355,4.110793123953044
sarathi,long input long output,mixtral_8x7b,7,1.0,5,8465,2267,3.532608069013804,100.66257687890902,104.19518494792284,109.26134174223988,5.066156794317067
sarathi,long input long output,mixtral_8x7b,7,1.0,6,8091,2558,3.459464723011479,112.75557438307442,116.2150391060859,122.53501355089249,6.319974444806576
sarathi,long input long output,mixtral_8x7b,8,1.0,0,3518,2793,1.4074376639910042,129.4790091321338,130.8864467961248,130.88664891174994,0.000202115625143
sarathi,long input long output,mixtral_8x7b,8,1.0,1,2057,1306,0.85070078400895,61.18190202093683,62.03260280494578,63.36536606680602,1.3327632618602363
sarathi,long input long output,mixtral_8x7b,8,1.0,2,2302,2548,0.9797926428727806,118.1194271261338,119.0992197690066,120.90966472774744,1.810444958740845
sarathi,long input long output,mixtral_8x7b,8,1.0,3,7451,3879,3.103614864870906,174.79059790004976,177.89421276492067,180.3800805748906,2.485867809969932
sarathi,long input long output,mixtral_8x7b,8,1.0,4,5074,5992,2.161152550019324,261.24862094107084,263.40977349109016,267.6134913461283,4.203717855038121
sarathi,long input long output,mixtral_8x7b,8,1.0,5,8465,2267,3.5881687609944493,104.37393358000554,107.962102341,113.1453299424611,5.1832276014611125
sarathi,long input long output,mixtral_8x7b,8,1.0,6,8091,2558,3.467427278868854,117.14001231221482,120.60743959108368,127.0982862280216,6.490846636937931
sarathi,long input long output,mixtral_8x7b,8,1.0,7,3651,2070,1.593877495964989,94.78902499796824,96.38290249393322,106.20112372213045,9.818221228197215
sarathi,long input long output,mixtral_8x7b,9,1.0,0,3518,2793,1.4165692441165447,133.3742762519978,134.79084549611434,134.79104950767942,0.0002040115650743
sarathi,long input long output,mixtral_8x7b,9,1.0,1,2057,1306,0.8756999429315329,62.89649716811255,63.77219711104408,65.11395211867057,1.3417550076264888
sarathi,long input long output,mixtral_8x7b,9,1.0,2,2302,2548,1.026090577011928,122.0008338438347,123.02692442084664,124.85950028244406,1.8325758615974337
sarathi,long input long output,mixtral_8x7b,9,1.0,3,7451,3879,3.1709244248922914,181.16306308610365,184.33398751099597,186.8860437248368,2.5520562138408422
sarathi,long input long output,mixtral_8x7b,9,1.0,4,5074,5992,2.2174317250028253,269.4179814059753,271.6354131309781,275.97161047393456,4.336197342956439
sarathi,long input long output,mixtral_8x7b,9,1.0,5,8465,2267,3.625180239090696,107.9270877619274,111.55226800101808,116.92201062920503,5.369742628186941
sarathi,long input long output,mixtral_8x7b,9,1.0,6,8091,2558,3.528600732097402,120.8397553989198,124.3683561310172,131.08124394575134,6.712887814734131
sarathi,long input long output,mixtral_8x7b,9,1.0,7,3651,2070,1.6721561779268086,97.97110107913612,99.64325725706294,109.73986724507996,10.096609988017008
sarathi,long input long output,mixtral_8x7b,9,1.0,8,8256,2502,3.802801136858761,117.4508448750712,121.25364601192996,132.42000709171407,11.16636107978411
sarathi,long input long output,mixtral_8x7b,10,1.0,0,3518,2793,1.4371397180948406,136.1205705208704,137.55771023896523,137.55792466248386,0.0002144235186278
sarathi,long input long output,mixtral_8x7b,10,1.0,0,3518,2793,1.3880232688970864,130.76994507294148,132.15796834183857,132.1581725415308,0.0002041996922343
sarathi,long input long output,mixtral_8x7b,10,1.0,1,2057,1306,0.8861519959755242,65.14064450003207,66.02679649600759,67.38473023567349,1.3579337396658957
sarathi,long input long output,mixtral_8x7b,10,1.0,1,2057,1306,0.8321081909816712,62.47783899097704,63.30994718195871,64.62550014955923,1.3155529676005244
sarathi,long input long output,mixtral_8x7b,10,1.0,2,2302,2548,1.0018657320179043,124.40327467396855,125.40514040598646,127.2745809634216,1.869440557435155
sarathi,long input long output,mixtral_8x7b,10,1.0,2,2302,2548,0.9430644221138208,119.65095066395588,120.5940150860697,122.37205617851578,1.778041092446074
sarathi,long input long output,mixtral_8x7b,10,1.0,3,7451,3879,3.1787996808998287,183.77294042217545,186.95174010307528,189.51853710785508,2.5667970047798008
sarathi,long input long output,mixtral_8x7b,10,1.0,3,7451,3879,3.1004138130228966,177.3389400059823,180.4393538190052,182.85592097975317,2.4165671607479453
sarathi,long input long output,mixtral_8x7b,10,1.0,4,5074,5992,2.196425911039114,275.54067533882335,277.73710124986246,282.09743770887144,4.360336459008977
sarathi,long input long output,mixtral_8x7b,10,1.0,4,5074,5992,2.158344276016578,266.9804804609157,269.1388247369323,273.2730743580032,4.134249621070921
sarathi,long input long output,mixtral_8x7b,10,1.0,5,8465,2267,3.673523333854973,110.19407295109704,113.867596284952,119.23938530520536,5.371789020253345
sarathi,long input long output,mixtral_8x7b,10,1.0,5,8465,2267,3.621902645099908,105.6569456809666,109.27884832606652,114.3880419943016,5.109193668235093
sarathi,long input long output,mixtral_8x7b,10,1.0,6,8091,2558,3.5641274300869554,123.60409469297156,127.16822212305853,133.92877606581897,6.760553942760453
sarathi,long input long output,mixtral_8x7b,10,1.0,6,8091,2558,3.443473774008453,118.58211790304632,122.02559167705476,128.4793292367831,6.453737559728324
sarathi,long input long output,mixtral_8x7b,10,1.0,7,3651,2070,1.6770140598528087,100.18307890114374,101.86009296099655,112.03791459300557,10.177821632009
sarathi,long input long output,mixtral_8x7b,10,1.0,7,3651,2070,1.6132864251267165,95.98082881607117,97.59411524119788,107.34763996512628,9.753524723928422
sarathi,long input long output,mixtral_8x7b,10,1.0,8,8256,2502,3.798375135054812,120.24343951884656,124.04181465390138,135.29332195757888,11.2515073036775
sarathi,long input long output,mixtral_8x7b,10,1.0,8,8256,2502,3.6460792168509215,115.4260247051716,119.0721039220225,129.83614399074577,10.76404006872326
sarathi,long input long output,mixtral_8x7b,10,1.0,9,9587,2397,4.472471622982994,114.72259211889468,119.19506374187768,134.15609307936393,14.961029337486252
sarathi,long input long output,mixtral_8x7b,10,1.0,9,9587,2397,4.327231334056705,110.02522675599904,114.35245809005572,128.67934286640957,14.326884776353836
sarathi,long input long output,mixtral_8x7b,10,2.0,0,3518,2793,1.428797640139237,134.33934388286434,135.76814152300358,135.7683218701277,0.0001803471241146
sarathi,long input long output,mixtral_8x7b,10,2.0,1,2057,1306,0.8762852570507675,64.1712608479429,65.04754610499367,66.41243959451094,1.3648934895172715
sarathi,long input long output,mixtral_8x7b,10,2.0,2,2302,2548,0.975506725953892,122.47857951116748,123.45408623712136,125.4800937147811,2.026007477659732
sarathi,long input long output,mixtral_8x7b,10,2.0,3,7451,3879,3.2094800809863955,180.14685334288515,183.35633342387155,186.1773358269129,2.821002403041348
sarathi,long input long output,mixtral_8x7b,10,2.0,4,5074,5992,2.203702002065256,267.9977846199181,270.2014866219833,275.50527706742287,5.3037904454395175
sarathi,long input long output,mixtral_8x7b,10,2.0,5,8465,2267,3.612950668903068,108.47809401899576,112.09104468789884,118.98294906690715,6.891904379008338
sarathi,long input long output,mixtral_8x7b,10,2.0,6,8091,2558,3.513852900126949,121.82029974088071,125.33415264100768,134.67397564114071,9.339823000133038
sarathi,long input long output,mixtral_8x7b,10,2.0,7,3651,2070,1.640517818974331,99.22200357704423,100.86252139601856,113.6206138751004,12.758092479081824
sarathi,long input long output,mixtral_8x7b,10,2.0,8,8256,2502,3.7236943771131337,118.23418551892972,121.95787989604288,136.03060336620547,14.0727234701626
sarathi,long input long output,mixtral_8x7b,10,2.0,9,9587,2397,4.465388393029571,112.92532032681628,117.39070871984586,135.11983134155162,17.729122621705756
sarathi,long input long output,mixtral_8x7b,10,3.0,0,3518,2793,1.4504205188713968,129.08262570993975,130.53304622881114,130.53337268927137,0.0003264604602009
sarathi,long input long output,mixtral_8x7b,10,3.0,1,2057,1306,0.910485276952386,60.19652977003716,61.107015046989545,62.5004873808939,1.3934723339043558
sarathi,long input long output,mixtral_8x7b,10,3.0,2,2302,2548,0.9778547331225128,117.96455984399654,118.94241457711904,121.08939362876116,2.14697905164212
sarathi,long input long output,mixtral_8x7b,10,3.0,3,7451,3879,3.1076100531499837,175.4581205039285,178.5657305570785,181.55674265744165,2.9910121003631502
sarathi,long input long output,mixtral_8x7b,10,3.0,4,5074,5992,2.11222189781256,262.1900113329757,264.30223323078826,269.90717809530906,5.604944864520803
sarathi,long input long output,mixtral_8x7b,10,3.0,5,8465,2267,3.7008166830055416,104.11922282190062,107.82003950490616,115.11004847544244,7.290008970536292
sarathi,long input long output,mixtral_8x7b,10,3.0,6,8091,2558,3.5309549591038376,116.65216837008484,120.18312332918867,130.37879579002038,10.195672460831702
sarathi,long input long output,mixtral_8x7b,10,3.0,7,3651,2070,1.6094622039236128,94.3474543930497,95.95691659697331,109.60020948085004,13.643292883876711
sarathi,long input long output,mixtral_8x7b,10,3.0,8,8256,2502,3.667193912900984,113.43625509599224,117.10344900889322,132.12144637457095,15.01799736567773
sarathi,long input long output,mixtral_8x7b,10,3.0,9,9587,2397,4.449858799111098,107.96217746008188,112.41203625919296,131.0343714512419,18.62233519204892
sarathi,long input long output,mixtral_8x7b,10,4.0,0,3518,2793,1.4143805739004165,134.94065203191712,136.35503260581754,136.47782363020815,0.122791024390608
sarathi,long input long output,mixtral_8x7b,10,4.0,1,2057,1306,0.8743414639029652,64.48457690211944,65.35891836602241,66.83967330562882,1.4807549396064132
sarathi,long input long output,mixtral_8x7b,10,4.0,2,2302,2548,0.9763565601315348,123.20240157097578,124.17875813110732,126.40254227654076,2.223784145433456
sarathi,long input long output,mixtral_8x7b,10,4.0,3,7451,3879,3.149009332060814,181.6560050279368,184.8050143599976,187.8895500490908,3.084535689093173
sarathi,long input long output,mixtral_8x7b,10,4.0,4,5074,5992,2.1884340960532427,272.28084370912984,274.4692778051831,280.31531907292083,5.846041267737746
sarathi,long input long output,mixtral_8x7b,10,4.0,5,8465,2267,3.653174824081361,109.0120218929369,112.66519671701826,120.36427005566657,7.699073338648304
sarathi,long input long output,mixtral_8x7b,10,4.0,6,8091,2558,3.5098292659968138,122.39531741803512,125.90514668403192,136.64537733979523,10.740230655763298
sarathi,long input long output,mixtral_8x7b,10,4.0,7,3651,2070,1.6215027591679243,99.0958881448023,100.71739090397024,114.89197136438452,14.17458046041429
sarathi,long input long output,mixtral_8x7b,10,4.0,8,8256,2502,3.722194735892117,119.02673795213924,122.74893268803136,138.3540509098675,15.605118221836165
sarathi,long input long output,mixtral_8x7b,10,4.0,9,9587,2397,4.302816238021478,113.73214809806086,118.03496433608234,137.29897087742577,19.26400654134341
sarathi,long input long output,mixtral_8x7b,10,5.0,0,3518,2793,1.4239557050168514,133.56625240202993,134.99020810704678,135.1992210925091,0.2090129854623228
sarathi,long input long output,mixtral_8x7b,10,5.0,1,2057,1306,0.8748911309521645,62.37875935900957,63.25365048996173,64.83258367376402,1.5789331838022918
sarathi,long input long output,mixtral_8x7b,10,5.0,2,2302,2548,0.9819961278699338,121.80371983512303,122.78571596299298,125.12150792614555,2.3357919631525874
sarathi,long input long output,mixtral_8x7b,10,5.0,3,7451,3879,3.183688255958259,181.90834324690516,185.0920315028634,188.30612015770748,3.2140886548440903
sarathi,long input long output,mixtral_8x7b,10,5.0,4,5074,5992,2.202057586051524,273.05779084190726,275.2598484279588,281.33853069623,6.078682268271223
sarathi,long input long output,mixtral_8x7b,10,5.0,5,8465,2267,3.633900584187359,107.6218236279674,111.25572421215476,119.25646761152892,8.000743399374187
sarathi,long input long output,mixtral_8x7b,10,5.0,6,8091,2558,3.503354388987645,121.15801794198342,124.66137233097106,135.7974339874927,11.136061656521631
sarathi,long input long output,mixtral_8x7b,10,5.0,7,3651,2070,1.6708951368927956,97.65818401798606,99.32907915487884,113.8961596195586,14.567080464679748
sarathi,long input long output,mixtral_8x7b,10,5.0,8,8256,2502,3.7183607739862055,117.89786013192496,121.61622090591118,137.69061195268296,16.07439104677178
sarathi,long input long output,mixtral_8x7b,10,5.0,9,9587,2397,4.447384599829093,112.3811993082054,116.82858390803447,136.55893673351966,19.73035282548517
sarathi,long input long output,mixtral_8x7b,10,6.0,0,3518,2793,1.4472267099190503,136.78391153388657,138.23113824380562,138.48379024490714,0.2526520011015236
sarathi,long input long output,mixtral_8x7b,10,6.0,1,2057,1306,0.8765341970138252,65.13603258295916,66.01256677997299,67.65504854382016,1.6424817638471725
sarathi,long input long output,mixtral_8x7b,10,6.0,2,2302,2548,1.0846012129914016,124.82780863717198,125.9124098501634,128.32551953126676,2.4131096811033785
sarathi,long input long output,mixtral_8x7b,10,6.0,3,7451,3879,3.107822353951633,185.15838097501543,188.2662033289671,191.6706448737532,3.404441544786096
sarathi,long input long output,mixtral_8x7b,10,6.0,4,5074,5992,2.1678922849241644,276.5825105260592,278.75040281098336,284.9999594122637,6.2495566012803465
sarathi,long input long output,mixtral_8x7b,10,6.0,5,8465,2267,3.667385234963149,110.6804746480193,114.34785988298243,122.52596474764869,8.178104864666238
sarathi,long input long output,mixtral_8x7b,10,6.0,6,8091,2558,3.5957421909552068,124.25316010206006,127.84890229301529,139.26975457044318,11.420852277427912
sarathi,long input long output,mixtral_8x7b,10,6.0,7,3651,2070,1.681671591009945,100.6479178268928,102.32958941790277,117.2760513962712,14.94646197836846
sarathi,long input long output,mixtral_8x7b,10,6.0,8,8256,2502,3.75947842001915,120.94968225294724,124.7091606729664,141.19039616570808,16.48123549274169
sarathi,long input long output,mixtral_8x7b,10,6.0,9,9587,2397,4.438667481997982,115.44505509897137,119.88372258096932,140.06521294172853,20.1814903607592
sarathi,long input long output,mixtral_8x7b,10,7.0,0,3518,2793,1.419955826131627,135.02542708208784,136.44538290821947,136.6827984538395,0.2374155456200242
sarathi,long input long output,mixtral_8x7b,10,7.0,1,2057,1306,0.8964540038723499,65.12845118902624,66.02490519289859,67.62646429101005,1.6015590981114656
sarathi,long input long output,mixtral_8x7b,10,7.0,2,2302,2548,1.0003117339219898,123.81918679992668,124.81949853384867,127.21781124430709,2.3983127104584128
sarathi,long input long output,mixtral_8x7b,10,7.0,3,7451,3879,3.181596727110445,182.6478805670049,185.82947729411532,189.1391020976007,3.309624803485349
sarathi,long input long output,mixtral_8x7b,10,7.0,4,5074,5992,2.182919034967199,275.5232303470839,277.7061493820511,283.953739824472,6.247590442420915
sarathi,long input long output,mixtral_8x7b,10,7.0,5,8465,2267,3.662894208915532,109.7107520380523,113.37364624696784,121.58992298063822,8.216276733670384
sarathi,long input long output,mixtral_8x7b,10,7.0,6,8091,2558,3.700328408973292,122.35662410990336,126.05695251887664,137.5650008933153,11.508048374438658
sarathi,long input long output,mixtral_8x7b,10,7.0,7,3651,2070,1.650229169987142,99.7985343078617,101.44876347784884,116.59032602468506,15.141562546836212
sarathi,long input long output,mixtral_8x7b,10,7.0,8,8256,2502,3.8110799461137503,118.97453028778546,122.7856102338992,139.4462308732327,16.6606206393335
sarathi,long input long output,mixtral_8x7b,10,7.0,9,9587,2397,4.44795752200298,113.48063564999028,117.92859317199328,138.34084525238725,20.412252080393955
sarathi,long input long output,mixtral_8x7b,10,8.0,0,3518,2793,1.3931572658475488,134.21274147601798,135.60589874186553,135.90029076789506,0.2943920260295272
sarathi,long input long output,mixtral_8x7b,10,8.0,1,2057,1306,0.8614067148882896,64.0977806081064,64.9591873229947,66.59435951407067,1.6351721910759809
sarathi,long input long output,mixtral_8x7b,10,8.0,2,2302,2548,0.97774423006922,122.65451363101602,123.63225786108524,126.03570486023092,2.403446999145672
sarathi,long input long output,mixtral_8x7b,10,8.0,3,7451,3879,3.16483418410644,182.064765665913,185.22959985001944,188.52653553290293,3.296935682883486
sarathi,long input long output,mixtral_8x7b,10,8.0,4,5074,5992,2.17384745599702,274.3035060919356,276.4773535479326,282.72472070972435,6.247367161791772
sarathi,long input long output,mixtral_8x7b,10,8.0,5,8465,2267,3.677964312024415,108.6380479647778,112.3160122768022,120.54536286252552,8.229350585723296
sarathi,long input long output,mixtral_8x7b,10,8.0,6,8091,2558,3.551370083820075,121.7928557919804,125.34422587580048,136.9200299391523,11.575804063351825
sarathi,long input long output,mixtral_8x7b,10,8.0,7,3651,2070,1.6504205320961771,98.8571190899238,100.50753962201998,115.57266131276263,15.065121690742671
sarathi,long input long output,mixtral_8x7b,10,8.0,8,8256,2502,3.686390896094963,118.53206747793593,122.21845837403087,138.81332521373406,16.594866839703172
sarathi,long input long output,mixtral_8x7b,10,8.0,9,9587,2397,4.484390235971659,113.01947436504996,117.50386460102165,137.72511223773472,20.221247636713088
sarathi,long input long output,mixtral_8x7b,10,9.0,0,3518,2793,1.4407587989699095,131.34325730404817,132.78401610301808,133.07055994006805,0.286543837049976
sarathi,long input long output,mixtral_8x7b,10,9.0,1,2057,1306,0.8544664140790701,62.22875189897604,63.08321831305511,64.75807376764715,1.6748554545920342
sarathi,long input long output,mixtral_8x7b,10,9.0,2,2302,2548,0.9815085488371552,120.10882265819237,121.09033120702952,123.53356765559874,2.4432364485692237
sarathi,long input long output,mixtral_8x7b,10,9.0,3,7451,3879,3.208235174184665,177.87674846081063,181.0849836349953,184.43159690964967,3.346613274654373
sarathi,long input long output,mixtral_8x7b,10,9.0,4,5074,5992,2.210578886093572,267.8026333518792,270.0132122379728,276.36577504500747,6.352562807034701
sarathi,long input long output,mixtral_8x7b,10,9.0,5,8465,2267,3.6680603709537536,106.00867967214435,109.6767400430981,118.04817108553834,8.371431042440236
sarathi,long input long output,mixtral_8x7b,10,9.0,6,8091,2558,3.528742444003001,118.87082873098552,122.39957117498852,134.13731929194182,11.737748116953298
sarathi,long input long output,mixtral_8x7b,10,9.0,7,3651,2070,1.66966991010122,96.09524108306503,97.76491099316628,112.9663359883707,15.201424995204434
sarathi,long input long output,mixtral_8x7b,10,9.0,8,8256,2502,3.7141448811162254,115.59464449994266,119.30878938105889,136.06623899145052,16.75744961039163
sarathi,long input long output,mixtral_8x7b,10,9.0,9,9587,2397,4.25609291694127,110.2942756069824,114.55036852392368,134.96323582855985,20.412867304636165
sarathi,long input long output,mixtral_8x7b,10,10.0,0,3518,2793,1.4267087918706238,137.71420072205365,139.14090951392427,139.44597441633232,0.3050649024080485
sarathi,long input long output,mixtral_8x7b,10,10.0,1,2057,1306,0.8860932469833642,65.27538315206766,66.16147639905103,67.84016432333738,1.6786879242863506
sarathi,long input long output,mixtral_8x7b,10,10.0,2,2302,2548,0.97988492785953,125.9500494580716,126.92993438593112,129.40565322781913,2.4757188418880105
sarathi,long input long output,mixtral_8x7b,10,10.0,3,7451,3879,3.201089294161648,185.4969737417996,188.69806303596124,192.0775337233208,3.3794706873595715
sarathi,long input long output,mixtral_8x7b,10,10.0,4,5074,5992,2.206405679928139,278.3753548429813,280.58176052290946,286.9766429939773,6.394882471067831
sarathi,long input long output,mixtral_8x7b,10,10.0,5,8465,2267,3.721993037033826,111.61342551279812,115.33541854983196,123.77046197815798,8.435043428326026
sarathi,long input long output,mixtral_8x7b,10,10.0,6,8091,2558,3.4758611409924924,125.17179038608448,128.64765152707696,140.52910675224848,11.88145522517152
sarathi,long input long output,mixtral_8x7b,10,10.0,7,3651,2070,1.695323291933164,101.57380455709064,103.2691278490238,118.56638183584435,15.29725398682058
sarathi,long input long output,mixtral_8x7b,10,10.0,8,8256,2502,3.851182481041178,121.71527045802212,125.56645293906332,142.45203194604255,16.885579006979242
sarathi,long input long output,mixtral_8x7b,10,10.0,9,9587,2397,4.534958051983267,116.12092604092322,120.65588409290648,141.3351787510328,20.67929465812631
sarathi,long input long output,qwen_7b,1,1.0,0,3518,2793,1.5127704900223762,124.33469459298068,125.84746508300304,125.8478004997596,0.0003354167565703
sarathi,long input long output,qwen_7b,2,1.0,0,3518,2793,1.4922960789408537,124.40504286601208,125.89733894495292,125.89763478958048,0.0002958446275442
sarathi,long input long output,qwen_7b,2,1.0,1,2057,1306,0.9194462590385228,58.334824222838506,59.25427048187703,60.6632242645137,1.4089537826366725
sarathi,long input long output,qwen_7b,3,1.0,0,3518,2793,1.4658266140613705,125.48606768995523,126.9518943040166,126.95216754870488,0.0002732446882873
sarathi,long input long output,qwen_7b,3,1.0,1,2057,1306,0.9024259930010884,58.9874002370052,59.88982623000629,61.271660461789,1.3818342317827046
sarathi,long input long output,qwen_7b,3,1.0,2,2302,2548,1.030170894926414,114.58544832118788,115.61561921611428,117.52369122067466,1.9080720045603807
sarathi,long input long output,qwen_7b,4,1.0,0,3518,2793,1.4541423059999945,123.25943142012692,124.71357372612692,124.7138856027741,0.0003118766471743
sarathi,long input long output,qwen_7b,4,1.0,1,2057,1306,0.9630971471779048,55.49253335385583,56.45563050103374,57.82703800173476,1.3714075007010251
sarathi,long input long output,qwen_7b,4,1.0,2,2302,2548,1.0615222468040884,111.88315950613467,112.94468175293878,114.90077725169247,1.956095498753712
sarathi,long input long output,qwen_7b,4,1.0,3,7451,3879,3.305066070985049,170.01286530098878,173.31793137197383,176.02981124492362,2.711879872949794
sarathi,long input long output,qwen_7b,5,1.0,0,3518,2793,1.5123804400209335,131.33317643310875,132.84555687312968,132.84588009375148,0.0003232206217944
sarathi,long input long output,qwen_7b,5,1.0,1,2057,1306,0.9699398698285222,62.24649647111073,63.21643634093925,64.64637116971426,1.4299348287750036
sarathi,long input long output,qwen_7b,5,1.0,2,2302,2548,1.057671439833939,119.56883537699468,120.62650681682862,122.64810618245974,2.0215993656311184
sarathi,long input long output,qwen_7b,5,1.0,3,7451,3879,3.765259086852893,179.8833248501178,183.64858393697068,186.4185348509345,2.7699509139638394
sarathi,long input long output,qwen_7b,5,1.0,4,5074,5992,2.427644988987595,271.8926552210469,274.3203002100345,279.46364769502543,5.143347484990954
sarathi,long input long output,qwen_7b,6,1.0,0,3518,2793,1.4692429420538249,130.59641890693456,132.06566184898838,132.0659070056863,0.0002451566979289
sarathi,long input long output,qwen_7b,6,1.0,1,2057,1306,0.9306655121035874,62.473359839990735,63.40402535209432,64.78313651285134,1.37911116075702
sarathi,long input long output,qwen_7b,6,1.0,2,2302,2548,1.0268358970060945,119.38854965008797,120.41538554709405,122.34289475670084,1.9275092096067965
sarathi,long input long output,qwen_7b,6,1.0,3,7451,3879,3.3231978630647063,177.019566756906,180.3427646199707,182.98990767402572,2.64714305405505
sarathi,long input long output,qwen_7b,6,1.0,4,5074,5992,2.3457550399471074,268.1442864299752,270.4900414699223,275.07133528916165,4.581293819239363
sarathi,long input long output,qwen_7b,6,1.0,5,8465,2267,4.026986093027517,104.93760984716936,108.96459594019689,114.7023721395526,5.7377761993557215
sarathi,long input long output,qwen_7b,7,1.0,0,3518,2793,1.4551494379993528,136.83314029406756,138.28828973206691,138.2887929608114,0.0005032287444919
sarathi,long input long output,qwen_7b,7,1.0,1,2057,1306,0.9320366140455008,64.82814210886136,65.76017872290686,67.1341634336859,1.373984710779041
sarathi,long input long output,qwen_7b,7,1.0,2,2302,2548,1.0315936310216784,124.94270160188898,125.97429523291066,127.90496053360404,1.930665300693363
sarathi,long input long output,qwen_7b,7,1.0,3,7451,3879,3.355678993044421,184.94578049797565,188.30145949102007,190.95677749090828,2.6553179998882115
sarathi,long input long output,qwen_7b,7,1.0,4,5074,5992,2.335756473010406,276.92995497002266,279.26571144303307,283.88512689620256,4.619415453169495
sarathi,long input long output,qwen_7b,7,1.0,5,8465,2267,4.056737523991615,110.00506601389498,114.0618035378866,119.82801616028884,5.766212622402236
sarathi,long input long output,qwen_7b,7,1.0,6,8091,2558,3.986881798133254,123.12929065385832,127.1161724519916,134.63772387779318,7.52155142580159
sarathi,long input long output,qwen_7b,8,1.0,0,3518,2793,1.4652924968395382,139.84872767701745,141.314020173857,141.31422385456972,0.0002036807127296
sarathi,long input long output,qwen_7b,8,1.0,1,2057,1306,0.8958426779136062,65.8289679531008,66.7248106310144,68.10817041876726,1.3833597877528518
sarathi,long input long output,qwen_7b,8,1.0,2,2302,2548,0.9547391899395734,128.17099686106667,129.12573605100624,131.0439371636603,1.91820111265406
sarathi,long input long output,qwen_7b,8,1.0,3,7451,3879,3.053620539838448,186.5793076930568,189.6329282328952,192.1989321068395,2.5660038739442825
sarathi,long input long output,qwen_7b,8,1.0,4,5074,5992,2.0478139729239047,279.5435931491665,281.59140712209046,285.8357505421154,4.244343420024961
sarathi,long input long output,qwen_7b,8,1.0,5,8465,2267,3.520175500772893,114.45219500199892,117.9723705027718,123.0866330221761,5.114262519404292
sarathi,long input long output,qwen_7b,8,1.0,6,8091,2558,3.849037172971293,127.45963288098574,131.30867005395703,137.6602954347618,6.351625380804762
sarathi,long input long output,qwen_7b,8,1.0,7,3651,2070,1.8478740931022912,103.85713449399918,105.70500858710147,115.75432590208948,10.049317314988002
sarathi,long input long output,qwen_7b,9,1.0,0,3518,2793,1.4411882148124278,150.6159266079776,152.05711482279003,152.05736012966372,0.000245306873694
sarathi,long input long output,qwen_7b,9,1.0,1,2057,1306,0.8560211018193513,74.97585423896089,75.83187534078024,77.20182425668463,1.3699489159043878
sarathi,long input long output,qwen_7b,9,1.0,2,2302,2548,1.051192987943068,138.7577968200203,139.80898980796337,141.6556479507126,1.84665814274922
sarathi,long input long output,qwen_7b,9,1.0,3,7451,3879,3.468105456093326,199.208021258004,202.6761267140973,205.2636232180521,2.5874965039547533
sarathi,long input long output,qwen_7b,9,1.0,4,5074,5992,2.4019390400499105,291.5411127139814,293.94305175403133,298.60207378910854,4.659022035077214
sarathi,long input long output,qwen_7b,9,1.0,5,8465,2267,4.090670484118164,123.4860621788539,127.57673266297206,133.44915859238245,5.872425929410383
sarathi,long input long output,qwen_7b,9,1.0,6,8091,2558,4.030138455098495,136.74463391886093,140.77477237395942,148.45344691188075,7.678674537921324
sarathi,long input long output,qwen_7b,9,1.0,7,3651,2070,1.9236395489424467,112.32103107613511,114.24467062507756,125.80265076924115,11.557980144163594
sarathi,long input long output,qwen_7b,9,1.0,8,8256,2502,4.423446528846398,132.54809090308845,136.97153743193485,149.84204729786143,12.87050986592658
sarathi,long input long output,qwen_7b,10,1.0,0,3518,2793,1.4718337731901556,163.63623084896244,165.1080646221526,165.10906969266944,0.0010050705168396
sarathi,long input long output,qwen_7b,10,1.0,0,3518,2793,1.4518815379124137,162.25781493703835,163.70969647495076,163.70992962177843,0.0002331468276679
sarathi,long input long output,qwen_7b,10,1.0,1,2057,1306,0.9198862889315932,77.16246821801178,78.08235450694337,79.47304774867371,1.3906932417303324
sarathi,long input long output,qwen_7b,10,1.0,1,2057,1306,0.8986790929920971,76.21484806598164,77.11352715897374,78.48215160169639,1.3686244427226484
sarathi,long input long output,qwen_7b,10,1.0,2,2302,2548,1.0112656780984253,150.88797638192773,151.89924206002615,153.83281895658,1.9335768965538591
sarathi,long input long output,qwen_7b,10,1.0,2,2302,2548,1.0377750641200691,149.48949449090287,150.52726955502294,152.42013449664228,1.8928649416193368
sarathi,long input long output,qwen_7b,10,1.0,3,7451,3879,3.3672078801319003,211.35796185489744,214.7251697350293,217.36370010580868,2.6385303707793355
sarathi,long input long output,qwen_7b,10,1.0,3,7451,3879,3.339568088995293,209.68750039394945,213.02706848294477,215.64336065901443,2.616292176069692
sarathi,long input long output,qwen_7b,10,1.0,4,5074,5992,2.360832057893276,303.886669189902,306.2475012477953,310.86320449691266,4.61570324911736
sarathi,long input long output,qwen_7b,10,1.0,4,5074,5992,2.3514238328207284,300.0067800329998,302.35820386582054,306.9245510760229,4.566347210202366
sarathi,long input long output,qwen_7b,10,1.0,5,8465,2267,4.071535686030984,135.47494801483117,139.54648370086215,145.33415436418727,5.787670663325116
sarathi,long input long output,qwen_7b,10,1.0,5,8465,2267,3.962899192003533,134.09634876810014,138.05924796010368,143.79142986540683,5.73218190530315
sarathi,long input long output,qwen_7b,10,1.0,6,8091,2558,4.0277782490011305,149.99524517497048,154.0230234239716,161.59690262470394,7.573879200732335
sarathi,long input long output,qwen_7b,10,1.0,6,8091,2558,3.945730774197728,148.7318309377879,152.67756171198562,160.0824622628279,7.404900550842285
sarathi,long input long output,qwen_7b,10,1.0,7,3651,2070,1.912800885969773,124.00910794688389,125.92190883285366,137.37058681296185,11.448677980108188
sarathi,long input long output,qwen_7b,10,1.0,7,3651,2070,1.9193820238579065,122.71675805700944,124.63614008086734,135.83405967708677,11.197919596219435
sarathi,long input long output,qwen_7b,10,1.0,8,8256,2502,4.266695484053344,146.0288317250088,150.29552720906213,163.0452349127736,12.749707703711463
sarathi,long input long output,qwen_7b,10,1.0,8,8256,2502,4.430869009112939,144.41828627488576,148.8491552839987,161.35409148782492,12.50493620382622
sarathi,long input long output,qwen_7b,10,1.0,9,9587,2397,5.388376221992075,139.55918414099142,144.9475603629835,161.86753568751735,16.91997532453388
sarathi,long input long output,qwen_7b,10,1.0,9,9587,2397,5.400036156876013,138.06141583411954,143.46145199099556,160.30016928957775,16.838717298582196
sarathi,long input long output,qwen_7b,10,2.0,0,3518,2793,1.4654852009844035,163.19952855003066,164.66501375101507,164.665240844246,0.0002270932309329
sarathi,long input long output,qwen_7b,10,2.0,1,2057,1306,0.9422765639610589,77.3247570709791,78.26703363494016,79.6571839065291,1.3901502715889364
sarathi,long input long output,qwen_7b,10,2.0,2,2302,2548,1.052883279044181,150.52994255698286,151.58282583602704,153.6972479056567,2.1144220696296543
sarathi,long input long output,qwen_7b,10,2.0,3,7451,3879,3.4263117050286382,211.9721582441125,215.39846994914117,218.38157231500367,2.983102365862578
sarathi,long input long output,qwen_7b,10,2.0,4,5074,5992,2.3753470620140438,304.8213829260785,307.19672998809256,312.8793835665565,5.682653578463942
sarathi,long input long output,qwen_7b,10,2.0,5,8465,2267,4.116229649167508,134.8745161718689,138.9907458210364,146.42717422591522,7.436428404878825
sarathi,long input long output,qwen_7b,10,2.0,6,8091,2558,4.002727061044425,149.44114438490942,153.44387144595385,163.82424451317638,10.380373067222536
sarathi,long input long output,qwen_7b,10,2.0,7,3651,2070,1.9313725510146469,123.41292089503258,125.34429344604725,139.620179140009,14.275885693961754
sarathi,long input long output,qwen_7b,10,2.0,8,8256,2502,4.429554640082642,145.28719640895724,149.71675104903989,165.58744285721332,15.870691808173431
sarathi,long input long output,qwen_7b,10,2.0,9,9587,2397,5.463923459872603,138.74445526394993,144.20837872382253,164.42989423358813,20.221515509765595
sarathi,long input long output,qwen_7b,10,3.0,0,3518,2793,1.486921951873228,163.30931061692536,164.7962325687986,164.8143351902254,0.0181026214268058
sarathi,long input long output,qwen_7b,10,3.0,1,2057,1306,0.9224976000841708,77.5228326478973,78.44533024798147,79.88416570075788,1.4388354527764022
sarathi,long input long output,qwen_7b,10,3.0,2,2302,2548,1.0623510950244963,150.68162856297567,151.74397965800017,153.94160110666417,2.1976214486639947
sarathi,long input long output,qwen_7b,10,3.0,3,7451,3879,3.4327509959694,211.0930200528819,214.5257710488513,217.6451710863039,3.1194000374525785
sarathi,long input long output,qwen_7b,10,3.0,4,5074,5992,2.4492332469671965,303.78161365003325,306.23084689700045,312.27929209941067,6.048445202410221
sarathi,long input long output,qwen_7b,10,3.0,5,8465,2267,4.066003900952637,135.1585766300559,139.22458053100854,147.28952410747297,8.06494357646443
sarathi,long input long output,qwen_7b,10,3.0,6,8091,2558,4.020333050983027,149.4274003750179,153.44773342600092,164.77745541697368,11.329721990972756
sarathi,long input long output,qwen_7b,10,3.0,7,3651,2070,1.9253600598312917,123.8322803589981,125.7576404188294,141.01422615069896,15.256585731869563
sarathi,long input long output,qwen_7b,10,3.0,8,8256,2502,4.383886020164937,145.32831878587604,149.71220480604097,166.6478812135756,16.93567640753463
sarathi,long input long output,qwen_7b,10,3.0,9,9587,2397,5.450302263954654,138.8034039309714,144.25370619492605,165.49520719214345,21.24150099721737
sarathi,long input long output,qwen_7b,10,4.0,0,3518,2793,1.4361610221676528,162.18441648990847,163.62057751207612,163.70753922336735,0.0869617112912237
sarathi,long input long output,qwen_7b,10,4.0,1,2057,1306,0.9164240809623152,76.8472771148663,77.76370119582862,79.22378305648454,1.4600818606559187
sarathi,long input long output,qwen_7b,10,4.0,2,2302,2548,1.0270473600830885,149.41990073397756,150.44694809406064,152.68826202559285,2.241313931532204
sarathi,long input long output,qwen_7b,10,4.0,3,7451,3879,3.360615873942152,211.4852217780426,214.8458376519848,217.99638996319845,3.150552311213687
sarathi,long input long output,qwen_7b,10,4.0,4,5074,5992,2.36217895289883,304.21214621304534,306.5743251659442,312.6979685288388,6.123643362894654
sarathi,long input long output,qwen_7b,10,4.0,5,8465,2267,4.060311085078865,133.90571481105871,137.96602589613758,146.11071008979343,8.144684193655849
sarathi,long input long output,qwen_7b,10,4.0,6,8091,2558,3.828904832014814,148.77227493491955,152.60117976693437,164.18801320763305,11.586833440698683
sarathi,long input long output,qwen_7b,10,4.0,7,3651,2070,1.905679676914588,122.68961867992766,124.59529835684224,139.9258347884752,15.330536431632936
sarathi,long input long output,qwen_7b,10,4.0,8,8256,2502,4.4516440578736365,144.62305669905618,149.0747007569298,166.1090960518923,17.03439529496245
sarathi,long input long output,qwen_7b,10,4.0,9,9587,2397,5.416045540012419,138.14384601009078,143.5598915501032,164.97259262949228,21.41270107938908
sarathi,long input long output,qwen_7b,10,5.0,0,3518,2793,1.4552211188711226,163.1774141790811,164.63263529795222,164.82395750260912,0.1913222046568989
sarathi,long input long output,qwen_7b,10,5.0,1,2057,1306,0.9151458910200744,77.55798121797852,78.4731271089986,80.05796117987484,1.5848340708762407
sarathi,long input long output,qwen_7b,10,5.0,2,2302,2548,1.020135103026405,150.47094368794933,151.4910787909757,153.87062223511748,2.3795434441417456
sarathi,long input long output,qwen_7b,10,5.0,3,7451,3879,3.268767010886222,211.6115252140444,214.8802922249306,218.17268999875523,3.292397773824632
sarathi,long input long output,qwen_7b,10,5.0,4,5074,5992,2.39255208382383,303.8374961002264,306.23004818405025,312.46807678136975,6.238028597319499
sarathi,long input long output,qwen_7b,10,5.0,5,8465,2267,4.067828865954652,135.0854967359919,139.15332560194656,147.50438280845992,8.35105720651336
sarathi,long input long output,qwen_7b,10,5.0,6,8091,2558,3.985181890195236,149.6247152958531,153.60989718604833,165.5230407025665,11.913143516518176
sarathi,long input long output,qwen_7b,10,5.0,7,3651,2070,1.916797696147114,123.74413614999504,125.66093384614214,141.4795775746461,15.818643728503956
sarathi,long input long output,qwen_7b,10,5.0,8,8256,2502,4.497960016131401,145.40101753384806,149.89897754997946,167.46135686174966,17.5623793117702
sarathi,long input long output,qwen_7b,10,5.0,9,9587,2397,5.479996932903305,138.84777499712072,144.32777193002403,166.31803331151605,21.99026138149202
sarathi,long input long output,qwen_7b,10,6.0,0,3518,2793,1.4811575750354675,162.17800187692046,163.65915945195593,163.90419106581248,0.245031613856554
sarathi,long input long output,qwen_7b,10,6.0,1,2057,1306,0.9284144998528064,77.03287010802887,77.96128460788168,79.62375407177024,1.6624694638885558
sarathi,long input long output,qwen_7b,10,6.0,2,2302,2548,1.0459460890851917,149.50994355604053,150.55588964512572,153.03690384910442,2.4810142039787024
sarathi,long input long output,qwen_7b,10,6.0,3,7451,3879,3.381561713060364,209.24598876899108,212.62755048205145,216.0534022715874,3.4258517895359546
sarathi,long input long output,qwen_7b,10,6.0,4,5074,5992,2.3493002189788967,302.367451505037,304.7167517240159,311.24620956229046,6.5294578382745385
sarathi,long input long output,qwen_7b,10,6.0,5,8465,2267,4.046217720024288,134.24129452509806,138.28751224512234,146.9213303385768,8.633818093454465
sarathi,long input long output,qwen_7b,10,6.0,6,8091,2558,4.014505228027701,148.54056476592086,152.55506999394856,164.80232334835455,12.247253354405984
sarathi,long input long output,qwen_7b,10,6.0,7,3651,2070,1.9099080569576472,122.96284169494174,124.8727497518994,141.05769813316874,16.18494838126935
sarathi,long input long output,qwen_7b,10,6.0,8,8256,2502,4.343120620120317,144.4389033149928,148.7820239351131,166.72235999675468,17.940336061641574
sarathi,long input long output,qwen_7b,10,6.0,9,9587,2397,5.422124115051702,137.98632552777417,143.40844964282587,165.62124785943888,22.21279821661301
sarathi,long input long output,qwen_7b,10,7.0,0,3518,2793,1.4673746260814369,161.89262508484535,163.3599997109268,163.58922292361967,0.2292232126928866
sarathi,long input long output,qwen_7b,10,7.0,1,2057,1306,0.9216031169053168,76.85881907888688,77.7804221957922,79.41710977395996,1.6366875781677663
sarathi,long input long output,qwen_7b,10,7.0,2,2302,2548,1.033207749016583,149.15566564793698,150.18887339695357,152.64548693830147,2.456613541347906
sarathi,long input long output,qwen_7b,10,7.0,3,7451,3879,3.336613116087392,210.55818508192897,213.8947981980164,217.29394699749537,3.399148799479008
sarathi,long input long output,qwen_7b,10,7.0,4,5074,5992,2.331365644931793,303.25885841599666,305.59022406092845,312.0802044174634,6.489980356534943
sarathi,long input long output,qwen_7b,10,7.0,5,8465,2267,3.959434711840004,133.71750881709158,137.6769435289316,146.2776792915538,8.600735762622207
sarathi,long input long output,qwen_7b,10,7.0,6,8091,2558,3.9589273298624894,148.4953608859796,152.4542882158421,164.63635349133983,12.182065275497736
sarathi,long input long output,qwen_7b,10,7.0,7,3651,2070,1.9147571939975023,122.2764171292074,124.1911743232049,140.25767538882792,16.066501065623015
sarathi,long input long output,qwen_7b,10,7.0,8,8256,2502,4.409104358870536,144.37051865807734,148.77962301694788,166.61677548731677,17.837152470368892
sarathi,long input long output,qwen_7b,10,7.0,9,9587,2397,5.345297385938466,137.95915940403938,143.30445678997785,165.48146857041866,22.177011780440807
sarathi,long input long output,qwen_7b,10,8.0,0,3518,2793,1.4613852119073272,163.78666577511467,165.248050987022,165.51882623019628,0.2707752431742847
sarathi,long input long output,qwen_7b,10,8.0,1,2057,1306,0.931077292887494,77.46167710400186,78.39275439688936,80.06372417509556,1.6709697782061994
sarathi,long input long output,qwen_7b,10,8.0,2,2302,2548,1.0586546640843153,151.01023731497116,152.06889197905548,154.57277453737333,2.503882558317855
sarathi,long input long output,qwen_7b,10,8.0,3,7451,3879,3.389137112069875,211.8271514829248,215.2162885949947,218.690479851095,3.474191256100312
sarathi,long input long output,qwen_7b,10,8.0,4,5074,5992,2.3542349610943347,305.47724101506174,307.83147597615607,314.47189996391535,6.640423987759277
sarathi,long input long output,qwen_7b,10,8.0,5,8465,2267,4.049523306079209,135.48292796802707,139.53245127410628,148.32746050786227,8.79500923375599
sarathi,long input long output,qwen_7b,10,8.0,6,8091,2558,4.003513022093102,150.01392163382843,154.01743465592153,166.52232642727904,12.504891771357508
sarathi,long input long output,qwen_7b,10,8.0,7,3651,2070,1.919761806027964,124.00063031399624,125.9203921200242,142.3564805048518,16.4360883848276
sarathi,long input long output,qwen_7b,10,8.0,8,8256,2502,4.468928029993549,145.6986154220067,150.16754345200025,168.39202265674248,18.22447920474224
sarathi,long input long output,qwen_7b,10,8.0,9,9587,2397,5.44848583987914,139.2266278299503,144.67511366982944,167.29891611565836,22.623802445828915
sarathi,long input long output,qwen_7b,10,9.0,0,3518,2793,1.4972100430168211,162.75750231882557,164.2547123618424,164.59121115808375,0.3364987962413579
sarathi,long input long output,qwen_7b,10,9.0,1,2057,1306,0.91497585689649,77.25977925001644,78.17475510691293,79.94639454362914,1.7716394367162138
sarathi,long input long output,qwen_7b,10,9.0,2,2302,2548,1.051815073005855,149.91044453997165,150.9622596129775,153.55968897556886,2.597429362591356
sarathi,long input long output,qwen_7b,10,9.0,3,7451,3879,3.4016229789704084,210.75586568191648,214.15748866088688,217.7234179927036,3.565929331816733
sarathi,long input long output,qwen_7b,10,9.0,4,5074,5992,2.286094149807468,302.10988389514387,304.39597804495133,311.1609168672003,6.764938822248951
sarathi,long input long output,qwen_7b,10,9.0,5,8465,2267,4.050102786859497,134.4988381699659,138.5489409568254,147.41784324450418,8.868902287678793
sarathi,long input long output,qwen_7b,10,9.0,6,8091,2558,4.045834211166948,149.16200081887655,153.2078350300435,165.8181930000428,12.610357969999312
sarathi,long input long output,qwen_7b,10,9.0,7,3651,2070,1.8951376271434128,123.0773247119505,124.97246233909392,141.5571915963665,16.584729257272556
sarathi,long input long output,qwen_7b,10,9.0,8,8256,2502,4.350852712057531,145.1229470449034,149.47379975696094,167.8297162305098,18.35591647354886
sarathi,long input long output,qwen_7b,10,9.0,9,9587,2397,5.342465475201607,138.6933020260185,144.0357675012201,166.6754720758181,22.639704574598
sarathi,long input long output,qwen_7b,10,10.0,0,3518,2793,1.4887892408296466,165.0995001201518,166.58828936098143,166.96295652841218,0.3746671674307436
sarathi,long input long output,qwen_7b,10,10.0,1,2057,1306,0.9390995991416276,78.53423388302326,79.47333348216489,81.27466918039136,1.8013356982264668
sarathi,long input long output,qwen_7b,10,10.0,2,2302,2548,1.0851778599899262,152.25979168200865,153.34496954199858,155.99600950581953,2.651039963820949
sarathi,long input long output,qwen_7b,10,10.0,3,7451,3879,3.3868444920517504,213.8533538680058,217.24019836005755,220.8878620744217,3.647663714364171
sarathi,long input long output,qwen_7b,10,10.0,4,5074,5992,2.3952097028959543,307.19563614111394,309.5908458440099,316.4312342260964,6.84038838208653
sarathi,long input long output,qwen_7b,10,10.0,5,8465,2267,4.099523199023679,136.78658844903111,140.8861116480548,149.94968206831254,9.063570420257747
sarathi,long input long output,qwen_7b,10,10.0,6,8091,2558,4.023747225990519,151.35850706486963,155.38225429086015,168.26368781016208,12.881433519301936
sarathi,long input long output,qwen_7b,10,10.0,7,3651,2070,1.8960204829927532,125.30476930201984,127.2007897850126,144.0256529939361,16.82486320892349
sarathi,long input long output,qwen_7b,10,10.0,8,8256,2502,4.440844102064148,147.27012611203827,151.71097021410242,170.3150984060485,18.604128191946074
sarathi,long input long output,qwen_7b,10,10.0,9,9587,2397,5.498324882937595,140.68119277292865,146.17951765586622,169.15531232091598,22.97579466504976
sarathi,long input long output,yi_6b,1,1.0,0,3518,2793,1.3940516461152583,122.00335117802024,123.3974028241355,123.39761935570276,0.0002165315672755
sarathi,long input long output,yi_6b,2,1.0,0,3518,2793,1.449240026064217,122.0946256259922,123.5438656520564,123.54408192378467,0.0002162717282772
sarathi,long input long output,yi_6b,2,1.0,1,2057,1306,0.9121861329767852,56.9856637630146,57.897849895991385,59.2657344378531,1.367884541861713
sarathi,long input long output,yi_6b,3,1.0,0,3518,2793,1.4193126009777188,124.82729579298756,126.24660839396527,126.24683867860584,0.0002302846405655
sarathi,long input long output,yi_6b,3,1.0,1,2057,1306,0.930321628926322,58.84828135301359,59.77860298193991,61.116483873687685,1.3378808917477727
sarathi,long input long output,yi_6b,3,1.0,2,2302,2548,1.0393209899775684,114.14539710106328,115.18471809104084,117.0734024536796,1.8886843626387415
sarathi,long input long output,yi_6b,4,1.0,0,3518,2793,1.4867755989544094,127.89159042108804,129.37836602004245,129.3785809245892,0.0002149045467376
sarathi,long input long output,yi_6b,4,1.0,1,2057,1306,0.9405922808218748,60.165727467043325,61.1063197478652,62.51050817058422,1.404188422719017
sarathi,long input long output,yi_6b,4,1.0,2,2302,2548,1.077819766011089,116.40802694298328,117.48584670899436,119.45153946359642,1.96569275460206
sarathi,long input long output,yi_6b,4,1.0,3,7451,3879,3.4483128141146158,174.68180978577584,178.13012259989046,180.86240809271112,2.732285492820665
sarathi,long input long output,yi_6b,5,1.0,0,3518,2793,1.4773801849223671,128.5015553140547,129.97893549897708,129.9792207416613,0.0002852426841855
sarathi,long input long output,yi_6b,5,1.0,1,2057,1306,0.9311638688668608,61.98602106096223,62.91718492982909,64.31219044770114,1.3950055178720504
sarathi,long input long output,yi_6b,5,1.0,2,2302,2548,1.0670375120826066,117.0668775010854,118.133915013168,120.08128516469152,1.947370151523501
sarathi,long input long output,yi_6b,5,1.0,3,7451,3879,3.393812266178429,176.6678440480027,180.06165631418116,182.76629998302087,2.704643668839708
sarathi,long input long output,yi_6b,5,1.0,4,5074,5992,2.336284933844581,267.9828308811411,270.3191158149857,275.02705358015373,4.707937765168026
sarathi,long input long output,yi_6b,6,1.0,0,3518,2793,1.4744297959841788,132.2148263119161,133.6892561079003,133.68949814978987,0.0002420418895781
sarathi,long input long output,yi_6b,6,1.0,1,2057,1306,0.94046533992514,62.727889419998974,63.668354759924114,65.05218675569631,1.3838319957721978
sarathi,long input long output,yi_6b,6,1.0,2,2302,2548,1.0518505640793592,120.61831732583232,121.67016788991168,123.61649972363377,1.9463318337220696
sarathi,long input long output,yi_6b,6,1.0,3,7451,3879,3.4230031459592283,179.0577512709424,182.4807544169016,185.1686531759333,2.6878987590316683
sarathi,long input long output,yi_6b,6,1.0,4,5074,5992,2.404546447098255,271.5961305629462,274.00067701004446,278.7167939641513,4.7161169541068375
sarathi,long input long output,yi_6b,6,1.0,5,8465,2267,4.014376231934875,105.74711216706784,109.7614883990027,115.6944522454869,5.932963846484199
sarathi,long input long output,yi_6b,7,1.0,0,3518,2793,1.4798007428180426,132.1851871481631,133.66498789098114,133.66519513865933,0.0002072476781904
sarathi,long input long output,yi_6b,7,1.0,1,2057,1306,0.9262988839764148,62.50325781805441,63.42955670203082,64.82775534060784,1.3981986385770142
sarathi,long input long output,yi_6b,7,1.0,2,2302,2548,1.0567644310649484,120.57642657100224,121.63319100206718,123.5786001405213,1.9454091384541243
sarathi,long input long output,yi_6b,7,1.0,3,7451,3879,3.42068030894734,181.4391885730438,184.85986888199116,187.5508730309084,2.6910041489172727
sarathi,long input long output,yi_6b,7,1.0,4,5074,5992,2.33803586405702,275.30311890202574,277.6411547660828,282.360918676015,4.719763909932226
sarathi,long input long output,yi_6b,7,1.0,5,8465,2267,3.8421122620347887,106.05315518705174,109.89526744908652,115.7655120913405,5.870244642253965
sarathi,long input long output,yi_6b,7,1.0,6,8091,2558,3.7619238479528576,118.84364563203415,122.60556947998704,130.03253959771246,7.426970117725432
sarathi,long input long output,yi_6b,8,1.0,0,3518,2793,1.4948625629767776,134.60478188097477,136.09964444395155,136.09986274759285,0.0002183036413043
sarathi,long input long output,yi_6b,8,1.0,1,2057,1306,0.9429258310701698,63.86329905386083,64.806224884931,66.2172365016304,1.4110116166993976
sarathi,long input long output,yi_6b,8,1.0,2,2302,2548,1.0459394110366702,123.0741123589687,124.12005177000538,126.09667321061715,1.97662144061178
sarathi,long input long output,yi_6b,8,1.0,3,7451,3879,3.1803195071406662,182.94425872783177,186.12457823497243,188.8391305077821,2.7145522728096694
sarathi,long input long output,yi_6b,8,1.0,4,5074,5992,2.3829584158957005,275.60596647812054,277.98892489401624,282.4952898360789,4.506364942062646
sarathi,long input long output,yi_6b,8,1.0,5,8465,2267,3.933949460973963,108.26553818583488,112.19948764680883,117.90352058922872,5.704032942419872
sarathi,long input long output,yi_6b,8,1.0,6,8091,2558,3.82234407402575,121.17912693694234,125.00147101096807,132.35452191974036,7.353050908772275
sarathi,long input long output,yi_6b,8,1.0,7,3651,2070,1.7348576709628103,98.10585572291166,99.84071339387448,110.86903958395123,11.028326190076768
sarathi,long input long output,yi_6b,9,1.0,0,3518,2793,1.4773451718501749,140.13034305511974,141.6076882269699,141.6078758877702,0.000187660800293
sarathi,long input long output,yi_6b,9,1.0,1,2057,1306,0.985861117951572,71.69952407898381,72.68538519693539,74.0808102847077,1.3954250877723098
sarathi,long input long output,yi_6b,9,1.0,2,2302,2548,1.0560328790452331,128.84270701999776,129.898739899043,131.88878605957143,1.9900461605284363
sarathi,long input long output,yi_6b,9,1.0,3,7451,3879,3.2439189648721367,188.57896136911583,191.822880333988,194.55912594893016,2.7362456149421632
sarathi,long input long output,yi_6b,9,1.0,4,5074,5992,2.319730362854898,280.7573211370036,283.0770514998585,287.6669630249962,4.5899115251377225
sarathi,long input long output,yi_6b,9,1.0,5,8465,2267,3.942443679086864,115.14924862678164,119.09169230586848,124.81237865425646,5.720686348387972
sarathi,long input long output,yi_6b,9,1.0,6,8091,2558,3.762866750126705,126.77979981387034,130.54266656399705,137.92228883178905,7.379622267792001
sarathi,long input long output,yi_6b,9,1.0,7,3651,2070,1.7762111278716477,105.13473332021384,106.9109444480855,117.90362432622352,10.992679878138006
sarathi,long input long output,yi_6b,9,1.0,8,8256,2502,4.053553053876385,123.12674619117752,127.1802992450539,139.34297515288927,12.162675907835364
sarathi,long input long output,yi_6b,10,1.0,0,3518,2793,1.481190349906683,150.92769785504788,152.40888820495456,152.4090904216282,0.0002022166736423
sarathi,long input long output,yi_6b,10,1.0,0,3518,2793,1.2558594408910722,150.6247703381814,151.88062977907248,151.88147081783973,0.0008410387672483
sarathi,long input long output,yi_6b,10,1.0,1,2057,1306,0.928691032808274,72.70696212397888,73.63565315678716,75.03646563156508,1.400812474777922
sarathi,long input long output,yi_6b,10,1.0,1,2057,1306,0.8746525829192251,71.97966274316423,72.85431532608345,74.03455653390847,1.18024120782502
sarathi,long input long output,yi_6b,10,1.0,2,2302,2548,1.054161635925993,139.27561387000603,140.32977550593205,142.2797389565967,1.9499634506646544
sarathi,long input long output,yi_6b,10,1.0,2,2302,2548,1.0429014009423554,138.73611999698915,139.7790213979315,141.45036917366087,1.671347775729373
sarathi,long input long output,yi_6b,10,1.0,3,7451,3879,3.4125928059220314,199.3114392440766,202.72403204999864,205.41712362482207,2.693091574823484
sarathi,long input long output,yi_6b,10,1.0,3,7451,3879,3.2967841669451445,199.07612969889303,202.3729138658382,204.7775879618712,2.404674096032977
sarathi,long input long output,yi_6b,10,1.0,4,5074,5992,2.370285627897829,289.4705603180919,291.8408459459897,296.55642680008896,4.715580854099244
sarathi,long input long output,yi_6b,10,1.0,4,5074,5992,2.4128314189147204,291.24955826299265,293.66238968190737,297.970404145075,4.308014463167638
sarathi,long input long output,yi_6b,10,1.0,5,8465,2267,3.956155384890735,124.52138752001338,128.4775429049041,134.3750448313076,5.897501926403493
sarathi,long input long output,yi_6b,10,1.0,5,8465,2267,3.890447072219104,124.0001265828032,127.89057365502232,133.42680746433325,5.536233809310943
sarathi,long input long output,yi_6b,10,1.0,6,8091,2558,3.8632611138746142,137.29753667721525,141.16079779108986,148.72599343094043,7.565195639850572
sarathi,long input long output,yi_6b,10,1.0,6,8091,2558,3.769860225962475,137.34082513209432,141.1106853580568,148.25147929298691,7.140793934930116
sarathi,long input long output,yi_6b,10,1.0,7,3651,2070,1.7901060888543725,114.07872708002104,115.86883316887544,127.14426226099022,11.275429092114791
sarathi,long input long output,yi_6b,10,1.0,7,3651,2070,1.775547233177349,113.68420104589312,115.45974827907048,126.22014287416825,10.76039459509775
sarathi,long input long output,yi_6b,10,1.0,8,8256,2502,4.08687481819652,133.603451538831,137.69032635702752,150.14665177767165,12.456325420644134
sarathi,long input long output,yi_6b,10,1.0,8,8256,2502,4.051251963945106,133.62281995499507,137.67407191894017,149.59060798189603,11.916536062955856
sarathi,long input long output,yi_6b,10,1.0,9,9587,2397,4.878869716078043,127.65337968594396,132.532249402022,148.98067674250342,16.44842734048143
sarathi,long input long output,yi_6b,10,1.0,9,9587,2397,4.834033404942602,127.7543814049568,132.5884148098994,148.46399073954672,15.875575929647312
sarathi,long input long output,yi_6b,10,2.0,0,3518,2793,1.4860413558781147,150.75639399001375,152.24243534589186,152.24265138618648,0.0002160402946174
sarathi,long input long output,yi_6b,10,2.0,1,2057,1306,0.907448859885335,72.89178187097423,73.79923073085956,75.21696298755705,1.4177322566974908
sarathi,long input long output,yi_6b,10,2.0,2,2302,2548,1.0360199089627713,139.11963876290247,140.15565867186524,142.26333028264344,2.1076716107781976
sarathi,long input long output,yi_6b,10,2.0,3,7451,3879,3.4397006491199136,199.08763742190783,202.52733807102777,205.487870197976,2.9605321269482374
sarathi,long input long output,yi_6b,10,2.0,4,5074,5992,2.397083966061473,292.5403786499519,294.93746261601336,300.6137908624951,5.676328246481717
sarathi,long input long output,yi_6b,10,2.0,5,8465,2267,4.032977077178657,124.04718302888796,128.0801601060666,135.523770354921,7.443610248854384
sarathi,long input long output,yi_6b,10,2.0,6,8091,2558,3.809266426134855,137.17608116194606,140.9853475880809,151.288289509248,10.302941921167076
sarathi,long input long output,yi_6b,10,2.0,7,3651,2070,1.7954845309723169,113.58922552410512,115.38471005507743,129.3933760090731,14.00866595399566
sarathi,long input long output,yi_6b,10,2.0,8,8256,2502,4.045120136113837,133.5000787610188,137.54519889713265,153.01653521531262,15.471336318179963
sarathi,long input long output,yi_6b,10,2.0,9,9587,2397,4.810956457862631,127.61377222603188,132.4247286838945,151.86603699158877,19.44130830769427
sarathi,long input long output,yi_6b,10,3.0,0,3518,2793,1.4277019170112908,148.04382999101654,149.47153190802783,149.4716680953279,0.000136187300086
sarathi,long input long output,yi_6b,10,3.0,1,2057,1306,0.9326292399782689,68.9235145689454,69.85614380892366,71.21601319685578,1.3598693879321218
sarathi,long input long output,yi_6b,10,3.0,2,2302,2548,1.1064101189840585,136.21280030487105,137.3192104238551,139.448637815658,2.129427391802892
sarathi,long input long output,yi_6b,10,3.0,3,7451,3879,3.4876349810510874,196.2208805619739,199.708515543025,202.7822815545369,3.073766011511907
sarathi,long input long output,yi_6b,10,3.0,4,5074,5992,2.345365318004042,287.7776060679462,290.1229713859502,296.18270300747827,6.059731621528044
sarathi,long input long output,yi_6b,10,3.0,5,8465,2267,3.988119438057765,121.30285097309388,125.29097041115163,133.26080303662457,7.969832625472918
sarathi,long input long output,yi_6b,10,3.0,6,8091,2558,3.772586087929085,134.42273975606076,138.19532584398985,149.35110854101367,11.155782697023824
sarathi,long input long output,yi_6b,10,3.0,7,3651,2070,1.711211193120107,111.0187842748128,112.7299954679329,127.56916572176851,14.839170253835618
sarathi,long input long output,yi_6b,10,3.0,8,8256,2502,4.05522491899319,130.78099112585187,134.83621604484506,151.1448217725847,16.308605727739632
sarathi,long input long output,yi_6b,10,3.0,9,9587,2397,4.889251627027988,124.83461134787647,129.72386297490448,150.0144611101132,20.29059813520871
sarathi,long input long output,yi_6b,10,4.0,0,3518,2793,1.45472029899247,151.5595583699178,153.01427866891026,153.0144737532828,0.0001950843725353
sarathi,long input long output,yi_6b,10,4.0,1,2057,1306,0.929569783853367,73.20003693504259,74.12960671889596,75.51784023549408,1.3882335165981203
sarathi,long input long output,yi_6b,10,4.0,2,2302,2548,1.0865047911647707,139.5451847729273,140.63168956409208,142.81404953659512,2.1823599725030363
sarathi,long input long output,yi_6b,10,4.0,3,7451,3879,3.4104717469308525,199.9118590920698,203.32233083900064,206.47024221811444,3.1479113791137934
sarathi,long input long output,yi_6b,10,4.0,4,5074,5992,2.374908301047981,291.8257514939178,294.20065979496576,300.36625620676205,6.165596411796287
sarathi,long input long output,yi_6b,10,4.0,5,8465,2267,4.018428093986586,124.5134061309509,128.53183422493748,136.7302229986526,8.198388773715124
sarathi,long input long output,yi_6b,10,4.0,6,8091,2558,3.8748118358198553,137.90042085200548,141.77523268782534,153.3760187146254,11.600786026800051
sarathi,long input long output,yi_6b,10,4.0,7,3651,2070,1.8043055809102952,113.99797502509318,115.80228060600348,131.19561536959372,15.393334763590246
sarathi,long input long output,yi_6b,10,4.0,8,8256,2502,4.0819009791594,134.16405677096918,138.24595775012858,155.2467693479266,17.00081159779802
sarathi,long input long output,yi_6b,10,4.0,9,9587,2397,4.851745143998414,128.26273947185837,133.11448461585678,154.12838174938224,21.01389713352546
sarathi,long input long output,yi_6b,10,5.0,0,3518,2793,1.4701876149047166,150.37094414699823,151.84113176190294,151.8413076205179,0.0001758586149662
sarathi,long input long output,yi_6b,10,5.0,1,2057,1306,0.952046279096976,72.89691002783366,73.84895630693063,75.25739587470889,1.4084395677782595
sarathi,long input long output,yi_6b,10,5.0,2,2302,2548,1.0790328329894692,138.50022021285258,139.57925304584205,141.81899215793237,2.2397391120903194
sarathi,long input long output,yi_6b,10,5.0,3,7451,3879,3.468818288994953,197.757083785953,201.22590207494795,204.43551156367172,3.2096094887238
sarathi,long input long output,yi_6b,10,5.0,4,5074,5992,2.414777164114639,290.60622856905684,293.0210057331715,299.374833773356,6.353828040184453
sarathi,long input long output,yi_6b,10,5.0,5,8465,2267,4.026790839154273,123.73240331886336,127.75919415801764,136.24300673836842,8.483812580350786
sarathi,long input long output,yi_6b,10,5.0,6,8091,2558,3.869232375174761,136.54830877203494,140.4175411472097,152.42269213870168,12.005150991491972
sarathi,long input long output,yi_6b,10,5.0,7,3651,2070,1.8358829428907484,113.4744164030999,115.31029934599064,131.10771140665747,15.79741206066683
sarathi,long input long output,yi_6b,10,5.0,8,8256,2502,4.117702638031915,132.7234008531086,136.84110349114053,154.3046545998659,17.46355110872537
sarathi,long input long output,yi_6b,10,5.0,9,9587,2397,4.886674795066938,126.79084931104444,131.67752410611138,153.19177509844303,21.51425099233165
sarathi,long input long output,yi_6b,10,6.0,0,3518,2793,1.438194348011166,148.53849117201753,149.9766855200287,149.97685174713845,0.0001662271097302
sarathi,long input long output,yi_6b,10,6.0,1,2057,1306,0.936145548010245,70.67115766904317,71.60730321705341,72.98447170201689,1.3771684849634769
sarathi,long input long output,yi_6b,10,6.0,2,2302,2548,1.073407475138083,136.7495025410317,137.82291001616977,140.02708819624968,2.204178180079907
sarathi,long input long output,yi_6b,10,6.0,3,7451,3879,3.274290499975905,195.93204006901945,199.20633056899533,202.38773183268492,3.1814012636896223
sarathi,long input long output,yi_6b,10,6.0,4,5074,5992,2.233059534104541,286.1909276919905,288.42398722609505,294.60348531929776,6.17949809320271
sarathi,long input long output,yi_6b,10,6.0,5,8465,2267,3.8326883888803422,122.22168603399768,126.05437442287804,134.21905829454772,8.164683871669695
sarathi,long input long output,yi_6b,10,6.0,6,8091,2558,3.628945098957047,135.52545082988215,139.15439592883922,150.71954899537377,11.565153066534547
sarathi,long input long output,yi_6b,10,6.0,7,3651,2070,1.7712219678796828,111.96049567102456,113.73171763890424,128.85176662332378,15.120048984419554
sarathi,long input long output,yi_6b,10,6.0,8,8256,2502,3.8119582009967417,132.0440559189301,135.85601411992684,152.59548162971623,16.739467509789392
sarathi,long input long output,yi_6b,10,6.0,9,9587,2397,4.744846352841705,126.26349027315156,131.00833662599325,151.49353133374825,20.485194707755
sarathi,long input long output,yi_6b,10,7.0,0,3518,2793,1.485778828151524,151.7591487299651,153.2449275581166,153.24512388487346,0.0001963267568498
sarathi,long input long output,yi_6b,10,7.0,1,2057,1306,0.9434762559831142,72.67237946391106,73.61585571989417,75.03975481307134,1.4238990931771696
sarathi,long input long output,yi_6b,10,7.0,2,2302,2548,1.072298472980037,139.67347871605307,140.7457771890331,143.01025900058448,2.264481811551377
sarathi,long input long output,yi_6b,10,7.0,3,7451,3879,3.4135219189338386,199.99034953303635,203.4038714519702,206.6484206116293,3.2445491596590728
sarathi,long input long output,yi_6b,10,7.0,4,5074,5992,2.3612954621203244,293.73305564490147,296.0943511070218,302.5045622806065,6.410211173584685
sarathi,long input long output,yi_6b,10,7.0,5,8465,2267,3.954515140969306,124.78594687301666,128.74046201398596,137.29385561565869,8.553393601672724
sarathi,long input long output,yi_6b,10,7.0,6,8091,2558,3.77765195001848,138.16468673897907,141.94233868899755,154.07275798753835,12.1304192985408
sarathi,long input long output,yi_6b,10,7.0,7,3651,2070,1.734391152858734,114.3860299210064,116.12042107386516,131.95866236579604,15.8382412919309
sarathi,long input long output,yi_6b,10,7.0,8,8256,2502,3.991601119050756,134.5300322480034,138.52163336705416,155.95485397451557,17.433220607461408
sarathi,long input long output,yi_6b,10,7.0,9,9587,2397,4.765406406950206,128.71362337307073,133.47902978002094,154.83860822860152,21.359578448580574
sarathi,long input long output,yi_6b,10,8.0,0,3518,2793,1.430867305956781,148.6525450211484,150.08341232710518,150.0835819351487,0.0001696080435067
sarathi,long input long output,yi_6b,10,8.0,1,2057,1306,0.9062655409798026,71.33107226714492,72.23733780812472,73.6080910852179,1.370753277093172
sarathi,long input long output,yi_6b,10,8.0,2,2302,2548,1.03565380605869,136.877364984015,137.9130187900737,140.09491966036148,2.181900870287791
sarathi,long input long output,yi_6b,10,8.0,3,7451,3879,3.3658702729735523,195.9874449968338,199.35331526980733,202.48088519694284,3.1275699271354824
sarathi,long input long output,yi_6b,10,8.0,4,5074,5992,2.35421287198551,288.3424279829487,290.69664085493423,296.96590615483,6.269265299895778
sarathi,long input long output,yi_6b,10,8.0,5,8465,2267,3.92027076613158,122.27430148795248,126.19457225408404,134.61937068775296,8.424798433668911
sarathi,long input long output,yi_6b,10,8.0,6,8091,2558,3.757029009982944,135.25209098798223,139.00911999796517,151.01931180036627,12.010191802401096
sarathi,long input long output,yi_6b,10,8.0,7,3651,2070,1.790330361109227,111.94166881288402,113.73199917399324,129.43067564885132,15.698676474858075
sarathi,long input long output,yi_6b,10,8.0,8,8256,2502,4.062178501859307,131.53099643206224,135.59317493392157,152.9514067308046,17.358231796883047
sarathi,long input long output,yi_6b,10,8.0,9,9587,2397,4.719950963044539,125.76097109704278,130.48092206008732,151.83765921276063,21.356737152673304
sarathi,long input long output,yi_6b,10,9.0,0,3518,2793,1.3900857369881123,149.47961272113025,150.86969845811836,150.8777188071981,0.008020349079743
sarathi,long input long output,yi_6b,10,9.0,1,2057,1306,0.9476778279058636,71.28743478702381,72.23511261492968,73.57079299259931,1.3356803776696324
sarathi,long input long output,yi_6b,10,9.0,2,2302,2548,1.0558174268808216,137.47605525096878,138.5318726778496,140.72329264739528,2.1914199695456773
sarathi,long input long output,yi_6b,10,9.0,3,7451,3879,3.404096841113642,197.8002857929096,201.2043826340232,204.36536332569085,3.160980691667646
sarathi,long input long output,yi_6b,10,9.0,4,5074,5992,2.3372695948928595,290.4466686309315,292.7839382258244,299.14190735598095,6.357969130156562
sarathi,long input long output,yi_6b,10,9.0,5,8465,2267,3.940278799040243,122.57883260701784,126.51911140605807,135.03303932747804,8.513927921419963
sarathi,long input long output,yi_6b,10,9.0,6,8091,2558,3.801399073097855,136.01961145503446,139.82101052813232,151.9688880040776,12.14787747594528
sarathi,long input long output,yi_6b,10,9.0,7,3651,2070,1.763111672131345,112.17418405297212,113.93729572510348,129.81811014935374,15.880814424250277
sarathi,long input long output,yi_6b,10,9.0,8,8256,2502,3.9682668519672006,132.44921868201345,136.41748553398065,153.94166023354046,17.524174699559808
sarathi,long input long output,yi_6b,10,9.0,9,9587,2397,4.7037703660316765,126.6790750171058,131.38284538313746,152.81525916070677,21.43241377756931
sarathi,long input long output,yi_6b,10,10.0,0,3518,2793,1.4804837668780235,147.1093860550318,148.58986982190982,148.61392269539647,0.0240528734866529
sarathi,long input long output,yi_6b,10,10.0,1,2057,1306,0.9054163231048732,68.97693306882866,69.88234939193353,71.32806915929541,1.4457197673618791
sarathi,long input long output,yi_6b,10,10.0,2,2302,2548,1.0201053461059928,135.17525560595095,136.19536095205694,138.45942674390972,2.264065791852772
sarathi,long input long output,yi_6b,10,10.0,3,7451,3879,3.403552217176184,195.6633792859502,199.0669315031264,202.2683653845452,3.2014338814187795
sarathi,long input long output,yi_6b,10,10.0,4,5074,5992,2.3176128338091075,284.2988272670191,286.6164401008282,293.0298420030158,6.413401902187616
sarathi,long input long output,yi_6b,10,10.0,5,8465,2267,3.9405946768820286,120.4291011011228,124.36969577800484,132.9302650263999,8.56056924839504
sarathi,long input long output,yi_6b,10,10.0,6,8091,2558,3.611352987121791,133.92479225806892,137.5361452451907,149.75525655038655,12.219111305195838
sarathi,long input long output,yi_6b,10,10.0,7,3651,2070,1.7340171348769218,110.26907363999636,112.00309077487329,127.7670874518808,15.763996677007526
sarathi,long input long output,yi_6b,10,10.0,8,8256,2502,3.9851281540468335,130.32155604590662,134.30668419995345,151.69024377991445,17.383559579961002
sarathi,long input long output,yi_6b,10,10.0,9,9587,2397,4.802913469960913,124.49075623392127,129.2936697038822,150.59833103697747,21.30466133309528
vllm,long input long output,llama2_7b,1,1.0,0,3518,2793,0.3328104550018906,121.78555865515956,122.11836911016144,122.11873793182896,0.0003688216675072
vllm,long input long output,llama2_7b,2,1.0,0,3518,2793,0.3311932680662721,121.92225985089316,122.25345311895944,122.25374333467336,0.0002902157139033
vllm,long input long output,llama2_7b,2,1.0,1,2057,1306,0.1674943410325795,58.765380817931145,58.932875158963725,59.23961133765988,0.3067361786961555
vllm,long input long output,llama2_7b,3,1.0,0,3518,2793,0.3478086739778518,124.02944197016768,124.37725064414552,124.37753307679668,0.0002824326511472
vllm,long input long output,llama2_7b,3,1.0,1,2057,1306,0.349926427938044,58.14249817095697,58.49242459889501,58.81580758676864,0.3233829878736287
vllm,long input long output,llama2_7b,3,1.0,2,2302,2548,0.3499417691491544,113.08880879497156,113.43875056412072,113.44052725774236,0.0017766936216503
vllm,long input long output,llama2_7b,4,1.0,0,3518,2793,0.3345665051601827,129.81159958685748,130.1461660920177,130.14645337872207,0.0002872867044061
vllm,long input long output,llama2_7b,4,1.0,1,2057,1306,0.171910987002775,61.923317410983145,62.09522839798592,62.40524620888755,0.3100178109016269
vllm,long input long output,llama2_7b,4,1.0,2,2302,2548,0.1927340358961373,118.40545017598195,118.5981842118781,118.7588877636008,0.1607035517226904
vllm,long input long output,llama2_7b,4,1.0,3,7451,3879,0.6517665609717369,177.12069011689164,177.77245667786335,177.87401300296187,0.1015563250984996
vllm,long input long output,llama2_7b,5,1.0,0,3518,2793,0.3420179798267782,131.0232017531525,131.3652197329793,131.3654805996921,0.0002608667127788
vllm,long input long output,llama2_7b,5,1.0,1,2057,1306,0.1705935581121593,62.33164639398456,62.50223995209672,62.81963038467802,0.3173904325813055
vllm,long input long output,llama2_7b,5,1.0,2,2302,2548,0.1913060611113906,119.29473292897455,119.48603899008594,119.65279930853283,0.1667603184469044
vllm,long input long output,llama2_7b,5,1.0,3,7451,3879,0.6518583600409329,179.51930534094572,180.17116370098665,180.27730187773705,0.1061381767503917
vllm,long input long output,llama2_7b,5,1.0,4,5074,5992,0.418846711050719,272.3949675238691,272.81381423491985,272.82512723491527,0.0113129999954253
vllm,long input long output,llama2_7b,6,1.0,0,3518,2793,0.3322485520038754,136.26251684315503,136.5947653951589,136.59504661965184,0.0002812244929373
vllm,long input long output,llama2_7b,6,1.0,1,2057,1306,0.1670549230184406,65.14114901190624,65.30820393492468,65.615865141619,0.3076612066943198
vllm,long input long output,llama2_7b,6,1.0,2,2302,2548,0.1901837529148906,124.59296161797828,124.78314537089318,124.93666085740551,0.1535154865123331
vllm,long input long output,llama2_7b,6,1.0,3,7451,3879,0.6508459460455924,183.7982190789189,184.4490650249645,184.5408388897777,0.0917738648131489
vllm,long input long output,llama2_7b,6,1.0,4,5074,5992,0.4212180168833583,270.6106840050779,271.0319020219613,271.0595643189736,0.0276622970122843
vllm,long input long output,llama2_7b,6,1.0,5,8465,2267,0.7641098229214549,109.53225615015252,110.296365973074,110.32794261630625,0.0315766432322561
vllm,long input long output,llama2_7b,10,1.0,0,3518,2793,0.3338762880302965,164.2877546469681,164.6216309349984,164.6218240056187,0.0001930706202983
vllm,long input long output,llama2_7b,10,1.0,1,2057,1306,0.1724322950467467,79.87400886695832,80.04644116200507,80.35566232865676,0.3092211666516959
vllm,long input long output,llama2_7b,10,1.0,2,2302,2548,0.1983533059246838,152.75209034397267,152.95044364989735,153.11091840453446,0.1604747546371072
vllm,long input long output,llama2_7b,10,1.0,3,7451,3879,0.6513481009751558,212.5842003719881,213.23554847296327,213.34247125987892,0.1069227869156748
vllm,long input long output,llama2_7b,10,1.0,4,5074,5992,0.4219458191655576,305.98267421894707,306.4046200381126,306.4080385500565,0.0034185119438916
vllm,long input long output,llama2_7b,10,1.0,5,8465,2267,0.7597192509565502,136.3436999639962,137.10341921495274,137.13980564125814,0.0363864263053983
vllm,long input long output,llama2_7b,10,1.0,6,8091,2558,0.7209655039478093,150.73564432910644,151.45660983305424,151.49625004990958,0.0396402168553322
vllm,long input long output,llama2_7b,10,1.0,7,3651,2070,1.036076556891203,123.80596616002732,124.84204271691851,125.51261683902705,0.6705741221085191
vllm,long input long output,llama2_7b,10,1.0,8,8256,2502,1.0360910480376333,147.0438867758494,148.07997782388702,148.2025232326705,0.1225454087834805
vllm,long input long output,llama2_7b,10,1.0,9,9587,2397,0.8706062941346318,140.82067198003642,141.69127827417103,142.82046612259,1.129187848418951
vllm,long input long output,llama2_7b,10,2.0,0,3518,2793,0.3352006850764155,165.21750362287275,165.55270430794917,165.55289562116377,0.0001913132146
vllm,long input long output,llama2_7b,10,2.0,1,2057,1306,1.0078145540319383,81.32727790507488,82.33509245910682,82.65887033566833,0.3237778765615076
vllm,long input long output,llama2_7b,10,2.0,2,2302,2548,1.0078274649567902,153.01722049200907,154.02504795696586,154.1880328457337,0.1629848887678235
vllm,long input long output,llama2_7b,10,2.0,3,7451,3879,1.0078431470319629,213.7683436900843,214.77618683711623,214.8128894860856,0.0367026489693671
vllm,long input long output,llama2_7b,10,2.0,4,5074,5992,0.4217658771667629,306.93827751185745,307.3600433890242,307.73845070251264,0.3784073134884238
vllm,long input long output,llama2_7b,10,2.0,5,8465,2267,0.7602751720696688,137.54348045098595,138.30375562305562,138.5401055519469,0.2363499288912862
vllm,long input long output,llama2_7b,10,2.0,6,8091,2558,0.7222934849560261,151.5660246850457,152.28831817000173,152.3194692132529,0.0311510432511568
vllm,long input long output,llama2_7b,10,2.0,7,3651,2070,1.0386044881306589,124.8194083007984,125.85801278892905,126.56684675696306,0.7088339680340141
vllm,long input long output,llama2_7b,10,2.0,8,8256,2502,1.0386184270028025,147.83133375598118,148.86995218298398,149.30478166532703,0.4348294823430478
vllm,long input long output,llama2_7b,10,2.0,9,9587,2397,0.8763630220200866,141.7763150979299,142.65267811995,144.11183999455534,1.4591618746053427
vllm,long input long output,llama2_7b,10,3.0,0,3518,2793,0.476990913040936,163.79079131991602,164.26778223295696,164.35465130629018,0.0868690733332187
vllm,long input long output,llama2_7b,10,3.0,1,2057,1306,0.4769757241010666,81.18509783782065,81.66207356192172,81.74053452070802,0.0784609587863087
vllm,long input long output,llama2_7b,10,3.0,2,2302,2548,0.8394576280843467,151.71355795208365,152.553015580168,153.00162056367844,0.4486049835104495
vllm,long input long output,llama2_7b,10,3.0,3,7451,3879,0.8394825430586934,211.85545619996265,212.6949387430213,213.05935583240355,0.3644170893821865
vllm,long input long output,llama2_7b,10,3.0,4,5074,5992,1.185213933000341,303.1200835511554,304.30529748415574,305.06568900938146,0.7603915252257138
vllm,long input long output,llama2_7b,10,3.0,5,8465,2267,1.1852313550189135,136.25287405587733,137.43810541089624,137.82212255732156,0.3840171464253217
vllm,long input long output,llama2_7b,10,3.0,6,8091,2558,1.752011027885601,149.26316106598824,151.01517209387384,151.8435616097413,0.8283895158674568
vllm,long input long output,llama2_7b,10,3.0,7,3651,2070,1.7520259241573513,123.4646746639628,125.21670058812016,126.01479070377536,0.7980901156552136
vllm,long input long output,llama2_7b,10,3.0,8,8256,2502,1.7520405740942806,146.51246417989023,148.2645047539845,148.87992437253706,0.6154196185525507
vllm,long input long output,llama2_7b,10,3.0,9,9587,2397,0.8903208649717271,140.38479685084894,141.27511771582067,143.63337262999266,2.3582549141719937
vllm,long input long output,llama2_7b,10,4.0,0,3518,2793,1.317064322065562,161.5377981008496,162.85486242291518,163.0321306490805,0.1772682261653244
vllm,long input long output,llama2_7b,10,4.0,1,2057,1306,1.317077114013955,79.5576132601127,80.87469037412666,81.04564991849475,0.1709595443680882
vllm,long input long output,llama2_7b,10,4.0,2,2302,2548,1.317093112040311,150.36199162201956,151.67908473405987,151.769649280468,0.0905645464081317
vllm,long input long output,llama2_7b,10,4.0,3,7451,3879,1.3171092979609966,210.298165590968,211.61527488892895,211.6427008858882,0.0274259969592094
vllm,long input long output,llama2_7b,10,4.0,4,5074,5992,1.1856117190327495,300.0484946889337,301.23410640796646,302.24642055667937,1.0123141487129033
vllm,long input long output,llama2_7b,10,4.0,5,8465,2267,1.1856281741056591,134.7318632809911,135.91749145509675,136.64752970659174,0.7300382514949888
vllm,long input long output,llama2_7b,10,4.0,6,8091,2558,1.7539514841046184,147.92026750091463,149.67421898501925,151.0343633214943,1.3601443364750594
vllm,long input long output,llama2_7b,10,4.0,7,3651,2070,1.75394423189573,121.98756021703592,123.74150444893166,125.07895065937193,1.3374462104402485
vllm,long input long output,llama2_7b,10,4.0,8,8256,2502,1.7539521518629044,145.17330783093348,146.9272599827964,148.1277117736172,1.2004517908208072
vllm,long input long output,llama2_7b,10,4.0,9,9587,2397,0.8941585049033165,138.95956194400787,139.8537204489112,142.80148483323865,2.9477643843274564
vllm,long input long output,llama2_7b,10,5.0,0,3518,2793,1.3048938850406555,164.29601257201284,165.6009064570535,165.78938874648884,0.1884822894353419
vllm,long input long output,llama2_7b,10,5.0,1,2057,1306,1.3048917658161372,81.17784932116047,82.4827410869766,82.66617289464921,0.1834318076726049
vllm,long input long output,llama2_7b,10,5.0,2,2302,2548,1.304895153036341,153.0349421261344,154.33983727917075,154.45895045693032,0.1191131777595728
vllm,long input long output,llama2_7b,10,5.0,3,7451,3879,1.3048990990500895,212.90184005000629,214.2067391490564,214.27534009655935,0.0686009475030005
vllm,long input long output,llama2_7b,10,5.0,4,5074,5992,1.189210964133963,303.7859667229932,304.97517768712714,306.0823844461702,1.107206759043038
vllm,long input long output,llama2_7b,10,5.0,5,8465,2267,1.1892557269893589,137.26484150183387,138.45409722882323,139.3354763921816,0.8813791633583605
vllm,long input long output,llama2_7b,10,5.0,6,8091,2558,1.7531743340659889,150.59253424894996,152.34570858301595,153.97234107437544,1.6266324913594872
vllm,long input long output,llama2_7b,10,5.0,7,3651,2070,1.7531683270353824,124.46625840803608,126.21942673507148,127.82788650947624,1.6084597744047642
vllm,long input long output,llama2_7b,10,5.0,8,8256,2502,1.7531667749863118,147.85714837000705,149.61031514499336,151.1091766776517,1.4988615326583383
vllm,long input long output,llama2_7b,10,5.0,9,9587,2397,0.8882119520567358,141.62453297083266,142.5127449228894,145.75909615820274,3.246351235313341
vllm,long input long output,llama2_7b,10,6.0,0,3518,2793,1.307585849892348,159.89259785111062,161.20018370100297,161.44422226794995,0.2440385669469833
vllm,long input long output,llama2_7b,10,6.0,1,2057,1306,1.3076145697850734,79.35855407221243,80.6661686419975,80.90600632992573,0.2398376879282295
vllm,long input long output,llama2_7b,10,6.0,2,2302,2548,1.3076344961300492,149.34966801991686,150.6573025160469,150.84354350110516,0.186240985058248
vllm,long input long output,llama2_7b,10,6.0,3,7451,3879,1.3076531931292266,206.88080688985065,208.18846008297987,208.33260893053372,0.144148847553879
vllm,long input long output,llama2_7b,10,6.0,4,5074,5992,1.188477958086878,296.1466578778345,297.3351358359214,298.5659906901419,1.2308548542205244
vllm,long input long output,llama2_7b,10,6.0,5,8465,2267,1.1884929358493537,133.87864820216782,135.06714113801718,136.10981842060573,1.0426772825885564
vllm,long input long output,llama2_7b,10,6.0,6,8091,2558,1.7533520821016282,146.88737731589936,148.640729398001,150.50208135927096,1.8613519612699747
vllm,long input long output,llama2_7b,10,6.0,7,3651,2070,1.7533567959908396,121.05271403794175,122.8060708339326,124.6522915372625,1.846220703329891
vllm,long input long output,llama2_7b,10,6.0,8,8256,2502,1.753369624959305,144.13477292400785,145.88814254896715,147.64303385466337,1.7548913056962192
vllm,long input long output,llama2_7b,10,6.0,9,9587,2397,0.8945907528977841,137.95727450819686,138.85186526109464,142.35600507166237,3.5041398105677217
vllm,long input long output,llama2_7b,10,7.0,0,3518,2793,1.3101665349677205,162.27593713090755,163.58610366587527,163.84963085176423,0.2635271858889609
vllm,long input long output,llama2_7b,10,7.0,1,2057,1306,1.3101850701496005,80.60228677792475,81.91247184807435,82.1723988770973,0.2599270290229469
vllm,long input long output,llama2_7b,10,7.0,2,2302,2548,1.3102043059188873,151.1673676201608,152.4775719260797,152.69156022253446,0.2139882964547723
vllm,long input long output,llama2_7b,10,7.0,3,7451,3879,1.3102221069857478,211.0836535741109,212.3938756810967,212.57178623857908,0.1779105574823916
vllm,long input long output,llama2_7b,10,7.0,4,5074,5992,1.1840863761026412,304.6489544128999,305.8330407890025,307.1317601525225,1.298719363519922
vllm,long input long output,llama2_7b,10,7.0,5,8465,2267,1.1841014791280031,135.498197424924,136.682298904052,137.81972464267164,1.1374257386196405
vllm,long input long output,llama2_7b,10,7.0,6,8091,2558,1.7432252450380474,148.71842341008596,150.461648655124,152.46635672752743,2.004708072403446
vllm,long input long output,llama2_7b,10,7.0,7,3651,2070,1.7432388830929997,123.0005816090852,124.7438204921782,126.73555268486962,1.9917321926914155
vllm,long input long output,llama2_7b,10,7.0,8,8256,2502,1.743245945079252,145.986617770046,147.72986371512525,149.6433218785096,1.913458163384348
vllm,long input long output,llama2_7b,10,7.0,9,9587,2397,0.8882286089938134,139.760097151855,140.64832576084882,144.30165569251403,3.653329931665212
vllm,long input long output,llama2_7b,10,8.0,0,3518,2793,1.7389020470436662,163.1968166870065,164.93571873405017,165.22655302705243,0.2908342930022627
vllm,long input long output,llama2_7b,10,8.0,1,2057,1306,1.7388864250387996,80.04294639802538,81.78183282306418,82.06952934525907,0.2876965221948921
vllm,long input long output,llama2_7b,10,8.0,2,2302,2548,1.7388907000422478,151.82640672195703,153.56529742199928,153.81279655732214,0.2474991353228688
vllm,long input long output,llama2_7b,10,8.0,3,7451,3879,1.7388950099702924,212.25622027297504,213.9951152829453,214.211045291042,0.2159300080966204
vllm,long input long output,llama2_7b,10,8.0,4,5074,5992,1.7388996300287545,305.24298184295185,306.9818814729806,307.03111635590903,0.049234882928431
vllm,long input long output,llama2_7b,10,8.0,5,8465,2267,1.7700264190789312,135.563660207903,137.33368662698194,138.9812433847692,1.6475567577872423
vllm,long input long output,llama2_7b,10,8.0,6,8091,2558,1.7700527810957285,150.5557551169768,152.32580789807253,153.69496053736657,1.3691526392940432
vllm,long input long output,llama2_7b,10,8.0,7,3651,2070,1.770075302105397,124.51927401893772,126.28934932104312,127.6471368719358,1.3577875508926809
vllm,long input long output,llama2_7b,10,8.0,8,8256,2502,1.608975056093186,146.2063373818528,147.81531243794598,150.8758712967392,3.060558858793229
vllm,long input long output,llama2_7b,10,8.0,9,9587,2397,1.608990360982716,140.904428467853,142.5134188288357,145.57021266664378,3.056793837808073
vllm,long input long output,llama2_7b,10,9.0,0,3518,2793,1.764313967898488,161.03582168114372,162.8001356490422,163.11733312229626,0.3171974732540548
vllm,long input long output,llama2_7b,10,9.0,1,2057,1306,1.764329541940242,80.60662873811089,82.37095828005113,82.68536107987165,0.3144027998205274
vllm,long input long output,llama2_7b,10,9.0,2,2302,2548,1.7643471050541848,150.99212891003117,152.75647601508535,153.03515122667886,0.2786752115935087
vllm,long input long output,llama2_7b,10,9.0,3,7451,3879,1.764363002963364,208.3416959180031,210.1060589209665,210.3566758218221,0.2506169008556753
vllm,long input long output,llama2_7b,10,9.0,4,5074,5992,1.7643858208321035,302.32178804301657,304.08617386384867,304.188620417146,0.1024465532973408
vllm,long input long output,llama2_7b,10,9.0,5,8465,2267,1.770372347906232,135.48611008701846,137.2564824349247,138.9993740846403,1.7428916497156024
vllm,long input long output,llama2_7b,10,9.0,6,8091,2558,1.7703688498586416,149.63561974302866,151.4059885928873,152.90143876406364,1.4954501711763442
vllm,long input long output,llama2_7b,10,9.0,7,3651,2070,1.77038197289221,124.52904341812246,126.29942539101468,127.78478205343708,1.4853566624224186
vllm,long input long output,llama2_7b,10,9.0,8,8256,2502,1.6143114471342417,145.6154364659451,147.22974791307934,150.42585052759387,3.1961026145145297
vllm,long input long output,llama2_7b,10,9.0,9,9587,2397,1.6143187838606536,140.703112492105,142.31743127596565,145.51019820082,3.192766924854368
vllm,long input long output,llama2_7b,10,10.0,0,3518,2793,1.7311429930850863,161.86439625988714,163.59553925297223,163.8586565903388,0.263117337366566
vllm,long input long output,llama2_7b,10,10.0,1,2057,1306,1.7311385250650346,79.65865708887577,81.3897956139408,81.65043347538449,0.2606378614436835
vllm,long input long output,llama2_7b,10,10.0,2,2302,2548,1.7311654300428927,150.5471238179598,152.2782892480027,152.50677716895007,0.2284879209473729
vllm,long input long output,llama2_7b,10,10.0,3,7451,3879,1.7311929340939969,210.2239772879984,211.9551702220924,212.15840954356827,0.2032393214758485
vllm,long input long output,llama2_7b,10,10.0,4,5074,5992,1.7312212109100074,301.2901374420617,303.0213586529717,303.09124797419645,0.0698893212247639
vllm,long input long output,llama2_7b,10,10.0,5,8465,2267,1.7725953510962429,134.45915547199547,136.23175082309172,137.92148751136847,1.6897366882767528
vllm,long input long output,llama2_7b,10,10.0,6,8091,2558,1.772610018029809,149.270229319809,151.0428393378388,152.50986489723437,1.4670255593955517
vllm,long input long output,llama2_7b,10,10.0,7,3651,2070,1.7726240730844438,123.44888091599567,125.22150498908012,126.6794460050296,1.4579410159494728
vllm,long input long output,llama2_7b,10,10.0,8,8256,2502,1.6125713151413947,144.9084993780125,146.5210706931539,149.6981682491023,3.1770975559484214
vllm,long input long output,llama2_7b,10,10.0,9,9587,2397,1.612585537834093,139.65736557310447,141.26995111093856,144.44404160813428,3.1740904971957207
sarathi,long input short output,llama2_7b,1,1.0,0,2494,254,1.0724057641346008,11.265132962958887,12.337538727093488,12.337821341585368,0.0002826144918799
sarathi,long input short output,llama2_7b,2,1.0,0,2494,254,1.0736907629761845,12.126796484924853,13.200487247901036,13.200687220785769,0.0001999728847295
sarathi,long input short output,llama2_7b,2,1.0,1,6459,315,2.8342974269762635,14.241081963991746,17.07537939096801,18.06656538881361,0.991185997845605
sarathi,long input short output,llama2_7b,3,1.0,0,2494,254,1.047277709003538,12.09939436102286,13.146672070026398,13.146974944742396,0.0003028747159987
sarathi,long input short output,llama2_7b,3,1.0,1,6459,315,2.808395450934768,13.966787476092575,16.775182927027345,17.741906027775258,0.9667231007479132
sarathi,long input short output,llama2_7b,3,1.0,2,3982,206,1.783348890952766,8.934483523014933,10.7178324139677,14.11631564470008,3.3984832307323813
sarathi,long input short output,llama2_7b,4,1.0,0,2494,254,1.007206846959889,12.887741391081365,13.894948238041252,13.895209866575897,0.0002616285346448
sarathi,long input short output,llama2_7b,4,1.0,1,6459,315,2.825896511785686,14.891435848083349,17.717332359869033,18.640507229603827,0.923174869734794
sarathi,long input short output,llama2_7b,4,1.0,2,3982,206,1.7500092640984803,9.964082225924358,11.714091490022838,15.083440349437296,3.3693488594144583
sarathi,long input short output,llama2_7b,4,1.0,3,4458,81,2.374106634873897,3.632768206996843,6.00687484187074,10.818339325720444,4.811464483849704
sarathi,long input short output,llama2_7b,5,1.0,0,2494,254,1.0519506179261953,13.606140646152198,14.658091264078394,14.658353900769724,0.0002626366913318
sarathi,long input short output,llama2_7b,5,1.0,1,6459,315,3.106830964097753,15.55877584591508,18.665606810012832,19.636763081653044,0.9711562716402112
sarathi,long input short output,llama2_7b,5,1.0,2,3982,206,1.744304598076269,10.375084812985731,12.119389411062002,15.82095460454002,3.701565193478018
sarathi,long input short output,llama2_7b,5,1.0,3,4458,81,2.020374292973429,4.425399172119796,6.445773465093225,11.584580214926971,5.138806749833748
sarathi,long input short output,llama2_7b,5,1.0,4,8713,183,3.9645809449721128,8.229039947036654,12.193620892008768,17.961558449082077,5.76793755707331
sarathi,long input short output,llama2_7b,6,1.0,0,2494,254,1.055248410906643,13.887267606100067,14.94251601700671,14.942697650752962,0.0001816337462514
sarathi,long input short output,llama2_7b,6,1.0,1,6459,315,2.840404178015888,15.557073740987107,18.397477919002995,19.36920367670245,0.9717257576994598
sarathi,long input short output,llama2_7b,6,1.0,2,3982,206,1.7878200528211892,10.951944353990257,12.739764406811446,16.17777411150746,3.4380097046960145
sarathi,long input short output,llama2_7b,6,1.0,3,4458,81,2.092057556845248,4.380886560073122,6.47294411691837,11.387716268887743,4.914772151969373
sarathi,long input short output,llama2_7b,6,1.0,4,8713,183,3.856812044978142,8.206461769994348,12.06327381497249,17.678128676023334,5.614854861050844
sarathi,long input short output,llama2_7b,6,1.0,5,8829,109,3.953483693068847,4.216640315018594,8.170124008087441,16.454526061424986,8.284402053337544
sarathi,long input short output,llama2_7b,7,1.0,0,2494,254,1.0788702480494976,14.51182480691932,15.59069505496882,15.590952656464651,0.0002576014958322
sarathi,long input short output,llama2_7b,7,1.0,1,6459,315,2.9201387660577893,17.366176968906075,20.286315734963864,21.281238509574905,0.994922774611041
sarathi,long input short output,llama2_7b,7,1.0,2,3982,206,1.7983019191306084,11.929366664029658,13.727668583160266,17.251969186589122,3.5243006034288555
sarathi,long input short output,llama2_7b,7,1.0,3,4458,81,2.083358468022197,4.675180369056761,6.758538837078959,11.7718182108365,5.013279373757541
sarathi,long input short output,llama2_7b,7,1.0,4,8713,183,4.050425095017999,9.853448294103146,13.903873389121143,19.6078551330138,5.703981743892655
sarathi,long input short output,llama2_7b,7,1.0,5,8829,109,4.316457368200645,5.504304972011596,9.82076234021224,18.38530336832628,8.564541028114036
sarathi,long input short output,llama2_7b,7,1.0,6,4193,66,2.0080333740916103,3.088485619984567,5.0965189940761775,15.692438447847962,10.595919453771783
sarathi,long input short output,llama2_7b,8,1.0,0,2494,254,1.132494183955714,14.15794281498529,15.290436998941004,15.290750786662102,0.0003137877210974
sarathi,long input short output,llama2_7b,8,1.0,1,6459,315,2.800920095993206,17.027792416978627,19.828712512971837,20.87835966073908,1.0496471477672458
sarathi,long input short output,llama2_7b,8,1.0,2,3982,206,1.7526181410066783,11.797407836886125,13.5500259778928,17.023041936568916,3.4730159586761147
sarathi,long input short output,llama2_7b,8,1.0,3,4458,81,2.042149496963248,4.561812686966732,6.60396218392998,11.52053959085606,4.916577406926081
sarathi,long input short output,llama2_7b,8,1.0,4,8713,183,3.984327309997752,9.63874292303808,13.623070233035833,19.190913920057938,5.567843687022105
sarathi,long input short output,llama2_7b,8,1.0,5,8829,109,4.226184526924044,5.385480687022209,9.611665213946251,17.975195018341765,8.363529804395512
sarathi,long input short output,llama2_7b,8,1.0,6,4193,66,2.029464388033375,2.9809638888109475,5.010428276844323,15.315109505783768,10.304681228939444
sarathi,long input short output,llama2_7b,8,1.0,7,5619,409,2.243709811940789,17.599443689920008,19.8431535018608,32.040327636059374,12.197174134198576
sarathi,long input short output,llama2_7b,9,1.0,0,2494,254,1.053844721056521,14.080256702844054,15.134101423900574,15.13437392259948,0.0002724986989051
sarathi,long input short output,llama2_7b,9,1.0,1,6459,315,2.777389156864956,17.80754297808744,20.5849321349524,21.55634538573213,0.9714132507797332
sarathi,long input short output,llama2_7b,9,1.0,2,3982,206,1.7541378191672266,11.64303659601137,13.397174415178595,16.75299968966283,3.355825274484232
sarathi,long input short output,llama2_7b,9,1.0,3,4458,81,2.0373613769188523,4.5474627271760255,6.584824104094878,11.387071545002982,4.802247440908104
sarathi,long input short output,llama2_7b,9,1.0,4,8713,183,3.97828417387791,10.45479215006344,14.43307632394135,19.882626842008904,5.449550518067554
sarathi,long input short output,llama2_7b,9,1.0,5,8829,109,4.180331353098154,6.238911407999694,10.419242761097848,18.6595890133176,8.240346252219751
sarathi,long input short output,llama2_7b,9,1.0,6,4193,66,1.9640860420186077,3.800375570077449,5.764461612096056,15.900850843871012,10.136389231774956
sarathi,long input short output,llama2_7b,9,1.0,7,5619,409,2.689251681091264,18.089886308880523,20.779137989971787,32.72957612806931,11.950438138097525
sarathi,long input short output,llama2_7b,9,1.0,8,3158,1,1.5231800640467554,0.0502162028569728,1.5733962669037282,15.605805011698976,14.032408744795248
sarathi,long input short output,llama2_7b,10,1.0,0,2494,254,1.0752235969994215,14.333379907067863,15.408603504067289,15.408783804858103,0.0001803007908165
sarathi,long input short output,llama2_7b,10,1.0,0,2494,254,1.0461059610825032,14.12946673994884,15.175572701031342,15.175842080730945,0.0002693796996027
sarathi,long input short output,llama2_7b,10,1.0,1,6459,315,2.8985622900072485,17.978592306142673,20.87715459614992,21.870079727843404,0.9929251316934824
sarathi,long input short output,llama2_7b,10,1.0,1,6459,315,2.755530148046091,17.984780025901273,20.740310173947364,21.70594905363396,0.965638879686594
sarathi,long input short output,llama2_7b,10,1.0,2,3982,206,1.7511215291451665,11.755944026866928,13.507065556012094,17.023784449556842,3.5167188935447484
sarathi,long input short output,llama2_7b,10,1.0,2,3982,206,1.7507271880749613,11.725399584975094,13.476126773050057,16.82248380756937,3.3463570345193148
sarathi,long input short output,llama2_7b,10,1.0,3,4458,81,2.019804671872407,4.605739783030003,6.6255444549024105,11.585908385924997,4.960363931022584
sarathi,long input short output,llama2_7b,10,1.0,3,4458,81,2.0276407098863274,4.599020935129374,6.626661645015702,11.411750928964466,4.785089283948764
sarathi,long input short output,llama2_7b,10,1.0,4,8713,183,4.025096696102992,10.631687541957945,14.656784238060936,20.246350390138105,5.589566152077168
sarathi,long input short output,llama2_7b,10,1.0,4,8713,183,4.014664551010355,10.646625450113788,14.661290001124144,20.08332943310961,5.422039431985468
sarathi,long input short output,llama2_7b,10,1.0,5,8829,109,4.269850418902934,6.305697303032503,10.575547721935436,19.00238673342392,8.426839011488482
sarathi,long input short output,llama2_7b,10,1.0,5,8829,109,4.219246806111187,6.375843920977786,10.595090727088971,18.84553394140676,8.250443214317784
sarathi,long input short output,llama2_7b,10,1.0,6,4193,66,1.957844145130366,3.837947556981817,5.795791702112183,16.203084368957207,10.407292666845024
sarathi,long input short output,llama2_7b,10,1.0,6,4193,66,1.98421595687978,3.856684677070007,5.840900633949786,16.025356063852087,10.1844554299023
sarathi,long input short output,llama2_7b,10,1.0,7,5619,409,2.740607430925593,18.28048919304274,21.021096623968333,33.236242168117315,12.215145544148982
sarathi,long input short output,llama2_7b,10,1.0,7,5619,409,2.7307588728144765,19.206779214087877,21.93753808690235,33.957400527084246,12.019862440181896
sarathi,long input short output,llama2_7b,10,1.0,8,3158,1,1.507579289842397,0.0565252059604972,1.5641044958028942,15.912000027718022,14.347895531915128
sarathi,long input short output,llama2_7b,10,1.0,8,3158,1,1.5408919521141795,0.0595414259005337,1.6004333780147135,15.74206564668566,14.141632268670946
sarathi,long input short output,llama2_7b,10,1.0,9,6764,480,2.8140833631623536,20.55248085781932,23.366564220981672,39.133874299470335,15.767310078488665
sarathi,long input short output,llama2_7b,10,1.0,9,6764,480,2.977822314947844,21.33511179499328,24.312934109941125,39.90409628255293,15.591162172611805
sarathi,long input short output,llama2_7b,10,2.0,0,2494,254,1.0923657268285751,14.530014787102118,15.622380513930691,15.622549202293158,0.0001686883624643
sarathi,long input short output,llama2_7b,10,2.0,1,6459,315,2.959429246839136,18.22849581600167,21.187925062840804,22.20838925661519,1.0204641937743872
sarathi,long input short output,llama2_7b,10,2.0,2,3982,206,1.80800893320702,11.85465010185726,13.66265903506428,17.424710884690285,3.7620518496260047
sarathi,long input short output,llama2_7b,10,2.0,3,4458,81,2.112587362062186,4.649329365929589,6.761916727991775,12.14763428689912,5.385717558907345
sarathi,long input short output,llama2_7b,10,2.0,4,8713,183,4.053308745846152,10.721831860020757,14.775140605866907,21.549101582495496,6.773960976628587
sarathi,long input short output,llama2_7b,10,2.0,5,8829,109,4.237425280967727,6.42761816107668,10.665043442044407,20.86762296804227,10.202579525997862
sarathi,long input short output,llama2_7b,10,2.0,6,4193,66,1.9743338429834691,3.915902964072302,5.890236807055771,19.157421092269946,13.26718428521417
sarathi,long input short output,llama2_7b,10,2.0,7,5619,409,2.756712697912008,19.419517504051328,22.17623020196333,37.314621980069205,15.13839177810587
sarathi,long input short output,llama2_7b,10,2.0,8,3158,1,1.5801914168987423,0.0591229731217026,1.639314390020445,19.19743363233283,17.558119242312387
sarathi,long input short output,llama2_7b,10,2.0,9,6764,480,3.078524292912334,21.529687204165384,24.60821149707772,43.67176382476464,19.06355232768692
sarathi,long input short output,llama2_7b,10,3.0,0,2494,254,0.914147060131654,14.058618239825591,14.972765299957246,14.972896800143644,0.0001315001863986
sarathi,long input short output,llama2_7b,10,3.0,1,6459,315,2.756201973184943,17.861770036863163,20.617972010048103,21.47934087272733,0.8613688626792282
sarathi,long input short output,llama2_7b,10,3.0,2,3982,206,1.7245038088876754,11.631302658934146,13.355806467821822,16.79306728648953,3.43726081866771
sarathi,long input short output,llama2_7b,10,3.0,3,4458,81,2.0270124569069594,4.599504213081673,6.626516669988632,11.649969281395895,5.023452611407265
sarathi,long input short output,llama2_7b,10,3.0,4,8713,183,4.02263867482543,10.549510610988364,14.572149285813794,21.12276794621721,6.550618660403416
sarathi,long input short output,llama2_7b,10,3.0,5,8829,109,4.163327829912305,6.338341046124697,10.501668876037002,20.63525187340565,10.133582997368649
sarathi,long input short output,llama2_7b,10,3.0,6,4193,66,1.9433465551119296,3.8732753838412464,5.816621938953176,19.31341552874073,13.496793589787558
sarathi,long input short output,llama2_7b,10,3.0,7,5619,409,2.756425353931263,18.619369078194723,21.375794432125986,36.7220770358108,15.346282603684813
sarathi,long input short output,llama2_7b,10,3.0,8,3158,1,1.5328160338103771,0.0604068702086806,1.5932229040190578,19.454099665628743,17.86087676160969
sarathi,long input short output,llama2_7b,10,3.0,9,6764,480,2.9538193591870368,20.21853694994934,23.172356309136376,42.49599705706351,19.32364074792713
sarathi,long input short output,llama2_7b,10,4.0,0,2494,254,1.0851943478919566,14.294443590100856,15.379637937992811,15.546679843217134,0.1670419052243232
sarathi,long input short output,llama2_7b,10,4.0,1,6459,315,2.848783819936216,18.150921755004678,20.99970557494089,22.18866937141865,1.1889637964777648
sarathi,long input short output,llama2_7b,10,4.0,2,3982,206,1.7799320509657264,11.816654118010774,13.5965861689765,17.485957148484886,3.889370979508385
sarathi,long input short output,llama2_7b,10,4.0,3,4458,81,2.0989457319956277,4.545874655013904,6.644820387009531,12.19501186790876,5.55019148089923
sarathi,long input short output,llama2_7b,10,4.0,4,8713,183,4.009878936922178,10.723253722069783,14.733132658991964,21.991947329835966,7.258814670844004
sarathi,long input short output,llama2_7b,10,4.0,5,8829,109,4.212422420969233,6.460127014899626,10.67254943586886,21.598804767476395,10.926255331607535
sarathi,long input short output,llama2_7b,10,4.0,6,4193,66,2.0234224188607186,3.9205383001826704,5.943960719043389,20.464297534665093,14.520336815621704
sarathi,long input short output,llama2_7b,10,4.0,7,5619,409,2.776243834057823,19.13017167383805,21.906415507895872,38.36725368630141,16.460838178405538
sarathi,long input short output,llama2_7b,10,4.0,8,3158,1,1.5577495349571109,0.057450913125649,1.61520044808276,20.65497700683773,19.03977655875497
sarathi,long input short output,llama2_7b,10,4.0,9,6764,480,2.9461790539789945,21.32904181489721,24.275220868876204,44.80721949320287,20.53199862432666
sarathi,long input short output,llama2_7b,10,5.0,0,2494,254,1.056682525901124,14.212259613908827,15.268942139809951,15.469629971310496,0.2006878315005451
sarathi,long input short output,llama2_7b,10,5.0,1,6459,315,2.740254194010049,18.15094784111716,20.891202035127208,22.08613844169304,1.19493640656583
sarathi,long input short output,llama2_7b,10,5.0,2,3982,206,1.7481606279034168,11.840595156885684,13.5887557847891,17.404494194779545,3.815738409990445
sarathi,long input short output,llama2_7b,10,5.0,3,4458,81,2.055709748994559,4.6192033879924566,6.674913136987016,12.130580581491811,5.4556674445047975
sarathi,long input short output,llama2_7b,10,5.0,4,8713,183,4.036584767047316,10.79450448299758,14.831089250044895,22.017526337178424,7.186437087133527
sarathi,long input short output,llama2_7b,10,5.0,5,8829,109,4.277099472936243,6.43807165697217,10.715171129908413,21.652804082259536,10.937632952351125
sarathi,long input short output,llama2_7b,10,5.0,6,4193,66,2.004195395857096,3.904606017982587,5.908801413839683,20.6155987593811,14.706797345541418
sarathi,long input short output,llama2_7b,10,5.0,7,5619,409,2.765794036909938,19.23547621513717,22.001270252047107,38.63511023647152,16.633839984424412
sarathi,long input short output,llama2_7b,10,5.0,8,3158,1,1.5557598678860811,0.060364922042936,1.6161247899290174,20.846046263584867,19.22992147365585
sarathi,long input short output,llama2_7b,10,5.0,9,6764,480,3.050813855137676,21.34192802687176,24.39274188200943,45.11303211119957,20.72029022919014
sarathi,long input short output,llama2_7b,10,6.0,0,2494,254,1.0977001979481429,14.366441006073728,15.464141204021873,15.706741790985689,0.2426005869638174
sarathi,long input short output,llama2_7b,10,6.0,1,6459,315,2.803621793165803,18.09162364481017,20.895245437975973,22.17255492671393,1.2773094887379557
sarathi,long input short output,llama2_7b,10,6.0,2,3982,206,1.7809926110785457,11.881141782039776,13.662134393118322,17.633132509188727,3.9709981160704046
sarathi,long input short output,llama2_7b,10,6.0,3,4458,81,2.060419518034905,4.690623437054455,6.7510429550893605,12.404264258686451,5.653221303597093
sarathi,long input short output,llama2_7b,10,6.0,4,8713,183,4.096878353971988,10.587410180130972,14.68428853410296,22.116008434211835,7.431719900108874
sarathi,long input short output,llama2_7b,10,6.0,5,8829,109,4.269859381951392,6.277046215021983,10.546905596973374,21.827685065567493,11.28077946859412
sarathi,long input short output,llama2_7b,10,6.0,6,4193,66,1.9867868260480464,3.784994750050828,5.771781576098874,20.89132784237154,15.119546266272664
sarathi,long input short output,llama2_7b,10,6.0,7,5619,409,2.713783442042768,18.85992326005362,21.573706702096388,38.60610644030385,17.03239973820746
sarathi,long input short output,llama2_7b,10,6.0,8,3158,1,1.478287687059492,0.0478657570201903,1.5261534440796822,21.12106105266139,19.594907608581707
sarathi,long input short output,llama2_7b,10,6.0,9,6764,480,2.760045763803646,21.271997060161084,24.03204282396473,45.0388191936072,21.006776369642463
sarathi,long input short output,llama2_7b,10,7.0,0,2494,254,1.0810768019873649,14.449436894152312,15.530513696139678,15.830626134760678,0.3001124386209994
sarathi,long input short output,llama2_7b,10,7.0,1,6459,315,2.827241607941687,18.35610217787325,21.18334378581494,22.501232170965523,1.3178883851505816
sarathi,long input short output,llama2_7b,10,7.0,2,3982,206,1.7770999819040298,11.98604055889882,13.763140540802851,17.805331476265565,4.042190935462713
sarathi,long input short output,llama2_7b,10,7.0,3,4458,81,2.096489018993452,4.702448516851291,6.798937535844743,12.525231496430932,5.72629396058619
sarathi,long input short output,llama2_7b,10,7.0,4,8713,183,4.098529466893524,10.857421990018338,14.955951456911862,22.530647293431684,7.5746958365198225
sarathi,long input short output,llama2_7b,10,7.0,5,8829,109,4.293327029794455,6.503772411029786,10.79709944082424,22.249227663502097,11.452128222677857
sarathi,long input short output,llama2_7b,10,7.0,6,4193,66,2.029412857023999,3.932099398924038,5.961512255948037,21.33030130132101,15.368789045372978
sarathi,long input short output,llama2_7b,10,7.0,7,5619,409,2.788751009153202,19.32447229186073,22.11322330101393,39.43705018260516,17.32382688159123
sarathi,long input short output,llama2_7b,10,7.0,8,3158,1,1.5628239610232413,0.0603764781262725,1.6232004391495138,21.59855610737577,19.975355668226257
sarathi,long input short output,llama2_7b,10,7.0,9,6764,480,3.065822657197714,21.51377695100382,24.579599608201534,46.05271366657689,21.47311405837536
sarathi,long input short output,llama2_7b,10,8.0,0,2494,254,1.0856477841734886,14.562304567778485,15.647952351951972,15.972658050013706,0.3247056980617344
sarathi,long input short output,llama2_7b,10,8.0,1,6459,315,2.872598942136392,18.416180823929608,21.288779766066,22.636604096274823,1.347824330208823
sarathi,long input short output,llama2_7b,10,8.0,2,3982,206,1.7863040650263429,12.01403915998526,13.800343225011602,17.92314139031805,4.122798165306449
sarathi,long input short output,llama2_7b,10,8.0,3,4458,81,2.1087282251100987,4.7403094549663365,6.849037680076435,12.665406041080132,5.816368361003697
sarathi,long input short output,llama2_7b,10,8.0,4,8713,183,4.120008485158905,10.863662960007789,14.983671445166692,22.68526664795354,7.701595202786848
sarathi,long input short output,llama2_7b,10,8.0,5,8829,109,4.314432244980708,6.492354016052559,10.806786261033269,22.4308493367862,11.624063075752929
sarathi,long input short output,llama2_7b,10,8.0,6,4193,66,1.9959753919392824,3.9583110499661416,5.954286441905424,21.55400335835293,15.599716916447504
sarathi,long input short output,llama2_7b,10,8.0,7,5619,409,2.810766621027142,17.8818645789288,20.69263119995594,38.21699426998384,17.524363070027903
sarathi,long input short output,llama2_7b,10,8.0,8,3158,1,1.5781578980386255,0.0561537430621683,1.634311641100794,21.83882457087748,20.204512929776683
sarathi,long input short output,llama2_7b,10,8.0,9,6764,480,3.07177700009197,19.66557293292135,22.73734993301332,44.45329487975687,21.715944946743548
sarathi,long input short output,llama2_7b,10,9.0,0,2494,254,1.044232587097213,14.198284443002194,15.242517030099409,15.55999787710607,0.3174808470066637
sarathi,long input short output,llama2_7b,10,9.0,1,6459,315,2.800698328996077,17.99716248898767,20.797860817983747,22.10049710259773,1.3026362846139818
sarathi,long input short output,llama2_7b,10,9.0,2,3982,206,1.7769452549982816,11.690268982900308,13.467214237898588,17.47855491237715,4.011340674478561
sarathi,long input short output,llama2_7b,10,9.0,3,4458,81,2.054456370184198,4.595181052805856,6.649637422990054,12.35415927763097,5.704521854640916
sarathi,long input short output,llama2_7b,10,9.0,4,8713,183,4.009287810884416,10.607836700975897,14.617124511860313,22.171371571021155,7.5542470591608435
sarathi,long input short output,llama2_7b,10,9.0,5,8829,109,4.181699750944972,6.373208776116371,10.554908527061343,21.93490297254175,11.379994445480406
sarathi,long input short output,llama2_7b,10,9.0,6,4193,66,1.966318503022194,3.879129308043048,5.845447811065242,21.100959778064865,15.25551196699962
sarathi,long input short output,llama2_7b,10,9.0,7,5619,409,2.73974843416363,19.28438979596831,22.02413823013194,39.17614371632226,17.15200548619032
sarathi,long input short output,llama2_7b,10,9.0,8,3158,1,1.5559574449434876,0.0586883469950407,1.6146457919385284,21.38596445741132,19.77131866547279
sarathi,long input short output,llama2_7b,10,9.0,9,6764,480,2.98909375211224,21.539938317844644,24.529032069956884,45.794017953565344,21.26498588360846
sarathi,long input short output,llama2_7b,10,10.0,0,2494,254,1.0663641379214823,13.932587698101996,14.99895183602348,15.31221953756176,0.3132677015382796
sarathi,long input short output,llama2_7b,10,10.0,1,6459,315,2.809314992045984,17.70612849597819,20.51544348802417,21.83393736439757,1.318493876373395
sarathi,long input short output,llama2_7b,10,10.0,2,3982,206,1.770137230865657,11.424008032074198,13.194145262939855,17.23331248294562,4.039167220005766
sarathi,long input short output,llama2_7b,10,10.0,3,4458,81,1.9937550129834565,4.571730023017153,6.565485036000609,12.291202191496268,5.7257171554956585
sarathi,long input short output,llama2_7b,10,10.0,4,8713,183,4.008537800051272,10.39532262389548,14.403860423946751,21.93215700914152,7.5282965851947665
sarathi,long input short output,llama2_7b,10,10.0,5,8829,109,3.970762570854277,6.370146975154057,10.340909546008334,21.70824086852372,11.367331322515383
sarathi,long input short output,llama2_7b,10,10.0,6,4193,66,1.983419673051685,3.852110411971808,5.835530085023493,20.891652218298987,15.056122133275494
sarathi,long input short output,llama2_7b,10,10.0,7,5619,409,2.736509484006092,18.884833550080657,21.62134303408675,38.58810979407281,16.966766759986058
sarathi,long input short output,llama2_7b,10,10.0,8,3158,1,1.5380828529596329,0.0581335159949958,1.5962163689546287,21.184080542065203,19.58786417311057
sarathi,long input short output,llama2_7b,10,10.0,9,6764,480,3.0254975699353963,21.08608839986846,24.11158596980385,45.17329923808575,21.06171326828189
sarathi,long input short output,mistral_7b,1,1.0,0,2494,254,0.9093534648418428,10.279150412185118,11.18850387702696,11.18868600972928,0.0001821327023208
sarathi,long input short output,mistral_7b,2,1.0,0,2494,254,1.0524056979920715,12.059080992126836,13.111486690118909,13.112078037811443,0.0005913476925343
sarathi,long input short output,mistral_7b,2,1.0,1,6459,315,2.9361332829575986,14.261553036049008,17.197686319006607,18.16637650481425,0.9686901858076452
sarathi,long input short output,mistral_7b,3,1.0,0,2494,254,1.0867761811241508,12.42084114602767,13.50761732715182,13.50785513385199,0.00023780670017
sarathi,long input short output,mistral_7b,3,1.0,1,6459,315,2.8796887639909983,14.609477557940409,17.489166321931407,18.492546068737283,1.0033797468058765
sarathi,long input short output,mistral_7b,3,1.0,2,3982,206,1.7920519979670644,9.424162403913217,11.21621440188028,14.722040163585916,3.505825761705637
sarathi,long input short output,mistral_7b,4,1.0,0,2494,254,1.082793328911066,12.685018453048542,13.767811781959608,13.768042707582936,0.0002309256233274
sarathi,long input short output,mistral_7b,4,1.0,1,6459,315,2.868181454949081,14.927004621131346,17.795186076080427,18.79389699269086,0.9987109166104348
sarathi,long input short output,mistral_7b,4,1.0,2,3982,206,1.7810858539305627,9.694445525994524,11.475531379925089,14.963922284543514,3.488390904618427
sarathi,long input short output,mistral_7b,4,1.0,3,4458,81,2.051069488050416,3.67655866406858,5.727628152118996,10.686601698864251,4.958973546745256
sarathi,long input short output,mistral_7b,5,1.0,0,2494,254,1.0940827340818942,13.74640444898978,14.840487183071671,14.840757796773689,0.000270613702014
sarathi,long input short output,mistral_7b,5,1.0,1,6459,315,2.9731425519566983,15.861875139875336,18.83501769183204,19.84473690367304,1.009719211841002
sarathi,long input short output,mistral_7b,5,1.0,2,3982,206,1.8578091990202663,10.596208631061018,12.454017830081284,16.039938553702086,3.585920723620802
sarathi,long input short output,mistral_7b,5,1.0,3,4458,81,2.084445904009044,4.521709819091484,6.606155723100528,11.73881839797832,5.132662674877793
sarathi,long input short output,mistral_7b,5,1.0,4,8713,183,4.060285528888926,8.279053686186671,12.339339215075595,18.16658967616968,5.827250461094081
sarathi,long input short output,mistral_7b,6,1.0,0,2494,254,1.0744554749689996,14.059758967952805,15.134214442921802,15.13440230465494,0.0001878617331385
sarathi,long input short output,mistral_7b,6,1.0,1,6459,315,2.8230203629937023,16.472703970968723,19.295724333962426,20.28807705175132,0.99235271778889
sarathi,long input short output,mistral_7b,6,1.0,2,3982,206,1.7654036211315542,11.219977787928656,12.98538140906021,16.422471559606493,3.4370901505462825
sarathi,long input short output,mistral_7b,6,1.0,3,4458,81,2.0517319689970464,4.528233102988452,6.579965071985498,11.472843541996554,4.892878470011056
sarathi,long input short output,mistral_7b,6,1.0,4,8713,183,3.967358471825719,9.091688367072493,13.059046838898212,18.61376925208606,5.554722413187847
sarathi,long input short output,mistral_7b,6,1.0,5,8829,109,4.085054873954505,4.972588913049549,9.057643787004054,17.393362829461694,8.33571904245764
sarathi,long input short output,mistral_7b,7,1.0,0,2494,254,1.1008991559501735,14.087332172086462,15.188231328036636,15.188515059649944,0.0002837316133081
sarathi,long input short output,mistral_7b,7,1.0,1,6459,315,2.878067489946261,16.802025988930836,19.680093478877097,20.69836101261899,1.0182675337418914
sarathi,long input short output,mistral_7b,7,1.0,2,3982,206,1.7958094680216163,11.42826003395021,13.224069501971826,16.742640586569905,3.5185710845980798
sarathi,long input short output,mistral_7b,7,1.0,3,4458,81,2.0456119999289517,4.5658936991821975,6.611505699111149,11.616814604960382,5.005308905849233
sarathi,long input short output,mistral_7b,7,1.0,4,8713,183,3.998247388983146,9.35543708712794,13.353684476111084,19.014159087091684,5.6604746109806
sarathi,long input short output,mistral_7b,7,1.0,5,8829,109,3.98861305299215,5.339909539092332,9.328522592084482,17.797930162400007,8.469407570315525
sarathi,long input short output,mistral_7b,7,1.0,6,4193,66,1.9125612711068245,3.041026148945093,4.953587420051917,15.12200879584998,10.16842137579806
sarathi,long input short output,mistral_7b,8,1.0,0,2494,254,1.06761503405869,14.040532737970352,15.108147772029042,15.108480144757776,0.0003323727287352
sarathi,long input short output,mistral_7b,8,1.0,1,6459,315,2.835601201048121,17.387920951936394,20.223522152984515,21.20951979374513,0.9859976407606156
sarathi,long input short output,mistral_7b,8,1.0,2,3982,206,1.7646946909371763,11.490341691998765,13.25503638293594,16.699141836725175,3.444105453789234
sarathi,long input short output,mistral_7b,8,1.0,3,4458,81,2.035260341828689,4.490782696986571,6.52604303881526,11.427087324904278,4.901044286089018
sarathi,long input short output,mistral_7b,8,1.0,4,8713,183,3.9360363588202745,10.059904396068305,13.99594075488858,19.53871263912879,5.54277188424021
sarathi,long input short output,mistral_7b,8,1.0,5,8829,109,4.093385915039107,5.929082179907709,10.022468094946817,18.31463143834844,8.292163343401626
sarathi,long input short output,mistral_7b,8,1.0,6,4193,66,1.9461806800682095,3.5631235227920115,5.509304202860221,15.610834129853174,10.101529926992953
sarathi,long input short output,mistral_7b,8,1.0,7,5619,409,2.679257963085547,17.81799883907661,20.49725680216216,32.396420259261504,11.899163457099348
sarathi,long input short output,mistral_7b,9,1.0,0,2494,254,1.0732415548991412,13.905578010017052,14.978819564916192,14.979237246559933,0.0004176816437393
sarathi,long input short output,mistral_7b,9,1.0,1,6459,315,2.847244593780488,17.5710166960489,20.41826128982939,21.412345352582637,0.9940840627532452
sarathi,long input short output,mistral_7b,9,1.0,2,3982,206,1.717944429023191,11.389008666854352,13.106953095877545,16.569018207490444,3.462065111612901
sarathi,long input short output,mistral_7b,9,1.0,3,4458,81,1.9967546320986005,4.346215049969032,6.342969682067633,11.215905072866008,4.872935390798375
sarathi,long input short output,mistral_7b,9,1.0,4,8713,183,3.752344828797504,10.515503673115743,14.26784850191325,19.751155745005235,5.483307243091986
sarathi,long input short output,mistral_7b,9,1.0,5,8829,109,4.214286705944687,6.259815779980272,10.47410248592496,18.52183613320813,8.047733647283167
sarathi,long input short output,mistral_7b,9,1.0,6,4193,66,1.9360246800351888,3.833388352999464,5.7694130330346525,15.749341647839174,9.97992861480452
sarathi,long input short output,mistral_7b,9,1.0,7,5619,409,2.721284121042117,18.659986280836165,21.38127040187828,33.146676366915926,11.765405965037644
sarathi,long input short output,mistral_7b,9,1.0,8,3158,1,1.5323465659748765,0.0507614128291606,1.583107978804037,15.460416366579013,13.877308387774974
sarathi,long input short output,mistral_7b,10,1.0,0,2494,254,1.0696897259913385,13.934920568019152,15.00461029401049,15.004858313594012,0.0002480195835232
sarathi,long input short output,mistral_7b,10,1.0,0,2494,254,1.0630324559751898,14.27210484794341,15.3351373039186,15.335387028753756,0.0002497248351573
sarathi,long input short output,mistral_7b,10,1.0,1,6459,315,2.809036770835519,17.465395583072677,20.2744323539082,21.261381789576262,0.986949435668066
sarathi,long input short output,mistral_7b,10,1.0,1,6459,315,2.8516220608726144,17.79565868503414,20.647280745906755,21.62885053572245,0.981569789815694
sarathi,long input short output,mistral_7b,10,1.0,2,3982,206,1.7603427760768682,11.417953481897712,13.17829625797458,16.59597532940097,3.417679071426392
sarathi,long input short output,mistral_7b,10,1.0,2,3982,206,1.7796236779540775,11.630253867944704,13.40987754589878,16.863494847668335,3.4536173017695546
sarathi,long input short output,mistral_7b,10,1.0,3,4458,81,2.0529721030034125,4.49959859601222,6.552570699015632,11.41905412171036,4.866483422694728
sarathi,long input short output,mistral_7b,10,1.0,3,4458,81,2.0940206919331104,4.637110396055505,6.731131087988615,11.655221017077563,4.92408992908895
sarathi,long input short output,mistral_7b,10,1.0,4,8713,183,3.957414970966056,10.147690661950037,14.105105632916093,19.63211787189357,5.527012238977477
sarathi,long input short output,mistral_7b,10,1.0,4,8713,183,4.0683575661387295,10.309602811932564,14.377960378071291,20.00495405611582,5.626993678044528
sarathi,long input short output,mistral_7b,10,1.0,5,8829,109,3.992105942917988,6.0996929809916764,10.091798923909664,18.39111636020243,8.299317436292768
sarathi,long input short output,mistral_7b,10,1.0,5,8829,109,4.085540673928335,6.17010794300586,10.255648616934195,18.76269183633849,8.507043219404295
sarathi,long input short output,mistral_7b,10,1.0,6,4193,66,1.9480943859089168,3.662988727912307,5.611083113821223,15.617066423641518,10.005983309820294
sarathi,long input short output,mistral_7b,10,1.0,6,4193,66,1.9035869541112331,3.7480579300317913,5.651644884143025,15.959638335043564,10.30799345090054
sarathi,long input short output,mistral_7b,10,1.0,7,5619,409,2.620723427971825,18.2472622229252,20.867985650897023,32.671045790892094,11.803060139995068
sarathi,long input short output,mistral_7b,10,1.0,7,5619,409,2.6602683598175645,19.34418157301843,22.004449932836,34.06753268907778,12.063082756241783
sarathi,long input short output,mistral_7b,10,1.0,8,3158,1,1.4289339249953628,0.0528284751344472,1.48176240012981,15.300642787711697,13.818880387581885
sarathi,long input short output,mistral_7b,10,1.0,8,3158,1,1.493308976991102,0.0561188231222331,1.5494278001133353,15.667138617951425,14.117710817838088
sarathi,long input short output,mistral_7b,10,1.0,9,6764,480,2.8466379740275443,20.37740544998087,23.22404342400841,38.38329673046246,15.159253306454048
sarathi,long input short output,mistral_7b,10,1.0,9,6764,480,3.0190594259183854,21.5888239890337,24.607883414952084,40.12922354461625,15.521340129664168
sarathi,long input short output,mistral_7b,10,2.0,0,2494,254,1.1228155388962475,14.581808048067614,15.704623586963862,15.704834936419502,0.0002113494556397
sarathi,long input short output,mistral_7b,10,2.0,1,6459,315,2.9113630501087755,18.281842266907915,21.19320531701669,22.24955981271341,1.0563544956967237
sarathi,long input short output,mistral_7b,10,2.0,2,3982,206,1.800067752134055,11.98572132899426,13.785789081128314,17.532010667957366,3.7462215868290514
sarathi,long input short output,mistral_7b,10,2.0,3,4458,81,2.127129254164174,4.693350503919646,6.82047975808382,12.18047191714868,5.359992159064859
sarathi,long input short output,mistral_7b,10,2.0,4,8713,183,4.111832005903125,10.719148379052058,14.830980384955184,21.59223793167621,6.761257546721026
sarathi,long input short output,mistral_7b,10,2.0,5,8829,109,4.275159537093714,6.391645845025778,10.666805382119492,20.915059570223093,10.2482541881036
sarathi,long input short output,mistral_7b,10,2.0,6,4193,66,2.000607085879892,3.847285971045494,5.847893056925386,19.199243798386306,13.35135074146092
sarathi,long input short output,mistral_7b,10,2.0,7,5619,409,2.7400775470305234,19.45345387607813,22.19353142310865,37.44159495923668,15.24806353612803
sarathi,long input short output,mistral_7b,10,2.0,8,3158,1,1.5268128921743482,0.0572814079932868,1.584094300167635,19.238102372502908,17.654008072335273
sarathi,long input short output,mistral_7b,10,2.0,9,6764,480,3.0757658628281206,21.627360323211175,24.7031261860393,43.81015261192806,19.10702642588876
sarathi,long input short output,mistral_7b,10,3.0,0,2494,254,1.06037048692815,14.141600375063716,15.201970861991867,15.20214983727783,0.0001789752859622
sarathi,long input short output,mistral_7b,10,3.0,1,6459,315,2.8966619570273906,17.757257726974785,20.653919684002176,21.646744445664808,0.9928247616626322
sarathi,long input short output,mistral_7b,10,3.0,2,3982,206,1.720534275053069,11.584981010993944,13.305515286047012,17.034297730540857,3.728782444493845
sarathi,long input short output,mistral_7b,10,3.0,3,4458,81,2.067528498824686,4.4760754611343145,6.543603959959,11.866093275370076,5.322489315411076
sarathi,long input short output,mistral_7b,10,3.0,4,8713,183,3.91564266406931,10.501762381056324,14.417405045125632,21.30749865435064,6.890093609225005
sarathi,long input short output,mistral_7b,10,3.0,5,8829,109,4.172685022000223,6.269717633025721,10.442402655025944,20.811224202392623,10.36882154736668
sarathi,long input short output,mistral_7b,10,3.0,6,4193,66,1.941834138939157,3.808802688028664,5.7506368269678205,19.48924475978129,13.738607932813466
sarathi,long input short output,mistral_7b,10,3.0,7,5619,409,2.698917014990002,19.55055556911975,22.249472584109757,37.84009503875859,15.590622454648836
sarathi,long input short output,mistral_7b,10,3.0,8,3158,1,1.5129144231323153,0.060502418782562,1.5734168419148773,19.62247242941521,18.04905558750033
sarathi,long input short output,mistral_7b,10,3.0,9,6764,480,3.093175429152325,21.75730370497331,24.850479134125635,44.34325386607088,19.492774731945246
sarathi,long input short output,mistral_7b,10,4.0,0,2494,254,1.06750836991705,14.635055833030492,15.702564202947542,15.702721637208017,0.0001574342604726
sarathi,long input short output,mistral_7b,10,4.0,1,6459,315,2.925564645091072,18.329474337864667,21.25503898295574,22.25919473543763,1.0041557524818927
sarathi,long input short output,mistral_7b,10,4.0,2,3982,206,1.829787409165874,12.01719574793242,13.846983157098292,17.637901721522212,3.790918564423919
sarathi,long input short output,mistral_7b,10,4.0,3,4458,81,2.140941018005833,4.700441230088472,6.841382248094305,12.340668986085802,5.499286737991497
sarathi,long input short output,mistral_7b,10,4.0,4,8713,183,4.131564057897776,10.708707503974438,14.840271561872214,22.08844391279854,7.248172350926325
sarathi,long input short output,mistral_7b,10,4.0,5,8829,109,4.261439235182479,6.392650291789323,10.654089526971802,21.690453513525423,11.036363986553624
sarathi,long input short output,mistral_7b,10,4.0,6,4193,66,2.0165157460141927,3.824950209120289,5.841465955134481,20.521579660708085,14.680113705573604
sarathi,long input short output,mistral_7b,10,4.0,7,5619,409,2.7108653360046446,19.46525600994937,22.176121345954016,38.78954309038818,16.613421744434163
sarathi,long input short output,mistral_7b,10,4.0,8,3158,1,1.5383337188977748,0.0576553579885512,1.595989076886326,20.721697217784826,19.125708140898496
sarathi,long input short output,mistral_7b,10,4.0,9,6764,480,3.092567692976445,21.705062867840752,24.7976305608172,45.39496936928481,20.59733880846761
sarathi,long input short output,mistral_7b,10,5.0,0,2494,254,1.0797089838888496,14.499142788117751,15.5788517720066,15.579019006574526,0.0001672345679253
sarathi,long input short output,mistral_7b,10,5.0,1,6459,315,2.9019012241624296,18.146075686905533,21.047976911067963,22.0652964937035,1.0173195826355368
sarathi,long input short output,mistral_7b,10,5.0,2,3982,206,1.8237336459569635,11.850030173081905,13.673763819038868,17.470075567951426,3.796311748912558
sarathi,long input short output,mistral_7b,10,5.0,3,4458,81,2.110733180772513,4.700158994179219,6.810892174951732,12.324312197742984,5.513420022791252
sarathi,long input short output,mistral_7b,10,5.0,4,8713,183,4.133042630041018,10.545228104107082,14.6782707341481,21.977979057235643,7.299708323087543
sarathi,long input short output,mistral_7b,10,5.0,5,8829,109,4.2011305370833725,6.304322629934177,10.50545316701755,21.63407831732184,11.128625150304288
sarathi,long input short output,mistral_7b,10,5.0,6,4193,66,1.9570619908627125,3.824467062018812,5.781529052881524,20.598961202427745,14.81743214954622
sarathi,long input short output,mistral_7b,10,5.0,7,5619,409,2.7095252559520304,19.333786718081683,22.043311974033717,38.74082572059706,16.697513746563345
sarathi,long input short output,mistral_7b,10,5.0,8,3158,1,1.5259751819539815,0.0620141809340566,1.5879893628880382,20.82560492563061,19.237615562742576
sarathi,long input short output,mistral_7b,10,5.0,9,6764,480,3.091478363145143,21.415172908920795,24.506651272065938,45.20388270029798,20.697231428232044
sarathi,long input short output,mistral_7b,10,6.0,0,2494,254,1.0804130909964442,14.53499222593382,15.615405316930264,15.61556961806491,0.0001643011346459
sarathi,long input short output,mistral_7b,10,6.0,1,6459,315,2.864405663916841,18.23505715606734,21.099462819984183,22.115290876943615,1.0158280569594351
sarathi,long input short output,mistral_7b,10,6.0,2,3982,206,1.8183276529889556,11.987946747103706,13.80627440009266,17.5747496902477,3.7684752901550382
sarathi,long input short output,mistral_7b,10,6.0,3,4458,81,2.1636218540370464,4.674751857062802,6.838373711099848,12.322702349862084,5.484328638762236
sarathi,long input short output,mistral_7b,10,6.0,4,8713,183,4.10625182883814,10.618411967996508,14.724663796834648,22.0830004112795,7.358336614444852
sarathi,long input short output,mistral_7b,10,6.0,5,8829,109,4.252425789134577,6.311091009993106,10.563516799127685,21.78236761270091,11.218850813573226
sarathi,long input short output,mistral_7b,10,6.0,6,4193,66,2.003018036019057,3.789944974007085,5.792963010026142,20.8342164864298,15.041253476403654
sarathi,long input short output,mistral_7b,10,6.0,7,5619,409,2.695797143969685,18.695935389027,21.391732532996684,38.3619048204273,16.970172287430614
sarathi,long input short output,mistral_7b,10,6.0,8,3158,1,1.499016380868852,0.0576042779721319,1.556620658840984,21.07412148779258,19.5175008289516
sarathi,long input short output,mistral_7b,10,6.0,9,6764,480,3.043532026000321,20.61442198092118,23.6579540069215,44.61153262061998,20.953578613698483
sarathi,long input short output,mistral_7b,10,7.0,0,2494,254,1.0559178341645747,14.301238070009276,15.357155904173853,15.3573269599583,0.0001710557844489
sarathi,long input short output,mistral_7b,10,7.0,1,6459,315,2.8703811920713638,17.903412766987458,20.77379395905882,21.75730740721337,0.9835134481545538
sarathi,long input short output,mistral_7b,10,7.0,2,3982,206,1.7867423600982877,11.728473169961944,13.515215530060232,17.267666509607807,3.752450979547575
sarathi,long input short output,mistral_7b,10,7.0,3,4458,81,2.089958915952593,4.600323579041287,6.69028249499388,12.13734193961136,5.44705944461748
sarathi,long input short output,mistral_7b,10,7.0,4,8713,183,4.024244910106063,10.454252402065322,14.478497312171385,21.766392478719357,7.287895166547969
sarathi,long input short output,mistral_7b,10,7.0,5,8829,109,4.182663212064654,6.223326586885378,10.405989798950031,21.49101678468287,11.08502698573284
sarathi,long input short output,mistral_7b,10,7.0,6,4193,66,1.959542036987841,3.759145017014816,5.7186870540026575,20.605778844561428,14.88709179055877
sarathi,long input short output,mistral_7b,10,7.0,7,5619,409,2.6672323490493,18.87865803693421,21.545890385983512,38.32261151587591,16.776721129892394
sarathi,long input short output,mistral_7b,10,7.0,8,3158,1,1.4917763359844685,0.0566200450994074,1.548396381083876,20.85722839948721,19.308832018403336
sarathi,long input short output,mistral_7b,10,7.0,9,6764,480,2.9849324440583587,21.23181104892865,24.216743492987007,44.95370570360683,20.736962210619826
sarathi,long input short output,mistral_7b,10,8.0,0,2494,254,1.0870201881043613,14.202633562032132,15.289653750136496,15.289831035071984,0.0001772849354892
sarathi,long input short output,mistral_7b,10,8.0,1,6459,315,2.84090016502887,17.76488595106639,20.60578611609526,21.63263772521168,1.02685160911642
sarathi,long input short output,mistral_7b,10,8.0,2,3982,206,1.7786568391602486,11.592280360870063,13.370937200030312,17.141107033239678,3.7701698332093656
sarathi,long input short output,mistral_7b,10,8.0,3,4458,81,2.08674339693971,4.5494610271416605,6.63620442408137,12.098616352071986,5.462411927990615
sarathi,long input short output,mistral_7b,10,8.0,4,8713,183,3.9801043798215687,10.39046279899776,14.370567178819329,21.69641853473149,7.325851355912164
sarathi,long input short output,mistral_7b,10,8.0,5,8829,109,4.136386698111892,6.195315606892109,10.331702305004,21.43934607761912,11.10764377261512
sarathi,long input short output,mistral_7b,10,8.0,6,4193,66,1.903713312000036,3.759662386029959,5.663375698029995,20.573648038320243,14.910272340290248
sarathi,long input short output,mistral_7b,10,8.0,7,5619,409,2.679963988950476,19.1422176680062,21.822181656956676,38.56503598578274,16.74285432882607
sarathi,long input short output,mistral_7b,10,8.0,8,3158,1,1.4831572819966825,0.0567364941816777,1.53989377617836,20.83736154087819,19.29746776469983
sarathi,long input short output,mistral_7b,10,8.0,9,6764,480,3.0673636000137776,21.22773842792958,24.29510202794336,45.01176141970791,20.71665939176455
sarathi,long input short output,mistral_7b,10,9.0,0,2494,254,1.0694262031465769,14.160697219893336,15.230123423039911,15.235907874070108,0.0057844510301947
sarathi,long input short output,mistral_7b,10,9.0,1,6459,315,2.88253108994104,17.714433081215248,20.596964171156287,21.605007360689346,1.0080431895330548
sarathi,long input short output,mistral_7b,10,9.0,2,3982,206,1.7478494211100042,11.556088545825332,13.303937966935337,17.102129978360608,3.798192011425272
sarathi,long input short output,mistral_7b,10,9.0,3,4458,81,2.002425797050819,4.559464056044817,6.561889853095636,12.023131439695137,5.461241586599499
sarathi,long input short output,mistral_7b,10,9.0,4,8713,183,3.9976167909335354,10.445378025993705,14.44299481692724,21.69930441491306,7.256309597985819
sarathi,long input short output,mistral_7b,10,9.0,5,8829,109,4.166167831979692,6.218705358915031,10.384873190894725,21.45399700943381,11.069123818539085
sarathi,long input short output,mistral_7b,10,9.0,6,4193,66,1.9086046798620373,3.7685183549765497,5.677123034838587,20.60767980688252,14.930556772043929
sarathi,long input short output,mistral_7b,10,9.0,7,5619,409,2.6689897631295025,18.93506172089837,21.60405148402788,38.374806894222274,16.770755410194397
sarathi,long input short output,mistral_7b,10,9.0,8,3158,1,1.5134090811479837,0.0557910569477826,1.5692001380957663,20.89092785748653,19.321727719390765
sarathi,long input short output,mistral_7b,10,9.0,9,6764,480,3.0552129859570414,21.13422630704008,24.18943929299712,44.96092938352376,20.77149009052664
sarathi,long input short output,mistral_7b,10,10.0,0,2494,254,1.0632720850408075,14.170481108129025,15.233753193169832,15.281636304454878,0.0478831112850457
sarathi,long input short output,mistral_7b,10,10.0,1,6459,315,2.899035478942096,17.72332177613862,20.622357255080715,21.67036482435651,1.0480075692757964
sarathi,long input short output,mistral_7b,10,10.0,2,3982,206,1.7506604630034417,11.560058051953092,13.310718514956534,17.171618101885542,3.860899586929008
sarathi,long input short output,mistral_7b,10,10.0,3,4458,81,2.0429814709350467,4.514604245079681,6.557585716014728,12.088687960524112,5.531102244509384
sarathi,long input short output,mistral_7b,10,10.0,4,8713,183,3.959062458947301,10.424057499039918,14.38311995798722,21.76581461913884,7.382694661151618
sarathi,long input short output,mistral_7b,10,10.0,5,8829,109,4.149377252906561,6.220647180918604,10.370024433825163,21.541018999181688,11.170994565356525
sarathi,long input short output,mistral_7b,10,10.0,6,4193,66,1.9276257308665663,3.767550161108375,5.695175891974941,20.73627666127868,15.04110076930374
sarathi,long input short output,mistral_7b,10,10.0,7,5619,409,2.6961344808805734,19.324792043073103,22.02092652395368,38.92255073785782,16.901624213904142
sarathi,long input short output,mistral_7b,10,10.0,8,3158,1,1.4805104041006416,0.0586754798423498,1.5391858839429915,21.02362751890905,19.48444163496606
sarathi,long input short output,mistral_7b,10,10.0,9,6764,480,3.050744171021506,21.34856728697196,24.399311457993463,45.301464301068336,20.902152843074877
sarathi,long input short output,mixtral_8x7b,1,1.0,0,2494,254,1.0563084471505135,11.386097910813987,12.4424063579645,12.442610203521326,0.0002038455568253
sarathi,long input short output,mixtral_8x7b,2,1.0,0,2494,254,1.0546704279258847,11.833263565087693,12.887933993013576,12.888148225611076,0.0002142325975
sarathi,long input short output,mixtral_8x7b,2,1.0,1,6459,315,2.7306837879586965,14.181931199040264,16.91261498699896,17.88848522072658,0.975870233727619
sarathi,long input short output,mixtral_8x7b,3,1.0,0,2494,254,1.0798593170475217,12.05804745410569,13.137906771153212,13.138175611849874,0.0002688406966626
sarathi,long input short output,mixtral_8x7b,3,1.0,1,6459,315,2.6927384838927537,14.43669348093681,17.129431964829564,18.13200242468156,1.002570459851995
sarathi,long input short output,mixtral_8x7b,3,1.0,2,3982,206,1.683479366125539,9.330413579940796,11.013892946066337,14.334523246623576,3.320630300557241
sarathi,long input short output,mixtral_8x7b,4,1.0,0,2494,254,1.0483759951312095,12.464932725997642,13.513308721128851,13.51350884884596,0.0002001277171075
sarathi,long input short output,mixtral_8x7b,4,1.0,1,6459,315,2.7078421991318464,14.886506303912029,17.594348503043875,18.566332285758108,0.9719837827142328
sarathi,long input short output,mixtral_8x7b,4,1.0,2,3982,206,1.6803653449751437,9.732543889898809,11.41290923487395,14.720264912582934,3.3073556777089834
sarathi,long input short output,mixtral_8x7b,4,1.0,3,4458,81,1.97196381399408,3.748688129009679,5.720651943003759,10.398830615915358,4.678178672911599
sarathi,long input short output,mixtral_8x7b,5,1.0,0,2494,254,1.0485403090715408,12.889590092003344,13.938130401074886,13.9384267188143,0.0002963177394121
sarathi,long input short output,mixtral_8x7b,5,1.0,1,6459,315,2.710693408967927,15.321181372040884,18.03187478100881,19.00542692886665,0.9735521478578448
sarathi,long input short output,mixtral_8x7b,5,1.0,2,3982,206,1.6740547330118716,10.158611045917496,11.832665778929368,15.142040271544827,3.3093744926154613
sarathi,long input short output,mixtral_8x7b,5,1.0,3,4458,81,1.925214797956869,4.151416026055813,6.076630824012682,10.75458770687692,4.677956882864237
sarathi,long input short output,mixtral_8x7b,5,1.0,4,8713,183,3.688517945818603,8.437230008188635,12.125747954007238,17.342206321191043,5.2164583671838045
sarathi,long input short output,mixtral_8x7b,6,1.0,0,2494,254,1.010837674839422,13.22445031721145,14.235287992050871,14.23549551377073,0.000207521719858
sarathi,long input short output,mixtral_8x7b,6,1.0,1,6459,315,2.620160019956529,15.688714370131493,18.30887439008802,19.24388905079104,0.9350146607030184
sarathi,long input short output,mixtral_8x7b,6,1.0,2,3982,206,1.6756950041744858,10.586832844885066,12.262527849059552,15.4446064515505,3.1820786024909467
sarathi,long input short output,mixtral_8x7b,6,1.0,3,4458,81,1.902817436028272,4.310080672847107,6.212898108875379,10.751370564801618,4.53847245592624
sarathi,long input short output,mixtral_8x7b,6,1.0,4,8713,183,3.780828051036224,8.7314862459898,12.512314297026023,17.566993558080867,5.054679261054844
sarathi,long input short output,mixtral_8x7b,6,1.0,5,8829,109,3.832957377191633,4.862806885968894,8.695764263160527,16.34704973339103,7.651285470230505
sarathi,long input short output,mixtral_8x7b,7,1.0,0,2494,254,1.0358369639143348,13.482693332014604,14.51853029592894,14.518816693685949,0.0002863977570086
sarathi,long input short output,mixtral_8x7b,7,1.0,1,6459,315,2.7126648789271712,16.2835728591308,18.99623773805797,19.95601423480548,0.9597764967475086
sarathi,long input short output,mixtral_8x7b,7,1.0,2,3982,206,1.7098362320102751,10.999353003920987,12.709189235931262,16.007342600496486,3.2981533645652235
sarathi,long input short output,mixtral_8x7b,7,1.0,3,4458,81,1.968467101920396,4.318561602151021,6.2870287040714175,10.990943111944944,4.703914407873526
sarathi,long input short output,mixtral_8x7b,7,1.0,4,8713,183,3.793114907806739,9.2054497289937,12.998564636800438,18.28419875493273,5.285634118132293
sarathi,long input short output,mixtral_8x7b,7,1.0,5,8829,109,3.8904774349648505,5.276466941926628,9.16694437689148,17.063120991224423,7.896176614332944
sarathi,long input short output,mixtral_8x7b,7,1.0,6,4193,66,1.8334788139909504,3.022196928970516,4.855675742961466,14.358081286773086,9.50240554381162
sarathi,long input short output,mixtral_8x7b,8,1.0,0,2494,254,0.9998364550992846,13.143294425914064,14.143130881013349,14.143393896520138,0.000263015506789
sarathi,long input short output,mixtral_8x7b,8,1.0,1,6459,315,2.605281783966348,16.26878862385638,18.874070407822728,19.79964512051083,0.9255747126881032
sarathi,long input short output,mixtral_8x7b,8,1.0,2,3982,206,1.6490311061497778,10.766202718950808,12.415233825100586,15.572652959497644,3.15741913439706
sarathi,long input short output,mixtral_8x7b,8,1.0,3,4458,81,1.925360435154289,4.235032207798213,6.160392642952502,10.660811438690873,4.500418795738369
sarathi,long input short output,mixtral_8x7b,8,1.0,4,8713,183,3.721053547924385,9.36675178189762,13.087805329822004,18.12623092485592,5.038425595033914
sarathi,long input short output,mixtral_8x7b,8,1.0,5,8829,109,3.835871105082333,5.502564944094047,9.33843604917638,16.903580730315298,7.565144681138918
sarathi,long input short output,mixtral_8x7b,8,1.0,6,4193,66,1.7783329249359667,3.31918787304312,5.097520797979087,14.218275228748098,9.120754430769011
sarathi,long input short output,mixtral_8x7b,8,1.0,7,5619,409,2.4513020131271333,17.89203997491859,20.34334198804572,31.097697485005483,10.75435549695976
sarathi,long input short output,mixtral_8x7b,9,1.0,0,2494,254,1.0092028609942645,13.01962272101082,14.028825582005084,14.02907311054878,0.0002475285436958
sarathi,long input short output,mixtral_8x7b,9,1.0,1,6459,315,2.604674643138424,16.2322914339602,18.836966077098623,19.7729739616625,0.9360078845638782
sarathi,long input short output,mixtral_8x7b,9,1.0,2,3982,206,1.6128961741924286,10.630652556894349,12.243548731086776,15.412644431460649,3.169095700373873
sarathi,long input short output,mixtral_8x7b,9,1.0,3,4458,81,1.89746912708506,4.258050619857386,6.155519746942446,10.632726514711976,4.47720676776953
sarathi,long input short output,mixtral_8x7b,9,1.0,4,8713,183,3.730971474200487,9.388754334999248,13.119725809199736,18.10682855104096,4.987102741841227
sarathi,long input short output,mixtral_8x7b,9,1.0,5,8829,109,3.721143233124167,5.618802759796381,9.339945992920548,16.874674952123314,7.534728959202766
sarathi,long input short output,mixtral_8x7b,9,1.0,6,4193,66,1.7610482058953494,3.406255772104487,5.167303977999836,14.146724857855588,8.979420879855752
sarathi,long input short output,mixtral_8x7b,9,1.0,7,5619,409,2.401104528922588,17.811449258122593,20.21255378704518,30.809040789026767,10.596487001981586
sarathi,long input short output,mixtral_8x7b,9,1.0,8,3158,1,1.3782381741330028,0.0524834308307617,1.4307216049637643,13.824252576567233,12.393530971603468
sarathi,long input short output,mixtral_8x7b,10,1.0,0,2494,254,1.0205105480272323,13.014410067116842,14.034920615144074,14.035292072687298,0.000371457543224
sarathi,long input short output,mixtral_8x7b,10,1.0,0,2494,254,1.0315830840263516,12.976739841047674,14.008322925074026,14.008505054749548,0.0001821296755224
sarathi,long input short output,mixtral_8x7b,10,1.0,1,6459,315,2.6393632660619915,16.29085297207348,18.930216238135472,19.873620447702702,0.943404209567234
sarathi,long input short output,mixtral_8x7b,10,1.0,1,6459,315,2.6183654100168496,16.14954180503264,18.76790721504949,19.72448358288966,0.9565763678401707
sarathi,long input short output,mixtral_8x7b,10,1.0,2,3982,206,1.5475861351005733,10.70838906778954,12.255975202890111,15.462655586423352,3.20668038353324
sarathi,long input short output,mixtral_8x7b,10,1.0,2,3982,206,1.5931608178652823,10.54291989794001,12.136080715805292,15.340062566567212,3.20398185076192
sarathi,long input short output,mixtral_8x7b,10,1.0,3,4458,81,1.895211589988321,4.221293789101765,6.116505379090086,10.566235290840268,4.449729911750183
sarathi,long input short output,mixtral_8x7b,10,1.0,3,4458,81,1.927567289909348,4.26338605908677,6.190953348996118,10.686767369974405,4.495814020978287
sarathi,long input short output,mixtral_8x7b,10,1.0,4,8713,183,3.693087665131316,9.577925639925525,13.27101330505684,18.230319411028177,4.959306105971336
sarathi,long input short output,mixtral_8x7b,10,1.0,4,8713,183,3.741157641168684,9.303808179916814,13.044965821085498,18.082112026168037,5.037146205082536
sarathi,long input short output,mixtral_8x7b,10,1.0,5,8829,109,3.820543642155826,5.705827602883801,9.526371245039629,16.996185302268714,7.469814057229087
sarathi,long input short output,mixtral_8x7b,10,1.0,5,8829,109,3.629514134954661,5.618405336048454,9.247919471003115,16.84410058753565,7.596181116532534
sarathi,long input short output,mixtral_8x7b,10,1.0,6,4193,66,1.7682471789885312,3.457353309961036,5.225600488949567,14.238443664740773,9.012843175791204
sarathi,long input short output,mixtral_8x7b,10,1.0,6,4193,66,1.6984223509207368,3.435691863065585,5.134114213986322,14.095372593030334,8.961258379044011
sarathi,long input short output,mixtral_8x7b,10,1.0,7,5619,409,2.449869647854939,18.728935755090788,21.178805402945727,31.818439783062782,10.63963438011706
sarathi,long input short output,mixtral_8x7b,10,1.0,7,5619,409,2.4454432679340243,18.42076565301977,20.866208920953795,31.38215107913129,10.515942158177497
sarathi,long input short output,mixtral_8x7b,10,1.0,8,3158,1,1.3785597721580416,0.0511052638757973,1.429665036033839,13.915905268630013,12.486240232596174
sarathi,long input short output,mixtral_8x7b,10,1.0,8,3158,1,1.3606834830716252,0.0518037739675492,1.4124872570391744,13.770659098867329,12.358171841828153
sarathi,long input short output,mixtral_8x7b,10,1.0,9,6764,480,2.799928297987208,21.162781382910907,23.962709680898115,37.744866635417566,13.78215695451945
sarathi,long input short output,mixtral_8x7b,10,1.0,9,6764,480,2.8151846339460462,20.7513242890127,23.566508922958747,37.201439432566985,13.63493050960824
sarathi,long input short output,mixtral_8x7b,10,2.0,0,2494,254,1.0205878489650786,13.34452724806033,14.36511509702541,14.365337499417365,0.0002224023919552
sarathi,long input short output,mixtral_8x7b,10,2.0,1,6459,315,2.6995216058567166,16.56799561600201,19.267517221858725,20.224085330730304,0.9565681088715792
sarathi,long input short output,mixtral_8x7b,10,2.0,2,3982,206,1.6894678499083966,10.861405023140833,12.55087287304923,15.99477254692465,3.4438996738754213
sarathi,long input short output,mixtral_8x7b,10,2.0,3,4458,81,1.9298162038903683,4.262370750075206,6.192186953965575,11.148220468079671,4.956033514114097
sarathi,long input short output,mixtral_8x7b,10,2.0,4,8713,183,3.740058487979695,9.63857128098607,13.378629768965766,19.54397072759457,6.165340958628804
sarathi,long input short output,mixtral_8x7b,10,2.0,5,8829,109,3.8642796860076487,5.717032243032008,9.581311929039655,18.8702457731124,9.288933844072744
sarathi,long input short output,mixtral_8x7b,10,2.0,6,4193,66,1.8046686789020896,3.40949364611879,5.21416232502088,17.199600918451324,11.985438593430445
sarathi,long input short output,mixtral_8x7b,10,2.0,7,5619,409,2.4196707520168275,18.91564869391732,21.335319445934147,35.025954018114135,13.690634572179988
sarathi,long input short output,mixtral_8x7b,10,2.0,8,3158,1,1.378135466016829,0.0504927521105855,1.4286282181274146,17.211239690426737,15.782611472299322
sarathi,long input short output,mixtral_8x7b,10,2.0,9,6764,480,2.829106176039204,21.52408489305526,24.353191069094464,41.44520902587101,17.092017956776544
sarathi,long input short output,mixtral_8x7b,10,3.0,0,2494,254,1.0243885291274637,13.065479453885928,14.089867983013391,14.162548918277023,0.0726809352636337
sarathi,long input short output,mixtral_8x7b,10,3.0,1,6459,315,2.6385550301056355,16.353569444967434,18.99212447507307,20.030985737917945,1.0388612628448757
sarathi,long input short output,mixtral_8x7b,10,3.0,2,3982,206,1.6632486791349947,10.626063250005243,12.28931192914024,15.807251279707998,3.517939350567758
sarathi,long input short output,mixtral_8x7b,10,3.0,3,4458,81,1.9087783410213888,4.14568920317106,6.054467544192448,11.098615953465924,5.044148409273475
sarathi,long input short output,mixtral_8x7b,10,3.0,4,8713,183,3.631712639005855,9.57090070284903,13.202613341854883,19.659869227325544,6.4572558854706585
sarathi,long input short output,mixtral_8x7b,10,3.0,5,8829,109,3.7986353179439902,5.721683162963018,9.520318480907008,19.178169769467782,9.657851288560778
sarathi,long input short output,mixtral_8x7b,10,3.0,6,4193,66,1.7559763141907752,3.4837976219132543,5.239773936104029,17.901810210896656,12.662036274792628
sarathi,long input short output,mixtral_8x7b,10,3.0,7,5619,409,2.4650287108961493,18.81275316211395,21.2777818730101,35.6138997587841,14.336117885774
sarathi,long input short output,mixtral_8x7b,10,3.0,8,3158,1,1.3904923528898507,0.0520544841419905,1.4425468370318413,18.008530211634934,16.565983374603093
sarathi,long input short output,mixtral_8x7b,10,3.0,9,6764,480,2.8029336070176214,21.25536371488124,24.058297321898863,41.95358897908591,17.895291657187045
sarathi,long input short output,mixtral_8x7b,10,4.0,0,2494,254,1.0496468720957637,13.283018244896084,14.332665116991848,14.466860589338468,0.1341954723466187
sarathi,long input short output,mixtral_8x7b,10,4.0,1,6459,315,2.6738023289944977,16.64599319593981,19.319795524934307,20.446178360609338,1.126382835675031
sarathi,long input short output,mixtral_8x7b,10,4.0,2,3982,206,1.670603082049638,10.874117746949196,12.544720828998834,16.212025148561224,3.6673043195623904
sarathi,long input short output,mixtral_8x7b,10,4.0,3,4458,81,1.911553079960868,4.259215787053108,6.170768867013976,11.391545989084989,5.220777122071013
sarathi,long input short output,mixtral_8x7b,10,4.0,4,8713,183,3.725510420976207,9.760659765917808,13.486170186894014,20.233412487898025,6.747242301004008
sarathi,long input short output,mixtral_8x7b,10,4.0,5,8829,109,3.9063963419757775,5.801906073000282,9.70830241497606,19.84505588980392,10.136753474827856
sarathi,long input short output,mixtral_8x7b,10,4.0,6,4193,66,1.814434272935614,3.502931534079835,5.317365807015449,18.751200352795426,13.433834545779971
sarathi,long input short output,mixtral_8x7b,10,4.0,7,5619,409,2.5120224819984287,18.669039285974577,21.18106176797301,36.353795318631455,15.17273355065845
sarathi,long input short output,mixtral_8x7b,10,4.0,8,3158,1,1.3690723609179258,0.0512532410211861,1.420325601939112,18.913444596808404,17.493118994869292
sarathi,long input short output,mixtral_8x7b,10,4.0,9,6764,480,2.8409720938652754,21.186175217153504,24.02714731101878,42.82913870550692,18.80199139448814
sarathi,long input short output,mixtral_8x7b,10,5.0,0,2494,254,1.0496064508333802,13.46780420700088,14.517410657834262,14.713156760437414,0.1957461026031524
sarathi,long input short output,mixtral_8x7b,10,5.0,1,6459,315,2.681972502963617,16.866373881930485,19.548346384894103,20.73880409169942,1.1904577068053186
sarathi,long input short output,mixtral_8x7b,10,5.0,2,3982,206,1.6565429458860308,11.029793789144604,12.686336735030636,16.441927265143022,3.7555905301123857
sarathi,long input short output,mixtral_8x7b,10,5.0,3,4458,81,1.9621841812040657,4.341927006840706,6.304111188044772,11.612970663700253,5.308859475655481
sarathi,long input short output,mixtral_8x7b,10,5.0,4,8713,183,3.814130777958781,9.873840775107965,13.687971553066744,20.636359483236447,6.948387930169702
sarathi,long input short output,mixtral_8x7b,10,5.0,5,8829,109,3.939439225010574,5.877392397960648,9.816831622971222,20.30066078249365,10.483829159522427
sarathi,long input short output,mixtral_8x7b,10,5.0,6,4193,66,1.8145889199804517,3.564948396990076,5.379537316970527,19.30196377052925,13.922426453558728
sarathi,long input short output,mixtral_8x7b,10,5.0,7,5619,409,2.5644845401402563,18.62204412999563,21.186528670135885,36.84394876961596,15.657420099480078
sarathi,long input short output,mixtral_8x7b,10,5.0,8,3158,1,1.389082052046433,0.055798449087888,1.444880501134321,19.50274882884696,18.05786832771264
sarathi,long input short output,mixtral_8x7b,10,5.0,9,6764,480,2.880791560048237,21.043746168958023,23.92453772900626,43.313611704390496,19.389073975384235
sarathi,long input short output,mixtral_8x7b,10,6.0,0,2494,254,1.050596479093656,13.199185277801009,14.249781756894665,14.501123704947531,0.2513419480528682
sarathi,long input short output,mixtral_8x7b,10,6.0,1,6459,315,2.7155636711977422,16.391727175796404,19.107290846994147,20.354043377796188,1.2467525308020413
sarathi,long input short output,mixtral_8x7b,10,6.0,2,3982,206,1.6574040160048753,10.717344691045582,12.374748707050458,16.229383770143613,3.854635063093156
sarathi,long input short output,mixtral_8x7b,10,6.0,3,4458,81,1.910871157888323,4.224276171065867,6.13514732895419,11.55299631669186,5.417848987737671
sarathi,long input short output,mixtral_8x7b,10,6.0,4,8713,183,3.720961974002421,9.53422699100338,13.2551889650058,20.31080227135681,7.055613306351006
sarathi,long input short output,mixtral_8x7b,10,6.0,5,8829,109,3.778959783026949,5.700524942018092,9.47948472504504,20.013783370610327,10.534298645565286
sarathi,long input short output,mixtral_8x7b,10,6.0,6,4193,66,1.7918484818655998,3.4259514149744064,5.217799896840006,19.1014358883258,13.88363599148579
sarathi,long input short output,mixtral_8x7b,10,6.0,7,5619,409,2.443189554847777,18.81787918903865,21.261068743886423,36.86756890034303,15.606500156456605
sarathi,long input short output,mixtral_8x7b,10,6.0,8,3158,1,1.353199562989175,0.0531969221774488,1.4063964851666242,19.316087463870645,17.90969097870402
sarathi,long input short output,mixtral_8x7b,10,6.0,9,6764,480,2.8314270400442183,21.35396647406742,24.18539351411164,43.38997718668543,19.20458367257379
sarathi,long input short output,mixtral_8x7b,10,7.0,0,2494,254,1.0241671069525182,13.000915606040508,14.025082712993026,14.251437208848074,0.2263544958550483
sarathi,long input short output,mixtral_8x7b,10,7.0,1,6459,315,2.652817837893963,16.131196707021445,18.784014544915408,19.98138049710542,1.1973659521900115
sarathi,long input short output,mixtral_8x7b,10,7.0,2,3982,206,1.6165003119967878,10.526167844887825,12.14266815688461,15.895867033395916,3.7531988765113056
sarathi,long input short output,mixtral_8x7b,10,7.0,3,4458,81,1.9068945860490203,4.163881541928276,6.070776127977297,11.35150492656976,5.280728798592463
sarathi,long input short output,mixtral_8x7b,10,7.0,4,8713,183,3.646675813943148,9.387528395047411,13.03420420899056,19.97824596054852,6.944041751557961
sarathi,long input short output,mixtral_8x7b,10,7.0,5,8829,109,3.721924683079124,5.61423344607465,9.336158129153771,19.711563352728263,10.37540522357449
sarathi,long input short output,mixtral_8x7b,10,7.0,6,4193,66,1.724923291010782,3.4093032230157405,5.134226514026523,18.861477776430547,13.727251262404025
sarathi,long input short output,mixtral_8x7b,10,7.0,7,5619,409,2.425564215052873,18.687642928911373,21.11320714396425,36.49958574469201,15.386378600727769
sarathi,long input short output,mixtral_8x7b,10,7.0,8,3158,1,1.3485595469828695,0.0519799590110778,1.4005395059939474,19.08260309835896,17.68206359236501
sarathi,long input short output,mixtral_8x7b,10,7.0,9,6764,480,2.814811601070687,21.215408444870263,24.03022004594095,43.00621980149299,18.97599975555204
sarathi,long input short output,mixtral_8x7b,10,8.0,0,2494,254,1.0564660038799047,13.23631602106616,14.292782024946064,14.580184723017735,0.2874026980716735
sarathi,long input short output,mixtral_8x7b,10,8.0,1,6459,315,2.6904398680198938,16.47237885883078,19.162818726850677,20.45209454302676,1.2892758161760869
sarathi,long input short output,mixtral_8x7b,10,8.0,2,3982,206,1.6730081231798977,10.743650618940592,12.41665874212049,16.304555288283154,3.887896546162665
sarathi,long input short output,mixtral_8x7b,10,8.0,3,4458,81,1.9350326210260391,4.192654036916792,6.127686657942832,11.604326363885775,5.476639705942944
sarathi,long input short output,mixtral_8x7b,10,8.0,4,8713,183,3.681193587137386,9.613044833065942,13.294238420203328,20.485944012878463,7.191705592675135
sarathi,long input short output,mixtral_8x7b,10,8.0,5,8829,109,3.827869397122413,5.728569434955716,9.556438832078127,20.23456625570543,10.678127423627302
sarathi,long input short output,mixtral_8x7b,10,8.0,6,4193,66,1.7816761028952897,3.4600845919921994,5.241760694887489,19.41758854221553,14.175827847328035
sarathi,long input short output,mixtral_8x7b,10,8.0,7,5619,409,2.4584682411514223,18.885167510947213,21.343635752098635,37.23897297680378,15.895337224705145
sarathi,long input short output,mixtral_8x7b,10,8.0,8,3158,1,1.362625852925703,0.0530228330753743,1.4156486860010773,19.65998485381715,18.244336167816076
sarathi,long input short output,mixtral_8x7b,10,8.0,9,6764,480,2.847426618915051,21.27231005905196,24.11973667796701,43.66903972066939,19.549303042702377
sarathi,long input short output,mixtral_8x7b,10,9.0,0,2494,254,0.9835488400422036,13.311941300984472,14.295490141026676,14.497263509081677,0.2017733680550009
sarathi,long input short output,mixtral_8x7b,10,9.0,1,6459,315,2.724307988071814,16.60377623490058,19.328084222972397,20.46066317660734,1.1325789536349475
sarathi,long input short output,mixtral_8x7b,10,9.0,2,3982,206,1.6636510810349137,10.861735900864003,12.52538698189892,16.292584392474964,3.7671974105760455
sarathi,long input short output,mixtral_8x7b,10,9.0,3,4458,81,1.9158997079357505,4.275961382081732,6.191861090017483,11.542625452857465,5.350764362839982
sarathi,long input short output,mixtral_8x7b,10,9.0,4,8713,183,3.750010316958651,9.700359096052123,13.450369413010776,20.517487466102462,7.06711805309169
sarathi,long input short output,mixtral_8x7b,10,9.0,5,8829,109,3.867087638936937,5.778845789143816,9.645933428080752,20.28542593261227,10.639492504531518
sarathi,long input short output,mixtral_8x7b,10,9.0,6,4193,66,1.8014149281661958,3.5010583829134703,5.302473311079666,19.504504804033783,14.20203149295412
sarathi,long input short output,mixtral_8x7b,10,9.0,7,5619,409,2.5014465178828686,18.802367685129862,21.30381420301273,37.24536256538704,15.941548362374306
sarathi,long input short output,mixtral_8x7b,10,9.0,8,3158,1,1.3706699670292437,0.0525545449927449,1.4232245120219886,19.752150237560272,18.328925725538284
sarathi,long input short output,mixtral_8x7b,10,9.0,9,6764,480,2.8537637710105628,21.347488715080544,24.201252486091107,43.84352428675629,19.642271800665185
sarathi,long input short output,mixtral_8x7b,10,10.0,0,2494,254,1.0634518850129098,13.35362542211078,14.41707730712369,14.717839100398123,0.3007617932744324
sarathi,long input short output,mixtral_8x7b,10,10.0,1,6459,315,2.693470438942313,16.643676340114325,19.33714677905664,20.646488360362127,1.309341581305489
sarathi,long input short output,mixtral_8x7b,10,10.0,2,3982,206,1.6729128898587078,10.892059169942511,12.56497205980122,16.48254780471325,3.917575744912028
sarathi,long input short output,mixtral_8x7b,10,10.0,3,4458,81,1.945208796998486,4.254579187836498,6.199787984834984,11.71199837536551,5.512210390530527
sarathi,long input short output,mixtral_8x7b,10,10.0,4,8713,183,3.698155662976205,9.76041891798377,13.458574580959976,20.72806200897321,7.269487428013235
sarathi,long input short output,mixtral_8x7b,10,10.0,5,8829,109,3.9302722420543432,5.775466847931966,9.70573908998631,20.506646772148088,10.800907682161778
sarathi,long input short output,mixtral_8x7b,10,10.0,6,4193,66,1.8030410530045629,3.4785144799388945,5.281555532943457,19.738786660134792,14.457231127191337
sarathi,long input short output,mixtral_8x7b,10,10.0,7,5619,409,2.4695243751630187,18.6519990679808,21.12152344314381,37.31852240790613,16.196998964762315
sarathi,long input short output,mixtral_8x7b,10,10.0,8,3158,1,1.3882278241217136,0.0544520588591694,1.4426798829808831,20.000257985899225,18.55757810291834
sarathi,long input short output,mixtral_8x7b,10,10.0,9,6764,480,2.8653418791946024,21.17387132882141,24.039213208016008,43.9283052359242,19.88909202790819
sarathi,long input short output,qwen_7b,1,1.0,0,2494,254,1.0950783309526742,11.24936059419997,12.344438925152645,12.34467909275554,0.0002401676028966
sarathi,long input short output,qwen_7b,2,1.0,0,2494,254,1.101747778011486,12.398035594029352,13.499783372040838,13.500035180710256,0.000251808669418
sarathi,long input short output,qwen_7b,2,1.0,1,6459,315,2.954221972031519,14.537003707140684,17.491225679172203,18.502414895920083,1.01118921674788
sarathi,long input short output,qwen_7b,3,1.0,0,2494,254,1.0924733011052012,12.866313685895877,13.958786987001076,13.95904159755446,0.0002546105533838
sarathi,long input short output,qwen_7b,3,1.0,1,6459,315,2.924826347036287,15.092524240957571,18.01735058799386,19.025082404725254,1.0077318167313931
sarathi,long input short output,qwen_7b,3,1.0,2,3982,206,1.8325574800837785,9.788517240900546,11.621074720984325,15.174055544426665,3.55298082344234
sarathi,long input short output,qwen_7b,4,1.0,0,2494,254,1.0096718270797282,13.314048216911033,14.32372004399076,14.323992071673274,0.0002720276825129
sarathi,long input short output,qwen_7b,4,1.0,1,6459,315,2.902463397011161,15.3789788170252,18.28144221403636,19.21610133163631,0.9346591175999492
sarathi,long input short output,qwen_7b,4,1.0,2,3982,206,1.8236727670300752,10.207791229942814,12.031463996972889,15.489246947458014,3.457782950485125
sarathi,long input short output,qwen_7b,4,1.0,3,4458,81,2.438599763903767,3.8569087791256607,6.295508543029428,11.266430493909866,4.970921950880438
sarathi,long input short output,qwen_7b,5,1.0,0,2494,254,1.0850645080208778,14.151891524903476,15.236956032924354,15.237277098698542,0.0003210657741874
sarathi,long input short output,qwen_7b,5,1.0,1,6459,315,3.208298086887225,16.176490467973053,19.38478855486028,20.385897256666794,1.0011087018065157
sarathi,long input short output,qwen_7b,5,1.0,2,3982,206,1.8063517790287733,10.861597061855718,12.667948840884492,16.497933275531977,3.8299844346474856
sarathi,long input short output,qwen_7b,5,1.0,3,4458,81,2.130579215008765,4.575605825055391,6.706185040064156,12.030711536994204,5.324526496930048
sarathi,long input short output,qwen_7b,5,1.0,4,8713,183,4.112060874002054,8.536605503875762,12.648666377877817,18.70848330599256,6.059816928114742
sarathi,long input short output,qwen_7b,6,1.0,0,2494,254,1.0878799110651016,14.722431873902678,15.81031178496778,15.810583153739572,0.0002713687717914
sarathi,long input short output,qwen_7b,6,1.0,1,6459,315,2.889174848096445,17.256681388942525,20.14585623703897,21.148555387742817,1.0026991507038474
sarathi,long input short output,qwen_7b,6,1.0,2,3982,206,1.8164179341401905,11.816384007921442,13.632801942061633,17.144666113657877,3.511864171596244
sarathi,long input short output,qwen_7b,6,1.0,3,4458,81,2.122624607058242,4.788744800025597,6.911369407083839,11.92822846211493,5.016859055031091
sarathi,long input short output,qwen_7b,6,1.0,4,8713,183,4.186912829056382,9.550292768049983,13.737205597106367,19.48280698619783,5.745601389091462
sarathi,long input short output,qwen_7b,6,1.0,5,8829,109,4.363933627959341,5.148547816090286,9.512481444049628,18.25721111241728,8.744729668367654
sarathi,long input short output,qwen_7b,7,1.0,0,2494,254,1.0750351648312062,14.41562010999769,15.490655274828896,15.490851231617851,0.0001959567889571
sarathi,long input short output,qwen_7b,7,1.0,1,6459,315,2.82182847103104,17.29799326392822,20.11982173495926,21.113186954753477,0.9933652197942138
sarathi,long input short output,qwen_7b,7,1.0,2,3982,206,1.8013549430761486,11.883390674833208,13.684745617909355,17.124029810540378,3.439284192631021
sarathi,long input short output,qwen_7b,7,1.0,3,4458,81,2.0534133778419346,4.688514294102788,6.7419276719447225,11.669534693937749,4.927607021993026
sarathi,long input short output,qwen_7b,7,1.0,4,8713,183,4.099172900198028,9.75780963897705,13.856982539175078,19.446199789177623,5.589217250002548
sarathi,long input short output,qwen_7b,7,1.0,5,8829,109,4.282682392047718,5.440333720063791,9.723016112111509,18.22153937839903,8.49852326628752
sarathi,long input short output,qwen_7b,7,1.0,6,4193,66,1.9775174160022289,3.0528750880621374,5.030392504064366,15.524488111957908,10.49409560789354
sarathi,long input short output,qwen_7b,8,1.0,0,2494,254,1.0901656539645046,14.792936742072923,15.88310239603743,15.883352936711162,0.0002505406737327
sarathi,long input short output,qwen_7b,8,1.0,1,6459,315,2.93420830485411,18.27229090919718,21.20649921405129,22.21367122675292,1.0071720127016306
sarathi,long input short output,qwen_7b,8,1.0,2,3982,206,1.8661676479969171,12.143595710862428,14.009763358859344,17.568739770445973,3.558976411586628
sarathi,long input short output,qwen_7b,8,1.0,3,4458,81,2.132357740076259,4.757048219908029,6.889405959984288,12.004005764843896,5.114599804859608
sarathi,long input short output,qwen_7b,8,1.0,4,8713,183,4.153491549892351,10.541404521092772,14.694896070985124,20.54704097402282,5.852144903037697
sarathi,long input short output,qwen_7b,8,1.0,5,8829,109,4.366035326849669,6.140014879172668,10.506050206022335,19.32242413936183,8.816373933339491
sarathi,long input short output,qwen_7b,8,1.0,6,4193,66,2.0278693141881377,3.701511026825756,5.7293803410138935,16.62378651672043,10.894406175706536
sarathi,long input short output,qwen_7b,8,1.0,7,5619,409,2.7986136090476066,18.366091168951243,21.16470477799885,33.936850239057094,12.772145461058244
sarathi,long input short output,qwen_7b,9,1.0,0,2494,254,0.9847103389911354,14.161998822819442,15.146709161810575,15.14684832864441,0.0001391668338328
sarathi,long input short output,qwen_7b,9,1.0,1,6459,315,2.795853140996769,18.075385774951428,20.8712389159482,21.77355832979083,0.9023194138426334
sarathi,long input short output,qwen_7b,9,1.0,2,3982,206,1.650985145941377,11.869165541836992,13.520150687778369,16.836788227548823,3.316637539770454
sarathi,long input short output,qwen_7b,9,1.0,3,4458,81,2.0386224309913814,4.625843232963234,6.664465663954616,11.337951361900195,4.67348569794558
sarathi,long input short output,qwen_7b,9,1.0,4,8713,183,4.039637865964323,10.73711273400113,14.776750599965451,20.09650805708952,5.319757457124069
sarathi,long input short output,qwen_7b,9,1.0,5,8829,109,4.273739545140415,6.42978663998656,10.703526185126975,18.874786485452205,8.17126030032523
sarathi,long input short output,qwen_7b,9,1.0,6,4193,66,2.030291252071038,3.922646967926994,5.952938219998032,16.11252216482535,10.159583944827318
sarathi,long input short output,qwen_7b,9,1.0,7,5619,409,2.792034219950437,18.85402780608274,21.646062026033174,33.68451947113499,12.038457445101812
sarathi,long input short output,qwen_7b,9,1.0,8,3158,1,1.5457400060258806,0.0468757438939064,1.592615749919787,15.813262263778595,14.22064651385881
sarathi,long input short output,qwen_7b,10,1.0,0,2494,254,1.0685139189008623,14.23491308791563,15.303427006816491,15.303629644680768,0.0002026378642767
sarathi,long input short output,qwen_7b,10,1.0,0,2494,254,1.1055614380165937,14.585276186000556,15.69083762401715,15.691040735691786,0.0002031116746366
sarathi,long input short output,qwen_7b,10,1.0,1,6459,315,2.834536065114662,17.986224305815995,20.820760370930657,21.805057012708858,0.9842966417782008
sarathi,long input short output,qwen_7b,10,1.0,1,6459,315,2.909892152994871,18.450607175938785,21.360499328933656,22.381656048586592,1.021156719652936
sarathi,long input short output,qwen_7b,10,1.0,2,3982,206,1.767091325018555,11.726638659834862,13.493729984853417,16.93481180164963,3.4410818167962134
sarathi,long input short output,qwen_7b,10,1.0,2,3982,206,1.7906503430567682,12.01839803205803,13.8090483751148,17.361494534648955,3.5524461595341563
sarathi,long input short output,qwen_7b,10,1.0,3,4458,81,2.0358539461158216,4.590802595950663,6.626656542066485,11.524058307055384,4.897401764988899
sarathi,long input short output,qwen_7b,10,1.0,3,4458,81,2.087726272875443,4.722839512163773,6.810565785039216,11.842133468948305,5.031567683909088
sarathi,long input short output,qwen_7b,10,1.0,4,8713,183,3.999722204869613,10.649132440099493,14.648854644969106,20.18940555723384,5.540550912264735
sarathi,long input short output,qwen_7b,10,1.0,4,8713,183,4.134981262031943,10.916768196038902,15.051749458070844,20.77706591808237,5.725316460011527
sarathi,long input short output,qwen_7b,10,1.0,5,8829,109,4.2403049019631,6.351228765910491,10.591533667873591,18.9444978593383,8.352964191464707
sarathi,long input short output,qwen_7b,10,1.0,5,8829,109,4.307919900165871,6.541567691834644,10.849487592000514,19.523976848227903,8.674489256227389
sarathi,long input short output,qwen_7b,10,1.0,6,4193,66,1.9747373389545828,3.839277071179822,5.814014410134405,16.121719734044746,10.30770532391034
sarathi,long input short output,qwen_7b,10,1.0,6,4193,66,2.0205274149775505,3.9733040321152657,5.993831447092816,16.69092948688194,10.697098039789124
sarathi,long input short output,qwen_7b,10,1.0,7,5619,409,2.71797061804682,19.301955845905468,22.019926463952288,34.15279949712567,12.132873033173382
sarathi,long input short output,qwen_7b,10,1.0,7,5619,409,2.8148016738705337,19.78349844296463,22.59830011683516,35.155294195981696,12.556994079146534
sarathi,long input short output,qwen_7b,10,1.0,8,3158,1,1.539459991035983,0.0592648980673402,1.5987248891033232,15.841527082957327,14.242802193854004
sarathi,long input short output,qwen_7b,10,1.0,8,3158,1,1.597312350058928,0.0589006470981985,1.6562129971571269,16.41865513077937,14.762442133622244
sarathi,long input short output,qwen_7b,10,1.0,9,6764,480,3.012521541211754,21.5193476958666,24.531869237078357,40.22308430960402,15.691215072525663
sarathi,long input short output,qwen_7b,10,1.0,9,6764,480,3.149075330933556,21.867889222921804,25.01696455385536,41.28438745741733,16.267422903561965
sarathi,long input short output,qwen_7b,10,2.0,0,2494,254,1.0995381609536707,14.444837098009884,15.544375258963557,15.544540165225044,0.0001649062614887
sarathi,long input short output,qwen_7b,10,2.0,1,6459,315,2.8900650460273027,18.3392030778341,21.2292681238614,22.258998626610264,1.029730502748862
sarathi,long input short output,qwen_7b,10,2.0,2,3982,206,1.7364298740867523,11.962650291854516,13.699080165941268,17.402612851699814,3.703532685758546
sarathi,long input short output,qwen_7b,10,2.0,3,4458,81,2.06115173897706,4.676199730951339,6.737351469928399,11.994864878011867,5.257513408083469
sarathi,long input short output,qwen_7b,10,2.0,4,8713,183,4.086568315047771,10.92549796309322,15.012066278140992,21.60416443669237,6.59209815855138
sarathi,long input short output,qwen_7b,10,2.0,5,8829,109,4.31571504380554,6.550787496147677,10.866502539953215,20.921540501061827,10.05503796110861
sarathi,long input short output,qwen_7b,10,2.0,6,4193,66,2.0329662419389933,3.980353666935116,6.013319908874109,19.20875839027576,13.195438481401652
sarathi,long input short output,qwen_7b,10,2.0,7,5619,409,2.83055118098855,19.85228854813613,22.68283972912468,37.80561713920906,15.122777410084382
sarathi,long input short output,qwen_7b,10,2.0,8,3158,1,1.5711383279412985,0.0578625630587339,1.6290008910000324,19.24691342841834,17.617912537418306
sarathi,long input short output,qwen_7b,10,2.0,9,6764,480,3.1302821510471404,22.121512518962845,25.251794670009986,44.36262730974704,19.11083263973705
sarathi,long input short output,qwen_7b,10,3.0,0,2494,254,1.0866957511752844,14.360197165980937,15.44689291715622,15.55620627827011,0.109313361113891
sarathi,long input short output,qwen_7b,10,3.0,1,6459,315,2.788174766115844,18.349318956956267,21.13749372307211,22.264728035777807,1.1272343127056956
sarathi,long input short output,qwen_7b,10,3.0,2,3982,206,1.7724712199997157,11.93937620590441,13.711847425904123,17.464518242515624,3.7526708166114986
sarathi,long input short output,qwen_7b,10,3.0,3,4458,81,2.0546774468384683,4.68890098715201,6.743578433990479,12.124203639337791,5.3806252053473145
sarathi,long input short output,qwen_7b,10,3.0,4,8713,183,4.081483155954629,10.90493923611939,14.98642239207402,21.917891858378425,6.931469466304407
sarathi,long input short output,qwen_7b,10,3.0,5,8829,109,4.316587107023224,6.537106310017407,10.853693417040631,21.428544835420325,10.574851418379694
sarathi,long input short output,qwen_7b,10,3.0,6,4193,66,2.029365079011768,3.95702650398016,5.986391582991928,20.074142227880657,14.087750644888729
sarathi,long input short output,qwen_7b,10,3.0,7,5619,409,2.802575760986656,19.506969715934247,22.309545476920903,38.334170589689165,16.024625112768263
sarathi,long input short output,qwen_7b,10,3.0,8,3158,1,1.590364985866472,0.0626779911108315,1.6530429769773036,20.237244768533856,18.584201791556552
sarathi,long input short output,qwen_7b,10,3.0,9,6764,480,3.0629419130273163,21.616217330098152,24.67915924312547,44.783227229025215,20.104067985899743
sarathi,long input short output,qwen_7b,10,4.0,0,2494,254,1.1059653980191797,14.43243518914096,15.53840058716014,15.701569470344111,0.163168883183971
sarathi,long input short output,qwen_7b,10,4.0,1,6459,315,2.867172772996128,18.26171226100996,21.12888503400609,22.332627887371927,1.2037428533658383
sarathi,long input short output,qwen_7b,10,4.0,2,3982,206,1.7749124681577086,11.900160713819789,13.675073181977496,17.606807174393907,3.931733992416412
sarathi,long input short output,qwen_7b,10,4.0,3,4458,81,2.067401541862637,4.7022090691607445,6.769610611023381,12.35502541810274,5.58541480707936
sarathi,long input short output,qwen_7b,10,4.0,4,8713,183,4.112836934858933,10.773931876989082,14.886768811848016,22.148934456752613,7.262165644904599
sarathi,long input short output,qwen_7b,10,4.0,5,8829,109,4.251811418915168,6.464459678856656,10.716271097771823,21.750526261515915,11.034255163744092
sarathi,long input short output,qwen_7b,10,4.0,6,4193,66,1.997168064117432,3.930729398969561,5.9278974630869925,20.597072195727375,14.669174732640386
sarathi,long input short output,qwen_7b,10,4.0,7,5619,409,2.7771869769785558,19.38398336293176,22.161170339910317,38.744748880388215,16.5835785404779
sarathi,long input short output,qwen_7b,10,4.0,8,3158,1,1.575533316936344,0.0590542131103575,1.6345875300467014,20.797582015860822,19.162994485814124
sarathi,long input short output,qwen_7b,10,4.0,9,6764,480,3.0043929831590503,21.47231117892079,24.47670416207984,45.147749656345695,20.67104549426585
sarathi,long input short output,qwen_7b,10,5.0,0,2494,254,1.129915043944493,14.643550210166724,15.773465254111215,15.988271958660334,0.2148067045491188
sarathi,long input short output,qwen_7b,10,5.0,1,6459,315,2.942229140084237,18.42446765699424,21.366696797078475,22.64675104082562,1.280054243747145
sarathi,long input short output,qwen_7b,10,5.0,2,3982,206,1.8109767981804907,11.978402017848566,13.789378816029055,17.890290047973394,4.1009112319443375
sarathi,long input short output,qwen_7b,10,5.0,3,4458,81,2.108429269865155,4.781918972963467,6.890348242828623,12.692161473678423,5.8018132308498025
sarathi,long input short output,qwen_7b,10,5.0,4,8713,183,4.194628024008125,10.780210705008358,14.974838729016485,22.55954211927019,7.584703390253708
sarathi,long input short output,qwen_7b,10,5.0,5,8829,109,4.227764530107379,6.506147852865979,10.733912382973358,22.21659252536483,11.482680142391471
sarathi,long input short output,qwen_7b,10,5.0,6,4193,66,1.9949259129352868,3.953157308045775,5.9480832209810615,21.15392488054931,15.20584165956825
sarathi,long input short output,qwen_7b,10,5.0,7,5619,409,2.78429114096798,19.72089518303983,22.50518632400781,39.62520322855562,17.12001690454781
sarathi,long input short output,qwen_7b,10,5.0,8,3158,1,1.6093554198741913,0.0593285840004682,1.6686840038746595,21.402739766752347,19.734055762877688
sarathi,long input short output,qwen_7b,10,5.0,9,6764,480,3.109554958064109,21.860680097946897,24.970235056011006,46.24516873341054,21.27493367739953
sarathi,long input short output,qwen_7b,10,6.0,0,2494,254,1.1197144018951803,14.43283203500323,15.55254643689841,15.805135730886832,0.2525892939884215
sarathi,long input short output,qwen_7b,10,6.0,1,6459,315,2.9851903130766004,18.19713010895066,21.18232042202726,22.474007843760774,1.2916874217335137
sarathi,long input short output,qwen_7b,10,6.0,2,3982,206,1.7056508080568165,11.880974703934044,13.58662551199086,17.754209594102576,4.167584082111716
sarathi,long input short output,qwen_7b,10,6.0,3,4458,81,2.058754271129146,4.66115561989136,6.719909891020507,12.49510286259465,5.775192971574143
sarathi,long input short output,qwen_7b,10,6.0,4,8713,183,4.073048867052421,10.826886815018952,14.899935682071373,22.45315091032535,7.553215228253975
sarathi,long input short output,qwen_7b,10,6.0,5,8829,109,4.271100234007463,6.497009188868105,10.768109422875568,22.14674671343528,11.378637290559707
sarathi,long input short output,qwen_7b,10,6.0,6,4193,66,2.008493660017848,3.9253497270401567,5.933843387058005,21.15290339337662,15.219060006318614
sarathi,long input short output,qwen_7b,10,6.0,7,5619,409,2.75374665716663,19.360424330923703,22.114170988090336,39.26740019232966,17.153229204239324
sarathi,long input short output,qwen_7b,10,6.0,8,3158,1,1.615238605067134,0.0591892930679023,1.6744278981350362,21.430841793771837,19.7564138956368
sarathi,long input short output,qwen_7b,10,6.0,9,6764,480,3.0796246950048958,21.468007361982018,24.547632056986917,45.85179476859048,21.304162711603567
sarathi,long input short output,qwen_7b,10,7.0,0,2494,254,1.1177014389541,14.685295468894765,15.802996907848865,16.066069489810616,0.263072581961751
sarathi,long input short output,qwen_7b,10,7.0,1,6459,315,2.9132149510551244,18.55680628796108,21.470021239016205,22.78988297726028,1.3198617382440716
sarathi,long input short output,qwen_7b,10,7.0,2,3982,206,1.8209453329909595,12.070694520138204,13.891639853129163,18.01968126068823,4.128041407559067
sarathi,long input short output,qwen_7b,10,7.0,3,4458,81,2.095483504002914,4.768873844994232,6.864357348997146,12.717067048652098,5.852709699654952
sarathi,long input short output,qwen_7b,10,7.0,4,8713,183,4.175389123847708,10.936874100007117,15.112263223854823,22.810068437596783,7.697805213741958
sarathi,long input short output,qwen_7b,10,7.0,5,8829,109,4.325948899844661,6.557472134940326,10.883421034784988,22.535303694661707,11.65188265987672
sarathi,long input short output,qwen_7b,10,7.0,6,4193,66,2.0163438390009105,3.989919580053538,6.006263419054449,21.60606842162088,15.599805002566429
sarathi,long input short output,qwen_7b,10,7.0,7,5619,409,2.84866055008024,19.658803459024057,22.507464009104297,40.05195337999612,17.544489370891824
sarathi,long input short output,qwen_7b,10,7.0,8,3158,1,1.572041526902467,0.0604310629423707,1.6324725898448378,21.88548810244538,20.25301551260054
sarathi,long input short output,qwen_7b,10,7.0,9,6764,480,3.0841110041365027,21.990889413980767,25.07500041811727,46.82881973776966,21.753819319652397
sarathi,long input short output,qwen_7b,10,8.0,0,2494,254,1.0630720739718529,14.289365004980937,15.35243707895279,15.645104412920771,0.2926673339679837
sarathi,long input short output,qwen_7b,10,8.0,1,6459,315,2.814583275001496,18.189768854994327,21.004352129995823,22.30000169109553,1.295649561099708
sarathi,long input short output,qwen_7b,10,8.0,2,3982,206,1.7350874820258468,11.852204429917036,13.587291911942884,17.61293478915468,4.025642877211794
sarathi,long input short output,qwen_7b,10,8.0,3,4458,81,2.053390624001622,4.656350655015558,6.70974127901718,12.372186979046091,5.662445700028911
sarathi,long input short output,qwen_7b,10,8.0,4,8713,183,4.074083656072617,10.798216164810585,14.8722998208832,22.360985389677808,7.488685568794608
sarathi,long input short output,qwen_7b,10,8.0,5,8829,109,4.267254067119211,6.475284458836541,10.742538525955752,22.105617710622028,11.363079184666276
sarathi,long input short output,qwen_7b,10,8.0,6,4193,66,1.9959209258668125,3.9317088939715177,5.92762981983833,21.220339722232893,15.292709902394565
sarathi,long input short output,qwen_7b,10,8.0,7,5619,409,2.776407250901684,19.46137523301877,22.23778248392045,39.456677900860086,17.21889541693963
sarathi,long input short output,qwen_7b,10,8.0,8,3158,1,1.5762502860743552,0.0603567818179726,1.636607067892328,21.50234303367324,19.865735965780917
sarathi,long input short output,qwen_7b,10,8.0,9,6764,480,3.015509346034378,21.702725261915475,24.718234607949853,46.09447820461355,21.3762435966637
sarathi,long input short output,qwen_7b,10,9.0,0,2494,254,1.0622595897875726,14.391000078059731,15.453259667847306,15.749154583085328,0.2958949152380228
sarathi,long input short output,qwen_7b,10,9.0,1,6459,315,2.827542220009491,18.267935439012945,21.09547765902244,22.39416335360147,1.298685694579035
sarathi,long input short output,qwen_7b,10,9.0,2,3982,206,1.804181446088478,11.885497102048248,13.689678548136726,17.72301244456321,4.033333896426484
sarathi,long input short output,qwen_7b,10,9.0,3,4458,81,2.067583393072709,4.668235833989456,6.735819227062166,12.487271184800193,5.751451957738027
sarathi,long input short output,qwen_7b,10,9.0,4,8713,183,4.080479067983106,10.783722996944562,14.864202064927667,22.47655476606451,7.612352701136842
sarathi,long input short output,qwen_7b,10,9.0,5,8829,109,4.264943751972169,6.462792034028098,10.727735786000268,22.233729196479544,11.505993410479276
sarathi,long input short output,qwen_7b,10,9.0,6,4193,66,2.0095593461301178,3.914980493951589,5.924539840081707,21.38890524301678,15.464365402935073
sarathi,long input short output,qwen_7b,10,9.0,7,5619,409,2.771296796156093,19.459448407869782,22.23074520402588,39.63641875423491,17.40567355020903
sarathi,long input short output,qwen_7b,10,9.0,8,3158,1,1.5641137780621648,0.0592608200386166,1.6233745981007814,21.678087481530383,20.0547128834296
sarathi,long input short output,qwen_7b,10,9.0,9,6764,480,3.04235748690553,21.657505598152056,24.699863085057583,46.256963453721255,21.55710036866367
sarathi,long input short output,qwen_7b,10,10.0,0,2494,254,0.9874955790583044,14.18286104593426,15.170356624992564,15.483698383439332,0.3133417584467679
sarathi,long input short output,qwen_7b,10,10.0,1,6459,315,2.8204183881171048,18.06514015700668,20.885558545123786,22.12585983448662,1.240301289362833
sarathi,long input short output,qwen_7b,10,10.0,2,3982,206,1.7869288751389831,11.719597466988487,13.506526342127472,17.463757595047355,3.9572312529198825
sarathi,long input short output,qwen_7b,10,10.0,3,4458,81,1.9823134320322424,4.604131504893303,6.586444936925545,12.250019083498046,5.6635741465725005
sarathi,long input short output,qwen_7b,10,10.0,4,8713,183,4.007138937944546,10.752127459039912,14.759266396984458,22.22757196915336,7.468305572168902
sarathi,long input short output,qwen_7b,10,10.0,5,8829,109,4.227506311843172,6.468986473046243,10.696492784889417,21.999053771374747,11.302560986485332
sarathi,long input short output,qwen_7b,10,10.0,6,4193,66,2.0186751901637763,3.9048715338576585,5.923546724021435,21.17215992929414,15.248613205272704
sarathi,long input short output,qwen_7b,10,10.0,7,5619,409,2.774544786894694,18.892268131952733,21.666812918847427,38.86432413291186,17.197511214064434
sarathi,long input short output,qwen_7b,10,10.0,8,3158,1,1.55497010005638,0.0605033678002655,1.6154734678566456,21.47366028698161,19.858186819124967
sarathi,long input short output,qwen_7b,10,10.0,9,6764,480,3.0207161749713123,20.88423149310984,23.90494766808115,45.25455009518191,21.349602427100763
sarathi,long input short output,yi_6b,1,1.0,0,2494,254,1.082375641912222,11.387787114130331,12.470162756042557,12.47115477360785,0.0009920175652951
sarathi,long input short output,yi_6b,2,1.0,0,2494,254,1.0698197311721742,11.972819555783644,13.04263928695582,13.04296274157241,0.0003234546165913
sarathi,long input short output,yi_6b,2,1.0,1,6459,315,2.848313378868625,14.121729728067294,16.97004310693592,17.956296768737957,0.9862536618020386
sarathi,long input short output,yi_6b,3,1.0,0,2494,254,1.072908655973151,12.29421884799376,13.367127503966913,13.36744012660347,0.0003126226365566
sarathi,long input short output,yi_6b,3,1.0,1,6459,315,2.8062558360397816,14.403031615074724,17.209287451114506,18.19829752878286,0.989010077668354
sarathi,long input short output,yi_6b,3,1.0,2,3982,206,1.753904517972842,9.33718488086015,11.091089398832992,14.510058999527246,3.418969600694254
sarathi,long input short output,yi_6b,4,1.0,0,2494,254,1.0659443780314175,12.748773102881389,13.814717480912805,13.81505527254194,0.0003377916291356
sarathi,long input short output,yi_6b,4,1.0,1,6459,315,2.872694703983143,14.92814345494844,17.800838158931583,18.78496037865989,0.984122219728306
sarathi,long input short output,yi_6b,4,1.0,2,3982,206,1.8041801140643656,9.709923663875088,11.514103777939454,14.992390020517632,3.478286242578178
sarathi,long input short output,yi_6b,4,1.0,3,4458,81,2.029929270967841,3.717994411010295,5.747923681978136,10.720183055847883,4.972259373869747
sarathi,long input short output,yi_6b,5,1.0,0,2494,254,1.110912460833788,13.810191254131496,14.921103714965284,14.921419067773968,0.0003153528086841
sarathi,long input short output,yi_6b,5,1.0,1,6459,315,2.959592137951404,15.973803830100223,18.933395968051627,19.955751165747643,1.0223551976960152
sarathi,long input short output,yi_6b,5,1.0,2,3982,206,1.7970715248957276,10.645598889095709,12.442670413991436,16.050319644622505,3.607649230631068
sarathi,long input short output,yi_6b,5,1.0,3,4458,81,2.1323745700065047,4.501463377149776,6.63383794715628,11.728174990043044,5.094337042886764
sarathi,long input short output,yi_6b,5,1.0,4,8713,183,4.047493455000222,8.383888855110854,12.431382310111076,18.265398793155327,5.834016483044252
sarathi,long input short output,yi_6b,6,1.0,0,2494,254,1.1306584940757602,14.157834236044437,15.288492730120195,15.288931875722485,0.0004391456022858
sarathi,long input short output,yi_6b,6,1.0,1,6459,315,2.8579129038844258,16.654669721145183,19.51258262502961,20.548759573837746,1.0361769488081336
sarathi,long input short output,yi_6b,6,1.0,2,3982,206,1.7977027469314637,11.31190883810632,13.109611585037785,16.61756743467413,3.507955849636346
sarathi,long input short output,yi_6b,6,1.0,3,4458,81,2.0648943160194904,4.542374689131975,6.6072690051514655,11.60242723301053,4.995158227859065
sarathi,long input short output,yi_6b,6,1.0,4,8713,183,3.983231710037217,9.227201856905594,13.210433566942813,18.879787475103512,5.669353908160701
sarathi,long input short output,yi_6b,6,1.0,5,8829,109,4.111527586122975,5.077335251960903,9.188862838083878,17.656276693334803,8.467413855250925
sarathi,long input short output,yi_6b,7,1.0,0,2494,254,1.1003373449202627,14.66741194901988,15.767749293940142,15.768103980692104,0.0003546867519617
sarathi,long input short output,yi_6b,7,1.0,1,6459,315,2.918738364940509,17.4558949789498,20.37463334389031,21.391547578619797,1.0169142347294835
sarathi,long input short output,yi_6b,7,1.0,2,3982,206,1.874341967049986,11.964189667953178,13.838531635003164,17.393940577516332,3.555408942513168
sarathi,long input short output,yi_6b,7,1.0,3,4458,81,2.128026789985597,4.734778474085033,6.86280526407063,11.982840807875618,5.120035543804988
sarathi,long input short output,yi_6b,7,1.0,4,8713,183,4.148109066067264,9.712612461997196,13.86072152806446,19.71704567107372,5.85632414300926
sarathi,long input short output,yi_6b,7,1.0,5,8829,109,4.237091894028708,5.44434379087761,9.68143568490632,18.49632827122696,8.814892586320639
sarathi,long input short output,yi_6b,7,1.0,6,4193,66,1.974951924989,3.05082162306644,5.02577354805544,15.78770889993757,10.76193535188213
sarathi,long input short output,yi_6b,8,1.0,0,2494,254,1.0644858940504491,14.146513147978112,15.21099904202856,15.211419383762404,0.000420341733843
sarathi,long input short output,yi_6b,8,1.0,1,6459,315,2.831148657016456,17.45197254908271,20.283121206099167,21.264648085925728,0.9815268798265606
sarathi,long input short output,yi_6b,8,1.0,2,3982,206,1.7916272850707171,11.535873137880117,13.327500422950834,16.762437166646123,3.434936743695289
sarathi,long input short output,yi_6b,8,1.0,3,4458,81,2.040571867022664,4.555419392883778,6.595991259906441,11.509884244995192,4.913892985088751
sarathi,long input short output,yi_6b,8,1.0,4,8713,183,3.9848510751035056,10.048746790969744,14.03359786607325,19.596506601199508,5.562908735126257
sarathi,long input short output,yi_6b,8,1.0,5,8829,109,4.133319112006575,5.883491968037561,10.016811080044135,18.371648504398763,8.354837424354628
sarathi,long input short output,yi_6b,8,1.0,6,4193,66,1.918094339082017,3.539550962857902,5.45764530193992,15.662060957867652,10.204415655927733
sarathi,long input short output,yi_6b,8,1.0,7,5619,409,2.653352773981169,17.774879874195904,20.428232648177072,32.4016917552799,11.973459107102826
sarathi,long input short output,yi_6b,9,1.0,0,2494,254,1.079432695871219,14.288872183067724,15.368304878938943,15.368634872836992,0.0003299938980489
sarathi,long input short output,yi_6b,9,1.0,1,6459,315,2.866378035163507,17.83415965596214,20.700537691125646,21.695264452835545,0.9947267617098988
sarathi,long input short output,yi_6b,9,1.0,2,3982,206,1.792032893979922,11.677060788031667,13.46909368201159,16.950523151783273,3.481429469771683
sarathi,long input short output,yi_6b,9,1.0,3,4458,81,2.123434402048588,4.576897572027519,6.700331974076107,11.664035215973854,4.963703241897747
sarathi,long input short output,yi_6b,9,1.0,4,8713,183,4.010787739884108,10.31049970514141,14.32128744502552,20.01570469327271,5.694417248247191
sarathi,long input short output,yi_6b,9,1.0,5,8829,109,4.129599890904501,6.145591048989445,10.275190939893946,18.79344716737978,8.518256227485836
sarathi,long input short output,yi_6b,9,1.0,6,4193,66,1.9436594899743795,3.754250903148204,5.697910393122584,16.06036318303086,10.362452789908277
sarathi,long input short output,yi_6b,9,1.0,7,5619,409,2.6943889600224797,18.139494778821245,20.833883738843724,32.982453687116504,12.14856994827278
sarathi,long input short output,yi_6b,9,1.0,8,3158,1,1.4637442999519408,0.04613953595981,1.5098838359117508,15.749107459792867,14.239223623881117
sarathi,long input short output,yi_6b,10,1.0,0,2494,254,1.1206518320832402,14.367361394921318,15.488013227004558,15.488489712588487,0.0004764855839312
sarathi,long input short output,yi_6b,10,1.0,0,2494,254,1.0815349891781807,14.054196840850636,15.135731830028815,15.136072835652158,0.0003410056233406
sarathi,long input short output,yi_6b,10,1.0,1,6459,315,2.891986980801448,17.953860762994736,20.845847743796185,21.879408677574247,1.0335609337780625
sarathi,long input short output,yi_6b,10,1.0,1,6459,315,2.825383270159364,17.53518037800677,20.36056364816613,21.35982104181312,0.9992573936469852
sarathi,long input short output,yi_6b,10,1.0,2,3982,206,1.8062181170098484,11.728059676010162,13.53427779302001,17.080698964651674,3.546421171631664
sarathi,long input short output,yi_6b,10,1.0,2,3982,206,1.7697063339874148,11.483531086007131,13.253237419994548,16.69908260460943,3.445845184614882
sarathi,long input short output,yi_6b,10,1.0,3,4458,81,2.099208880914375,4.620756336022168,6.719965216936544,11.76272184890695,5.042756631970406
sarathi,long input short output,yi_6b,10,1.0,3,4458,81,2.050490486202761,4.546742863021791,6.5972333492245525,11.50359673704952,4.906363387824968
sarathi,long input short output,yi_6b,10,1.0,4,8713,183,4.063381550833583,10.448462004074829,14.51184355490841,20.263164611998945,5.751321057090536
sarathi,long input short output,yi_6b,10,1.0,4,8713,183,4.002108893822879,10.165987126994878,14.168096020817757,19.73409348702989,5.5659974662121385
sarathi,long input short output,yi_6b,10,1.0,5,8829,109,4.146233804989606,6.244866207940504,10.39110001293011,19.019127347273752,8.628027334343642
sarathi,long input short output,yi_6b,10,1.0,5,8829,109,4.045458914944902,6.064908473053947,10.11036738799885,18.492133787367493,8.381766399368644
sarathi,long input short output,yi_6b,10,1.0,6,4193,66,1.9513840267900375,3.777487402083352,5.72887142887339,16.209022181807086,10.480150752933696
sarathi,long input short output,yi_6b,10,1.0,6,4193,66,1.8967221309430895,3.6646931930445135,5.561415323987603,15.70308785396628,10.141672529978678
sarathi,long input short output,yi_6b,10,1.0,7,5619,409,2.660662082955241,19.425842701923106,22.086504784878343,34.36629642895423,12.279791644075884
sarathi,long input short output,yi_6b,10,1.0,7,5619,409,2.605962106026709,18.90203282306902,21.50799492909573,33.39773137518205,11.889736446086316
sarathi,long input short output,yi_6b,10,1.0,8,3158,1,1.5272805928252635,0.0579364870209246,1.5852170798461884,15.916861760662869,14.33164468081668
sarathi,long input short output,yi_6b,10,1.0,8,3158,1,1.4548856830224397,0.0543968030251562,1.5092824860475955,15.399601209908724,13.890318723861128
sarathi,long input short output,yi_6b,10,1.0,9,6764,480,3.0559587681200355,21.68143781088293,24.73739657900296,40.50857746438123,15.771180885378271
sarathi,long input short output,yi_6b,10,1.0,9,6764,480,2.9730834239162505,21.0676615240518,24.04074494796805,39.29810394463129,15.257358996663244
sarathi,long input short output,yi_6b,10,2.0,0,2494,254,1.0739187910221517,14.152196976123378,15.22611576714553,15.226452379487457,0.0003366123419255
sarathi,long input short output,yi_6b,10,2.0,1,6459,315,2.870278924005106,17.462256052996963,20.33253497700207,21.335427921731025,1.0028929447289556
sarathi,long input short output,yi_6b,10,2.0,2,3982,206,1.7879881570115683,11.540218245936558,13.328206402948126,16.984342558775097,3.656136155826971
sarathi,long input short output,yi_6b,10,2.0,3,4458,81,2.066981723997742,4.539189000846818,6.60617072484456,11.865859674056992,5.259688949212432
sarathi,long input short output,yi_6b,10,2.0,4,8713,183,3.975826773094013,10.091945488005877,14.06777226109989,20.667193568777293,6.599421307677403
sarathi,long input short output,yi_6b,10,2.0,5,8829,109,4.080804141936824,5.955901318928227,10.03670546086505,19.988209827104583,9.951504366239533
sarathi,long input short output,yi_6b,10,2.0,6,4193,66,1.921153062954545,3.518807928077877,5.439960991032422,18.301035282434896,12.861074291402474
sarathi,long input short output,yi_6b,10,2.0,7,5619,409,2.4976724260486662,18.64002654887736,21.137698974926025,35.8182928932365,14.680593918310478
sarathi,long input short output,yi_6b,10,2.0,8,3158,1,1.4243111528921872,0.0583908269181847,1.482701979810372,18.327039081370454,16.844337101560086
sarathi,long input short output,yi_6b,10,2.0,9,6764,480,3.0153222610242665,20.76099440199323,23.776316663017496,41.971468780888245,18.195152117870748
sarathi,long input short output,yi_6b,10,3.0,0,2494,254,1.1068704428616911,14.473751327954233,15.580621770815924,15.580805149162188,0.0001833783462643
sarathi,long input short output,yi_6b,10,3.0,1,6459,315,2.883673491887748,18.063135063042864,20.94680855493061,21.97677308483981,1.0299645299091935
sarathi,long input short output,yi_6b,10,3.0,2,3982,206,1.8415644869674,11.848680509952828,13.690244996920228,17.43965658149682,3.749411584576592
sarathi,long input short output,yi_6b,10,3.0,3,4458,81,2.1003031879663467,4.66735476301983,6.767657950986177,12.214536580257118,5.446878629270941
sarathi,long input short output,yi_6b,10,3.0,4,8713,183,4.069605972152203,10.516103273956103,14.585709246108308,21.63092430937104,7.045215063262731
sarathi,long input short output,yi_6b,10,3.0,5,8829,109,4.232847834005952,6.225208039861172,10.458055873867124,21.137964117340744,10.67990824347362
sarathi,long input short output,yi_6b,10,3.0,6,4193,66,1.9777463220525533,3.725844463799149,5.703590785851702,19.814060128759596,14.11046934290789
sarathi,long input short output,yi_6b,10,3.0,7,5619,409,2.624500844161957,19.323413918958977,21.94791476312093,37.94594526081346,15.998030497692524
sarathi,long input short output,yi_6b,10,3.0,8,3158,1,1.5094397340435537,0.0588088110089302,1.5682485450524837,19.94918256462552,18.380934019573036
sarathi,long input short output,yi_6b,10,3.0,9,6764,480,3.074601206928492,21.621460501104597,24.696061708033085,44.51918993610889,19.8231282280758
sarathi,long input short output,yi_6b,10,4.0,0,2494,254,1.122957995161414,14.23056824482046,15.353526239981877,15.353715268196538,0.0001890282146632
sarathi,long input short output,yi_6b,10,4.0,1,6459,315,2.885352028068155,17.82946062204428,20.714812650112435,21.77191516151652,1.0571025114040822
sarathi,long input short output,yi_6b,10,4.0,2,3982,206,1.8276101988740263,11.5674460940063,13.395056292880328,17.2016607534606,3.8066044605802745
sarathi,long input short output,yi_6b,10,4.0,3,4458,81,2.0952646748628467,4.535815230105072,6.631079904967919,12.14612918207422,5.5150492771063
sarathi,long input short output,yi_6b,10,4.0,4,8713,183,3.989453762071207,10.372034718981013,14.36148848105222,21.58120303391479,7.21971455286257
sarathi,long input short output,yi_6b,10,4.0,5,8829,109,4.063589615980163,6.253821654012427,10.31741126999259,21.184576072730124,10.867164802737534
sarathi,long input short output,yi_6b,10,4.0,6,4193,66,1.9393735530320555,3.802444688975811,5.7418182420078665,20.05662099062465,14.314802748616785
sarathi,long input short output,yi_6b,10,4.0,7,5619,409,2.7513519290369004,18.95869406987913,21.71004599891603,37.8816257014405,16.17157970252447
sarathi,long input short output,yi_6b,10,4.0,8,3158,1,1.457781383069232,0.0544433810282498,1.512224764097482,20.23896285984665,18.72673809574917
sarathi,long input short output,yi_6b,10,4.0,9,6764,480,3.058955679181963,21.17307146894745,24.23202714812942,44.351220215437934,20.119193067308515
sarathi,long input short output,yi_6b,10,5.0,0,2494,254,1.1171780610457065,14.509045750135556,15.626223811181262,15.626382877584549,0.0001590664032846
sarathi,long input short output,yi_6b,10,5.0,1,6459,315,3.0217170622199774,18.03794072079472,21.0596577830147,22.11092442460358,1.0512666415888816
sarathi,long input short output,yi_6b,10,5.0,2,3982,206,1.8126329951919613,11.74325305595994,13.5558860511519,17.504155901027843,3.948269849875942
sarathi,long input short output,yi_6b,10,5.0,3,4458,81,2.1199968808796257,4.61601178906858,6.736008669948205,12.386612956644967,5.650604286696762
sarathi,long input short output,yi_6b,10,5.0,4,8713,183,4.05991134699434,10.510836394969374,14.570747741963714,22.016506686108187,7.445758944144472
sarathi,long input short output,yi_6b,10,5.0,5,8829,109,4.140530893811956,6.315094897989184,10.45562579180114,21.67820407426916,11.22257828246802
sarathi,long input short output,yi_6b,10,5.0,6,4193,66,1.9422741800080985,3.8301977459341288,5.772471925942227,20.63368496345356,14.861213037511334
sarathi,long input short output,yi_6b,10,5.0,7,5619,409,2.690380042186007,19.289581031771377,21.979961073957384,38.70894476841204,16.728983694454655
sarathi,long input short output,yi_6b,10,5.0,8,3158,1,1.5625506457872689,0.05919448309578,1.621745128883049,20.86824839469045,19.246503265807405
sarathi,long input short output,yi_6b,10,5.0,9,6764,480,3.2109814109280705,21.511884368024766,24.72286577895284,45.46616340940818,20.743297630455345
sarathi,long input short output,yi_6b,10,6.0,0,2494,254,1.0790286569390446,14.505649473983794,15.58467813092284,15.58488695998676,0.0002088290639221
sarathi,long input short output,yi_6b,10,6.0,1,6459,315,2.8842249910812825,18.12604381889105,21.01026880997233,22.027006917865947,1.016738107893616
sarathi,long input short output,yi_6b,10,6.0,2,3982,206,1.824810730991885,11.86349967494607,13.688310405937957,17.478104282170534,3.7897938762325794
sarathi,long input short output,yi_6b,10,6.0,3,4458,81,2.1192556221503764,4.663710106862709,6.782965729013085,12.295473496662453,5.512507767649368
sarathi,long input short output,yi_6b,10,6.0,4,8713,183,4.085001117084175,10.56578569393605,14.650786811020224,21.999930991325527,7.349144180305302
sarathi,long input short output,yi_6b,10,6.0,5,8829,109,4.23718560510315,6.274197356076911,10.51138296118006,21.696917427703735,11.185534466523675
sarathi,long input short output,yi_6b,10,6.0,6,4193,66,1.9570626427885145,3.797753512160853,5.754816154949367,20.74510066653602,14.990284511586651
sarathi,long input short output,yi_6b,10,6.0,7,5619,409,2.7171401819214225,19.277012163074687,21.99415234499611,38.86575271142647,16.871600366430357
sarathi,long input short output,yi_6b,10,6.0,8,3158,1,1.4927532558795065,0.0563262980431318,1.5490795539226383,20.985163563862443,19.436084009939805
sarathi,long input short output,yi_6b,10,6.0,9,6764,480,3.0914894191082567,21.601712022908032,24.69320144201629,45.55704773264006,20.86384629062377
sarathi,long input short output,yi_6b,10,7.0,0,2494,254,1.067155783995986,14.23329501785338,15.300450801849363,15.30060494178906,0.0001541399396955
sarathi,long input short output,yi_6b,10,7.0,1,6459,315,2.86763846105896,17.869084228994325,20.736722690053284,21.74297854024917,1.0062558501958847
sarathi,long input short output,yi_6b,10,7.0,2,3982,206,1.8356961261015383,11.5740770699922,13.409773196093738,17.182060938561335,3.772287742467597
sarathi,long input short output,yi_6b,10,7.0,3,4458,81,2.090347022050992,4.560613901820034,6.650960923871025,12.166487276554108,5.515526352683082
sarathi,long input short output,yi_6b,10,7.0,4,8713,183,4.006360058207065,10.396732277004048,14.403092335211111,21.759534707758576,7.356442372547463
sarathi,long input short output,yi_6b,10,7.0,5,8829,109,4.066791675053537,6.271572889992967,10.338364565046504,21.48217073571868,11.143806170672178
sarathi,long input short output,yi_6b,10,7.0,6,4193,66,1.9324838791508228,3.8141096238978207,5.746593503048644,20.580967161571607,14.834373658522964
sarathi,long input short output,yi_6b,10,7.0,7,5619,409,2.7268328219652176,19.431245577987283,22.1580783999525,38.85246999678202,16.69439159682952
sarathi,long input short output,yi_6b,10,7.0,8,3158,1,1.4995139758102596,0.0575120281428098,1.5570260039530694,20.84111684956588,19.28409084561281
sarathi,long input short output,yi_6b,10,7.0,9,6764,480,3.065509427106008,21.68459650594741,24.75010593305342,45.471986742690206,20.721880809636787
sarathi,long input short output,yi_6b,10,8.0,0,2494,254,1.0609762680251151,13.925029549980536,14.986005818005651,14.986267040017992,0.000261222012341
sarathi,long input short output,yi_6b,10,8.0,1,6459,315,2.8490044688805938,17.491328879026696,20.34033334790729,21.34103670506738,1.0007033571600914
sarathi,long input short output,yi_6b,10,8.0,2,3982,206,1.7477286078501493,11.349424914224072,13.097153522074224,16.85126323439181,3.754109712317586
sarathi,long input short output,yi_6b,10,8.0,3,4458,81,2.069413694087416,4.386085625970736,6.455499320058152,11.868300087982789,5.412800767924637
sarathi,long input short output,yi_6b,10,8.0,4,8713,183,3.837150220992044,10.303620374994352,14.140770595986396,21.398317352868617,7.2575467568822205
sarathi,long input short output,yi_6b,10,8.0,5,8829,109,4.047005083179101,6.194230793975294,10.241235877154397,21.13841439178213,10.89717851462774
sarathi,long input short output,yi_6b,10,8.0,6,4193,66,1.922395362984389,3.7518219659104943,5.674217328894883,20.27872959128581,14.604512262390926
sarathi,long input short output,yi_6b,10,8.0,7,5619,409,2.6753811491653323,19.315916609950364,21.991297759115696,38.44488292792812,16.453585168812424
sarathi,long input short output,yi_6b,10,8.0,8,3158,1,1.4866066209506243,0.0563738669734448,1.5429804879240692,20.54418791877106,19.00120743084699
sarathi,long input short output,yi_6b,10,8.0,9,6764,480,3.087284054141492,21.34078658395447,24.42807063809596,44.85455726273358,20.42648662463762
sarathi,long input short output,yi_6b,10,9.0,0,2494,254,1.072288020979613,14.216798424022272,15.289086445001884,15.296592030208558,0.0075055852066725
sarathi,long input short output,yi_6b,10,9.0,1,6459,315,2.85491294413805,17.731493522878736,20.586406467016783,21.6056502587162,1.0192437916994097
sarathi,long input short output,yi_6b,10,9.0,2,3982,206,1.7819512721616777,11.61205176799558,13.39400304015726,17.17372890561819,3.779725865460932
sarathi,long input short output,yi_6b,10,9.0,3,4458,81,2.0727484580129385,4.57190601201728,6.644654470030218,12.121532640885562,5.476878170855343
sarathi,long input short output,yi_6b,10,9.0,4,8713,183,4.005468240939081,10.334764780011028,14.340233020950109,21.685497623169795,7.345264602219686
sarathi,long input short output,yi_6b,10,9.0,5,8829,109,4.132161073153839,6.139665379887447,10.271826453041284,21.436667811591175,11.164841358549891
sarathi,long input short output,yi_6b,10,9.0,6,4193,66,1.9143120830412956,3.712073286995292,5.626385370036587,20.61882530199364,14.992439931957051
sarathi,long input short output,yi_6b,10,9.0,7,5619,409,2.602327991044149,19.34303964604624,21.945367637090385,38.78619753639214,16.840829899301752
sarathi,long input short output,yi_6b,10,9.0,8,3158,1,1.5108037230093032,0.0568898101337254,1.5676935331430286,20.892186459619552,19.324492926476523
sarathi,long input short output,yi_6b,10,9.0,9,6764,480,3.0236237610224634,21.51145757501945,24.535081336041912,45.30860345880501,20.773522122763097
sarathi,long input short output,yi_6b,10,10.0,0,2494,254,1.0725901250261811,14.234500441001728,15.30709056602791,15.324943270301446,0.0178527042735368
sarathi,long input short output,yi_6b,10,10.0,1,6459,315,2.8914353030268103,17.737521935952827,20.62895723897964,21.659191792365164,1.030234553385526
sarathi,long input short output,yi_6b,10,10.0,2,3982,206,1.7943401420488954,11.552479331148788,13.346819473197684,17.178956981981173,3.8321375087834895
sarathi,long input short output,yi_6b,10,10.0,3,4458,81,2.0509238690137863,4.6023415599484,6.653265428962186,12.198119794484228,5.544854365522042
sarathi,long input short output,yi_6b,10,10.0,4,8713,183,4.039392570964992,10.310273015173152,14.349665586138144,21.75565891014412,7.405993324005976
sarathi,long input short output,yi_6b,10,10.0,5,8829,109,4.086543081793934,6.167192795081064,10.253735876874998,21.52900033327751,11.27526445640251
sarathi,long input short output,yi_6b,10,10.0,6,4193,66,1.8874972930643708,3.74923133593984,5.63672862900421,20.7202997172717,15.08357108826749
sarathi,long input short output,yi_6b,10,10.0,7,5619,409,2.634235205128789,19.3195639019832,21.95379910711199,38.86173158092424,16.907932473812252
sarathi,long input short output,yi_6b,10,10.0,8,3158,1,1.521659140009433,0.0577736780978739,1.579432818107307,21.00839866907336,19.42896585096605
sarathi,long input short output,yi_6b,10,10.0,9,6764,480,3.072978719137609,21.544183908961717,24.61716262809932,45.50425364705734,20.887091018958017
vllm,long input short output,llama2_7b,1,1.0,0,2494,254,0.2738436390645802,10.9872318059206,11.26107544498518,11.261514149606228,0.0004387046210467
vllm,long input short output,llama2_7b,2,1.0,0,2494,254,0.2549431498628109,11.980297767091542,12.235240916954352,12.235599366715178,0.0003584497608244
vllm,long input short output,llama2_7b,2,1.0,1,6459,315,0.5547618879936635,14.092970872996377,14.64773276099004,14.878061515744776,0.230328754754737
vllm,long input short output,llama2_7b,3,1.0,0,2494,254,0.2538639281410724,12.718449701787904,12.972313629928976,12.972580601461232,0.0002669715322554
vllm,long input short output,llama2_7b,3,1.0,1,6459,315,0.5586882049683481,14.790612594923005,15.349300799891353,15.578765206504611,0.2294644066132605
vllm,long input short output,llama2_7b,3,1.0,2,3982,206,0.3263311330229044,9.77643972914666,10.102770862169564,10.56980248959735,0.4670316274277866
vllm,long input short output,llama2_7b,4,1.0,0,2494,254,0.2521696069743484,12.315760507946834,12.567930114921182,12.568193767685443,0.0002636527642607
vllm,long input short output,llama2_7b,4,1.0,1,6459,315,0.5535964479204267,14.444558433955535,14.998154881875962,15.225564885651693,0.2274100037757307
vllm,long input short output,llama2_7b,4,1.0,2,3982,206,0.6984841539524496,8.927760529099032,9.626244683051482,10.08592932857573,0.4596846455242485
vllm,long input short output,llama2_7b,4,1.0,3,4458,81,0.6985218790359795,3.0830736909992997,3.781595570035279,3.988701915834099,0.2071063457988202
vllm,long input short output,llama2_7b,5,1.0,0,2494,254,0.2712858838494867,13.964324787957594,14.23561067180708,14.235883083660156,0.000272411853075
vllm,long input short output,llama2_7b,5,1.0,1,6459,315,0.5548140539322048,16.083436081185937,16.63825013511814,16.885252778884023,0.2470026437658816
vllm,long input short output,llama2_7b,5,1.0,2,3982,206,0.7015291808638722,10.578760374104604,11.280289554968476,11.7612685917411,0.4809790367726236
vllm,long input short output,llama2_7b,5,1.0,3,4458,81,0.701542709954083,4.845603346126154,5.547146056080237,5.775556670036167,0.2284106139559298
vllm,long input short output,llama2_7b,5,1.0,4,8713,183,0.7796993809752166,8.748728932114318,9.528428313089536,9.54481249419041,0.0163841811008751
vllm,long input short output,llama2_7b,6,1.0,0,2494,254,0.2537757870741188,14.39101710403338,14.6447928911075,14.64505350170657,0.0002606105990707
vllm,long input short output,llama2_7b,6,1.0,1,6459,315,0.5548176809679717,16.486015420872718,17.04083310184069,17.27026621857658,0.2294331167358905
vllm,long input short output,llama2_7b,6,1.0,2,3982,206,0.7015414799097925,10.977913857903332,11.679455337813124,12.142819477478042,0.4633641396649182
vllm,long input short output,llama2_7b,6,1.0,3,4458,81,0.7015573671087623,5.32577725010924,6.027334617218003,6.23812953196466,0.210794914746657
vllm,long input short output,llama2_7b,6,1.0,4,8713,183,0.7742797180544585,9.21534236194566,9.989622080000116,10.03179292101413,0.0421708410140126
vllm,long input short output,llama2_7b,6,1.0,5,8829,109,0.7845930529292673,5.156219176016748,5.940812228946015,5.96560903522186,0.0247968062758445
vllm,long input short output,llama2_7b,7,1.0,0,2494,254,0.2600243070628494,14.96788924583234,15.227913552895188,15.228160111699252,0.0002465588040649
vllm,long input short output,llama2_7b,7,1.0,1,6459,315,0.5543986740522087,17.09101575287059,17.645414426922798,17.881045042769983,0.2356306158471852
vllm,long input short output,llama2_7b,7,1.0,2,3982,206,0.7003075410611928,11.538914537988603,12.239222079049796,12.707938566803932,0.4687164877541363
vllm,long input short output,llama2_7b,7,1.0,3,4458,81,0.7003121068701148,5.764197011012584,6.464509117882699,6.680646081920713,0.2161369640380144
vllm,long input short output,llama2_7b,7,1.0,4,8713,183,0.7819370140787214,9.719762261025608,10.501699275104327,10.538664693245664,0.0369654181413352
vllm,long input short output,llama2_7b,7,1.0,5,8829,109,0.787403236143291,5.530626703985035,6.318029940128326,6.327836794545874,0.0098068544175475
vllm,long input short output,llama2_7b,7,1.0,6,4193,66,0.3371154870837927,3.145387367811054,3.4825028548948467,3.49887524289079,0.0163723879959434
vllm,long input short output,llama2_7b,8,1.0,0,2494,254,0.255151507910341,15.329339415067809,15.584490922978148,15.58470403472893,0.0002131117507815
vllm,long input short output,llama2_7b,8,1.0,1,6459,315,0.5636348710395396,17.48035099194385,18.04398586298339,18.27474730764516,0.2307614446617663
vllm,long input short output,llama2_7b,8,1.0,2,3982,206,0.7085359119810164,11.903063883073628,12.611599795054644,13.084678202634676,0.4730784075800329
vllm,long input short output,llama2_7b,8,1.0,3,4458,81,0.7085510019678622,6.148111085873097,6.856662087840959,7.0771617367863655,0.220499648945406
vllm,long input short output,llama2_7b,8,1.0,4,8713,183,0.7785665218252689,10.12227712199092,10.900843643816188,10.928601461928338,0.0277578181121498
vllm,long input short output,llama2_7b,8,1.0,5,8829,109,0.7868486382067204,5.951226826990023,6.738075465196744,6.781779348384589,0.0437038831878453
vllm,long input short output,llama2_7b,8,1.0,6,4193,66,0.3381872791796922,3.615083299810067,3.953270578989759,3.9900452187284823,0.0367746397387236
vllm,long input short output,llama2_7b,8,1.0,7,5619,409,0.4689762070775032,18.24080568691716,18.70978189399466,18.99442817294039,0.2846462789457291
vllm,long input short output,llama2_7b,9,1.0,0,2494,254,0.2590639139525592,15.960088872117922,16.21915278607048,16.21935238270089,0.0001995966304093
vllm,long input short output,llama2_7b,9,1.0,1,6459,315,0.5543301689904183,18.17734367004596,18.73167383903637,18.966311905765902,0.2346380667295307
vllm,long input short output,llama2_7b,9,1.0,2,3982,206,0.7002515171188861,12.50796707905829,13.208218596177176,13.676457258639855,0.4682386624626815
vllm,long input short output,llama2_7b,9,1.0,3,4458,81,0.7002674818504602,6.597280919086188,7.297548400936648,7.513217663858086,0.2156692629214376
vllm,long input short output,llama2_7b,9,1.0,4,8713,183,0.7825706980656832,10.65775237395428,11.440323072019964,11.446183067047969,0.005859995028004
vllm,long input short output,llama2_7b,9,1.0,5,8829,109,0.7886456090491265,6.427454154007137,7.216099763056263,7.25457339733839,0.038473634282127
vllm,long input short output,llama2_7b,9,1.0,6,4193,66,0.3388086950872093,4.015172807965428,4.353981503052637,4.354781471891329,0.0007999688386917
vllm,long input short output,llama2_7b,9,1.0,7,5619,409,0.4713830549735576,19.163757206872106,19.635140261845663,19.884431547950957,0.24929128610529
vllm,long input short output,llama2_7b,9,1.0,8,3158,1,0.2540735860820859,0.0504861848894506,0.3045597709715366,0.477654529735446,0.1730947587639093
vllm,long input short output,llama2_7b,10,1.0,0,2494,254,0.2723781650420278,16.886035134783015,17.158413299825042,17.1585933805909,0.0001800807658582
vllm,long input short output,llama2_7b,10,1.0,0,2494,254,0.2647131599951535,16.8990945329424,17.163807692937553,17.1639832847286,0.0001755917910486
vllm,long input short output,llama2_7b,10,1.0,1,6459,315,0.5550453527830541,19.08163558319211,19.636680935975164,19.88462823582813,0.2479472998529672
vllm,long input short output,llama2_7b,10,1.0,1,6459,315,0.5548574579879642,19.182619951898232,19.7374774098862,19.977774309692904,0.2402968998067081
vllm,long input short output,llama2_7b,10,1.0,2,3982,206,0.6985091238748282,13.425533642992376,14.124042766867206,14.606125977588816,0.482083210721612
vllm,long input short output,llama2_7b,10,1.0,2,3982,206,0.7093275890219957,13.498289888026193,14.207617477048188,14.6819308467675,0.4743133697193116
vllm,long input short output,llama2_7b,10,1.0,3,4458,81,0.6985265370458364,7.352692932123318,8.051219469169155,8.280733081977814,0.2295136128086596
vllm,long input short output,llama2_7b,10,1.0,3,4458,81,0.7093425611965358,7.30962643888779,8.018969000084326,8.24071423895657,0.2217452388722449
vllm,long input short output,llama2_7b,10,1.0,4,8713,183,0.7845350240822881,11.561050130985675,12.345585155067964,12.358004229143262,0.0124190740752965
vllm,long input short output,llama2_7b,10,1.0,4,8713,183,0.7789435570593923,11.640455257846044,12.419398814905437,12.432513572042808,0.013114757137373
vllm,long input short output,llama2_7b,10,1.0,5,8829,109,0.7867707798723131,7.237668375018984,8.024439154891297,8.070866560330614,0.0464274054393172
vllm,long input short output,llama2_7b,10,1.0,5,8829,109,0.7891011519823223,7.2889953050762415,8.078096457058564,8.086525992490351,0.0084295354317873
vllm,long input short output,llama2_7b,10,1.0,6,4193,66,0.3385835699737072,4.822587161092088,5.161170731065795,5.200739240972325,0.0395685099065303
vllm,long input short output,llama2_7b,10,1.0,6,4193,66,0.3387137108948082,4.882693892112002,5.22140760300681,5.26108813402243,0.0396805310156196
vllm,long input short output,llama2_7b,10,1.0,7,5619,409,0.4699471979402005,20.10938185499981,20.57932905294001,20.867112653097134,0.2877836001571268
vllm,long input short output,llama2_7b,10,1.0,7,5619,409,0.4698702970054,20.32649383903481,20.79636413604021,21.08411353011616,0.287749394075945
vllm,long input short output,llama2_7b,10,1.0,8,3158,1,0.8391726969275624,0.0531901330687105,0.8923628299962729,1.1023731238674372,0.2100102938711643
vllm,long input short output,llama2_7b,10,1.0,8,3158,1,0.8414100869558752,0.0516317461151629,0.8930418330710381,1.103463213890791,0.2104213808197528
vllm,long input short output,llama2_7b,10,1.0,9,6764,480,0.8391991399694234,22.446641836082563,23.285840976051983,23.4656085355673,0.1797675595153123
vllm,long input short output,llama2_7b,10,1.0,9,6764,480,0.841424698010087,22.60810108995065,23.449525787960734,23.629716101568192,0.1801903136074543
vllm,long input short output,llama2_7b,10,2.0,0,2494,254,0.2515547589864582,16.75294703315012,17.00450179213658,17.004660854348913,0.000159062212333
vllm,long input short output,llama2_7b,10,2.0,1,6459,315,0.8877587909810245,18.627363902982324,19.51512269396335,19.7550467166584,0.2399240226950496
vllm,long input short output,llama2_7b,10,2.0,2,3982,206,0.8877943549305201,13.76406505703926,14.65185941196978,14.73098770575598,0.0791282937861979
vllm,long input short output,llama2_7b,10,2.0,3,4458,81,1.1547762018162755,6.667118694167584,7.82189489598386,8.664155069040135,0.8422601730562747
vllm,long input short output,llama2_7b,10,2.0,4,8713,183,1.1547817250248045,11.540397877106445,12.695179602131248,12.870669460622594,0.1754898584913462
vllm,long input short output,llama2_7b,10,2.0,5,8829,109,0.7908761780709028,7.263434975873679,8.054311153944582,8.820788293844089,0.7664771398995072
vllm,long input short output,llama2_7b,10,2.0,6,4193,66,1.6552942919079214,3.465593191096559,5.120887483004481,5.56589783821255,0.4450103552080691
vllm,long input short output,llama2_7b,10,2.0,7,5619,409,1.6553083651233464,19.26914877188392,20.924457137007263,21.324009123956785,0.3995519869495183
vllm,long input short output,llama2_7b,10,2.0,8,3158,1,1.6553237109910697,0.054288120009005,1.7096118310000747,1.8351514723617584,0.1255396413616836
vllm,long input short output,llama2_7b,10,2.0,9,6764,480,1.655337548116222,22.419014303945005,24.074351852061227,24.18477581371553,0.1104239616543054
vllm,long input short output,llama2_7b,10,3.0,0,2494,254,0.7810931280255318,16.44316404988058,17.22425717790611,17.328681704122573,0.1044245262164622
vllm,long input short output,llama2_7b,10,3.0,1,6459,315,0.7811139749828726,19.17252972908318,19.953643704066053,20.04964330769144,0.0959996036253869
vllm,long input short output,llama2_7b,10,3.0,2,3982,206,1.4821393589954823,12.8090056409128,14.291144999908283,15.062358473427594,0.7712134735193104
vllm,long input short output,llama2_7b,10,3.0,3,4458,81,1.482150151161477,6.943505640840158,8.425655792001635,9.11269460315816,0.6870388111565262
vllm,long input short output,llama2_7b,10,3.0,4,8713,183,1.482165199937299,11.785981897031888,13.268147096969187,13.510665422305465,0.2425183253362774
vllm,long input short output,llama2_7b,10,3.0,5,8829,109,1.6153529779985547,6.686083070002496,8.301436048001051,9.65106050344184,1.3496244554407897
vllm,long input short output,llama2_7b,10,3.0,6,4193,66,1.6153680300340056,4.539006977109239,6.154375007143244,6.761587004875764,0.6072119977325201
vllm,long input short output,llama2_7b,10,3.0,7,5619,409,1.6153823921922594,20.278383924858645,21.893766317050904,22.4706718926318,0.576905575580895
vllm,long input short output,llama2_7b,10,3.0,8,3158,1,0.8436303890775889,0.0559823119547218,0.8996127010323107,2.910099532455206,2.010486831422895
vllm,long input short output,llama2_7b,10,3.0,9,6764,480,0.8436456150375307,22.560885621001944,23.404531236039475,25.404951696051285,2.00042046001181
vllm,long input short output,llama2_7b,10,4.0,0,2494,254,1.466690659057349,15.98591489996761,17.45260555902496,17.625486426288262,0.1728808672633022
vllm,long input short output,llama2_7b,10,4.0,1,6459,315,1.4667118538636714,18.73398895910941,20.20070081297308,20.36726554343477,0.1665647304616868
vllm,long input short output,llama2_7b,10,4.0,2,3982,206,1.4667312370147556,13.835681651020424,15.302412888035178,15.388578281505032,0.0861653934698551
vllm,long input short output,llama2_7b,10,4.0,3,4458,81,1.4667499880306425,7.733468910912052,9.200218898942694,9.223243123851717,0.0230242249090224
vllm,long input short output,llama2_7b,10,4.0,4,8713,183,1.5775339340325445,11.162352659972385,12.739886594004927,13.897510915761814,1.1576243217568845
vllm,long input short output,llama2_7b,10,4.0,5,8829,109,1.577547057997435,7.614378395024687,9.191925453022122,10.067274555563928,0.8753491025418043
vllm,long input short output,llama2_7b,10,4.0,6,4193,66,1.6607641889713705,3.7138034249655902,5.374567613936961,7.27200181549415,1.8974342015571888
vllm,long input short output,llama2_7b,10,4.0,7,5619,409,1.6607777760364115,19.656458866083995,21.31723664212041,23.191951036453247,1.874714394332841
vllm,long input short output,llama2_7b,10,4.0,8,3158,1,1.660791388945654,0.0547759518958628,1.7155673408415169,3.4532816326245666,1.7377142917830497
vllm,long input short output,llama2_7b,10,4.0,9,6764,480,1.6608053019735962,22.550230107968677,24.21103540994227,25.94119683024473,1.7301614203024656
vllm,long input short output,llama2_7b,10,5.0,0,2494,254,1.4822148701641709,15.703861124813557,17.186075994977728,17.397762567503378,0.2116865725256502
vllm,long input short output,llama2_7b,10,5.0,1,6459,315,1.4822334060445428,18.427986924070865,19.910220330115408,20.116857211804017,0.2066368816886097
vllm,long input short output,llama2_7b,10,5.0,2,3982,206,1.4822528020013124,13.51330574392341,14.995558545924723,15.13787712296471,0.1423185770399868
vllm,long input short output,llama2_7b,10,5.0,3,4458,81,1.4822707229759544,7.608849542913958,9.091120265889913,9.182926757726818,0.0918064918369054
vllm,long input short output,llama2_7b,10,5.0,4,8713,183,1.5776221579872072,10.841861431021243,12.41948358900845,13.72813563933596,1.3086520503275096
vllm,long input short output,llama2_7b,10,5.0,5,8829,109,1.5776353618130088,7.387328166980296,8.964963528793305,10.04779873136431,1.0828352025710046
vllm,long input short output,llama2_7b,10,5.0,6,4193,66,1.6657400419935584,3.622750967973843,5.288491009967402,7.504851508652791,2.2163604986853898
vllm,long input short output,llama2_7b,10,5.0,7,5619,409,1.6657534500118345,19.36681553418748,21.032568984199315,23.230756965698674,2.198187981499359
vllm,long input short output,llama2_7b,10,5.0,8,3158,1,1.665767570026219,0.0567178309429436,1.7224854009691626,3.811075110686943,2.0885897097177804
vllm,long input short output,llama2_7b,10,5.0,9,6764,480,1.665781867923215,22.444739932892844,24.11052180081606,26.19307053135708,2.0825487305410206
vllm,long input short output,llama2_7b,10,6.0,0,2494,254,1.466697492171079,15.482883636839688,16.949581129010767,17.153667798032984,0.2040866690222174
vllm,long input short output,llama2_7b,10,6.0,1,6459,315,1.4667174050118774,17.885038173990324,19.3517555790022,19.55163785489276,0.1998822758905589
vllm,long input short output,llama2_7b,10,6.0,2,3982,206,1.4667363590560851,13.483624327927828,14.950360686983911,15.09664551122114,0.1462848242372274
vllm,long input short output,llama2_7b,10,6.0,3,4458,81,1.4667563010007143,7.674047773936763,9.140804074937478,9.244996073655784,0.1041919987183064
vllm,long input short output,llama2_7b,10,6.0,4,8713,183,1.5730569851584733,10.861506557790564,12.434563542949036,13.78461117623374,1.350047633284703
vllm,long input short output,llama2_7b,10,6.0,5,8829,109,1.5730722961016,7.464001155924052,9.037073452025652,10.198942684568465,1.1618692325428128
vllm,long input short output,llama2_7b,10,6.0,6,4193,66,1.6558864030521363,3.683222883846611,5.339109286898747,7.704295012401417,2.36518572550267
vllm,long input short output,llama2_7b,10,6.0,7,5619,409,1.6558988518081603,18.637943000998348,20.29384185280651,22.643886889331043,2.3500450365245342
vllm,long input short output,llama2_7b,10,6.0,8,3158,1,1.655912226997316,0.0539000011049211,1.709812228102237,3.96852734987624,2.258715121774003
vllm,long input short output,llama2_7b,10,6.0,9,6764,480,1.6559267221018672,21.77054002787918,23.42646674998105,25.68014940759167,2.253682657610625
vllm,long input short output,llama2_7b,10,7.0,0,2494,254,1.4738268880173564,15.669659483944995,17.143486371962354,17.407750566722825,0.2642641947604716
vllm,long input short output,llama2_7b,10,7.0,1,6459,315,1.473843160783872,18.402759429067373,19.876602589851245,20.137268495047465,0.2606659051962197
vllm,long input short output,llama2_7b,10,7.0,2,3982,206,1.4738610398489982,13.62337260111235,15.097233640961347,15.311961558414623,0.2147279174532741
vllm,long input short output,llama2_7b,10,7.0,3,4458,81,1.4738777191378176,7.6987930128816515,9.17267073201947,9.35132168745622,0.1786509554367512
vllm,long input short output,llama2_7b,10,7.0,4,8713,183,1.5766917772125453,10.98380876192823,12.560500539140776,14.023789765546098,1.4632892264053226
vllm,long input short output,llama2_7b,10,7.0,5,8829,109,1.5767053249292076,7.492794123943895,9.069499448873104,10.371495858533308,1.3019964096602052
vllm,long input short output,llama2_7b,10,7.0,6,4193,66,1.656084544956684,3.695139250019565,5.351223794976249,7.913031651405618,2.5618078564293683
vllm,long input short output,llama2_7b,10,7.0,7,5619,409,1.6561238269787282,19.337426806101572,20.993550633080304,23.5423822097946,2.548831576714292
vllm,long input short output,llama2_7b,10,7.0,8,3158,1,1.656138347927481,0.0559824490919709,1.712120797019452,4.182670585345477,2.470549788326025
vllm,long input short output,llama2_7b,10,7.0,9,6764,480,1.6561521999537945,22.36708432692103,24.023236526874825,26.48947385745123,2.466237330576405
vllm,long input short output,llama2_7b,10,8.0,0,2494,254,1.4727050249930471,15.91640336601995,17.389108391012996,17.67941712704487,0.290308736031875
vllm,long input short output,llama2_7b,10,8.0,1,6459,315,1.4727264428511262,18.416860642144457,19.889587084995583,20.17674483521841,0.2871577502228319
vllm,long input short output,llama2_7b,10,8.0,2,3982,206,1.472745981067419,13.722712024115026,15.195458005182443,15.442419144324958,0.2469611391425132
vllm,long input short output,llama2_7b,10,8.0,3,4458,81,1.472765063168481,7.720291514880955,9.193056578049436,9.408449203940108,0.2153926258906722
vllm,long input short output,llama2_7b,10,8.0,4,8713,183,1.5744484430179,11.080756515963005,12.655204958980905,14.177928079850972,1.522723120870069
vllm,long input short output,llama2_7b,10,8.0,5,8829,109,1.5744632121641189,7.535044298041612,9.10950751020573,10.49110094178468,1.381593431578949
vllm,long input short output,llama2_7b,10,8.0,6,4193,66,1.6618484680075198,3.7159067229367793,5.377755190944299,8.056693732272834,2.6789385413285345
vllm,long input short output,llama2_7b,10,8.0,7,5619,409,1.6618830990046265,19.344187083886936,21.006070182891563,23.673655850812796,2.66758566792123
vllm,long input short output,llama2_7b,10,8.0,8,3158,1,1.661900077946484,0.0548605509102344,1.7167606288567183,4.315851073712111,2.599090444855392
vllm,long input short output,llama2_7b,10,8.0,9,6764,480,1.6619352179113775,22.467462030006573,24.12939724791795,26.724715099669996,2.5953178517520428
vllm,long input short output,llama2_7b,10,9.0,0,2494,254,1.468218969879672,15.755091035040095,17.223310004919767,17.54466954129748,0.3213595363777131
vllm,long input short output,llama2_7b,10,9.0,1,6459,315,1.4682311851065606,18.46157043497078,19.929801620077345,20.24837147886865,0.3185698587913066
vllm,long input short output,llama2_7b,10,9.0,2,3982,206,1.4682471298146993,13.564954760018736,15.033201889833435,15.316047256579624,0.2828453667461872
vllm,long input short output,llama2_7b,10,9.0,3,4458,81,1.468262986978516,7.653336148010567,9.121599134989085,9.376387792872263,0.2547886578831821
vllm,long input short output,llama2_7b,10,9.0,4,8713,183,1.577080043964088,10.903465132927522,12.48054517689161,14.05668665212579,1.576141475234181
vllm,long input short output,llama2_7b,10,9.0,5,8829,109,1.5770944459363818,7.424150459002703,9.001244904939085,10.451940782601014,1.4506958776619283
vllm,long input short output,llama2_7b,10,9.0,6,4193,66,1.6606179459486157,3.6635356491897255,5.324153595138341,8.105764186242595,2.781610591104254
vllm,long input short output,llama2_7b,10,9.0,7,5619,409,1.6606335549149662,19.453524627024308,21.114158181939278,23.88567994441837,2.7715217624790967
vllm,long input short output,llama2_7b,10,9.0,8,3158,1,1.660646968986839,0.051387954968959,1.712034923955798,4.422673911554739,2.7106389875989407
vllm,long input short output,llama2_7b,10,9.0,9,6764,480,1.660661204950884,22.63136143912561,24.292022644076496,26.999309847829863,2.707287203753367
vllm,long input short output,llama2_7b,10,10.0,0,2494,254,1.46722122002393,15.730492250993848,17.197713471017778,17.48916535731405,0.2914518862962723
vllm,long input short output,llama2_7b,10,10.0,1,6459,315,1.467241124948487,18.3928746690508,19.860115793999285,20.14905119338073,0.2889353993814438
vllm,long input short output,llama2_7b,10,10.0,2,3982,206,1.4672603800427169,13.556511103874072,15.02377148391679,15.280551188858226,0.2567797049414366
vllm,long input short output,llama2_7b,10,10.0,3,4458,81,1.467278939904645,7.730051944032311,9.197330883936957,9.428857103455812,0.2315262195188552
vllm,long input short output,llama2_7b,10,10.0,4,8713,183,1.5811117268167436,11.008350307121871,12.589462033938617,14.156176339136437,1.56671430519782
vllm,long input short output,llama2_7b,10,10.0,5,8829,109,1.5811135740950704,7.533521258970723,9.114634833065791,10.568460643291472,1.4538258102256805
vllm,long input short output,llama2_7b,10,10.0,6,4193,66,1.6584390250500292,3.725788017967716,5.384227043017745,8.197780274320394,2.813553231302649
vllm,long input short output,llama2_7b,10,10.0,7,5619,409,1.6584523499477657,19.32294728909619,20.98139963904396,23.78587447688915,2.804474837845192
vllm,long input short output,llama2_7b,10,10.0,8,3158,1,1.6584667288698256,0.0551459151320159,1.7136126440018415,4.4632936720736325,2.749681028071791
vllm,long input short output,llama2_7b,10,10.0,9,6764,480,1.6584820051211864,22.486681307898834,24.14516331302002,26.891828313004225,2.7466649999842048
vllm,long input short output,mistral_7b,1,1.0,0,2494,254,0.2726145458873361,11.06599008711055,11.338604632997884,11.33886686572805,0.0002622327301651
vllm,long input short output,mistral_7b,2,1.0,0,2494,254,0.2587044208776206,12.119091973174363,12.377796394051984,12.378019781783223,0.0002233877312391
vllm,long input short output,mistral_7b,2,1.0,1,6459,315,0.5690466139931232,14.276882373960689,14.845928987953812,15.080225466750562,0.2342964787967503
vllm,long input short output,mistral_7b,3,1.0,0,2494,254,0.2574813920073211,12.59348405804485,12.850965450052172,12.851120439590886,0.0001549895387142
vllm,long input short output,mistral_7b,3,1.0,1,6459,315,0.5706474089529365,14.700170411961151,15.27081782091409,15.503799053607509,0.2329812326934188
vllm,long input short output,mistral_7b,3,1.0,2,3982,206,0.3303993889130652,9.443997701164337,9.7743970900774,10.256903451634573,0.4825063615571707
vllm,long input short output,mistral_7b,4,1.0,0,2494,254,0.2575807201210409,12.519349626032636,12.776930346153677,12.77720385370776,0.000273507554084
vllm,long input short output,mistral_7b,4,1.0,1,6459,315,0.5678789040539414,14.629086731933056,15.196965635987,15.430295375641435,0.2333297396544367
vllm,long input short output,mistral_7b,4,1.0,2,3982,206,0.7131311430130154,9.16617942485027,9.879310567863286,10.359203181462362,0.4798926135990768
vllm,long input short output,mistral_7b,4,1.0,3,4458,81,0.7131549820769578,3.6811873118858784,4.394342293962836,4.621657693758607,0.2273153997957706
vllm,long input short output,mistral_7b,5,1.0,0,2494,254,0.2555879298597574,13.57327670813538,13.82886463799514,13.829111445695162,0.000246807700023
vllm,long input short output,mistral_7b,5,1.0,1,6459,315,0.5693842840846628,15.449968367116526,16.01935265120119,16.250599194783717,0.2312465435825288
vllm,long input short output,mistral_7b,5,1.0,2,3982,206,0.7132944529876113,10.24949680804275,10.96279126103036,11.442605991614982,0.4798147305846214
vllm,long input short output,mistral_7b,5,1.0,3,4458,81,0.7132876941468567,4.519907136913389,5.233194831060246,5.46044114488177,0.2272463138215243
vllm,long input short output,mistral_7b,5,1.0,4,8713,183,0.795789044117555,8.410006588092074,9.205795632209629,9.214211295126006,0.0084156629163771
vllm,long input short output,mistral_7b,6,1.0,0,2494,254,0.2633899769280106,14.42651624791324,14.689906224841252,14.690264163538814,0.0003579386975616
vllm,long input short output,mistral_7b,6,1.0,1,6459,315,0.5694548059254885,16.53801051992923,17.10746532585472,17.346669031539932,0.2392037056852132
vllm,long input short output,mistral_7b,6,1.0,2,3982,206,0.7142795319668949,11.003250963054596,11.717530495021492,12.205372577533126,0.4878420825116336
vllm,long input short output,mistral_7b,6,1.0,3,4458,81,0.7142955369781703,5.318266164977104,6.032561701955274,6.267833840800449,0.2352721388451755
vllm,long input short output,mistral_7b,6,1.0,4,8713,183,0.7985380371101201,9.159214929910377,9.957752967020497,9.997167523019016,0.039414555998519
vllm,long input short output,mistral_7b,6,1.0,5,8829,109,0.8042212491855025,5.000199853908271,5.804421103093773,5.829192633274943,0.0247715301811695
vllm,long input short output,mistral_7b,7,1.0,0,2494,254,0.2713913300540298,14.809845795854926,15.081237125908956,15.081485903589057,0.000248777680099
vllm,long input short output,mistral_7b,7,1.0,1,6459,315,0.5704971880186349,16.922010902082548,17.492508090101182,17.73954668478109,0.2470385946799069
vllm,long input short output,mistral_7b,7,1.0,2,3982,206,0.7148386109620333,11.358661134028807,12.07349974499084,12.570144546683878,0.4966448016930371
vllm,long input short output,mistral_7b,7,1.0,3,4458,81,0.7148532720748335,5.658504500985146,6.373357773059979,6.6174328399356455,0.2440750668756663
vllm,long input short output,mistral_7b,7,1.0,4,8713,183,0.7964619398117065,9.503629636019468,10.300091575831177,10.302713752025738,0.0026221761945635
vllm,long input short output,mistral_7b,7,1.0,5,8829,109,0.8053590408526361,5.311029701028019,6.116388741880655,6.146993078291416,0.0306043364107608
vllm,long input short output,mistral_7b,7,1.0,6,4193,66,0.3471536990255117,2.982171753887087,3.329325452912599,3.3671651037875563,0.0378396508749574
vllm,long input short output,mistral_7b,8,1.0,0,2494,254,0.2583731620106846,15.63132955203764,15.889702714048326,15.889935916755348,0.0002332027070224
vllm,long input short output,mistral_7b,8,1.0,1,6459,315,0.5694539931137115,17.84704422391951,18.416498217033222,18.650524734752253,0.2340265177190303
vllm,long input short output,mistral_7b,8,1.0,2,3982,206,0.7203102950006723,12.129957583965734,12.850267878966406,13.332886373624206,0.4826184946577996
vllm,long input short output,mistral_7b,8,1.0,3,4458,81,0.7203261260874569,6.239633603021503,6.959959729108959,7.1900072270073,0.2300474978983402
vllm,long input short output,mistral_7b,8,1.0,4,8713,183,0.7965721441432834,10.26083692489192,11.057409069035202,11.087462523020804,0.0300534539856016
vllm,long input short output,mistral_7b,8,1.0,5,8829,109,0.8036193009465933,6.001985591137782,6.805604892084375,6.830739107448608,0.0251342153642326
vllm,long input short output,mistral_7b,8,1.0,6,4193,66,0.3479315899312496,3.673706996021792,4.021638585953042,4.033184785861522,0.01154619990848
vllm,long input short output,mistral_7b,8,1.0,7,5619,409,0.477735152002424,18.68971414910629,19.16744930110872,19.436537536093965,0.2690882349852472
vllm,long input short output,mistral_7b,9,1.0,0,2494,254,0.259354991139844,15.598360742907971,15.857715734047815,15.85792407556437,0.0002083415165543
vllm,long input short output,mistral_7b,9,1.0,1,6459,315,0.5696991591248661,17.671012131962925,18.24071129108779,18.475596556672823,0.234885265585035
vllm,long input short output,mistral_7b,9,1.0,2,3982,206,0.7167061709333211,12.128116969950495,12.844823140883818,13.328526214463636,0.483703073579818
vllm,long input short output,mistral_7b,9,1.0,3,4458,81,0.7167321329470724,6.468195046996698,7.18492717994377,7.416062821866944,0.2311356419231742
vllm,long input short output,mistral_7b,9,1.0,4,8713,183,0.7973070289008319,10.282749351114036,11.080056380014868,11.113886699080467,0.0338303190656006
vllm,long input short output,mistral_7b,9,1.0,5,8829,109,0.8080245337914675,6.214678658172488,7.022703191963956,7.045363553334028,0.0226603613700717
vllm,long input short output,mistral_7b,9,1.0,6,4193,66,0.3488792141433805,3.890769887017086,4.239649101160467,4.26898446585983,0.0293353646993637
vllm,long input short output,mistral_7b,9,1.0,7,5619,409,0.4764433428645134,18.20883521414362,18.68527855700813,18.97284017805941,0.2875616210512817
vllm,long input short output,mistral_7b,9,1.0,8,3158,1,0.2600666210055351,0.0489896249491721,0.3090562459547072,0.5252803456969559,0.2162240997422486
vllm,long input short output,mistral_7b,10,1.0,0,2494,254,0.2632824419997632,16.815944738918915,17.07922718091868,17.079495436744764,0.0002682558260858
vllm,long input short output,mistral_7b,10,1.0,0,2494,254,0.2558901419397443,16.538012734847143,16.793902876786888,16.794146986678243,0.000244109891355
vllm,long input short output,mistral_7b,10,1.0,1,6459,315,0.5687785861082375,19.02021021093242,19.588988797040656,19.827877738745883,0.2388889417052269
vllm,long input short output,mistral_7b,10,1.0,1,6459,315,0.5669219729024917,18.73522680299357,19.302148775896057,19.533748998772356,0.2316002228762954
vllm,long input short output,mistral_7b,10,1.0,2,3982,206,0.7127921050414443,13.314490729942918,14.027282834984362,14.514073344646022,0.4867905096616596
vllm,long input short output,mistral_7b,10,1.0,2,3982,206,0.7132238210178912,13.098561499034986,13.811785320052875,14.289520609658211,0.4777352896053344
vllm,long input short output,mistral_7b,10,1.0,3,4458,81,0.7128015100024641,7.396815235959366,8.10961674596183,8.343844706891105,0.2342279609292745
vllm,long input short output,mistral_7b,10,1.0,3,4458,81,0.7132370988838375,7.273036662954837,7.986273761838674,8.211442387895659,0.225168626056984
vllm,long input short output,mistral_7b,10,1.0,4,8713,183,0.7949702078476548,11.457488568034025,12.252458775881678,12.278137816116214,0.0256790402345359
vllm,long input short output,mistral_7b,10,1.0,4,8713,183,0.7984947171062231,11.22664349596016,12.025138213066384,12.06506097316742,0.0399227601010352
vllm,long input short output,mistral_7b,10,1.0,5,8829,109,0.8026654778514057,7.186018003150821,7.988683481002226,8.008371220435947,0.0196877394337207
vllm,long input short output,mistral_7b,10,1.0,5,8829,109,0.8034197699744254,7.006696427008137,7.810116196982562,7.852843021508306,0.0427268245257437
vllm,long input short output,mistral_7b,10,1.0,6,4193,66,0.3539102780632674,4.778349513886496,5.132259791949764,5.164139954838902,0.0318801628891378
vllm,long input short output,mistral_7b,10,1.0,6,4193,66,0.3466535909101367,4.660424181027338,5.007077771937475,5.051766214892268,0.0446884429547935
vllm,long input short output,mistral_7b,10,1.0,7,5619,409,0.478700574953109,20.04949377500452,20.52819434995763,20.8236515452154,0.295457195257768
vllm,long input short output,mistral_7b,10,1.0,7,5619,409,0.4762220641132444,19.74619677499868,20.222418839111924,20.523400428239256,0.3009815891273319
vllm,long input short output,mistral_7b,10,1.0,8,3158,1,0.853787851985544,0.0485690010245889,0.9023568530101328,1.1293508517555892,0.2269939987454563
vllm,long input short output,mistral_7b,10,1.0,8,3158,1,0.8532822190318257,0.0468514671083539,0.9001336861401796,1.130097969900817,0.229964283760637
vllm,long input short output,mistral_7b,10,1.0,9,6764,480,0.8538036290556192,22.38500923104584,23.23881286010146,23.43557337857783,0.196760518476367
vllm,long input short output,mistral_7b,10,1.0,9,6764,480,0.8532966990023851,21.944310741033405,22.79760744003579,22.99733922863379,0.199731788598001
vllm,long input short output,mistral_7b,10,2.0,0,2494,254,0.2557998199481517,17.08524715807289,17.34104697802104,17.341229907469824,0.0001829294487833
vllm,long input short output,mistral_7b,10,2.0,1,6459,315,0.9085013431031256,18.965726336929947,19.874227680033076,20.11860535782762,0.2443776777945459
vllm,long input short output,mistral_7b,10,2.0,2,3982,206,0.9085148200392724,13.936652169795709,14.84516698983498,14.92875012778677,0.0835831379517912
vllm,long input short output,mistral_7b,10,2.0,3,4458,81,1.1743377149105072,6.959178661927581,8.133516376838088,9.000290726078674,0.8667743492405862
vllm,long input short output,mistral_7b,10,2.0,4,8713,183,1.174352429807186,11.786011214135216,12.9603636439424,13.16035882779397,0.1999951838515699
vllm,long input short output,mistral_7b,10,2.0,5,8829,109,0.8091677611228079,7.507068313891068,8.316236075013876,9.126762990141287,0.8105269151274115
vllm,long input short output,mistral_7b,10,2.0,6,4193,66,1.6986671008635312,3.7207475220784554,5.419414622941986,5.926746416371316,0.50733179342933
vllm,long input short output,mistral_7b,10,2.0,7,5619,409,1.6986784478649497,19.37891629314981,21.077594741014764,21.539468716364357,0.4618739753495902
vllm,long input short output,mistral_7b,10,2.0,8,3158,1,1.6986931869760156,0.0486987570766359,1.7473919440526515,1.935253785457462,0.1878618414048105
vllm,long input short output,mistral_7b,10,2.0,9,6764,480,1.6987065519206226,22.479639385128397,24.178345937049016,24.351092716911808,0.1727467798627913
vllm,long input short output,mistral_7b,10,3.0,0,2494,254,0.2710456121712923,16.456665416946635,16.727711029117927,16.727948101237416,0.0002370721194893
vllm,long input short output,mistral_7b,10,3.0,1,6459,315,1.2829210869967935,17.82623222982511,19.109153316821903,19.37319871666841,0.2640453998465091
vllm,long input short output,mistral_7b,10,3.0,2,3982,206,1.2829363271594048,13.037769313901665,14.320705641061068,14.477561292471364,0.1568556514102965
vllm,long input short output,mistral_7b,10,3.0,3,4458,81,1.2829514660406858,7.429159455932677,8.712110921973363,8.784782438306138,0.0726715163327753
vllm,long input short output,mistral_7b,10,3.0,4,8713,183,1.6071406188420951,10.418260164093226,12.02540078293532,12.937728967284784,0.9123281843494624
vllm,long input short output,mistral_7b,10,3.0,5,8829,109,1.607155063888058,7.076873654033989,8.684028717922047,9.21998394234106,0.5359552244190127
vllm,long input short output,mistral_7b,10,3.0,6,4193,66,1.7060324549674988,3.407952291192487,5.113984746159986,6.515976280905306,1.401991534745321
vllm,long input short output,mistral_7b,10,3.0,7,5619,409,1.7060437549371272,18.38937276415527,20.0954165190924,21.46710882079788,1.3716923017054796
vllm,long input short output,mistral_7b,10,3.0,8,3158,1,1.70605787797831,0.050273576984182,1.756331454962492,2.945352810434997,1.189021355472505
vllm,long input short output,mistral_7b,10,3.0,9,6764,480,1.7060912300366908,21.404789783991877,23.110881014028564,24.289828167064115,1.1789471530355513
vllm,long input short output,mistral_7b,10,4.0,0,2494,254,0.2567942510358989,17.03965661302209,17.296450864057988,17.296619089320302,0.000168225262314
vllm,long input short output,mistral_7b,10,4.0,1,6459,315,1.2880321890115738,18.50973703898489,19.79776922799647,20.049545179354027,0.2517759513575583
vllm,long input short output,mistral_7b,10,4.0,2,3982,206,1.2880460729356855,13.546192893991249,14.834238966926932,15.005626601399854,0.1713876344729215
vllm,long input short output,mistral_7b,10,4.0,3,4458,81,1.288059962913394,7.687619025120512,8.975678988033906,9.083931036992,0.1082520489580929
vllm,long input short output,mistral_7b,10,4.0,4,8713,183,1.6094857270363718,10.882661558920518,12.49214728595689,13.556293474743145,1.0641461887862531
vllm,long input short output,mistral_7b,10,4.0,5,8829,109,1.6094994330778718,7.4060950409621,9.015594474039972,9.79746603150852,0.7818715574685484
vllm,long input short output,mistral_7b,10,4.0,6,4193,66,1.7175977290607989,3.6348019409924746,5.352399670053273,7.188307042699307,1.8359073726460335
vllm,long input short output,mistral_7b,10,4.0,7,5619,409,1.7176102730445564,19.447663347935304,21.16527362097986,22.97846037335694,1.813186752377078
vllm,long input short output,mistral_7b,10,4.0,8,3158,1,1.7176242910791188,0.052034324966371,1.76965861604549,3.4458451378159225,1.6761865217704326
vllm,long input short output,mistral_7b,10,4.0,9,6764,480,1.717638578964397,22.532760981004685,24.25039955996908,25.919032517354932,1.668632957385853
vllm,long input short output,mistral_7b,10,5.0,0,2494,254,0.2545439719688147,16.957073947181925,17.21161791915074,17.211781550664455,0.0001636315137147
vllm,long input short output,mistral_7b,10,5.0,1,6459,315,1.2889505240600556,18.45258006383665,19.741530587896705,19.991591952741143,0.2500613648444414
vllm,long input short output,mistral_7b,10,5.0,2,3982,206,1.2889849201310426,13.496122441021726,14.785107361152768,14.970851604128256,0.1857442429754883
vllm,long input short output,mistral_7b,10,5.0,3,4458,81,1.289039419963956,7.624041497008875,8.913080916972831,9.048312027705832,0.1352311107330024
vllm,long input short output,mistral_7b,10,5.0,4,8713,183,1.6144920221995562,10.81525149079971,12.429743512999266,13.588626426178962,1.1588829131796956
vllm,long input short output,mistral_7b,10,5.0,5,8829,109,1.614510232117027,7.344733817037195,8.959244049154222,9.89230856555514,0.9330645164009184
vllm,long input short output,mistral_7b,10,5.0,6,4193,66,1.7051655049435794,3.594432741869241,5.29959824681282,7.403136420529336,2.1035381737165157
vllm,long input short output,mistral_7b,10,5.0,7,5619,409,1.705158371012658,19.35843047918752,21.063588850200176,23.14895441872068,2.0853655685205013
vllm,long input short output,mistral_7b,10,5.0,8,3158,1,1.705157799879089,0.0474089181516319,1.752566718030721,3.728333711856976,1.9757669938262552
vllm,long input short output,mistral_7b,10,5.0,9,6764,480,1.7051572650671003,22.529325461946428,24.23448272701353,26.20420860638842,1.9697258793748915
vllm,long input short output,mistral_7b,10,6.0,0,2494,254,0.2537138869520277,16.939883468905464,17.19359735585749,17.193751860875636,0.0001545050181448
vllm,long input short output,mistral_7b,10,6.0,1,6459,315,1.285489393863827,18.43715497595258,19.722644369816408,19.97340646875091,0.2507620989345014
vllm,long input short output,mistral_7b,10,6.0,2,3982,206,1.2855030249338597,13.415681801969184,14.701184826903043,14.89836061000824,0.1971757831051945
vllm,long input short output,mistral_7b,10,6.0,3,4458,81,1.285517574986443,7.532560304971412,8.818077879957855,8.973166901618242,0.1550890216603875
vllm,long input short output,mistral_7b,10,6.0,4,8713,183,1.612418644828722,10.735080077080056,12.347498721908778,13.567063347203655,1.219564625294879
vllm,long input short output,mistral_7b,10,6.0,5,8829,109,1.612448032014072,7.273572565987706,8.886020598001778,9.917406790424138,1.0313861924223602
vllm,long input short output,mistral_7b,10,6.0,6,4193,66,1.6993807621765882,3.481970618944615,5.181351381121203,7.455411824397743,2.2740604432765394
vllm,long input short output,mistral_7b,10,6.0,7,5619,409,1.699392774142325,19.34240797488019,21.041800749022517,23.300721091218293,2.258920342195779
vllm,long input short output,mistral_7b,10,6.0,8,3158,1,1.6994065770413729,0.0486813520547002,1.748087929096073,3.915678095771,2.167590166674927
vllm,long input short output,mistral_7b,10,6.0,9,6764,480,1.6994210749398917,22.37861101003364,24.07803208497353,26.240589503664523,2.1625574186909944
vllm,long input short output,mistral_7b,10,7.0,0,2494,254,0.2572211432270705,17.030128011945635,17.287349155172706,17.287493727868423,0.0001445726957172
vllm,long input short output,mistral_7b,10,7.0,1,6459,315,1.2900347299873829,18.52944628498517,19.819481014972556,20.07439904822968,0.2549180332571268
vllm,long input short output,mistral_7b,10,7.0,2,3982,206,1.2900478970259428,13.566944852937011,14.856992749962956,15.065984054468572,0.2089913045056164
vllm,long input short output,mistral_7b,10,7.0,3,4458,81,1.2900621450971812,7.672066922998056,8.962129068095237,9.135047318646684,0.1729182505514472
vllm,long input short output,mistral_7b,10,7.0,4,8713,183,1.6171334369573742,10.86673827189952,12.483871708856896,13.757592780515552,1.273721071658656
vllm,long input short output,mistral_7b,10,7.0,5,8829,109,1.6171491800341755,7.403001658152789,9.020150838186964,10.132578070741149,1.1124272325541824
vllm,long input short output,mistral_7b,10,7.0,6,4193,66,1.7057766939979049,3.616307723103091,5.322084417100996,7.734784330474213,2.412699913373217
vllm,long input short output,mistral_7b,10,7.0,7,5619,409,1.7057911450974643,19.53807760286145,21.243868747958917,23.64359227474779,2.3997235267888755
vllm,long input short output,mistral_7b,10,7.0,8,3158,1,1.7058051079511642,0.0520153848920017,1.757820492843166,4.079262697370723,2.321442204527557
vllm,long input short output,mistral_7b,10,7.0,9,6764,480,1.7058189550880345,22.627934817923236,24.333753773011267,26.65088393050246,2.317130157491192
vllm,long input short output,mistral_7b,10,8.0,0,2494,254,0.2559895219746977,16.766023341799155,17.022012863773853,17.02223465195857,0.0002217881847172
vllm,long input short output,mistral_7b,10,8.0,1,6459,315,1.2790284159127625,18.259724241914228,19.53875265782699,19.793228869093586,0.2544762112665921
vllm,long input short output,mistral_7b,10,8.0,2,3982,206,1.279022193979472,13.345800234936178,14.62482242891565,14.839113356312737,0.2142909273970872
vllm,long input short output,mistral_7b,10,8.0,3,4458,81,1.2790214859414846,7.427041822113097,8.706063308054581,8.888791286153719,0.1827279780991375
vllm,long input short output,mistral_7b,10,8.0,4,8713,183,1.6120639787986877,10.664335103007032,12.27639908180572,13.571938734734433,1.29553965292871
vllm,long input short output,mistral_7b,10,8.0,5,8829,109,1.612089246045798,7.1828421980608255,8.794931444106624,9.94933126680553,1.154399822698906
vllm,long input short output,mistral_7b,10,8.0,6,4193,66,1.7015905738808217,3.4068073600064963,5.108397933887318,7.597918827319518,2.4895208934322
vllm,long input short output,mistral_7b,10,8.0,7,5619,409,1.7016028221696615,19.175329838879406,20.876932661049068,23.35510359588079,2.478170934831724
vllm,long input short output,mistral_7b,10,8.0,8,3158,1,1.701590363169089,0.0480511509813368,1.7496415141504258,4.159344757907093,2.409703243756667
vllm,long input short output,mistral_7b,10,8.0,9,6764,480,1.7015985420439392,22.27393116895109,23.975529710995037,26.38146655866876,2.405936847673729
vllm,long input short output,mistral_7b,10,9.0,0,2494,254,0.7956919439602643,16.579463148955256,17.37515509291552,17.411820380249992,0.0366652873344719
vllm,long input short output,mistral_7b,10,9.0,1,6459,315,0.7957010539248586,19.326581701170653,20.12228275509551,20.15616007288918,0.0338773177936673
vllm,long input short output,mistral_7b,10,9.0,2,3982,206,1.5158389729913324,12.801479251123965,14.317318224115295,15.112383927684276,0.7950657035689801
vllm,long input short output,mistral_7b,10,9.0,3,4458,81,1.515852668089792,6.81398259382695,8.329835261916742,9.096853085793557,0.767017823876813
vllm,long input short output,mistral_7b,10,9.0,4,8713,183,1.5158669129014015,11.73075583204627,13.246622744947672,13.865475006168708,0.6188522612210363
vllm,long input short output,mistral_7b,10,9.0,5,8829,109,1.6527247689664364,6.5817378191277385,8.234462588094175,10.244964665733278,2.010502077639103
vllm,long input short output,mistral_7b,10,9.0,6,4193,66,1.6527382810600102,4.387127225054428,6.039865506114438,7.802908476209268,1.7630429700948298
vllm,long input short output,mistral_7b,10,9.0,7,5619,409,1.6527521221432837,20.00816522887908,21.660917351022363,23.413865615380928,1.7529482643585652
vllm,long input short output,mistral_7b,10,9.0,8,3158,1,0.8579809851944447,0.049619996920228,0.9076009821146728,4.253315738635138,3.345714756520465
vllm,long input short output,mistral_7b,10,9.0,9,6764,480,0.857994323130697,22.05500925588421,22.913003579014912,26.25537535874173,3.342371779726818
vllm,long input short output,mistral_7b,10,10.0,0,2494,254,0.2522203540429473,16.990107009885833,17.24232736392878,17.24252139031887,0.0001940263900905
vllm,long input short output,mistral_7b,10,10.0,1,6459,315,1.2769017789978534,18.47906457795761,19.75596635695547,20.006313665304333,0.2503473083488643
vllm,long input short output,mistral_7b,10,10.0,2,3982,206,1.2769261240027845,13.489919014042243,14.766845138045028,14.985036878846586,0.2181917408015579
vllm,long input short output,mistral_7b,10,10.0,3,4458,81,1.276947390055284,7.576374545926228,8.853321935981512,9.046258840477094,0.1929369044955819
vllm,long input short output,mistral_7b,10,10.0,4,8713,183,1.6038565749768168,10.814755469094962,12.41861204407178,13.756310630124062,1.3376985860522836
vllm,long input short output,mistral_7b,10,10.0,5,8829,109,1.6038727259729058,7.324421502184123,8.928294228157029,10.153091454412788,1.2247972262557596
vllm,long input short output,mistral_7b,10,10.0,6,4193,66,1.698328786995262,3.5410225118976086,5.239351298892871,7.84660848416388,2.60725718527101
vllm,long input short output,mistral_7b,10,10.0,7,5619,409,1.698344460921362,19.41333811799996,21.11168257892132,23.709859988885,2.5981774099636823
vllm,long input short output,mistral_7b,10,10.0,8,3158,1,1.698359054978937,0.0512594881001859,1.749618543079123,4.293002258054912,2.543383714975789
vllm,long input short output,mistral_7b,10,10.0,9,6764,480,1.698372894199565,22.327373645966876,24.02574654016644,26.56611394812353,2.540367407957092
vllm,long input short output,mixtral_8x7b,1,1.0,0,2494,254,0.1097637410275638,10.896813642932102,11.006577383959666,11.006800926523283,0.0002235425636172
vllm,long input short output,mixtral_8x7b,2,1.0,0,2494,254,0.0917980060912668,11.666200781939551,11.757998788030818,11.758233576780183,0.0002347887493669
vllm,long input short output,mixtral_8x7b,2,1.0,1,6459,315,0.0899233729578554,14.245362202869728,14.335285575827584,14.40263770869933,0.067352132871747
vllm,long input short output,mixtral_8x7b,3,1.0,0,2494,254,0.1077985658776015,11.278250720119104,11.386049285996704,11.38628329266794,0.0002340066712349
vllm,long input short output,mixtral_8x7b,3,1.0,1,6459,315,0.0896113521885126,13.828501988900824,13.918113341089338,14.001660928595811,0.083547587506473
vllm,long input short output,mixtral_8x7b,3,1.0,2,3982,206,0.0570181109942495,8.955803999910131,9.01282211090438,9.04799909540452,0.0351769845001399
vllm,long input short output,mixtral_8x7b,4,1.0,0,2494,254,0.0953382600564509,11.66407764912583,11.75941590918228,11.759672448737549,0.0002565395552664
vllm,long input short output,mixtral_8x7b,4,1.0,1,6459,315,0.0899646310135722,14.271786115830764,14.361750746844336,14.432802169583738,0.0710514227394014
vllm,long input short output,mixtral_8x7b,4,1.0,2,3982,206,0.0643284160178154,9.346198783954604,9.41052719997242,9.440744787454603,0.0302175874821841
vllm,long input short output,mixtral_8x7b,4,1.0,3,4458,81,0.0626628550235182,3.670451525831595,3.733114380855113,3.758630298776552,0.0255159179214388
vllm,long input short output,mixtral_8x7b,5,1.0,0,2494,254,0.0921971548814326,12.049015627009794,12.141212781891229,12.14148461073637,0.0002718288451433
vllm,long input short output,mixtral_8x7b,5,1.0,1,6459,315,0.0964630439411848,14.794809688115492,14.891272732056676,14.959100426873192,0.0678276948165148
vllm,long input short output,mixtral_8x7b,5,1.0,2,3982,206,0.0581290321424603,9.713008177932352,9.771137210074812,9.773774748668076,0.0026375385932624
vllm,long input short output,mixtral_8x7b,5,1.0,3,4458,81,0.0634495019912719,3.884619956137613,3.948069458128885,3.982612418010831,0.0345429598819464
vllm,long input short output,mixtral_8x7b,5,1.0,4,8713,183,0.1185747389681637,8.477269158000126,8.59584389696829,8.639349390054122,0.0435054930858314
vllm,long input short output,mixtral_8x7b,6,1.0,0,2494,254,0.1057475919369608,12.011825760127977,12.117573352064936,12.11783748283051,0.0002641307655721
vllm,long input short output,mixtral_8x7b,6,1.0,1,6459,315,0.0880741900764405,14.522245832020417,14.610320022096856,14.69172919075936,0.0814091686625033
vllm,long input short output,mixtral_8x7b,6,1.0,2,3982,206,0.0554702188819646,9.8494668409694,9.904937059851363,9.94016640353948,0.0352293436881154
vllm,long input short output,mixtral_8x7b,6,1.0,3,4458,81,0.0619312899652868,3.96301566506736,4.024946955032647,4.041366074001417,0.0164191189687699
vllm,long input short output,mixtral_8x7b,6,1.0,4,8713,183,0.1176823650021106,8.58876462187618,8.70644698687829,8.743598849046975,0.0371518621686846
vllm,long input short output,mixtral_8x7b,6,1.0,5,8829,109,0.1139570060186088,5.18341284012422,5.2973698461428285,5.29787511145696,0.0005052653141319
vllm,long input short output,mixtral_8x7b,7,1.0,0,2494,254,0.0914481149520725,12.14100907300599,12.232457187958062,12.232713407836854,0.0002562198787927
vllm,long input short output,mixtral_8x7b,7,1.0,1,6459,315,0.0894878611434251,14.712944892933592,14.802432754077016,14.869473026832566,0.0670402727555483
vllm,long input short output,mixtral_8x7b,7,1.0,2,3982,206,0.051448045996949,9.851203646045178,9.902651692042127,9.904108389746398,0.0014566977042704
vllm,long input short output,mixtral_8x7b,7,1.0,3,4458,81,0.0579461769666522,3.9687933870591214,4.026739564025775,4.043040361953899,0.0163007979281246
vllm,long input short output,mixtral_8x7b,7,1.0,4,8713,183,0.1189028951339423,8.587618269957602,8.706521165091544,8.70896037016064,0.0024392050690948
vllm,long input short output,mixtral_8x7b,7,1.0,5,8829,109,0.120383515022695,5.127243557013571,5.247627072036266,5.268851103493944,0.0212240314576774
vllm,long input short output,mixtral_8x7b,7,1.0,6,4193,66,0.0590740561019629,3.0955526418983936,3.154626698000357,3.1863624178804457,0.0317357198800891
vllm,long input short output,mixtral_8x7b,8,1.0,0,2494,254,0.0930684248451143,12.585721529088914,12.678789953934029,12.67904923669994,0.00025928276591
vllm,long input short output,mixtral_8x7b,8,1.0,1,6459,315,0.0888208800461143,15.251210107002407,15.340030987048522,15.408779913792388,0.068748926743865
vllm,long input short output,mixtral_8x7b,8,1.0,2,3982,206,0.056101517053321,10.24540045298636,10.30150197003968,10.32582945167087,0.0243274816311895
vllm,long input short output,mixtral_8x7b,8,1.0,3,4458,81,0.0626695151440799,4.210753469960764,4.273422985104844,4.2896264139562845,0.0162034288514405
vllm,long input short output,mixtral_8x7b,8,1.0,4,8713,183,0.1196492640301585,8.993998510064557,9.113647774094716,9.122881573159248,0.0092337990645319
vllm,long input short output,mixtral_8x7b,8,1.0,5,8829,109,0.1203220761381089,5.459754453040659,5.580076529178768,5.59411880443804,0.0140422752592712
vllm,long input short output,mixtral_8x7b,8,1.0,6,4193,66,0.0602935601491481,3.179736167890951,3.240029728040099,3.265132601838559,0.0251028737984597
vllm,long input short output,mixtral_8x7b,8,1.0,7,5619,409,0.0754687108565121,18.40893275802955,18.484401468886063,18.52385936304927,0.0394578941632062
vllm,long input short output,mixtral_8x7b,9,1.0,0,2494,254,0.0914644859731197,12.489824606105683,12.581289092078803,12.581530578667298,0.0002414865884929
vllm,long input short output,mixtral_8x7b,9,1.0,1,6459,315,0.0907187450211495,15.09537589806132,15.18609464308247,15.253134830622002,0.0670401875395327
vllm,long input short output,mixtral_8x7b,9,1.0,2,3982,206,0.056846213992685,10.170619757147506,10.227465971140193,10.253435955615714,0.0259699844755232
vllm,long input short output,mixtral_8x7b,9,1.0,3,4458,81,0.0625032898969948,4.199012731201947,4.261516021098942,4.277182081947103,0.0156660608481615
vllm,long input short output,mixtral_8x7b,9,1.0,4,8713,183,0.119113866938278,8.929523245897144,9.048637112835422,9.078896784922108,0.0302596720866858
vllm,long input short output,mixtral_8x7b,9,1.0,5,8829,109,0.1204943319316953,5.241640004096553,5.362134336028248,5.380299613345414,0.0181652773171663
vllm,long input short output,mixtral_8x7b,9,1.0,6,4193,66,0.0597577830776572,3.1833720731083304,3.243129856185988,3.24873350490816,0.0056036487221717
vllm,long input short output,mixtral_8x7b,9,1.0,7,5619,409,0.0765962579753249,18.336148970061917,18.41274522803724,18.43879840313457,0.0260531750973314
vllm,long input short output,mixtral_8x7b,9,1.0,8,3158,1,0.0500933018047362,0.048073171172291,0.0981664729770273,0.1078619637992233,0.009695490822196
vllm,long input short output,mixtral_8x7b,10,1.0,0,2494,254,0.0941177390050143,12.85704646189697,12.951164200901983,12.951398374745622,0.0002341738436371
vllm,long input short output,mixtral_8x7b,10,1.0,0,2494,254,0.090623321942985,12.88918330008164,12.979806622024626,12.980091897770762,0.0002852757461369
vllm,long input short output,mixtral_8x7b,10,1.0,1,6459,315,0.3226975339930504,15.297148511977866,15.619846045970917,15.68994197784923,0.0700959318783134
vllm,long input short output,mixtral_8x7b,10,1.0,1,6459,315,0.3508473669644445,15.175639106193556,15.526486473158002,15.592934870859608,0.0664483977016061
vllm,long input short output,mixtral_8x7b,10,1.0,2,3982,206,0.0580168010201305,10.268402920104563,10.326419721124694,10.398110615788028,0.0716908946633338
vllm,long input short output,mixtral_8x7b,10,1.0,2,3982,206,0.05700563499704,10.3213424149435,10.37834804994054,10.474544572643936,0.0961965227033943
vllm,long input short output,mixtral_8x7b,10,1.0,3,4458,81,0.0622784411534667,4.015078725991771,4.077357167145237,4.09665597602725,0.0192988088820129
vllm,long input short output,mixtral_8x7b,10,1.0,3,4458,81,0.0615768181160092,4.050159408012405,4.111736226128414,4.12323687504977,0.0115006489213556
vllm,long input short output,mixtral_8x7b,10,1.0,4,8713,183,0.1190446121618151,9.026730100857094,9.145774713018907,9.14832679508254,0.0025520820636302
vllm,long input short output,mixtral_8x7b,10,1.0,4,8713,183,0.1192741468548774,9.049862705171108,9.169136852025986,9.214862329186872,0.0457254771608859
vllm,long input short output,mixtral_8x7b,10,1.0,5,8829,109,0.120691642165184,5.439990096958354,5.560681739123538,5.5792785624507815,0.0185968233272433
vllm,long input short output,mixtral_8x7b,10,1.0,5,8829,109,0.1208994959015399,5.490906985010952,5.611806480912492,5.6260573524050415,0.0142508714925497
vllm,long input short output,mixtral_8x7b,10,1.0,6,4193,66,0.0599553231149911,3.3685203769709915,3.4284757000859827,3.4502751079853624,0.0217994078993797
vllm,long input short output,mixtral_8x7b,10,1.0,6,4193,66,0.0589171650353819,3.3885773268993944,3.4474944919347763,3.4481335459277034,0.000639053992927
vllm,long input short output,mixtral_8x7b,10,1.0,7,5619,409,0.0835593310184776,18.854908232111484,18.93846756312996,18.976646749302745,0.0381791861727833
vllm,long input short output,mixtral_8x7b,10,1.0,7,5619,409,0.0757570548448711,18.54776898305863,18.623526037903503,18.64007054711692,0.0165445092134177
vllm,long input short output,mixtral_8x7b,10,1.0,8,3158,1,0.1497995611280203,0.0482169729657471,0.1980165340937674,0.2378083209041506,0.0397917868103832
vllm,long input short output,mixtral_8x7b,10,1.0,8,3158,1,0.0511536099947989,0.1372406748123467,0.1883942848071456,0.2095254217274487,0.0211311369203031
vllm,long input short output,mixtral_8x7b,10,1.0,9,6764,480,0.1498142739292234,21.83978283707984,21.98959711100906,21.99915715167299,0.0095600406639277
vllm,long input short output,mixtral_8x7b,10,1.0,9,6764,480,0.0902307059150189,21.450449086958542,21.54067979287356,21.583399452501908,0.0427196596283465
vllm,long input short output,mixtral_8x7b,10,2.0,0,2494,254,0.0902240891009569,12.932167945895344,13.0223920349963,13.022654010215774,0.0002619752194732
vllm,long input short output,mixtral_8x7b,10,2.0,1,6459,315,0.0900468230247497,15.653533973032609,15.743580796057358,15.82209397875704,0.0785131826996803
vllm,long input short output,mixtral_8x7b,10,2.0,2,3982,206,0.0568924890831112,10.546882452908903,10.603774941992016,10.612016399623826,0.0082414576318115
vllm,long input short output,mixtral_8x7b,10,2.0,3,4458,81,0.0608600850682705,4.631515614921227,4.692375699989498,4.730190469883382,0.0378147698938846
vllm,long input short output,mixtral_8x7b,10,2.0,4,8713,183,0.1186301759444177,9.235474252142012,9.35410442808643,9.358389092609286,0.0042846645228564
vllm,long input short output,mixtral_8x7b,10,2.0,5,8829,109,0.1206485268194228,5.422628750093281,5.543277276912704,5.5626331199891865,0.0193558430764824
vllm,long input short output,mixtral_8x7b,10,2.0,6,4193,66,0.0601380879525095,3.3419665649998933,3.402104652952403,3.431883371202275,0.0297787182498723
vllm,long input short output,mixtral_8x7b,10,2.0,7,5619,409,0.0759469310287386,19.05760731198825,19.133554243016988,19.17862822511233,0.0450739820953458
vllm,long input short output,mixtral_8x7b,10,2.0,8,3158,1,0.1505492988508194,0.0497738630510866,0.2003231619019061,0.2353310852777212,0.0350079233758151
vllm,long input short output,mixtral_8x7b,10,2.0,9,6764,480,0.1505640291143208,22.02997979405336,22.18054382316768,22.20044386875816,0.0199000455904752
vllm,long input short output,mixtral_8x7b,10,3.0,0,2494,254,0.0911784919444471,12.792708192020656,12.883886683965102,12.884056015172971,0.0001693312078714
vllm,long input short output,mixtral_8x7b,10,3.0,1,6459,315,0.0898210189770907,15.447213632054629,15.537034651031718,15.620653663761914,0.0836190127301961
vllm,long input short output,mixtral_8x7b,10,3.0,2,3982,206,0.058640070958063,10.501237376127392,10.559877447085457,10.626317449612545,0.0664400025270879
vllm,long input short output,mixtral_8x7b,10,3.0,3,4458,81,0.0682185129262507,4.599036206956953,4.667254719883204,4.708664072211832,0.0414093523286283
vllm,long input short output,mixtral_8x7b,10,3.0,4,8713,183,0.1188690301496535,9.249158621998504,9.368027652148156,9.409526588395238,0.0414989362470805
vllm,long input short output,mixtral_8x7b,10,3.0,5,8829,109,0.1202475121244788,5.681593062821776,5.801840574946255,5.820705431280658,0.0188648563344031
vllm,long input short output,mixtral_8x7b,10,3.0,6,4193,66,0.1476903059519827,3.283168561989441,3.4308588679414243,3.4718939608428627,0.0410350929014384
vllm,long input short output,mixtral_8x7b,10,3.0,7,5619,409,0.1477054210845381,18.82936141011305,18.97706683119759,18.987801039824262,0.0107342086266726
vllm,long input short output,mixtral_8x7b,10,3.0,8,3158,1,0.1290822499431669,0.0491152629256248,0.1781975128687918,0.2007508864626288,0.022553373593837
vllm,long input short output,mixtral_8x7b,10,3.0,9,6764,480,0.1290945459622889,21.84739923896268,21.97649378492497,21.98898536898196,0.0124915840569883
vllm,long input short output,mixtral_8x7b,10,4.0,0,2494,254,0.0911497289780527,12.750977115007116,12.84212684398517,12.842283721314743,0.000156877329573
vllm,long input short output,mixtral_8x7b,10,4.0,1,6459,315,0.161247035022825,15.333476339932531,15.494723374955356,15.580673778429627,0.0859504034742713
vllm,long input short output,mixtral_8x7b,10,4.0,2,3982,206,0.1612615378107875,10.425552390050145,10.58681392786093,10.592376248445362,0.0055623205844312
vllm,long input short output,mixtral_8x7b,10,4.0,3,4458,81,0.0630305209197104,4.595144035993144,4.658174556912854,4.76241767196916,0.1042431150563061
vllm,long input short output,mixtral_8x7b,10,4.0,4,8713,183,0.1184162399731576,8.943724011071026,9.062140251044184,9.168547002831474,0.1064067517872899
vllm,long input short output,mixtral_8x7b,10,4.0,5,8829,109,0.119063168996945,5.430086442036554,5.549149611033499,5.588598946575075,0.0394493355415761
vllm,long input short output,mixtral_8x7b,10,4.0,6,4193,66,0.1252822750248015,3.297516759019345,3.4227990340441465,3.4506828146986663,0.0278837806545197
vllm,long input short output,mixtral_8x7b,10,4.0,7,5619,409,0.1252985701430589,18.866290386999022,18.991588957142085,18.99675115151331,0.0051621943712234
vllm,long input short output,mixtral_8x7b,10,4.0,8,3158,1,0.1310205308254808,0.0485243140719831,0.1795448448974639,0.2334695067256689,0.0539246618282049
vllm,long input short output,mixtral_8x7b,10,4.0,9,6764,480,0.1310363530647009,21.841849240940064,21.972885594004765,22.01926454133354,0.0463789473287761
vllm,long input short output,mixtral_8x7b,10,5.0,0,2494,254,0.0950552029535174,12.953275179024786,13.048330381978303,13.048491940367969,0.0001615583896636
vllm,long input short output,mixtral_8x7b,10,5.0,1,6459,315,0.1554266449529677,15.558934587985275,15.714361232938243,15.805412888526917,0.0910516555886715
vllm,long input short output,mixtral_8x7b,10,5.0,2,3982,206,0.1554425579961389,10.602611023001373,10.758053580997512,10.784798301989213,0.0267447209917008
vllm,long input short output,mixtral_8x7b,10,5.0,3,4458,81,0.0635831078980118,4.670794926118106,4.7343780340161175,4.866629038704559,0.1322510046884417
vllm,long input short output,mixtral_8x7b,10,5.0,4,8713,183,0.1185601050965488,9.120498039992526,9.239058145089077,9.43775867507793,0.1987005299888551
vllm,long input short output,mixtral_8x7b,10,5.0,5,8829,109,0.1201014071702957,5.538421174045652,5.658522581215948,5.750636261422187,0.0921136802062392
vllm,long input short output,mixtral_8x7b,10,5.0,6,4193,66,0.0607082459609955,3.4312884090468287,3.4919966550078243,3.498591271461919,0.0065946164540946
vllm,long input short output,mixtral_8x7b,10,5.0,7,5619,409,0.0757958039175719,19.1108887870796,19.18668459099717,19.236341398442164,0.0496568074449896
vllm,long input short output,mixtral_8x7b,10,5.0,8,3158,1,0.1283314141910523,0.0494185269344598,0.1777499411255121,0.1944081566762179,0.0166582155507057
vllm,long input short output,mixtral_8x7b,10,5.0,9,6764,480,0.1283469388727098,22.111169231124222,22.23951616999693,22.250141964294016,0.0106257942970842
vllm,long input short output,mixtral_8x7b,10,6.0,0,2494,254,0.0886142030358314,12.75497412495315,12.843588327988982,12.843755258945748,0.000166930956766
vllm,long input short output,mixtral_8x7b,10,6.0,1,6459,315,0.1544021749868989,15.301067868014798,15.455470043001696,15.541023406898605,0.0855533638969063
vllm,long input short output,mixtral_8x7b,10,6.0,2,3982,206,0.1544147548265755,10.419527440099046,10.57394219492562,10.605909165227786,0.0319669703021645
vllm,long input short output,mixtral_8x7b,10,6.0,3,4458,81,0.2542678341269493,4.336169302929193,4.590437137056142,4.735360350692645,0.1449232136365026
vllm,long input short output,mixtral_8x7b,10,6.0,4,8713,183,0.1232405789196491,8.988551075104624,9.111791654024271,9.289432268356904,0.1776406143326312
vllm,long input short output,mixtral_8x7b,10,6.0,5,8829,109,0.1203732779249548,5.414516231045127,5.534889508970082,5.64790297858417,0.1130134696140885
vllm,long input short output,mixtral_8x7b,10,6.0,6,4193,66,0.0586687009781599,3.315103860804811,3.373772561782971,3.3788959763478488,0.0051234145648777
vllm,long input short output,mixtral_8x7b,10,6.0,7,5619,409,0.0752777198795229,18.83262815396301,18.907905873842537,18.95713291829452,0.0492270444519817
vllm,long input short output,mixtral_8x7b,10,6.0,8,3158,1,0.1282035778276622,0.0484051450621336,0.1766087228897959,0.2100890188012272,0.0334802959114313
vllm,long input short output,mixtral_8x7b,10,6.0,9,6764,480,0.1282275440171361,21.798897149972618,21.927124693989757,21.9555702067446,0.0284455127548426
vllm,long input short output,mixtral_8x7b,10,7.0,0,2494,254,0.0912901989649981,13.04404844599776,13.135338644962758,13.13554858788848,0.0002099429257214
vllm,long input short output,mixtral_8x7b,10,7.0,1,6459,315,0.2039233180694282,15.581293019931763,15.785216338001192,15.874211937189102,0.0889955991879105
vllm,long input short output,mixtral_8x7b,10,7.0,2,3982,206,0.2039729689713567,10.623636218020692,10.82760918699205,10.870675689540803,0.0430665025487542
vllm,long input short output,mixtral_8x7b,10,7.0,3,4458,81,0.2040037719998508,4.712327289860696,4.9163310618605465,4.923324268544093,0.0069932066835463
vllm,long input short output,mixtral_8x7b,10,7.0,4,8713,183,0.1198257901705801,9.43520844494924,9.55503423511982,9.5762709826231,0.0212367475032806
vllm,long input short output,mixtral_8x7b,10,7.0,5,8829,109,0.1201415439136326,5.576412899186835,5.696554443100467,5.961919106775895,0.2653646636754274
vllm,long input short output,mixtral_8x7b,10,7.0,6,4193,66,0.1464220259804278,3.363873602123931,3.510295628104359,3.5784315546043217,0.0681359264999628
vllm,long input short output,mixtral_8x7b,10,7.0,7,5619,409,0.1464371460024267,19.17421320313588,19.320650349138305,19.375810507917777,0.0551601587794721
vllm,long input short output,mixtral_8x7b,10,7.0,8,3158,1,0.1304744291119277,0.0494485269300639,0.1799229560419917,0.3040596034843474,0.1241366474423557
vllm,long input short output,mixtral_8x7b,10,7.0,9,6764,480,0.1304890860337764,22.28917302703485,22.419662113068625,22.539493914693598,0.1198318016249686
vllm,long input short output,mixtral_8x7b,10,8.0,0,2494,254,0.1088046999648213,12.900418484117836,13.009223184082655,13.00939930602908,0.0001761219464242
vllm,long input short output,mixtral_8x7b,10,8.0,1,6459,315,0.2019971010740846,15.49003924895078,15.692036350024864,15.799070208100602,0.1070338580757379
vllm,long input short output,mixtral_8x7b,10,8.0,2,3982,206,0.2020123559050262,10.525152151938528,10.727164507843554,10.794012806145474,0.0668482983019203
vllm,long input short output,mixtral_8x7b,10,8.0,3,4458,81,0.2020274300593882,4.635102034080774,4.837129464140162,4.872414882062003,0.0352854179218411
vllm,long input short output,mixtral_8x7b,10,8.0,4,8713,183,0.1181343409698456,9.338244037004188,9.456378377974032,9.527767297811806,0.0713889198377728
vllm,long input short output,mixtral_8x7b,10,8.0,5,8829,109,0.1205180338583886,5.732825586106628,5.853343619965017,5.902437933720648,0.0490943137556314
vllm,long input short output,mixtral_8x7b,10,8.0,6,4193,66,0.249479979975149,3.213808696018532,3.463288675993681,3.618698767386377,0.1554100913926959
vllm,long input short output,mixtral_8x7b,10,8.0,7,5619,409,0.2494934620335698,19.094348929123957,19.343842391157523,19.487900662934408,0.1440582717768848
vllm,long input short output,mixtral_8x7b,10,8.0,8,3158,1,0.2495076828636229,0.0482805480714887,0.2977882309351116,0.3733516638167202,0.0755634328816086
vllm,long input short output,mixtral_8x7b,10,8.0,9,6764,480,0.2495205530431121,22.209555975859985,22.459076528903097,22.530868783593174,0.0717922546900808
vllm,long input short output,mixtral_8x7b,10,9.0,0,2494,254,0.0888484169263392,12.691439216025174,12.780287632951511,12.780490233330056,0.0002026003785431
vllm,long input short output,mixtral_8x7b,10,9.0,1,6459,315,0.2046182751655578,15.22222310397774,15.426841379143298,15.513762317830697,0.086920938687399
vllm,long input short output,mixtral_8x7b,10,9.0,2,3982,206,0.2046363840345293,10.30219621094875,10.50683259498328,10.558029735693708,0.0511971407104283
vllm,long input short output,mixtral_8x7b,10,9.0,3,4458,81,0.204654494067654,4.560736107872799,4.765390601940453,4.788529934827238,0.0231393328867852
vllm,long input short output,mixtral_8x7b,10,9.0,4,8713,183,0.1197542590089142,9.133311581099406,9.25306584010832,9.33350608125329,0.08044024114497
vllm,long input short output,mixtral_8x7b,10,9.0,5,8829,109,0.1207503059413284,5.632431820034981,5.753182125976309,5.829101641662419,0.0759195156861096
vllm,long input short output,mixtral_8x7b,10,9.0,6,4193,66,0.2506072500254959,3.1328225289471447,3.3834297789726406,3.6013881471008062,0.2179583681281656
vllm,long input short output,mixtral_8x7b,10,9.0,7,5619,409,0.2506190428975969,18.757071497151628,19.007690540049225,19.215561544522643,0.207871004473418
vllm,long input short output,mixtral_8x7b,10,9.0,8,3158,1,0.2506323179695755,0.0450906499754637,0.2957229679450393,0.4427114215213805,0.1469884535763412
vllm,long input short output,mixtral_8x7b,10,9.0,9,6764,480,0.250646271975711,21.90598897403106,22.15663524600677,22.3002720028162,0.1436367568094283
vllm,long input short output,mixtral_8x7b,10,10.0,0,2494,254,0.1479240409098565,12.905391772044824,13.05331581295468,13.078397896373644,0.0250820834189653
vllm,long input short output,mixtral_8x7b,10,10.0,1,6459,315,0.1479384161066264,15.715095720952377,15.863034137059003,15.885605384362862,0.0225712473038584
vllm,long input short output,mixtral_8x7b,10,10.0,2,3982,206,0.1093400709796696,10.626762446947396,10.736102517927064,10.87531925388612,0.139216735959053
vllm,long input short output,mixtral_8x7b,10,10.0,3,4458,81,0.1093351321760565,4.725430769845843,4.8347659020219,4.948740678373724,0.1139747763518244
vllm,long input short output,mixtral_8x7b,10,10.0,4,8713,183,0.1350462068803608,9.4311030539684,9.56614926084876,9.656399196013808,0.0902499351650476
vllm,long input short output,mixtral_8x7b,10,10.0,5,8829,109,0.1201061268802732,5.808084165211767,5.92819029209204,6.041346337413415,0.1131560453213751
vllm,long input short output,mixtral_8x7b,10,10.0,6,4193,66,0.1538252029567957,3.568074767943472,3.7218999709002674,3.73324223421514,0.0113422633148729
vllm,long input short output,mixtral_8x7b,10,10.0,7,5619,409,0.1538715448696166,19.49268318596296,19.646554730832577,19.64881891477853,0.0022641839459538
vllm,long input short output,mixtral_8x7b,10,10.0,8,3158,1,0.3408862070646137,0.0555267408490181,0.3964129479136318,0.4986331919208169,0.1022202440071851
vllm,long input short output,mixtral_8x7b,10,10.0,9,6764,480,0.3409136519767344,22.290620556101203,22.631534208077937,22.730745538137853,0.0992113300599157
vllm,long input short output,qwen_7b,1,1.0,0,2494,254,0.2509015309624374,11.340958388056606,11.591859919019043,11.59212018060498,0.0002602615859359
vllm,long input short output,qwen_7b,2,1.0,0,2494,254,0.2626493580173701,12.1861464290414,12.44879578705877,12.44905488169752,0.0002590946387499
vllm,long input short output,qwen_7b,2,1.0,1,6459,315,0.5581573839299381,14.26028432417661,14.818441708106548,15.056789198890328,0.2383474907837808
vllm,long input short output,qwen_7b,3,1.0,0,2494,254,0.2553499510977417,12.777400580001997,13.032750531099737,13.033003559568895,0.0002530284691601
vllm,long input short output,qwen_7b,3,1.0,1,6459,315,0.555609734961763,14.963231571950018,15.51884130691178,15.749933514511213,0.2310922075994312
vllm,long input short output,qwen_7b,3,1.0,2,3982,206,0.3259975891560316,9.721594115020707,10.04759170417674,10.513156267581508,0.4655645634047687
vllm,long input short output,qwen_7b,4,1.0,0,2494,254,0.257208134047687,13.3049596240744,13.562167758122088,13.562481798697265,0.0003140405751764
vllm,long input short output,qwen_7b,4,1.0,1,6459,315,0.5567647251300514,15.470761343836784,16.027526068966836,16.260664489585906,0.2331384206190705
vllm,long input short output,qwen_7b,4,1.0,2,3982,206,0.7064329159911722,9.860721440054476,10.567154356045648,11.036183688556775,0.469029332511127
vllm,long input short output,qwen_7b,4,1.0,3,4458,81,0.7064463989809155,4.073007187107578,4.7794535860884935,4.995913560967892,0.2164599748793989
vllm,long input short output,qwen_7b,5,1.0,0,2494,254,0.2561924429610371,14.19001414300874,14.446206585969776,14.44647735566832,0.0002707696985453
vllm,long input short output,qwen_7b,5,1.0,1,6459,315,0.5565453378949314,16.400196332950145,16.956741670845076,17.188615216640756,0.2318735457956791
vllm,long input short output,qwen_7b,5,1.0,2,3982,206,0.70591876283288,10.738665780983863,11.444584543816744,11.912186600500718,0.4676020566839725
vllm,long input short output,qwen_7b,5,1.0,3,4458,81,0.705932998098433,4.878012819914147,5.58394581801258,5.798978483770043,0.2150326657574623
vllm,long input short output,qwen_7b,5,1.0,4,8713,183,0.7860408280976117,8.868107618996873,9.654148447094483,9.670604994054884,0.0164565469603985
vllm,long input short output,qwen_7b,6,1.0,0,2494,254,0.258771404158324,14.898320686770605,15.157092090928929,15.15729766851291,0.0002055775839835
vllm,long input short output,qwen_7b,6,1.0,1,6459,315,0.5569648980163038,17.093443229794502,17.650408127810806,17.884830153547227,0.2344220257364213
vllm,long input short output,qwen_7b,6,1.0,2,3982,206,0.7061215699650347,11.465756059857084,12.17187762982212,12.64240579144098,0.4705281616188586
vllm,long input short output,qwen_7b,6,1.0,3,4458,81,0.7061343910172582,5.536205885000527,6.242340276017785,6.460301154758781,0.2179608787409961
vllm,long input short output,qwen_7b,6,1.0,4,8713,183,0.784950063098222,9.604599575977772,10.389549639075994,10.402842913055792,0.0132932739797979
vllm,long input short output,qwen_7b,6,1.0,5,8829,109,0.7906162210274488,5.313257524045184,6.103873745072633,6.113653232343495,0.0097794872708618
vllm,long input short output,qwen_7b,7,1.0,0,2494,254,0.2727491019759327,14.867117615882307,15.13986671785824,15.140067482599989,0.0002007647417485
vllm,long input short output,qwen_7b,7,1.0,1,6459,315,0.5564781401772052,16.9671414939221,17.523619634099305,17.771527962759137,0.2479083286598324
vllm,long input short output,qwen_7b,7,1.0,2,3982,206,0.7025830519851297,11.490219065919518,12.192802117904648,12.67625967762433,0.4834575597196817
vllm,long input short output,qwen_7b,7,1.0,3,4458,81,0.7025744908023626,5.667159745004028,6.369734235806391,6.600626171799377,0.2308919359929859
vllm,long input short output,qwen_7b,7,1.0,4,8713,183,0.7853448730893433,9.686967571964487,10.47231244505383,10.498901952058077,0.0265895070042461
vllm,long input short output,qwen_7b,7,1.0,5,8829,109,0.791253583971411,5.486569660948589,6.27782324492,6.282109407242388,0.004286162322387
vllm,long input short output,qwen_7b,7,1.0,6,4193,66,0.3392566789407283,3.1865973360836506,3.525854015024379,3.538316454971209,0.0124624399468302
vllm,long input short output,qwen_7b,8,1.0,0,2494,254,0.257242803927511,15.79786188993603,16.05510469386354,16.05534540163353,0.0002407077699899
vllm,long input short output,qwen_7b,8,1.0,1,6459,315,0.5580367289949208,17.803829978918657,18.361866707913578,18.594716406660154,0.2328496987465769
vllm,long input short output,qwen_7b,8,1.0,2,3982,206,0.7069988381117582,12.436709186062217,13.143708024173977,13.61331809964031,0.4696100754663348
vllm,long input short output,qwen_7b,8,1.0,3,4458,81,0.7070192559622228,6.376702718902379,7.083721974864602,7.300756625831127,0.217034650966525
vllm,long input short output,qwen_7b,8,1.0,4,8713,183,0.7863373558502644,10.581817405065522,11.368154760915786,11.379693852039054,0.011539091123268
vllm,long input short output,qwen_7b,8,1.0,5,8829,109,0.7944021520670503,6.219357865862548,7.013760017929599,7.016095832223073,0.0023358142934739
vllm,long input short output,qwen_7b,8,1.0,6,4193,66,0.340316676069051,3.78788647800684,4.128203154075891,4.147700548870489,0.0194973947945982
vllm,long input short output,qwen_7b,8,1.0,7,5619,409,0.4759813139680773,18.778147142147645,19.254128456115723,19.52356533613056,0.2694368800148368
vllm,long input short output,qwen_7b,9,1.0,0,2494,254,0.2600040531251579,16.136482148896903,16.39648620202206,16.396741333650425,0.0002551316283643
vllm,long input short output,qwen_7b,9,1.0,1,6459,315,0.5575230971444398,18.309461627854034,18.866984724998478,19.10264859464951,0.2356638696510344
vllm,long input short output,qwen_7b,9,1.0,2,3982,206,0.7040518368594348,12.67792084417306,13.381972681032494,13.854289945680648,0.4723172646481544
vllm,long input short output,qwen_7b,9,1.0,3,4458,81,0.7040668819099665,6.643716621911153,7.34778350382112,7.56753193680197,0.2197484329808503
vllm,long input short output,qwen_7b,9,1.0,4,8713,183,0.7852301220409572,10.826721459859982,11.61195158190094,11.61389287095517,0.0019412890542298
vllm,long input short output,qwen_7b,9,1.0,5,8829,109,0.7917866089846939,6.495273341191933,7.287059950176626,7.327846461441368,0.0407865112647414
vllm,long input short output,qwen_7b,9,1.0,6,4193,66,0.3398519090842455,4.0398172431159765,4.379669152200222,4.416065762983635,0.036396610783413
vllm,long input short output,qwen_7b,9,1.0,7,5619,409,0.4734311311040073,19.11904044309631,19.59247157420032,19.878372066188604,0.2859004919882864
vllm,long input short output,qwen_7b,9,1.0,8,3158,1,0.2569215721450746,0.0505109438672661,0.3074325160123408,0.5192087267059833,0.2117762106936425
vllm,long input short output,qwen_7b,10,1.0,0,2494,254,0.2512263178359717,16.790558535140008,17.04178485297598,17.041905694874004,0.000120841898024
vllm,long input short output,qwen_7b,10,1.0,0,2494,254,0.254349720897153,16.96710535301827,17.221455073915422,17.221632512751967,0.0001774388365447
vllm,long input short output,qwen_7b,10,1.0,1,6459,315,0.5536161030177027,19.088236772920936,19.64185287593864,19.868165008723736,0.2263121327850967
vllm,long input short output,qwen_7b,10,1.0,1,6459,315,0.5565505258273333,19.176938529126343,19.73348905495368,19.963614269858223,0.2301252149045467
vllm,long input short output,qwen_7b,10,1.0,2,3982,206,0.7022905319463462,13.274237944046035,13.976528475992382,14.435078670736402,0.4585501947440207
vllm,long input short output,qwen_7b,10,1.0,2,3982,206,0.7061216679867357,13.504135930910708,14.210257598897442,14.676025353604928,0.4657677547074854
vllm,long input short output,qwen_7b,10,1.0,3,4458,81,0.7023170290049165,7.264659446896985,7.966976475901902,8.172946030972525,0.2059695550706237
vllm,long input short output,qwen_7b,10,1.0,3,4458,81,0.7061386329587549,7.403625250095501,8.109763883054256,8.322961481986567,0.2131975989323109
vllm,long input short output,qwen_7b,10,1.0,4,8713,183,0.7831958220340312,11.440950243966654,12.224146066000683,12.261719324160367,0.0375732581596821
vllm,long input short output,qwen_7b,10,1.0,4,8713,183,0.7862529379781336,11.65513539290987,12.441388330888005,12.445589459035546,0.0042011281475424
vllm,long input short output,qwen_7b,10,1.0,5,8829,109,0.7882990660145879,7.170460807159543,7.958759873174131,7.979399471543729,0.0206395983695983
vllm,long input short output,qwen_7b,10,1.0,5,8829,109,0.7929723260458559,7.321453314973041,8.114425641018897,8.155674551380798,0.0412489103619009
vllm,long input short output,qwen_7b,10,1.0,6,4193,66,0.339660304132849,4.737362351035699,5.077022655168548,5.10625032405369,0.0292276688851416
vllm,long input short output,qwen_7b,10,1.0,6,4193,66,0.3400362581014633,4.871745609911159,5.211781868012622,5.2154270329046994,0.0036451648920774
vllm,long input short output,qwen_7b,10,1.0,7,5619,409,0.4737430240493268,20.01584258908406,20.489585613133382,20.7681341082789,0.2785484951455146
vllm,long input short output,qwen_7b,10,1.0,7,5619,409,0.4738505790010094,20.221605895087123,20.69545647408813,20.948778596241027,0.2533221221528947
vllm,long input short output,qwen_7b,10,1.0,8,3158,1,0.8435450319666415,0.0528931580483913,0.8964381900150329,1.1014932529069483,0.2050550628919154
vllm,long input short output,qwen_7b,10,1.0,8,3158,1,0.8486309321597219,0.0547014919575303,0.9033324241172522,1.0833033588714898,0.1799709347542375
vllm,long input short output,qwen_7b,10,1.0,9,6764,480,0.8435613459441811,22.333044692175463,23.176606038119644,23.35142811969854,0.1748220815788954
vllm,long input short output,qwen_7b,10,1.0,9,6764,480,0.848646747879684,22.471554083982483,23.320200831862167,23.469938192516565,0.1497373606543988
vllm,long input short output,qwen_7b,10,2.0,0,2494,254,0.2624674281105399,16.697847383096814,16.960314811207354,16.960494046332315,0.0001792351249605
vllm,long input short output,qwen_7b,10,2.0,1,6459,315,0.8915680579375476,18.564744350034744,19.45631240797229,19.70675844163634,0.2504460336640477
vllm,long input short output,qwen_7b,10,2.0,2,3982,206,0.8915724998805672,13.686716814991088,14.578289314871654,14.667930787662044,0.0896414727903902
vllm,long input short output,qwen_7b,10,2.0,3,4458,81,1.1619430969003588,6.8394812101032585,8.001424307003617,8.856730347964913,0.8553060409612954
vllm,long input short output,qwen_7b,10,2.0,4,8713,183,1.1619680640287695,11.586630224017426,12.748598288046196,12.9371156336274,0.1885173455812037
vllm,long input short output,qwen_7b,10,2.0,5,8829,109,0.7907455000095069,7.400169366039336,8.190914866048843,8.977680949028581,0.7867660829797387
vllm,long input short output,qwen_7b,10,2.0,6,4193,66,1.670716327149421,3.6365194728132337,5.307235799962655,5.771597752114758,0.4643619521521032
vllm,long input short output,qwen_7b,10,2.0,7,5619,409,1.670721922069788,19.193289103917778,20.86401102598757,21.282903640996665,0.4188926150090992
vllm,long input short output,qwen_7b,10,2.0,8,3158,1,1.6707277889363468,0.0528112531173974,1.7235390420537442,1.86841237032786,0.1448733282741159
vllm,long input short output,qwen_7b,10,2.0,9,6764,480,1.6707328690681609,22.391981177031997,24.062714046100155,24.19246603967622,0.1297519935760647
vllm,long input short output,qwen_7b,10,3.0,0,2494,254,0.782902403967455,16.68389395205304,17.466796356020495,17.54431046033278,0.0775141043122857
vllm,long input short output,qwen_7b,10,3.0,1,6459,315,0.7829281431622803,19.52940962696448,20.31233777012676,20.381424756953493,0.0690869868267327
vllm,long input short output,qwen_7b,10,3.0,2,3982,206,1.4886100988369435,12.98215756798163,14.470767666818574,15.216816265601665,0.7460485987830907
vllm,long input short output,qwen_7b,10,3.0,3,4458,81,1.4886271471623331,7.008352423785254,8.496979570947587,9.158849141327664,0.6618695703800768
vllm,long input short output,qwen_7b,10,3.0,4,8713,183,1.488653306150809,11.90628362982534,13.394936935976148,13.612286501331257,0.2173495653551072
vllm,long input short output,qwen_7b,10,3.0,5,8829,109,1.6233791441190988,6.769917448982596,8.393296593101695,9.724169650580734,1.3308730574790388
vllm,long input short output,qwen_7b,10,3.0,6,4193,66,1.623394591966644,4.603211987065151,6.226606579031795,6.8150666588917375,0.5884600798599422
vllm,long input short output,qwen_7b,10,3.0,7,5619,409,1.6234086852055043,20.73671838780865,22.360127073014155,22.918280221754685,0.55815314874053
vllm,long input short output,qwen_7b,10,3.0,8,3158,1,0.8462525829672813,0.0563013011123985,0.9025538840796798,2.902283970732242,1.999730086652562
vllm,long input short output,qwen_7b,10,3.0,9,6764,480,0.8462700101081282,23.12041167495772,23.96668168506585,25.956345019163564,1.9896633340977128
vllm,long input short output,qwen_7b,10,4.0,0,2494,254,1.1153786689974368,16.47043227404356,17.585810943040997,17.694371880264953,0.1085609372239559
vllm,long input short output,qwen_7b,10,4.0,1,6459,315,1.1153982658870518,19.264406298985705,20.37980456487276,20.48205111734569,0.1022465524729341
vllm,long input short output,qwen_7b,10,4.0,2,3982,206,1.1154336149338633,14.258911908138543,15.374345523072408,15.396192538551986,0.0218470154795795
vllm,long input short output,qwen_7b,10,4.0,3,4458,81,1.1613910850137472,6.99508341611363,8.156474501127377,9.231752935098484,1.075278433971107
vllm,long input short output,qwen_7b,10,4.0,4,8713,183,1.1614032068755478,12.00762446410954,13.169027670985088,13.910926347831264,0.7418986768461764
vllm,long input short output,qwen_7b,10,4.0,5,8829,109,1.6218679528683424,6.761009909212589,8.382877862080932,10.00510944169946,1.6222315796185285
vllm,long input short output,qwen_7b,10,4.0,6,4193,66,1.6218804460950196,4.603009742917493,6.224890189012513,7.290316979633644,1.0654267906211317
vllm,long input short output,qwen_7b,10,4.0,7,5619,409,1.6218954140786082,20.75536306388676,22.37725847796537,23.419958237325773,1.0426997593604028
vllm,long input short output,qwen_7b,10,4.0,8,3158,1,0.8458827219437808,0.0548587460070848,0.9007414679508656,3.429172852775082,2.5284313848242164
vllm,long input short output,qwen_7b,10,4.0,9,6764,480,0.8458973069209605,23.120980467181653,23.966877774102613,26.487763200420886,2.520885426318273
vllm,long input short output,qwen_7b,10,5.0,0,2494,254,1.4788019869010895,16.03691963502206,17.51572162192315,17.73748594149947,0.221764319576323
vllm,long input short output,qwen_7b,10,5.0,1,6459,315,1.4788305941037834,18.86314881383441,20.3419794079382,20.558703010668975,0.2167236027307808
vllm,long input short output,qwen_7b,10,5.0,2,3982,206,1.4788494959939271,13.777155702002348,15.256005197996274,15.408411486074328,0.1524062880780547
vllm,long input short output,qwen_7b,10,5.0,3,4458,81,1.4788678539916873,7.715521602192894,9.19438945618458,9.296283973846585,0.1018945176620036
vllm,long input short output,qwen_7b,10,5.0,4,8713,183,1.5895249508321283,11.102143600117415,12.691668550949544,14.006969389272854,1.31530083832331
vllm,long input short output,qwen_7b,10,5.0,5,8829,109,1.589547127019614,7.498957242118195,9.088504369137809,10.177987731527535,1.0894833623897284
vllm,long input short output,qwen_7b,10,5.0,6,4193,66,1.669121986022219,3.689742883900181,5.3588648699224,7.59383481554687,2.2349699456244707
vllm,long input short output,qwen_7b,10,5.0,7,5619,409,1.669134584022686,19.882936872076243,21.55207145609893,23.76886826660484,2.216796810505912
vllm,long input short output,qwen_7b,10,5.0,8,3158,1,1.669151545036584,0.0562577119562774,1.7254092569928616,3.8326070248149335,2.107197767822072
vllm,long input short output,qwen_7b,10,5.0,9,6764,480,1.6691665290854871,23.12291787005961,24.792084399145097,26.893240948440507,2.1011565492954105
vllm,long input short output,qwen_7b,10,6.0,0,2494,254,1.4784186941105872,15.88672320684418,17.365141900954768,17.592722988920286,0.2275810879655182
vllm,long input short output,qwen_7b,10,6.0,1,6459,315,1.4784600490238518,18.701657069846988,20.18011711887084,20.40349348378368,0.2233763649128377
vllm,long input short output,qwen_7b,10,6.0,2,3982,206,1.4785040081478655,13.704351149965078,15.182855158112943,15.352635151240976,0.1697799931280315
vllm,long input short output,qwen_7b,10,6.0,3,4458,81,1.4785224969964474,7.676914252107963,9.15543674910441,9.283125157700852,0.1276884085964411
vllm,long input short output,qwen_7b,10,6.0,4,8713,183,1.5866767519619316,11.053955500945449,12.64063225290738,14.025801409268752,1.3851691563613713
vllm,long input short output,qwen_7b,10,6.0,5,8829,109,1.5866913851350546,7.479061933001503,9.065753318136558,10.262743956642224,1.1969906385056674
vllm,long input short output,qwen_7b,10,6.0,6,4193,66,1.6755933670792729,3.661370531888679,5.336963898967952,7.75070288637653,2.4137389874085784
vllm,long input short output,qwen_7b,10,6.0,7,5619,409,1.6756349180359391,19.694976590108126,21.370611508144066,23.76920918840915,2.398597680265084
vllm,long input short output,qwen_7b,10,6.0,8,3158,1,1.6756594420876354,0.0553886489942669,1.7310480910819024,4.038316321792081,2.3072682307101786
vllm,long input short output,qwen_7b,10,6.0,9,6764,480,1.6756746019236743,22.896503356052563,24.57217795797624,26.874413384590294,2.302235426614061
vllm,long input short output,qwen_7b,10,7.0,0,2494,254,1.4830445491243154,16.03050867910497,17.513553228229284,17.794824006035924,0.2812707778066396
vllm,long input short output,qwen_7b,10,7.0,1,6459,315,1.4830847750417888,18.90922825387679,20.39231302891858,20.669995436212048,0.2776824072934687
vllm,long input short output,qwen_7b,10,7.0,2,3982,206,1.4831155030988157,13.74709087004885,15.230206373147666,15.461949789663777,0.2317434165161103
vllm,long input short output,qwen_7b,10,7.0,3,4458,81,1.4831478239502758,7.767430243082344,9.25057806703262,9.44624424376525,0.1956661767326295
vllm,long input short output,qwen_7b,10,7.0,4,8713,183,1.5866681658662856,11.057958093006164,12.64462625887245,14.134200665634124,1.489574406761676
vllm,long input short output,qwen_7b,10,7.0,5,8829,109,1.5866812439635396,7.557971140136942,9.144652384100482,10.472934493795035,1.3282821096945554
vllm,long input short output,qwen_7b,10,7.0,6,4193,66,1.6730288178659976,3.759906528983265,5.432935346849263,8.031022621551529,2.598087274702266
vllm,long input short output,qwen_7b,10,7.0,7,5619,409,1.6730443330015987,19.899913454893976,21.57295778789557,24.158069487893957,2.5851116999983788
vllm,long input short output,qwen_7b,10,7.0,8,3158,1,1.673073867103085,0.0535528908949345,1.7266267579980197,4.233457145513967,2.5068303875159472
vllm,long input short output,qwen_7b,10,7.0,9,6764,480,1.6731016880366951,22.99701858311892,24.67012027115561,27.172638236777857,2.5025179656222463
vllm,long input short output,qwen_7b,10,8.0,0,2494,254,1.472607071045786,15.98766048788093,17.460267558926716,17.73630996281281,0.2760424038860947
vllm,long input short output,qwen_7b,10,8.0,1,6459,315,1.4726305298972877,18.805869842180982,20.27850037207827,20.551391940098256,0.2728915680199861
vllm,long input short output,qwen_7b,10,8.0,2,3982,206,1.472650866024196,13.806045027915388,15.278695893939584,15.511390828061849,0.2326949341222643
vllm,long input short output,qwen_7b,10,8.0,3,4458,81,1.4726700528990475,7.705025836126879,9.177695889025928,9.3788223459851,0.201126456959173
vllm,long input short output,qwen_7b,10,8.0,4,8713,183,1.5839007028844208,11.15467146015726,12.73857216304168,14.247053232742472,1.5084810697007924
vllm,long input short output,qwen_7b,10,8.0,5,8829,109,1.5839310141745957,7.557679946999997,9.141610961174592,10.50896304170601,1.3673520805314183
vllm,long input short output,qwen_7b,10,8.0,6,4193,66,1.6662773981224746,3.6972918598912656,5.36356925801374,8.037760221166536,2.674190963152796
vllm,long input short output,qwen_7b,10,8.0,7,5619,409,1.6662907279096544,19.817120163934305,21.48341089184396,24.14625043864362,2.66283954679966
vllm,long input short output,qwen_7b,10,8.0,8,3158,1,1.6663255160674453,0.0535951037891209,1.7199206198565662,4.314265828579664,2.594345208723098
vllm,long input short output,qwen_7b,10,8.0,9,6764,480,1.66635067993775,22.93968374608085,24.6060344260186,27.196607798570767,2.590573372552172
vllm,long input short output,qwen_7b,10,9.0,0,2494,254,1.4813407170586288,15.958329044049606,17.439669761108235,17.746264019282535,0.3065942581743002
vllm,long input short output,qwen_7b,10,9.0,1,6459,315,1.481360116973519,18.61843294720165,20.099793064175174,20.40359216486104,0.3037991006858647
vllm,long input short output,qwen_7b,10,9.0,2,3982,206,1.4813782488927243,13.786890818038955,15.26826906693168,15.536340552615002,0.2680714856833219
vllm,long input short output,qwen_7b,10,9.0,3,4458,81,1.481395177077502,7.838487491942942,9.319882669020444,9.55989524279721,0.2400125737767666
vllm,long input short output,qwen_7b,10,9.0,4,8713,183,1.5905091250315309,11.127116958843544,12.717626083875077,14.292124465107918,1.5744983812328428
vllm,long input short output,qwen_7b,10,9.0,5,8829,109,1.5905239610001445,7.593563033966348,9.184086994966492,10.633139355573803,1.4490523606073111
vllm,long input short output,qwen_7b,10,9.0,6,4193,66,1.6743608419783411,3.780864143045619,5.4552249850239605,8.248596332035959,2.7933713470119983
vllm,long input short output,qwen_7b,10,9.0,7,5619,409,1.6743898389395326,19.394888525130227,21.06927836406976,23.85256210644729,2.7832837423775345
vllm,long input short output,qwen_7b,10,9.0,8,3158,1,1.674424716969952,0.0571728798095136,1.7315975967794657,4.453998500481248,2.7224009037017822
vllm,long input short output,qwen_7b,10,9.0,9,6764,480,1.6744398020673543,22.5492926298175,24.22373243188485,26.942781294696037,2.719048862811178
vllm,long input short output,qwen_7b,10,10.0,0,2494,254,1.4791976509150118,16.05638645007275,17.535584100987762,17.8486925882753,0.3131084872875362
vllm,long input short output,qwen_7b,10,10.0,1,6459,315,1.4792088659014553,18.861127094132826,20.34033596003428,20.650935992365703,0.3106000323314219
vllm,long input short output,qwen_7b,10,10.0,2,3982,206,1.479227927979082,13.791526790009812,15.270754717988892,15.54919966380112,0.2784449458122253
vllm,long input short output,qwen_7b,10,10.0,3,4458,81,1.4792450370732697,7.72716008592397,9.20640512299724,9.459597437409684,0.2531923144124448
vllm,long input short output,qwen_7b,10,10.0,4,8713,183,1.5885191620327532,11.124725768808275,12.713244930841029,14.313674290897325,1.600429360056296
vllm,long input short output,qwen_7b,10,10.0,5,8829,109,1.5885342329274863,7.560450774151832,9.148985007079318,10.636515319347382,1.4875303122680634
vllm,long input short output,qwen_7b,10,10.0,6,4193,66,1.6725682569667697,3.696251156972721,5.368819413939491,8.223422474227846,2.8546030602883548
vllm,long input short output,qwen_7b,10,10.0,7,5619,409,1.6725813788361847,19.85711241606623,21.52969379490241,24.375218820758164,2.84552502585575
vllm,long input short output,qwen_7b,10,10.0,8,3158,1,1.672595953103155,0.0553663540631532,1.7279623071663082,4.518693167949095,2.790730860782787
vllm,long input short output,qwen_7b,10,10.0,9,6764,480,1.672636189032346,23.044265663949773,24.71690185298212,27.50461684796028,2.78771499497816
vllm,long input short output,yi_6b,1,1.0,0,2494,254,0.2466679378412664,11.182139412034305,11.42880734987557,11.42919868370518,0.0003913338296115
vllm,long input short output,yi_6b,2,1.0,0,2494,254,0.2441681211348623,12.040766487829387,12.28493460896425,12.285280752694234,0.0003461437299847
vllm,long input short output,yi_6b,2,1.0,1,6459,315,0.5255509100388736,14.085704711964354,14.611255622003227,14.8312782777939,0.2200226557906717
vllm,long input short output,yi_6b,3,1.0,0,2494,254,0.2449978699441999,12.473568682093171,12.718566552037371,12.718962741782889,0.0003961897455155
vllm,long input short output,yi_6b,3,1.0,1,6459,315,0.5260692108422518,14.614437017124146,15.140506227966398,15.36129695782438,0.2207907298579812
vllm,long input short output,yi_6b,3,1.0,2,3982,206,0.3064272871706635,9.447708237916231,9.754135525086896,10.179867954691872,0.4257324296049773
vllm,long input short output,yi_6b,4,1.0,0,2494,254,0.2420685759279877,12.70835018507205,12.950418761000035,12.950722825713456,0.0003040647134184
vllm,long input short output,yi_6b,4,1.0,1,6459,315,0.5273394838441163,14.82716838712804,15.354507870972157,15.572399860713633,0.2178919897414744
vllm,long input short output,yi_6b,4,1.0,2,3982,206,0.6646530730649829,9.370223806938156,10.03487688000314,10.459204863524064,0.424327983520925
vllm,long input short output,yi_6b,4,1.0,3,4458,81,0.6646694089286029,3.768398744054138,4.433068152982742,4.604826571885496,0.1717584189027547
vllm,long input short output,yi_6b,5,1.0,0,2494,254,0.2445279739331454,13.700901309028268,13.945429282961411,13.945776253705844,0.000346970744431
vllm,long input short output,yi_6b,5,1.0,1,6459,315,0.5282175629399717,15.930299123050643,16.458516685990617,16.678732006810606,0.2202153208199888
vllm,long input short output,yi_6b,5,1.0,2,3982,206,0.6611119031440467,10.29555499786511,10.956666901009156,11.384296557633206,0.4276296566240489
vllm,long input short output,yi_6b,5,1.0,3,4458,81,0.6611262571532279,4.509880700847134,5.171006958000362,5.346068607876077,0.1750616498757153
vllm,long input short output,yi_6b,5,1.0,4,8713,183,0.7411393169313669,8.512388427043334,9.2535277439747,9.260619591223076,0.0070918472483754
vllm,long input short output,yi_6b,6,1.0,0,2494,254,0.2440383450593799,14.43218789808452,14.6762262431439,14.676552378805354,0.000326135661453
vllm,long input short output,yi_6b,6,1.0,1,6459,315,0.527929208939895,16.630545882042497,17.158475090982392,17.378182030748576,0.2197069397661835
vllm,long input short output,yi_6b,6,1.0,2,3982,206,0.6638387639541179,11.08295598393306,11.74679474788718,12.173579781549051,0.4267850336618721
vllm,long input short output,yi_6b,6,1.0,3,4458,81,0.6638562460429966,5.293454197933897,5.957310443976894,6.131526066921651,0.1742156229447573
vllm,long input short output,yi_6b,6,1.0,4,8713,183,0.7409009300172329,9.281104573048651,10.022005503065884,10.028101918054745,0.0060964149888604
vllm,long input short output,yi_6b,6,1.0,5,8829,109,0.7465273169800639,5.128182864980772,5.874710181960836,5.91284127230756,0.0381310903467237
vllm,long input short output,yi_6b,7,1.0,0,2494,254,0.2414350039325654,14.61341054411605,14.854845548048615,14.855142708867788,0.0002971608191728
vllm,long input short output,yi_6b,7,1.0,1,6459,315,0.530071864137426,16.70358742494136,17.233659289078787,17.450336516834795,0.2166772277560085
vllm,long input short output,yi_6b,7,1.0,2,3982,206,0.6600647361483425,11.277716330019755,11.9377810661681,12.36369372275658,0.4259126565884799
vllm,long input short output,yi_6b,7,1.0,3,4458,81,0.6600794300902635,5.580703896936029,6.240783327026293,6.414126401999965,0.1733430749736726
vllm,long input short output,yi_6b,7,1.0,4,8713,183,0.7400851231068373,9.495610150974244,10.23569527408108,10.27467477414757,0.0389795000664889
vllm,long input short output,yi_6b,7,1.0,5,8829,109,0.7497038249857724,5.403892738977447,6.15359656396322,6.171481414465234,0.0178848505020141
vllm,long input short output,yi_6b,7,1.0,6,4193,66,0.3211438590660691,3.073341707000509,3.394485566066578,3.437689560931176,0.0432039948645979
vllm,long input short output,yi_6b,8,1.0,0,2494,254,0.2454486049246043,15.423084980109708,15.66853358503431,15.668884343700483,0.0003507586661726
vllm,long input short output,yi_6b,8,1.0,1,6459,315,0.5267433119006455,17.636737324064597,18.163480635965243,18.38461549463682,0.2211348586715757
vllm,long input short output,yi_6b,8,1.0,2,3982,206,0.6639328019227833,12.039312615059316,12.7032454169821,13.13026011758484,0.42701470060274
vllm,long input short output,yi_6b,8,1.0,3,4458,81,0.6639467608183622,6.125598940998316,6.789545701816678,6.963990916730836,0.174445214914158
vllm,long input short output,yi_6b,8,1.0,4,8713,183,0.7425529609899968,10.22515843785368,10.967711398843676,10.986395997926593,0.0186845990829169
vllm,long input short output,yi_6b,8,1.0,5,8829,109,0.7500077628064901,5.977004097076133,6.727011859882623,6.738128772238269,0.0111169123556464
vllm,long input short output,yi_6b,8,1.0,6,4193,66,0.3213220848701894,3.60040832310915,3.9217304079793394,3.941631134832278,0.0199007268529385
vllm,long input short output,yi_6b,8,1.0,7,5619,409,0.4447695268318057,18.76548163103871,19.21025115787052,19.46110775694251,0.2508565990719944
vllm,long input short output,yi_6b,9,1.0,0,2494,254,0.2449663619045168,15.413951663998889,15.658918025903404,15.659914053510876,0.0009960276074707
vllm,long input short output,yi_6b,9,1.0,1,6459,315,0.5266418799292296,17.627702070167288,18.15434395009652,18.37527904869057,0.2209350985940545
vllm,long input short output,yi_6b,9,1.0,2,3982,206,0.6616363141220063,12.166673443978652,12.82830975810066,13.2549837725237,0.4266740144230425
vllm,long input short output,yi_6b,9,1.0,3,4458,81,0.661649415967986,6.362665304914117,7.024314720882103,7.198420095723122,0.1741053748410195
vllm,long input short output,yi_6b,9,1.0,4,8713,183,0.7423382659908384,10.354794832179325,11.09713309817016,11.117211976088583,0.0200788779184222
vllm,long input short output,yi_6b,9,1.0,5,8829,109,0.7492847288958728,6.205725833075121,6.955010561970994,6.958097201306373,0.003086639335379
vllm,long input short output,yi_6b,9,1.0,6,4193,66,0.3219376530032605,3.8647329160012314,4.186670569004491,4.234453351702541,0.0477827826980501
vllm,long input short output,yi_6b,9,1.0,7,5619,409,0.4461822130251676,18.459307539043948,18.90548975206912,19.184861219022423,0.2793714669533074
vllm,long input short output,yi_6b,9,1.0,8,3158,1,0.2402060830499977,0.0510930260643363,0.291299109114334,0.4693357597570866,0.1780366506427526
vllm,long input short output,yi_6b,10,1.0,0,2494,254,0.2448295019567012,16.29215355589986,16.53698305785656,16.53730303561315,0.0003199777565896
vllm,long input short output,yi_6b,10,1.0,0,2494,254,0.2437291098758578,16.204159290064126,16.447888399939984,16.44819658366032,0.0003081837203353
vllm,long input short output,yi_6b,10,1.0,1,6459,315,0.5272556918207556,18.52664538100362,19.05390107282437,19.27436623466201,0.2204651618376374
vllm,long input short output,yi_6b,10,1.0,1,6459,315,0.5264328119810671,18.47539441403933,19.0018272260204,19.22126279678196,0.2194355707615614
vllm,long input short output,yi_6b,10,1.0,2,3982,206,0.6614370681345463,12.94007951207459,13.601516580209136,14.028403979726136,0.4268873995169997
vllm,long input short output,yi_6b,10,1.0,2,3982,206,0.6646746119949967,12.888523800997064,13.55319841299206,13.978290769504383,0.425092356512323
vllm,long input short output,yi_6b,10,1.0,3,4458,81,0.6614298848435283,7.025803992059082,7.68723387690261,7.861553852912039,0.1743199760094285
vllm,long input short output,yi_6b,10,1.0,3,4458,81,0.6646907050162554,7.015316715929657,7.680007420945913,7.852530306903645,0.1725228859577328
vllm,long input short output,yi_6b,10,1.0,4,8713,183,0.7412872260902077,11.145233457908034,11.886520683998242,11.929759365040807,0.0432386810425668
vllm,long input short output,yi_6b,10,1.0,4,8713,183,0.7415475309826434,11.072484703036023,11.814032234018669,11.83613419602625,0.0221019620075821
vllm,long input short output,yi_6b,10,1.0,5,8829,109,0.7488574108574539,6.941619468154386,7.69047687901184,7.702504616463557,0.0120277374517172
vllm,long input short output,yi_6b,10,1.0,5,8829,109,0.7472297588828951,6.826878863153979,7.574108622036874,7.594575509428978,0.0204668873921036
vllm,long input short output,yi_6b,10,1.0,6,4193,66,0.3228311850689351,4.618686795933172,4.941517981002107,4.94941090978682,0.0078929287847131
vllm,long input short output,yi_6b,10,1.0,6,4193,66,0.3196224221028387,4.54284801799804,4.862470440100879,4.86333228694275,0.0008618468418717
vllm,long input short output,yi_6b,10,1.0,7,5619,409,0.4485234140884131,19.85968240397051,20.308205818058923,20.54856200818904,0.2403561901301145
vllm,long input short output,yi_6b,10,1.0,7,5619,409,0.4445790839381516,19.355160371167585,19.799739455105737,20.029665266163647,0.2299258110579103
vllm,long input short output,yi_6b,10,1.0,8,3158,1,0.7955846718978137,0.0497434851713478,0.8453281570691615,0.9870061578694732,0.1416780008003115
vllm,long input short output,yi_6b,10,1.0,8,3158,1,0.791244096821174,0.0486859350930899,0.839930031914264,0.9667344097979368,0.1268043778836727
vllm,long input short output,yi_6b,10,1.0,9,6764,480,0.7956116087734699,22.24167009722441,23.037281705997884,23.14872811664827,0.1114464106503874
vllm,long input short output,yi_6b,10,1.0,9,6764,480,0.7912489378359169,21.688180877128616,22.479429814964533,22.57599081355147,0.0965609985869377
vllm,long input short output,yi_6b,10,2.0,0,2494,254,0.2640035669319331,16.605739765102044,16.869743332033977,16.869970083469525,0.000226751435548
vllm,long input short output,yi_6b,10,2.0,1,6459,315,0.8446311729494482,18.53317026002333,19.37780143297277,19.630296955816448,0.2524955228436738
vllm,long input short output,yi_6b,10,2.0,2,3982,206,0.8446447779424489,13.543235842138529,14.387880620080978,14.479584178887308,0.0917035588063299
vllm,long input short output,yi_6b,10,2.0,3,4458,81,1.096195600926876,6.5663448120467365,7.6625404129736125,8.473623597063124,0.8110831840895116
vllm,long input short output,yi_6b,10,2.0,4,8713,183,1.096211178926751,11.377672015922144,12.473883194848897,12.618187453597784,0.1443042587488889
vllm,long input short output,yi_6b,10,2.0,5,8829,109,0.7518918099813163,7.152477453928441,7.904369263909757,8.581120450049639,0.6767511861398816
vllm,long input short output,yi_6b,10,2.0,6,4193,66,0.7739800948183984,4.323938468005508,5.0979185628239065,5.413793347310275,0.3158747844863683
vllm,long input short output,yi_6b,10,2.0,7,5619,409,0.7739948839880526,20.07704449305311,20.85103937704116,21.12145588127896,0.2704165042378008
vllm,long input short output,yi_6b,10,2.0,8,3158,1,0.7938825960736722,0.050504740094766,0.8443873361684382,1.615675552515313,0.7712882163468748
vllm,long input short output,yi_6b,10,2.0,9,6764,480,0.7939088460989296,22.43531284900382,23.22922169510275,23.98540208186023,0.7561803867574781
vllm,long input short output,yi_6b,10,3.0,0,2494,254,0.2441195650026202,16.702325991820544,16.946445556823164,16.946621858282015,0.0001763014588505
vllm,long input short output,yi_6b,10,3.0,1,6459,315,1.193755690008402,18.342242282116786,19.535997972125188,19.772928952937946,0.2369309808127582
vllm,long input short output,yi_6b,10,3.0,2,3982,206,1.193782227113843,13.351957310922444,14.545739538036289,14.675480296602473,0.1297407585661858
vllm,long input short output,yi_6b,10,3.0,3,4458,81,1.193836638936773,7.418891381006688,8.61272801994346,8.658284222474322,0.0455562025308609
vllm,long input short output,yi_6b,10,3.0,4,8713,183,1.498683718033135,10.7744198939763,12.273103612009436,13.06914976844564,0.7960461564362049
vllm,long input short output,yi_6b,10,3.0,5,8829,109,1.4986963730771097,7.242747170850635,8.741443543927744,9.161116710398346,0.4196731664706021
vllm,long input short output,yi_6b,10,3.0,6,4193,66,1.5700130120385438,3.629210250917822,5.199223262956366,6.376458881888539,1.1772356189321729
vllm,long input short output,yi_6b,10,3.0,7,5619,409,1.5700251017697155,19.473656402202323,21.04368150397204,22.19061793992296,1.14693643595092
vllm,long input short output,yi_6b,10,3.0,8,3158,1,1.5700394159648567,0.0532779209315776,1.6233173368964344,2.587582264561206,0.9642649276647716
vllm,long input short output,yi_6b,10,3.0,9,6764,480,1.5700542458798736,22.544168847147372,24.11422309302725,25.068413500208408,0.9541904071811588
vllm,long input short output,yi_6b,10,4.0,0,2494,254,0.2438002240378409,16.49932665308006,16.743126877117902,16.743284484371543,0.0001576072536408
vllm,long input short output,yi_6b,10,4.0,1,6459,315,1.1950721989851445,18.08585160295479,19.28092380193993,19.51982854446396,0.2389047425240278
vllm,long input short output,yi_6b,10,4.0,2,3982,206,1.1950947709847242,13.121526148868725,14.316620919853449,14.475137044442818,0.1585161245893687
vllm,long input short output,yi_6b,10,4.0,3,4458,81,1.1951202938798815,7.28953809896484,8.484658392844722,8.580039808992296,0.0953814161475747
vllm,long input short output,yi_6b,10,4.0,4,8713,183,1.502025122055784,10.54907742398791,12.051102546043694,13.00944317691028,0.9583406308665872
vllm,long input short output,yi_6b,10,4.0,5,8829,109,1.5020686590578407,7.143770853057504,8.645839512115344,9.32190368277952,0.6760641706641763
vllm,long input short output,yi_6b,10,4.0,6,4193,66,1.5677441081497818,3.4993324568495154,5.067076564999297,6.689809477655217,1.6227329126559198
vllm,long input short output,yi_6b,10,4.0,7,5619,409,1.5677716268692166,19.25796560198069,20.825737228849903,22.42574897943996,1.6000117505900562
vllm,long input short output,yi_6b,10,4.0,8,3158,1,1.567799580981955,0.0495151900686323,1.6173147710505873,3.080325848888606,1.4630110778380183
vllm,long input short output,yi_6b,10,4.0,9,6764,480,1.5678220209665596,22.33198923803866,23.89981125900522,25.355269173393022,1.4554579143878073
vllm,long input short output,yi_6b,10,5.0,0,2494,254,0.2405396329704672,16.32935369410552,16.569893327075988,16.57004566048272,0.0001523334067314
vllm,long input short output,yi_6b,10,5.0,1,6459,315,1.190511649940163,17.553890485083684,18.744402135023847,18.98120092367753,0.2367987886536866
vllm,long input short output,yi_6b,10,5.0,2,3982,206,1.1905240430496633,13.11289377999492,14.303417823044583,14.475909776985644,0.1724919539410621
vllm,long input short output,yi_6b,10,5.0,3,4458,81,1.1905380771495402,7.368139599915594,8.558677677065134,8.68066316563636,0.1219854885712266
vllm,long input short output,yi_6b,10,5.0,4,8713,183,1.4928230589721352,10.582453744951636,12.07527680392377,13.122247022110969,1.046970218187198
vllm,long input short output,yi_6b,10,5.0,5,8829,109,1.4928491008467972,7.152209686115384,8.645058786962181,9.466212212340906,0.8211534253787249
vllm,long input short output,yi_6b,10,5.0,6,4193,66,1.5671617579646409,3.5964176680427045,5.163579426007345,7.033506483538076,1.869927057530731
vllm,long input short output,yi_6b,10,5.0,7,5619,409,1.567175080999732,18.68354424298741,20.25071932398714,22.102474208455533,1.8517548844683915
vllm,long input short output,yi_6b,10,5.0,8,3158,1,1.5671890021767467,0.0513970439787954,1.618586046155542,3.3607428807299584,1.7421568345744165
vllm,long input short output,yi_6b,10,5.0,9,6764,480,1.5672025189269334,21.840041229035705,23.40724374796264,25.14335958031006,1.7361158323474228
vllm,long input short output,yi_6b,10,6.0,0,2494,254,0.2426603310741484,16.691671011038125,16.934331342112273,16.934552011080086,0.0002206689678132
vllm,long input short output,yi_6b,10,6.0,1,6459,315,1.1947037179488689,18.113559491932392,19.30826320988126,19.54809338389896,0.2398301740176975
vllm,long input short output,yi_6b,10,6.0,2,3982,206,1.1947197711560875,13.265426027821375,14.460145798977464,14.646388732129708,0.1862429331522435
vllm,long input short output,yi_6b,10,6.0,3,4458,81,1.194735453929752,7.430055861128494,8.624791315058246,8.768946604803205,0.1441552897449582
vllm,long input short output,yi_6b,10,6.0,4,8713,183,1.5035602229181677,10.693072329973802,12.19663255289197,13.314498513238505,1.1178659603465348
vllm,long input short output,yi_6b,10,6.0,5,8829,109,1.503577730851248,7.249582759104669,8.753160489955917,9.682846502633764,0.9296860126778485
vllm,long input short output,yi_6b,10,6.0,6,4193,66,1.5740691099781543,3.6159223730210215,5.189991482999176,7.253489234484732,2.0634977514855564
vllm,long input short output,yi_6b,10,6.0,7,5619,409,1.5740847650449723,19.276011815061796,20.850096580106765,22.898452434455976,2.048355854349211
vllm,long input short output,yi_6b,10,6.0,8,3158,1,1.5741006250027567,0.0518897259607911,1.6259903509635478,3.583016513846814,1.9570261628832668
vllm,long input short output,yi_6b,10,6.0,9,6764,480,1.574114641873166,22.435331735992804,24.00944637786597,25.961440093582496,1.951993715716526
vllm,long input short output,yi_6b,10,7.0,0,2494,254,0.2428901707753539,16.36162040918134,16.604510579956695,16.604782024864107,0.0002714449074119
vllm,long input short output,yi_6b,10,7.0,1,6459,315,1.189225422916934,17.96905506309122,19.158280486008152,19.398927884176373,0.2406473981682211
vllm,long input short output,yi_6b,10,7.0,2,3982,206,1.1892398810014129,12.965996490092948,14.15523637109436,14.349954860517755,0.1947184894233942
vllm,long input short output,yi_6b,10,7.0,3,4458,81,1.1892539500258863,7.220379312988371,8.409633263014257,8.568279293598607,0.1586460305843502
vllm,long input short output,yi_6b,10,7.0,4,8713,183,1.4969521090388298,10.398871104000136,11.895823213038966,13.054372171638532,1.1585489585995674
vllm,long input short output,yi_6b,10,7.0,5,8829,109,1.496966103091836,7.085029084933922,8.581995188025758,9.579251499613749,0.9972563115879892
vllm,long input short output,yi_6b,10,7.0,6,4193,66,1.5742013060953468,3.4150832928717136,4.9892845989670604,7.16671331343241,2.17742871446535
vllm,long input short output,yi_6b,10,7.0,7,5619,409,1.5742166738491503,18.790817904053256,20.365034577902406,22.52948677376844,2.164452195866033
vllm,long input short output,yi_6b,10,7.0,8,3158,1,1.5742302578873932,0.0516943440306931,1.6259246019180864,3.7120960103347898,2.086171408416704
vllm,long input short output,yi_6b,10,7.0,9,6764,480,1.574244090821594,21.765947758220136,23.34019184904173,25.42205123766325,2.081859388621524
vllm,long input short output,yi_6b,10,8.0,0,2494,254,0.7415156939532608,15.942254450870678,16.68377014482394,16.69052726496011,0.0067571201361715
vllm,long input short output,yi_6b,10,8.0,1,6459,315,0.7415270020719618,18.73960719583556,19.48113419790752,19.484750495059416,0.0036162971518933
vllm,long input short output,yi_6b,10,8.0,2,3982,206,1.3993875300511718,12.318096726899968,13.717484256951138,14.42379202018492,0.7063077632337809
vllm,long input short output,yi_6b,10,8.0,3,4458,81,1.3994001720566305,6.438995541073382,7.838395713130012,8.513148602098227,0.6747528889682144
vllm,long input short output,yi_6b,10,8.0,4,8713,183,1.3994140038266778,11.270345953991637,12.669759957818314,13.177824975689871,0.5080650178715587
vllm,long input short output,yi_6b,10,8.0,5,8829,109,1.5199550739489496,6.257284885970876,7.777239959919825,9.544947685673831,1.7677077257540077
vllm,long input short output,yi_6b,10,8.0,6,4193,66,1.5199615848250687,4.19539502216503,5.715356606990099,7.204678149428219,1.4893215424381196
vllm,long input short output,yi_6b,10,8.0,7,5619,409,1.5199700160883367,20.07223114510998,21.59220116119832,23.07017060695216,1.4779694457538426
vllm,long input short output,yi_6b,10,8.0,8,3158,1,0.7934694809373468,0.0338934301398694,0.8273629110772163,3.7577662798576057,2.930403368780389
vllm,long input short output,yi_6b,10,8.0,9,6764,480,0.7934818998910487,22.488679614150897,23.282161514041945,26.20880240877159,2.926640894729644
vllm,long input short output,yi_6b,10,9.0,0,2494,254,0.7409792100079358,16.255272592185065,16.996251802193,17.009262149222195,0.0130103470291942
vllm,long input short output,yi_6b,10,9.0,1,6459,315,0.7409863569773734,19.04016567696817,19.781152033945546,19.79137698165141,0.0102249477058649
vllm,long input short output,yi_6b,10,9.0,2,3982,206,1.40118497190997,12.681315428111702,14.082500400021672,14.799214970553294,0.7167145705316216
vllm,long input short output,yi_6b,10,9.0,3,4458,81,1.4011990169528872,6.692893716040999,8.094092732993886,8.78276046575047,0.6886677327565849
vllm,long input short output,yi_6b,10,9.0,4,8713,183,1.4012129930779338,11.627588601084426,13.02880159416236,13.56930361618288,0.5405020220205188
vllm,long input short output,yi_6b,10,9.0,5,8829,109,1.525926928035915,6.51588343991898,8.041810367954895,9.859372111503037,1.81756174354814
vllm,long input short output,yi_6b,10,9.0,6,4193,66,1.5259438650682569,4.420621185097843,5.9465650501661,7.516667209099978,1.570102158933878
vllm,long input short output,yi_6b,10,9.0,7,5619,409,1.5259591350331905,20.31923161796294,21.84519075299613,23.405199042288583,1.5600082892924547
vllm,long input short output,yi_6b,10,9.0,8,3158,1,0.7930996911600232,0.0509564338717609,0.8440561250317842,3.870011112419888,3.025954987388104
vllm,long input short output,yi_6b,10,9.0,9,6764,480,0.7931149080395699,22.686329813906923,23.479444721946493,26.50205599656329,3.022611274616793
vllm,long input short output,yi_6b,10,10.0,0,2494,254,0.7430497030727565,16.192507897038013,16.93555760011077,16.953998650424182,0.0184410503134131
vllm,long input short output,yi_6b,10,10.0,1,6459,315,0.7430611927993596,19.02907541906461,19.77213661186397,19.78807123727165,0.0159346254076808
vllm,long input short output,yi_6b,10,10.0,2,3982,206,1.397858127951622,12.567213386064395,13.965071514016016,14.693239515880125,0.7281680018641055
vllm,long input short output,yi_6b,10,10.0,3,4458,81,1.397872518049553,6.651152208913118,8.04902472696267,8.751953130355105,0.7029284033924341
vllm,long input short output,yi_6b,10,10.0,4,8713,183,1.3979068568442017,11.489029296208171,12.886936153052376,13.45651615015231,0.569579997099936
vllm,long input short output,yi_6b,10,10.0,5,8829,109,1.526919178897515,6.493215375114232,8.020134554011747,9.875963309314102,1.8558287553023547
vllm,long input short output,yi_6b,10,10.0,6,4193,66,1.526933372952044,4.392664833925664,5.919598206877708,7.552714807214215,1.633116600336507
vllm,long input short output,yi_6b,10,10.0,7,5619,409,1.52694619493559,20.355773793999106,21.882719988934696,23.506752974819392,1.6240329858846962
vllm,long input short output,yi_6b,10,10.0,8,3158,1,0.7977898430544883,0.0498160568531602,0.8476058999076486,3.944723361870274,3.0971174619626254
vllm,long input short output,yi_6b,10,10.0,9,6764,480,0.7978258288931102,22.7601530761458,23.557978905038908,26.652088270056996,3.0941093650180846
