Scheduler,Input Output data Type,Model Name,Number of requests,QPS,Inference Time,P95 TTFT,P95 TPOT,Request Latency,Request Throughput (req/s),Token Throughput (tokens/s),Output Token Throughput (output-tokens/s),Max GPU Memory
sarathi,long input long output,llama2_7b,1,1.0,92.55,1.1000519134104252,0.03238780851433198,91.52707234304398,0.010804970286331712,68.19016747703944,30.178282009724473,39371.0
sarathi,long input long output,llama2_7b,2,1.0,97.58,1.094869154272601,0.03498072928574706,94.0992706110701,0.020496003279360527,99.13916786226686,42.006558721049394,39371.0
sarathi,long input long output,llama2_7b,3,1.0,107.08,1.0907908080145716,0.03797274051069078,105.30197214046493,0.028016436309301458,135.63690698543147,62.07508404930893,39371.0
sarathi,long input long output,llama2_7b,4,1.0,175.29,2.7301926598884156,0.04598863166581561,166.99854638851247,0.02281932797079126,147.49272633920933,60.04906155513721,39371.0
sarathi,long input long output,llama2_7b,5,1.0,280.66,2.8544864846393465,0.05214778711900978,262.022920880653,0.017815150003563027,131.5470676263094,58.85412955177082,39371.0
sarathi,long input long output,llama2_7b,6,1.0,305.61,4.087111195316538,0.062032788453915265,282.8601840704214,0.019632865416707567,155.9242171394915,61.46722947547528,39371.0
sarathi,long input long output,llama2_7b,7,1.0,331.45,4.704759639315307,0.07112029932300644,304.5796712102368,0.021119324181626188,175.8968170161412,64.39281942977824,39371.0
sarathi,long input long output,llama2_7b,8,1.0,352.12,111.08105939514925,0.07454896639895983,327.4789764500223,0.022719527433829375,186.47620129501306,71.14904009996592,39371.0
sarathi,long input long output,llama2_7b,9,1.0,377.51,174.0493009943515,0.07533222223219788,358.11768195200716,0.023840428068130647,202.52443643876984,73.0841567110805,39371.0
sarathi,long input long output,llama2_7b,10,1.0,399.3,174.5519450310152,0.07544284355510783,392.7729538684711,0.025043826696719257,442.9701978462309,150.19784623090408,39371.0
sarathi,long input long output,llama2_7b,10,2.0,394.47,170.72229884662664,0.0740528949954872,378.3177345313597,0.025350470251223157,224.1970238547925,76.01845514234289,39371.0
sarathi,long input long output,llama2_7b,10,3.0,557.2,170.60030510514042,0.10243993706066029,514.5141701857558,0.017946877243359655,158.72038765254845,53.817300789662596,39371.0
sarathi,long input long output,llama2_7b,10,4.0,855.64,364.74933052146804,0.15752294223882074,819.6215143570209,0.011687158150624094,103.36005796830443,35.04628114627647,39371.0
sarathi,long input long output,llama2_7b,10,5.0,851.79,357.38798328577536,0.1550504957977473,818.2396227084099,0.011739982859625025,103.82723441223776,35.20468660115756,39371.0
sarathi,long input long output,llama2_7b,10,6.0,595.67,344.5907154370099,0.15380055594948655,580.9382078833878,0.016787818758708682,148.46979032014372,50.34163211173973,39371.0
sarathi,long input long output,llama2_7b,10,7.0,394.65,171.0236018373631,0.07417796546148936,380.19191719153895,0.02533890789306981,224.0947675155201,75.98378309894844,39371.0
sarathi,long input long output,llama2_7b,10,8.0,400.07,173.08797962712123,0.07507951140018948,385.3839768486563,0.02499562576549104,221.0588147074262,74.95438298297798,39371.0
sarathi,long input long output,llama2_7b,10,9.0,400.34,173.0833252021577,0.07508052205191344,385.7221795713529,0.024978768047159917,220.9097267322776,74.90383174301844,39371.0
sarathi,long input long output,llama2_7b,10,10.0,401.25,173.5638541784603,0.07528321440446482,386.664478645334,0.024922118380062305,220.40872274143302,74.73395638629283,39371.0
sarathi,long input long output,mistral_7b,1,1.0,94.83,1.0977566037327051,0.033204890544763783,93.80597010161728,0.010545186122535063,66.55066961931878,29.45270484024043,39409.0
sarathi,long input long output,mistral_7b,2,1.0,96.03,1.073712710570544,0.033826865351698925,92.55218640277164,0.02082682495053629,100.73935228574403,42.684577736124126,39409.0
sarathi,long input long output,mistral_7b,3,1.0,98.47,1.0582561329938471,0.03461187121866082,96.70437615690753,0.030466131816796995,147.49669950238652,67.50279272874987,39409.0
sarathi,long input long output,mistral_7b,4,1.0,146.98,2.3554424034897234,0.03736882929598037,139.30249232714993,0.027214587018641993,175.90148319499252,71.61518573955641,39409.0
sarathi,long input long output,mistral_7b,5,1.0,227.95,2.430179870128632,0.03916583234838991,210.39234008546916,0.021934634788330774,161.96534327703444,72.46325948672956,39409.0
sarathi,long input long output,mistral_7b,6,1.0,234.53,3.109880497679115,0.04156133747096477,213.3081006547436,0.025583081055728478,203.18082974459557,80.09636293864324,39409.0
sarathi,long input long output,mistral_7b,7,1.0,241.87,3.2843877035193145,0.04367884494660139,216.87327451584855,0.02894116674246496,241.04270889320708,88.24161739777567,39409.0
sarathi,long input long output,mistral_7b,8,1.0,243.51,3.2794041889719665,0.044583474338118906,214.90096592996267,0.032852860252145705,262.913227382859,96.14800213543592,39409.0
sarathi,long input long output,mistral_7b,9,1.0,251.58,3.4668871922418476,0.04758624839942386,219.276959297806,0.035773908895778674,297.2414341362588,103.00898322601161,39409.0
sarathi,long input long output,mistral_7b,10,1.0,259.51,4.481126039428636,0.05066433624995071,256.4925273808185,0.03853416053331278,668.6755809024701,218.1958306038303,39409.0
sarathi,long input long output,mistral_7b,10,2.0,257.66,4.074224770581349,0.050306641303154764,223.01815374284044,0.03881083598540712,336.7383373437863,109.88123884188464,39409.0
sarathi,long input long output,mistral_7b,10,3.0,258.7,4.084323361143469,0.05059668945106709,224.30616589346891,0.03865481252415926,335.3846153846154,109.4395052183997,39409.0
sarathi,long input long output,mistral_7b,10,4.0,257.54,4.074769603321328,0.05032747663158011,223.4367624833248,0.038828919779451736,336.89523957443504,109.93243767958374,39409.0
sarathi,long input long output,mistral_7b,10,5.0,258.98,4.093467900669201,0.05064407357075186,224.82050811690272,0.03861302031044868,335.0220094215769,109.3211831029423,39409.0
sarathi,long input long output,mistral_7b,10,6.0,259.17,4.091824747482313,0.050705296570323015,225.11499281488352,0.03858471273681367,334.7764015896901,109.24103870046687,39409.0
sarathi,long input long output,mistral_7b,10,7.0,257.39,4.0673169804271305,0.05033201289282368,223.57418594327748,0.038851548234197134,337.091573099188,109.99650336065893,39409.0
sarathi,long input long output,mistral_7b,10,8.0,258.75,4.08942771302536,0.050602076498078255,224.78261473458252,0.03864734299516908,335.31980676328504,109.4183574879227,39409.0
sarathi,long input long output,mistral_7b,10,9.0,251.74,3.99868069901131,0.0493537740920088,218.81157233980474,0.03972352427107333,344.65718598554065,112.46524191626281,39409.0
sarathi,long input long output,mistral_7b,10,10.0,258.8,4.093899455014616,0.05064435803572512,224.91027908325188,0.03863987635239567,335.2550231839258,109.39721792890262,39409.0
sarathi,long input long output,mixtral_7b_8expert,1,1.0,42.02,0.4686736799776554,0.014513985817934413,40.99239353835583,0.023798191337458353,150.19038553069964,66.46834840552117,39347.0
sarathi,long input long output,mixtral_7b_8expert,2,1.0,41.2,0.4530712957959622,0.014454602143006081,39.14564659963362,0.04854368932038835,234.80582524271844,99.49029126213591,39347.0
sarathi,long input long output,mixtral_7b_8expert,3,1.0,44.18,0.4711957726627588,0.015415463393655892,42.810740196797994,0.06790402897238569,328.7460389316433,150.45269352648256,39347.0
sarathi,long input long output,mixtral_7b_8expert,4,1.0,61.55,0.957033595908433,0.015482507307000862,57.41346944230608,0.06498781478472787,420.04874086108856,171.01543460601138,39347.0
sarathi,long input long output,mixtral_7b_8expert,5,1.0,95.48,1.0675295151770114,0.015706480323530676,86.36754029076546,0.05236698785085882,386.6778382907415,172.99958106409719,39347.0
sarathi,long input long output,mixtral_7b_8expert,6,1.0,96.43,1.1640131424646825,0.016163827861523775,85.94355690968223,0.06222130042517888,494.1615679767707,194.80452141449754,39347.0
sarathi,long input long output,mixtral_7b_8expert,7,1.0,95.17,1.1497045248746873,0.015943614839476615,83.32528223656115,0.07355259010192287,612.5985079331722,224.26184722076283,39347.0
sarathi,long input long output,mixtral_7b_8expert,8,1.0,101.83,1.195994759676978,0.017113440662357645,87.78912068996577,0.07856230973190612,628.7145242070117,229.92241971913975,39347.0
sarathi,long input long output,mixtral_7b_8expert,9,1.0,98.01,1.206760649010539,0.016646602378960276,82.87785503771156,0.09182736455463728,762.983369043975,264.411794714825,39347.0
sarathi,long input long output,mixtral_7b_8expert,10,1.0,99.11500000000001,1.3923214710317553,0.01739746192970723,94.04910626513883,0.10089290218433132,1750.7743530242647,571.2959693285577,39347.0
sarathi,long input long output,mixtral_7b_8expert,10,2.0,97.96,1.3466038911137725,0.016809561883746785,82.51637113713656,0.10208248264597795,885.7084524295632,289.01592486729277,39347.0
sarathi,long input long output,mixtral_7b_8expert,10,3.0,99.55,1.368954872805625,0.017226624749033505,84.295661614323,0.10045203415369161,871.56202913109,284.3997990959317,39347.0
sarathi,long input long output,mixtral_7b_8expert,10,4.0,99.97,1.3798860103823243,0.01725679870891515,84.8662413035519,0.10003000900270081,867.9003701110333,283.20496148844654,39347.0
sarathi,long input long output,mixtral_7b_8expert,10,5.0,98.22,1.3515696523711083,0.01694178546824653,83.30439868965183,0.10181225819588678,883.3638770107921,288.25086540419466,39347.0
sarathi,long input long output,mixtral_7b_8expert,10,6.0,100.09,1.3765043788123874,0.01717795343435979,85.01310588093472,0.09991008092716555,866.8598261564591,282.8654211209911,39347.0
sarathi,long input long output,mixtral_7b_8expert,10,7.0,98.2,1.3575295883230862,0.016943601569235613,83.47851735525761,0.10183299389002036,883.5437881873727,288.30957230142565,39347.0
sarathi,long input long output,mixtral_7b_8expert,10,8.0,100.44,1.3904996074736118,0.01731549453525793,85.50828384263437,0.09956192751891677,863.8391079251295,281.87972919155715,39347.0
sarathi,long input long output,mixtral_7b_8expert,10,9.0,98.63,1.420908115711063,0.017292146626554265,84.1163629270624,0.10138902970698571,879.6917773496908,287.0526209064179,39347.0
sarathi,long input long output,mixtral_7b_8expert,10,10.0,97.88,1.3505607847589998,0.016845449077958607,83.31121787754816,0.1021659174499387,886.4323661626482,289.25214548426646,39347.0
sarathi,long input long output,qwen_7b,1,1.0,99.26,1.1694560265168548,0.03476644351005682,98.23755241930483,0.01007455168245013,63.58049566794277,28.138222849083213,39359.0
sarathi,long input long output,qwen_7b,2,1.0,103.05,1.1470280329231173,0.036920683525275604,99.4289771582,0.01940805434255216,93.8767588549248,39.77680737506065,39359.0
sarathi,long input long output,qwen_7b,3,1.0,108.64,1.111307820584625,0.03850182690075742,106.84458805853501,0.027614138438880706,133.68924889543447,61.18372606774668,39359.0
sarathi,long input long output,qwen_7b,4,1.0,181.92,2.833516141120344,0.04764096398540457,173.3333048339002,0.02198768689533861,142.1174142480211,57.86059806508356,39359.0
sarathi,long input long output,qwen_7b,5,1.0,287.75,2.9124940497800704,0.05321882257615361,268.57768559809773,0.01737619461337967,128.30582102519548,57.40399652476108,39359.0
sarathi,long input long output,qwen_7b,6,1.0,316.54,4.207683928543702,0.06375248859201048,292.81165972724557,0.018954950401213116,150.54021608643455,59.34479054779806,39359.0
sarathi,long input long output,qwen_7b,7,1.0,360.96,118.43440764071408,0.07094900446099915,344.98031549993897,0.019392730496453903,166.6971409574468,64.30906471631207,39359.0
sarathi,long input long output,qwen_7b,8,1.0,376.22,170.56316064074636,0.0726688706200863,357.9802776695229,0.021264153952474614,176.96826325022593,69.02875976822072,39359.0
sarathi,long input long output,qwen_7b,9,1.0,404.34,171.21670512575656,0.07314624184419015,387.5939950605854,0.02225849532571598,191.4774694563981,70.62620566849681,39359.0
sarathi,long input long output,qwen_7b,10,1.0,462.5,170.94912449358964,0.07285818916288042,454.4956958041992,0.021621621621621623,388.0345945945946,135.26918918918918,39359.0
sarathi,long input long output,qwen_7b,10,2.0,462.39,170.54019887284375,0.07286554288846951,441.33817791119213,0.021626765284716364,194.06345292934537,67.65068448712127,39359.0
sarathi,long input long output,qwen_7b,10,3.0,463.85,171.0018271365203,0.07309090728741353,443.5744837252423,0.021558693543171283,193.45262477093888,67.43774927239409,39359.0
sarathi,long input long output,qwen_7b,10,4.0,462.12,170.58030752954073,0.07288558575672074,442.35343340844844,0.021639401021379727,194.17683718514672,67.69021033497793,39359.0
sarathi,long input long output,qwen_7b,10,5.0,463.45,171.07435914133674,0.07311254485031371,443.9060266252141,0.021577300679684972,193.61959218901717,67.49595425612256,39359.0
sarathi,long input long output,qwen_7b,10,6.0,461.75,170.33860282683744,0.07279986162095756,442.4353217104915,0.02165674066053059,194.33243096913915,67.74445046020574,39359.0
sarathi,long input long output,qwen_7b,10,7.0,461.69,170.40156020210125,0.07282129156557965,442.50776029634284,0.021659555112737986,194.35768589313176,67.75325434815569,39359.0
sarathi,long input long output,qwen_7b,10,8.0,461.67,170.4509055817034,0.0728324392388047,442.5792954285629,0.021660493426040244,194.36610565988693,67.75618948599649,39359.0
sarathi,long input long output,qwen_7b,10,9.0,459.2,169.57700149635784,0.07246063663441732,440.3465139384847,0.02177700348432056,195.41158536585365,68.12064459930313,39359.0
sarathi,long input long output,qwen_7b,10,10.0,459.92,169.9251755669713,0.0725995007461019,441.0678062636405,0.021742911810749693,195.10567055140024,68.01400243520612,39359.0
sarathi,long input long output,yi_6b,1,1.0,75.41,0.9793062387034296,0.026291341828062254,74.38528060354292,0.013260840737302746,83.68916589311763,37.03752817928657,39359.0
sarathi,long input long output,yi_6b,2,1.0,76.99,0.9741122284904123,0.026971496954909257,74.00207402510568,0.025977399662293805,125.65268216651513,53.240680607871155,39359.0
sarathi,long input long output,yi_6b,3,1.0,78.61,0.9502534342929719,0.02751648522390858,76.99057706622406,0.038163083577153034,184.7602086248569,84.55667217911207,39359.0
sarathi,long input long output,yi_6b,4,1.0,114.85,2.106293784640729,0.02889003663279285,108.45077621596866,0.0348280365694384,225.1110143665651,91.64997823247715,39359.0
sarathi,long input long output,yi_6b,5,1.0,179.34,2.1768841261044143,0.030355490451523744,164.78382469210774,0.027880004460800713,205.86595293855245,92.10438273670124,39359.0
sarathi,long input long output,yi_6b,6,1.0,183.8,2.6003561369143426,0.03205051545334001,166.31659347913228,0.032644178454842215,259.2600652883569,102.20348204570185,39359.0
sarathi,long input long output,yi_6b,7,1.0,185.3,2.774100279249251,0.032980464178513365,165.07281314237042,0.03777657852131678,314.6303291958985,115.18078791149486,39359.0
sarathi,long input long output,yi_6b,8,1.0,182.43,2.7167868906166404,0.033096791986607824,159.86845716889945,0.04385243655100586,350.9400866085622,128.33963712108755,39359.0
sarathi,long input long output,yi_6b,9,1.0,193.59,2.951690780557692,0.03591361659917336,167.38719814922658,0.046490004649000466,386.28028307247274,133.8653856087608,39359.0
sarathi,long input long output,yi_6b,10,1.0,197.09500000000003,3.6664542735088617,0.03722362440429143,193.01815599757242,0.05073695426063573,880.4282198939596,287.29292980542374,39359.0
sarathi,long input long output,yi_6b,10,2.0,197.49,3.401497322553768,0.03736991501581504,169.68343091965647,0.05063547521393488,439.33363714618457,143.35915742569244,39359.0
sarathi,long input long output,yi_6b,10,3.0,197.25,3.4067106251604846,0.03730694134659492,169.81927678161296,0.050697084917617236,439.8681875792142,143.53358681875793,39359.0
sarathi,long input long output,yi_6b,10,4.0,198.7,3.430045271012931,0.03762785237404496,171.28696154402562,0.050327126321087066,436.65827881227983,142.48616004026172,39359.0
sarathi,long input long output,yi_6b,10,5.0,198.28,3.419130697892978,0.03754926308364597,171.03158020302646,0.05043373007867662,437.58321565462984,142.78797659874925,39359.0
sarathi,long input long output,yi_6b,10,6.0,196.01,3.3874311714433127,0.03713909044105564,169.1000855435151,0.0510178052140197,442.65088515892046,144.44161012193257,39359.0
sarathi,long input long output,yi_6b,10,7.0,196.37,3.4081322589889163,0.03721834093737559,169.4463952741585,0.05092427560217956,441.8393848347507,144.17680908489078,39359.0
sarathi,long input long output,yi_6b,10,8.0,196.93,3.403157406393438,0.03734982768139998,170.04994480665766,0.05077946478444117,440.58294825572534,143.76682069770985,39359.0
sarathi,long input long output,yi_6b,10,9.0,194.9,3.3703753927256908,0.03693668056487485,168.27945209383026,0.0513083632632119,445.17188301693176,145.26423807080553,39359.0
sarathi,long input long output,yi_6b,10,10.0,194.56,3.3666290414053943,0.03689652327454725,168.00338384322816,0.05139802631578947,445.9498355263158,145.51809210526315,39359.0
vllm,long input long output,llama2_7b,1,1.0,90.96,0.6394689464941621,0.03198363158997298,89.93821939919144,0.010993843447669306,69.38214599824099,30.70580474934037,37727.0
vllm,long input long output,llama2_7b,2,1.0,95.0,0.6245785509701818,0.034187339321051106,91.56035906639882,0.021052631578947368,101.83157894736843,43.14736842105263,37747.0
vllm,long input long output,llama2_7b,3,1.0,103.6,0.6812604148872197,0.036694482328655194,101.73354199882597,0.02895752895752896,140.1930501930502,64.16023166023166,37967.0
vllm,long input long output,llama2_7b,4,1.0,168.81,2.1974108021706344,0.04531793407551745,161.23341615451497,0.023695278715715893,153.15443397902968,62.35412594040638,38785.0
vllm,long input long output,llama2_7b,5,1.0,275.16,2.1937769677489998,0.05262536480165874,257.0049740150571,0.018171245820613458,134.1764791394098,60.03052769297862,38807.0
vllm,long input long output,llama2_7b,6,1.0,302.05,2.194504058919847,0.06250609992067548,279.80265820445493,0.01986426088395961,157.76195994040722,62.19169011753021,38807.0
vllm,long input long output,llama2_7b,7,1.0,352.3,113.69929178096342,0.07196649829839437,335.2150394756347,0.019869429463525403,171.31989781436275,66.41498722679535,38787.0
vllm,long input long output,llama2_7b,8,1.0,363.82,164.90676334090531,0.0742303689821685,344.6238485679496,0.021988895607718103,183.90412841515035,72.2857456984223,39423.0
vllm,long input long output,llama2_7b,9,1.0,416.03,166.04972702283413,0.07469326527223626,404.7200371302664,0.021633055308511406,189.18587601855637,71.73040405739971,39423.0
vllm,long input long output,llama2_7b,10,1.0,456.5,166.3108583287336,0.07452096965973946,447.70279159620407,0.02190580503833516,398.69879518072287,142.61117196056955,40197.0
vllm,long input long output,llama2_7b,10,2.0,454.88,165.2214611433912,0.07423648142502598,445.3022633931134,0.02198381990854731,200.05935631375309,71.55953218431235,40767.0
vllm,long input long output,llama2_7b,10,3.0,454.33,165.0675132728182,0.07417515226614757,445.9102903720923,0.022010432945216034,200.30154293134947,71.6461602799727,40767.0
vllm,long input long output,llama2_7b,10,4.0,454.08,166.9237625621725,0.07378631155654446,446.26083034398033,0.022022551092318536,200.41182170542638,71.68560606060606,40275.0
vllm,long input long output,llama2_7b,10,5.0,454.21,166.92714225039816,0.07379000460836209,446.72957644579,0.02201624799101737,200.35446159265538,71.66508883556065,40279.0
vllm,long input long output,llama2_7b,10,6.0,456.75,167.7858568723779,0.07417520217790562,449.4439628232736,0.021893814997263273,199.24028461959497,71.26655719759168,40279.0
vllm,long input long output,llama2_7b,10,7.0,453.54,166.9076120859012,0.07378469955396343,446.45969766727643,0.022048771883406093,200.65043877056047,71.77095735767517,40279.0
vllm,long input long output,llama2_7b,10,8.0,456.3,167.85998079599813,0.07422573437597431,449.29639796903353,0.021915406530791146,199.43677405215865,71.33683979837826,40279.0
vllm,long input long output,llama2_7b,10,9.0,453.51,166.83752971845678,0.0737504624354848,446.6569087861106,0.02205023042490794,200.66371193578973,71.77570505611784,40279.0
vllm,long input long output,llama2_7b,10,10.0,453.56,166.841369616054,0.07376708832762853,446.784854304418,0.022047799629596965,200.64159096922128,71.76779257430108,40279.0
vllm,long input long output,mistral_7b,1,1.0,92.06,0.6125907795503736,0.03238830498631851,91.04092519171536,0.010862480990658266,68.55311753204431,30.338909406908538,37503.0
vllm,long input long output,mistral_7b,2,1.0,93.24,0.5992754741571843,0.032885043575630976,89.80009841425344,0.02145002145002145,103.75375375375376,43.96181896181896,37505.0
vllm,long input long output,mistral_7b,3,1.0,96.17,0.6874541190452874,0.03384618568663751,94.31194097222762,0.031194759280440885,151.02422792970782,69.11718831236352,37743.0
vllm,long input long output,mistral_7b,4,1.0,141.5,2.2022076556924732,0.03681547295054188,134.45525726620107,0.028268551236749116,182.7137809187279,74.3886925795053,38769.0
vllm,long input long output,mistral_7b,5,1.0,222.17,2.205092864856124,0.03918631606200363,205.11682128291577,0.02250528874285457,166.17905207723817,74.34847189089436,38771.0
vllm,long input long output,mistral_7b,6,1.0,231.46,2.206553779775277,0.042809904836679666,210.72429480333813,0.02592240559923961,205.87574526916097,81.158731530286,38771.0
vllm,long input long output,mistral_7b,7,1.0,237.83,2.206058161240071,0.0453217276935035,213.59458730434991,0.02943278812597233,245.13728293318755,89.74057099608964,38771.0
vllm,long input long output,mistral_7b,8,1.0,237.65,2.349234522227198,0.04620498252779944,210.24132861001414,0.03366294971596886,269.3961708394698,98.51883021249736,38771.0
vllm,long input long output,mistral_7b,9,1.0,247.38,2.346115150861442,0.050497892911309024,216.41110325381158,0.03638127577007034,302.28797800954,104.75786239793031,38771.0
vllm,long input long output,mistral_7b,10,1.0,255.515,4.089625011384487,0.05532959546479914,252.5400061517488,0.03913664559810579,679.1303837348102,221.6073420347142,39749.0
vllm,long input long output,mistral_7b,10,2.0,254.9,4.203082728013396,0.053791764869956724,221.71993574332438,0.03923107100823853,340.3844644958807,111.07100823852491,40607.0
vllm,long input long output,mistral_7b,10,3.0,254.57,4.208236550027505,0.053786734557500104,221.7920770894735,0.039281926385669956,340.8257060926268,111.21498998310878,40607.0
vllm,long input long output,mistral_7b,10,4.0,256.87,4.285403553256765,0.053633152974362386,223.92699566707006,0.038930198154708606,337.77397126951377,110.21917701561101,40591.0
vllm,long input long output,mistral_7b,10,5.0,254.5,4.275142905348912,0.05325850538301855,222.02928215512065,0.03929273084479371,340.9194499017682,111.24557956777996,40591.0
vllm,long input long output,mistral_7b,10,6.0,256.51,4.263466933555901,0.05356633438832898,223.80712669636117,0.038984834899224205,338.2480215196289,110.37386456668357,40591.0
vllm,long input long output,mistral_7b,10,7.0,254.72,4.271673372806982,0.05327945322717908,222.32923623626112,0.03925879396984925,340.625,111.14949748743719,40591.0
vllm,long input long output,mistral_7b,10,8.0,257.22,4.2780817610677335,0.05370691574233106,224.5188490570522,0.03887722572117253,337.31436124718135,110.06920146178368,40591.0
vllm,long input long output,mistral_7b,10,9.0,254.35,4.274841771367937,0.05323066581604359,222.08020391422315,0.03931590328287792,341.12050324356204,111.31118537448398,40591.0
vllm,long input long output,mistral_7b,10,10.0,257.85,4.271565324254334,0.05377146417971088,225.03083697208194,0.03878223773511731,336.49020748497185,109.80027147566413,40591.0
vllm,long input long output,mixtral_7b_8expert,1,1.0,42.08,0.1177987772971391,0.014661459541108384,41.05286225024611,0.023764258555133082,149.97623574144487,66.3735741444867,38385.0
vllm,long input long output,mixtral_7b_8expert,2,1.0,41.17,0.11541782673448318,0.014508926930923007,39.09209586046636,0.04857906242409521,234.97692494534854,99.56278843818313,38391.0
vllm,long input long output,mixtral_7b_8expert,3,1.0,41.9,0.11133268242701887,0.01474893996482067,40.51869709724561,0.07159904534606205,346.6348448687351,158.63961813842482,38391.0
vllm,long input long output,mixtral_7b_8expert,4,1.0,58.56,0.17186953863129015,0.015028185486452406,54.649996565142644,0.06830601092896174,441.49590163934425,179.74726775956285,38737.0
vllm,long input long output,mixtral_7b_8expert,5,1.0,92.7,0.17047228273004292,0.015587799961667212,83.64547581598163,0.05393743257820927,398.2740021574973,178.18770226537217,38743.0
vllm,long input long output,mixtral_7b_8expert,6,1.0,91.09,0.2066069657448679,0.015534835646763605,80.73033384140581,0.06586892084751345,523.1309693709518,206.22461302009,39011.0
vllm,long input long output,mixtral_7b_8expert,7,1.0,94.16,0.21210703244432802,0.01607545731163097,82.19780591046437,0.07434154630416313,619.1694987255735,226.66737468139337,39005.0
vllm,long input long output,mixtral_7b_8expert,8,1.0,91.7,0.21294391690753395,0.015792607321361642,78.56185376551001,0.08724100327153762,698.1679389312977,255.3217011995638,39011.0
vllm,long input long output,mixtral_7b_8expert,9,1.0,96.72,0.21244688294827932,0.016781637152628443,81.52810915112494,0.09305210918114144,773.1596360628619,267.9383788254756,39011.0
vllm,long input long output,mixtral_7b_8expert,10,1.0,94.59,0.2578803142532706,0.016775393179133357,90.12442132337019,0.1057194206575748,1834.527962786764,598.6256475314515,39305.0
vllm,long input long output,mixtral_7b_8expert,10,2.0,91.4,0.2390627748332917,0.016415259251316178,76.83285022825,0.10940919037199125,949.2778993435448,309.7592997811816,39305.0
vllm,long input long output,mixtral_7b_8expert,10,3.0,91.11,0.4677526415325701,0.01652418638360495,77.04155556424517,0.1097574360662935,952.2994182855889,310.74525299089015,39863.0
vllm,long input long output,mixtral_7b_8expert,10,4.0,90.45,0.2854296891484409,0.016457990239948456,76.69272096278142,0.11055831951354339,959.2482034273079,313.012714206744,39399.0
vllm,long input long output,mixtral_7b_8expert,10,5.0,91.72,0.2852773311547935,0.016682502092915913,77.88071603160347,0.10902747492368077,945.9659834278239,308.678587003925,39195.0
vllm,long input long output,mixtral_7b_8expert,10,6.0,95.19,0.2855456300079822,0.017287709856321602,80.92899495940651,0.10505305179115454,911.4822985607732,297.4262002311167,39195.0
vllm,long input long output,mixtral_7b_8expert,10,7.0,94.08,0.46793032563291487,0.017063734715230202,80.02466366174627,0.10629251700680273,922.2363945578231,300.9353741496599,39687.0
vllm,long input long output,mixtral_7b_8expert,10,8.0,90.04,0.4855233025737106,0.016381483925843883,76.63294492927376,0.11106175033318524,963.6161705908485,314.43802754331404,39669.0
vllm,long input long output,mixtral_7b_8expert,10,9.0,89.99,0.4851355528924614,0.016297721124394742,76.6593276982661,0.111123458162018,964.151572396933,314.6127347483054,39747.0
vllm,long input long output,mixtral_7b_8expert,10,10.0,91.05,0.4891657253727316,0.01649488891436307,77.59045311971565,0.10982976386600769,952.9269632070292,310.95002745744097,39747.0
vllm,long input long output,qwen_7b,1,1.0,96.16,0.6435133991762996,0.03384474090588703,95.13843944109976,0.010399334442595675,65.6301996672213,29.045341098169718,37717.0
vllm,long input long output,qwen_7b,2,1.0,100.75,0.6291914909612387,0.036179971855411934,97.15641595614143,0.019851116625310174,96.0198511166253,40.6848635235732,37737.0
vllm,long input long output,qwen_7b,3,1.0,109.28,0.6769360050559043,0.03870860025448244,107.36493355995043,0.02745241581259151,132.90629575402636,60.82540263543192,37957.0
vllm,long input long output,qwen_7b,4,1.0,176.03,2.199244524165988,0.04715420084117244,168.1431666759774,0.022723399420553316,146.87269215474635,59.79662557518605,38775.0
vllm,long input long output,qwen_7b,5,1.0,286.86,2.2044052202254534,0.05452167272579589,267.85921803768724,0.017430105277835877,128.7038973715401,57.582095795858606,38795.0
vllm,long input long output,qwen_7b,6,1.0,308.87,2.2005541848484427,0.06344930869588125,285.99292564135976,0.019425648331013047,154.27849904490563,60.818467316346684,38795.0
vllm,long input long output,qwen_7b,7,1.0,348.07,109.95365904774505,0.07008166834682095,330.5546140414662,0.020110897233315137,170.4599649495791,64.28017352831327,38775.0
vllm,long input long output,qwen_7b,8,1.0,363.23,159.66024611094036,0.07204736405077665,343.12108387183395,0.02202461250447375,179.97687415687028,68.17718800759849,39345.0
vllm,long input long output,qwen_7b,9,1.0,404.55,158.79154232311993,0.07164425787756505,393.08427096270026,0.02224694104560623,189.50685947348904,68.71832900753924,39345.0
vllm,long input long output,qwen_7b,10,1.0,440.62,159.07718157228084,0.071724686711577,433.60244884276767,0.02269529299623258,402.38300576460443,137.06595252144706,39325.0
vllm,long input long output,qwen_7b,10,2.0,442.29,159.64969958569856,0.07199312417766227,432.4448876101989,0.02260960003617536,200.43184336069095,68.27420922923874,39345.0
vllm,long input long output,qwen_7b,10,3.0,439.87,160.74086567056366,0.07130715323220736,431.20069479481316,0.022733989587832768,201.5345442971787,68.64982835837861,40267.0
vllm,long input long output,qwen_7b,10,4.0,439.88,160.8575577518437,0.07137964045069398,431.81515550343323,0.022733472765299627,201.52996271710467,68.64826770937529,40267.0
vllm,long input long output,qwen_7b,10,5.0,439.62,160.65573371062055,0.07126662120746093,431.907456494309,0.0227469177926391,201.64915153996634,68.68886765843229,40267.0
vllm,long input long output,qwen_7b,10,6.0,439.06,160.53214939832688,0.07122814414007705,431.59162470009176,0.022775930396756707,201.90634537420854,68.77647701908623,40267.0
vllm,long input long output,qwen_7b,10,7.0,439.33,160.63844777080232,0.07125864006397185,432.02209229557775,0.02276193294334555,201.78225934946397,68.73420890902055,40267.0
vllm,long input long output,qwen_7b,10,8.0,439.4,160.66142440941184,0.07127644641728104,432.2038684781175,0.02275830678197542,201.75011379153392,68.72325898953119,40267.0
vllm,long input long output,qwen_7b,10,9.0,443.63,162.0271660357248,0.07188555702137016,436.44969707103445,0.02254130694497667,199.82643193652368,68.06798458174605,40267.0
vllm,long input long output,qwen_7b,10,10.0,439.36,160.60308473585172,0.07124317359830924,432.3427453787532,0.022760378732702112,201.76848142753096,68.72951565914056,40267.0
vllm,long input long output,yi_6b,1,1.0,72.83,0.535878773778677,0.025524577772362226,71.8007339341566,0.013730605519703419,86.65385143484828,38.34958121653165,37741.0
vllm,long input long output,yi_6b,2,1.0,74.2,0.5252787587232888,0.026036938293816897,71.26094006104394,0.026954177897574122,130.37735849056602,55.242587601078164,37761.0
vllm,long input long output,yi_6b,3,1.0,76.52,0.5719832498580217,0.02683929368648096,74.8268131332472,0.03920543648719289,189.80658651332985,86.86617877679039,37947.0
vllm,long input long output,yi_6b,4,1.0,109.81,1.2662994231097395,0.028578433689800304,103.92340504662134,0.03642655495856479,235.44303797468353,95.85647937346326,38399.0
vllm,long input long output,yi_6b,5,1.0,170.39,1.2699219608679413,0.030079572819968113,156.47535428628325,0.029344445096543225,216.67938259287519,96.9423088209402,38419.0
vllm,long input long output,yi_6b,6,1.0,179.8,1.5796228018589318,0.03341153482584492,162.79906681762077,0.03337041156840934,265.027808676307,104.47719688542824,38775.0
vllm,long input long output,yi_6b,7,1.0,181.77,1.6112330618314443,0.03481893476539654,162.19144067438316,0.03851020520437916,320.7404962315013,117.41761566815205,38755.0
vllm,long input long output,yi_6b,8,1.0,182.22,1.6017388412263245,0.035660378558655594,160.0397341039963,0.043902974426517395,351.3445285918121,128.48754253100648,38775.0
vllm,long input long output,yi_6b,9,1.0,187.05,2.0635601483285426,0.037787457708584424,162.16498867087063,0.048115477145148355,399.78615343491043,138.54584335739105,39277.0
vllm,long input long output,yi_6b,10,1.0,194.60500000000002,2.0632308986503634,0.04197336628190974,190.30430976948702,0.051386141157729756,891.6934302818529,290.96888569152895,39257.0
vllm,long input long output,yi_6b,10,2.0,195.83,3.631582983303815,0.040184321300503145,168.88310482525262,0.05106469897359955,443.0577541745391,144.57437573405502,40299.0
vllm,long input long output,yi_6b,10,3.0,192.58,3.6299195483792577,0.039679325741405536,166.56557137900958,0.05192647211548447,450.53484266278946,147.01422785335964,40299.0
vllm,long input long output,yi_6b,10,4.0,196.01,3.697539438400417,0.03986848071855337,169.62185102789658,0.0510178052140197,442.65088515892046,144.44161012193257,40261.0
vllm,long input long output,yi_6b,10,5.0,194.7,3.698487874399871,0.039682618619025195,168.66249596062107,0.05136106831022086,445.6291730868002,145.41345659989727,40261.0
vllm,long input long output,yi_6b,10,6.0,192.36,3.698748958669603,0.039267949744555934,166.73152076052497,0.05198585984612185,451.0501143688916,147.18236639634017,40261.0
vllm,long input long output,yi_6b,10,7.0,192.32,3.699234117055312,0.03928668983197046,166.75725818788626,0.05199667221297837,451.1439267886855,147.21297836938436,40261.0
vllm,long input long output,yi_6b,10,8.0,194.7,3.699440637929365,0.03966829864166126,168.80541956154624,0.05136106831022086,445.6291730868002,145.41345659989727,40261.0
vllm,long input long output,yi_6b,10,9.0,194.51,3.6960576027631764,0.03969449904348318,168.69404243803578,0.05141123849673539,446.06446969307495,145.55549843195723,40261.0
vllm,long input long output,yi_6b,10,10.0,194.5,3.6994455920532348,0.03966932705885519,168.71653711940155,0.05141388174807198,446.0874035989717,145.56298200514138,40261.0
sarathi,long input short output,llama2_7b,1,1.0,9.62,0.7910190992988646,0.030890862529235983,8.606969360727817,0.10395010395010396,285.6548856548857,26.403326403326407,39371.0
sarathi,long input short output,llama2_7b,2,1.0,15.43,2.2047257506055757,0.03845067035481459,14.199765361240134,0.12961762799740764,617.1095268956578,36.87621516526248,39371.0
sarathi,long input short output,llama2_7b,3,1.0,16.66,2.214223197894171,0.04262445182483767,15.320694854622706,0.18007202881152462,822.9291716686674,46.51860744297719,39371.0
sarathi,long input short output,llama2_7b,4,1.0,17.39,2.226150710345246,0.04581972131066175,15.90241970361676,0.23001725129384704,1049.3962047153536,49.223691776883264,39371.0
sarathi,long input short output,llama2_7b,5,1.0,20.01,3.820748670957982,0.058321422695454844,18.446034748572856,0.2498750624687656,1356.5717141429284,51.92403798100949,39371.0
sarathi,long input short output,llama2_7b,6,1.0,22.13,4.598436582018621,0.06085572098009147,20.46977505250834,0.2711251694532309,1630.5015815634886,51.87528242205152,39371.0
sarathi,long input short output,llama2_7b,7,1.0,22.68,4.566141490405425,0.06124670344687396,20.93589025195688,0.30864197530864196,1778.7477954144622,53.5273368606702,39371.0
sarathi,long input short output,llama2_7b,8,1.0,35.98,4.523961277725174,0.0661623680031065,26.970102262892755,0.22234574763757645,1288.7715397443026,45.10839355197332,39371.0
sarathi,long input short output,llama2_7b,9,1.0,36.43,4.519774211384356,0.06924436484834981,27.00495466645807,0.24704913532802636,1359.5662915179796,44.578643974746086,39371.0
sarathi,long input short output,llama2_7b,10,1.0,44.519999999999996,4.6985569529933855,0.069842246707099,37.4428149320418,0.22461814914645106,2550.4492362982933,94.5193171608266,39371.0
sarathi,long input short output,llama2_7b,10,2.0,43.85,4.4734616377856575,0.06917385647395766,38.17500884940382,0.22805017103762826,1294.709236031927,47.98175598631699,39371.0
sarathi,long input short output,llama2_7b,10,3.0,43.67,4.475807273341342,0.06980129144512688,39.112886950303796,0.2289901534234028,1300.0457980306846,48.17952828028395,39371.0
sarathi,long input short output,llama2_7b,10,4.0,43.91,4.505433819280006,0.06967505494920677,39.90166155851911,0.22773855613755412,1292.940104759736,47.91619221134138,39371.0
sarathi,long input short output,llama2_7b,10,5.0,43.53,4.4705412046751,0.06924609699501437,39.87367365767713,0.2297266253158741,1304.226969905812,48.33448196645991,39371.0
sarathi,long input short output,llama2_7b,10,6.0,43.28,4.456718962313607,0.06909078262638874,39.85676325673703,0.2310536044362292,1311.760628465804,48.613678373382626,39371.0
sarathi,long input short output,llama2_7b,10,7.0,43.28,4.455039904196746,0.06892038194391013,40.01808375504333,0.2310536044362292,1311.760628465804,48.613678373382626,39371.0
sarathi,long input short output,llama2_7b,10,8.0,43.46,4.470339709683321,0.06905671766233773,40.304946293006644,0.23009664058904739,1306.3276576161988,48.41233317993557,39371.0
sarathi,long input short output,llama2_7b,10,9.0,43.69,4.492738543939776,0.0696281440448589,40.614757493184875,0.22888532845044635,1299.450675211719,48.15747310597391,39371.0
sarathi,long input short output,llama2_7b,10,10.0,43.41,4.473371378611772,0.06924696553355224,40.424239279958414,0.23036166781847503,1307.8322967058282,48.46809490900714,39371.0
sarathi,long input short output,mistral_7b,1,1.0,10.12,0.7923363563604653,0.032858727774085855,9.105808002874255,0.09881422924901187,271.5415019762846,25.098814229249015,39409.0
sarathi,long input short output,mistral_7b,2,1.0,14.49,2.013927747635171,0.035342588484236756,13.25946010388434,0.13802622498274672,657.1428571428571,39.26846100759144,39409.0
sarathi,long input short output,mistral_7b,3,1.0,15.05,1.9659764329437166,0.03710408208969053,13.717552216444163,0.19933554817275748,910.9634551495017,51.495016611295675,39409.0
sarathi,long input short output,mistral_7b,4,1.0,15.38,2.009294033749029,0.038398754087453725,13.904162867809644,0.2600780234070221,1186.5409622886866,55.65669700910273,39409.0
sarathi,long input short output,mistral_7b,5,1.0,16.63,3.000809986889362,0.044569239401619276,15.078374852519483,0.3006614552014432,1632.291040288635,62.47745039085989,39409.0
sarathi,long input short output,mistral_7b,6,1.0,17.39,3.3616293182130907,0.04553083070630502,15.759071347420104,0.3450258769407705,2074.9281196089705,66.0149511213341,39409.0
sarathi,long input short output,mistral_7b,7,1.0,17.68,3.3515136894769966,0.04563931723103983,15.960375821636989,0.39592760180995473,2281.787330316742,68.66515837104072,39409.0
sarathi,long input short output,mistral_7b,8,1.0,30.86,3.357459104154259,0.04582817130267802,21.84495322927832,0.2592352559948153,1502.5923525599483,52.592352559948154,39409.0
sarathi,long input short output,mistral_7b,9,1.0,31.11,3.363242821302265,0.047069744492707025,21.70928259445354,0.28929604628736744,1592.060430729669,52.201864352298294,39409.0
sarathi,long input short output,mistral_7b,10,1.0,37.015,3.422013030364178,0.046973278698009935,29.991942110145466,0.270160745643658,3067.567202485479,113.68364176685128,39409.0
sarathi,long input short output,mistral_7b,10,2.0,36.39,3.32658967084717,0.0467758269227816,30.774908469268116,0.2748007694421544,1560.1264083539434,57.818081890629294,39409.0
sarathi,long input short output,mistral_7b,10,3.0,36.34,3.3400380488019437,0.046879643108209614,31.833894653804595,0.275178866263071,1562.272977435333,57.89763346175013,39409.0
sarathi,long input short output,mistral_7b,10,4.0,36.38,3.3453734261682255,0.04706753466974248,32.423723016493014,0.27487630566245186,1560.555250137438,57.833974711379874,39409.0
sarathi,long input short output,mistral_7b,10,5.0,35.34,3.264227406866848,0.0459603225687969,31.788826836505898,0.28296547821165813,1606.4799094510468,59.53593661573287,39409.0
sarathi,long input short output,mistral_7b,10,6.0,36.13,3.3341409561457107,0.04682351794393201,32.74641694729216,0.2767783005812344,1571.353445889842,58.23415444229172,39409.0
sarathi,long input short output,mistral_7b,10,7.0,36.28,3.3514206565218045,0.047111899283775995,33.050310041802,0.27563395810363833,1564.856670341786,57.99338478500551,39409.0
sarathi,long input short output,mistral_7b,10,8.0,36.01,3.3291696514002975,0.04677185544999991,32.91533996474463,0.27770063871146905,1576.5898361566233,58.42821438489309,39409.0
sarathi,long input short output,mistral_7b,10,9.0,36.25,3.3440728340763597,0.04707213007491901,33.229642251390025,0.27586206896551724,1566.151724137931,58.04137931034483,39409.0
sarathi,long input short output,mistral_7b,10,10.0,35.94,3.3181866136379536,0.046737387584020886,33.017648446792734,0.2782415136338342,1579.6605453533668,58.54201446855871,39409.0
sarathi,long input short output,mixtral_7b_8expert,1,1.0,5.15,0.3802870810031891,0.014841704007252874,4.135721983853728,0.1941747572815534,533.5922330097087,49.32038834951456,39347.0
sarathi,long input short output,mixtral_7b_8expert,2,1.0,7.01,0.8146565149305388,0.01589453744958682,5.8914144274313,0.28530670470756064,1358.3452211126962,81.169757489301,39347.0
sarathi,long input short output,mixtral_7b_8expert,3,1.0,7.24,0.8425936443731188,0.016565528029058252,6.059064636286348,0.4143646408839779,1893.646408839779,107.04419889502762,39347.0
sarathi,long input short output,mixtral_7b_8expert,4,1.0,6.94,0.8021536426153034,0.015790287397927934,5.691647489368915,0.5763688760806917,2629.538904899135,123.342939481268,39347.0
sarathi,long input short output,mixtral_7b_8expert,5,1.0,7.55,1.1822700168937443,0.017344898227560832,6.147763135191052,0.6622516556291391,3595.364238410596,137.6158940397351,39347.0
sarathi,long input short output,mixtral_7b_8expert,6,1.0,7.27,1.2396314686629921,0.017008646458306454,5.9544283440336585,0.8253094910591472,4963.273727647868,157.9092159559835,39347.0
sarathi,long input short output,mixtral_7b_8expert,7,1.0,7.6,1.2192343483678996,0.016797974878033372,5.815096706151961,0.9210526315789475,5308.1578947368425,159.73684210526318,39347.0
sarathi,long input short output,mixtral_7b_8expert,8,1.0,13.67,1.2301104538841174,0.017326611782622486,7.125907358969561,0.5852231163130943,3392.099487929773,118.72713972201902,39347.0
sarathi,long input short output,mixtral_7b_8expert,9,1.0,13.42,1.1966836859472096,0.016722569201822177,6.851885017193854,0.6706408345752608,3690.6855439642327,121.0134128166915,39347.0
sarathi,long input short output,mixtral_7b_8expert,10,1.0,15.875,1.2254867973038928,0.017008617341813918,9.012760978681035,0.6299212598425197,7152.503937007874,265.07086614173227,39347.0
sarathi,long input short output,mixtral_7b_8expert,10,2.0,14.96,1.2240907821804285,0.017398156505436253,10.792481967178173,0.6684491978609626,3794.9866310160423,140.6417112299465,39347.0
sarathi,long input short output,mixtral_7b_8expert,10,3.0,13.83,1.1411918328842148,0.01609683623122505,10.84009281422477,0.7230657989877078,4105.061460592914,152.13304410701375,39347.0
sarathi,long input short output,mixtral_7b_8expert,10,4.0,14.9,1.231575289648026,0.017496738070592235,12.400382680888285,0.6711409395973155,3810.268456375839,141.20805369127515,39347.0
sarathi,long input short output,mixtral_7b_8expert,10,5.0,15.62,1.2769588548224418,0.017940058717913515,13.414841724745926,0.6402048655569783,3634.6350832266326,134.69910371318824,39347.0
sarathi,long input short output,mixtral_7b_8expert,10,6.0,14.34,1.1837174257496372,0.01702630609430126,12.445198711706324,0.697350069735007,3959.065550906555,146.72245467224548,39347.0
sarathi,long input short output,mixtral_7b_8expert,10,7.0,14.52,1.2110623348969964,0.0173783402241623,12.773525495105421,0.6887052341597797,3909.9862258953167,144.90358126721765,39347.0
sarathi,long input short output,mixtral_7b_8expert,10,8.0,14.77,1.2407148469239473,0.018514597883525587,13.150517175206911,0.6770480704129993,3843.805010155721,142.45091401489506,39347.0
sarathi,long input short output,mixtral_7b_8expert,10,9.0,14.58,1.208918462623842,0.01786417939694216,13.025879739504306,0.6858710562414266,3893.895747599451,144.30727023319616,39347.0
sarathi,long input short output,mixtral_7b_8expert,10,10.0,14.7,1.2055941910715773,0.018790790190776917,13.199904640391466,0.6802721088435374,3862.108843537415,143.12925170068027,39347.0
sarathi,long input short output,qwen_7b,1,1.0,9.88,0.8165711029432714,0.031812646067351576,8.865502362605184,0.10121457489878542,278.13765182186233,25.708502024291494,39359.0
sarathi,long input short output,qwen_7b,2,1.0,16.11,2.295339438645169,0.04018760140071618,14.8686981492443,0.12414649286157667,591.0614525139665,35.31967721911856,39359.0
sarathi,long input short output,qwen_7b,3,1.0,17.3,2.283158244425431,0.044253976996786945,15.952225042134524,0.17341040462427745,792.485549132948,44.797687861271676,39359.0
sarathi,long input short output,qwen_7b,4,1.0,18.11,2.3146790930535643,0.0476306570860191,16.6053040696308,0.22087244616234125,1007.6753175041414,47.26670347874103,39359.0
sarathi,long input short output,qwen_7b,5,1.0,20.65,3.9329094967804847,0.060006713935900936,19.08431258769706,0.2421307506053269,1314.5278450363196,50.31476997578693,39359.0
sarathi,long input short output,qwen_7b,6,1.0,22.36,4.628833460854366,0.06132179998754376,20.694396219565533,0.26833631484794274,1613.7298747763864,51.341681574239715,39359.0
sarathi,long input short output,qwen_7b,7,1.0,23.18,4.650430547865108,0.06249484656898237,21.431027295300733,0.30198446937014667,1740.3796376186367,52.372735116479724,39359.0
sarathi,long input short output,qwen_7b,8,1.0,37.36,4.645824527763761,0.06795523280907353,28.10201042515691,0.21413276231263384,1241.167023554604,43.44218415417559,39359.0
sarathi,long input short output,qwen_7b,9,1.0,37.66,4.626846594270319,0.07089548163407847,27.98535508122295,0.2389803505045141,1315.1619755708975,43.12267657992565,39359.0
sarathi,long input short output,qwen_7b,10,1.0,45.980000000000004,4.820531026879325,0.07159969029661555,39.03213839468081,0.21748586341887777,2469.4649847759893,91.51805132666375,39359.0
sarathi,long input short output,qwen_7b,10,2.0,45.26,4.577723715035244,0.07090299937515877,39.470616698847145,0.22094564737074682,1254.3747238179408,46.486964206805126,39359.0
sarathi,long input short output,qwen_7b,10,3.0,45.31,4.608899455540813,0.0709890659017345,40.63827277531381,0.22070183182520414,1252.9905098212314,46.43566541602295,39359.0
sarathi,long input short output,qwen_7b,10,4.0,44.94,4.580343748559243,0.07070025296989253,40.85007471337448,0.22251891410769917,1263.3066310636405,46.817979528259904,39359.0
sarathi,long input short output,qwen_7b,10,5.0,45.26,4.608435764419846,0.07112583856993855,41.466018769214855,0.22094564737074682,1254.3747238179408,46.486964206805126,39359.0
sarathi,long input short output,qwen_7b,10,6.0,45.09,4.598033761815167,0.0709550805773156,41.53791938787326,0.22177866489243733,1259.1040141938345,46.66223109336882,39359.0
sarathi,long input short output,qwen_7b,10,7.0,44.28,4.530525191430933,0.07006188932519693,40.93620366763788,0.22583559168925021,1282.1364046973804,47.51580849141825,39359.0
sarathi,long input short output,qwen_7b,10,8.0,45.26,4.6170934235444285,0.0712545335260578,41.9735644854838,0.22094564737074682,1254.3747238179408,46.486964206805126,39359.0
sarathi,long input short output,qwen_7b,10,9.0,45.31,4.620043836650438,0.071615620304902,42.113504982413716,0.22070183182520414,1252.9905098212314,46.43566541602295,39359.0
sarathi,long input short output,qwen_7b,10,10.0,45.21,4.614298310666345,0.07125591003049449,42.094996045413424,0.22119000221190002,1255.76199955762,46.53837646538376,39359.0
sarathi,long input short output,yi_6b,1,1.0,8.33,0.7027963981963694,0.026124869338917757,7.312859149649739,0.12004801920768307,329.89195678271307,30.4921968787515,39359.0
sarathi,long input short output,yi_6b,2,1.0,12.11,1.825364828435704,0.02914585462752136,10.918759163841605,0.16515276630883569,786.2923203963667,46.98596201486375,39359.0
sarathi,long input short output,yi_6b,3,1.0,12.35,1.783428016817197,0.03006011654846252,11.072153543215245,0.24291497975708504,1110.1214574898786,62.75303643724696,39359.0
sarathi,long input short output,yi_6b,4,1.0,12.91,1.8031966699054462,0.031981418155848665,11.517096272227354,0.30983733539891556,1413.5553834237026,66.30518977536794,39359.0
sarathi,long input short output,yi_6b,5,1.0,14.09,2.647814112249762,0.03844224421966364,12.565635033044964,0.35486160397445,1926.5436479772889,73.7402413058907,39359.0
sarathi,long input short output,yi_6b,6,1.0,15.05,2.9430596556048836,0.03992712094362576,13.442055450752378,0.39867109634551495,2397.5415282392028,76.27906976744185,39359.0
sarathi,long input short output,yi_6b,7,1.0,15.39,2.93611797359772,0.04010995624612494,13.698777077253906,0.4548408057179987,2621.312540610786,78.88239116309292,39359.0
sarathi,long input short output,yi_6b,8,1.0,25.83,2.913507838174701,0.039889591894774104,17.768879847018976,0.3097173828881146,1795.1993805652344,62.833914053426255,39359.0
sarathi,long input short output,yi_6b,9,1.0,26.21,2.9242070299573246,0.04034684031843566,17.881758901663122,0.343380389164441,1889.6985883250668,61.961083555894696,39359.0
sarathi,long input short output,yi_6b,10,1.0,30.985,2.9581170687451954,0.04013263857950313,24.016013890691102,0.32273680813296757,3664.5473616265936,135.80764886235275,39359.0
sarathi,long input short output,yi_6b,10,2.0,30.49,2.9041199467144905,0.04014483068969899,25.361180664529087,0.3279763857002296,1862.0203345359134,69.00623155132831,39359.0
sarathi,long input short output,yi_6b,10,3.0,30.14,2.9139345170697197,0.040283463512583134,26.16681473550852,0.33178500331785005,1883.64299933643,69.80756469807565,39359.0
sarathi,long input short output,yi_6b,10,4.0,30.25,2.90783305009827,0.04020973643207421,26.802037751185704,0.3305785123966942,1876.793388429752,69.55371900826447,39359.0
sarathi,long input short output,yi_6b,10,5.0,29.95,2.882156313280575,0.03977159864233377,26.849523854465218,0.333889816360601,1895.5926544240401,70.25041736227045,39359.0
sarathi,long input short output,yi_6b,10,6.0,30.17,2.9079555554315446,0.04019248189747136,27.279233493353235,0.33145508783559824,1881.769970169042,69.73815048060987,39359.0
sarathi,long input short output,yi_6b,10,7.0,30.23,2.914729224704206,0.0402766110198438,27.486811674991618,0.33079722130334105,1878.0350645054582,69.59973536222296,39359.0
sarathi,long input short output,yi_6b,10,8.0,29.28,2.8353012608364225,0.03912689761034786,26.72269499043468,0.34153005464480873,1938.9685792349726,71.85792349726776,39359.0
sarathi,long input short output,yi_6b,10,9.0,29.79,2.878976998804137,0.03978662358299166,27.291452028881753,0.3356831151393085,1905.7737495803963,70.62772742531051,39359.0
sarathi,long input short output,yi_6b,10,10.0,30.06,2.907012258702889,0.04017009117022658,27.620341311767692,0.33266799733865604,1888.6560212907518,69.99334664005323,39359.0
vllm,long input short output,llama2_7b,1,1.0,9.06,0.4300190676003694,0.030089378831797672,8.043040617369115,0.11037527593818984,303.31125827814566,28.03532008830022,37629.0
vllm,long input short output,llama2_7b,2,1.0,14.04,1.2717351278290152,0.04133425845053806,12.901202626666054,0.14245014245014245,678.2051282051283,40.52706552706553,38125.0
vllm,long input short output,llama2_7b,3,1.0,15.42,1.9240154025144878,0.04647286885022503,14.183201095368714,0.19455252918287938,889.1050583657587,50.25940337224384,38613.0
vllm,long input short output,llama2_7b,4,1.0,16.65,1.912680166680366,0.05108962702715192,15.308876689104363,0.24024024024024027,1096.0360360360362,51.411411411411414,38593.0
vllm,long input short output,llama2_7b,5,1.0,20.13,2.711801721714437,0.0652549894404244,18.689701144210993,0.24838549428713363,1348.4848484848485,51.61450571286637,39169.0
vllm,long input short output,llama2_7b,6,1.0,22.9,2.711332918610424,0.08419425910766089,21.372480028774586,0.26200873362445415,1575.6768558951967,50.13100436681223,39169.0
vllm,long input short output,llama2_7b,7,1.0,24.0,2.7098668506368995,0.09468905223737946,22.36309657972306,0.2916666666666667,1680.9166666666667,50.583333333333336,39149.0
vllm,long input short output,llama2_7b,8,1.0,29.89,2.711921963933855,0.10929499864255973,24.98337141028605,0.26764804282368687,1551.354968216795,54.29909668785547,39169.0
vllm,long input short output,llama2_7b,9,1.0,30.61,2.710921791009605,0.11358996426283449,25.578427397273483,0.29402156158118264,1618.0659915060437,53.05455733420451,39169.0
vllm,long input short output,llama2_7b,10,1.0,39.37,2.7153527546674012,0.12499210449052041,32.42178286290728,0.25400050800101603,2884.0741681483364,106.88341376682754,39149.0
vllm,long input short output,llama2_7b,10,2.0,38.83,3.975967358285561,0.13020195448596492,33.17987702786922,0.25753283543651817,1462.0911666237446,54.18490857584342,39955.0
vllm,long input short output,llama2_7b,10,3.0,38.63,3.966581267304719,0.13001438346788438,34.09995072735473,0.2588661661920787,1469.6608853222883,54.46544136681335,39955.0
vllm,long input short output,llama2_7b,10,4.0,38.57,3.9656988852191724,0.1300492304594566,34.59182951985858,0.25926886180969666,1471.9471091521907,54.550168524760174,39955.0
vllm,long input short output,llama2_7b,10,5.0,38.5,3.9642815458588303,0.12991090399251937,34.85988451954909,0.2597402597402597,1474.6233766233765,54.64935064935065,39955.0
vllm,long input short output,llama2_7b,10,6.0,38.77,3.9715041314717388,0.13061337335442652,35.32454669512808,0.2579313902501934,1464.353881867423,54.2687645086407,39955.0
vllm,long input short output,llama2_7b,10,7.0,38.44,3.9703146014362574,0.13002445119743541,35.189992845710364,0.2601456815816858,1476.9250780437046,54.73465140478668,39955.0
vllm,long input short output,llama2_7b,10,8.0,38.36,3.9609984612558042,0.12982825532419756,35.22864945661276,0.26068821689259647,1480.005213764338,54.848800834202294,39955.0
vllm,long input short output,llama2_7b,10,9.0,38.65,3.9600546590052543,0.13053222295886363,35.59026537970639,0.258732212160414,1468.9003880983182,54.4372574385511,39955.0
vllm,long input short output,llama2_7b,10,10.0,38.63,3.958091620542109,0.13053274941844084,35.64083407763391,0.2588661661920787,1469.6608853222883,54.46544136681335,39955.0
vllm,long input short output,mistral_7b,1,1.0,9.65,0.4176394315436482,0.03247456919961414,8.634130992926657,0.10362694300518134,284.76683937823833,26.32124352331606,37375.0
vllm,long input short output,mistral_7b,2,1.0,13.28,1.2503696627914904,0.03864038450046317,12.137667933898047,0.15060240963855423,717.0180722891566,42.846385542168676,38011.0
vllm,long input short output,mistral_7b,3,1.0,14.13,1.9308185271918774,0.04153345144536695,12.895524701662362,0.21231422505307854,970.276008492569,54.84784147204529,38603.0
vllm,long input short output,mistral_7b,4,1.0,15.05,1.9303906757384535,0.044944289908933385,13.721716277953236,0.26578073089700993,1212.5581395348836,56.87707641196013,38603.0
vllm,long input short output,mistral_7b,5,1.0,17.55,2.7374563405290244,0.05484252963889565,16.117310389503835,0.2849002849002849,1546.7236467236467,59.2022792022792,39327.0
vllm,long input short output,mistral_7b,6,1.0,19.76,2.7340965231414884,0.06606426007245951,18.237555294996127,0.30364372469635625,1826.062753036437,58.09716599190283,39327.0
vllm,long input short output,mistral_7b,7,1.0,20.59,2.7339436238631607,0.07401132850449903,18.968948585074394,0.33997085964060225,1959.3006313744536,58.960660514813014,39327.0
vllm,long input short output,mistral_7b,8,1.0,24.86,2.726440041465685,0.08324666246553936,20.044695654790846,0.32180209171359614,1865.2453740949315,65.28559935639582,39327.0
vllm,long input short output,mistral_7b,9,1.0,25.41,2.7293229373171926,0.08728898709937156,20.49240237157792,0.3541912632821724,1949.1932310114128,63.91184573002755,39327.0
vllm,long input short output,mistral_7b,10,1.0,30.085,3.673564935196191,0.11690125975292177,23.418540627136828,0.33239155725444575,3774.1731760013295,139.87036729267075,40407.0
vllm,long input short output,mistral_7b,10,2.0,29.57,3.9650313461199405,0.11518918680019989,25.181437569810075,0.3381805884342239,1919.9526547176192,71.1531958065607,41203.0
vllm,long input short output,mistral_7b,10,3.0,29.56,3.9672403326723726,0.11560494712457972,26.283832926582544,0.33829499323410017,1920.6021650879568,71.17726657645467,41203.0
vllm,long input short output,mistral_7b,10,4.0,29.59,3.9695262878667563,0.11589477439904938,26.87499989434145,0.33795201081446435,1918.6549509969584,71.1051030753633,41203.0
vllm,long input short output,mistral_7b,10,5.0,29.25,3.9648542192764578,0.11517603732284526,26.876331758825106,0.3418803418803419,1940.957264957265,71.93162393162393,41203.0
vllm,long input short output,mistral_7b,10,6.0,29.26,3.97169549302198,0.11541485620529583,27.118559234123673,0.3417634996582365,1940.293916609706,71.90704032809296,41203.0
vllm,long input short output,mistral_7b,10,7.0,29.22,3.969379558693617,0.11525886336649557,27.229599671578033,0.3422313483915127,1942.950034223135,72.00547570157427,41203.0
vllm,long input short output,mistral_7b,10,8.0,29.23,3.972230419749394,0.1153569148123248,27.357087873062117,0.3421142661648991,1942.2853232979814,71.98084160109477,41203.0
vllm,long input short output,mistral_7b,10,9.0,29.44,3.977856996981427,0.11592512612106833,27.65469878143631,0.33967391304347827,1928.430706521739,71.46739130434783,41203.0
vllm,long input short output,mistral_7b,10,10.0,29.31,3.973553740186617,0.11563069877462509,27.599401220167053,0.34118048447628796,1936.9839645172297,71.78437393381098,41203.0
vllm,long input short output,mixtral_7b_8expert,1,1.0,4.64,0.0965315252542495,0.01394287569323194,3.624279455281794,0.21551724137931036,592.2413793103449,54.74137931034483,38311.0
vllm,long input short output,mixtral_7b_8expert,2,1.0,5.8,0.1481408941093832,0.015096678501474874,4.721615542564541,0.3448275862068966,1641.7241379310344,98.10344827586208,38615.0
vllm,long input short output,mixtral_7b_8expert,3,1.0,6.26,0.14665128514170644,0.016761318265339133,5.13625659858808,0.4792332268370607,2190.0958466453676,123.80191693290735,38615.0
vllm,long input short output,mixtral_7b_8expert,4,1.0,6.16,0.1427505473606288,0.016492563794156652,4.997474043443798,0.6493506493506493,2962.5,138.96103896103895,38615.0
vllm,long input short output,mixtral_7b_8expert,5,1.0,6.8,0.2089007562026381,0.020815118903426726,5.59264084212482,0.7352941176470589,3991.9117647058824,152.79411764705884,38889.0
vllm,long input short output,mixtral_7b_8expert,6,1.0,6.31,0.22563016181811688,0.01776095231364528,5.253269441891462,0.9508716323296356,5718.38351822504,181.93343898573693,39165.0
vllm,long input short output,mixtral_7b_8expert,7,1.0,7.12,0.22602788656949993,0.01765803398763777,5.249840188305825,0.9831460674157303,5666.011235955056,170.5056179775281,39165.0
vllm,long input short output,mixtral_7b_8expert,8,1.0,12.24,0.226087781926617,0.018378152364608526,5.978636441519484,0.6535947712418301,3788.3986928104573,132.59803921568627,39165.0
vllm,long input short output,mixtral_7b_8expert,9,1.0,12.45,0.2262769792228937,0.01864474628932772,6.16935567073524,0.7228915662650602,3978.2329317269077,130.4417670682731,39165.0
vllm,long input short output,mixtral_7b_8expert,10,1.0,14.09,0.22693669581785794,0.17831740994006395,7.3040803534444425,0.7097232079489,8058.623136976579,298.6515259048971,39165.0
vllm,long input short output,mixtral_7b_8expert,10,2.0,10.83,0.22545708301477133,0.10704441221430878,7.166933621140196,0.9233610341643582,5242.197599261312,194.27516158818096,39167.0
vllm,long input short output,mixtral_7b_8expert,10,3.0,9.41,0.2255401642527431,0.10964433885819727,6.911583862965926,1.0626992561105206,6033.262486716259,223.59192348565355,39431.0
vllm,long input short output,mixtral_7b_8expert,10,4.0,8.77,0.23321226011030377,0.02406949429629513,6.855886271828784,1.1402508551881414,6473.546180159636,239.90877993158497,38869.0
vllm,long input short output,mixtral_7b_8expert,10,5.0,8.93,0.23326443936675784,0.02512382813554722,7.322613641200586,1.1198208286674132,6357.558790593505,235.61030235162374,38869.0
vllm,long input short output,mixtral_7b_8expert,10,6.0,8.61,0.2343089240137487,0.02719252111506644,7.239297199295833,1.1614401858304297,6593.844367015099,244.36701509872242,39333.0
vllm,long input short output,mixtral_7b_8expert,10,7.0,8.31,0.4448024148587137,0.025763385862228417,7.11862381407991,1.2033694344163657,6831.889290012034,253.18892900120335,40029.0
vllm,long input short output,mixtral_7b_8expert,10,8.0,8.34,0.45590905724093317,0.02679312397027385,7.252767874673008,1.1990407673860912,6807.3141486810555,252.27817745803358,40435.0
vllm,long input short output,mixtral_7b_8expert,10,9.0,8.34,0.454610010003671,0.02680920716491524,7.354250097833573,1.1990407673860912,6807.3141486810555,252.27817745803358,40435.0
vllm,long input short output,mixtral_7b_8expert,10,10.0,8.38,0.4557427438907325,0.02721997971937522,7.458916578581555,1.1933174224343674,6774.821002386634,251.0739856801909,40435.0
vllm,long input short output,qwen_7b,1,1.0,9.6,0.4340999778360128,0.0321971924364449,8.580411926843226,0.10416666666666667,286.25,26.458333333333336,37619.0
vllm,long input short output,qwen_7b,2,1.0,14.48,1.262299290439114,0.042676919095017314,13.329614405101164,0.13812154696132597,657.5966850828729,39.295580110497234,38115.0
vllm,long input short output,qwen_7b,3,1.0,15.96,1.9281796929426491,0.04817582611135179,14.712732942402363,0.18796992481203006,859.0225563909773,48.558897243107765,38603.0
vllm,long input short output,qwen_7b,4,1.0,17.12,1.92202460472472,0.052553831914943124,15.763164760312065,0.2336448598130841,1065.946261682243,50.0,38583.0
vllm,long input short output,qwen_7b,5,1.0,20.74,2.7424584755674006,0.06724590109430838,19.281648338772357,0.2410800385728062,1308.8235294117649,50.09643201542912,39157.0
vllm,long input short output,qwen_7b,6,1.0,23.5,2.7439042078331113,0.08612281910261627,21.943072629626844,0.2553191489361702,1535.4468085106382,48.851063829787236,39157.0
vllm,long input short output,qwen_7b,7,1.0,24.69,2.7457975196652114,0.09697689242842719,23.020167345460504,0.28351559335763465,1633.940866747671,49.16970433373835,39137.0
vllm,long input short output,qwen_7b,8,1.0,32.65,2.743770384928211,0.10849127986072277,26.211010802397503,0.2450229709035222,1420.2143950995408,49.70903522205207,39157.0
vllm,long input short output,qwen_7b,9,1.0,33.18,2.7438231963664292,0.10841108315908238,26.727888568304476,0.27124773960216997,1492.7365883062087,48.9451476793249,39157.0
vllm,long input short output,qwen_7b,10,1.0,41.065,2.7450079889502375,0.11661611054383683,34.09570148382336,0.24351637647631805,2765.031048338001,102.47169122123464,39137.0
vllm,long input short output,qwen_7b,10,2.0,40.73,4.000083949137479,0.12475835415248925,35.57119887899607,0.24551927326295117,1393.8865700957526,51.65725509452493,39943.0
vllm,long input short output,qwen_7b,10,3.0,40.52,3.993702793773264,0.12452804837848896,36.47306799427606,0.24679170779861795,1401.1105626850938,51.92497532082922,39943.0
vllm,long input short output,qwen_7b,10,4.0,40.64,3.9953197992872447,0.12485773609013598,37.143339265743265,0.24606299212598426,1396.9734251968505,51.77165354330709,39943.0
vllm,long input short output,qwen_7b,10,5.0,40.58,4.001004037447274,0.12501196827077563,37.42290408695116,0.24642681123706262,1399.0389354361755,51.848201084277974,39943.0
vllm,long input short output,qwen_7b,10,6.0,40.65,4.002844448201358,0.12514147213357402,37.69826942179351,0.24600246002460024,1396.629766297663,51.758917589175894,39943.0
vllm,long input short output,qwen_7b,10,7.0,40.39,4.003895510360598,0.12471932315138087,37.61496866345405,0.24758603614756128,1405.6202030205495,52.09210200544689,39943.0
vllm,long input short output,qwen_7b,10,8.0,40.51,3.999816045118495,0.1249947043947885,37.84762265989556,0.24685262898049865,1401.456430510985,51.93779313749692,39943.0
vllm,long input short output,qwen_7b,10,9.0,40.24,3.9923978968989102,0.12449750204698506,37.6890432131011,0.24850894632206758,1410.8598409542742,52.28628230616302,39943.0
vllm,long input short output,qwen_7b,10,10.0,40.51,3.992713880026713,0.12498140411739732,38.013369073299685,0.24685262898049865,1401.456430510985,51.93779313749692,39943.0
vllm,long input short output,yi_6b,1,1.0,7.82,0.3638900211080909,0.02542781743695849,6.797320443205535,0.1278772378516624,351.40664961636827,32.48081841432225,37637.0
vllm,long input short output,yi_6b,2,1.0,10.78,1.0734488865360619,0.030687142525024802,9.658661082666367,0.1855287569573284,883.3024118738405,52.78293135435993,38181.0
vllm,long input short output,yi_6b,3,1.0,11.57,1.6151695325970647,0.03328541668883793,10.373839902412147,0.25929127052722556,1184.961106309421,66.98357821953327,38701.0
vllm,long input short output,yi_6b,4,1.0,12.28,1.6129556144122033,0.0359232696228221,11.015131388930604,0.32573289902280134,1486.0749185667753,69.70684039087948,38681.0
vllm,long input short output,yi_6b,5,1.0,14.13,2.354948765225708,0.04339189711430603,12.791868538223207,0.3538570417551309,1921.0898796886056,73.5314932767162,39255.0
vllm,long input short output,yi_6b,6,1.0,16.01,2.3501748177222908,0.05234523274827189,14.591736470349133,0.3747657713928794,2253.778888194878,71.7051842598376,39255.0
vllm,long input short output,yi_6b,7,1.0,16.56,2.354862048849463,0.05847912549810104,15.073087409138678,0.4227053140096619,2436.1111111111113,73.30917874396135,39235.0
vllm,long input short output,yi_6b,8,1.0,20.13,2.3517282262910157,0.06715525777935714,16.121202532388267,0.39741679085941384,2303.5270740188776,80.62593144560358,39255.0
vllm,long input short output,yi_6b,9,1.0,20.52,2.352618736214936,0.07030977787838313,16.439680839143694,0.4385964912280702,2413.6939571150097,79.14230019493178,39255.0
vllm,long input short output,yi_6b,10,1.0,24.1,3.099071124056354,0.09386997619702014,18.60845548915677,0.41493775933609955,4711.452282157676,174.60580912863068,40065.0
vllm,long input short output,yi_6b,10,2.0,23.64,3.47356740902178,0.09342908519014652,19.537404177477583,0.4230118443316413,2401.565143824027,89.00169204737732,40765.0
vllm,long input short output,yi_6b,10,3.0,23.31,3.4724521293770523,0.09309351115481988,20.27502146679908,0.429000429000429,2435.5641355641355,90.26169026169026,40765.0
vllm,long input short output,yi_6b,10,4.0,23.29,3.471048387978226,0.09323260077953806,20.81569899781607,0.42936882782310004,2437.655646200086,90.33920137398026,40765.0
vllm,long input short output,yi_6b,10,5.0,23.19,3.474367770319805,0.09318202522586291,21.057853655796496,0.43122035360068994,2448.167313497197,90.72876239758516,40765.0
vllm,long input short output,yi_6b,10,6.0,23.43,3.4718121765181422,0.09375986294588759,21.505639510881153,0.42680324370465217,2423.0900554844216,89.79940247545882,40765.0
vllm,long input short output,yi_6b,10,7.0,23.16,3.467972394172102,0.09318117718383473,21.404231656761837,0.4317789291882556,2451.3385146804835,90.84628670120898,40765.0
vllm,long input short output,yi_6b,10,8.0,23.39,3.4759850677568465,0.09378217592094595,21.744077937770633,0.4275331338178709,2427.2338606241983,89.95297135528003,40765.0
vllm,long input short output,yi_6b,10,9.0,23.12,3.469939429871738,0.09313729410146711,21.57967245937325,0.4325259515570934,2455.5795847750865,91.00346020761245,40765.0
vllm,long input short output,yi_6b,10,10.0,23.3,3.476598375057802,0.09365139592463319,21.82174289911054,0.4291845493562232,2436.6094420600857,90.30042918454936,40765.0
sarathi,mixed long short input output,llama2_7b,1,1.0,4.34,0.1816851813346147,0.02882791558759065,3.324088656809181,0.2304147465437788,138.94009216589862,25.34562211981567,39347.0
sarathi,mixed long short input output,llama2_7b,2,1.0,6.81,0.178958889725618,0.02905707612508867,5.644807688239962,0.2936857562408223,141.9970631424376,44.78707782672541,39347.0
sarathi,mixed long short input output,llama2_7b,3,1.0,198.71,0.1740239305887371,0.030540898673534364,178.1800014705397,0.015097378088671934,37.527049469075536,33.87851643097982,39347.0
sarathi,mixed long short input output,llama2_7b,4,1.0,199.45,0.1768166692927479,0.03070735677083284,169.47420537155114,0.020055151667084485,40.726999247931815,35.00125344697919,39343.0
sarathi,mixed long short input output,llama2_7b,5,1.0,200.37,0.18196259867399922,0.030846232720368197,168.61181117221713,0.024953835404501672,50.8559165543744,42.666067774616955,39347.0
sarathi,mixed long short input output,llama2_7b,6,1.0,204.46,2.3708940343931317,0.038390222098822965,164.6457076470833,0.029345593270077276,93.42658710750268,42.60491049594052,39371.0
sarathi,mixed long short input output,llama2_7b,7,1.0,209.1,2.237909800931809,0.038551171697314694,172.0354103690478,0.03347680535628886,105.34194165471067,54.71544715447155,39371.0
sarathi,mixed long short input output,llama2_7b,8,1.0,215.27,2.111730368668212,0.03958251793102192,172.05790605405338,0.0371626329725461,116.73247549588888,65.39229804431643,39371.0
sarathi,mixed long short input output,llama2_7b,9,1.0,212.55,2.0855586993508033,0.0404319979354694,164.19885394424196,0.04234297812279463,126.79840037638202,68.52975770406962,39371.0
sarathi,mixed long short input output,llama2_7b,10,1.0,215.35500000000002,3.106690417882055,0.042673203734513256,213.9676863420522,0.04643495623505375,260.4165215574284,142.40672378166283,39371.0
sarathi,mixed long short input output,llama2_7b,10,2.0,212.37,1.9914749703835668,0.04211918222940345,159.34714246976642,0.04708763007957809,132.03842350614494,72.20417196402505,39371.0
sarathi,mixed long short input output,llama2_7b,10,3.0,212.27,1.9903384786332,0.04259556739615826,159.5752027301815,0.04710981297404249,132.10062656051255,72.23818721439676,39371.0
sarathi,mixed long short input output,llama2_7b,10,4.0,212.94,1.9914826242951649,0.043153652133648523,160.21103423293667,0.04696158542312388,131.6849816849817,72.01089508781817,39371.0
sarathi,mixed long short input output,llama2_7b,10,5.0,215.16,2.0174965476850018,0.04418611023558332,162.05635560820798,0.046477040342071015,130.32626882320133,71.2678936605317,39371.0
sarathi,mixed long short input output,llama2_7b,10,6.0,212.26,1.987773413443935,0.04382832445027141,159.9279934378107,0.0471120324130783,132.10685008951288,72.24159050221427,39371.0
sarathi,mixed long short input output,llama2_7b,10,7.0,216.0,2.018125699879599,0.044509210751173846,162.78192098853165,0.046296296296296294,129.81944444444446,70.99074074074075,39371.0
sarathi,mixed long short input output,llama2_7b,10,8.0,215.87,2.0192737407283827,0.04449744840499683,162.7306492108385,0.046324176587761154,129.89762356974106,71.03349237967295,39371.0
sarathi,mixed long short input output,llama2_7b,10,9.0,212.34,1.988998058694412,0.04384325246822125,160.10967955747608,0.04709428275407365,132.05707827069793,72.21437317509654,39371.0
sarathi,mixed long short input output,llama2_7b,10,10.0,212.46,1.9922318990109462,0.043928365831242974,160.27305857087475,0.04706768332862656,131.98249082180175,72.17358561611597,39371.0
sarathi,mixed long short input output,mistral_7b,1,1.0,4.68,0.1886159521527588,0.03187623719146492,3.663233174476773,0.2136752136752137,128.84615384615387,23.504273504273506,39385.0
sarathi,mixed long short input output,mistral_7b,2,1.0,7.33,0.18691074294038112,0.03149097115964018,6.154003171040676,0.2728512960436562,131.92360163710777,41.60982264665757,39385.0
sarathi,mixed long short input output,mistral_7b,3,1.0,208.48,0.18666195482946926,0.03219217214275827,187.02626867517827,0.014389869531849578,35.76841903300077,32.29086722947046,39385.0
sarathi,mixed long short input output,mistral_7b,4,1.0,206.47,0.18529311586171388,0.03219463622889571,175.52531910685352,0.01937327456773381,39.34227732842544,33.81120743933744,39385.0
sarathi,mixed long short input output,mistral_7b,5,1.0,209.53,0.1911252604797482,0.032706041117858624,176.61090803053227,0.023862931322483655,48.632654035221684,40.80083997518255,39385.0
sarathi,mixed long short input output,mistral_7b,6,1.0,208.44,2.183093425584957,0.03550292703889153,168.01505738298877,0.028785261945883708,91.64267894837843,41.7914028017655,39409.0
sarathi,mixed long short input output,mistral_7b,7,1.0,209.48,2.0527141651138643,0.03560811597853125,172.30833440353155,0.03341607790719878,105.15084972312393,54.616192476608745,39409.0
sarathi,mixed long short input output,mistral_7b,8,1.0,213.36,1.9439876848133266,0.03623518834757207,169.73098153665194,0.03749531308586426,117.77746531683539,65.9776902887139,39409.0
sarathi,mixed long short input output,mistral_7b,9,1.0,212.14,1.9080045500770204,0.036221788264377434,162.8032036609947,0.04242481380220609,127.04346186480628,68.66220420477043,39409.0
sarathi,mixed long short input output,mistral_7b,10,1.0,212.32999999999998,2.8556279308861128,0.036496059547332066,210.61758395063225,0.047096500729995765,264.12659539396225,144.435548438751,39409.0
sarathi,mixed long short input output,mistral_7b,10,2.0,213.34,1.8237695333082202,0.03818726823567538,158.78945806287217,0.04687353520202494,131.43808005999813,71.87587887878503,39409.0
sarathi,mixed long short input output,mistral_7b,10,3.0,211.62,1.8092429723823418,0.03868263079818283,157.86157596451218,0.04725451280597297,132.50637935922882,72.46006993667895,39409.0
sarathi,mixed long short input output,mistral_7b,10,4.0,210.83,1.8040609204210316,0.03911663425560901,157.42300820015356,0.047431579945928,133.0028933263767,72.73158468908599,39409.0
sarathi,mixed long short input output,mistral_7b,10,5.0,213.2,1.821534820925442,0.03972203449209285,159.26480700985982,0.04690431519699813,131.52439024390245,71.92307692307693,39409.0
sarathi,mixed long short input output,mistral_7b,10,6.0,213.24,1.8221970575163116,0.03975873567469004,159.3619284513638,0.04689551678859501,131.49971862689927,71.90958544363158,39409.0
sarathi,mixed long short input output,mistral_7b,10,7.0,213.18,1.8212455339031268,0.039769374857147786,159.34531865736923,0.04690871563936579,131.53672952434562,71.9298245614035,39409.0
sarathi,mixed long short input output,mistral_7b,10,8.0,211.08,1.8081284643616502,0.039459986354081995,157.87785993854038,0.04737540269092287,132.84536668561682,72.64544248626113,39409.0
sarathi,mixed long short input output,mistral_7b,10,9.0,210.95,1.8065378893632416,0.03941456432385626,157.86168706458983,0.04740459824602987,132.92723394169235,72.6902109504622,39409.0
sarathi,mixed long short input output,mistral_7b,10,10.0,214.66,1.8309304492780913,0.039992626967080516,160.62890949773123,0.04658529768005218,130.6298332246343,71.433895462592,39409.0
sarathi,mixed long short input output,mixtral_7b_8expert,1,1.0,2.79,0.1169940992258489,0.01522685593387129,1.7769307675771415,0.35842293906810035,216.1290322580645,39.42652329749104,39347.0
sarathi,mixed long short input output,mixtral_7b_8expert,2,1.0,4.03,0.11785544566810127,0.01504673872504707,2.929744438501075,0.4962779156327543,239.9503722084367,75.68238213399503,39347.0
sarathi,mixed long short input output,mixtral_7b_8expert,3,1.0,93.7,0.11548961317166682,0.014928665392593294,83.38480307995341,0.032017075773746,79.5837780149413,71.84631803628602,39347.0
sarathi,mixed long short input output,mixtral_7b_8expert,4,1.0,91.24,0.11153343503829084,0.015071512165399571,76.95565285619811,0.04384042086804034,89.02893467777291,76.5124945199474,39347.0
sarathi,mixed long short input output,mixtral_7b_8expert,5,1.0,91.47,0.10773491831496357,0.01496027199493307,76.58051822418346,0.05466273095003826,111.40264567617798,93.46233737837542,39347.0
sarathi,mixed long short input output,mixtral_7b_8expert,6,1.0,91.8,0.8619258721591905,0.01547060807422028,73.48325830884278,0.06535947712418301,208.08278867102396,94.89106753812636,39347.0
sarathi,mixed long short input output,mixtral_7b_8expert,7,1.0,92.14,0.8520851523615414,0.01555615068534262,75.19546979721632,0.07597134794877361,239.0601258953766,124.16974169741697,39347.0
sarathi,mixed long short input output,mixtral_7b_8expert,8,1.0,95.61,0.781999923009425,0.01600074237777097,75.37553061260837,0.0836732559355716,262.82815605062234,147.23355297563018,39347.0
sarathi,mixed long short input output,mixtral_7b_8expert,9,1.0,92.67,0.730427360348403,0.015926638821905606,70.50811185333876,0.09711880867594691,290.8276680694939,157.1813963526492,39347.0
sarathi,mixed long short input output,mixtral_7b_8expert,10,1.0,93.6,1.1113788958638906,0.015585709213672763,92.06158061358147,0.10683760683760685,599.1666666666667,327.6495726495727,39347.0
sarathi,mixed long short input output,mixtral_7b_8expert,10,2.0,96.57,0.8232278613606456,0.01701097273984311,71.40039481932757,0.10355182768975874,290.36968002485247,158.78637257947605,39347.0
sarathi,mixed long short input output,mixtral_7b_8expert,10,3.0,92.12,0.7877624386223021,0.01655805678099401,68.45787566597568,0.10855405992184107,304.39643942683455,166.4567954841511,39347.0
sarathi,mixed long short input output,mixtral_7b_8expert,10,4.0,91.04,0.801193479541688,0.016707613353134036,67.82831421294244,0.10984182776801406,308.0074692442882,168.43145869947276,39347.0
sarathi,mixed long short input output,mixtral_7b_8expert,10,5.0,96.38,0.8391140575753513,0.01771953132535447,71.90041029276321,0.10375596596804317,290.94210417098986,159.0993982153974,39347.0
sarathi,mixed long short input output,mixtral_7b_8expert,10,6.0,92.18,0.8075119250453997,0.01711339249183047,68.84047019565472,0.10848340203948795,304.1983076589282,166.3484486873508,39347.0
sarathi,mixed long short input output,mixtral_7b_8expert,10,7.0,92.31,0.8151336561655614,0.01720196845154801,68.96968788448714,0.10833062506770663,303.7699057523562,166.11418047882137,39347.0
sarathi,mixed long short input output,mixtral_7b_8expert,10,8.0,91.17,0.8191219702595833,0.017107847544522433,68.26082083319776,0.10968520346605243,307.56827903915763,168.1912909948448,39347.0
sarathi,mixed long short input output,mixtral_7b_8expert,10,9.0,96.08,0.7640463564079244,0.017708171726429557,71.82208038133098,0.10407993338884264,291.8505412156536,159.5961698584513,39347.0
sarathi,mixed long short input output,mixtral_7b_8expert,10,10.0,92.29,0.7402757546165949,0.017151636592663496,69.0026912450557,0.10835410120273052,303.8357351825766,166.15017878426698,39347.0
sarathi,mixed long short input output,qwen_7b,1,1.0,4.48,0.1914599821902811,0.030026213705984003,3.4645421826280653,0.2232142857142857,134.59821428571428,24.553571428571427,39335.0
sarathi,mixed long short input output,qwen_7b,2,1.0,7.16,0.19016792043112213,0.030804682420339197,5.9933402425609525,0.27932960893854747,135.0558659217877,42.59776536312849,39335.0
sarathi,mixed long short input output,qwen_7b,3,1.0,209.34,0.18348523098975414,0.03219847500031807,187.7755063700955,0.014330753797649757,35.621477023024745,32.158211521926056,39335.0
sarathi,mixed long short input output,qwen_7b,4,1.0,209.61,0.18720128005370495,0.03228536136450587,178.16944141385602,0.019083059014360002,38.75292209341157,33.30470874481179,39335.0
sarathi,mixed long short input output,qwen_7b,5,1.0,211.18,0.1906361768953502,0.03252795187999913,177.77680913051586,0.023676484515579126,48.25267544275026,40.48205322473719,39335.0
sarathi,mixed long short input output,qwen_7b,6,1.0,213.34,2.449923684587702,0.03977234244688191,172.00219862593806,0.02812412112121496,89.53782694290803,40.83153651448392,39359.0
sarathi,mixed long short input output,qwen_7b,7,1.0,217.56,2.3019749343395213,0.039809836124263955,179.0348989489953,0.032175032175032175,101.24563338849053,52.587791873506156,39359.0
sarathi,mixed long short input output,qwen_7b,8,1.0,224.46,2.1852237418061105,0.040962481943629,179.37315134317606,0.03564109418159137,111.9531319611512,62.71496034928272,39359.0
sarathi,mixed long short input output,qwen_7b,9,1.0,224.72,2.1863139090128234,0.04273999736129217,173.7253378735855,0.0400498398006408,119.93147027411891,64.8184407262371,39359.0
sarathi,mixed long short input output,qwen_7b,10,1.0,225.34,3.2098524811677636,0.044062385787632066,223.29634251948445,0.04437738528445904,248.87725215230319,136.09656519037898,39359.0
sarathi,mixed long short input output,qwen_7b,10,2.0,224.63,2.0788638257654357,0.04402001443249759,168.4509970931335,0.04451765124872012,124.83194586653609,68.26336642478743,39359.0
sarathi,mixed long short input output,qwen_7b,10,3.0,223.42,2.068324948498045,0.044300446470137075,167.8630385428433,0.04475875033569063,125.5080118163101,68.633067764748,39359.0
sarathi,mixed long short input output,qwen_7b,10,4.0,225.95,2.091763375257139,0.045494665322427345,169.93174206132522,0.04425757911042266,124.10267758353619,67.8645718079221,39359.0
sarathi,mixed long short input output,qwen_7b,10,5.0,225.82,2.084696029126641,0.045784423954658336,169.93734639456946,0.04428305730227615,124.17412098131256,67.90364006731025,39359.0
sarathi,mixed long short input output,qwen_7b,10,6.0,224.01,2.088406039285471,0.04602898662875578,168.6995072111253,0.044640864247131824,125.17744743538235,68.45230123655195,39359.0
sarathi,mixed long short input output,qwen_7b,10,7.0,224.27,2.0763919994933504,0.04572830860808827,168.90601469119997,0.044589111339011014,125.03232710572078,68.37294332723948,39359.0
sarathi,mixed long short input output,qwen_7b,10,8.0,226.99,2.0935741157038112,0.046169020418927016,171.00337334405617,0.044054804176395436,123.53407639103044,67.55363672408475,39359.0
sarathi,mixed long short input output,qwen_7b,10,9.0,223.3,2.0724091353826197,0.04564503953339904,168.295788609865,0.044782803403493054,125.57545902373488,68.66995073891626,39359.0
sarathi,mixed long short input output,qwen_7b,10,10.0,223.39,2.0702786857495057,0.045621489835092226,168.3823571280575,0.044764761179999106,125.5248668248355,68.64228479341062,39359.0
sarathi,mixed long short input output,yi_6b,1,1.0,3.9,0.1625584634020924,0.024917299457646293,2.8786296788603067,0.25641025641025644,154.6153846153846,28.205128205128204,39335.0
sarathi,mixed long short input output,yi_6b,2,1.0,6.1,0.16364811731036752,0.02530244514499501,4.950867812358775,0.3278688524590164,158.52459016393445,50.0,39335.0
sarathi,mixed long short input output,yi_6b,3,1.0,168.97,0.1672758554574102,0.02619290934592323,151.35476659978738,0.017754630999585727,44.13209445463692,39.841391963070365,39335.0
sarathi,mixed long short input output,yi_6b,4,1.0,163.35,0.16025672149844464,0.025607377827578385,138.62858552092214,0.024487297214569943,49.72757881848791,42.73645546372819,39335.0
sarathi,mixed long short input output,yi_6b,5,1.0,164.02,0.1654819167219102,0.025954989609043844,138.00773069495332,0.030484087306426044,62.126569930496274,52.12169247652725,39335.0
sarathi,mixed long short input output,yi_6b,6,1.0,165.29,1.9625755161978304,0.029534104236111528,133.0900826996658,0.03629983665073507,115.56657995039023,52.70131284409221,39359.0
sarathi,mixed long short input output,yi_6b,7,1.0,168.22,1.8585383828263717,0.029861073425458698,138.0795704080257,0.041612174533349186,130.94162406372607,68.01212697657829,39359.0
sarathi,mixed long short input output,yi_6b,8,1.0,167.97,1.7267929352587075,0.02975985615453417,133.27611686345185,0.04762755253914389,149.60409596951837,83.80663213669108,39359.0
sarathi,mixed long short input output,yi_6b,9,1.0,171.25,1.7216604169458143,0.030671531887281167,131.13073863917958,0.052554744525547446,157.37810218978103,85.05693430656935,39359.0
sarathi,mixed long short input output,yi_6b,10,1.0,169.095,2.569148445897736,0.030272643998472237,166.96078051202932,0.059138354179603184,331.6597179100506,181.36550459800705,39359.0
sarathi,mixed long short input output,yi_6b,10,2.0,170.24,1.6423299135640241,0.03204365414518294,126.62377378032532,0.0587406015037594,164.71452067669173,90.07283834586465,39359.0
sarathi,mixed long short input output,yi_6b,10,3.0,170.81,1.6384403605479725,0.03319767698438305,127.50716209639785,0.05854458169896376,164.16486154206427,89.77226157719103,39359.0
sarathi,mixed long short input output,yi_6b,10,4.0,167.33,1.6229143754811934,0.0334835840383473,124.96173897674296,0.05976214665630789,167.57903543895296,91.63927568278253,39359.0
sarathi,mixed long short input output,yi_6b,10,5.0,167.28,1.629503813036715,0.03391846358328576,125.01753532169377,0.05978000956480153,167.62912482065997,91.66666666666667,39359.0
sarathi,mixed long short input output,yi_6b,10,6.0,167.35,1.6236227646702877,0.03387040357393868,125.15334657034828,0.05975500448162534,167.5590080669256,91.6283238721243,39359.0
sarathi,mixed long short input output,yi_6b,10,7.0,167.33,1.627610673382876,0.03396566352061081,125.1950028919381,0.05976214665630789,167.57903543895296,91.63927568278253,39359.0
sarathi,mixed long short input output,yi_6b,10,8.0,166.95,1.6218415040289962,0.033846097715213706,124.93292554197822,0.05989817310572028,167.96046720575023,91.84785864031147,39359.0
sarathi,mixed long short input output,yi_6b,10,9.0,166.76,1.625410282867958,0.03390288400451053,124.87561635030423,0.05996641880546894,168.15183497241546,91.95250659630608,39359.0
sarathi,mixed long short input output,yi_6b,10,10.0,166.82,1.6251594210509186,0.03390205139973181,124.91288395784785,0.05994485073732167,168.09135595252368,91.91943412060904,39359.0
vllm,mixed long short input output,llama2_7b,1,1.0,4.22,0.1120084961876273,0.028317007906905833,3.198827837593853,0.23696682464454977,142.89099526066352,26.066350710900476,37445.0
vllm,mixed long short input output,llama2_7b,2,1.0,6.66,0.10906005173455918,0.02904603561127342,5.496152083389461,0.3003003003003003,145.1951951951952,45.7957957957958,37445.0
vllm,mixed long short input output,llama2_7b,3,1.0,197.49,0.10635657436214382,0.030416895316449317,177.07158481236544,0.015190642564180463,37.75887386703124,34.087801914020964,37447.0
vllm,mixed long short input output,llama2_7b,4,1.0,198.33,0.10786077722441399,0.03142988433643383,168.5138764673145,0.0201684061917007,40.956990873796194,35.19891090606565,37467.0
vllm,mixed long short input output,llama2_7b,5,1.0,200.2,0.10658898828551172,0.03142997649475154,168.43084102217105,0.024975024975024976,50.8991008991009,42.702297702297706,37467.0
vllm,mixed long short input output,llama2_7b,6,1.0,203.42,1.4969464601017537,0.049457267679424134,164.0922730420716,0.029495624815652346,93.90423753809853,42.82273129485793,38323.0
vllm,mixed long short input output,llama2_7b,7,1.0,213.65,1.405465718731283,0.050777981740106844,175.33475674083448,0.03276386613620407,103.09852562602387,53.55019892347297,38321.0
vllm,mixed long short input output,llama2_7b,8,1.0,212.61,1.3115608886117105,0.05003766263725356,169.39188371680203,0.037627581016885375,118.19293542166407,66.21043224683693,38321.0
vllm,mixed long short input output,llama2_7b,9,1.0,214.16,1.2577714064158494,0.0505234174439355,164.89757801955562,0.042024654463952184,125.8451624953306,68.01456854688084,38323.0
vllm,mixed long short input output,llama2_7b,10,1.0,217.19,1.9534310265211388,0.05213473684820902,213.2949411360547,0.0460426354804549,258.2163083014872,141.2035544914591,38321.0
vllm,mixed long short input output,llama2_7b,10,2.0,213.94,1.2331207573879492,0.057246886160749036,159.80742400744919,0.046742077217911564,131.0694587267458,71.6743012059456,38321.0
vllm,mixed long short input output,llama2_7b,10,3.0,213.58,1.228918653004801,0.05875441318210908,159.8907770995282,0.046820863376720666,131.29038299466242,71.79511190186346,38321.0
vllm,mixed long short input output,llama2_7b,10,4.0,213.1,1.2255309696076422,0.05901935161961996,159.67447458582453,0.04692632566870014,131.58610980760207,71.9568277803848,38313.0
vllm,mixed long short input output,llama2_7b,10,5.0,213.55,1.2258231149520706,0.059523482821757956,160.13226587944652,0.04682744088035588,131.30882697260594,71.80519784593771,38313.0
vllm,mixed long short input output,llama2_7b,10,6.0,217.97,1.2259049303596823,0.06031984343259269,163.53821345663152,0.045877873101803,128.6461439647658,70.34913061430473,38329.0
vllm,mixed long short input output,llama2_7b,10,7.0,213.29,1.226094002882017,0.05972550911712933,160.02448369488107,0.04688452341881945,131.4688921187116,71.89272821041774,38329.0
vllm,mixed long short input output,llama2_7b,10,8.0,212.97,1.2283194255316614,0.05981214117270744,159.80624871612514,0.04695497018359393,131.66643189181576,72.00075127952294,38329.0
vllm,mixed long short input output,llama2_7b,10,9.0,213.12,1.2284769956488146,0.060008352380970846,159.96470613980188,0.04692192192192192,131.57376126126127,71.95007507507508,38329.0
vllm,mixed long short input output,llama2_7b,10,10.0,213.29,1.229922024975529,0.06011075037297578,160.11887557017604,0.04688452341881945,131.4688921187116,71.89272821041774,38329.0
vllm,mixed long short input output,mistral_7b,1,1.0,4.55,0.1187849142588675,0.031282819282058456,3.528929537627846,0.21978021978021978,132.52747252747253,24.175824175824175,37096.0
vllm,mixed long short input output,mistral_7b,2,1.0,7.3,0.11472607292234895,0.0321819516178956,6.124442689516582,0.273972602739726,132.46575342465755,41.78082191780822,37119.0
vllm,mixed long short input output,mistral_7b,3,1.0,210.43,0.11087492154911158,0.03290247067711048,188.78108867784027,0.014256522358979232,35.43696241030271,31.9916361735494,37121.0
vllm,mixed long short input output,mistral_7b,4,1.0,210.37,0.1119618809083476,0.03361025779800893,178.84965300518084,0.01901411798260208,38.61292009316918,33.18438940913628,37119.0
vllm,mixed long short input output,mistral_7b,5,1.0,210.09,0.1107132176868617,0.0340204112989967,177.02397944135592,0.023799324099195582,48.5030225141606,40.692084344804606,37135.0
vllm,mixed long short input output,mistral_7b,6,1.0,214.28,1.5071965539827943,0.05141238189190473,172.96750290202908,0.028000746686578308,89.14504386783648,40.65241739779727,38239.0
vllm,mixed long short input output,mistral_7b,7,1.0,211.41,1.4126624369528131,0.0506810720957427,173.51375612872644,0.0331110165082068,104.19090866089589,54.11759141005629,38237.0
vllm,mixed long short input output,mistral_7b,8,1.0,213.02,1.3210757569875557,0.05093716122610922,168.99722713520745,0.03755515913998685,117.9654492535912,66.08299690169937,38239.0
vllm,mixed long short input output,mistral_7b,9,1.0,213.05,1.262723038438707,0.052050997146683535,162.99286639699707,0.04224360478760854,126.50082140342641,68.36892748181178,38239.0
vllm,mixed long short input output,mistral_7b,10,1.0,213.845,1.9617003510240465,0.05630041043222839,212.3781962208217,0.04676284224555168,262.255371881503,143.41228459865792,38237.0
vllm,mixed long short input output,mistral_7b,10,2.0,213.01,1.2315308641875145,0.054629194170947554,157.90753181285675,0.04694615276278109,131.64170696211445,71.98723064644852,38237.0
vllm,mixed long short input output,mistral_7b,10,3.0,213.06,1.2321941781789048,0.05498540718833023,158.27172041693692,0.04693513564254201,131.61081385525205,71.97033699427391,38237.0
vllm,mixed long short input output,mistral_7b,10,4.0,212.83,1.2319942052941752,0.05527150986209793,158.25538790442505,0.04698585725696565,131.75304233425737,72.04811351783113,38237.0
vllm,mixed long short input output,mistral_7b,10,5.0,212.63,1.2313572067301704,0.05542056415455576,158.23294457967847,0.047030052203357944,131.876969383436,72.11588204862908,38237.0
vllm,mixed long short input output,mistral_7b,10,6.0,212.61,1.2310178107116354,0.055112272497720556,158.27690889518698,0.04703447627110672,131.88937491181034,72.12266591411505,38247.0
vllm,mixed long short input output,mistral_7b,10,7.0,212.22,1.2292084733024224,0.05512336624781764,158.02855219971377,0.04712091226086137,132.13175007068136,72.25520686080482,38247.0
vllm,mixed long short input output,mistral_7b,10,8.0,212.46,1.2334692208096367,0.05540001148718232,158.23792469950845,0.04706768332862656,131.98249082180175,72.17358561611597,38247.0
vllm,mixed long short input output,mistral_7b,10,9.0,212.28,1.232091631786896,0.05540729618662814,158.1356794801772,0.04710759374411155,132.0944036178632,72.23478424722065,38247.0
vllm,mixed long short input output,mistral_7b,10,10.0,212.53,1.2356240179156863,0.055434860882518776,158.41221258149005,0.04705218086858326,131.9390203735943,72.14981414388556,38247.0
vllm,mixed long short input output,mixtral_7b_8expert,1,1.0,2.64,0.0632488280534744,0.014305513403421148,1.622649909928441,0.3787878787878788,228.4090909090909,41.666666666666664,38193.0
vllm,mixed long short input output,mixtral_7b_8expert,2,1.0,3.83,0.06083023794926701,0.014379779901321372,2.7273776568472385,0.5221932114882506,252.48041775456917,79.63446475195822,38193.0
vllm,mixed long short input output,mixtral_7b_8expert,3,1.0,91.02,0.05958847086876627,0.014700553026496479,80.96190316425636,0.03295978905735004,81.92704900021974,73.96176664469348,38193.0
vllm,mixed long short input output,mixtral_7b_8expert,4,1.0,91.14,0.05649010771885504,0.015060191772389781,76.83867583749813,0.043888523151195964,89.1266183892912,76.59644502962475,38207.0
vllm,mixed long short input output,mixtral_7b_8expert,5,1.0,91.76,0.05347117641940705,0.014981520272038964,76.82489900114014,0.05448997384481255,111.05056669572798,93.1669572798605,38213.0
vllm,mixed long short input output,mixtral_7b_8expert,6,1.0,98.0,0.1853829585015773,0.016726161374462225,78.56425676855724,0.061224489795918366,194.91836734693877,88.88775510204081,38741.0
vllm,mixed long short input output,mixtral_7b_8expert,7,1.0,92.27,0.17635664250701646,0.015249401432727737,75.3271679521538,0.07586431126043135,238.72331201907446,123.99479787579929,38769.0
vllm,mixed long short input output,mixtral_7b_8expert,8,1.0,93.08,0.16847571753896762,0.015275326095188882,73.45330331390721,0.08594757198109154,269.97206703910615,151.2354963472282,38741.0
vllm,mixed long short input output,mixtral_7b_8expert,9,1.0,93.54,0.1598259684629737,0.015218144146786586,71.18521519396452,0.09621552277100705,288.1227282446012,155.7194782980543,38741.0
vllm,mixed long short input output,mixtral_7b_8expert,10,1.0,92.76,0.2239078036043792,0.015447161109084308,91.26146057189908,0.10780508840017249,604.5924967658473,330.61664510564896,38769.0
vllm,mixed long short input output,mixtral_7b_8expert,10,2.0,92.47,0.15189159139990782,0.01725435485971819,68.27583675403142,0.10814318157240187,303.2442954471721,165.82675462312102,38769.0
vllm,mixed long short input output,mixtral_7b_8expert,10,3.0,97.26,0.15248480497393735,0.01960800254792033,72.01864441488864,0.10281719103434094,288.30968537939543,157.65988073205838,38769.0
vllm,mixed long short input output,mixtral_7b_8expert,10,4.0,91.4,0.15118324013892537,0.018941235224180633,67.8192180504789,0.10940919037199125,306.79431072210065,167.76805251641136,38769.0
vllm,mixed long short input output,mixtral_7b_8expert,10,5.0,92.12,0.15413653841242178,0.019242377554231284,68.45290653491386,0.10855405992184107,304.39643942683455,166.4567954841511,38769.0
vllm,mixed long short input output,mixtral_7b_8expert,10,6.0,92.75,0.15182780923787487,0.01907258784365691,68.86792853961227,0.1078167115902965,302.3288409703504,165.32614555256066,38769.0
vllm,mixed long short input output,mixtral_7b_8expert,10,7.0,92.19,0.15178492756094758,0.019194189416338915,68.54321633572684,0.10847163466753444,304.16531077123335,166.33040459919732,38769.0
vllm,mixed long short input output,mixtral_7b_8expert,10,8.0,91.64,0.15156573895364983,0.01884653589293158,68.09873127273744,0.10912265386294194,305.9908336970755,167.3286774334352,38769.0
vllm,mixed long short input output,mixtral_7b_8expert,10,9.0,92.22,0.15244997611734995,0.019808245913677778,68.65115101565601,0.10843634786380395,304.0663630448926,166.27629581435698,38769.0
vllm,mixed long short input output,mixtral_7b_8expert,10,10.0,92.73,0.15205396150704453,0.019053648114519088,69.00642370979762,0.10783996549121104,302.39404723390487,165.361803084223,38743.0
vllm,mixed long short input output,qwen_7b,1,1.0,4.46,0.1226255809888243,0.030470408311267513,3.4441835898905997,0.2242152466367713,135.2017937219731,24.663677130044842,37435.0
vllm,mixed long short input output,qwen_7b,2,1.0,7.0,0.11827696550171818,0.030780253296179453,5.834995911247097,0.2857142857142857,138.14285714285714,43.57142857142857,37435.0
vllm,mixed long short input output,qwen_7b,3,1.0,209.06,0.11388655360788105,0.03221248925985771,187.51427569822405,0.01434994738352626,35.66918587965177,32.20128192863293,37435.0
vllm,mixed long short input output,qwen_7b,4,1.0,209.48,0.11642959751188749,0.0324835247766541,178.03501663492057,0.019094901661256446,38.77697154859653,33.32537712430781,37455.0
vllm,mixed long short input output,qwen_7b,5,1.0,214.26,0.11377146486192938,0.03378287336611036,180.3708047234453,0.02333613366937366,47.559040418183514,39.90012134789508,37455.0
vllm,mixed long short input output,qwen_7b,6,1.0,217.55,1.5103699316969144,0.052324306771850335,175.5532148355851,0.02757986669731096,87.805102275339,40.04136980004596,38311.0
vllm,mixed long short input output,qwen_7b,7,1.0,222.14,1.4172421523835497,0.052578357703061795,182.35293489405876,0.031511659313946165,99.15818852975602,51.50355631583686,38309.0
vllm,mixed long short input output,qwen_7b,8,1.0,223.91,1.3265718129929147,0.05249532648067531,178.3623761130729,0.035728640971819034,112.22812737260507,62.86900987003707,38309.0
vllm,mixed long short input output,qwen_7b,9,1.0,224.92,1.2671923104673617,0.05411457171095317,173.12455543149258,0.04001422728081096,119.82482660501512,64.76080384136583,38311.0
vllm,mixed long short input output,qwen_7b,10,1.0,225.45,1.970704332436435,0.057029451759438105,223.96032563741318,0.044355732978487473,248.75582168995345,136.03016189842538,38309.0
vllm,mixed long short input output,qwen_7b,10,2.0,225.78,1.2390156123554317,0.060477430033829584,168.61806951356107,0.044290902648595976,124.19612011692799,67.91567012135707,38309.0
vllm,mixed long short input output,qwen_7b,10,3.0,224.57,1.2372419055784105,0.06016593824065105,167.93794499833592,0.04452954535334194,124.86529812530614,68.28160484481454,38311.0
vllm,mixed long short input output,qwen_7b,10,4.0,224.7,1.2382365127326902,0.060905634923038264,168.206847959943,0.044503782821539835,124.79305740987985,68.24210057854918,38301.0
vllm,mixed long short input output,qwen_7b,10,5.0,228.51,1.2366949945222572,0.061683915225380845,171.15298384972834,0.043761760973261565,122.71235394512276,67.10428427639928,38317.0
vllm,mixed long short input output,qwen_7b,10,6.0,224.6,1.2374361422611382,0.061213104425858825,168.25442763597223,0.04452359750667854,124.84861976847729,68.27248441674088,38317.0
vllm,mixed long short input output,qwen_7b,10,7.0,229.45,1.236495700851081,0.062242433102657195,171.88567922180505,0.043582479843103074,122.20963172804534,66.82937459141425,38317.0
vllm,mixed long short input output,qwen_7b,10,8.0,224.59,1.2399112288607266,0.0615536395234484,168.32583445222105,0.044525579945678795,124.8541787256779,68.27552428870386,38317.0
vllm,mixed long short input output,qwen_7b,10,9.0,224.55,1.2405933389672992,0.06173050705552399,168.3484123994362,0.0445335114673792,124.87641950567802,68.28768648407926,38317.0
vllm,mixed long short input output,qwen_7b,10,10.0,224.46,1.2420773469842952,0.06171439241927844,168.2656511382664,0.04455136772698922,124.92649024325047,68.31506727256526,38317.0
vllm,mixed long short input output,yi_6b,1,1.0,3.85,0.1014627856202423,0.02504681793699434,2.83171733468771,0.2597402597402597,156.62337662337663,28.57142857142857,37433.0
vllm,mixed long short input output,yi_6b,2,1.0,5.99,0.09844801884610198,0.025434359379747064,4.845715069607833,0.333889816360601,161.43572621035057,50.91819699499165,37433.0
vllm,mixed long short input output,yi_6b,3,1.0,163.7,0.09598471564240744,0.02573168857010916,146.5922150375787,0.01832620647525962,45.55284056200367,41.12400733048259,37435.0
vllm,mixed long short input output,yi_6b,4,1.0,163.64,0.09748797868378459,0.026418893250870528,138.87119245389468,0.024443901246638967,49.63945245661208,42.66071865069665,37455.0
vllm,mixed long short input output,yi_6b,5,1.0,164.17,0.09614345710724585,0.026934597325647545,138.1274087782949,0.030456234391179875,62.06980568922459,52.074069562039355,37455.0
vllm,mixed long short input output,yi_6b,6,1.0,171.03,1.3174439981812613,0.04194886675745537,137.88885870180093,0.03508156463778284,111.68800795182132,50.93258492662106,38365.0
vllm,mixed long short input output,yi_6b,7,1.0,167.42,1.2356361262965936,0.03534755106074757,137.1960911874193,0.04181101421574484,131.56731573288735,68.33711623461953,38373.0
vllm,mixed long short input output,yi_6b,8,1.0,171.42,1.154740687645971,0.041135344319653766,135.7848257659701,0.04666900011667251,146.59316299148293,82.11993933029986,38373.0
vllm,mixed long short input output,yi_6b,9,1.0,169.04,1.1005822900682682,0.036452634298688,129.1234388709068,0.053241836251774734,159.4356365357312,86.16895409370564,38365.0
vllm,mixed long short input output,yi_6b,10,1.0,169.125,1.7176936467178165,0.037759828821578315,167.7198749789968,0.059127864005912786,331.6008869179601,181.33333333333334,38373.0
vllm,mixed long short input output,yi_6b,10,2.0,168.76,1.0747459420002983,0.04362328704772578,124.98885021449522,0.05925574780753733,166.15904242711545,90.86276368807775,38373.0
vllm,mixed long short input output,yi_6b,10,3.0,168.3,1.0733036136254652,0.044021649900451224,124.91676674983454,0.059417706476530004,166.61319073083777,91.1111111111111,38373.0
vllm,mixed long short input output,yi_6b,10,4.0,174.04,1.0750473062274963,0.044988807486209,129.39038142065974,0.05745805561939784,161.1181337623535,88.10618248678465,38373.0
vllm,mixed long short input output,yi_6b,10,5.0,168.65,1.074103283369912,0.04423689005137728,125.48294858206054,0.059294396679513785,166.2674177290246,90.92202786836644,38373.0
vllm,mixed long short input output,yi_6b,10,6.0,168.5,1.0719852434936896,0.04395729775471516,125.44428479860062,0.05934718100890208,166.4154302670623,91.00296735905044,38381.0
vllm,mixed long short input output,yi_6b,10,7.0,168.23,1.0749089286429792,0.044054333926529084,125.30496072829692,0.05944243000653867,166.68251798133508,91.14902217202639,38381.0
vllm,mixed long short input output,yi_6b,10,8.0,167.81,1.0735945111839085,0.043996680115187856,125.00291049403594,0.059591204338239674,167.09969608485787,91.37715273225672,38381.0
vllm,mixed long short input output,yi_6b,10,9.0,168.58,1.0735512821469442,0.04414142492605536,125.5880342434858,0.059319017677067265,166.3364574682643,90.95978170601494,38381.0
vllm,mixed long short input output,yi_6b,10,10.0,167.87,1.0711492417380197,0.0441190729129386,125.09723723938214,0.059569905283850595,167.03997140644546,91.34449276225651,38381.0
sarathi,short input long output,llama2_7b,1,1.0,210.3,0.1071585812605917,0.03081721276760044,209.263718561735,0.004755111745126011,33.05753685211602,32.277698525915355,39327.0
sarathi,short input long output,llama2_7b,2,1.0,215.44,0.10988104497082522,0.03151587722112353,206.7973366063321,0.00928332714444857,43.24173783884144,40.98124767916821,39347.0
sarathi,short input long output,llama2_7b,3,1.0,214.53,0.10870885243639347,0.03136660292689901,198.4263133292552,0.013984058173682002,51.153684799328765,47.83480165944157,39347.0
sarathi,short input long output,llama2_7b,4,1.0,220.79,0.14278814152348784,0.032364679003022825,196.69596834275865,0.01811676253453508,58.4899678427465,53.13646451379139,39347.0
sarathi,short input long output,llama2_7b,5,1.0,238.99,0.1417815441265702,0.03516605897783023,231.9638508568518,0.020921377463492194,79.69789530942717,73.81061969120047,39347.0
sarathi,short input long output,llama2_7b,6,1.0,275.79,0.13688325614202762,0.03781137893316036,268.0134010167094,0.021755683672359402,96.39218245766706,90.08303419268283,39347.0
sarathi,short input long output,llama2_7b,7,1.0,289.56,0.15161942820996038,0.03998548466736128,281.0760521907825,0.02417460975272828,111.21011189390799,103.70562232352535,39347.0
sarathi,short input long output,llama2_7b,8,1.0,291.65,0.1825780804269015,0.040310188505947975,282.42364287343804,0.027430138865078006,115.7277558717641,106.54208811932111,39347.0
sarathi,short input long output,llama2_7b,9,1.0,298.67,0.18008259404450647,0.04154098410018489,288.71301153656094,0.030133592259014966,126.09903907322462,116.04446378946663,39347.0
sarathi,short input long output,llama2_7b,10,1.0,307.505,0.19663252222817387,0.04321435885434421,301.9370571735082,0.032519796426074374,267.70946813872945,247.0919172045983,39347.0
sarathi,short input long output,llama2_7b,10,2.0,309.69,0.1793563426937907,0.04353702368311103,300.97721337454857,0.03229035487100003,132.91032968452325,122.67428719041622,39347.0
sarathi,short input long output,llama2_7b,10,3.0,302.92,0.1897468552459031,0.042666656739940204,295.09510368488264,0.03301201637396012,135.88076059685724,125.41595140631189,39347.0
sarathi,short input long output,llama2_7b,10,4.0,302.56,0.18932338834274554,0.042653934031444796,295.10096194916406,0.03305129561078794,136.04243786356426,125.56517715494448,39347.0
sarathi,short input long output,llama2_7b,10,5.0,302.98,0.18970130532979962,0.042742497470189135,295.71999851996077,0.033005478909498974,135.85385173938872,125.39111492507756,39347.0
sarathi,short input long output,llama2_7b,10,6.0,302.18,0.1898484868463128,0.04262857025063091,295.0611613120418,0.03309285856112251,136.21351512343637,125.72307895956052,39347.0
sarathi,short input long output,llama2_7b,10,7.0,302.23,0.19046774574089792,0.04265565099154088,295.22151629568543,0.03308738378056447,136.1909803791814,125.70227972074247,39347.0
sarathi,short input long output,llama2_7b,10,8.0,302.01,0.19001378316897896,0.04262434060590564,295.0495488025481,0.033111486374623356,136.2901890665872,125.7938478858316,39347.0
sarathi,short input long output,llama2_7b,10,9.0,301.86,0.1901927056489512,0.04260044416929476,294.9438031099038,0.03312794010468429,136.357914264891,125.85635725170609,39347.0
sarathi,short input long output,llama2_7b,10,10.0,302.18,0.19029365994501857,0.04264367837416214,295.287869633222,0.03309285856112251,136.21351512343637,125.72307895956052,39347.0
sarathi,short input long output,mistral_7b,1,1.0,217.83,0.1314644431695342,0.03192377213130156,216.7981900125742,0.004590735894963963,31.914795941789468,31.161915255015376,39385.0
sarathi,short input long output,mistral_7b,2,1.0,219.21,0.12151070632971818,0.03210754625981558,210.50696007751392,0.00912367136535742,42.49806121983486,40.27644724237033,39385.0
sarathi,short input long output,mistral_7b,3,1.0,219.64,0.11865764474496239,0.032171652599068165,203.28585110311397,0.013658714259697688,49.963576761974146,46.72190857767256,39385.0
sarathi,short input long output,mistral_7b,4,1.0,220.48,0.13852871430572117,0.032313709911403025,196.4294966608518,0.018142235123367198,58.572206095791,53.211175616835995,39385.0
sarathi,short input long output,mistral_7b,5,1.0,225.25,0.13699118336662644,0.03303872357902946,218.42615783577784,0.022197558268590455,84.55937846836848,78.31298557158712,39385.0
sarathi,short input long output,mistral_7b,6,1.0,249.04,0.13580660184379667,0.03401030428122595,241.45285997411702,0.024092515258593,106.74590427240604,99.75907484741407,39385.0
sarathi,short input long output,mistral_7b,7,1.0,255.84,0.14557930827140805,0.03501690224046035,247.5103339928202,0.02736085053158224,125.86772983114446,117.37414008755472,39385.0
sarathi,short input long output,mistral_7b,8,1.0,253.12,0.17147427750751368,0.03465534644048846,244.16512744384818,0.0316055625790139,133.34386852085967,122.75995575221239,39385.0
sarathi,short input long output,mistral_7b,9,1.0,256.62,0.16895506773144003,0.035246226587533645,246.95636232057586,0.03507131166705635,146.76174888940847,135.059621229834,39385.0
sarathi,short input long output,mistral_7b,10,1.0,257.74,0.18380454857833675,0.03549965586879594,253.6346517915139,0.03879878947776829,319.39939473888415,294.80096220997905,39385.0
sarathi,short input long output,mistral_7b,10,2.0,255.83,0.16634350661188357,0.03546980446246069,247.5443178365705,0.03908845717859516,160.89199859281553,148.50095766720088,39385.0
sarathi,short input long output,mistral_7b,10,3.0,255.73,0.18794549568556246,0.03554913465590757,248.14256577687334,0.03910374222813123,160.95491338521097,148.55902709889338,39385.0
sarathi,short input long output,mistral_7b,10,4.0,254.77,0.18757032707799218,0.03546372952064291,247.55532655685673,0.03925108921772579,161.56140832908113,149.11881304706205,39385.0
sarathi,short input long output,mistral_7b,10,5.0,254.94,0.18768617808818816,0.03551401947349931,247.90611449959687,0.03922491566643132,161.45367537459794,149.01937710833923,39385.0
sarathi,short input long output,mistral_7b,10,6.0,255.01,0.18209983140695835,0.035550161351810675,248.11449486177878,0.03921414846476609,161.4093564958237,148.97847143249285,39385.0
sarathi,short input long output,mistral_7b,10,7.0,258.8,0.18509426340460775,0.036092580246827245,251.9130192655604,0.03863987635239567,159.04559505409583,146.79675425038639,39385.0
sarathi,short input long output,mistral_7b,10,8.0,261.42,0.18700559923890975,0.03644639154362877,254.49338967930524,0.03825262030449086,157.45161043531482,145.3255297987912,39385.0
sarathi,short input long output,mistral_7b,10,9.0,260.03,0.18476897389627986,0.036223769121277935,253.15855690254827,0.038457101103718805,158.29327385301698,146.1023728031381,39385.0
sarathi,short input long output,mistral_7b,10,10.0,254.7,0.1820331736002117,0.03550453418690766,248.00341998739165,0.03926187671770711,161.60581075775423,149.15979583824108,39385.0
sarathi,short input long output,mixtral_7b_8expert,1,1.0,95.54,0.082694421056658,0.013911985749132076,94.50360659183934,0.010466820180029306,72.76533389156374,71.04877538203893,39325.0
sarathi,short input long output,mixtral_7b_8expert,2,1.0,96.93,0.08748380341567098,0.014446484752382272,92.57965708328412,0.02063344681729083,96.11059527494068,91.08635097493035,39347.0
sarathi,short input long output,mixtral_7b_8expert,3,1.0,97.23,0.0862836325075477,0.014489728848811846,89.53066401043907,0.0308546744831842,112.8663992594878,105.54355651547876,39347.0
sarathi,short input long output,mixtral_7b_8expert,4,1.0,96.45,0.08516405615955586,0.01446924498978222,85.52639677471014,0.041472265422498704,133.89320891653705,121.63815448418869,39347.0
sarathi,short input long output,mixtral_7b_8expert,5,1.0,98.28,0.08551059141755102,0.01450662288547099,94.75851917844267,0.05087505087505088,193.8034188034188,179.48717948717947,39347.0
sarathi,short input long output,mixtral_7b_8expert,6,1.0,108.86,0.08352502144407473,0.0147746684991693,103.33196531713475,0.0551166636046298,244.2035642109131,228.21973176557046,39347.0
sarathi,short input long output,mixtral_7b_8expert,7,1.0,109.05,0.08164834585040802,0.014683520283027645,103.2642322359141,0.06419073819348922,295.2957359009629,275.3690967446126,39347.0
sarathi,short input long output,mixtral_7b_8expert,8,1.0,116.22,0.08952361063566056,0.01577321731412646,109.98658622149378,0.06883496816382723,290.4147306831871,267.3636207193254,39347.0
sarathi,short input long output,mixtral_7b_8expert,9,1.0,114.16,0.08534516599029296,0.01547190614253502,107.7217129145749,0.07883672039243168,329.9053959355291,303.6002102312544,39347.0
sarathi,short input long output,mixtral_7b_8expert,10,1.0,109.91499999999999,0.0884766574017703,0.014942687747909848,105.63144281096757,0.09097939316744758,748.9605604330619,691.2796251649002,39347.0
sarathi,short input long output,mixtral_7b_8expert,10,2.0,108.46,0.08489225569646798,0.01509362615213448,103.78992569351102,0.09219988936013278,379.5039645952425,350.2765996680804,39347.0
sarathi,short input long output,mixtral_7b_8expert,10,3.0,107.68,0.0832248813472688,0.015002133992751363,103.68086571260353,0.09286775631500742,382.25297176820203,352.8138930163447,39347.0
sarathi,short input long output,mixtral_7b_8expert,10,4.0,106.56,0.08353501998353743,0.014974133415718618,102.93784155996983,0.09384384384384384,386.27064564564563,356.52214714714717,39347.0
sarathi,short input long output,mixtral_7b_8expert,10,5.0,108.01,0.08827558013144875,0.01516731824455191,104.54357130599672,0.09258401999814832,381.0850847143783,351.7359503749653,39347.0
sarathi,short input long output,mixtral_7b_8expert,10,6.0,106.87,0.08766593253239986,0.01507307746272268,103.55225536695215,0.09357162908206232,385.1501824646767,355.48797604566295,39347.0
sarathi,short input long output,mixtral_7b_8expert,10,7.0,113.1,0.08829052071087061,0.015859367090991703,109.74518285726661,0.08841732979664015,363.9345711759505,335.90627763041556,39347.0
sarathi,short input long output,mixtral_7b_8expert,10,8.0,106.4,0.08543435430619861,0.014957569938779764,103.28346755751409,0.09398496240601503,386.8515037593985,357.05827067669173,39347.0
sarathi,short input long output,mixtral_7b_8expert,10,9.0,106.56,0.08607943768147377,0.014969256452372506,103.47113821443637,0.09384384384384384,386.27064564564563,356.52214714714717,39347.0
sarathi,short input long output,mixtral_7b_8expert,10,10.0,113.1,0.0877859776606783,0.015900933872787945,109.87658149215858,0.08841732979664015,363.9345711759505,335.90627763041556,39347.0
sarathi,short input long output,qwen_7b,1,1.0,222.29,0.1151911742053926,0.032583157551333945,221.2572999917902,0.004498627918484863,31.274461289306764,30.536686310675247,39315.0
sarathi,short input long output,qwen_7b,2,1.0,224.23,0.11705783822108058,0.032805992045289785,215.27112310270311,0.008919413102617848,41.54662623199393,39.37474914150649,39335.0
sarathi,short input long output,qwen_7b,3,1.0,225.86,0.11699867248535152,0.0330318351859567,208.95811586761846,0.013282564420437439,48.58762064996015,45.435225360843,39335.0
sarathi,short input long output,qwen_7b,4,1.0,227.69,0.14694593620952218,0.03336374096971902,202.84512501258862,0.017567745619043437,56.717466731081736,51.5261979006544,39335.0
sarathi,short input long output,qwen_7b,5,1.0,245.56,0.14524846542626615,0.03612764577064762,238.35622506327925,0.02036162241407395,77.56556442417332,71.8358038768529,39335.0
sarathi,short input long output,qwen_7b,6,1.0,287.39,0.14343358599580824,0.03941722214403599,279.4412466430804,0.02087755315077073,92.50147882668152,86.446988412958,39335.0
sarathi,short input long output,qwen_7b,7,1.0,301.73,0.16679819640703494,0.041648173669421494,293.01074930368924,0.023199549265899976,106.72455506578729,99.5227521293872,39335.0
sarathi,short input long output,qwen_7b,8,1.0,308.46,0.19318121869582675,0.042631756864523807,298.8886473672232,0.025935291447837648,109.42099461842703,100.7359138948324,39335.0
sarathi,short input long output,qwen_7b,9,1.0,310.31,0.18795505668967957,0.04312804937030372,300.0592960343696,0.029003254809706423,121.36895362701814,111.69153427217944,39335.0
sarathi,short input long output,qwen_7b,10,1.0,316.67,0.20527316932566458,0.04433400905406787,312.5082449207315,0.03157861496194777,259.9614740897464,239.94063220387153,39335.0
sarathi,short input long output,qwen_7b,10,2.0,315.33,0.1841659668600186,0.044305492919793854,306.46206222057805,0.031712808803475726,130.53309231598644,120.48013192528462,39335.0
sarathi,short input long output,qwen_7b,10,3.0,314.01,0.19821472028270357,0.044163172928372824,305.8747273085173,0.03184611955033279,131.0818126811248,120.98659278366931,39335.0
sarathi,short input long output,qwen_7b,10,4.0,313.61,0.19812768357805904,0.04415295726899675,305.8216648089932,0.031886738305538724,131.24900353942795,121.14090749657217,39335.0
sarathi,short input long output,qwen_7b,10,5.0,313.63,0.1990569979650899,0.04418133905747048,306.05863531981595,0.03188470490705608,131.24063386793355,121.13318241239678,39335.0
sarathi,short input long output,qwen_7b,10,6.0,313.7,0.19906281286384903,0.04421827315194642,306.26711630141364,0.031877590054191905,131.2113484220593,121.10615237488047,39335.0
sarathi,short input long output,qwen_7b,10,7.0,313.44,0.1991623571142554,0.044187204091639634,306.1066722210729,0.03190403266972945,131.3201888718734,121.20661051556917,39335.0
sarathi,short input long output,qwen_7b,10,8.0,313.23,0.19842621565330773,0.04416612109586248,305.95467712748797,0.031925422213708775,131.4082303738467,121.28787153210101,39335.0
sarathi,short input long output,qwen_7b,10,9.0,313.64,0.19860508346464478,0.04422020770604393,306.39580457652914,0.03188368830506313,131.23644943247035,121.12932023976533,39335.0
sarathi,short input long output,qwen_7b,10,10.0,313.91,0.2023466860875487,0.04425233598605784,306.67760170807594,0.03185626453442069,131.123570450129,121.02513459271765,39335.0
sarathi,short input long output,yi_6b,1,1.0,179.1,0.111813526134938,0.02621918910225414,178.0616218126379,0.005583472920156337,38.816303740926855,37.900614182021215,39315.0
sarathi,short input long output,yi_6b,2,1.0,179.91,0.10366738007869564,0.02632308899975401,172.58366041821427,0.011116669445834029,51.7814462786949,49.074537268634316,39335.0
sarathi,short input long output,yi_6b,3,1.0,180.33,0.10176721150055519,0.026391167175885136,166.74449649327434,0.01663616702711695,60.855098985193806,56.90678201075805,39335.0
sarathi,short input long output,yi_6b,4,1.0,181.49,0.12623120988719155,0.026660360464783407,161.5541596253635,0.02203978180616012,71.15543556118794,64.64268003746763,39335.0
sarathi,short input long output,yi_6b,5,1.0,185.04,0.12491886317729943,0.027118708289155947,179.26652166154236,0.027021184608733248,102.93450064850843,95.3307392996109,39335.0
sarathi,short input long output,yi_6b,6,1.0,203.46,0.12296749185770747,0.027687867203483797,196.5400672294199,0.02948982601002654,130.65958910842426,122.10753956551656,39335.0
sarathi,short input long output,yi_6b,7,1.0,205.89,0.1325378951150924,0.02806967130715724,198.41350425551644,0.03399873718976153,156.40390499781438,145.84972558162127,39335.0
sarathi,short input long output,yi_6b,8,1.0,206.86,0.15738951007369903,0.02821741458886935,198.80397222333121,0.03867349898482065,163.16349221695833,150.2127042444165,39337.0
sarathi,short input long output,yi_6b,9,1.0,208.29,0.15547429826110598,0.028477412686531155,199.66544867428019,0.04320898746939363,180.81520956358924,166.39781074463488,39337.0
sarathi,short input long output,yi_6b,10,1.0,205.42000000000002,0.16417432674206792,0.02873274386122478,197.2534195761662,0.04868075163080517,400.7496835751144,369.8860870411839,39337.0
sarathi,short input long output,yi_6b,10,2.0,199.23,0.14800776648335148,0.027522046812193966,192.31464937746057,0.05019324398935904,206.60041158460072,190.6891532399739,39335.0
sarathi,short input long output,yi_6b,10,3.0,198.35,0.1502346068620681,0.027497428467620176,192.13998111104593,0.050415931434333254,207.5170153768591,191.53516511217546,39335.0
sarathi,short input long output,yi_6b,10,4.0,198.38,0.16637358942534766,0.02754328868920452,192.49008219656534,0.050408307289041235,207.48563363242263,191.50620022179655,39335.0
sarathi,short input long output,yi_6b,10,5.0,197.78,0.165238501294516,0.027486520073404946,192.11627986992244,0.05056122964910507,208.11507735868136,192.08716755991506,39335.0
sarathi,short input long output,yi_6b,10,6.0,206.95,0.16820628042332822,0.02879023192914277,201.2102049065288,0.04832085044696787,198.89345252476446,183.57574293307565,39335.0
sarathi,short input long output,yi_6b,10,7.0,207.13,0.1681761853862553,0.028816306652700727,201.46830175495705,0.048278858687780625,198.7206102447738,183.41621204074735,39335.0
sarathi,short input long output,yi_6b,10,8.0,208.76,0.16939756521023805,0.029068987143005043,203.1300443502376,0.04790189691511784,197.16899789231655,181.98409657022418,39335.0
sarathi,short input long output,yi_6b,10,9.0,205.8,0.16720221857540307,0.0286569877566938,200.28003563482775,0.048590864917395525,200.00485908649173,184.60155490767735,39335.0
sarathi,short input long output,yi_6b,10,10.0,205.86,0.16793983210809524,0.028671999471922713,200.3825122056063,0.0485767026134266,199.9465656271252,184.547750898669,39335.0
vllm,short input long output,llama2_7b,1,1.0,215.06,0.081714826170355,0.03152311548559923,214.02921291766688,0.004649865153910537,32.32586254998605,31.56328466474472,37403.0
vllm,short input long output,llama2_7b,2,1.0,218.3,0.0822452198248356,0.03194062140844015,209.5549032414332,0.009161704076958314,42.675217590471824,40.444342647732476,37437.0
vllm,short input long output,llama2_7b,3,1.0,219.91,0.07973729996010655,0.03216633386817734,203.43565924824216,0.013641944431813014,49.902232731572006,46.66454458642172,37443.0
vllm,short input long output,llama2_7b,4,1.0,221.27,0.08036414291709658,0.0324265003371639,197.10996531748674,0.01807746192434582,58.363085822750485,53.02119582410629,37463.0
vllm,short input long output,llama2_7b,5,1.0,234.22,0.07985848253592846,0.03444765810037116,227.28393897814675,0.02134745111433695,81.32098027495518,75.31380753138076,37459.0
vllm,short input long output,llama2_7b,6,1.0,281.59,0.08019922720268369,0.0386490223088463,273.79274264734704,0.021307574842856638,94.40676160375014,88.22756489932172,37465.0
vllm,short input long output,llama2_7b,7,1.0,297.46,0.07963785142637786,0.04110656514331125,288.9199113098439,0.02353257580851207,108.25657231224368,100.95138842197271,37465.0
vllm,short input long output,llama2_7b,8,1.0,300.13,0.08090107946190979,0.041506609723700544,290.8257514817407,0.026655116116349582,112.45793489487889,103.53180288541633,37481.0
vllm,short input long output,llama2_7b,9,1.0,305.26,0.08000288987532254,0.042475558020503366,295.25313073983415,0.029483063617899496,123.37679355303676,113.53927799253096,37487.0
vllm,short input long output,llama2_7b,10,1.0,315.11,0.08207817736547432,0.04414845313011388,310.8429072819883,0.03173494970010472,261.2484529212021,241.1284948113357,37487.0
vllm,short input long output,llama2_7b,10,2.0,303.96,0.07949586517643181,0.042759083083256946,295.52405879760624,0.032899065666535075,135.415844190025,124.9868403737334,37487.0
vllm,short input long output,llama2_7b,10,3.0,309.17,0.07872294541448352,0.04356601331853691,301.32495214717926,0.03234466474754989,133.1338745673901,122.88061584241679,37487.0
vllm,short input long output,llama2_7b,10,4.0,309.18,0.07919039267580949,0.04360167880307004,301.6638390493579,0.03234361860404942,133.1295685361278,122.87664143864416,37487.0
vllm,short input long output,llama2_7b,10,5.0,310.72,0.13510164113249626,0.04381550583020545,303.37031830144116,0.03218331616889804,132.46974768280123,122.26763645726055,37523.0
vllm,short input long output,llama2_7b,10,6.0,308.81,0.13523565609939392,0.04356576961922089,301.64821618141144,0.03238237103720734,133.28907742624915,123.02386580745443,37523.0
vllm,short input long output,llama2_7b,10,7.0,310.88,0.1347578122746199,0.04385802959818351,303.7814764180919,0.03216675244467319,132.4015697375193,122.2047092125579,37523.0
vllm,short input long output,llama2_7b,10,8.0,307.2,0.14958446398377412,0.04335391466488785,300.2365294577321,0.032552083333333336,133.98763020833334,123.66861979166667,37513.0
vllm,short input long output,llama2_7b,10,9.0,308.0,0.14851592846680425,0.04347889627650685,301.1089248662814,0.032467532467532464,133.6396103896104,123.34740259740259,37513.0
vllm,short input long output,llama2_7b,10,10.0,308.31,0.14975929665379226,0.04353833436728794,301.4560154290637,0.03243488696441893,133.50523823424476,123.22337906652395,37513.0
vllm,short input long output,mistral_7b,1,1.0,218.26,0.0780680608004331,0.031993910989526364,217.22086748946455,0.004581691560524146,31.85191972876386,31.1005223128379,37077.0
vllm,short input long output,mistral_7b,2,1.0,221.93,0.07886523189954452,0.03251435674728202,213.13251569408456,0.009011850583517325,41.9772000180237,39.782814400937234,37115.0
vllm,short input long output,mistral_7b,3,1.0,224.15,0.07768400977365665,0.032844637431404866,207.48635615920648,0.013383894713361587,48.95828686147669,45.781842516172205,37095.0
vllm,short input long output,mistral_7b,4,1.0,220.59,0.07909562631975851,0.032336293876051275,196.5336978079052,0.01813318826782719,58.542998322680084,53.184641189537146,37121.0
vllm,short input long output,mistral_7b,5,1.0,227.49,0.07848993549123402,0.03335370621266799,220.57510595833884,0.021978988087388455,83.72675722009758,77.54186997230647,37143.0
vllm,short input long output,mistral_7b,6,1.0,253.87,0.07974851154722268,0.03471600108884286,246.27992196707055,0.023634143459250797,104.71501162012053,97.8611100169378,37123.0
vllm,short input long output,mistral_7b,7,1.0,251.95,0.07880073734559116,0.034504593616631045,243.762365782354,0.027783290335384007,127.81107362571939,119.1863464973209,37123.0
vllm,short input long output,mistral_7b,8,1.0,252.52,0.07965219088364386,0.03459551391178807,243.65481823696754,0.03168065895770632,133.66070014256297,123.05163947410105,37171.0
vllm,short input long output,mistral_7b,9,1.0,259.14,0.07978172143921254,0.03561286938595071,249.51356714386492,0.034730261634637646,145.33456818708035,133.7462375549896,37151.0
vllm,short input long output,mistral_7b,10,1.0,262.595,0.07949690646491941,0.03641337468821682,256.79954373168295,0.038081456234886416,313.494164016832,289.350520763914,37151.0
vllm,short input long output,mistral_7b,10,2.0,264.2,0.08057385249994686,0.036644137406179805,255.82403152098414,0.03785011355034065,155.79485238455717,143.79636638909918,37151.0
vllm,short input long output,mistral_7b,10,3.0,260.96,0.07971985265612597,0.0362829088029601,253.33049997249617,0.03832004904966279,157.729153893317,145.58169834457388,37151.0
vllm,short input long output,mistral_7b,10,4.0,255.22,0.136525915376842,0.03553905637081918,248.09827346105592,0.03918188229762558,161.27654572525665,148.85588903690933,37201.0
vllm,short input long output,mistral_7b,10,5.0,261.95,0.0892512071877718,0.03650688199527634,254.86455724490804,0.03817522427944264,157.13304065661387,145.03149456003055,37131.0
vllm,short input long output,mistral_7b,10,6.0,263.18,0.13728656230960037,0.036693139292584755,256.1937997081084,0.037996808268105475,156.39866251234895,144.3536742913595,37209.0
vllm,short input long output,mistral_7b,10,7.0,259.09,0.13713898600544777,0.03614731504689305,252.2948374972213,0.03859662665483037,158.86757497394728,146.63244432436608,37209.0
vllm,short input long output,mistral_7b,10,8.0,258.41,0.15135973640717565,0.03601848624398279,251.6694951492827,0.0386981927943965,159.28563136101542,147.01830424519173,37203.0
vllm,short input long output,mistral_7b,10,9.0,255.0,0.1503312662011012,0.03559957423756077,248.442687723157,0.0392156862745098,161.4156862745098,148.98431372549018,37203.0
vllm,short input long output,mistral_7b,10,10.0,254.15,0.15022354214452202,0.035463651021595766,247.63887992068194,0.03934684241589612,161.95553806807004,149.48258902223097,37203.0
vllm,short input long output,mixtral_7b_8expert,1,1.0,99.27,0.0612666639499366,0.014464455792968275,98.23176019871607,0.010073536818777073,70.03122796413821,68.37916792585877,38175.0
vllm,short input long output,mixtral_7b_8expert,2,1.0,95.56,0.05944073961582032,0.01415624502091758,91.25135996218303,0.02092925910422771,97.48848890749267,92.39221431561323,38209.0
vllm,short input long output,mixtral_7b_8expert,3,1.0,101.44,0.058131989696994346,0.014972115470745074,93.43004051889292,0.029574132492113565,108.18217665615143,101.16324921135647,38197.0
vllm,short input long output,mixtral_7b_8expert,4,1.0,98.19,0.054023820487782266,0.014723664559355755,87.07608578698708,0.04073734596191058,131.5205214380283,119.48263570628374,38217.0
vllm,short input long output,mixtral_7b_8expert,5,1.0,98.25,0.05295562846586105,0.014474568307404971,94.71902344534173,0.05089058524173028,193.86259541984734,179.54198473282443,38209.0
vllm,short input long output,mixtral_7b_8expert,6,1.0,108.27,0.05037645634729407,0.014650023828268556,102.76312790426891,0.05541701302299806,245.5343123672301,229.46337859056064,38217.0
vllm,short input long output,mixtral_7b_8expert,7,1.0,113.53,0.04855906688608223,0.015419930278619619,107.67704698569142,0.06165771161807452,283.6430899321765,264.50277459702284,38217.0
vllm,short input long output,mixtral_7b_8expert,8,1.0,109.32,0.0455751412548124,0.014868277922502973,103.23659949814902,0.07317965605561655,308.7449688986462,284.2389315770216,38209.0
vllm,short input long output,mixtral_7b_8expert,9,1.0,109.36,0.04398051500320424,0.014881104204752405,102.97525932164862,0.0822970007315289,344.3855157278713,316.9257498171178,38217.0
vllm,short input long output,mixtral_7b_8expert,10,1.0,113.49000000000001,0.060959750460460746,0.015736941841420354,107.43004058883525,0.08811349017534584,725.367873821482,669.5039210503128,38217.0
vllm,short input long output,mixtral_7b_8expert,10,2.0,112.67,0.03968551035504779,0.015580293614275981,107.93901516573969,0.08875477056891808,365.3235111387237,337.18824886837666,38217.0
vllm,short input long output,mixtral_7b_8expert,10,3.0,111.83,0.04254577977117141,0.015534776118690795,107.74661712239029,0.08942144326209425,368.06760261110617,339.72100509702227,38217.0
vllm,short input long output,mixtral_7b_8expert,10,4.0,106.5,0.040654391166753956,0.014856382430444789,102.8826089017326,0.09389671361502347,386.48826291079814,356.7230046948357,38217.0
vllm,short input long output,mixtral_7b_8expert,10,5.0,107.09,0.040129857393912866,0.015128267711271693,103.68499965290539,0.09337940050424876,384.35895041553835,354.75768045569146,38217.0
vllm,short input long output,mixtral_7b_8expert,10,6.0,107.77,0.04286884607281525,0.015162955310594825,104.45339943200814,0.09279020135473694,381.93374779623275,352.5192539667811,38215.0
vllm,short input long output,mixtral_7b_8expert,10,7.0,107.49,0.04275532036554059,0.01522186487527556,104.27051978113596,0.09303190994511118,382.9286445250721,353.4375290724719,38215.0
vllm,short input long output,mixtral_7b_8expert,10,8.0,106.64,0.043275982560589794,0.01514358886004175,103.52812473566736,0.0937734433608402,385.9808702175544,356.254688672168,38215.0
vllm,short input long output,mixtral_7b_8expert,10,9.0,110.67,0.04407630469650019,0.01558456349608011,107.50685533529611,0.09035872413481522,371.9255444113129,343.28182886057647,38245.0
vllm,short input long output,mixtral_7b_8expert,10,10.0,106.23,0.04275699821300795,0.015093322769581368,103.23581139319576,0.09413536665725313,387.4705826979196,357.62967146757035,38215.0
vllm,short input long output,qwen_7b,1,1.0,222.0,0.0880835307762026,0.03254331779464941,220.95983842480928,0.0045045045045045045,31.315315315315317,30.576576576576578,37393.0
vllm,short input long output,qwen_7b,2,1.0,225.46,0.08756951962132002,0.03299170206136645,216.45530916703865,0.008870753126940478,41.31996806528874,39.159939678878736,37427.0
vllm,short input long output,qwen_7b,3,1.0,226.25,0.08508711955510077,0.033099475455650375,209.3321550463792,0.013259668508287293,48.50386740331492,45.356906077348064,37433.0
vllm,short input long output,qwen_7b,4,1.0,230.27,0.08700355680193744,0.0337478162857595,205.16089858559417,0.017370912407174185,56.08199070656186,50.948886090241885,37453.0
vllm,short input long output,qwen_7b,5,1.0,245.38,0.08564469572156659,0.03608450060861398,238.15331450859082,0.020376558806748716,77.62246311842856,71.88849947020947,37447.0
vllm,short input long output,qwen_7b,6,1.0,289.99,0.08641371515113855,0.03981860228429573,282.0856278699357,0.02069036863340115,91.67212662505604,85.6719197213697,37453.0
vllm,short input long output,qwen_7b,7,1.0,304.31,0.08464000686071806,0.042037317532993966,295.63761506136507,0.023002858926752325,105.81972330846834,98.67897867306365,37453.0
vllm,short input long output,qwen_7b,8,1.0,302.97,0.08513352812733496,0.041887880279982304,293.60089813342785,0.026405254645674486,111.40376935010066,102.56130970063042,37469.0
vllm,short input long output,qwen_7b,9,1.0,314.55,0.08530844775959846,0.043736290274576095,304.33275631573053,0.02861230329041488,119.73295183595613,110.1859799713877,37475.0
vllm,short input long output,qwen_7b,10,1.0,318.875,0.08639897177927189,0.044848481608242036,312.8404779281467,0.03136025088200706,258.1638573108585,238.281458251666,37475.0
vllm,short input long output,qwen_7b,10,2.0,315.81,0.08453702903352675,0.04437078406701639,307.0568353970535,0.0316646084671163,130.33469491149742,120.29701402742155,37475.0
vllm,short input long output,qwen_7b,10,3.0,313.93,0.0843673815019428,0.04418602488125027,305.9261757761473,0.03185423502054598,131.1152167680693,121.01742426655623,37475.0
vllm,short input long output,qwen_7b,10,4.0,317.68,0.13659366185311228,0.04473342228851764,309.9117571783019,0.03147821707378494,129.56748929740618,119.58889448501637,37511.0
vllm,short input long output,qwen_7b,10,5.0,316.37,0.08953253708314143,0.0445812685156929,308.84369732546617,0.03160855959793912,130.10399216107723,120.08407876853052,37451.0
vllm,short input long output,qwen_7b,10,6.0,314.11,0.1357221036218106,0.04427578650446207,306.78267362755724,0.03183598102575531,131.04008150011143,120.94807551494699,37511.0
vllm,short input long output,qwen_7b,10,7.0,314.47,0.1500609019771218,0.04434115273842452,307.2287567687919,0.031799535726778384,130.8900690049925,120.80961617960376,37501.0
vllm,short input long output,qwen_7b,10,8.0,315.9,0.15023002985399211,0.04453049416217124,308.68472518627533,0.03165558721114277,130.29756251978475,120.26274137385249,37501.0
vllm,short input long output,qwen_7b,10,9.0,313.73,0.15063413069583473,0.04425276090930137,306.6387328721583,0.031874541803461574,131.1988015172282,121.09457176553086,37501.0
vllm,short input long output,qwen_7b,10,10.0,313.18,0.1505273407092318,0.04416361460150421,306.14490546591117,0.031930519190242035,131.42921003895523,121.30723545564851,37501.0
vllm,short input long output,yi_6b,1,1.0,172.57,0.0758457141928374,0.0252627549463554,171.53435823181644,0.0057947499565393756,40.28510169786174,39.33476270498928,37391.0
vllm,short input long output,yi_6b,2,1.0,173.32,0.07472591248806558,0.02536063986081367,166.24166351340244,0.011539349180706208,53.75028848372952,50.94045695822756,37425.0
vllm,short input long output,yi_6b,3,1.0,176.15,0.07315062251873314,0.02577975110331389,162.85674262209795,0.01703093954016463,62.299176837922225,58.25716718705648,37433.0
vllm,short input long output,yi_6b,4,1.0,176.42,0.07318842464592307,0.025921796717371232,157.0191458719782,0.02267316630767487,73.20031742432832,66.50039678041038,37453.0
vllm,short input long output,yi_6b,5,1.0,178.47,0.07387900352478025,0.026136211300180717,172.83607759689912,0.028015913038605927,106.72381912926542,98.84014120020171,37447.0
vllm,short input long output,yi_6b,6,1.0,195.78,0.07227920694276688,0.026643741718722996,189.01123261067553,0.030646644192460926,135.78506486873022,126.89753805291654,37453.0
vllm,short input long output,yi_6b,7,1.0,197.97,0.0715777270495891,0.026988452456103953,190.68489634175782,0.03535889276152952,162.66100924382482,151.68459867656716,37453.0
vllm,short input long output,yi_6b,8,1.0,198.19,0.07215823470614843,0.027023351231538734,190.3738880279474,0.04036530601947626,170.30122609617035,156.78389424289824,37469.0
vllm,short input long output,yi_6b,9,1.0,200.01,0.07138459794223301,0.027325624674165803,191.64998665088785,0.04499775011249438,188.30058497075146,173.28633568321584,37475.0
vllm,short input long output,yi_6b,10,1.0,203.565,0.07509897116106004,0.0281310280163739,197.7070790384896,0.049124358313069535,404.401542504851,373.25669933436495,37475.0
vllm,short input long output,yi_6b,10,2.0,199.16,0.06961215308401726,0.027534247629281024,192.33871794180016,0.0502108857200241,206.67302671219122,190.75617593894356,37475.0
vllm,short input long output,yi_6b,10,3.0,199.33,0.07014718542341139,0.027623551343697334,193.17089991746468,0.05016806301108714,206.49676415993576,190.59348818542114,37475.0
vllm,short input long output,yi_6b,10,4.0,198.0,0.06965549706947054,0.027501707431755,192.21185122623575,0.050505050505050504,207.8838383838384,191.87373737373738,37475.0
vllm,short input long output,yi_6b,10,5.0,200.75,0.07520306324586266,0.027904845588088974,195.09347089848015,0.049813200498132,205.03611457036115,189.2453300124533,37457.0
vllm,short input long output,yi_6b,10,6.0,202.12,0.11933417038526381,0.028108705589704113,196.561578695965,0.04947555907381753,203.64634870374036,187.96259647734018,37517.0
vllm,short input long output,yi_6b,10,7.0,200.19,0.07519692219793794,0.02786239439333966,194.77460287953727,0.04995254508217194,205.6096708127279,189.77471402167942,37457.0
vllm,short input long output,yi_6b,10,8.0,197.78,0.12877790296915914,0.027523855724337003,192.48734522939193,0.05056122964910507,208.11507735868136,192.08716755991506,37509.0
vllm,short input long output,yi_6b,10,9.0,197.3,0.1289039827417582,0.027484371283236247,192.08179906096777,0.0506842372022301,208.62138874809932,192.5544855549924,37509.0
vllm,short input long output,yi_6b,10,10.0,197.01,0.128846647311002,0.02742924086990387,191.82760401633567,0.05075884472869398,208.9284807877773,192.8379270087813,37509.0
sarathi,short input short output,llama2_7b,1,1.0,2.57,0.1096199718303978,0.028286595591435246,1.552442696876824,0.38910505836575876,113.22957198443581,20.233463035019458,39327.0
sarathi,short input short output,llama2_7b,2,1.0,6.02,0.11043044507969169,0.029028278303916983,4.805889735836536,0.33222591362126247,113.7873754152824,37.37541528239203,39347.0
sarathi,short input short output,llama2_7b,3,1.0,6.75,0.11060542971827089,0.029666590263618592,5.358956070523709,0.4444444444444444,173.62962962962962,60.888888888888886,39347.0
sarathi,short input short output,llama2_7b,4,1.0,6.93,0.14017926002852615,0.03126883094046949,5.519229010748678,0.5772005772005773,232.61183261183263,66.52236652236653,39347.0
sarathi,short input short output,llama2_7b,5,1.0,11.05,0.1355900894850492,0.030443507004544144,7.574904370307922,0.4524886877828054,174.47963800904975,67.78280542986425,39347.0
sarathi,short input short output,llama2_7b,6,1.0,12.1,0.13388367742300034,0.03035654883011661,8.197665841085836,0.49586776859504134,199.33884297520663,85.0413223140496,39347.0
sarathi,short input short output,llama2_7b,7,1.0,12.19,0.14159500994719557,0.030371206685440057,8.259539098339156,0.5742411812961444,241.59146841673504,96.14438063986874,39347.0
sarathi,short input short output,llama2_7b,8,1.0,12.24,0.1456146690296009,0.030561465887973704,8.319456514995546,0.6535947712418301,259.640522875817,98.69281045751634,39347.0
sarathi,short input short output,llama2_7b,9,1.0,12.36,0.14757830854505297,0.030881691958692645,8.43419733690098,0.7281553398058253,264.3203883495146,104.36893203883496,39347.0
sarathi,short input short output,llama2_7b,10,1.0,12.305,0.14685349415522067,0.031470968812936914,8.410883704759181,0.8126777732629012,551.80820804551,211.78382771231207,39347.0
sarathi,short input short output,llama2_7b,10,2.0,10.24,0.14477395950816568,0.031704541578016915,8.331505101383664,0.9765625,331.54296875,127.24609375,39347.0
sarathi,short input short output,llama2_7b,10,3.0,9.63,0.16539922819938505,0.03182837552203815,8.396272504539228,1.0384215991692627,352.54413291796465,135.30633437175493,39347.0
sarathi,short input short output,llama2_7b,10,4.0,9.28,0.16699379843194032,0.03294264981306304,8.382355609117075,1.0775862068965518,365.84051724137936,140.4094827586207,39347.0
sarathi,short input short output,llama2_7b,10,5.0,9.1,0.16713439286686474,0.03330161846094472,8.406039367034099,1.098901098901099,373.0769230769231,143.1868131868132,39347.0
sarathi,short input short output,llama2_7b,10,6.0,9.03,0.16794864004477855,0.03329323832523169,8.43966101896949,1.1074197120708749,375.968992248062,144.296788482835,39347.0
sarathi,short input short output,llama2_7b,10,7.0,9.01,0.16821516042109574,0.03332229613054854,8.471142981946468,1.1098779134295227,376.803551609323,144.6170921198668,39347.0
sarathi,short input short output,llama2_7b,10,8.0,8.98,0.16797764163929962,0.03331587346288942,8.48275546140503,1.1135857461024499,378.0623608017817,145.10022271714922,39347.0
sarathi,short input short output,llama2_7b,10,9.0,8.96,0.16918071091640735,0.03336929676622864,8.498300852370448,1.1160714285714284,378.90624999999994,145.42410714285714,39347.0
sarathi,short input short output,llama2_7b,10,10.0,8.94,0.16885723660234353,0.03328430581045812,8.520384379802271,1.1185682326621924,379.75391498881436,145.74944071588368,39347.0
sarathi,short input short output,mistral_7b,1,1.0,2.81,0.1222564717754721,0.032641247554006526,1.7870546546764672,0.35587188612099646,103.55871886120997,18.505338078291814,39385.0
sarathi,short input short output,mistral_7b,2,1.0,6.67,0.12153777913190421,0.032536127303401136,5.439258231595159,0.29985007496251875,102.69865067466267,33.733133433283356,39385.0
sarathi,short input short output,mistral_7b,3,1.0,7.27,0.12023519813083106,0.032382251064324304,5.873612005403265,0.4126547455295736,161.2104539202201,56.533700137551584,39385.0
sarathi,short input short output,mistral_7b,4,1.0,7.39,0.13882082377094773,0.03336049456570652,5.978450169181451,0.5412719891745602,218.13261163734776,62.38159675236807,39385.0
sarathi,short input short output,mistral_7b,5,1.0,12.06,0.1379207679070532,0.03329394491543682,8.494319279585033,0.41459369817578773,159.86733001658374,62.106135986733,39385.0
sarathi,short input short output,mistral_7b,6,1.0,12.99,0.13787752133794123,0.03319378311791662,9.108027003123423,0.4618937644341801,185.6812933025404,79.21478060046189,39385.0
sarathi,short input short output,mistral_7b,7,1.0,13.05,0.1423352226614952,0.03286085802561962,9.126393785886467,0.5363984674329502,225.67049808429118,89.80842911877394,39385.0
sarathi,short input short output,mistral_7b,8,1.0,13.12,0.1446744293207302,0.033578610632239894,9.181718331156297,0.6097560975609756,242.22560975609758,92.07317073170732,39385.0
sarathi,short input short output,mistral_7b,9,1.0,13.08,0.14435345660895108,0.033341112072196075,9.1536734896712,0.6880733944954128,249.77064220183487,98.62385321100918,39385.0
sarathi,short input short output,mistral_7b,10,1.0,13.04,0.14379297972191116,0.034554542019031936,9.124240515450946,0.7668711656441718,520.7055214723927,199.84662576687117,39385.0
sarathi,short input short output,mistral_7b,10,2.0,10.99,0.14507542785722757,0.03486819744792621,9.10433536907658,0.9099181073703366,308.9171974522293,118.56232939035486,39385.0
sarathi,short input short output,mistral_7b,10,3.0,10.41,0.16415153502020977,0.0346228332423112,9.1971301878104,0.9606147934678194,326.12872238232467,125.16810758885687,39385.0
sarathi,short input short output,mistral_7b,10,4.0,9.95,0.16265931169036774,0.03489810347456631,9.055793288582935,1.0050251256281408,341.2060301507538,130.95477386934675,39385.0
sarathi,short input short output,mistral_7b,10,5.0,10.09,0.1662849917309358,0.03620152560863917,9.390275637549347,0.9910802775024777,336.4717542120912,129.13776015857286,39385.0
sarathi,short input short output,mistral_7b,10,6.0,9.72,0.17072838153690092,0.03529232746234401,9.111416920321062,1.02880658436214,349.27983539094646,134.05349794238683,39385.0
sarathi,short input short output,mistral_7b,10,7.0,9.69,0.16923232818953685,0.0352077842618147,9.139488926553167,1.0319917440660475,350.3611971104231,134.468524251806,39385.0
sarathi,short input short output,mistral_7b,10,8.0,9.82,0.1726480867015197,0.03604255696021331,9.315878785867243,1.0183299389002036,345.72301425661914,132.68839103869652,39385.0
sarathi,short input short output,mistral_7b,10,9.0,9.87,0.1662932169158011,0.03604156473918599,9.401953243813477,1.0131712259371835,343.97163120567376,132.01621073961502,39385.0
sarathi,short input short output,mistral_7b,10,10.0,9.63,0.1636382121359929,0.03523880144941858,9.196948587428778,1.0384215991692627,352.54413291796465,135.30633437175493,39385.0
sarathi,short input short output,mixtral_7b_8expert,1,1.0,1.85,0.0849854578264057,0.0147491015913878,0.8374287276528776,0.5405405405405405,157.2972972972973,28.108108108108105,39325.0
sarathi,short input short output,mixtral_7b_8expert,2,1.0,3.56,0.08914389640558511,0.014722785745401062,2.435876842099242,0.5617977528089888,192.41573033707866,63.20224719101123,39345.0
sarathi,short input short output,mixtral_7b_8expert,3,1.0,4.02,0.08535587987862524,0.014795986401482846,2.645474819233641,0.746268656716418,291.54228855721396,102.23880597014926,39345.0
sarathi,short input short output,mixtral_7b_8expert,4,1.0,4.09,0.08504161376040423,0.015055397123282105,2.712355602532625,0.9779951100244499,394.1320293398533,112.71393643031786,39347.0
sarathi,short input short output,mixtral_7b_8expert,5,1.0,7.51,0.0878429997712373,0.015893205647962736,4.224314368050545,0.6657789613848203,256.7243675099867,99.73368841544607,39347.0
sarathi,short input short output,mixtral_7b_8expert,6,1.0,8.31,0.0836532243993133,0.015164881608955212,4.3436044320696965,0.7220216606498194,290.2527075812274,123.82671480144404,39347.0
sarathi,short input short output,mixtral_7b_8expert,7,1.0,8.39,0.0804748135618865,0.014985811275527311,4.251792213972658,0.8343265792610249,351.0131108462455,139.6901072705602,39347.0
sarathi,short input short output,mixtral_7b_8expert,8,1.0,8.43,0.08212402260396622,0.015234904547855192,4.353718714299612,0.9489916963226572,376.9869513641756,143.29774614472123,39347.0
sarathi,short input short output,mixtral_7b_8expert,9,1.0,8.39,0.07864427277818317,0.014874529928277652,4.250810109823942,1.072705601907032,389.39213349225264,153.7544696066746,39347.0
sarathi,short input short output,mixtral_7b_8expert,10,1.0,8.415,0.08780656228773295,0.0155047882522922,4.311886992794461,1.1883541295306002,806.8924539512776,309.6850861556744,39347.0
sarathi,short input short output,mixtral_7b_8expert,10,2.0,6.22,0.07778734618332227,0.025801576110201743,4.251637525949627,1.6077170418006432,545.8199356913184,209.4855305466238,39347.0
sarathi,short input short output,mixtral_7b_8expert,10,3.0,5.61,0.07807584046386175,0.016494922145504055,4.317782423715107,1.7825311942959001,605.1693404634581,232.26381461675578,39347.0
sarathi,short input short output,mixtral_7b_8expert,10,4.0,5.24,0.07800282491371029,0.016349880824167877,4.289952196646482,1.9083969465648853,647.9007633587786,248.66412213740458,39347.0
sarathi,short input short output,mixtral_7b_8expert,10,5.0,5.06,0.08920153749641027,0.016474593640090532,4.318307052343152,1.9762845849802373,670.9486166007906,257.50988142292493,39347.0
sarathi,short input short output,mixtral_7b_8expert,10,6.0,4.9,0.08600890703964971,0.015793797200645342,4.284852502285503,2.0408163265306123,692.8571428571428,265.91836734693874,39347.0
sarathi,short input short output,mixtral_7b_8expert,10,7.0,4.9,0.08835572428070006,0.01627317000191312,4.38994582851883,2.0408163265306123,692.8571428571428,265.91836734693874,39347.0
sarathi,short input short output,mixtral_7b_8expert,10,8.0,4.82,0.0873205601237714,0.01688821433366414,4.373655066033825,2.0746887966804977,704.356846473029,270.3319502074689,39347.0
sarathi,short input short output,mixtral_7b_8expert,10,9.0,4.99,0.09125766460783773,0.017145026658531584,4.61281800114084,2.004008016032064,680.3607214428857,261.12224448897797,39347.0
sarathi,short input short output,mixtral_7b_8expert,10,10.0,4.67,0.08760049613192672,0.01602085455429539,4.336245969962328,2.1413276231263385,726.9807280513919,279.0149892933619,39347.0
sarathi,short input short output,qwen_7b,1,1.0,2.66,0.117015918251127,0.029929123563217187,1.6435464173555374,0.37593984962406013,109.3984962406015,19.548872180451127,39315.0
sarathi,short input short output,qwen_7b,2,1.0,6.33,0.12269614667166022,0.03079056257520693,5.103044740343466,0.315955766192733,108.21484992101105,35.54502369668246,39335.0
sarathi,short input short output,qwen_7b,3,1.0,7.15,0.12628175625577565,0.031914546857103855,5.75198665317148,0.4195804195804196,163.91608391608392,57.48251748251748,39335.0
sarathi,short input short output,qwen_7b,4,1.0,7.13,0.14450141801498823,0.03237086406459107,5.717558950418606,0.5610098176718092,226.08695652173913,64.65638148667601,39335.0
sarathi,short input short output,qwen_7b,5,1.0,11.56,0.14342066049575805,0.03235923205943955,8.052364519331604,0.4325259515570934,166.78200692041523,64.79238754325259,39335.0
sarathi,short input short output,qwen_7b,6,1.0,12.57,0.14167836564593014,0.03223140480118107,8.678688412182964,0.477326968973747,191.8854415274463,81.86157517899761,39335.0
sarathi,short input short output,qwen_7b,7,1.0,12.69,0.1492143710609525,0.03218567279853574,8.780054194387048,0.5516154452324665,232.07249802994485,92.35618597320725,39335.0
sarathi,short input short output,qwen_7b,8,1.0,12.71,0.15337093009147787,0.03231234393730832,8.794854155997745,0.6294256490952006,250.03933910306844,95.04327301337528,39335.0
sarathi,short input short output,qwen_7b,9,1.0,12.7,0.15245373090729114,0.032247091145137276,8.773171855695546,0.7086614173228347,257.244094488189,101.57480314960631,39335.0
sarathi,short input short output,qwen_7b,10,1.0,12.795,0.15572715566959228,0.03373121678596362,8.910274330130779,0.7815552950371238,530.6760453302071,203.67330988667447,39335.0
sarathi,short input short output,qwen_7b,10,2.0,10.73,0.15155813745222982,0.03362312232424943,8.833647195878438,0.9319664492078285,316.4026095060578,121.43522833178005,39335.0
sarathi,short input short output,qwen_7b,10,3.0,10.1,0.17348633790388698,0.033604388089517274,8.874629927356727,0.9900990099009901,336.13861386138615,129.00990099009903,39335.0
sarathi,short input short output,qwen_7b,10,4.0,9.79,0.1736732626101002,0.034699867781498195,8.899188642646186,1.021450459652707,346.782431052094,133.0949948927477,39335.0
sarathi,short input short output,qwen_7b,10,5.0,9.55,0.17624064872507,0.034814341530642084,8.863442590949125,1.0471204188481675,355.49738219895283,136.43979057591622,39335.0
sarathi,short input short output,qwen_7b,10,6.0,9.54,0.17620395182166243,0.03491888090502471,8.935853061941453,1.0482180293501049,355.8700209643606,136.58280922431868,39335.0
sarathi,short input short output,qwen_7b,10,7.0,9.52,0.17559055036399507,0.03490136964954253,8.965099294180982,1.050420168067227,356.61764705882354,136.86974789915968,39335.0
sarathi,short input short output,qwen_7b,10,8.0,9.46,0.17656753456685687,0.03475059414962672,8.947984391939826,1.0570824524312896,358.8794926004228,137.73784355179703,39335.0
sarathi,short input short output,qwen_7b,10,9.0,9.58,0.17983391080051653,0.03538692977927698,9.115098296990618,1.0438413361169103,354.384133611691,136.0125260960334,39335.0
sarathi,short input short output,qwen_7b,10,10.0,9.44,0.17669753702357402,0.034741082369445765,9.011856954474933,1.0593220338983051,359.6398305084746,138.02966101694915,39335.0
sarathi,short input short output,yi_6b,1,1.0,2.4,0.1010020421817898,0.025151011707516862,1.3837907519191504,0.4166666666666667,121.25,21.666666666666668,39315.0
sarathi,short input short output,yi_6b,2,1.0,5.46,0.10370123945176597,0.02553028384348808,4.265917757269926,0.3663003663003663,125.45787545787546,41.20879120879121,39335.0
sarathi,short input short output,yi_6b,3,1.0,6.1,0.10284176613204178,0.026132536212236535,4.70799512877129,0.49180327868852464,192.13114754098362,67.37704918032787,39335.0
sarathi,short input short output,yi_6b,4,1.0,6.15,0.11986709388438607,0.026627515840382143,4.742760366550646,0.6504065040650406,262.1138211382114,74.95934959349593,39335.0
sarathi,short input short output,yi_6b,5,1.0,10.14,0.11875066356733434,0.026511233495291223,6.710472484491765,0.49309664694280075,190.13806706114397,73.86587771203155,39335.0
sarathi,short input short output,yi_6b,6,1.0,11.09,0.11759710847400127,0.026478477318084708,7.159772399114445,0.5410279531109108,217.4932371505861,92.78629395852118,39335.0
sarathi,short input short output,yi_6b,7,1.0,11.15,0.1219467317219823,0.02641272838987714,7.2015809150412675,0.6278026905829596,264.1255605381166,105.11210762331838,39335.0
sarathi,short input short output,yi_6b,8,1.0,11.14,0.12482266086153683,0.0263656884714888,7.195190249383449,0.718132854578097,285.278276481149,108.43806104129263,39335.0
sarathi,short input short output,yi_6b,9,1.0,11.15,0.12457327861338846,0.026320221832475992,7.1940901425667105,0.8071748878923767,293.0044843049327,115.69506726457399,39335.0
sarathi,short input short output,yi_6b,10,1.0,11.195,0.1264332096558064,0.027303523805070045,7.29914310448803,0.8932559178204555,606.5207682000893,232.78249218401072,39335.0
sarathi,short input short output,yi_6b,10,2.0,9.18,0.12523024159017945,0.02724107049266333,7.239502439065836,1.0893246187363834,369.8257080610022,141.93899782135077,39335.0
sarathi,short input short output,yi_6b,10,3.0,8.49,0.12530191920232023,0.027234627671457606,7.241817946382798,1.1778563015312131,399.88221436984685,153.47467608951706,39335.0
sarathi,short input short output,yi_6b,10,4.0,8.16,0.14320134723093356,0.027694945631767897,7.251286028721369,1.2254901960784315,416.05392156862746,159.6813725490196,39335.0
sarathi,short input short output,yi_6b,10,5.0,7.95,0.14328964957967397,0.028079635491845764,7.2450802670093255,1.2578616352201257,427.0440251572327,163.8993710691824,39335.0
sarathi,short input short output,yi_6b,10,6.0,7.97,0.15306333594489835,0.028907239718212033,7.3989077883074055,1.2547051442910917,425.97239648682563,163.48808030112923,39335.0
sarathi,short input short output,yi_6b,10,7.0,7.94,0.15273804140742864,0.028816965464434095,7.4195918386802076,1.2594458438287153,427.58186397984883,164.1057934508816,39335.0
sarathi,short input short output,yi_6b,10,8.0,7.79,0.1508547513280063,0.028345749311619345,7.315988532709889,1.2836970474967908,435.8151476251605,167.26572528883185,39335.0
sarathi,short input short output,yi_6b,10,9.0,7.92,0.1531599245266988,0.02885953818685284,7.48150724703446,1.2626262626262625,428.66161616161617,164.52020202020202,39335.0
sarathi,short input short output,yi_6b,10,10.0,7.77,0.14614252981264134,0.028304250111036437,7.355278187175281,1.287001287001287,436.93693693693695,167.6962676962677,39335.0
vllm,short input short output,llama2_7b,1,1.0,2.55,0.0869321869686245,0.028231746727125903,1.5269130668602884,0.3921568627450981,114.11764705882354,20.3921568627451,37423.0
vllm,short input short output,llama2_7b,2,1.0,5.97,0.08629220593720674,0.029537157600534176,4.758575503807514,0.33500837520938026,114.74036850921273,37.688442211055275,37435.0
vllm,short input short output,llama2_7b,3,1.0,6.7,0.08402868891134856,0.030870978367434004,5.314810735825449,0.44776119402985076,174.92537313432837,61.34328358208955,37435.0
vllm,short input short output,llama2_7b,4,1.0,6.8,0.08395033783745018,0.03239516705832108,5.395726847532205,0.5882352941176471,237.05882352941177,67.79411764705883,37455.0
vllm,short input short output,llama2_7b,5,1.0,11.04,0.0844607727602124,0.03229240206177948,7.572774990741163,0.4528985507246377,174.6376811594203,67.84420289855073,37457.0
vllm,short input short output,llama2_7b,6,1.0,12.07,0.08327780826948578,0.032089216003920056,8.211099175037816,0.49710024855012425,199.83429991714996,85.25269262634632,37457.0
vllm,short input short output,llama2_7b,7,1.0,12.21,0.08170541562139981,0.03203636985443601,8.322111455537378,0.5733005733005733,241.1957411957412,95.98689598689597,37457.0
vllm,short input short output,llama2_7b,8,1.0,12.31,0.08110446210484948,0.03210631040454654,8.402817979222164,0.6498781478472786,258.1640942323314,98.13160032493907,37457.0
vllm,short input short output,llama2_7b,9,1.0,12.32,0.08030502032488585,0.03206308374682269,8.409623567480594,0.7305194805194805,265.17857142857144,104.70779220779221,37457.0
vllm,short input short output,llama2_7b,10,1.0,12.36,0.08674083321820936,0.03282578877657287,8.543528126180172,0.8090614886731392,549.3527508090615,210.84142394822007,37459.0
vllm,short input short output,llama2_7b,10,2.0,10.34,0.07884548052679742,0.03353135137665816,8.465346707310527,0.9671179883945842,328.3365570599613,126.01547388781431,37459.0
vllm,short input short output,llama2_7b,10,3.0,9.82,0.08004299025051291,0.03686866595137941,8.620447279070504,1.0183299389002036,345.72301425661914,132.68839103869652,37459.0
vllm,short input short output,llama2_7b,10,4.0,9.43,0.07904564954806112,0.03751263625309745,8.557677566702477,1.0604453870625663,360.02120890774125,138.1760339342524,37459.0
vllm,short input short output,llama2_7b,10,5.0,9.18,0.0965323813725262,0.03659685472610267,8.482347157108597,1.0893246187363834,369.8257080610022,141.93899782135077,37497.0
vllm,short input short output,llama2_7b,10,6.0,9.11,0.08764964602887626,0.037179128016943716,8.509177396516316,1.0976948408342482,372.66739846322724,143.02963776070254,37471.0
vllm,short input short output,llama2_7b,10,7.0,9.05,0.08771064656320952,0.03739198128862001,8.524030371988191,1.1049723756906076,375.1381215469613,143.97790055248618,37471.0
vllm,short input short output,llama2_7b,10,8.0,8.99,0.1338819275144487,0.03670316118449412,8.515441711014136,1.1123470522803114,377.6418242491657,144.93882091212458,37509.0
vllm,short input short output,llama2_7b,10,9.0,8.94,0.13458592831157146,0.036708348590916776,8.506788341305219,1.1185682326621924,379.75391498881436,145.74944071588368,37507.0
vllm,short input short output,llama2_7b,10,10.0,9.07,0.1345018865307792,0.03738848288349171,8.65845649440307,1.1025358324145533,374.3109151047409,143.6604189636163,37509.0
vllm,short input short output,mistral_7b,1,1.0,2.72,0.086313631851226,0.031686160293426,1.7024679146707058,0.3676470588235294,106.98529411764706,19.11764705882353,37071.0
vllm,short input short output,mistral_7b,2,1.0,6.51,0.08799302328843618,0.032557251906708606,5.282357651088387,0.30721966205837176,105.22273425499232,34.56221198156682,37097.0
vllm,short input short output,mistral_7b,3,1.0,7.19,0.08404193553142245,0.033535043131712974,5.8009825384244325,0.4172461752433936,163.00417246175243,57.16272600834492,37117.0
vllm,short input short output,mistral_7b,4,1.0,7.29,0.08400383775588116,0.0351119888101726,5.887269560201093,0.5486968449931413,221.12482853223594,63.237311385459535,37133.0
vllm,short input short output,mistral_7b,5,1.0,11.91,0.08469949793070554,0.035014583553638866,8.36763643976301,0.41981528127623846,161.88077246011756,62.88832913518052,37141.0
vllm,short input short output,mistral_7b,6,1.0,12.86,0.08395566814579064,0.03493203014252195,8.983614824828692,0.4665629860031104,187.5583203732504,80.01555209953344,37141.0
vllm,short input short output,mistral_7b,7,1.0,12.96,0.08342191502451891,0.034870205666212475,9.093035598192364,0.5401234567901234,227.23765432098764,90.43209876543209,37135.0
vllm,short input short output,mistral_7b,8,1.0,13.0,0.08289703670889137,0.03494967197990015,9.118375898338854,0.6153846153846154,244.46153846153845,92.92307692307692,37141.0
vllm,short input short output,mistral_7b,9,1.0,13.06,0.08195275794714683,0.034749477029222396,9.15829450134188,0.6891271056661562,250.1531393568147,98.77488514548239,37141.0
vllm,short input short output,mistral_7b,10,1.0,13.075,0.08598401704803102,0.03560096465653794,9.257045207545161,0.7648183556405355,519.3116634799236,199.31166347992354,37137.0
vllm,short input short output,mistral_7b,10,2.0,11.09,0.08180419018026437,0.0362814005052916,9.219751330534926,0.9017132551848512,306.131650135257,117.49323715058611,37137.0
vllm,short input short output,mistral_7b,10,3.0,10.38,0.08171841877046968,0.03904365180287601,9.18119149757549,0.9633911368015413,327.0712909441233,125.52986512524083,37137.0
vllm,short input short output,mistral_7b,10,4.0,10.05,0.09951287128496913,0.03889199327399843,9.19218393918127,0.9950248756218905,337.81094527363183,129.65174129353233,37175.0
vllm,short input short output,mistral_7b,10,5.0,9.97,0.0888271657051518,0.04024700078751375,9.25867648590356,1.0030090270812437,340.5215646940822,130.69207622868606,37141.0
vllm,short input short output,mistral_7b,10,6.0,9.81,0.09881244350690392,0.039197818361132925,9.20343969897367,1.019367991845056,346.0754332313965,132.82364933741079,37175.0
vllm,short input short output,mistral_7b,10,7.0,9.77,0.09929624211508777,0.03950863910834116,9.231338818720541,1.0235414534288638,347.4923234390993,133.36745138178097,37175.0
vllm,short input short output,mistral_7b,10,8.0,9.69,0.13792548640631133,0.039128668867239806,9.202242732048035,1.0319917440660475,350.3611971104231,134.468524251806,37203.0
vllm,short input short output,mistral_7b,10,9.0,9.64,0.13724704161286355,0.03909053303546929,9.196783893881364,1.0373443983402488,352.1784232365145,135.16597510373444,37201.0
vllm,short input short output,mistral_7b,10,10.0,9.64,0.13667652665171767,0.03914734186931085,9.216108179930597,1.0373443983402488,352.1784232365145,135.16597510373444,37203.0
vllm,short input short output,mixtral_7b_8expert,1,1.0,1.82,0.0605695713311433,0.014568005706749711,0.8036444508470595,0.5494505494505494,159.8901098901099,28.57142857142857,38175.0
vllm,short input short output,mixtral_7b_8expert,2,1.0,3.53,0.059319606679491634,0.014929355618368636,2.403338919021189,0.56657223796034,194.05099150141643,63.73937677053825,38195.0
vllm,short input short output,mixtral_7b_8expert,3,1.0,4.01,0.05642943140119312,0.015191976794869182,2.6308337066788225,0.7481296758104738,292.2693266832918,102.49376558603493,38195.0
vllm,short input short output,mixtral_7b_8expert,4,1.0,4.05,0.054470827756449514,0.015555915003777806,2.6730748931411648,0.9876543209876544,398.0246913580247,113.82716049382717,38195.0
vllm,short input short output,mixtral_7b_8expert,5,1.0,6.97,0.05200813496485343,0.015390191660169215,3.758321754261851,0.7173601147776184,276.61406025824965,107.46054519368724,38195.0
vllm,short input short output,mixtral_7b_8expert,6,1.0,8.07,0.05041035264730449,0.015594043852073407,4.117230390431359,0.7434944237918215,298.88475836431223,127.50929368029739,38195.0
vllm,short input short output,mixtral_7b_8expert,7,1.0,8.35,0.04746121801435939,0.015363571437760954,4.0879286140669135,0.8383233532934132,352.6946107784431,140.35928143712576,38195.0
vllm,short input short output,mixtral_7b_8expert,8,1.0,8.37,0.04535280305426559,0.015367900564463114,4.108171958220192,0.9557945041816011,379.689366786141,144.32497013142176,38195.0
vllm,short input short output,mixtral_7b_8expert,9,1.0,8.37,0.043252236582338746,0.01523346385409852,4.080127965100109,1.0752688172043012,390.32258064516134,154.12186379928318,38195.0
vllm,short input short output,mixtral_7b_8expert,10,1.0,8.415,0.05900846244767306,0.015789129086382067,4.1985704285791146,1.1883541295306002,806.8924539512776,309.6850861556744,38195.0
vllm,short input short output,mixtral_7b_8expert,10,2.0,6.06,0.04011943785008033,0.01563501033200217,4.1014288403093815,1.6501650165016504,560.2310231023102,215.01650165016503,38195.0
vllm,short input short output,mixtral_7b_8expert,10,3.0,5.4,0.04065004785079496,0.015765309399884082,4.121957620768808,1.8518518518518516,628.7037037037037,241.29629629629628,38195.0
vllm,short input short output,mixtral_7b_8expert,10,4.0,5.15,0.04142509482335288,0.016232373981563117,4.213248913153074,1.9417475728155338,659.2233009708738,253.00970873786406,38195.0
vllm,short input short output,mixtral_7b_8expert,10,5.0,4.9,0.03954963632859279,0.01602244956154084,4.160556490067393,2.0408163265306123,692.8571428571428,265.91836734693874,38195.0
vllm,short input short output,mixtral_7b_8expert,10,6.0,4.78,0.04375590749550602,0.01615713717050704,4.18519973133225,2.092050209205021,710.2510460251045,272.5941422594142,38213.0
vllm,short input short output,mixtral_7b_8expert,10,7.0,4.72,0.043971027270890695,0.017122480612272034,4.22309297316242,2.1186440677966103,719.2796610169491,276.0593220338983,38213.0
vllm,short input short output,mixtral_7b_8expert,10,8.0,4.64,0.04314484850037835,0.017147020616761672,4.2126851148437705,2.1551724137931036,731.6810344827587,280.8189655172414,38213.0
vllm,short input short output,mixtral_7b_8expert,10,9.0,4.54,0.04288653188850722,0.01685419928182994,4.1625403735088184,2.202643171806167,747.7973568281939,287.0044052863436,38213.0
vllm,short input short output,mixtral_7b_8expert,10,10.0,4.48,0.0457209881860762,0.016886842845189643,4.136197034199722,2.2321428571428568,757.8124999999999,290.8482142857143,38221.0
vllm,short input short output,qwen_7b,1,1.0,2.64,0.0932510681450367,0.03004098370415615,1.6256246687844396,0.3787878787878788,110.22727272727272,19.696969696969695,37413.0
vllm,short input short output,qwen_7b,2,1.0,6.28,0.09093548569362607,0.031335396744227834,5.058864950132556,0.3184713375796178,109.07643312101911,35.82802547770701,37425.0
vllm,short input short output,qwen_7b,3,1.0,7.01,0.09037908245809376,0.03263037778074355,5.615255927015096,0.42796005706134094,167.18972895863052,58.63052781740371,37425.0
vllm,short input short output,qwen_7b,4,1.0,7.12,0.09003918094094841,0.03426700813860512,5.712786355917342,0.5617977528089888,226.40449438202248,64.74719101123596,37445.0
vllm,short input short output,qwen_7b,5,1.0,11.56,0.09102257248014207,0.03431115215606972,8.056229386571793,0.4325259515570934,166.78200692041523,64.79238754325259,37447.0
vllm,short input short output,qwen_7b,6,1.0,12.59,0.08886523090768597,0.034137526920036215,8.734484785818495,0.4765687053216839,191.58061953931693,81.73153296266878,37447.0
vllm,short input short output,qwen_7b,7,1.0,12.73,0.08742693262174721,0.03415900524381299,8.846565926633774,0.5498821681068342,231.34328358208955,92.06598586017282,37447.0
vllm,short input short output,qwen_7b,8,1.0,12.77,0.0860458911163732,0.03401820276557785,8.892651780531741,0.6264682850430697,248.86452623335944,94.59671104150353,37447.0
vllm,short input short output,qwen_7b,9,1.0,12.83,0.08556872494518751,0.03464247752286789,8.934005596674979,0.7014809041309431,254.63756819953235,100.54559625876851,37447.0
vllm,short input short output,qwen_7b,10,1.0,12.96,0.09269104502163825,0.03497488492142399,9.086254470748829,0.7716049382716049,523.9197530864197,201.08024691358023,37447.0
vllm,short input short output,qwen_7b,10,2.0,10.86,0.08398339059203856,0.03552509703892557,8.996782568120397,0.9208103130755065,312.61510128913443,119.9815837937385,37447.0
vllm,short input short output,qwen_7b,10,3.0,10.17,0.08387073134072118,0.03844545238596179,8.961142603890039,0.9832841691248771,333.82497541789576,128.1219272369715,37447.0
vllm,short input short output,qwen_7b,10,4.0,9.86,0.09061287767253813,0.03919344236658719,9.00579779811669,1.0141987829614605,344.32048681541585,132.1501014198783,37459.0
vllm,short input short output,qwen_7b,10,5.0,9.74,0.09094872027635567,0.0391448947965779,9.031149735418147,1.0266940451745379,348.56262833675567,133.7782340862423,37459.0
vllm,short input short output,qwen_7b,10,6.0,9.67,0.09185669249854975,0.03968236803466796,9.064922347059474,1.0341261633919339,351.08583247156156,134.74663908996897,37459.0
vllm,short input short output,qwen_7b,10,7.0,9.54,0.13682986001949754,0.03858166894913294,8.999451524671167,1.0482180293501049,355.8700209643606,136.58280922431868,37497.0
vllm,short input short output,qwen_7b,10,8.0,9.47,0.1361475609708577,0.03843568917945259,8.983503503724933,1.0559662090813093,358.5005279831045,137.5923970432946,37497.0
vllm,short input short output,qwen_7b,10,9.0,9.46,0.1367766653653234,0.03853392835381124,9.017788891633971,1.0570824524312896,358.8794926004228,137.73784355179703,37497.0
vllm,short input short output,qwen_7b,10,10.0,9.42,0.13632336447481067,0.03849577493916246,9.008262357441708,1.0615711252653928,360.4033970276009,138.3227176220807,37497.0
vllm,short input short output,yi_6b,1,1.0,2.39,0.0820740982890129,0.02521065917486946,1.367995221633464,0.41841004184100417,121.75732217573221,21.757322175732217,37411.0
vllm,short input short output,yi_6b,2,1.0,5.43,0.08021469656378026,0.026146734949992635,4.240295785292983,0.3683241252302026,126.1510128913444,41.43646408839779,37423.0
vllm,short input short output,yi_6b,3,1.0,6.04,0.07949138395488262,0.02697584718525048,4.651706029102206,0.4966887417218543,194.03973509933775,68.04635761589404,37425.0
vllm,short input short output,yi_6b,4,1.0,6.1,0.0783359220717102,0.02802896599615599,4.704572568414733,0.6557377049180328,264.26229508196724,75.57377049180329,37445.0
vllm,short input short output,yi_6b,5,1.0,10.13,0.07698323819786301,0.027970866384676912,6.703653488494456,0.4935834155972359,190.32576505429415,73.93879565646594,37445.0
vllm,short input short output,yi_6b,6,1.0,11.1,0.07668919896241277,0.02793470963953724,7.199709911015816,0.5405405405405406,217.2972972972973,92.70270270270271,37445.0
vllm,short input short output,yi_6b,7,1.0,11.17,0.07547769886441523,0.02774754854727526,7.248432706855238,0.6266786034019696,263.65264100268575,104.92390331244405,37445.0
vllm,short input short output,yi_6b,8,1.0,11.23,0.07381378894206128,0.02767853586955953,7.291554316459224,0.7123775601068566,282.9919857524488,107.56901157613535,37445.0
vllm,short input short output,yi_6b,9,1.0,11.26,0.07307881684973828,0.02771996538522614,7.328961158171296,0.7992895204262878,290.14209591474247,114.56483126110125,37445.0
vllm,short input short output,yi_6b,10,1.0,11.34,0.0804804334882646,0.028497499839274906,7.427646892820485,0.8818342151675486,598.7654320987655,229.80599647266314,37447.0
vllm,short input short output,yi_6b,10,2.0,9.22,0.07142884836066504,0.02882137409304086,7.327473748661577,1.0845986984815617,368.2212581344902,141.3232104121475,37447.0
vllm,short input short output,yi_6b,10,3.0,8.59,0.07096376563422378,0.028908956091830123,7.365244235657156,1.1641443538998837,395.2270081490105,151.68800931315482,37447.0
vllm,short input short output,yi_6b,10,4.0,8.25,0.07143578305840484,0.03192647839182702,7.354589211242272,1.2121212121212122,411.5151515151515,157.93939393939394,37447.0
vllm,short input short output,yi_6b,10,5.0,8.06,0.07805057608056812,0.031586347650835324,7.378604855132289,1.2406947890818858,421.2158808933002,161.66253101736973,37459.0
vllm,short input short output,yi_6b,10,6.0,7.97,0.07780931435991073,0.03208276023832047,7.378334521781653,1.2547051442910917,425.97239648682563,163.48808030112923,37459.0
vllm,short input short output,yi_6b,10,7.0,8.01,0.08117727085482326,0.03179323495726804,7.488724797125905,1.2484394506866416,423.84519350811485,162.67166042446942,37485.0
vllm,short input short output,yi_6b,10,8.0,7.81,0.11933530687820161,0.03157890873088898,7.358287701243534,1.2804097311139566,434.69910371318826,166.83738796414855,37495.0
vllm,short input short output,yi_6b,10,9.0,7.77,0.11902494069654489,0.031549503475803285,7.351480497862212,1.287001287001287,436.93693693693695,167.6962676962677,37495.0
vllm,short input short output,yi_6b,10,10.0,7.74,0.11937915321905158,0.03138966483026541,7.358728752774186,1.2919896640826873,438.6304909560723,168.34625322997417,37491.0
