run_name,run_dir,scheduler,scheduler_family,request_type,sweep_type,model,model_full,num_requests,qps,tensor_parallel_degree,gpu_memory_utilization_target,max_model_len,max_gpu_memory_used_mib,mean_gpu_memory_used_mib,max_gpu_utilization_pct,mean_gpu_utilization_pct,completed_requests,total_prefill_tokens,total_decode_tokens,mean_prefill_tokens,mean_decode_tokens,ttft_exec_sec_mean,ttft_exec_sec_min,ttft_exec_sec_max,ttft_exec_sec_p50,ttft_exec_sec_p90,ttft_exec_sec_p95,ttft_exec_sec_p99,ttft_user_sec_mean,ttft_user_sec_min,ttft_user_sec_max,ttft_user_sec_p50,ttft_user_sec_p90,ttft_user_sec_p95,ttft_user_sec_p99,tpot_sec_mean,tpot_sec_min,tpot_sec_max,tpot_sec_p50,tpot_sec_p90,tpot_sec_p95,tpot_sec_p99,tpot_including_first_output_sec_mean,tpot_including_first_output_sec_min,tpot_including_first_output_sec_max,tpot_including_first_output_sec_p50,tpot_including_first_output_sec_p90,tpot_including_first_output_sec_p95,tpot_including_first_output_sec_p99,e2e_sec_mean,e2e_sec_min,e2e_sec_max,e2e_sec_p50,e2e_sec_p90,e2e_sec_p95,e2e_sec_p99,scheduling_delay_sec_mean,scheduling_delay_sec_min,scheduling_delay_sec_max,scheduling_delay_sec_p50,scheduling_delay_sec_p90,scheduling_delay_sec_p95,scheduling_delay_sec_p99,execution_time_with_preemptions_mean,execution_time_with_preemptions_min,execution_time_with_preemptions_max,execution_time_with_preemptions_p50,execution_time_with_preemptions_p90,execution_time_with_preemptions_p95,execution_time_with_preemptions_p99,prefill_exec_with_preemption_mean,prefill_exec_with_preemption_min,prefill_exec_with_preemption_max,prefill_exec_with_preemption_p50,prefill_exec_with_preemption_p90,prefill_exec_with_preemption_p95,prefill_exec_with_preemption_p99,decode_exec_with_preemption_mean,decode_exec_with_preemption_min,decode_exec_with_preemption_max,decode_exec_with_preemption_p50,decode_exec_with_preemption_p90,decode_exec_with_preemption_p95,decode_exec_with_preemption_p99,total_preemption_time_sec_mean,total_preemption_time_sec_min,total_preemption_time_sec_max,total_preemption_time_sec_p50,total_preemption_time_sec_p90,total_preemption_time_sec_p95,total_preemption_time_sec_p99,total_preemptions_mean,total_preemptions_min,total_preemptions_max,total_preemptions_p50,total_preemptions_p90,total_preemptions_p95,total_preemptions_p99,num_pauses_mean,num_pauses_min,num_pauses_max,num_pauses_p50,num_pauses_p90,num_pauses_p95,num_pauses_p99,total_inference_time_sec,request_throughput_req_per_sec,decode_token_throughput_tok_per_sec
custom_sarathi_long_input_long_output_fixed_qps_num_requests_1_qps_1_llama2_7b,benchmark_output/figure-1/custom_sarathi_long_input_long_output_fixed_qps_num_requests_1_qps_1_llama2_7b,sarathi_chunk_128,sarathi,long_input_long_output,fixed_qps_num_requests_sweep,llama2_7b,meta-llama/Llama-2-7b-hf,1,1.0,2,0.85,20480,39427.0,35790.197403760074,100.0,23.692927484333033,1,3518,2793,3518.0,2793.0,1.4295015879906714,1.4295015879906714,1.4295015879906714,1.4295015879906714,1.4295015879906714,1.4295015879906714,1.4295015879906714,1.4298493906389922,1.4298493906389922,1.4298493906389922,1.4298493906389922,1.4298493906389922,1.4298493906389922,1.4298493906389922,0.04375577505511488,0.04375577505511488,0.04375577505511488,0.04375577505511488,0.04375577505511488,0.04375577505511488,0.04375577505511488,0.04374010882702497,0.04374010882702497,0.04374010882702497,0.04374010882702497,0.04374010882702497,0.04374010882702497,0.04374010882702497,123.59597334451972,123.59597334451972,123.59597334451972,123.59597334451972,123.59597334451972,123.59597334451972,123.59597334451972,0.0003478026483207,0.0003478026483207,0.0003478026483207,0.0003478026483207,0.0003478026483207,0.0003478026483207,0.0003478026483207,123.5956255418714,123.5956255418714,123.5956255418714,123.5956255418714,123.5956255418714,123.5956255418714,123.5956255418714,1.4295015879906714,1.4295015879906714,1.4295015879906714,1.4295015879906714,1.4295015879906714,1.4295015879906714,1.4295015879906714,122.16612395388074,122.16612395388074,122.16612395388074,122.16612395388074,122.16612395388074,122.16612395388074,122.16612395388074,1.6527017992921174,1.6527017992921174,1.6527017992921174,1.6527017992921174,1.6527017992921174,1.6527017992921174,1.6527017992921174,2820.0,2820,2820,2820.0,2820.0,2820.0,2820.0,2821.0,2821,2821,2821.0,2821.0,2821.0,2821.0,124.63,0.008023750300890637,22.41033459038755
custom_sarathi_long_input_long_output_fixed_qps_num_requests_2_qps_1_llama2_7b,benchmark_output/figure-1/custom_sarathi_long_input_long_output_fixed_qps_num_requests_2_qps_1_llama2_7b,sarathi_chunk_128,sarathi,long_input_long_output,fixed_qps_num_requests_sweep,llama2_7b,meta-llama/Llama-2-7b-hf,2,1.0,2,0.85,20480,39427.0,35783.133827375765,100.0,24.494768962510896,2,5575,4099,2787.5,2049.5,1.1733265101211146,0.8985101450234652,1.448142875218764,1.1733265101211146,1.393179602199234,1.420661238708999,1.442646547916811,1.8561924458481371,1.4483677858952433,2.264017105801031,1.8561924458481371,2.1824521738104523,2.2232346398057414,2.255860612601973,0.04466131273986172,0.04443275858164447,0.04488986689807897,0.04466131273986172,0.04484415606643552,0.044867011482257246,0.04488529581491463,0.04463617241955839,0.044416849967759166,0.04485549487135762,0.04463617241955839,0.04481163038099777,0.0448335626261777,0.04485110842232164,93.17496157682035,60.84529340779409,125.5046297458466,93.17496157682035,119.03869611204135,122.27166292894397,124.85803638246607,0.6828659357270226,0.0002249106764793,1.3655069607775658,0.6828659357270226,1.2289787557674572,1.2972428582725115,1.351854140276555,92.49209564109333,59.47978644701652,125.50440483517012,92.49209564109333,118.90194299635476,122.20317391576243,124.84415865128858,1.1733265101211146,0.8985101450234652,1.448142875218764,1.1733265101211146,1.393179602199234,1.420661238708999,1.442646547916811,91.31876913097221,58.58127630199306,124.05626195995136,91.31876913097221,117.50876339415552,120.78251267705343,123.40151210337177,1.3001702264882624,0.6662409328855574,1.9340995200909676,1.3001702264882624,1.8073136613704266,1.870706590730697,1.9214209342189135,2071.0,1322,2820,2071.0,2670.2,2745.1,2805.02,2072.0,1323,2821,2072.0,2671.2,2746.1,2806.02,126.52,0.015807777426493835,32.398039835599114
custom_sarathi_long_input_long_output_fixed_qps_num_requests_3_qps_1_llama2_7b,benchmark_output/figure-1/custom_sarathi_long_input_long_output_fixed_qps_num_requests_3_qps_1_llama2_7b,sarathi_chunk_128,sarathi,long_input_long_output,fixed_qps_num_requests_sweep,llama2_7b,meta-llama/Llama-2-7b-hf,3,1.0,2,0.85,20480,39427.0,35855.77729636049,100.0,23.915511265164646,3,7877,6647,2625.6666666666665,2215.6666666666665,1.1475494902891417,0.914856530027464,1.4738910337910056,1.0539009070489556,1.3898930084425956,1.4318920211168005,1.4654912312561645,2.2549133779636272,1.4742909795604646,2.9833201605360955,2.307128993794322,2.848081927187741,2.915701043861918,2.96979633720126,0.044929345850956086,0.04484037842799357,0.045106075439687775,0.044841583685186905,0.0450531770887876,0.045079626264237685,0.04510078560459776,0.04490661557416154,0.044822780163304404,0.04507153786278143,0.044825528696398796,0.0450223360295049,0.045046936946143167,0.04506661767945378,101.67810469594163,61.17055744258687,126.67199262860233,117.19176401663572,124.775946906209,125.72396976740566,126.48238805636299,1.1073638876744856,0.000399945769459,1.92941925348714,1.392272463766858,1.8219898955430835,1.8757045745151117,1.9186763176927344,100.57074080826715,59.77828497882001,126.67159268283284,115.26234476314858,124.38974309889599,125.53066789086441,126.44340772443915,1.1475494902891417,0.914856530027464,1.4738910337910056,1.0539009070489556,1.3898930084425956,1.4318920211168005,1.4654912312561645,99.42319131797801,58.86342844879255,125.19770164904185,114.20844385609962,122.9998500904534,124.09877586974763,124.977916493183,1.6981414519250393,0.9472586289048196,2.679877719841897,1.467288007028401,2.4373597772791977,2.5586187485605474,2.655625925585627,2236.0,1322,2820,2566.0,2769.2,2794.6,2814.92,2237.0,1323,2821,2567.0,2770.2,2795.6,2815.92,127.68,0.023496240601503758,52.059837092731826
custom_sarathi_long_input_long_output_fixed_qps_num_requests_4_qps_1_llama2_7b,benchmark_output/figure-1/custom_sarathi_long_input_long_output_fixed_qps_num_requests_4_qps_1_llama2_7b,sarathi_chunk_128,sarathi,long_input_long_output,fixed_qps_num_requests_sweep,llama2_7b,meta-llama/Llama-2-7b-hf,4,1.0,2,0.85,20480,39505.0,36569.28070175439,100.0,31.04861111111111,4,15328,10526,3832.0,2631.5,1.6867496449267492,0.9259946560487152,3.300907486816868,1.2600482184207067,2.755044366628863,3.0279759267228648,3.246321174798067,3.194574651424773,1.4819866965990514,5.981907224748284,2.6572023421758786,5.083904000697658,5.53290561272297,5.892106902343221,0.04532135913075101,0.04456914494536018,0.04595103685733402,0.04538262736015493,0.04579009721339906,0.04587056703536654,0.04593494289294052,0.045301175856514095,0.04455765509103036,0.04591585229618751,0.045365598019419265,0.0457605899785581,0.045838221137372806,0.04590032606442457,121.97230489068897,62.29194463859312,178.82105132285506,123.38811180065386,163.65857692081482,171.2398141218349,177.30480388265102,1.5078250064980239,0.0006229437422007,2.6809997379314154,1.6748386721592396,2.461648954730481,2.571324346330948,2.659064659611322,120.46447988419095,60.89209775486961,176.14005158492364,122.41288509848528,161.78169022114017,168.9608709030319,174.70421544854528,1.6867496449267492,0.9259946560487152,3.300907486816868,1.2600482184207067,2.755044366628863,3.0279759267228648,3.246321174798067,118.7777302392642,59.966103098820895,172.83914409810677,121.15283688006457,159.02664585451132,165.93289497630903,171.4578942737472,2.4970775245456025,1.3867513821460309,3.51220106636174,2.5446788248373196,3.315678018494509,3.4139395424281243,3.4925487615750166,2661.75,1322,3939,2693.0,3603.3,3771.1499999999996,3905.43,2662.75,1323,3940,2694.0,3604.3,3772.1499999999996,3906.43,180.41,0.022171719971176763,58.34488110415165
custom_sarathi_long_input_long_output_fixed_qps_num_requests_5_qps_1_llama2_7b,benchmark_output/figure-1/custom_sarathi_long_input_long_output_fixed_qps_num_requests_5_qps_1_llama2_7b,sarathi_chunk_128,sarathi,long_input_long_output,fixed_qps_num_requests_sweep,llama2_7b,meta-llama/Llama-2-7b-hf,5,1.0,2,0.85,20480,39505.0,37211.37549518959,100.0,37.11063950198076,5,20402,16518,4080.4,3303.6,1.8357783804181964,0.9189371610991656,3.220981308957562,1.4283015220426023,2.970187529409304,3.095584419183433,3.195901931002736,3.888360087806359,1.4286996696610004,7.021597504150122,2.9064969206228852,6.54046333162114,6.781030417885631,6.9734840868972245,0.04512960124772748,0.04427064715054815,0.04618147790192901,0.04518072099605359,0.04579998525547016,0.04599073157869959,0.046143328637283126,0.045111956821570064,0.044263258858300056,0.046146116892815746,0.045164544583237244,0.04577166853284588,0.04595889271283081,0.04610867205681876,151.9918620223645,62.53307293378748,272.24704458308406,127.57327269064264,235.14996802737005,253.69850630522703,268.5373369275127,2.0525817073881627,0.000398147618398,4.4276006440632045,1.8898218707181516,3.695672691985965,4.061636668024584,4.35440784885548,149.93928031497634,61.185765823116526,267.81944393902086,127.57287454302424,231.4542953353841,249.63686963720247,264.1829290786572,1.8357783804181964,0.9189371610991656,3.220981308957562,1.4283015220426023,2.970187529409304,3.095584419183433,3.195901931002736,148.10350193455815,60.26682866201736,265.22544707893394,126.14457302098162,228.6095046957489,246.9174758873414,261.5638528406154,3.3866553051397204,1.577695693122223,4.406665596179664,3.913783069234341,4.3038619183935225,4.355263757286593,4.39638522840105,3336.0,1322,6033,2820.0,5195.400000000001,5614.2,5949.24,3337.0,1323,6034,2821.0,5196.400000000001,5615.2,5950.24,275.2,0.018168604651162792,60.0218023255814
custom_sarathi_long_input_long_output_fixed_qps_num_requests_6_qps_1_llama2_7b,benchmark_output/figure-1/custom_sarathi_long_input_long_output_fixed_qps_num_requests_6_qps_1_llama2_7b,sarathi_chunk_128,sarathi,long_input_long_output,fixed_qps_num_requests_sweep,llama2_7b,meta-llama/Llama-2-7b-hf,6,1.0,2,0.85,20480,39505.0,37210.02824858757,100.0,38.88954802259887,6,28867,18785,4811.166666666667,3130.8333333333335,2.236154114943929,0.9047314398922026,4.051271795993671,1.8960189684294166,3.685572374961339,3.868422085477505,4.014701853890438,5.087354742611448,1.458697441732511,10.071680638473481,4.754409258835949,8.638433336280286,9.355056987376884,9.928355908254161,0.046353509961458365,0.04449206142580754,0.04792347200004334,0.04680772681048982,0.04754633652615367,0.0477349042630985,0.04788575845265437,0.046334911287319515,0.04448463618191138,0.047886777151651266,0.046788225280747615,0.04751954491988597,0.04770316103576862,0.04785005392847474,148.4810910455417,64.81987678376026,273.7571260361001,128.1979631721042,227.10993803548627,250.43353203579318,269.0924072360387,2.851200627667519,0.0005954038351774,6.02040884247981,2.419967500376515,5.445829488802701,5.733119165641256,5.962950907112099,145.62989041787418,63.44486239994876,268.8858759009745,127.24756634281948,223.2044445949141,246.0451602479443,264.3177327703685,2.236154114943929,0.9047314398922026,4.051271795993671,1.8960189684294166,3.685572374961339,3.868422085477505,4.014701853890438,143.39373630293025,62.54013096005656,266.551940002013,125.84401004237588,220.37754016846884,243.46474008524092,261.9345000186586,3.497032248453858,1.7500862847082317,4.999354185536504,3.8937623718520626,4.817793676164001,4.9085739308502525,4.9811981345992535,3169.3333333333335,1322,6033,2693.0,4986.0,5509.5,5928.3,3170.3333333333335,1323,6034,2694.0,4987.0,5510.5,5929.3,276.66,0.02168726957276079,67.89922648738523
custom_sarathi_long_input_long_output_fixed_qps_num_requests_7_qps_1_llama2_7b,benchmark_output/figure-1/custom_sarathi_long_input_long_output_fixed_qps_num_requests_7_qps_1_llama2_7b,sarathi_chunk_128,sarathi,long_input_long_output,fixed_qps_num_requests_sweep,llama2_7b,meta-llama/Llama-2-7b-hf,7,1.0,2,0.85,20480,39505.0,37063.57457347276,100.0,39.28178315905338,7,36958,21343,5279.714285714285,3049.0,2.4350517809590593,0.915840929141268,4.029129480011761,2.3483157658483838,3.970615504216403,3.999872492114082,4.023278082432225,5.823177095668923,1.455474964575842,11.405277339741588,5.967283876845613,10.421007136022673,10.913142237882129,11.306850319369696,0.048194731753903174,0.04593652209848883,0.050036194767817226,0.04848434041839485,0.04938928034385915,0.04971273755583819,0.04997150332542142,0.0481754521018312,0.0459288557897274,0.04999788221439623,0.04846295341335806,0.04936242675010585,0.04968015448225104,0.04993433666796719,151.1135941961381,67.58679038472474,282.13037148001604,133.90617334493436,226.3959656273481,254.263168553682,276.5569308947492,3.3881253147098636,0.0002090437337756,7.47367115272209,2.644404954975471,6.430886973207817,6.952279062964951,7.369392734770662,147.72546888142824,66.21307510114275,277.55401965789497,126.43250219221228,222.97878192551434,250.26640079170457,272.09649588465686,2.4350517809590593,0.915840929141268,4.029129480011761,2.3483157658483838,3.970615504216403,3.999872492114082,4.023278082432225,145.29041710046917,65.29723417200148,275.2057038920466,124.69603634392844,220.04572826605295,247.62571607904968,269.6897063294472,4.083626400513042,2.2226986496243626,5.963708872208372,4.411037042737007,5.812500841589644,5.888104856899008,5.948588069146499,3091.4285714285716,1322,6033,2624.0,4776.6,5404.799999999998,5907.359999999999,3092.4285714285716,1323,6034,2625.0,4777.6,5405.799999999998,5908.359999999999,284.73,0.02458469427176623,74.95873283461525
custom_sarathi_long_input_long_output_fixed_qps_num_requests_8_qps_1_llama2_7b,benchmark_output/figure-1/custom_sarathi_long_input_long_output_fixed_qps_num_requests_8_qps_1_llama2_7b,sarathi_chunk_128,sarathi,long_input_long_output,fixed_qps_num_requests_sweep,llama2_7b,meta-llama/Llama-2-7b-hf,8,1.0,2,0.85,20480,39505.0,37100.31848004374,100.0,39.357025697102245,8,40609,23413,5076.125,2926.625,2.3482134582300205,0.9088763629551976,3.995119387982413,2.113461276050657,3.9356298921629786,3.965374640072696,3.98917043840047,6.64593478362076,1.4507147506810725,12.99639979726635,6.359561812132597,11.780754138482735,12.388576967874542,12.874835231387987,0.049266073535251045,0.046317158672985664,0.05087955243835561,0.04971797930562981,0.05039749839547683,0.05063852541691622,0.050831347034067734,0.049245839626685176,0.04630942884009631,0.05084059412867846,0.04969708386570158,0.05037202219273696,0.050606308160707714,0.05079373693508431,149.04324614012148,68.67616025381722,284.31819850811735,134.00114709336776,219.89745297967454,252.10782574389592,277.87612395527304,4.297721325390739,0.0001894617453217,11.105298596201465,3.5496963396435603,8.416840206575579,9.76106940138852,10.836452757238876,144.74552481473074,67.30669229500927,279.8219189608935,129.41826887603384,216.7263899230631,248.27415444197828,273.51236605711046,2.3482134582300205,0.9088763629551976,3.995119387982413,2.113461276050657,3.9356298921629786,3.965374640072696,3.98917043840047,142.39731135650072,66.39781593205407,277.4860976098571,126.91559913905803,213.726906801993,245.606502205925,271.11017852907065,4.195647829066729,1.7372845725622028,6.330682698870078,4.005710788303986,6.280395111301914,6.305538905085996,6.325653940113261,2967.5,1322,6033,2595.0,4567.2,5300.0999999999985,5886.419999999999,2968.5,1323,6034,2596.0,4568.2,5301.0999999999985,5887.419999999999,286.98,0.027876507073663667,81.58408251446093
custom_sarathi_long_input_long_output_fixed_qps_num_requests_9_qps_1_llama2_7b,benchmark_output/figure-1/custom_sarathi_long_input_long_output_fixed_qps_num_requests_9_qps_1_llama2_7b,sarathi_chunk_128,sarathi,long_input_long_output,fixed_qps_num_requests_sweep,llama2_7b,meta-llama/Llama-2-7b-hf,9,1.0,2,0.85,20480,39505.0,37266.50159066808,100.0,40.93027571580063,9,48865,25915,5429.444444444444,2879.4444444444443,2.65277455190921,0.9383360508363694,4.491437403019518,2.394564450951293,4.185531555768103,4.33848447939381,4.460846818294376,8.113169160852623,1.4955280737485734,17.466965072788298,7.121155177941546,14.360891084186733,15.913928078487514,17.15635767392814,0.05392969149632706,0.048928001345707496,0.05762607165598007,0.054521444229189614,0.055580006391598526,0.0566030390237893,0.05742146512954192,0.05390745894137097,0.048919835791410814,0.0575819475582343,0.05450192348295646,0.05555174849218153,0.056566848025207915,0.057378927651629025,160.51039273687638,77.55457024066709,300.2488112400752,150.1695603367407,225.0940868591424,262.6714490496088,292.7333388019819,5.460394608943413,0.0002027165610343,12.97552766976878,4.726590726990253,11.916505270730703,12.446016470249742,12.869625429864973,155.04999812793298,76.14035956189036,295.5222205130849,141.0136386170052,221.97072653551587,258.74647352430037,288.167071115328,2.65277455190921,0.9383360508363694,4.491437403019518,2.394564450951293,4.185531555768103,4.33848447939381,4.460846818294376,152.39722357602375,75.202023511054,293.1276560621336,138.3649455178529,218.77573695648465,255.9516965093091,285.6924641515687,4.837004622729081,2.4967043574433774,7.4471504711546,3.917999142082408,7.409055086504668,7.4281027788296345,7.443340932689607,2923.4444444444443,1322,6033,2571.0,4357.8,5195.4,5865.48,2924.4444444444443,1323,6034,2572.0,4358.8,5196.4,5866.48,302.82,0.02972062611452348,85.57889175087512
custom_sarathi_long_input_long_output_fixed_num_requests_num_requests_10_qps_1_llama2_7b,benchmark_output/figure-1/custom_sarathi_long_input_long_output_fixed_num_requests_num_requests_10_qps_1_llama2_7b,sarathi_chunk_128,sarathi,long_input_long_output,fixed_num_requests_qps_sweep,llama2_7b,meta-llama/Llama-2-7b-hf,10,1.0,2,0.85,20480,39505.0,37442.03267119707,100.0,42.090695243073704,10,58452,28312,5845.2,2831.2,2.872115839319304,0.9331246688961984,5.401681205024943,2.8269987480016425,4.474316722131334,4.937998963578138,5.308944756735582,9.3012124881614,1.4504909387324005,22.225495278602466,8.31523876474239,17.447819631407036,19.836657455004747,21.747727713882924,0.05682000012477517,0.05021451743982019,0.05881553277379615,0.057741268208370014,0.05874571285758178,0.058780622815688965,0.058808550782174715,0.05679660369487145,0.05020613717990032,0.05878711947293924,0.05771964490692533,0.058719552533415716,0.05875333600317748,0.05878036277898689,167.19363347354812,77.93244496663101,307.73760340199806,159.21443396667019,224.78834800850598,266.26297570525196,299.44267786264885,6.429096648842096,0.0001943865790963,16.823814073577523,5.144728776183911,12.973502909275702,14.898658491426609,16.438782957147343,160.764536824706,76.56597376684658,303.1633766388986,148.73955134209243,221.95629780795423,262.55983722342637,295.0426687558042,2.872115839319304,0.9331246688961984,5.401681205024943,2.8269987480016425,4.474316722131334,4.937998963578138,5.308944756735582,157.8924209853867,75.63284909795038,300.8351739819627,145.62738479906693,218.73026218709998,259.78271808453127,292.62468280247646,5.234990695980377,2.6603722255676985,8.427062776871026,4.507304772152565,8.21746785135474,8.322265314112883,8.406103284319396,2878.9,1322,6033,2568.5,4148.4,5090.699999999998,5844.54,2879.9,1323,6034,2569.5,4149.4,5091.699999999998,5845.54,312.35,0.03201536737634064,90.64190811589562
custom_sarathi_long_input_long_output_fixed_qps_num_requests_10_qps_1_llama2_7b,benchmark_output/figure-1/custom_sarathi_long_input_long_output_fixed_qps_num_requests_10_qps_1_llama2_7b,sarathi_chunk_128,sarathi,long_input_long_output,fixed_qps_num_requests_sweep,llama2_7b,meta-llama/Llama-2-7b-hf,10,1.0,2,0.85,20480,39505.0,37346.70046439629,100.0,41.79334365325077,10,58452,28312,5845.2,2831.2,2.927466047904454,0.9338246970437468,5.480000222101808,2.8855592575855553,4.565705944038927,5.022853083070366,5.38857079429552,9.548319252557121,1.4838987297844142,22.772714827675372,8.543620863812976,17.92800063383765,20.350357730756507,22.288243408291603,0.05793049557632725,0.050858321950093606,0.060177410486185315,0.05884964259759676,0.06005695548639545,0.06011718298629038,0.06016536498620633,0.057906610327304917,0.05084983424616335,0.060148339273390056,0.058827604336389436,0.060030211040705786,0.06008927515704792,0.06013652645012163,170.28690745134372,79.98713421775028,311.7712203322444,162.39855370030273,227.49000388339624,269.63061210782024,303.3430986873596,6.620853204652667,0.0001801478210836,17.292714605573565,5.297355483286083,13.362294689798727,15.327504647686142,16.89967261399608,163.66605424669106,78.58473653090186,307.06703498819843,151.70077178650536,224.59095672855616,265.8289958583772,298.8194271622342,2.927466047904454,0.9338246970437468,5.480000222101808,2.8855592575855553,4.565705944038927,5.022853083070366,5.38857079429552,160.7385881987866,77.65091183385812,304.6922068030108,148.39973476657178,221.29681261305228,262.99450970803144,296.3526673840149,5.455307826353237,2.751061893068254,8.677484100218862,4.748448004480451,8.519222292047925,8.598353196133393,8.661657919401769,2878.9,1322,6033,2568.5,4148.4,5090.699999999998,5844.54,2879.9,1323,6034,2569.5,4149.4,5091.699999999998,5845.54,312.35,0.03201536737634064,90.64190811589562
custom_sarathi_long_input_long_output_fixed_num_requests_num_requests_10_qps_2_llama2_7b,benchmark_output/figure-1/custom_sarathi_long_input_long_output_fixed_num_requests_num_requests_10_qps_2_llama2_7b,sarathi_chunk_128,sarathi,long_input_long_output,fixed_num_requests_qps_sweep,llama2_7b,meta-llama/Llama-2-7b-hf,10,2.0,2,0.85,20480,39505.0,37240.284853249475,100.0,42.98715932914046,10,58452,28312,5845.2,2831.2,2.8673309109872207,0.908539301948622,5.406171194044873,2.8624587765662,4.5182863981463015,4.962228796095586,5.317382714455016,10.699861139873974,1.427377306390554,25.170318767894056,9.58341565541923,20.377024730760603,22.773671749327324,24.690989364180712,0.057172264686697435,0.0497008382218082,0.05928759142828934,0.05817064563953876,0.05915760769208024,0.05922259956018479,0.05927459305466843,0.05714868075425461,0.04969254368939468,0.059258950079773255,0.05814886094361089,0.05913126369461317,0.05919510688719321,0.05924618144125725,169.18182066483422,79.02997675584629,305.66359916562214,163.15454653801862,225.128160043736,265.39587960467895,297.61005525343353,7.832530228886753,0.0001774104312062,19.764147573849183,6.419810902909376,15.8587383326143,17.811442953231737,19.373606649725694,161.34929043594747,77.67174766701646,300.1095506919082,149.86777547886595,221.9593920537736,261.0344713728408,292.29453482809475,2.8673309109872207,0.908539301948622,5.406171194044873,2.8624587765662,4.5182863981463015,4.962228796095586,5.317382714455016,158.48195952496025,76.76320836506784,297.7577217868529,146.8013286384521,218.68842937999867,258.2230755834257,289.8507925461675,5.465127207082697,2.8319351964164525,8.58002616954036,4.759460719535127,8.411716108815744,8.495871139178051,8.563195163467899,2878.9,1322,6033,2568.5,4148.4,5090.699999999998,5844.54,2879.9,1323,6034,2569.5,4149.4,5091.699999999998,5845.54,306.82,0.03259239945244769,92.2756013297699
custom_sarathi_long_input_long_output_fixed_num_requests_num_requests_10_qps_3_llama2_7b,benchmark_output/figure-1/custom_sarathi_long_input_long_output_fixed_num_requests_num_requests_10_qps_3_llama2_7b,sarathi_chunk_128,sarathi,long_input_long_output,fixed_num_requests_qps_sweep,llama2_7b,meta-llama/Llama-2-7b-hf,10,3.0,2,0.85,20480,39505.0,37371.94594594595,100.0,41.71153846153846,10,58452,28312,5845.2,2831.2,2.8805793379899116,0.9227641229517758,5.33645432186313,2.8636841820552945,4.479816590226255,4.9081354560446915,5.250790548699443,11.34787937386427,1.5321860234253109,26.349924673093486,10.150514914887026,21.613094908837226,23.98150979096535,25.87624169666786,0.05746246827514164,0.05056364906695598,0.0595722398715055,0.05838118901406598,0.05946730759346965,0.059519773732487576,0.05956174664370192,0.05743878867473824,0.050555210540743196,0.059543461011664196,0.058359325759860185,0.05944082578882371,0.05949214340024395,0.05953319748938015,170.88241156481672,79.20538662583567,311.2749544614926,164.46469754818827,226.9858903629705,269.1304224122315,302.8460480516404,8.46730003587436,0.0643967653159052,21.013470351230357,6.949185007368214,17.133278318610973,19.07337433492066,20.62545114796842,162.41511152894236,77.73942615487613,305.2908256081864,150.40159453614615,223.57737411332778,264.43409986075704,297.1194804587006,2.8805793379899116,0.9227641229517758,5.33645432186313,2.8636841820552945,4.479816590226255,4.9081354560446915,5.250790548699443,159.53453219095246,76.81666203192435,302.92682156013325,147.28706347558182,220.3139458240708,261.62038369210194,294.665533986527,5.555596019001678,2.8364079624880105,8.763004390290007,4.823662266717292,8.672118060104548,8.717561225197278,8.75391575727146,2878.9,1322,6033,2568.5,4148.4,5090.699999999998,5844.54,2879.9,1323,6034,2569.5,4149.4,5091.699999999998,5845.54,311.89,0.032062586168200326,90.77559395940877
custom_sarathi_long_input_long_output_fixed_num_requests_num_requests_10_qps_4_llama2_7b,benchmark_output/figure-1/custom_sarathi_long_input_long_output_fixed_num_requests_num_requests_10_qps_4_llama2_7b,sarathi_chunk_128,sarathi,long_input_long_output,fixed_num_requests_qps_sweep,llama2_7b,meta-llama/Llama-2-7b-hf,10,4.0,2,0.85,20480,39505.0,37233.244742376446,100.0,43.40141955835962,10,58452,28312,5845.2,2831.2,2.899574261531234,0.9690384881105274,5.4498634319752455,2.841427666018717,4.520409074285999,4.985136253130621,5.356917996206321,11.740581097197719,1.6505785833578557,27.122612154344097,10.474630877375603,22.284576732199636,24.70359444327186,26.63880861212965,0.057151046453210605,0.04929118579434813,0.059613169980252956,0.05827183010916802,0.059492589902516484,0.05955287994138472,0.05960111197247931,0.05712744518793755,0.049282959628494605,0.05958437134741225,0.05825000862491586,0.059466096773725365,0.0595252340605688,0.05957254389004356,169.89143749510404,79.36247137654573,303.95022373995744,164.52893811103422,222.37806429748886,263.16414401872305,295.7930077957106,8.841006835666485,0.1515313473064452,21.67274872236885,7.29519557824824,17.76416765791364,19.71845819014124,21.28189061592333,161.05043065943755,77.77611322700977,297.6665894261096,150.12175185838714,218.73112490766212,258.1988571668858,289.7730429742649,2.899574261531234,0.9690384881105274,5.4498634319752455,2.841427666018717,4.520409074285999,4.985136253130621,5.356917996206321,158.15085639790632,76.80707473889925,295.30349409393966,146.78329033742193,215.50703137456435,255.40526273425195,287.32384782200216,5.143182417959906,2.6008861120790243,8.178888539783657,4.4847161452053115,8.113853765884414,8.146371152834035,8.172385062393733,2878.9,1322,6033,2568.5,4148.4,5090.699999999998,5844.54,2879.9,1323,6034,2569.5,4149.4,5091.699999999998,5845.54,304.32,0.03286014721345952,93.03364879074658
custom_sarathi_long_input_long_output_fixed_num_requests_num_requests_10_qps_5_llama2_7b,benchmark_output/figure-1/custom_sarathi_long_input_long_output_fixed_num_requests_num_requests_10_qps_5_llama2_7b,sarathi_chunk_128,sarathi,long_input_long_output,fixed_num_requests_qps_sweep,llama2_7b,meta-llama/Llama-2-7b-hf,10,5.0,2,0.85,20480,39505.0,37395.497391757955,100.0,42.34872196139802,10,58452,28312,5845.2,2831.2,2.8538359594065694,0.905745356110856,5.341217766050249,2.823297931929119,4.477884204289875,4.909550985170061,5.2548844098742125,11.724422789900563,1.6671431893482804,27.021058621350672,10.453450094675645,22.27798631212208,24.64952246673637,26.546751390427815,0.05724488348826261,0.0501745882036562,0.05940201444564402,0.058220700701377914,0.05930233706507718,0.0593521757553606,0.05939204670758733,0.05722130304519078,0.05016621460749405,0.059373317820307955,0.058187978128909995,0.05927592874545469,0.05932462328288132,0.05936357891282263,170.63852757744024,78.55783269670792,309.2344458841253,164.43849501700606,226.50661638237068,267.87053113324794,300.96166293394987,8.870586830493995,0.2194422613829374,21.679840855300423,7.344917952665128,17.800102107832206,19.73997148156631,21.291866980553603,161.76794074694627,76.94945235806517,302.8993758880533,150.01350265694782,222.88930229586546,262.8943390919593,294.89836852883457,2.8538359594065694,0.905745356110856,5.341217766050249,2.823297931929119,4.477884204289875,4.909550985170061,5.2548844098742125,158.91410478753969,76.04370700195432,300.5959579281043,146.98158328048885,219.65010038635225,260.1230291572282,292.50137217392916,5.641781792766414,2.852040172554553,8.882510205032304,4.915287833311595,8.85896198085975,8.870736092946027,8.88015538261505,2878.9,1322,6033,2568.5,4148.4,5090.699999999998,5844.54,2879.9,1323,6034,2569.5,4149.4,5091.699999999998,5845.54,309.44,0.03231644260599793,91.49431230610135
custom_sarathi_long_input_long_output_fixed_num_requests_num_requests_10_qps_6_llama2_7b,benchmark_output/figure-1/custom_sarathi_long_input_long_output_fixed_num_requests_num_requests_10_qps_6_llama2_7b,sarathi_chunk_128,sarathi,long_input_long_output,fixed_num_requests_qps_sweep,llama2_7b,meta-llama/Llama-2-7b-hf,10,6.0,2,0.85,20480,39505.0,37220.52896659708,100.0,42.03027139874739,10,58452,28312,5845.2,2831.2,2.896574749867432,0.9286852979566902,5.447204917902127,2.8982747310074046,4.426153080235235,4.93667899906868,5.345099734135438,12.112455669953487,1.7386975819244979,27.70081199752167,10.887268254882656,22.86192086332012,25.28136643042089,27.216922884101514,0.05758158332383617,0.05012283764446586,0.0598310080237386,0.058621815628244346,0.0597204541050635,0.05977573106440105,0.05981995263187109,0.05755782561469804,0.05011447268491238,0.0598021041551281,0.05859986280153505,0.05969385954824096,0.059747981851684534,0.059791279694439384,171.68367785355076,79.85572522785515,309.27133127930574,165.8296965226764,225.65920483078804,267.4652680550468,300.91011863445397,9.215880920086056,0.2693089500535279,22.25360707961954,7.676829299423844,18.435767783084884,20.34468743135221,21.871823149966076,162.4677969334647,78.1781203309074,302.65622500609607,151.05644194886554,221.87692369543947,262.26657435076766,294.5782948750304,2.896574749867432,0.9286852979566902,5.447204917902127,2.8982747310074046,4.426153080235235,4.93667899906868,5.345099734135438,159.57122218359729,77.24943503295071,300.285920327995,147.85602363885846,218.55627292210698,259.4210966250509,292.1129555874062,5.647710844548419,2.891409139148891,8.89904663991183,4.932701851474121,8.760534082143568,8.8297903610277,8.885195384135004,2878.9,1322,6033,2568.5,4148.4,5090.699999999998,5844.54,2879.9,1323,6034,2569.5,4149.4,5091.699999999998,5845.54,309.36,0.03232479958624256,91.51797258856995
custom_sarathi_long_input_long_output_fixed_num_requests_num_requests_10_qps_7_llama2_7b,benchmark_output/figure-1/custom_sarathi_long_input_long_output_fixed_num_requests_num_requests_10_qps_7_llama2_7b,sarathi_chunk_128,sarathi,long_input_long_output,fixed_num_requests_qps_sweep,llama2_7b,meta-llama/Llama-2-7b-hf,10,7.0,2,0.85,20480,39505.0,37108.04331748547,100.0,42.77047015319599,10,58452,28312,5845.2,2831.2,2.765047225309536,0.8905565801542252,5.089469908969477,2.761517927981913,4.2666852857219055,4.67807759734569,5.00719144664472,11.629126949142664,1.6712056316900998,26.537312339525673,10.435965453507379,22.019246055209077,24.27827919736737,26.085505711094015,0.056331084517345587,0.04896728115743442,0.05863050977038216,0.05730790544330286,0.058377560415876946,0.058504035093129556,0.05860521483493164,0.05630785537843188,0.048959109047761955,0.058602185852618685,0.05728644341367779,0.05835156326475396,0.058476874558686325,0.058577123593832214,167.78126619306857,77.66713492106646,301.9541324905585,161.98398285056464,221.55030354065815,261.75221801560826,293.91374959556845,8.864079723833129,0.2600291906856,21.447842430556197,7.327671785023995,17.75256076948717,19.60020160002168,21.078314264449293,158.91718646923545,76.05522745312192,295.67082037217915,147.63635752303526,217.93843828325623,256.80462932771763,287.89758216328687,2.765047225309536,0.8905565801542252,5.089469908969477,2.761517927981913,4.2666852857219055,4.67807759734569,5.00719144664472,156.15213924392592,75.16467087296769,293.3629814141896,144.80120299803093,214.81397717928047,254.088479296735,285.5080809906987,5.3882366522680964,2.774781694170088,8.53120343061164,4.663534688297659,8.447454849840142,8.489329140225891,8.52282857253449,2878.9,1322,6033,2568.5,4148.4,5090.699999999998,5844.54,2879.9,1323,6034,2569.5,4149.4,5091.699999999998,5845.54,302.01,0.033111486374623356,93.74524022383365
custom_sarathi_long_input_long_output_fixed_num_requests_num_requests_10_qps_8_llama2_7b,benchmark_output/figure-1/custom_sarathi_long_input_long_output_fixed_num_requests_num_requests_10_qps_8_llama2_7b,sarathi_chunk_128,sarathi,long_input_long_output,fixed_num_requests_qps_sweep,llama2_7b,meta-llama/Llama-2-7b-hf,10,8.0,2,0.85,20480,39505.0,37318.31683937824,100.0,42.75077720207254,10,58452,28312,5845.2,2831.2,2.8965004374505954,0.9056728759314864,5.388105015968904,2.8864984165411443,4.527926227799616,4.958015621884259,5.302087137151975,12.150654984544962,1.7049611730035394,27.931430774740875,10.837196659762412,23.144852375215848,25.538141574978358,27.452772934788374,0.0578013498332746,0.05082428334067877,0.05999296675888581,0.05870400989985633,0.059864587355255364,0.05992877705707059,0.059980128818522764,0.05777752121802441,0.05081580131742432,0.059963984649340454,0.05868202582712625,0.05983792853967825,0.05990095659450936,0.05995137903837423,172.5726399536943,80.03280168119818,313.4184583588504,166.08447395369876,228.17616866012102,270.7973135094856,304.89422938897746,9.254154547094368,0.2500646379776299,22.54332575877197,7.650735779781826,18.616926147416233,20.580125953094097,22.1506857976364,163.31848540659993,78.39113551005721,306.8473396271001,151.26151599443983,224.47848196036648,265.6629107937332,298.61045386042673,2.8965004374505954,0.9056728759314864,5.388105015968904,2.8864984165411443,4.527926227799616,4.958015621884259,5.302087137151975,160.42198496914935,77.48546263412572,304.4882814940065,148.05743045255076,221.1700313170673,262.8291564055368,296.1564564763126,5.553145836899057,2.7991150920279324,8.839648271910846,4.800041758804582,8.693590155802667,8.766619213856757,8.825042460300029,2878.9,1322,6033,2568.5,4148.4,5090.699999999998,5844.54,2879.9,1323,6034,2569.5,4149.4,5091.699999999998,5845.54,313.45,0.0319030148349019,90.32381560057426
custom_sarathi_long_input_long_output_fixed_num_requests_num_requests_10_qps_9_llama2_7b,benchmark_output/figure-1/custom_sarathi_long_input_long_output_fixed_num_requests_num_requests_10_qps_9_llama2_7b,sarathi_chunk_128,sarathi,long_input_long_output,fixed_num_requests_qps_sweep,llama2_7b,meta-llama/Llama-2-7b-hf,10,9.0,2,0.85,20480,39505.0,37328.6900569653,100.0,41.715432418436045,10,58452,28312,5845.2,2831.2,2.880046130577102,0.9086805048864336,5.332695357967168,2.8791377800516784,4.4836028697201975,4.908149113843682,5.247786109142472,12.274898060364649,1.8419965722132474,27.918086432619017,11.023593101883307,23.18040913871955,25.54924778566928,27.444318703229072,0.05741045699554879,0.050337911392080964,0.05960763492178102,0.05837225891022617,0.05943148749065533,0.05951956120621817,0.05959002017866845,0.05738678651889932,0.0503295105390449,0.0595788389628816,0.05835039896112111,0.059405021338083216,0.05949193015048241,0.05956145720040176,171.55245339088142,79.58191740978509,310.6820177962072,165.3300515775336,226.34494047029872,268.5134791332529,302.2483100636164,9.394851929787546,0.3126793701667338,22.58539107465185,7.847175532369874,18.69680626899935,20.641098671825596,22.196532594086598,162.15760146109386,77.79844260704704,303.9124034419656,150.35372897947673,222.46924065467897,263.1908220483222,295.76808716323694,2.880046130577102,0.9086805048864336,5.332695357967168,2.8791377800516784,4.4836028697201975,4.908149113843682,5.247786109142472,159.27755533051678,76.8897621021606,301.57442714995705,147.26823367341422,219.1571736841928,260.36580041707487,293.33270180338064,5.531945206853561,2.8512433227151632,8.708856764947996,4.82359074766282,8.630884957266971,8.669870861107484,8.701059584179893,2878.9,1322,6033,2568.5,4148.4,5090.699999999998,5844.54,2879.9,1323,6034,2569.5,4149.4,5091.699999999998,5845.54,310.62,0.03219367716180542,91.14673878050351
custom_sarathi_long_input_long_output_fixed_num_requests_num_requests_10_qps_10_llama2_7b,benchmark_output/figure-1/custom_sarathi_long_input_long_output_fixed_num_requests_num_requests_10_qps_10_llama2_7b,sarathi_chunk_128,sarathi,long_input_long_output,fixed_num_requests_qps_sweep,llama2_7b,meta-llama/Llama-2-7b-hf,10,10.0,2,0.85,20480,39505.0,37275.07194244604,100.0,41.57014388489208,10,58452,28312,5845.2,2831.2,2.967587019386701,0.99748271307908,5.478453069925308,2.920829441398382,4.60592532523442,5.042189197579863,5.39120029545622,12.742393154860475,1.936382279265672,28.875891301082447,11.411476045148447,24.009393931040538,26.442642616061487,28.389241564078258,0.05811259595693112,0.05118840443548061,0.06019220453504259,0.059022341804001684,0.0601019735820486,0.06014708905854559,0.060183181439743196,0.05808863376248117,0.05117986164435319,0.06016312617536383,0.059000239594995924,0.06007520921624899,0.060119167695806414,0.06015433447945235,174.0408405393595,81.10471833334304,316.11815022397786,167.4508125743596,229.9220163495978,273.0200832867877,307.49853683653987,9.774806135473773,0.3423758402932435,23.39743823115714,8.1659887972055,19.40346860580612,21.400453418481625,22.99804126862204,164.26603440388573,79.23149093100801,309.0620500538498,152.05972220702097,225.79975352843758,267.4309017911436,300.7358204013086,2.967587019386701,0.99748271307908,5.478453069925308,2.920829441398382,4.60592532523442,5.042189197579863,5.39120029545622,161.298447384499,78.23400821792893,306.6697309729643,148.6967386319302,222.45611579862884,264.56292338579647,298.2483694555308,5.302926630876027,2.692119362996891,8.465585416182876,4.557478396687657,8.314947352954187,8.39026638456853,8.450521609860006,2878.9,1322,6033,2568.5,4148.4,5090.699999999998,5844.54,2879.9,1323,6034,2569.5,4149.4,5091.699999999998,5845.54,316.01,0.031644568209866775,89.59210151577481
custom_vllm_long_input_long_output_fixed_qps_num_requests_1_qps_1_llama2_7b,benchmark_output/figure-1/custom_vllm_long_input_long_output_fixed_qps_num_requests_1_qps_1_llama2_7b,vllm,vllm,long_input_long_output,fixed_qps_num_requests_sweep,llama2_7b,meta-llama/Llama-2-7b-hf,1,1.0,2,0.85,20480,38463.0,34641.605871886124,100.0,24.648576512455517,1,3518,2793,3518.0,2793.0,0.3328104550018906,0.3328104550018906,0.3328104550018906,0.3328104550018906,0.3328104550018906,0.3328104550018906,0.3328104550018906,0.3331792766693978,0.3331792766693978,0.3331792766693978,0.3331792766693978,0.3331792766693978,0.3331792766693978,0.3331792766693978,0.04361946943236374,0.04361946943236374,0.04361946943236374,0.04361946943236374,0.04361946943236374,0.04361946943236374,0.04361946943236374,0.04360385200685985,0.04360385200685985,0.04360385200685985,0.04360385200685985,0.04360385200685985,0.04360385200685985,0.04360385200685985,122.11873793182896,122.11873793182896,122.11873793182896,122.11873793182896,122.11873793182896,122.11873793182896,122.11873793182896,0.0003688216675072,0.0003688216675072,0.0003688216675072,0.0003688216675072,0.0003688216675072,0.0003688216675072,0.0003688216675072,122.11836911016144,122.11836911016144,122.11836911016144,122.11836911016144,122.11836911016144,122.11836911016144,122.11836911016144,0.3328104550018906,0.3328104550018906,0.3328104550018906,0.3328104550018906,0.3328104550018906,0.3328104550018906,0.3328104550018906,121.78555865515956,121.78555865515956,121.78555865515956,121.78555865515956,121.78555865515956,121.78555865515956,121.78555865515956,1.8117101937532425,1.8117101937532425,1.8117101937532425,1.8117101937532425,1.8117101937532425,1.8117101937532425,1.8117101937532425,2793.0,2793,2793,2793.0,2793.0,2793.0,2793.0,2794.0,2794,2794,2794.0,2794.0,2794.0,2794.0,,,
custom_vllm_long_input_long_output_fixed_qps_num_requests_2_qps_1_llama2_7b,benchmark_output/figure-1/custom_vllm_long_input_long_output_fixed_qps_num_requests_2_qps_1_llama2_7b,vllm,vllm,long_input_long_output,fixed_qps_num_requests_sweep,llama2_7b,meta-llama/Llama-2-7b-hf,2,1.0,2,0.85,20480,38463.0,34611.28225108225,100.0,23.6995670995671,2,5575,4099,2787.5,2049.5,0.24934380454942578,0.1674943410325795,0.3311932680662721,0.24934380454942578,0.31482337536290284,0.32300832171458743,0.32955627879593513,0.40285700175445516,0.3314834837801754,0.474230519728735,0.40285700175445516,0.45995581613387904,0.467093167931307,0.4728030493692494,0.044349687167094726,0.04366843117868666,0.045030943155502795,0.044349687167094726,0.044894691957821184,0.04496281755666199,0.04501731803573463,0.044324629665082105,0.04365279622301939,0.04499646310714483,0.044324629665082105,0.04486209641873228,0.044929279762938555,0.044983026438303576,90.74667733616661,59.23961133765988,122.25374333467336,90.74667733616661,115.95233013497202,119.10303673482268,121.62360201470322,0.1535131972050294,0.0002902157139033,0.3067361786961555,0.1535131972050294,0.2760915823979303,0.29141388054704287,0.30367171906633295,90.59316413896158,58.932875158963725,122.25345311895944,90.59316413896158,115.92139532295987,119.08742422095965,121.62024733935948,0.24934380454942578,0.1674943410325795,0.3311932680662721,0.24934380454942578,0.31482337536290284,0.32300832171458743,0.32955627879593513,90.34382033441216,58.765380817931145,121.92225985089316,90.34382033441216,115.60657194759696,118.76441589924505,121.29069106056353,1.5303617526078597,0.7254245621152222,2.335298943100497,1.5303617526078597,2.1743115050019695,2.2548052240512333,2.3192001992906444,2049.5,1306,2793,2049.5,2644.3,2718.65,2778.13,2050.5,1307,2794,2050.5,2645.3,2719.65,2779.13,,,
custom_vllm_long_input_long_output_fixed_qps_num_requests_3_qps_1_llama2_7b,benchmark_output/figure-1/custom_vllm_long_input_long_output_fixed_qps_num_requests_3_qps_1_llama2_7b,vllm,vllm,long_input_long_output,fixed_qps_num_requests_sweep,llama2_7b,meta-llama/Llama-2-7b-hf,3,1.0,2,0.85,20480,38643.0,34709.52549697494,100.0,25.042350907519445,3,7877,6647,2625.6666666666665,2215.6666666666665,0.34922562368835014,0.3478086739778518,0.3499417691491544,0.349926427938044,0.34993870090693235,0.3499402350280434,0.34994146232493223,0.45770632840382547,0.348091106628999,0.6733094158116727,0.3517184627708047,0.6089912252034991,0.6411503205075859,0.6668775967508553,0.044459193234631544,0.04440078869060524,0.044553638445177755,0.044423152568111635,0.044527541269764534,0.04454058985747114,0.04455102872763643,0.04443671140346872,0.04438336294936089,0.044519523867501506,0.04440724739354374,0.04449706857270996,0.04450829622010573,0.044517278338022354,98.87795597376923,58.81580758676864,124.37753307679668,113.44052725774236,122.19013191298582,123.28383249489124,124.1587929604156,0.10848070471547538,0.0002824326511472,0.3233829878736287,0.0017766936216503,0.259061729023233,0.2912223584484308,0.3169508619885891,98.76947526905376,58.49242459889501,124.37725064414552,113.43875056412072,122.18955062814057,123.28340063614304,124.15848064254503,0.34922562368835014,0.3478086739778518,0.3499417691491544,0.349926427938044,0.34993870090693235,0.3499402350280434,0.34994146232493223,98.4202496453654,58.14249817095697,124.02944197016768,113.08880879497156,121.84131533512846,122.93537865264807,123.81062930666376,1.859345297406738,0.9968055277131498,3.088491927366704,1.4927384371403605,2.7693412293214354,2.9289165783440696,3.0565768575621775,2215.6666666666665,1306,2793,2548.0,2744.0,2768.5,2788.1,2216.6666666666665,1307,2794,2549.0,2745.0,2769.5,2789.1,,,
custom_vllm_long_input_long_output_fixed_qps_num_requests_4_qps_1_llama2_7b,benchmark_output/figure-1/custom_vllm_long_input_long_output_fixed_qps_num_requests_4_qps_1_llama2_7b,vllm,vllm,long_input_long_output,fixed_qps_num_requests_sweep,llama2_7b,meta-llama/Llama-2-7b-hf,4,1.0,2,0.85,20480,38921.0,35681.28771551724,100.0,30.225933908045977,4,15328,10526,3832.0,2631.5,0.33774452225770796,0.171910987002775,0.6517665609717369,0.26365027052816004,0.5566065442282707,0.6041865526000036,0.6422505592973902,0.4808857658645137,0.3348537918645888,0.7533228860702366,0.4176831927616148,0.6719046596204862,0.7126137728453613,0.7451810634252615,0.04652658775792537,0.04567320529058577,0.04745081793945068,0.04649116390083252,0.047163810335572945,0.04730731413751181,0.04742211717906291,0.0465058379937164,0.045661430811263636,0.04741448500075279,0.04647371808142458,0.047133383279996076,0.04727393414037443,0.04738637482867712,122.29615008854307,62.40524620888755,177.87401300296187,124.45267057116143,163.55574511568994,170.71487905932588,176.44218621423468,0.14314124360680575,0.0002872867044061,0.3100178109016269,0.131129938410595,0.265223533147946,0.28762067202478636,0.30553838312625875,122.15300884493627,62.09522839798592,177.77245667786335,124.3721751519479,163.48456950210965,170.62851308998648,176.34366796028797,0.33774452225770796,0.171910987002775,0.6517665609717369,0.26365027052816004,0.5566065442282707,0.6041865526000036,0.6422505592973902,121.81526432267856,61.923317410983145,177.12069011689164,124.10852488141973,162.9279629578814,170.0243265373865,175.7014174009906,3.1536933880415745,2.204112278763205,4.612686763051897,2.898987255175598,4.11136721028015,4.362026986666023,4.562554807774722,2631.5,1306,3879,2670.5,3553.2000000000003,3716.0999999999995,3846.4199999999996,2632.5,1307,3880,2671.5,3554.2000000000003,3717.0999999999995,3847.4199999999996,,,
custom_vllm_long_input_long_output_fixed_qps_num_requests_5_qps_1_llama2_7b,benchmark_output/figure-1/custom_vllm_long_input_long_output_fixed_qps_num_requests_5_qps_1_llama2_7b,vllm,vllm,long_input_long_output,fixed_qps_num_requests_sweep,llama2_7b,meta-llama/Llama-2-7b-hf,5,1.0,2,0.85,20480,38921.0,36350.11577181208,100.0,37.10654362416108,5,20402,16518,4080.4,3303.6,0.354924534028396,0.1705935581121593,0.6518583600409329,0.3420179798267782,0.5586537004448474,0.6052560302428901,0.6425378940813243,0.47529709292575717,0.342278846539557,0.7579965367913246,0.4301597110461443,0.6499915183521807,0.7039940275717526,0.7471960349474102,0.046657646350872176,0.045467362297424326,0.047763713711865566,0.04683735097329193,0.04742946056997786,0.047596587140921714,0.0477302883976768,0.04663939064980764,0.04545977428636,0.04772714118988098,0.04681896896741544,0.04740079624320213,0.04756396871654155,0.04769450669521309,153.38806788111106,62.81963038467802,272.82512723491527,131.3654805996921,235.80599709204398,254.3155621634796,269.12321422062814,0.12037255889736116,0.0002608667127788,0.3173904325813055,0.1061381767503917,0.2571383869275451,0.28726440975442524,0.3113652280159295,153.26769532221368,62.50223995209672,272.81381423491985,131.3652197329793,235.75675402134658,254.28528412813318,269.1081082135625,0.354924534028396,0.1705935581121593,0.6518583600409329,0.3420179798267782,0.5586537004448474,0.6052560302428901,0.6425378940813243,152.9127707881853,62.33164639398456,272.3949675238691,131.0232017531525,235.24470265069976,253.81983508728442,268.6799410365522,4.348191605182365,2.827804177533835,5.791611289605498,4.540824791183695,5.300537666026503,5.546074477816,5.742503927247599,3303.6,1306,5992,2793.0,5146.8,5569.4,5907.48,3304.6,1307,5993,2794.0,5147.8,5570.4,5908.48,,,
custom_vllm_long_input_long_output_fixed_num_requests_num_requests_10_qps_1_llama2_7b,benchmark_output/figure-1/custom_vllm_long_input_long_output_fixed_num_requests_num_requests_10_qps_1_llama2_7b,vllm,vllm,long_input_long_output,fixed_num_requests_qps_sweep,llama2_7b,meta-llama/Llama-2-7b-hf,10,1.0,2,0.85,20480,39747.0,37325.81169500257,100.0,41.273055126223596,10,58452,28312,5845.2,2831.2,0.6201414463110269,0.1724322950467467,1.0360910480376333,0.6861568024614826,1.0360780060058459,1.0360845270217396,1.0360897438344545,0.8779978776350618,0.3340693586505948,1.9997941425535828,0.7594383043469861,1.735965025355108,1.8678795839543452,1.9734112308337353,0.05824388634791219,0.0510737229542559,0.06120613706280331,0.0588962561617445,0.06027300998500785,0.060739573523905584,0.061112824355023763,0.058219822465287806,0.051065199302227485,0.06115927172048876,0.05887419955829892,0.06024443620054317,0.060701853960515965,0.0610677881684942,162.30105764342005,80.35566232865676,306.4080385500565,149.84938664129004,222.64902798889665,264.5285332694765,298.0321374939405,0.2578564313240349,0.0001930706202983,1.129187848418951,0.11473409784957765,0.7164354947395621,0.9228116715792561,1.0879126130510122,162.04320121209602,80.04644116200507,306.4046200381126,149.76829382847063,222.55245562947817,264.4785378337953,298.0194035972492,0.6201414463110269,0.1724322950467467,1.0360910480376333,0.6861568024614826,1.0360780060058459,1.0360845270217396,1.0360897438344545,161.423059765785,79.87400886695832,305.98267421894707,148.8897655524779,221.92404775668396,263.9533609878154,297.57681157272077,8.539759508590214,2.836794109083712,13.919365637470037,8.092250805930234,12.59507508298848,13.257220360229256,13.786936582021882,2831.2,1306,5992,2525.0,4090.2999999999993,5041.149999999998,5801.83,2832.2,1307,5993,2526.0,4091.2999999999993,5042.149999999998,5802.83,,,
custom_vllm_long_input_long_output_fixed_num_requests_num_requests_10_qps_2_llama2_7b,benchmark_output/figure-1/custom_vllm_long_input_long_output_fixed_num_requests_num_requests_10_qps_2_llama2_7b,vllm,vllm,long_input_long_output,fixed_num_requests_qps_sweep,llama2_7b,meta-llama/Llama-2-7b-hf,10,2.0,2,0.85,20480,39483.0,37285.67367601246,100.0,41.47871235721703,10,58452,28312,5845.2,2831.2,0.8216606322443113,0.3352006850764155,1.0386184270028025,0.9420887880260125,1.0386058820178732,1.038612154510338,1.0386171725043096,1.1988996660569682,0.33539199829101546,2.3355248966254294,1.107679074862972,1.8062471002107483,2.0708859984180883,2.2825971169839616,0.05865121777426202,0.051233229429453755,0.062319753183965425,0.059225132430746126,0.06086089517977667,0.06159032418187105,0.06217386738354655,0.05862695314295089,0.051224679157519604,0.06227203514936821,0.05920295273623584,0.06083202592600315,0.061552030537685674,0.062128034227031705,163.57941821732092,82.65887033566833,307.73845070251264,150.81212543928996,224.10544560772826,265.9219481551204,299.3751501930342,0.37723903381265694,0.0001913132146,1.4591618746053427,0.2800639027263969,0.7838667586911467,1.121514316648244,1.3916323630139233,163.20217918350826,82.33509245910682,307.3600433890242,150.57913517649285,224.034572492307,265.6973079406655,299.0274962993525,0.8216606322443113,0.3352006850764155,1.0386184270028025,0.9420887880260125,1.0386058820178732,1.038612154510338,1.0386171725043096,162.38051855126395,81.32727790507488,306.93827751185745,149.69867922051344,223.08533707226158,265.0118072920594,298.5529834678979,8.312265935516916,2.8201826286967844,13.755977365421131,7.601686551002786,12.483150269812905,13.119563817617017,13.62869465586031,2831.2,1306,5992,2525.0,4090.2999999999993,5041.149999999998,5801.83,2832.2,1307,5993,2526.0,4091.2999999999993,5042.149999999998,5802.83,,,
custom_vllm_long_input_long_output_fixed_num_requests_num_requests_10_qps_3_llama2_7b,benchmark_output/figure-1/custom_vllm_long_input_long_output_fixed_num_requests_num_requests_10_qps_3_llama2_7b,vllm,vllm,long_input_long_output,fixed_num_requests_qps_sweep,llama2_7b,meta-llama/Llama-2-7b-hf,10,3.0,2,0.85,20480,40631.0,38303.393229166664,100.0,41.50729166666667,10,58452,28312,5845.2,2831.2,1.1149750487413257,0.4769757241010666,1.7520405740942806,1.037767398986034,1.7520273891510443,1.7520339816226624,1.7520392555999569,1.787266542832367,0.5554366828873752,3.248575779143721,1.7574269798351452,2.647218067292124,2.9478969232179217,3.1884400079585613,0.05810167515510928,0.050595907786872875,0.062210802940858734,0.05862782054454483,0.06033740273463733,0.06127410283774803,0.0620234629202366,0.058077617870919584,0.05058746387702861,0.06216316832911229,0.05860509671567468,0.06030876793581798,0.06123596813246513,0.06197772828978286,162.54156231058295,81.74053452070802,305.06568900938146,150.36174299113918,222.25998915010132,263.6628390797413,296.78511902345343,0.6722914940910414,0.0784609587863087,2.3582549141719937,0.5320123010315001,0.98137605569791,1.6698154849349505,2.2205670283245857,161.8692708164919,81.66207356192172,304.30529748415574,149.63983842392918,221.85597461713473,263.0806360506451,296.0603651974537,1.1149750487413257,0.4769757241010666,1.7520405740942806,1.037767398986034,1.7520273891510443,1.7520339816226624,1.7520392555999569,160.7542957677506,81.18509783782065,303.1200835511554,147.88781262293924,220.9819189350819,262.05100124311855,294.90626708954807,8.217083091940731,2.816487510688603,13.594922790536655,8.069007106823847,12.472016887296922,13.033469838916787,13.482632200212683,2831.2,1306,5992,2525.0,4090.2999999999993,5041.149999999998,5801.83,2832.2,1307,5993,2526.0,4091.2999999999993,5042.149999999998,5802.83,,,
custom_vllm_long_input_long_output_fixed_num_requests_num_requests_10_qps_4_llama2_7b,benchmark_output/figure-1/custom_vllm_long_input_long_output_fixed_num_requests_num_requests_10_qps_4_llama2_7b,vllm,vllm,long_input_long_output,fixed_num_requests_qps_sweep,llama2_7b,meta-llama/Llama-2-7b-hf,10,4.0,2,0.85,20480,40109.0,37782.129405576015,100.0,41.75933719095213,10,58452,28312,5845.2,2831.2,1.3795590111985803,0.8941585049033165,1.7539521518629044,1.317085113027133,1.753951550880447,1.7539518513716756,1.7539520917646587,2.284996754815802,1.344535294920206,3.841922889230773,2.0567961466731504,3.186878527444787,3.5144007083377793,3.7764184530521745,0.05744771403266715,0.050083207259044187,0.06096368832192544,0.05802129148214506,0.059608582844942755,0.0602861355834341,0.06082817777422717,0.05742395171219722,0.05007484891337345,0.06091700862183209,0.057997593819367144,0.05958031001652462,0.06024865931917835,0.06078333876130134,161.34265915849247,81.04564991849475,302.24642055667937,149.58103754755575,220.70307285296727,261.47474670482325,294.0920857863082,0.9054377436172217,0.0274259969592094,2.9477643843274564,0.871176200103946,1.5189063412602986,2.233335362793876,2.8048785800207408,160.43722141487524,80.87469037412666,301.23410640796646,148.30073948390782,220.57715804083267,260.9056322243995,293.1684115712531,1.3795590111985803,0.8941585049033165,1.7539521518629044,1.317085113027133,1.753951550880447,1.7539518513716756,1.7539520917646587,159.05766240367666,79.5576132601127,300.0484946889337,146.54678766592406,219.27319850076455,259.66084659484903,291.9709650701168,7.785356780164875,2.661766827106476,12.439294133568184,7.412071784376167,11.98061509381514,12.209954613691663,12.39342622959288,2831.2,1306,5992,2525.0,4090.2999999999993,5041.149999999998,5801.83,2832.2,1307,5993,2526.0,4091.2999999999993,5042.149999999998,5802.83,,,
custom_vllm_long_input_long_output_fixed_num_requests_num_requests_10_qps_5_llama2_7b,benchmark_output/figure-1/custom_vllm_long_input_long_output_fixed_num_requests_num_requests_10_qps_5_llama2_7b,vllm,vllm,long_input_long_output,fixed_num_requests_qps_sweep,llama2_7b,meta-llama/Llama-2-7b-hf,10,5.0,2,0.85,20480,40109.0,37825.6140625,100.0,42.08671875,10,58452,28312,5845.2,2831.2,1.3745767982210964,0.8882119520567358,1.7531743340659889,1.3048945190384984,1.753168927738443,1.753171630902216,1.7531737934332343,2.4274287160718813,1.37350004655309,4.134563187370077,2.18352630676236,3.4552824616199356,3.7949228244950057,4.066635114795063,0.05845975750858988,0.050707055036386776,0.06220524852196204,0.05911397414778574,0.06073877611064743,0.06147201231630473,0.06205860128083058,0.05843555851373554,0.05069859257726855,0.062157618163216286,0.059089830024668645,0.060709964441663704,0.06143379130243999,0.06201285279106103,164.12762134526855,82.66617289464921,306.0823844461702,152.54075887601357,223.4560445315204,264.7692144888452,297.81975045470523,1.052851917850785,0.0686009475030005,3.246351235313341,0.9942929612006992,1.788604365754872,2.517477800534105,3.1005765483574943,163.07476942741778,82.4827410869766,304.97517768712714,150.97801186400466,223.28358300286345,264.1293803449952,296.8060182187008,1.3745767982210964,0.8882119520567358,1.7531743340659889,1.3048945190384984,1.753168927738443,1.753171630902216,1.7531737934332343,161.7001926291967,81.17784932116047,303.7859667229932,149.2248413094785,221.99025271730494,262.888109720149,295.60639532242436,7.87000831363257,2.732061048503965,12.489937179721892,7.545698570786044,12.101736449310556,12.295836814516223,12.451117106680758,2831.2,1306,5992,2525.0,4090.2999999999993,5041.149999999998,5801.83,2832.2,1307,5993,2526.0,4091.2999999999993,5042.149999999998,5802.83,,,
custom_vllm_long_input_long_output_fixed_num_requests_num_requests_10_qps_6_llama2_7b,benchmark_output/figure-1/custom_vllm_long_input_long_output_fixed_num_requests_num_requests_10_qps_6_llama2_7b,vllm,vllm,long_input_long_output,fixed_num_requests_qps_sweep,llama2_7b,meta-llama/Llama-2-7b-hf,10,6.0,2,0.85,20480,40109.0,37662.83660477454,100.0,42.46551724137931,10,58452,28312,5845.2,2831.2,1.3762128258822486,0.8945907528977841,1.753369624959305,1.3076245329575613,1.7533580788876861,1.7533638519234955,1.753368470352143,2.5816530263982713,1.4518020406831056,4.398730563465506,2.3252515153726563,3.693106695380993,4.045918629423249,4.328168176657055,0.056973951747836704,0.049431924199271324,0.06081115254575665,0.057604509070405485,0.05925445302242696,0.0600328027840918,0.06065548259342368,0.0569503596668946,0.04942367454570002,0.06076458964181656,0.05758098164925343,0.059226341355867164,0.05999546549884186,0.06061076481322162,160.13556019631216,80.90600632992573,298.5659906901419,149.07255760696717,217.3559471064945,257.96096889831813,290.4449863317772,1.2054402005160227,0.144148847553879,3.5041398105677217,1.1367660684045404,2.0256307461997487,2.764885278383734,3.356288904130925,158.93011999579613,80.6661686419975,297.3351358359214,147.26443597348407,217.103127658274,257.2191317470976,289.31193501815665,1.3762128258822486,0.8945907528977841,1.753369624959305,1.3076245329575613,1.7533580788876861,1.7533638519234955,1.753368470352143,157.55390716991388,79.35855407221243,296.1466578778345,145.5110751199536,215.807391988649,255.9770249332417,288.112731288916,7.518801469029858,2.5597909598145634,11.957566149299964,7.241708176909015,11.620712442230433,11.789139295765198,11.923880778593011,2831.2,1306,5992,2525.0,4090.2999999999993,5041.149999999998,5801.83,2832.2,1307,5993,2526.0,4091.2999999999993,5042.149999999998,5802.83,,,
custom_vllm_long_input_long_output_fixed_num_requests_num_requests_10_qps_7_llama2_7b,benchmark_output/figure-1/custom_vllm_long_input_long_output_fixed_num_requests_num_requests_10_qps_7_llama2_7b,vllm,vllm,long_input_long_output,fixed_num_requests_qps_sweep,llama2_7b,meta-llama/Llama-2-7b-hf,10,7.0,2,0.85,20480,40109.0,37750.98803329865,100.0,42.170915712799165,10,58452,28312,5845.2,2831.2,1.3726904555456714,0.8882286089938134,1.743245945079252,1.3101946880342439,1.7432395892916248,1.7432427671854385,1.7432453095004892,2.6641631086589768,1.4881326644681394,4.541558540659025,2.4021664786851034,3.8272958397632464,4.184427190211135,4.470132270569447,0.05786279429441127,0.05085110238906692,0.06176420442752854,0.05835094502714937,0.05999300370949231,0.06087860406851042,0.06158708435572492,0.0578388530561712,0.05084261589000332,0.06171691177482752,0.05832711268354874,0.05996453532500441,0.060840723549915966,0.06154167412984521,162.938374796859,82.1723988770973,307.1317601525225,151.05483930301853,222.02778362997338,264.57977189124784,298.6213625002676,1.2914726531133056,0.1779105574823916,3.653329931665212,1.2180725510697812,2.169570258329622,2.9114500949974156,3.504953964331653,161.64690214374568,81.91247184807435,305.8330407890025,149.09575618512463,221.73779219188722,263.7854164904448,297.423515929291,1.3726904555456714,0.8882286089938134,1.743245945079252,1.3101946880342439,1.7432395892916248,1.7432427671854385,1.7432453095004892,160.2742116882,80.60228677792475,304.6489544128999,147.35252059006598,220.4401836579898,262.54456903544474,296.22807733740893,7.7157276221551,2.667914978228509,12.222501622512937,7.3642835600767285,11.829403589572758,12.025952606042846,12.18319181921892,2831.2,1306,5992,2525.0,4090.2999999999993,5041.149999999998,5801.83,2832.2,1307,5993,2526.0,4091.2999999999993,5042.149999999998,5802.83,,,
custom_vllm_long_input_long_output_fixed_num_requests_num_requests_10_qps_8_llama2_7b,benchmark_output/figure-1/custom_vllm_long_input_long_output_fixed_num_requests_num_requests_10_qps_8_llama2_7b,vllm,vllm,long_input_long_output,fixed_num_requests_qps_sweep,llama2_7b,meta-llama/Llama-2-7b-hf,10,8.0,2,0.85,20480,39663.0,37255.97891723061,100.0,41.55570015616866,10,58452,28312,5845.2,2831.2,1.7222593731479718,1.608975056093186,1.770075302105397,1.7388973199995235,1.7700550331966953,1.7700651676510462,1.7700732752145267,2.8805638217600062,1.7881345129571855,4.669533914886415,2.5787995965220034,4.666159170400351,4.6678465426433835,4.669196440437808,0.05812363404741433,0.05095025569069468,0.06133559110959799,0.05884401691945973,0.0602985405595069,0.060817065834552445,0.06123188605458888,0.05809960595326395,0.05094175264401733,0.061288626644736124,0.05882024091850555,0.060267677455316096,0.06077815205002611,0.06118653172579412,163.91204653340392,82.06952934525907,307.03111635590903,152.2854159170529,223.4930523975287,265.2620843767188,298.677309960071,1.1583044486120344,0.049234882928431,3.060558858793229,0.8243109219474718,3.0571703399065884,3.0588645993499086,3.0602200069045646,162.7537420847919,81.78183282306418,306.9818814729806,150.07056016800925,223.2937919019488,265.13783668746464,298.61307251587743,1.7222593731479718,1.608975056093186,1.770075302105397,1.7388973199995235,1.7700550331966953,1.7700651676510462,1.7700732752145267,161.03148271164392,80.04294639802538,305.24298184295185,148.3810462494148,221.5548964299727,263.3989391364622,296.87417330165397,7.822724285605363,2.7718092086724937,12.24706429289654,6.869035431183875,12.239904758916236,12.24348452590639,12.24634833949851,2831.2,1306,5992,2525.0,4090.2999999999993,5041.149999999998,5801.83,2832.2,1307,5993,2526.0,4091.2999999999993,5042.149999999998,5802.83,,,
custom_vllm_long_input_long_output_fixed_num_requests_num_requests_10_qps_9_llama2_7b,benchmark_output/figure-1/custom_vllm_long_input_long_output_fixed_num_requests_num_requests_10_qps_9_llama2_7b,vllm,vllm,long_input_long_output,fixed_num_requests_qps_sweep,llama2_7b,meta-llama/Llama-2-7b-hf,10,9.0,2,0.85,20480,39663.0,37292.960876369325,100.0,41.51434533124674,10,58452,28312,5845.2,2831.2,1.736149284034036,1.6143114471342417,1.77038197289221,1.7643550540087745,1.7703733104048298,1.77037764164852,1.770381106643472,2.9737399801844733,1.8668323741294444,4.810414061648771,2.6686250382335857,4.807418544008397,4.8089163028285835,4.810114509884734,0.05783600784268039,0.050462658661828835,0.06176753160008497,0.05862208128351459,0.060345984226373994,0.06105675791322948,0.06162537686271387,0.05781204969987604,0.05045423698982252,0.061720236399778625,0.058598393147060314,0.060315085995683276,0.06101766119773095,0.06157972135936909,162.900478529837,82.68536107987165,304.188620417146,151.66364464582875,219.73987028135446,261.9642453492502,295.7437454035669,1.237590696150437,0.1024465532973408,3.1961026145145297,0.9012770678382367,3.193100493820384,3.194601554167457,3.195802402445115,161.66288783368654,82.37095828005113,304.08617386384867,149.31786825298332,219.50407041525466,261.7951221395516,295.6279635189893,1.736149284034036,1.6143114471342417,1.77038197289221,1.7643550540087745,1.7703733104048298,1.77037764164852,1.770381106643472,159.9267385496525,80.60662873811089,302.32178804301657,147.62552810448688,217.7397051305044,260.0307465867604,293.86357975176537,8.003717401577159,2.9196390493307263,12.548255985835567,7.113503711763769,12.330546579044313,12.43940128243994,12.526485045156441,2831.2,1306,5992,2525.0,4090.2999999999993,5041.149999999998,5801.83,2832.2,1307,5993,2526.0,4091.2999999999993,5042.149999999998,5802.83,,,
custom_vllm_long_input_long_output_fixed_num_requests_num_requests_10_qps_10_llama2_7b,benchmark_output/figure-1/custom_vllm_long_input_long_output_fixed_num_requests_num_requests_10_qps_10_llama2_7b,vllm,vllm,long_input_long_output,fixed_num_requests_qps_sweep,llama2_7b,meta-llama/Llama-2-7b-hf,10,10.0,2,0.85,20480,39663.0,37204.91923680084,100.0,42.09409304756926,10,58452,28312,5845.2,2831.2,1.7198847388383,1.6125713151413947,1.7726240730844438,1.7311791820684448,1.7726114235352726,1.7726177483098582,1.7726228081295268,2.9190110467607155,1.8011105321347713,4.789668871089816,2.6124127097427845,4.786975318635814,4.788322094862815,4.789399515844416,0.05762316010886973,0.05029045859490263,0.061041116543199825,0.058332404582912806,0.05980347986330795,0.060422298203253885,0.060917352875210634,0.0575993244841963,0.05028206566122525,0.06099437755656644,0.05830883542005558,0.05977286424087215,0.0603836208987193,0.060872226224997016,162.4518533023307,81.65043347538449,303.09124797419645,151.1024727090262,221.25169338663105,262.1714706804137,294.9072925154399,1.1991263079224155,0.0698893212247639,3.1770975559484214,0.8605291766580194,3.1743912030709907,3.1757443795097062,3.1768269206606785,161.2527269944083,81.3897956139408,303.0213586529717,148.78195501549635,221.06178906518028,262.0415738590759,294.8254016941926,1.7198847388383,1.6125713151413947,1.7726240730844438,1.7311791820684448,1.7726114235352726,1.7726177483098582,1.7726228081295268,159.53284225557,79.65865708887577,301.2901374420617,147.08936434891075,219.3305933034047,260.3103653727331,293.09418302819597,8.21311234086752,2.9829700167756528,12.834901764290407,7.182861172826961,12.709288554429078,12.772095159359743,12.822340443304274,2831.2,1306,5992,2525.0,4090.2999999999993,5041.149999999998,5801.83,2832.2,1307,5993,2526.0,4091.2999999999993,5042.149999999998,5802.83,,,
custom_sarathi_long_input_long_output_fixed_qps_num_requests_1_qps_1_mistral_7b,benchmark_output/figure-1/custom_sarathi_long_input_long_output_fixed_qps_num_requests_1_qps_1_mistral_7b,sarathi_chunk_128,sarathi,long_input_long_output,fixed_qps_num_requests_sweep,mistral_7b,mistralai/Mistral-7B-Instruct-v0.3,1,1.0,2,0.85,20480,39527.0,35715.93911111111,100.0,24.704444444444444,1,3518,2793,3518.0,2793.0,1.48260956001468,1.48260956001468,1.48260956001468,1.48260956001468,1.48260956001468,1.48260956001468,1.48260956001468,1.4829017748124897,1.4829017748124897,1.4829017748124897,1.4829017748124897,1.4829017748124897,1.4829017748124897,1.4829017748124897,0.04370782242081846,0.04370782242081846,0.04370782242081846,0.04370782242081846,0.04370782242081846,0.04370782242081846,0.04370782242081846,0.04369217336159153,0.04369217336159153,0.04369217336159153,0.04369217336159153,0.04369217336159153,0.04369217336159153,0.04369217336159153,123.51514197373764,123.51514197373764,123.51514197373764,123.51514197373764,123.51514197373764,123.51514197373764,123.51514197373764,0.0002922147978097,0.0002922147978097,0.0002922147978097,0.0002922147978097,0.0002922147978097,0.0002922147978097,0.0002922147978097,123.51484975893982,123.51484975893982,123.51484975893982,123.51484975893982,123.51484975893982,123.51484975893982,123.51484975893982,1.48260956001468,1.48260956001468,1.48260956001468,1.48260956001468,1.48260956001468,1.48260956001468,1.48260956001468,122.03224019892514,122.03224019892514,122.03224019892514,122.03224019892514,122.03224019892514,122.03224019892514,122.03224019892514,1.507606718223542,1.507606718223542,1.507606718223542,1.507606718223542,1.507606718223542,1.507606718223542,1.507606718223542,2820.0,2820,2820,2820.0,2820.0,2820.0,2820.0,2821.0,2821,2821,2821.0,2821.0,2821.0,2821.0,124.55,0.008028904054596548,22.42472902448816
custom_sarathi_long_input_long_output_fixed_qps_num_requests_2_qps_1_mistral_7b,benchmark_output/figure-1/custom_sarathi_long_input_long_output_fixed_qps_num_requests_2_qps_1_mistral_7b,sarathi_chunk_128,sarathi,long_input_long_output,fixed_qps_num_requests_sweep,mistral_7b,mistralai/Mistral-7B-Instruct-v0.3,2,1.0,2,0.85,20480,39527.0,35810.23315835521,100.0,23.480752405949257,2,5575,4099,2787.5,2049.5,1.2005127189913765,0.918607730185613,1.48241770779714,1.2005127189913765,1.4260367100359874,1.4542272089165638,1.476779608021025,1.9010014657396823,1.4827484516426923,2.3192544798366725,1.9010014657396823,2.2356038770172746,2.2774291784269733,2.3108894195547327,0.044364210001871365,0.044134565616055874,0.044593854387686864,0.044364210001871365,0.044547925510523764,0.04457088994910532,0.044589261499970556,0.044339236391681025,0.04411876376656928,0.044559709016792765,0.044339236391681025,0.04451561449177042,0.04453766175428159,0.04455529956429053,92.61034505371936,60.51423445576802,124.7064556516707,92.61034505371936,118.28723353208042,121.49684459187556,124.06453343971167,0.7004887467483059,0.0003307438455522,1.4006467496510595,0.7004887467483059,1.2606151490705089,1.330630949360784,1.3866435895930045,91.90985630697105,59.11358770611696,124.70612490782514,91.90985630697105,118.14687118765433,121.42649804773973,124.05019953580806,1.2005127189913765,0.918607730185613,1.48241770779714,1.2005127189913765,1.4260367100359874,1.4542272089165638,1.476779608021025,90.70934358797967,58.19497997593135,123.223707200028,90.70934358797967,116.72083447761834,119.97227083882316,122.57341992778703,1.3661217981716618,0.6897730191703886,2.042470577172935,1.3661217981716618,1.9072008213726803,1.9748356992728076,2.0289436015929097,2071.0,1322,2820,2071.0,2670.2,2745.1,2805.02,2072.0,1323,2821,2072.0,2671.2,2746.1,2806.02,125.74,0.01590583744234134,32.59901383807858
custom_sarathi_long_input_long_output_fixed_qps_num_requests_3_qps_1_mistral_7b,benchmark_output/figure-1/custom_sarathi_long_input_long_output_fixed_qps_num_requests_3_qps_1_mistral_7b,sarathi_chunk_128,sarathi,long_input_long_output,fixed_qps_num_requests_sweep,mistral_7b,mistralai/Mistral-7B-Instruct-v0.3,3,1.0,2,0.85,20480,39527.0,35826.00261324042,100.0,23.887630662020907,3,7877,6647,2625.6666666666665,2215.6666666666665,1.1533879837176453,0.9321373640559614,1.4842303120531142,1.04379627504386,1.3961435046512634,1.4401869083521888,1.4754216313129291,2.2738774426591895,1.4844829316716641,3.0014460545498878,2.335703341756016,2.8682975119911136,2.9348717832705007,2.9881312002940104,0.04464444848654351,0.04459297813787401,0.04470145237534694,0.04463891494640959,0.04468894488955947,0.0446951986324532,0.04470020162676819,0.0446218865335789,0.04457547696906009,0.04468544755888602,0.04460473507279059,0.044669305061666935,0.044677376310276476,0.04468383330916411,101.15339556072529,60.58948734682053,126.29093796364032,116.579761371715,124.34870264525526,125.31982030444779,126.09671443180181,1.1204894589415442,0.0002526196185499,1.957649779506028,1.4035659777000546,1.8468330191448332,1.9022413993254306,1.9465681034699085,100.03290610178374,59.18592136912048,126.29068534402175,114.62211159220897,123.9569705936592,125.12382796884047,126.0573138689855,1.1533879837176453,0.9321373640559614,1.4842303120531142,1.04379627504386,1.3961435046512634,1.4401869083521888,1.4754216313129291,98.87951811806609,58.25378400506452,124.80645503196864,113.5783153171651,122.56082708900793,123.68364106048828,124.58189223767256,1.7799000080364447,0.9983810770791024,2.7931879160460085,1.5481310309842229,2.5441765390336513,2.6686822275398296,2.768286778344773,2236.0,1322,2820,2566.0,2769.2,2794.6,2814.92,2237.0,1323,2821,2567.0,2770.2,2795.6,2815.92,127.31,0.023564527531222998,52.21113816667976
custom_sarathi_long_input_long_output_fixed_qps_num_requests_4_qps_1_mistral_7b,benchmark_output/figure-1/custom_sarathi_long_input_long_output_fixed_qps_num_requests_4_qps_1_mistral_7b,sarathi_chunk_128,sarathi,long_input_long_output,fixed_qps_num_requests_sweep,mistral_7b,mistralai/Mistral-7B-Instruct-v0.3,4,1.0,2,0.85,20480,39605.0,36530.755116959066,100.0,28.351608187134502,4,15328,10526,3832.0,2631.5,1.7100306992069818,0.9358051200397312,3.3869760578963906,1.2586708094459027,2.8142119325697426,3.1005939952330657,3.3296996453637253,3.218696383468341,1.478035468608141,6.071509535890073,2.6626202646875754,5.148140900209547,5.609825218049808,5.9791726723220195,0.0452135106133105,0.0443342045172756,0.04580911505285836,0.04535536144155402,0.045673263608251934,0.04574118933055515,0.04579552990839772,0.04519337448113245,0.04432277523021262,0.045774039160781134,0.04533834176676801,0.0456433702628123,0.045708704711796715,0.04576097227098425,121.68394406099105,62.11252158973366,177.99955465388484,123.31185000017285,163.0319828502601,170.51576875207246,176.50279747352235,1.5086656842613593,0.0002731618005782,2.684533477993682,1.6749280486255884,2.4653838660568,2.574958672025241,2.6626185167999936,120.1752783767297,60.71670026401989,175.31502117589116,122.33469603350386,161.15272746712435,168.23387432150773,173.89879180501447,1.7100306992069818,0.9358051200397312,3.3869760578963906,1.2586708094459027,2.8142119325697426,3.1005939952330657,3.3296996453637253,118.46524767752271,59.78089514398016,171.92804511799477,121.07602522405796,158.33851553455463,165.13328032627467,170.56909215965075,2.526961220894009,1.3498500799760222,3.593368586851284,2.5823131083743647,3.3774213815340772,3.48539498419268,3.571773866319563,2661.75,1322,3939,2693.0,3603.3,3771.1499999999996,3905.43,2662.75,1323,3940,2694.0,3604.3,3772.1499999999996,3906.43,179.61,0.022270474917877623,58.60475474639496
custom_sarathi_long_input_long_output_fixed_qps_num_requests_5_qps_1_mistral_7b,benchmark_output/figure-1/custom_sarathi_long_input_long_output_fixed_qps_num_requests_5_qps_1_mistral_7b,sarathi_chunk_128,sarathi,long_input_long_output,fixed_qps_num_requests_sweep,mistral_7b,mistralai/Mistral-7B-Instruct-v0.3,5,1.0,2,0.85,20480,39605.0,37168.29865395401,100.0,34.41418956814358,5,20402,16518,4080.4,3303.6,1.8639317760244012,0.9639182290993632,3.383021933026612,1.4647482761647552,3.004339358583093,3.193680645804852,3.3451536755822597,4.022794164950028,1.4650158307049423,7.154079664964229,3.0387955284677446,6.736379651352763,6.945229658158496,7.1123096636030825,0.04588851299011435,0.044905196492568134,0.04633934559457546,0.04619666310718329,0.0463185615482711,0.04632895357142328,0.046337267189945026,0.045870620136456104,0.044897702300897145,0.04630386370667763,0.04617853254866399,0.04629064335925187,0.04629725353296475,0.04630254167193505,154.75798449027351,62.81909617059864,276.18111185194,130.6993960875552,239.06411586268808,257.62261385731404,272.4694122530148,2.158862388925627,0.0002675545401871,4.717764168046415,1.9671405835542828,3.92138157999143,4.319572874018922,4.638125909240916,152.5991221013479,61.43676423002034,271.4633476838935,130.69912853301503,235.14273428269664,253.30304098329506,267.8312863437738,1.8639317760244012,0.9639182290993632,3.383021933026612,1.4647482761647552,3.004339358583093,3.193680645804852,3.3451536755822597,150.7351903253235,60.47284600092098,269.0270321869757,129.23438025685027,232.3277362113353,250.67738419915548,265.3571025894117,3.241275256499648,1.3935120904352516,4.243401751853526,3.820170847000554,4.148434367123992,4.195918059488759,4.233905013380572,3336.0,1322,6033,2820.0,5195.400000000001,5614.2,5949.24,3337.0,1323,6034,2821.0,5196.400000000001,5615.2,5950.24,279.12,0.017913442247062195,59.17884780739467
custom_sarathi_long_input_long_output_fixed_qps_num_requests_6_qps_1_mistral_7b,benchmark_output/figure-1/custom_sarathi_long_input_long_output_fixed_qps_num_requests_6_qps_1_mistral_7b,sarathi_chunk_128,sarathi,long_input_long_output,fixed_qps_num_requests_sweep,mistral_7b,mistralai/Mistral-7B-Instruct-v0.3,6,1.0,2,0.85,20480,39605.0,37116.553760445684,100.0,34.78189415041783,6,28867,18785,4811.166666666667,3130.8333333333335,2.183885963439631,0.9200151769910008,3.876043097814545,1.9201839175075293,3.64709451131057,3.7615688045625575,3.8531482391641476,4.944473242581201,1.472263837698847,9.754016863182187,4.533725610584952,8.409115569549613,9.0815662163659,9.61952673381893,0.04640661774288359,0.04492525682258251,0.047880103219999894,0.04645645893473996,0.04732882593353638,0.04760446457676813,0.04782497549135354,0.04638804005369087,0.04491775928305938,0.047843441578943234,0.04643790685464126,0.047301315845220154,0.0475723787120817,0.04778922900557093,148.95387676362103,64.79242795961909,276.21142790000886,127.01177448453382,230.2346687169047,253.22304830845678,271.61375198169844,2.76058727914157,0.0002892715856432,5.877973765367642,2.300280775176361,5.286897386191413,5.582435575779527,5.818866127450019,146.19328948447946,63.40354987909086,271.5156068929937,126.04604775551707,226.55205953144468,249.03383321221918,267.0192521568388,2.183885963439631,0.9200151769910008,3.876043097814545,1.9201839175075293,3.64709451131057,3.7615688045625575,3.8531482391641476,144.00940352103984,62.48353470209986,269.1472136240918,124.78568859945517,223.65878993459046,246.40300177934114,264.59837125514167,3.853457550324189,1.9493957578670236,5.2285325108096,4.360754342167638,5.208572353585623,5.218552432197612,5.226536495087203,3169.3333333333335,1322,6033,2693.0,4986.0,5509.5,5928.3,3170.3333333333335,1323,6034,2694.0,4987.0,5510.5,5929.3,279.14,0.02149459052805044,67.29598051157126
custom_sarathi_long_input_long_output_fixed_qps_num_requests_7_qps_1_mistral_7b,benchmark_output/figure-1/custom_sarathi_long_input_long_output_fixed_qps_num_requests_7_qps_1_mistral_7b,sarathi_chunk_128,sarathi,long_input_long_output,fixed_qps_num_requests_sweep,mistral_7b,mistralai/Mistral-7B-Instruct-v0.3,7,1.0,2,0.85,20480,39605.0,37162.035393258426,100.0,35.51376404494382,7,36958,21343,5279.714285714285,3049.0,2.433172415409769,0.959153153002262,3.8850823019165546,2.3287364030256867,3.8679927305318413,3.876537516224198,3.883373344778083,5.925699730636552,1.5075791706331074,11.392862665932626,6.187577076954767,10.448707703175025,10.920785184553823,11.298447169656864,0.04636043700762477,0.044582621970602115,0.04840354564442688,0.0465818580172402,0.047599158329129525,0.0480013519867782,0.048323106912897144,0.04634188481711161,0.044575181613130385,0.04836648320518919,0.04656131021926171,0.04757325103786484,0.04796986712152701,0.04828715998845675,145.7867567540213,65.55121622071601,274.2164711880032,128.53145482880063,218.62646525269378,246.4214682203484,268.6574705944722,3.492527315226783,0.0002839197404682,7.536262982990593,2.754774668021128,6.575018448848278,7.055640715919434,7.440138529576361,142.2942294387945,64.12578021897934,269.423224628903,120.99519184581004,215.056301828241,242.23976322857192,263.9865323488367,2.433172415409769,0.959153153002262,3.8850823019165546,2.3287364030256867,3.8679927305318413,3.876537516224198,3.883373344778083,139.86105702338475,63.16662706597708,267.0944882258773,119.86920660291798,212.06512582167056,239.57980702377384,261.5915519854566,3.5610086204084967,1.8963301375042647,5.2828000439330935,3.815575518412516,5.05823530247435,5.1705176732037215,5.260343569787219,3091.4285714285716,1322,6033,2624.0,4776.6,5404.799999999998,5907.359999999999,3092.4285714285716,1323,6034,2625.0,4777.6,5405.799999999998,5908.359999999999,277.12,0.025259815242494228,77.01717667436489
custom_sarathi_long_input_long_output_fixed_qps_num_requests_8_qps_1_mistral_7b,benchmark_output/figure-1/custom_sarathi_long_input_long_output_fixed_qps_num_requests_8_qps_1_mistral_7b,sarathi_chunk_128,sarathi,long_input_long_output,fixed_qps_num_requests_sweep,mistral_7b,mistralai/Mistral-7B-Instruct-v0.3,8,1.0,2,0.85,20480,39605.0,37293.951559020046,100.0,34.492483296213805,8,40609,23413,5076.125,2926.625,2.324763378215721,0.9400843270123004,3.945299336919561,2.023888102499768,3.8573539262171836,3.9013266315683723,3.936504795849323,6.676560723950388,1.4760112767107785,12.79593101516366,6.466059733531438,11.692633181554266,12.244282098358962,12.68560123180272,0.047195868671177574,0.04537798287815652,0.04873734929659529,0.04712537536626116,0.0480859993030508,0.04841167429982304,0.04867221429724084,0.04717653318662325,0.04537040978355068,0.048700031264974616,0.0471036029796022,0.04806167014375531,0.04838085070436496,0.04863619515285268,143.67999387471355,65.92780049378052,278.7911896700971,127.95343377476092,214.62986665614878,246.7105281631229,272.37505736870224,4.351797345734667,0.0002284217625856,11.071468926034868,3.6366389516042545,8.501530429674311,9.786499677854588,10.81447507639881,139.32819652897888,64.54232515906915,274.18280953890644,123.28356462542433,211.3819241763791,242.78236685764273,267.90272100265366,2.324763378215721,0.9400843270123004,3.945299336919561,2.023888102499768,3.8573539262171836,3.9013266315683723,3.936504795849323,137.00343315076316,63.60224083205685,271.8594954230357,120.85674619849306,208.35006072802932,240.10477807553247,265.50855195353506,4.235210138984257,1.7406933715101331,6.399192278040573,3.9874462232692167,6.3623020554892715,6.380747166764922,6.395503255785443,2967.5,1322,6033,2595.0,4567.2,5300.0999999999985,5886.419999999999,2968.5,1323,6034,2596.0,4568.2,5301.0999999999985,5887.419999999999,281.69,0.0284000142000071,83.11619155809578
custom_sarathi_long_input_long_output_fixed_qps_num_requests_9_qps_1_mistral_7b,benchmark_output/figure-1/custom_sarathi_long_input_long_output_fixed_qps_num_requests_9_qps_1_mistral_7b,sarathi_chunk_128,sarathi,long_input_long_output,fixed_qps_num_requests_sweep,mistral_7b,mistralai/Mistral-7B-Instruct-v0.3,9,1.0,2,0.85,20480,39605.0,37195.96229508197,100.0,36.39808743169399,9,48865,25915,5429.444444444444,2879.4444444444443,2.4267492323027304,0.9349595799576492,3.9029828279744834,2.3289886109996587,3.757128917565569,3.8300558727700262,3.888397436933592,7.410249513289374,1.513103193603456,15.43620303971693,6.703388302121311,12.798855364788325,14.117529202252626,15.17246827222407,0.04995958084660626,0.04642791921046534,0.053395905698046545,0.05024521891511363,0.051174481967204886,0.05228519383262571,0.053173763324962375,0.04993902416295317,0.04642017089284009,0.053355020624770856,0.05022722921983432,0.05114963540435475,0.0522523280145628,0.053134482102729245,149.1062974871602,72.02709458465688,284.8530522920192,138.11312784184702,211.51097476463767,248.18201352832838,277.518844539281,4.983500280986643,0.0002173916436731,11.533220211742446,4.374399691121653,10.655951909674334,11.094586060708389,11.445493381535634,144.12279720617354,70.61661651590839,280.4786526008975,129.9242778699845,208.50808612736873,244.49336936413306,273.2815959535446,2.4267492323027304,0.9349595799576492,3.9029828279744834,2.3289886109996587,3.757128917565569,3.8300558727700262,3.888397436933592,141.6960479738708,69.68165693595074,278.1496639898978,127.5285558931064,205.55857221474872,241.85411810232324,270.8905548123829,4.7417956351613,2.462909263558686,7.310001589590684,3.891855967696756,7.2694791915360835,7.2897403905633835,7.305949349785224,2923.4444444444443,1322,6033,2571.0,4357.8,5195.4,5865.48,2924.4444444444443,1323,6034,2572.0,4358.8,5196.4,5866.48,287.74,0.031278237297560296,90.06394661847501
custom_sarathi_long_input_long_output_fixed_num_requests_num_requests_10_qps_1_mistral_7b,benchmark_output/figure-1/custom_sarathi_long_input_long_output_fixed_num_requests_num_requests_10_qps_1_mistral_7b,sarathi_chunk_128,sarathi,long_input_long_output,fixed_num_requests_qps_sweep,mistral_7b,mistralai/Mistral-7B-Instruct-v0.3,10,1.0,2,0.85,20480,39605.0,37390.54350190321,100.0,36.4510603588907,10,58452,28312,5845.2,2831.2,2.6971873087575657,0.9311923619825392,4.479645803105086,2.8246464416151866,4.079118364676833,4.279382083890959,4.439593059262261,8.939875332079827,1.4664952924940735,20.48824459547177,8.197477902635,16.537302009295672,18.512773302383717,20.093150336854162,0.05087064969352264,0.047151582035359026,0.05204098901505083,0.05130103162487265,0.052015184535023976,0.052028086775037403,0.052038408567048146,0.050849796974108075,0.0471437129462343,0.052018033131056546,0.05127135552993406,0.05199451724896618,0.052006275190011365,0.05201568154284751,151.3186752852518,69.32014624564908,289.3862532589119,142.22974630910903,206.87147463920988,248.12886394906081,281.13477539694173,6.242688023322262,0.0002065885346382,16.008598792366683,5.145186003530398,12.458183644618838,14.233391218492757,15.653557277591899,145.07598726192955,67.93482782994397,284.8095481840428,132.45720156352036,204.03686331515198,244.42320574959732,276.73227969715373,2.6971873087575657,0.9311923619825392,4.479645803105086,2.8246464416151866,4.079118364676833,4.279382083890959,4.439593059262261,142.37879995317198,67.00363546796143,282.4851279738359,129.23137111449614,200.81203588841012,241.64858193112292,274.31781876529334,5.246613586274907,2.671224368736148,8.423817386617884,4.562339474214241,8.207581201358698,8.31569929398829,8.402193768091966,2878.9,1322,6033,2568.5,4148.4,5090.699999999998,5844.54,2879.9,1323,6034,2569.5,4149.4,5091.699999999998,5845.54,293.84000000000003,0.03403212632725292,96.35175605771848
custom_sarathi_long_input_long_output_fixed_qps_num_requests_10_qps_1_mistral_7b,benchmark_output/figure-1/custom_sarathi_long_input_long_output_fixed_qps_num_requests_10_qps_1_mistral_7b,sarathi_chunk_128,sarathi,long_input_long_output,fixed_qps_num_requests_sweep,mistral_7b,mistralai/Mistral-7B-Instruct-v0.3,10,1.0,2,0.85,20480,39605.0,37316.855334051725,100.0,35.3370150862069,10,58452,28312,5845.2,2831.2,2.7325194301083684,0.9357951360289009,4.802030416205525,2.823035603389144,4.100492029590532,4.451261222898028,4.731876577544027,8.99515805542469,1.4398901886306703,20.848338290583342,8.25182443112135,16.60697501574177,18.72765665316255,20.424201963099186,0.05229002873225055,0.04768111992909064,0.05457289198456311,0.05275362239507833,0.053754012934671414,0.05416345245961726,0.05449100407957394,0.05226849700715136,0.0476731624658181,0.05453110569667294,0.052733869736592685,0.05372650255528519,0.05412880412597906,0.05445064538253416,154.7418154802872,73.5103786336258,292.55428759311326,145.6831782211084,209.50608119196255,251.03018439253782,284.2494669529982,6.262638625316322,0.0002152856905013,16.046307874377817,5.141967767616734,12.506482986151237,14.276395430264524,15.69232538555516,148.47917685497086,72.15341917588376,287.97951844218187,135.89719505945686,206.6724876494845,247.3260030458331,279.84881536291215,2.7325194301083684,0.9357951360289009,4.802030416205525,2.823035603389144,4.100492029590532,4.451261222898028,4.731876577544027,145.7466574248625,71.21762403985485,285.65758949518204,132.6313738769386,203.4485667209839,244.5530781080829,277.43668721776226,5.553415585728362,2.825492688454688,8.843746783444658,4.798672318342142,8.691890655760654,8.767818719602655,8.828561170676258,2878.9,1322,6033,2568.5,4148.4,5090.699999999998,5844.54,2879.9,1323,6034,2569.5,4149.4,5091.699999999998,5845.54,293.84000000000003,0.03403212632725292,96.35175605771848
custom_sarathi_long_input_long_output_fixed_num_requests_num_requests_10_qps_2_mistral_7b,benchmark_output/figure-1/custom_sarathi_long_input_long_output_fixed_num_requests_num_requests_10_qps_2_mistral_7b,sarathi_chunk_128,sarathi,long_input_long_output,fixed_num_requests_qps_sweep,mistral_7b,mistralai/Mistral-7B-Instruct-v0.3,10,2.0,2,0.85,20480,39605.0,37405.917248790975,100.0,35.432294465341215,10,58452,28312,5845.2,2831.2,2.746688094176352,0.931063316995278,4.802616510074586,2.8352210748707876,4.142253310000523,4.4724349100375544,4.73658019006718,10.486544029111974,1.450270653469488,23.97210955689661,9.550207720370963,19.716629863576962,21.84436971023678,23.546561587564646,0.052120221147879196,0.048099693272106114,0.054088604964772635,0.05249665705785077,0.05342359312998396,0.0537560990473783,0.05402210378129377,0.05209879068589897,0.04809166595346925,0.054047189493896086,0.05247700103189455,0.053396256059884954,0.05372172277689052,0.05398209615049497,156.05569169626105,72.89737352891825,296.0625421658624,147.8697397906799,210.91316268285732,253.48785242435977,287.5476042175619,7.739855934935622,0.000204962445423,19.169493046822023,6.431371910497546,15.574376553576435,17.371934800199227,18.809981397497467,148.31583576132545,71.51669279602356,290.4756150720641,135.36137615004554,207.69884546955578,249.08723027080987,282.1979381118133,2.746688094176352,0.931063316995278,4.802616510074586,2.8352210748707876,4.142253310000523,4.4724349100375544,4.73658019006718,145.56914766714908,70.58562947902828,288.16526239318773,131.898464717553,204.44372967788945,246.3044960355385,279.79310912165795,5.486328765098006,2.7950325603596866,8.817720019025728,4.720432804548182,8.57997206945438,8.698846044240053,8.793945224068594,2878.9,1322,6033,2568.5,4148.4,5090.699999999998,5844.54,2879.9,1323,6034,2569.5,4149.4,5091.699999999998,5845.54,297.45,0.03361909564632712,95.18238359388133
custom_sarathi_long_input_long_output_fixed_num_requests_num_requests_10_qps_3_mistral_7b,benchmark_output/figure-1/custom_sarathi_long_input_long_output_fixed_num_requests_num_requests_10_qps_3_mistral_7b,sarathi_chunk_128,sarathi,long_input_long_output,fixed_num_requests_qps_sweep,mistral_7b,mistralai/Mistral-7B-Instruct-v0.3,10,3.0,2,0.85,20480,39605.0,37343.8735167206,100.0,36.71655879180151,10,58452,28312,5845.2,2831.2,2.6868883560411634,0.9000394940376282,4.72782372799702,2.71607428858988,4.0793483894551175,4.403586058726068,4.662976194142829,10.605961716524325,1.350487127434462,24.35916980006732,9.568035315023735,20.169471467658877,22.264320633863093,23.940199966826476,0.053158668387643514,0.04784985868969288,0.05497376597058811,0.05380179149298708,0.05479335460530917,0.05488356028794864,0.054955724834060214,0.053136777817979555,0.047841873065746006,0.05494720859572309,0.05378164483323748,0.054768953840029,0.05485808121787605,0.054929383120153684,158.53510929648763,73.62906730687246,294.51383961946703,151.70698735513724,210.59926868346517,252.556554151466,286.12238252586684,7.9190733604831625,0.0001265322789549,19.6313460720703,6.4922703199554235,16.090123078203757,17.860734575137027,19.277223772683648,150.6160359360045,72.34464109200053,288.93942173803225,138.68997372849844,207.42073342832734,248.1800775831797,280.78755290706175,2.6868883560411634,0.9000394940376282,4.72782372799702,2.71607428858988,4.0793483894551175,4.403586058726068,4.662976194142829,147.9291475799633,71.4446015979629,286.66850340995006,135.55018508946523,204.34853437133128,245.50851889064057,278.4365065060882,5.331724831671454,2.813409878872335,8.523043760797009,4.737601374625228,8.149717875104397,8.336380817950703,8.485711172227747,2878.9,1322,6033,2568.5,4148.4,5090.699999999998,5844.54,2879.9,1323,6034,2569.5,4149.4,5091.699999999998,5845.54,295.43,0.033848965914091325,95.83319229597535
custom_sarathi_long_input_long_output_fixed_num_requests_num_requests_10_qps_4_mistral_7b,benchmark_output/figure-1/custom_sarathi_long_input_long_output_fixed_num_requests_num_requests_10_qps_4_mistral_7b,sarathi_chunk_128,sarathi,long_input_long_output,fixed_num_requests_qps_sweep,mistral_7b,mistralai/Mistral-7B-Instruct-v0.3,10,4.0,2,0.85,20480,39605.0,37408.482384823845,100.0,35.516531165311655,10,58452,28312,5845.2,2831.2,2.651518769864924,0.9004868040792644,4.795172954909504,2.6821289013605565,4.141054479521699,4.468113717215601,4.729761107370724,10.64933755218517,1.357438913313672,24.508366242283955,9.655863200663589,20.252268201089464,22.380317221686706,24.082756438164505,0.052175229163247835,0.04774547546387354,0.05372736576384369,0.05266733135928371,0.053591781926447334,0.05365957384514551,0.053713807380104055,0.05215377985974713,0.04773750726035821,0.05368622689266157,0.052647608707161286,0.05356437381452232,0.05362530035359195,0.05367404158484765,156.26914323742966,72.30906391539611,293.9864689228125,148.65232977748383,210.71620084475725,252.35133488378477,285.659442115007,7.9978187823202465,0.0001181631814688,19.71319328737445,6.668139020330273,16.111213721567765,17.912203504471105,19.352995330793785,148.27132445510944,71.01469912589528,288.2567692298908,135.62598953058477,207.47063977238722,247.86370450113893,280.1781562841404,2.651518769864924,0.9004868040792644,4.795172954909504,2.6821289013605565,4.141054479521699,4.468113717215601,4.729761107370724,145.6198056852445,70.11421232181601,286.0431435040664,132.76542454899754,204.4137083305977,245.22842591733195,277.88019998671956,5.4308145478134975,2.782351686852053,8.638935490511358,4.711091504548676,8.523068829323165,8.581002159917261,8.627348824392538,2878.9,1322,6033,2568.5,4148.4,5090.699999999998,5844.54,2879.9,1323,6034,2569.5,4149.4,5091.699999999998,5845.54,294.67,0.03393626768927953,96.08036108188821
custom_sarathi_long_input_long_output_fixed_num_requests_num_requests_10_qps_5_mistral_7b,benchmark_output/figure-1/custom_sarathi_long_input_long_output_fixed_num_requests_num_requests_10_qps_5_mistral_7b,sarathi_chunk_128,sarathi,long_input_long_output,fixed_num_requests_qps_sweep,mistral_7b,mistralai/Mistral-7B-Instruct-v0.3,10,5.0,2,0.85,20480,39605.0,37236.537806176784,100.0,35.25772097976571,10,58452,28312,5845.2,2831.2,2.7776734979590403,0.9333190158940852,4.8772088079713285,2.8460707555059344,4.18423782212194,4.530723315046634,4.8079117093863895,11.460606186022051,1.454714075429365,26.05626308429055,10.391065525705926,21.726761603774502,23.89151234403252,25.623312936238946,0.053652546618905304,0.04855007606812202,0.05578595424459897,0.05418435446204072,0.05530518465303293,0.055545569448815946,0.05573787728544237,0.05363044909579018,0.04854197358546713,0.05574323911883741,0.05416406560705955,0.05527689063358306,0.05551006487621024,0.05569660427031198,160.8731912427582,75.12573315179907,299.4298134401906,153.4481750514824,214.88756723094264,257.1586903355666,290.97558881926585,8.68293268806301,0.0001721405424177,21.17905427631922,7.2554216692224145,17.542523781652562,19.360789028985888,20.815401226852554,152.19025855469516,73.73398930509575,293.20293478202075,139.6285771834664,211.38783622630868,252.29538550416464,285.0214249264496,2.7776734979590403,0.9333190158940852,4.8772088079713285,2.8460707555059344,4.18423782212194,4.530723315046634,4.8079117093863895,149.41258505673613,72.80067028920166,290.863505724119,136.30691591859795,208.13645211271938,249.49997891841912,282.59080036297905,5.459980075480416,2.77146246493794,8.721761027118191,4.704107067431323,8.524754038546234,8.623257532832213,8.702060328260995,2878.9,1322,6033,2568.5,4148.4,5090.699999999998,5844.54,2879.9,1323,6034,2569.5,4149.4,5091.699999999998,5845.54,299.92,0.033342224593224855,94.39850626833822
custom_sarathi_long_input_long_output_fixed_num_requests_num_requests_10_qps_6_mistral_7b,benchmark_output/figure-1/custom_sarathi_long_input_long_output_fixed_num_requests_num_requests_10_qps_6_mistral_7b,sarathi_chunk_128,sarathi,long_input_long_output,fixed_num_requests_qps_sweep,mistral_7b,mistralai/Mistral-7B-Instruct-v0.3,10,6.0,2,0.85,20480,39605.0,37259.630172413796,100.0,36.911206896551725,10,58452,28312,5845.2,2831.2,2.6396916345926003,0.8971179379150271,4.411522638052702,2.7556869274703786,3.890380163467489,4.1509514007600945,4.359408390594181,11.067568000825123,1.4005004290957004,24.891710917698223,10.058130076969974,20.979099156102166,22.93540503690019,24.500449741538617,0.050175534351699067,0.04345082355835889,0.05363113473711885,0.05082423225822041,0.052512728141006305,0.053071931439062574,0.05351929407750759,0.05015473637764619,0.04344357208580243,0.05359006954972442,0.050805203820105324,0.05248584403064015,0.053037956790182285,0.053479646997815995,149.64974371329882,72.2254544638563,268.58701096940786,144.24154294270556,193.54635777475772,231.0666843720827,261.08294564994287,8.427876366232521,0.0001343041658401,20.48018827964552,7.0391150244977325,17.088718992634675,18.784453636140096,20.141041350944437,141.22186734706628,70.88574876985513,262.5378283751197,130.98163638741244,190.20671621870713,226.37227229691337,255.30471715947846,2.6396916345926003,0.8971179379150271,4.411522638052702,2.7556869274703786,3.890380163467489,4.1509514007600945,4.359408390594181,138.58217571247368,69.9886308319401,260.31388393812813,127.19396029389463,187.0256352988537,223.66975961849084,252.9850590742007,5.465043193125166,2.8043392503168434,8.683180081192404,4.751405101036653,8.595332972100005,8.639256526646204,8.674395370283165,2878.9,1322,6033,2568.5,4148.4,5090.699999999998,5844.54,2879.9,1323,6034,2569.5,4149.4,5091.699999999998,5845.54,269.01,0.03717333928106762,105.24515817255865
custom_sarathi_long_input_long_output_fixed_num_requests_num_requests_10_qps_7_mistral_7b,benchmark_output/figure-1/custom_sarathi_long_input_long_output_fixed_num_requests_num_requests_10_qps_7_mistral_7b,sarathi_chunk_128,sarathi,long_input_long_output,fixed_num_requests_qps_sweep,mistral_7b,mistralai/Mistral-7B-Instruct-v0.3,10,7.0,2,0.85,20480,39605.0,37392.13266953714,100.0,35.706404736275566,10,58452,28312,5845.2,2831.2,2.748506118543446,0.9254315549042076,4.725048813037574,2.8699667603941634,4.133818732248619,4.429433772643096,4.665925804958679,11.566348974290303,1.4768319157883525,26.109063499607146,10.539040554198436,21.915309033077207,24.012186266342173,25.689688052954153,0.051935619603077784,0.04802441917378639,0.054019313925784435,0.052379107860441886,0.053043139936441865,0.053531226931113146,0.05392169652685018,0.05191426663034264,0.04801640441758249,0.05397795151083361,0.0523594960417581,0.053020306203367555,0.053499128857100585,0.053882186980087,156.66281089591794,72.83575062826276,296.40044578770176,148.75883972016163,210.7668680810835,253.58365693439254,287.83708801703995,8.817842855746857,0.0002523949369788,21.38401468656957,7.403087677666917,17.78149030082859,19.582752493699076,21.023762247995474,147.84496804017107,71.4206362280529,290.05952900112607,134.83305178245064,207.25932297206012,248.65942598659302,281.7795083982195,2.748506118543446,0.9254315549042076,4.725048813037574,2.8699667603941634,4.133818732248619,4.429433772643096,4.665925804958679,145.09646192162762,70.49520467314869,287.71429527015425,131.5727290099021,203.9695697881281,245.8419325291411,279.33982272195163,5.247699715197086,2.682766382349655,8.324070446193218,4.532895721611567,8.246770753990859,8.285420600092039,8.316340476972982,2878.9,1322,6033,2568.5,4148.4,5090.699999999998,5844.54,2879.9,1323,6034,2569.5,4149.4,5091.699999999998,5845.54,296.71,0.0337029422668599,95.41977014593374
custom_sarathi_long_input_long_output_fixed_num_requests_num_requests_10_qps_8_mistral_7b,benchmark_output/figure-1/custom_sarathi_long_input_long_output_fixed_num_requests_num_requests_10_qps_8_mistral_7b,sarathi_chunk_128,sarathi,long_input_long_output,fixed_num_requests_qps_sweep,mistral_7b,mistralai/Mistral-7B-Instruct-v0.3,10,8.0,2,0.85,20480,39605.0,37214.37889366273,100.0,35.287056928034374,10,58452,28312,5845.2,2831.2,2.4949224366107954,0.9407005489338188,4.645204447209835,2.692327764001675,3.580321207107045,4.112762827158439,4.538716123199556,10.670360836340114,1.4701594929210842,23.740637057693675,9.997781095094979,19.611260838666933,21.6759489481803,23.327699435791,0.05198114872408034,0.047858687218973836,0.05355913968488516,0.052515099303074256,0.05314686456986648,0.05335300212737582,0.053517912173383295,0.051959810937950955,0.047850700121640895,0.053533265704361066,0.05249433970666385,0.053123196029069744,0.053328230866715405,0.05349225873683194,155.9104400231503,71.13675529602915,295.18462496157736,148.12550127413124,209.98823780736416,252.58643138447067,286.66498624615605,8.17543839972932,0.0159681749064475,19.09543261048384,7.276110171573237,16.030939631559885,17.56318612102186,18.788983312591444,147.73500162342097,69.7268988720607,288.9080511869397,135.0765375815099,206.47889273646285,247.6934719617012,280.66513534189204,2.4949224366107954,0.9407005489338188,4.645204447209835,2.692327764001675,3.580321207107045,4.112762827158439,4.538716123199556,145.2400791868102,68.78619832312688,286.72139512887225,132.81006223452277,203.2938293042127,245.00761221654238,278.3786385464063,5.459133172035218,2.8623415478505194,8.72348412615247,4.749910343205556,8.501142680388876,8.612313403270672,8.701249981576112,2878.9,1322,6033,2568.5,4148.4,5090.699999999998,5844.54,2879.9,1323,6034,2569.5,4149.4,5091.699999999998,5845.54,295.45,0.033846674564224064,95.82670502623118
custom_sarathi_long_input_long_output_fixed_num_requests_num_requests_10_qps_9_mistral_7b,benchmark_output/figure-1/custom_sarathi_long_input_long_output_fixed_num_requests_num_requests_10_qps_9_mistral_7b,sarathi_chunk_128,sarathi,long_input_long_output,fixed_num_requests_qps_sweep,mistral_7b,mistralai/Mistral-7B-Instruct-v0.3,10,9.0,2,0.85,20480,39605.0,37388.78111587983,100.0,34.91952789699571,10,58452,28312,5845.2,2831.2,2.739820966613479,0.9068406571168453,4.805791905848309,2.8238269260618836,4.12967421929352,4.467733062570914,4.73818013719283,11.519458726141602,1.4244635880459098,26.209596822503954,10.403607539250515,21.942403395404106,24.076000108954027,25.78287747979397,0.05272939710374881,0.04834401673309168,0.054717464223004504,0.05308586103423382,0.05431075767881552,0.05451411095091001,0.054676793568585604,0.05270770226696836,0.04833594863951139,0.0546755672366163,0.0530659842471304,0.054282974254932004,0.05447927074577415,0.05463630793844787,158.63081508530303,73.67717602662742,298.1915558599867,150.61984516249504,212.5711506484309,255.3813532542087,289.62951533883114,8.779637759528123,0.0001589329913258,21.403804916655645,7.314976282650605,17.812729176110587,19.608267046383112,21.04469734260114,149.85117732577493,72.31313146813773,291.93910899804905,136.93056197091937,209.13728680205529,250.53819790005207,283.6589267784497,2.739820966613479,0.9068406571168453,4.805791905848309,2.8238269260618836,4.12967421929352,4.467733062570914,4.73818013719283,147.11135635916145,71.40629081102088,289.62900424795225,133.3626362150535,205.9024821352213,247.7657431915867,281.2563520366792,5.437099090754055,2.7426739977672696,8.541983840288594,4.758077391888946,8.481412518885918,8.511698179587256,8.535926708148327,2878.9,1322,6033,2568.5,4148.4,5090.699999999998,5844.54,2879.9,1323,6034,2569.5,4149.4,5091.699999999998,5845.54,298.47,0.033504204777699595,94.85710456662311
custom_sarathi_long_input_long_output_fixed_num_requests_num_requests_10_qps_10_mistral_7b,benchmark_output/figure-1/custom_sarathi_long_input_long_output_fixed_num_requests_num_requests_10_qps_10_mistral_7b,sarathi_chunk_128,sarathi,long_input_long_output,fixed_num_requests_qps_sweep,mistral_7b,mistralai/Mistral-7B-Instruct-v0.3,10,10.0,2,0.85,20480,39605.0,37372.163243243245,100.0,35.479729729729726,10,58452,28312,5845.2,2831.2,2.679073671018705,0.9135930500924588,4.661009907023981,2.8218059990322217,3.9632011213572693,4.312105514190625,4.5912290284573105,11.447011702298187,1.4753203503787518,25.701719613047313,10.497243226622231,21.561760189337654,23.63173990119248,25.28772367067635,0.051987385657423946,0.04776524109981968,0.053689297491870104,0.052442755440956064,0.0533804014590699,0.053534849475470006,0.05365840788859008,0.05196601065915962,0.04775726959763346,0.05364818776944141,0.05242311931649222,0.0533530965391411,0.053500642154291254,0.053618678646411386,156.57151075766888,72.39322387124412,294.8256459259428,148.87621500273235,209.91295246426014,252.3692991951014,286.3343765797746,8.767938031279481,0.0195467022713273,21.040709706023332,7.4176902720937505,17.598559067980386,19.319634387001855,20.696494642219037,147.8035727263894,70.97812627698295,288.4834929499775,135.0770898029441,206.39073983656704,247.43711639327222,280.2742176386365,2.679073671018705,0.9135930500924588,4.661009907023981,2.8218059990322217,3.9632011213572693,4.312105514190625,4.5912290284573105,145.12449905537068,70.06453322689049,286.1615594290197,131.84467427595519,203.16903585507532,244.66529764204742,277.86230707162525,5.390896933805197,2.780721770366654,8.543429688783363,4.6718469123588875,8.422375114844181,8.48290240181377,8.531324231389444,2878.9,1322,6033,2568.5,4148.4,5090.699999999998,5844.54,2879.9,1323,6034,2569.5,4149.4,5091.699999999998,5845.54,295.04,0.0338937093275488,95.95986984815617
custom_sarathi_long_input_long_output_fixed_qps_num_requests_1_qps_1_mixtral_7b_8expert,benchmark_output/figure-1/custom_sarathi_long_input_long_output_fixed_qps_num_requests_1_qps_1_mixtral_7b_8expert,sarathi_chunk_128,sarathi,long_input_long_output,fixed_qps_num_requests_sweep,mixtral_8x7b,DiscoResearch/mixtral-7b-8expert,1,1.0,2,0.85,20480,39409.0,35607.8065661047,100.0,15.049689440993788,1,3518,2793,3518.0,2793.0,1.5866452418267727,1.5866452418267727,1.5866452418267727,1.5866452418267727,1.5866452418267727,1.5866452418267727,1.5866452418267727,1.5869259936735034,1.5869259936735034,1.5869259936735034,1.5869259936735034,1.5869259936735034,1.5869259936735034,1.5869259936735034,0.0433563324559432,0.0433563324559432,0.0433563324559432,0.0433563324559432,0.0433563324559432,0.0433563324559432,0.0433563324559432,0.043340809243463445,0.043340809243463445,0.043340809243463445,0.043340809243463445,0.043340809243463445,0.043340809243463445,0.043340809243463445,122.6378062106669,122.6378062106669,122.6378062106669,122.6378062106669,122.6378062106669,122.6378062106669,122.6378062106669,0.0002807518467307,0.0002807518467307,0.0002807518467307,0.0002807518467307,0.0002807518467307,0.0002807518467307,0.0002807518467307,122.63752545882016,122.63752545882016,122.63752545882016,122.63752545882016,122.63752545882016,122.63752545882016,122.63752545882016,1.5866452418267727,1.5866452418267727,1.5866452418267727,1.5866452418267727,1.5866452418267727,1.5866452418267727,1.5866452418267727,121.0508802169934,121.0508802169934,121.0508802169934,121.0508802169934,121.0508802169934,121.0508802169934,121.0508802169934,1.5712467739358544,1.5712467739358544,1.5712467739358544,1.5712467739358544,1.5712467739358544,1.5712467739358544,1.5712467739358544,2820.0,2820,2820,2820.0,2820.0,2820.0,2820.0,2821.0,2821,2821,2821.0,2821.0,2821.0,2821.0,123.67,0.008086035416835126,22.584296919220506
custom_sarathi_long_input_long_output_fixed_qps_num_requests_2_qps_1_mixtral_7b_8expert,benchmark_output/figure-1/custom_sarathi_long_input_long_output_fixed_qps_num_requests_2_qps_1_mixtral_7b_8expert,sarathi_chunk_128,sarathi,long_input_long_output,fixed_qps_num_requests_sweep,mixtral_8x7b,DiscoResearch/mixtral-7b-8expert,2,1.0,2,0.85,20480,39409.0,35814.625334522745,100.0,15.420606601248885,2,5575,4099,2787.5,2049.5,1.1293705770513043,0.8490701380651444,1.409671016037464,1.1293705770513043,1.353610928240232,1.3816409721388478,1.4040650072577407,1.796628167736344,1.4098835056647656,2.1833728298079222,1.796628167736344,2.1060238973936065,2.1446983636007646,2.1756379365664906,0.04142181435927261,0.04069596192874443,0.04214766678980079,0.04142181435927261,0.04200249630369515,0.04207508154674797,0.04213314974119022,0.04139868874353582,0.04066480116157081,0.042132576325500826,0.04139868874353582,0.04198579880910783,0.042059187567304326,0.04211789857386153,87.18888616480399,55.2916031468194,119.08616918278858,87.18888616480399,112.70671257919166,115.89644088099011,118.44822352242889,0.6672575906850398,0.0002124896273016,1.3343026917427778,0.6672575906850398,1.2008936715312302,1.2675981816370039,1.320961789721623,86.52162857411895,53.95730045507662,119.08595669316128,86.52162857411895,112.57309106935281,115.82952388125705,118.43467013078043,1.1293705770513043,0.8490701380651444,1.409671016037464,1.1293705770513043,1.353610928240232,1.3816409721388478,1.4040650072577407,85.39225799706765,53.10823031701148,117.6762856771238,85.39225799706765,111.21948014111257,114.44788290911818,117.03060512352268,1.1340349002275616,0.5239280839450657,1.7441417165100574,1.1340349002275616,1.6221203532535582,1.6831310348818078,1.7319395801844075,2071.0,1322,2820,2071.0,2670.2,2745.1,2805.02,2072.0,1323,2821,2072.0,2671.2,2746.1,2806.02,119.8,0.01669449081803005,34.215358931552586
custom_sarathi_long_input_long_output_fixed_qps_num_requests_3_qps_1_mixtral_7b_8expert,benchmark_output/figure-1/custom_sarathi_long_input_long_output_fixed_qps_num_requests_3_qps_1_mixtral_7b_8expert,sarathi_chunk_128,sarathi,long_input_long_output,fixed_qps_num_requests_sweep,mixtral_8x7b,DiscoResearch/mixtral-7b-8expert,3,1.0,2,0.85,20480,39409.0,35724.075086805555,100.0,14.799913194444445,3,7877,6647,2625.6666666666665,2215.6666666666665,1.1044655749574304,0.8782644169405103,1.467880261829123,0.967252046102658,1.3677546186838299,1.4178174402564763,1.4578676975145937,2.201183563020701,1.4680922296829522,2.8644600256811827,2.2709984336979687,2.74576770728454,2.8051138664828614,2.8525907938415185,0.04453318258154138,0.04443423745149624,0.04471974014268895,0.04444557015043897,0.04466490614423896,0.044692323143463955,0.044714256742843954,0.04451065130459921,0.04441679858279471,0.0446854983814771,0.04442965694952582,0.04463433009508684,0.044659914238281966,0.04468038155283807,100.74294874141924,60.630259319907054,125.56012408970857,116.03846281464212,123.65579183469528,124.60795796220192,125.36969086420724,1.096717988063271,0.0002119678538292,1.8972079795785248,1.3927340167574584,1.7963131870143116,1.8467605832964182,1.8871185003221036,99.64623075335597,59.2375253031496,125.55991212185472,114.1412548350636,123.2761806644965,124.41804639317562,125.3315389761189,1.1044655749574304,0.8782644169405103,1.467880261829123,0.967252046102658,1.3677546186838299,1.4178174402564763,1.4578676975145937,98.54176517839853,58.359260886209086,124.0920318600256,113.17400278896092,121.90842604581266,123.00022895291913,123.8736712786043,1.6796345828721921,0.9415322446729988,2.6385903011541814,1.458781202789396,2.402628481481224,2.5206093913177026,2.6149941191868855,2236.0,1322,2820,2566.0,2769.2,2794.6,2814.92,2237.0,1323,2821,2567.0,2770.2,2795.6,2815.92,126.3,0.023752969121140142,52.62866191607284
custom_sarathi_long_input_long_output_fixed_qps_num_requests_4_qps_1_mixtral_7b_8expert,benchmark_output/figure-1/custom_sarathi_long_input_long_output_fixed_qps_num_requests_4_qps_1_mixtral_7b_8expert,sarathi_chunk_128,sarathi,long_input_long_output,fixed_qps_num_requests_sweep,mixtral_8x7b,DiscoResearch/mixtral-7b-8expert,4,1.0,2,0.85,20480,39409.0,36325.44761904762,100.0,18.026007326007328,4,15328,10526,3832.0,2631.5,1.6069048297358677,0.8775012609548867,3.147496312856674,1.201310872565955,2.630423792195507,2.8889600525260897,3.095789060790557,3.037278577918187,1.4241269556805491,5.6725964257493615,2.5261954651214182,4.8194116272963585,5.246004026522859,5.58727794590406,0.04424244540311777,0.0435251655355946,0.044506987041376275,0.044468814517750095,0.04450421907983519,0.04450560306060573,0.04450671024522217,0.04422277676968625,0.04351394481748798,0.04448029670365055,0.04444843277880325,0.04447808014791435,0.044479188425782454,0.04448007504807693,119.1083083229023,60.30536192166619,174.46318837278525,120.8323414985789,159.77430383055474,167.11874610166998,172.99429991856218,1.430373748182319,0.0002057116944342,2.5251001128926878,1.5980945840710774,2.3225540579529484,2.423827085422818,2.5048455073987137,117.67793457471998,58.959119349950925,171.93808825989254,119.90726534451824,158.00667203802152,164.972380148957,170.54494663770544,1.6069048297358677,0.8775012609548867,3.147496312856674,1.201310872565955,2.630423792195507,2.8889600525260897,3.095789060790557,116.07102974498412,58.08161808899604,168.79059194703586,118.70595447195228,155.376248245826,162.0834200964309,167.44915757691487,2.1482021917472593,1.0993831127416342,3.056814648443833,2.218305502901785,2.8792785595636814,2.968046604003757,3.0390610395558175,2661.75,1322,3939,2693.0,3603.3,3771.1499999999996,3905.43,2662.75,1323,3940,2694.0,3604.3,3772.1499999999996,3906.43,175.78,0.022755717373990215,59.88167026965525
custom_sarathi_long_input_long_output_fixed_qps_num_requests_5_qps_1_mixtral_7b_8expert,benchmark_output/figure-1/custom_sarathi_long_input_long_output_fixed_qps_num_requests_5_qps_1_mixtral_7b_8expert,sarathi_chunk_128,sarathi,long_input_long_output,fixed_qps_num_requests_sweep,mixtral_8x7b,DiscoResearch/mixtral-7b-8expert,5,1.0,2,0.85,20480,39409.0,37033.212910532275,100.0,22.741506228765573,5,20402,16518,4080.4,3303.6,1.7313993036281317,0.8797392351552844,3.187097853049636,1.4340792440343648,2.783358226995915,2.9852280400227755,3.146723890444264,3.7506531006656587,1.434294169768691,6.515838432125747,2.8425511065870523,6.198957867268473,6.35739814969711,6.48415037564002,0.04521997088488404,0.04380377334401265,0.04617173308042731,0.04565583330156405,0.04596742664696518,0.046069579863696246,0.0461513024370811,0.045202274505122556,0.043796462967953906,0.04613637953289253,0.04563791499964036,0.04593967517479995,0.04603802735384624,0.04611670909708327,151.7940561076626,62.49105644482188,268.94424453610554,128.9197140247561,233.1614695244469,251.0528570302762,265.3659670349397,2.019253797037527,0.0002149257343262,4.338089644210413,1.8642197086010128,3.6174694532994183,3.9777795487549152,4.266027625119314,149.7748023106251,61.13385090511292,264.6061548918952,128.91949909902178,229.5440000711475,247.07507748152133,261.0999394098204,1.7313993036281317,0.8797392351552844,3.187097853049636,1.4340792440343648,2.783358226995915,2.9852280400227755,3.146723890444264,148.04340300699695,60.25411166995764,262.4284061039798,127.4854198549874,226.96251165717842,244.69545888057908,258.88181665929966,3.279780075838789,1.5614258779678494,4.2603837312199175,3.757391192950308,4.169219030998647,4.214801381109282,4.251267261197791,3336.0,1322,6033,2820.0,5195.400000000001,5614.2,5949.24,3337.0,1323,6034,2821.0,5196.400000000001,5615.2,5950.24,271.63,0.01840739240879137,60.810661561683176
custom_sarathi_long_input_long_output_fixed_qps_num_requests_6_qps_1_mixtral_7b_8expert,benchmark_output/figure-1/custom_sarathi_long_input_long_output_fixed_qps_num_requests_6_qps_1_mixtral_7b_8expert,sarathi_chunk_128,sarathi,long_input_long_output,fixed_qps_num_requests_sweep,mixtral_8x7b,DiscoResearch/mixtral-7b-8expert,6,1.0,2,0.85,20480,39409.0,37078.61883408072,100.0,21.05072869955157,6,28867,18785,4811.166666666667,3130.8333333333335,2.0694216621729233,0.8718457198701799,3.756549353012815,1.8331381160533056,3.4462253145175055,3.6013873337651603,3.7255169491632842,4.637913870198342,1.4481310087721795,9.085534513229504,4.268820125726052,7.798495260649361,8.442014886939432,8.95683058797149,0.04557726885073479,0.04433742377083445,0.04648745186284356,0.045696131619137145,0.046215371661882,0.04635141176236278,0.046460243842747405,0.04555906775908744,0.04433002433429059,0.04645185657045241,0.0456778808122655,0.04618855845613758,0.04632020751329499,0.046425526759020924,146.34291338105686,62.91084612067789,272.1369618191384,124.72826040361542,226.75264502852224,249.4448034238303,267.5985301400768,2.568492208025418,0.000259373569861,5.328985160216689,2.2078907917020842,4.811018285690807,5.070001722953748,5.277188472764101,143.77442117303144,61.53797040088102,267.84391040797345,123.79358201206196,223.33277723600622,245.58834382198984,263.39279709077675,2.0694216621729233,0.8718457198701799,3.756549353012815,1.8331381160533056,3.4462253145175055,3.6013873337651603,3.7255169491632842,141.70499951085853,60.66612468101084,265.6255058110692,122.57666749844793,220.655624299543,243.14056505530613,261.1285176599166,3.677681508823298,1.8580709570087488,5.149348151404411,4.1494378939969465,4.996508518001065,5.072928334702738,5.134064188064076,3169.3333333333335,1322,6033,2693.0,4986.0,5509.5,5928.3,3170.3333333333335,1323,6034,2694.0,4987.0,5510.5,5929.3,274.83,0.0218316777644362,68.351344467489
custom_sarathi_long_input_long_output_fixed_qps_num_requests_7_qps_1_mixtral_7b_8expert,benchmark_output/figure-1/custom_sarathi_long_input_long_output_fixed_qps_num_requests_7_qps_1_mixtral_7b_8expert,sarathi_chunk_128,sarathi,long_input_long_output,fixed_qps_num_requests_sweep,mixtral_8x7b,DiscoResearch/mixtral-7b-8expert,7,1.0,2,0.85,20480,39409.0,37057.82642045455,100.0,22.251420454545453,7,36958,21343,5279.714285714285,3049.0,2.196046149324892,0.8406139190774411,3.532608069013804,2.136407556012273,3.488722061412409,3.5106650652131064,3.5282194682536647,5.19690047543762,1.382270470727235,9.779439167818055,5.493653202895075,9.071034585125744,9.4252368764719,9.708598709548824,0.04448460329128986,0.04367809343231651,0.04535247978533108,0.04442302598363152,0.04503676039188171,0.04519462008860639,0.04532090784598614,0.0444669067355688,0.04367080403087587,0.045317753537409695,0.04440343047150817,0.04501231425359316,0.04516503389550143,0.045287209609028045,140.20561619611857,61.33461830765009,267.92265843297355,122.53501355089249,213.47552705928686,240.69909274613013,262.47794529560485,3.000854326112728,0.0002042546402662,6.319974444806576,2.4234577137976885,5.567683854512871,5.943829149659722,6.244745385777205,137.20476187000583,60.0256000389345,263.8118653090205,116.2150391060859,210.37713518142704,237.09450024522368,258.46839229626113,2.196046149324892,0.8406139190774411,3.532608069013804,2.136407556012273,3.488722061412409,3.5106650652131064,3.5282194682536647,135.00871572068095,59.18498611985706,261.67545775300823,114.17253718804568,207.6804548655637,234.6779563092859,256.27595746426374,3.840146819695032,2.0808038657996804,5.78306175628677,4.032080235192552,5.4982262415811425,5.640643998933956,5.754578204816207,3091.4285714285716,1322,6033,2624.0,4776.6,5404.799999999998,5907.359999999999,3092.4285714285716,1323,6034,2625.0,4777.6,5405.799999999998,5908.359999999999,270.57,0.02587130871863104,78.88162028310603
custom_sarathi_long_input_long_output_fixed_qps_num_requests_8_qps_1_mixtral_7b_8expert,benchmark_output/figure-1/custom_sarathi_long_input_long_output_fixed_qps_num_requests_8_qps_1_mixtral_7b_8expert,sarathi_chunk_128,sarathi,long_input_long_output,fixed_qps_num_requests_sweep,mixtral_8x7b,DiscoResearch/mixtral-7b-8expert,8,1.0,2,0.85,20480,39409.0,37005.60153148043,100.0,21.76829268292683,8,40609,23413,5076.125,2926.625,2.144021505198907,0.85070078400895,3.5881687609944493,1.8775150229921564,3.5036497235065327,3.5459092422504908,3.5797168572456575,6.0596829386777245,1.4076397796161473,11.412098724162204,5.977176539949141,10.39442135831341,10.903260041237807,11.310330987577325,0.045749887446857124,0.04360684709415304,0.04688268354094777,0.04593740140168889,0.046527937762831505,0.04670531065188964,0.04684720896313614,0.04573114252729413,0.04359956958295575,0.046846785620931725,0.045917073261553414,0.04650491516801731,0.04667585039447452,0.04681259857564028,138.69999893999193,63.36536606680602,267.6134913461283,124.00397547788452,206.5501038062619,237.08179757619504,261.5071525921416,3.9156614334788173,0.000202115625143,9.818221228197215,3.3447928325040266,7.489059014315716,8.653640121256464,9.585305006809065,134.7843375065131,62.03260280494578,263.40977349109016,119.85332968004514,203.5488809827715,233.4793272369308,257.4236842402583,2.144021505198907,0.85070078400895,3.5881687609944493,1.8775150229921564,3.5036497235065327,3.5459092422504908,3.5797168572456575,132.6403160013142,61.18190202093683,261.24862094107084,117.62971971917432,200.72800481235606,230.98831287671342,255.19655932819933,4.181619351351401,1.7121394665446132,6.488566635642201,3.9184107613982633,6.30902619685512,6.39879641624866,6.4706125917634925,2967.5,1322,6033,2595.0,4567.2,5300.0999999999985,5886.419999999999,2968.5,1323,6034,2596.0,4568.2,5301.0999999999985,5887.419999999999,270.31,0.029595649439532388,86.61536754097148
custom_sarathi_long_input_long_output_fixed_qps_num_requests_9_qps_1_mixtral_7b_8expert,benchmark_output/figure-1/custom_sarathi_long_input_long_output_fixed_qps_num_requests_9_qps_1_mixtral_7b_8expert,sarathi_chunk_128,sarathi,long_input_long_output,fixed_qps_num_requests_sweep,mixtral_8x7b,DiscoResearch/mixtral-7b-8expert,9,1.0,2,0.85,20480,39409.0,37012.39592633928,100.0,21.995256696428573,9,48865,25915,5429.444444444444,2879.4444444444443,2.37060602221431,0.8756999429315329,3.802801136858761,2.2174317250028253,3.660704418644309,3.731752777751535,3.7885914650373156,7.193760460915251,1.416773255681619,14.969162216642871,6.553629067959264,12.408845376083628,13.689003796363249,14.713130532586947,0.04719481557962605,0.044970452579865684,0.048196549554109236,0.04735190965642152,0.0479591634934947,0.04807785652380197,0.04817281094804778,0.04717553957075503,0.04496294749765943,0.04815964561111222,0.04732903433774692,0.047936743515891105,0.048048194563501664,0.04813735540159011,141.97614277992398,65.11395211867057,275.97161047393456,131.08124394575134,204.70315707465636,240.33738377429543,268.8447651340067,4.823154438700941,0.0002040115650743,11.16636107978411,4.336197342956439,10.310560206370429,10.73846064307727,11.080780992442742,137.15298834122302,63.77219711104408,271.6354131309781,123.02692442084664,201.7942726349924,236.71484288298524,264.65129908137953,2.37060602221431,0.8756999429315329,3.802801136858761,2.2174317250028253,3.660704418644309,3.731752777751535,3.7885914650373156,134.78238231900872,62.89649716811255,269.4179814059753,120.8397553989198,198.81404675007798,234.1160140780266,262.35758794038554,4.9558121532770905,2.575522883795202,7.613184341229498,4.060712535167113,7.509661696478725,7.561423018854112,7.602832076754421,2923.4444444444443,1322,6033,2571.0,4357.8,5195.4,5865.48,2924.4444444444443,1323,6034,2572.0,4358.8,5196.4,5866.48,278.57,0.03230785798901533,93.02868219837025
custom_sarathi_long_input_long_output_fixed_num_requests_num_requests_10_qps_1_mixtral_7b_8expert,benchmark_output/figure-1/custom_sarathi_long_input_long_output_fixed_num_requests_num_requests_10_qps_1_mixtral_7b_8expert,sarathi_chunk_128,sarathi,long_input_long_output,fixed_num_requests_qps_sweep,mixtral_8x7b,DiscoResearch/mixtral-7b-8expert,10,1.0,2,0.85,20480,39409.0,37129.29283746557,100.0,21.23526170798898,10,58452,28312,5845.2,2831.2,2.5885894619859755,0.8861519959755242,4.472471622982994,2.6876127959694713,3.8657847838476296,4.169128203415311,4.4118029390694575,8.456331804045476,1.4373541416134685,19.433500960469246,7.801037362078205,15.488244290906003,17.46087262568762,19.038975293512923,0.048224294335961745,0.04599243454161631,0.04991620268201691,0.04838025589493173,0.048950374569957364,0.049433288625987136,0.049819619870810954,0.04820452741006434,0.045984758901672786,0.04987798200615013,0.048359111307858346,0.048929300244010494,0.04940364112508031,0.049783113829936165,143.84887016792783,67.38473023567349,282.09743770887144,134.04243457259145,198.77642716795668,240.43693243841398,273.76533665477996,5.8677423420595005,0.0002144235186278,14.961029337486252,4.866062739631161,11.622459507058373,13.29174442227231,14.627172354443465,137.98112782586833,66.02679649600759,277.73710124986246,124.72347752994392,196.03027621775396,236.88368873380813,269.5664187466516,2.5885894619859755,0.8861519959755242,4.472471622982994,2.6876127959694713,3.8657847838476296,4.169128203415311,4.4118029390694575,135.39253836388235,65.14064450003207,275.54067533882335,121.92376710590906,192.9497139138402,234.24519462633168,267.281579196325,5.385342010459863,2.739834717242047,8.5985344175715,4.635898740496486,8.396693164249882,8.497613790910691,8.578350292239339,2878.9,1322,6033,2568.5,4148.4,5090.699999999998,5844.54,2879.9,1323,6034,2569.5,4149.4,5091.699999999998,5845.54,280.275,0.03567924360003568,101.01507448042102
custom_sarathi_long_input_long_output_fixed_qps_num_requests_10_qps_1_mixtral_7b_8expert,benchmark_output/figure-1/custom_sarathi_long_input_long_output_fixed_qps_num_requests_10_qps_1_mixtral_7b_8expert,sarathi_chunk_128,sarathi,long_input_long_output,fixed_qps_num_requests_sweep,mixtral_8x7b,DiscoResearch/mixtral-7b-8expert,10,1.0,2,0.85,20480,39409.0,37021.66320807628,100.0,20.897924845765562,10,58452,28312,5845.2,2831.2,2.5073927366174757,0.8321081909816712,4.327231334056705,2.6293790445197374,3.7141944285714996,4.020712881314102,4.265927643508185,8.112592320470139,1.3882274685893208,18.65411611041054,7.5118451052112505,14.834518968057816,16.744317539234174,18.27215639617527,0.04634482433342346,0.044563592131683476,0.04787573869040386,0.04638272342019045,0.0470670617361626,0.047471400213283235,0.047794870994979734,0.04632584410131733,0.044556154950086066,0.04783908039125348,0.04636245332166358,0.047046802700648226,0.04744294154595085,0.047759852622192955,138.40152222607284,64.62550014955923,273.2730743580032,128.57933605159633,191.89763631757813,232.5853553377906,265.13553055396073,5.605199583852664,0.0002041996922343,14.326884776353836,4.621721644653007,11.120324539486315,12.723604657920072,14.006228752667084,132.7963226422202,63.30994718195871,269.1388247369323,119.8330595040461,189.30930091079787,229.224062823865,261.1558723543189,2.5073927366174757,0.8321081909816712,4.327231334056705,2.6293790445197374,3.7141944285714996,4.020712881314102,4.265927643508185,130.2889299056027,62.47783899097704,266.9804804609157,117.00407130410896,186.3030940514756,226.64178725619558,258.9127418199717,4.746165864542126,2.4139129396062344,7.621250085299835,4.06246641674079,7.347289119684137,7.4842696024919855,7.593853988738265,2878.9,1322,6033,2568.5,4148.4,5090.699999999998,5844.54,2879.9,1323,6034,2569.5,4149.4,5091.699999999998,5845.54,280.275,0.03567924360003568,101.01507448042102
custom_sarathi_long_input_long_output_fixed_num_requests_num_requests_10_qps_2_mixtral_7b_8expert,benchmark_output/figure-1/custom_sarathi_long_input_long_output_fixed_num_requests_num_requests_10_qps_2_mixtral_7b_8expert,sarathi_chunk_128,sarathi,long_input_long_output,fixed_num_requests_qps_sweep,mixtral_8x7b,DiscoResearch/mixtral-7b-8expert,10,2.0,2,0.85,20480,39409.0,37046.897141255606,100.0,21.74579596412556,10,58452,28312,5845.2,2831.2,2.56501758643426,0.8762852570507675,4.465388393029571,2.706591041525826,3.797863778704777,4.131626085867174,4.3986359315970915,9.795771597721615,1.4289779872633517,22.194511014735326,9.00617374770809,18.23622716402169,20.215369089378505,21.798682629663965,0.047443950616946826,0.04473339753295245,0.0491733799601095,0.04775697379702258,0.04822156775767925,0.04869747385889438,0.04907819873986648,0.04742448470478215,0.04472593201266991,0.049135728061212025,0.04773710300500533,0.048202298010051714,0.04866901303563187,0.049042385056096,142.7771441364661,66.41243959451094,275.50527706742287,134.89690349134617,195.11012995096385,235.3077035091933,267.465762355777,7.230754011287354,0.0001803471241146,17.729122621705756,6.097847412223928,14.438363385316915,16.08374300351133,17.400046698066873,135.54639012517873,65.04754610499367,270.2014866219833,122.70598306658212,192.0408487436827,231.12116768283292,262.38542283415325,2.56501758643426,0.8762852570507675,4.465388393029571,2.706591041525826,3.797863778704777,4.131626085867174,4.3986359315970915,132.98137253874447,64.1712608479429,267.9977846199181,120.02724262990522,188.9319464705884,228.4648655452532,260.09120080498514,4.932875893125311,2.53624112252146,8.032863950356841,4.2631463492289186,7.683104288345203,7.857984119351022,7.997887984155677,2878.9,1322,6033,2568.5,4148.4,5090.699999999998,5844.54,2879.9,1323,6034,2569.5,4149.4,5091.699999999998,5845.54,276.6,0.03615328994938539,102.35719450469992
custom_sarathi_long_input_long_output_fixed_num_requests_num_requests_10_qps_3_mixtral_7b_8expert,benchmark_output/figure-1/custom_sarathi_long_input_long_output_fixed_num_requests_num_requests_10_qps_3_mixtral_7b_8expert,sarathi_chunk_128,sarathi,long_input_long_output,fixed_num_requests_qps_sweep,mixtral_8x7b,DiscoResearch/mixtral-7b-8expert,10,3.0,2,0.85,20480,39409.0,37025.68796138558,100.0,25.308347529812607,10,58452,28312,5845.2,2831.2,2.5516879037953912,0.910485276952386,4.449858799111098,2.6099159754812717,3.775720894616097,4.112789846863597,4.382445008661598,10.24229207218159,1.4507469793315977,23.072193991160017,9.353996207937598,19.12389154983684,21.098042770498427,22.6773637470277,0.04552695985410608,0.04376398119395355,0.046315100056535746,0.04561061232991077,0.0462412389236141,0.04627816949007492,0.04630771394324358,0.04550835224447298,0.04375667745877432,0.04629692301569723,0.04559068045154321,0.04622452335740423,0.04626072318655073,0.046289683049867934,138.3832046023803,62.5004873808939,269.90717809530906,130.45608423964586,190.39178620122834,230.14948214826865,261.955638905901,7.690604168386199,0.0003264604602009,18.62233519204892,6.447476917528547,15.378431148314847,17.00038317018188,18.29794478767551,130.69260043399407,61.107015046989545,264.30223323078826,118.02293179300614,187.13938082444943,225.72080702761878,256.5859479901544,2.5516879037953912,0.910485276952386,4.449858799111098,2.6099159754812717,3.775720894616097,4.112789846863597,4.382445008661598,128.1409125301987,60.19652977003716,262.1900113329757,115.04421173303854,184.1313095868332,223.16066045990436,254.38414115836147,5.135245593520812,2.62978673260659,8.210781033616513,4.457401721505448,7.982465202594176,8.096623118105343,8.18794945051428,2878.9,1322,6033,2568.5,4148.4,5090.699999999998,5844.54,2879.9,1323,6034,2569.5,4149.4,5091.699999999998,5845.54,270.6,0.036954915003695486,104.62675535846266
custom_sarathi_long_input_long_output_fixed_num_requests_num_requests_10_qps_4_mixtral_7b_8expert,benchmark_output/figure-1/custom_sarathi_long_input_long_output_fixed_num_requests_num_requests_10_qps_4_mixtral_7b_8expert,sarathi_chunk_128,sarathi,long_input_long_output,fixed_num_requests_qps_sweep,mixtral_8x7b,DiscoResearch/mixtral-7b-8expert,10,4.0,2,0.85,20480,39409.0,37039.64459833795,100.0,21.845152354570637,10,58452,28312,5845.2,2831.2,2.541203984920867,0.8743414639029652,4.302816238021478,2.6687217140570283,3.780256886105053,4.041536562063265,4.250560302829836,10.565295613347553,1.5371715982910246,23.566822779364887,9.693361763260327,19.751263939891942,21.65904335962841,23.185266895417595,0.047733640668165905,0.04544831308782004,0.049413468890512985,0.047881156204433,0.04847576440529716,0.04894461664790507,0.049319698441991404,0.04771407259029632,0.04544072825586279,0.0493756331562936,0.04786023094447815,0.048454895110715,0.0489152641335043,0.049283559351735735,144.5479548881529,66.83967330562882,280.31531907292083,136.5616004850017,197.13212695147377,238.7237230121972,271.99699986077616,8.024091628426685,0.122791024390608,19.26400654134341,6.772557303193025,15.971007053786888,17.617506797565145,18.93470659258776,136.5238632597262,65.35891836602241,274.4692778051831,123.46384540956933,193.77144070451612,234.12035925484952,266.3994940951164,2.541203984920867,0.8743414639029652,4.302816238021478,2.6687217140570283,3.780256886105053,4.041536562063265,4.250560302829836,133.98265927480534,64.48457690211944,272.28084370912984,120.71102768508717,190.71848889605607,231.49966630259289,264.1246082278225,5.275216453196481,2.6949193903710693,8.336895978311077,4.557620884268545,8.23617398997303,8.286534984142055,8.326823779477273,2878.9,1322,6033,2568.5,4148.4,5090.699999999998,5844.54,2879.9,1323,6034,2569.5,4149.4,5091.699999999998,5845.54,280.71,0.03562395354636458,100.85853728046739
custom_sarathi_long_input_long_output_fixed_num_requests_num_requests_10_qps_5_mixtral_7b_8expert,benchmark_output/figure-1/custom_sarathi_long_input_long_output_fixed_num_requests_num_requests_10_qps_5_mixtral_7b_8expert,sarathi_chunk_128,sarathi,long_input_long_output,fixed_num_requests_qps_sweep,mixtral_8x7b,DiscoResearch/mixtral-7b-8expert,10,5.0,2,0.85,20480,39409.0,37085.92556723852,100.0,20.464028776978417,10,58452,28312,5845.2,2831.2,2.564048428973183,0.8748911309521645,4.447384599829093,2.6928729210048914,3.7912631565704937,4.1193238781997925,4.381772455503233,10.856562273809686,1.6329686904791743,24.177737425314263,9.957691918942146,20.231250381213613,22.204493903263934,23.7830887209042,0.047206862134710904,0.04557799880519233,0.0478389156167729,0.04729177324955765,0.04782407524899992,0.04783149543288641,0.0478374315799956,0.04718757405991718,0.04557039233009133,0.04782178746939847,0.04727111041781529,0.047805470682422864,0.04781362907591066,0.04782015579070091,143.7997573451139,64.83258367376402,281.33853069623,135.4983275400009,197.6093612115597,239.47394595389477,272.965613747763,8.292513844836503,0.2090129854623228,19.73035282548517,7.039712833822705,16.43998722464312,18.08517002506414,19.401316265400965,135.5072435002774,63.25365048996173,275.2598484279588,122.20096843445208,194.1088131953729,234.68433081166575,267.1447449047002,2.564048428973183,0.8748911309521645,4.447384599829093,2.6928729210048914,3.7912631565704937,4.1193238781997925,4.381772455503233,132.94319507130422,62.37875935900957,273.05779084190726,119.5279390369542,191.02328800640535,232.04053942415624,264.8543405583571,5.156262869364582,2.6461146029178053,8.391580167924985,4.448100411216728,8.066318420041352,8.228949293983169,8.359053993136621,2878.9,1322,6033,2568.5,4148.4,5090.699999999998,5844.54,2879.9,1323,6034,2569.5,4149.4,5091.699999999998,5845.54,281.54,0.035518931590537754,100.56119911913049
custom_sarathi_long_input_long_output_fixed_num_requests_num_requests_10_qps_6_mixtral_7b_8expert,benchmark_output/figure-1/custom_sarathi_long_input_long_output_fixed_num_requests_num_requests_10_qps_6_mixtral_7b_8expert,sarathi_chunk_128,sarathi,long_input_long_output,fixed_num_requests_qps_sweep,mixtral_8x7b,DiscoResearch/mixtral-7b-8expert,10,6.0,2,0.85,20480,39409.0,37087.60712328767,100.0,20.21945205479452,10,58452,28312,5845.2,2831.2,2.5827021677745505,0.8765341970138252,4.438667481997982,2.6378573194378987,3.827397326217033,4.133032404107507,4.3775404664198865,11.099740824382753,1.699878711020574,24.62015784275718,10.131469492916949,20.67865830576047,22.649408074258822,24.22600788905751,0.04844519042478436,0.046166334589560876,0.049912668645945714,0.04861950941770996,0.049100033167482196,0.04950635090671395,0.049831405098099364,0.04842534249799055,0.04615862992757997,0.04987445067607899,0.04859826094628353,0.04907890023772359,0.04947667545690129,0.04979489563224345,147.14623424278108,67.65504854382016,284.9999594122637,138.87677240767516,201.0035763276042,243.00176786993387,276.6003211037978,8.517038656608202,0.2526520011015236,20.1814903607592,7.2138307329732925,16.85126097954344,18.516375670151316,19.848467422637622,138.62919558617287,66.01256677997299,278.75040281098336,125.3107852615649,197.3146232771687,238.03251304407593,270.6068248576019,2.5827021677745505,0.8765341970138252,4.438667481997982,2.6378573194378987,3.827397326217033,4.133032404107507,4.3775404664198865,136.0464934183983,65.13603258295916,276.5825105260592,122.60142117750365,194.30079393011977,235.4416522280894,268.35433886646524,5.425960952602327,2.765656049363315,8.663620512699708,4.680584997986443,8.462578491447493,8.5630995020736,8.643516310574487,2878.9,1322,6033,2568.5,4148.4,5090.699999999998,5844.54,2879.9,1323,6034,2569.5,4149.4,5091.699999999998,5845.54,285.11,0.035074181894707304,99.30202378029531
custom_sarathi_long_input_long_output_fixed_num_requests_num_requests_10_qps_7_mixtral_7b_8expert,benchmark_output/figure-1/custom_sarathi_long_input_long_output_fixed_num_requests_num_requests_10_qps_7_mixtral_7b_8expert,sarathi_chunk_128,sarathi,long_input_long_output,fixed_num_requests_qps_sweep,mixtral_8x7b,DiscoResearch/mixtral-7b-8expert,10,7.0,2,0.85,20480,39409.0,37054.40969162995,100.0,20.384911894273127,10,58452,28312,5845.2,2831.2,2.5953726581996306,0.8964540038723499,4.44795752200298,2.6822578810388222,3.8747677037026733,4.161362612852826,4.390638540172949,11.168698955676518,1.6573713717516512,24.860209602396935,10.154840209987015,20.910551487142218,22.885380544769575,24.465243790871465,0.047940628322053494,0.045989522675193434,0.04990685914867911,0.04804339337711984,0.048743048741697124,0.04932495394518811,0.04979047810798091,0.04792097204564687,0.04598184752120892,0.04986864562712576,0.04802238904441217,0.04872205613254539,0.049295350879835574,0.04975398667766772,145.81522419354877,67.62646429101005,283.953739824472,137.1238996735774,198.6205658702878,241.28715284737982,275.4204224290536,8.573326297476887,0.2374155456200242,20.412252080393955,7.231933588045649,17.035783783439545,18.724017931916748,20.074605250698514,137.2418978960719,66.02490519289859,277.7061493820511,123.80255438387394,195.01714450290888,236.3616469424799,269.43724889413687,2.5953726581996306,0.8964540038723499,4.44795752200298,2.6822578810388222,3.8747677037026733,4.161362612852826,4.390638540172949,134.64652523787225,65.12845118902624,275.5232303470839,120.6655771988444,191.93541554501277,233.72932294604823,267.1644488668768,4.901669142441824,2.460230267373845,7.942994822748005,4.209881814895198,7.578515097079799,7.760754959913902,7.906546850181185,2878.9,1322,6033,2568.5,4148.4,5090.699999999998,5844.54,2879.9,1323,6034,2569.5,4149.4,5091.699999999998,5845.54,284.03,0.03520754849839806,99.67961130866459
custom_sarathi_long_input_long_output_fixed_num_requests_num_requests_10_qps_8_mixtral_7b_8expert,benchmark_output/figure-1/custom_sarathi_long_input_long_output_fixed_num_requests_num_requests_10_qps_8_mixtral_7b_8expert,sarathi_chunk_128,sarathi,long_input_long_output,fixed_num_requests_qps_sweep,mixtral_8x7b,DiscoResearch/mixtral-7b-8expert,10,8.0,2,0.85,20480,39409.0,37125.30920687743,100.0,22.223516361619524,10,58452,28312,5845.2,2831.2,2.5621525910915808,0.8614067148882896,4.484390235971659,2.6693408200517297,3.7661908300826323,4.125290533027145,4.412570295382757,11.11852307880763,1.687549291877076,24.705637872684747,10.164264757768251,20.723695749486794,22.714666811085767,24.307443660364953,0.047599592381097455,0.045785929910187886,0.04911707326291678,0.04770564830388577,0.04825252486375317,0.04868479906333498,0.049030618423000424,0.047580098803260265,0.04577828873363411,0.04907946447787627,0.047684796973162205,0.04823175424524226,0.048655609361559264,0.04899469345461287,144.9358102950733,66.59435951407067,282.72472070972435,136.41016035352368,197.94635405058503,240.33553738015462,274.24688404381044,8.556370487716048,0.2943920260295272,20.221247636713088,7.238358873757534,16.957504919404162,18.589376278058623,19.894873364982196,136.37943980735727,64.9591873229947,276.4773535479326,122.92535811755806,194.35437521981072,235.41586438387156,268.2650557151204,2.5621525910915808,0.8614067148882896,4.484390235971659,2.6693408200517297,3.7661908300826323,4.125290533027145,4.412570295382757,133.8172872162657,64.0977806081064,274.3035060919356,120.16246163495816,191.28863970851523,232.79607290022534,266.0020194535936,4.914571676496417,2.4731319851707667,7.921516782138497,4.21491810050793,7.595813903282396,7.758665342710446,7.888946494252886,2878.9,1322,6033,2568.5,4148.4,5090.699999999998,5844.54,2879.9,1323,6034,2569.5,4149.4,5091.699999999998,5845.54,282.71,0.03537193590605214,100.14502493721483
custom_sarathi_long_input_long_output_fixed_num_requests_num_requests_10_qps_9_mixtral_7b_8expert,benchmark_output/figure-1/custom_sarathi_long_input_long_output_fixed_num_requests_num_requests_10_qps_9_mixtral_7b_8expert,sarathi_chunk_128,sarathi,long_input_long_output,fixed_num_requests_qps_sweep,mixtral_8x7b,DiscoResearch/mixtral-7b-8expert,10,9.0,2,0.85,20480,39409.0,36912.568638392855,100.0,23.981026785714285,10,58452,28312,5845.2,2831.2,2.5532258345279844,0.8544664140790701,4.25609291694127,2.7094070301391184,3.76833968469873,4.01221630082,4.207317593717017,11.211699123680592,1.7273026360198855,24.668960221577436,10.301316553261131,20.891331064514816,22.780145643046122,24.291197305871176,0.04644215379626952,0.044700823460503955,0.047684867355537196,0.04646682758233649,0.04720976682678777,0.04744731709116248,0.047637357302662255,0.04642314659461141,0.04469336337648184,0.04764835520595409,0.04644652205674916,0.047189458908496955,0.04741890705722552,0.047602465576208376,141.83408745038324,64.75807376764715,276.36577504500747,133.60393961600494,193.62501472318542,234.99539488409636,268.0916990128253,8.658473289152607,0.286543837049976,20.412867304636165,7.361996924737468,17.122991379816085,18.76792934222612,20.083879712154157,133.1756141612306,63.08321831305511,270.0132122379728,120.1995602940442,189.977806495293,229.99550936663283,262.00967166370486,2.5532258345279844,0.8544664140790701,4.25609291694127,2.7094070301391184,3.76833968469873,4.01221630082,4.207317593717017,130.62238832670263,62.22875189897604,267.8026333518792,117.23273661546409,186.86933694991745,227.33598515089824,259.70930371168305,5.089760847203434,2.54708466748707,8.271812465507537,4.383891542325728,7.862861511739902,8.067336988623719,8.230917370130774,2878.9,1322,6033,2568.5,4148.4,5090.699999999998,5844.54,2879.9,1323,6034,2569.5,4149.4,5091.699999999998,5845.54,276.33,0.03618861506170159,102.45720696268954
custom_sarathi_long_input_long_output_fixed_num_requests_num_requests_10_qps_10_mixtral_7b_8expert,benchmark_output/figure-1/custom_sarathi_long_input_long_output_fixed_num_requests_num_requests_10_qps_10_mixtral_7b_8expert,sarathi_chunk_128,sarathi,long_input_long_output,fixed_num_requests_qps_sweep,mixtral_8x7b,DiscoResearch/mixtral-7b-8expert,10,10.0,2,0.85,20480,39409.0,36994.39596949891,100.0,21.624727668845317,10,58452,28312,5845.2,2831.2,2.597949994378723,0.8860932469833642,4.534958051983267,2.703747487044893,3.9195600381353866,4.227259045059326,4.473418250598479,11.339195107622071,1.7317736942786723,25.214252710109577,10.37916230817791,21.184510610229335,23.19938166016945,24.811278500121553,0.04875257430429385,0.0464655908601204,0.050019450691239586,0.049022892130123334,0.049507262898831235,0.049763356795035414,0.04996823191199875,0.04873260390645764,0.046457836255504224,0.04998115095870418,0.04900146534281318,0.049485966160338415,0.049733558559521295,0.0499316324788676,148.2399129948113,67.84016432333738,286.9766429939773,139.9875405842904,201.56744465038642,244.2720438221818,278.43572315961825,8.741245113243348,0.3050649024080485,20.67929465812631,7.414962949696928,17.264950572093948,18.972122615110123,20.337860249523075,139.49866788156797,66.16147639905103,280.58176052290946,126.24819366249721,197.88643278465602,239.23409665378267,272.3122277490841,2.597949994378723,0.8860932469833642,4.534958051983267,2.703747487044893,3.9195600381353866,4.227259045059326,4.473418250598479,136.90071788718924,65.27538315206766,278.3753548429813,123.4435304220533,194.78481185191774,236.58008334744943,270.016300543875,5.224628130276687,2.65268068225123,8.275541827315465,4.529023718787357,8.222899887314998,8.249220857315231,8.270277633315418,2878.9,1322,6033,2568.5,4148.4,5090.699999999998,5844.54,2879.9,1323,6034,2569.5,4149.4,5091.699999999998,5845.54,286.9,0.03485535029627048,98.68246775880098
custom_sarathi_long_input_long_output_fixed_qps_num_requests_1_qps_1_qwen_7b,benchmark_output/figure-1/custom_sarathi_long_input_long_output_fixed_qps_num_requests_1_qps_1_qwen_7b,sarathi_chunk_128,sarathi,long_input_long_output,fixed_qps_num_requests_sweep,qwen_7b,Qwen/Qwen-7B,1,1.0,2,0.85,20480,39623.0,35801.74933920705,100.0,25.012334801762115,1,3518,2793,3518.0,2793.0,1.5127704900223762,1.5127704900223762,1.5127704900223762,1.5127704900223762,1.5127704900223762,1.5127704900223762,1.5127704900223762,1.5131059067789465,1.5131059067789465,1.5131059067789465,1.5131059067789465,1.5131059067789465,1.5131059067789465,1.5131059067789465,0.04453248373674093,0.04453248373674093,0.04453248373674093,0.04453248373674093,0.04453248373674093,0.04453248373674093,0.04453248373674093,0.044516539417465334,0.044516539417465334,0.044516539417465334,0.044516539417465334,0.044516539417465334,0.044516539417465334,0.044516539417465334,125.8478004997596,125.8478004997596,125.8478004997596,125.8478004997596,125.8478004997596,125.8478004997596,125.8478004997596,0.0003354167565703,0.0003354167565703,0.0003354167565703,0.0003354167565703,0.0003354167565703,0.0003354167565703,0.0003354167565703,125.84746508300304,125.84746508300304,125.84746508300304,125.84746508300304,125.84746508300304,125.84746508300304,125.84746508300304,1.5127704900223762,1.5127704900223762,1.5127704900223762,1.5127704900223762,1.5127704900223762,1.5127704900223762,1.5127704900223762,124.33469459298068,124.33469459298068,124.33469459298068,124.33469459298068,124.33469459298068,124.33469459298068,124.33469459298068,1.36619698186405,1.36619698186405,1.36619698186405,1.36619698186405,1.36619698186405,1.36619698186405,1.36619698186405,2820.0,2820,2820,2820.0,2820.0,2820.0,2820.0,2821.0,2821,2821,2821.0,2821.0,2821.0,2821.0,126.88,0.007881462799495587,22.012925598991174
custom_sarathi_long_input_long_output_fixed_qps_num_requests_2_qps_1_qwen_7b,benchmark_output/figure-1/custom_sarathi_long_input_long_output_fixed_qps_num_requests_2_qps_1_qwen_7b,sarathi_chunk_128,sarathi,long_input_long_output,fixed_qps_num_requests_sweep,qwen_7b,Qwen/Qwen-7B,2,1.0,2,0.85,20480,39623.0,35889.07482698962,100.0,24.08477508650519,2,5575,4099,2787.5,2049.5,1.2058711689896882,0.9194462590385228,1.4922960789408537,1.2058711689896882,1.4350110969506207,1.463653587945737,1.4865675807418304,1.9104959826217964,1.492591923568398,2.328400041675195,1.9104959826217964,2.2448192298645155,2.2866096357698553,2.320041960494127,0.044629347419873816,0.04455768010960318,0.04470101473014445,0.044629347419873816,0.04468668126809032,0.04469384799911739,0.044699581383939035,0.044604257037995296,0.044541726769069846,0.04466678730692075,0.044604257037995296,0.04465428125313566,0.044660534280028204,0.04466553670154224,93.28042952704709,60.6632242645137,125.89763478958048,93.28042952704709,119.3741937370738,122.63591426332714,125.24529068432982,0.7046248136321084,0.0002958446275442,1.4089537826366725,0.7046248136321084,1.2680879888357597,1.338520885736216,1.3948672032565812,92.57580471341498,59.25427048187703,125.89733894495292,92.57580471341498,119.23303209864534,122.56518552179912,125.23090826032217,1.2058711689896882,0.9194462590385228,1.4922960789408537,1.2058711689896882,1.4350110969506207,1.463653587945737,1.4865675807418304,91.3699335444253,58.334824222838506,124.40504286601208,91.3699335444253,117.79802100169472,121.1015319338534,123.74434067958035,1.1130183591740206,0.5954508378636092,1.630585880484432,1.1130183591740206,1.5270723762223497,1.5788291283533908,1.6202345300582237,2071.0,1322,2820,2071.0,2670.2,2745.1,2805.02,2072.0,1323,2821,2072.0,2671.2,2746.1,2806.02,126.91,0.015759199432668822,32.298479237254746
custom_sarathi_long_input_long_output_fixed_qps_num_requests_3_qps_1_qwen_7b,benchmark_output/figure-1/custom_sarathi_long_input_long_output_fixed_qps_num_requests_3_qps_1_qwen_7b,sarathi_chunk_128,sarathi,long_input_long_output,fixed_qps_num_requests_sweep,qwen_7b,Qwen/Qwen-7B,3,1.0,2,0.85,20480,39623.0,36191.36745406824,100.0,26.12642169728784,3,7877,6647,2625.6666666666665,2215.6666666666665,1.132807833996291,0.9024259930010884,1.4658266140613705,1.030170894926414,1.3786954702343792,1.4222610421478747,1.4571134996786714,2.229534327673415,1.4660998587496579,2.9382428994867946,2.284260224783793,2.8074463645461942,2.8728446320164944,2.9251632459927346,0.045044779028658305,0.0449448666511301,0.04520107297854804,0.04498839745629677,0.045158537874097786,0.04517980542632292,0.04519681946810302,0.04502199281493979,0.044928774683120384,0.0451664626623317,0.0449707410993673,0.04512731834973882,0.04514689050603526,0.045162548231072415,101.91583974372286,61.271660461789,126.95216754870488,117.52369122067466,125.06647228309883,126.00931991590186,126.76359802214428,1.0967264936771242,0.0002732446882873,1.9080720045603807,1.3818342317827046,1.8028244500048456,1.8554482272826132,1.8975472491048273,100.81911325004573,59.88982623000629,126.9518943040166,115.61561921611428,124.68463928643614,125.81826679522638,126.72516880225857,1.132807833996291,0.9024259930010884,1.4658266140613705,1.030170894926414,1.3786954702343792,1.4222610421478747,1.4571134996786714,99.68630541604944,58.9874002370052,125.48606768995523,114.58544832118788,123.30594381620176,124.3960057530785,125.26805530257988,1.466749932539339,0.8445607300382107,2.2208676144946367,1.3348214530851692,2.043658382212743,2.13226299835369,2.2031466912664475,2236.0,1322,2820,2566.0,2769.2,2794.6,2814.92,2237.0,1323,2821,2567.0,2770.2,2795.6,2815.92,127.97,0.023442994451824645,51.94186137375947
custom_sarathi_long_input_long_output_fixed_qps_num_requests_4_qps_1_qwen_7b,benchmark_output/figure-1/custom_sarathi_long_input_long_output_fixed_qps_num_requests_4_qps_1_qwen_7b,sarathi_chunk_128,sarathi,long_input_long_output,fixed_qps_num_requests_sweep,qwen_7b,Qwen/Qwen-7B,4,1.0,2,0.85,20480,39701.0,36551.884020618556,100.0,32.078055964653906,4,15328,10526,3832.0,2631.5,1.6959569427417591,0.9630971471779048,3.305066070985049,1.2578322764020413,2.749788941489533,3.02742750623729,3.249538358035497,3.2058806300046854,1.4544541826471689,6.016945943934843,2.676061196718365,5.11714748442173,5.567046714178286,5.926966097983531,0.043609537486783916,0.04252301406425734,0.04414736082382769,0.04388388752952531,0.04408138102263164,0.044114370923229666,0.04414076284370808,0.04359031046151187,0.04249045432913923,0.04413155439317111,0.04386961656186857,0.044065144531986025,0.04409834946257857,0.0441249134070526,118.36787802528124,57.82703800173476,176.02981124492362,119.8073314272333,160.63503355227877,168.33242239860118,174.49033347565913,1.5099236872629263,0.0003118766471743,2.711879872949794,1.6637514997273686,2.4851445606909697,2.5985122168203816,2.6892063417239114,116.85795433801832,56.45563050103374,173.31793137197383,118.82912773953285,158.73662407821976,166.02727772509678,171.8598006425984,1.6959569427417591,0.9630971471779048,3.305066070985049,1.2578322764020413,2.749788941489533,3.02742750623729,3.249538358035497,115.16199739527656,55.49253335385583,170.01286530098878,117.5712954631308,155.98683513673024,162.99985021885948,168.6102622845629,1.759717290988192,0.7605949158314615,2.43976796627976,1.919253140920773,2.3741001568967475,2.4069340615882537,2.4332011853414586,2661.75,1322,3939,2693.0,3603.3,3771.1499999999996,3905.43,2662.75,1323,3940,2694.0,3604.3,3772.1499999999996,3906.43,177.64,0.022517451024544024,59.2546723710876
custom_sarathi_long_input_long_output_fixed_qps_num_requests_5_qps_1_qwen_7b,benchmark_output/figure-1/custom_sarathi_long_input_long_output_fixed_qps_num_requests_5_qps_1_qwen_7b,sarathi_chunk_128,sarathi,long_input_long_output,fixed_qps_num_requests_sweep,qwen_7b,Qwen/Qwen-7B,5,1.0,2,0.85,20480,39701.0,37331.69299221357,100.0,38.235539488320356,5,20402,16518,4080.4,3303.6,1.9465791651047766,0.9699398698285222,3.765259086852893,1.5123804400209335,3.230213447706774,3.497736267279833,3.7117545229382807,4.219610327901319,1.512703660642728,7.570992473978549,3.0792708054650575,7.156679484713822,7.363835979346185,7.529561175052076,0.04669032926982612,0.04538351781356149,0.047698464728820486,0.046944968738513816,0.04743472016008724,0.04756659244445386,0.04767209027194716,0.046672065122415826,0.04537594379523479,0.047661942167772385,0.04692654449646573,0.04740606990977317,0.04753400603877278,0.047636354941972464,157.2045079983771,64.64637116971426,279.46364769502543,132.84588009375148,242.24560255738908,260.8546251262072,275.7418431812618,2.273031162796542,0.0003232206217944,5.143347484990954,2.0215993656311184,4.193988856580108,4.668668170785531,5.04841162214987,154.93147683558055,63.21643634093925,274.3203002100345,132.84555687312968,238.05161370080896,256.1859569554217,270.6934315591119,1.9465791651047766,0.9699398698285222,3.765259086852893,1.5123804400209335,3.230213447706774,3.497736267279833,3.7117545229382807,152.98489767047576,62.24649647111073,271.8926552210469,131.33317643310875,235.08892307267524,253.49078914686103,268.2122820062097,3.040370840020478,1.3999521913938224,3.928102339152247,3.6428641614038497,3.816328334622085,3.872215336887166,3.916924938699231,3336.0,1322,6033,2820.0,5195.400000000001,5614.2,5949.24,3337.0,1323,6034,2821.0,5196.400000000001,5615.2,5950.24,282.39,0.01770600941959701,58.49357271858069
custom_sarathi_long_input_long_output_fixed_qps_num_requests_6_qps_1_qwen_7b,benchmark_output/figure-1/custom_sarathi_long_input_long_output_fixed_qps_num_requests_6_qps_1_qwen_7b,sarathi_chunk_128,sarathi,long_input_long_output,fixed_qps_num_requests_sweep,qwen_7b,Qwen/Qwen-7B,6,1.0,2,0.85,20480,39701.0,37381.02972518228,100.0,39.84296130117779,6,28867,18785,4811.166666666667,3130.8333333333335,2.187113891200473,0.9306655121035874,4.026986093027517,1.907498991000466,3.6750919780461118,3.8510390355368145,3.991796681529377,4.899293657819119,1.4694880987517538,9.764762292383239,4.462343011866324,8.345905575784855,9.055333934084047,9.622876620723401,0.046372719728771244,0.04475785118176852,0.047872306390797495,0.046542423246883236,0.047373245784736784,0.04762277608776714,0.047822400330191424,0.04635414231066418,0.04475038158043645,0.04783565071974788,0.04652383573821793,0.04734571971821146,0.04759068521897967,0.04778665761959424,148.65925889632976,64.78313651285134,275.07133528916165,127.20440088119358,229.0306214815937,252.05097838537768,270.46726390840485,2.7121797666186467,0.0002451566979289,5.7377761993557215,2.2873261318309233,5.159535009297542,5.448655604326632,5.679952080349904,145.9470791297111,63.40402535209432,270.4900414699223,126.24052369804122,225.4164030449465,247.9532222574344,265.9826776274247,2.187113891200473,0.9306655121035874,4.026986093027517,1.907498991000466,3.6750919780461118,3.8510390355368145,3.991796681529377,143.75996523851063,62.473359839990735,268.1442864299752,124.99248427851126,222.58192659344058,245.36310651170788,263.58805044632174,2.921902839715282,1.4502790763508528,4.125449907733128,3.2568106327671558,3.9833087604492907,4.05437933409121,4.111235793004744,3169.3333333333335,1322,6033,2693.0,4986.0,5509.5,5928.3,3170.3333333333335,1323,6034,2694.0,4987.0,5510.5,5929.3,277.72,0.021604493734696816,67.64006913437994
custom_sarathi_long_input_long_output_fixed_qps_num_requests_7_qps_1_qwen_7b,benchmark_output/figure-1/custom_sarathi_long_input_long_output_fixed_qps_num_requests_7_qps_1_qwen_7b,sarathi_chunk_128,sarathi,long_input_long_output,fixed_qps_num_requests_sweep,qwen_7b,Qwen/Qwen-7B,7,1.0,2,0.85,20480,39701.0,37381.71948549535,100.0,40.17296113847838,7,36958,21343,5279.714285714285,3049.0,2.450547781606604,0.9320366140455008,4.056737523991615,2.335756473010406,4.014824088476598,4.035780806234106,4.052546180440113,5.86021217324638,1.4556526667438447,11.508433223934844,6.010996992932633,10.497143377410248,11.002788300672545,11.407304239282384,0.048336525110734455,0.04622432898848651,0.04967673724816962,0.048545924984066624,0.04930360458169163,0.04949017091493063,0.049639423981521824,0.04831722730126629,0.0462166146478676,0.049638699930215434,0.04852451081336347,0.04927683827708358,0.049457769103649504,0.04960251376490225,151.80508019332774,67.1341634336859,283.88512689620256,134.63772387779318,228.12811725302603,256.0066220746142,278.30942593188485,3.4096643916397755,0.0005032287444919,7.52155142580159,2.6553179998882115,6.468348143761978,6.994949784781783,7.4162310975976276,148.39541580168796,65.76017872290686,279.26571144303307,127.1161724519916,224.6871602718253,251.9764358574291,273.80785632591227,2.450547781606604,0.9320366140455008,4.056737523991615,2.335756473010406,4.014824088476598,4.035780806234106,4.052546180440113,145.94486802008137,64.82814210886136,276.92995497002266,124.94270160188898,221.7394502867945,249.33470262840848,271.4109045016998,3.687487153535975,1.98656793567352,5.367162071168423,3.898975800257176,5.1804508384317165,5.273806454800069,5.348490947894752,3091.4285714285716,1322,6033,2624.0,4776.6,5404.799999999998,5907.359999999999,3092.4285714285716,1323,6034,2625.0,4777.6,5405.799999999998,5908.359999999999,286.53,0.024430251631591807,74.48783722472342
custom_sarathi_long_input_long_output_fixed_qps_num_requests_8_qps_1_qwen_7b,benchmark_output/figure-1/custom_sarathi_long_input_long_output_fixed_qps_num_requests_8_qps_1_qwen_7b,sarathi_chunk_128,sarathi,long_input_long_output,fixed_qps_num_requests_sweep,qwen_7b,Qwen/Qwen-7B,8,1.0,2,0.85,20480,39701.0,37360.084245076585,100.0,40.48413566739606,8,40609,23413,5076.125,2926.625,2.2042994555376936,0.8958426779136062,3.849037172971293,1.947844033013098,3.618834002432413,3.7339355877018527,3.8260168559174046,6.157714091823436,1.465496177552268,11.897191408090293,5.955890903365798,10.709621210070326,11.303406309080309,11.778434388288296,0.049522562717200555,0.04666058974280863,0.05050847087466854,0.050142932118331845,0.05046309878513662,0.05048578482990258,0.050503933665715345,0.049502248361020754,0.04665280259498773,0.05048619100220508,0.050121840395776,0.05042937764305858,0.050457784322631836,0.05048050966629043,149.37528355562245,68.10817041876726,285.8357505421154,134.35211629921105,220.28997763742225,253.0628640897688,279.28117325164607,3.9534146362857427,0.0002036807127296,10.049317314988002,3.405173646984622,7.460932961059734,8.755125138023866,9.790478879595174,145.4218689193367,66.7248106310144,281.59140712209046,130.21720305248164,217.22047189965377,249.4059395108721,275.1543135998468,2.2042994555376936,0.8958426779136062,3.849037172971293,1.947844033013098,3.618834002432413,3.7339355877018527,3.8260168559174046,143.217569463799,65.8289679531008,279.5435931491665,127.8153148710262,214.4685933298897,247.00609323952804,273.0360931672388,3.5653162375383545,1.6492595414165407,5.474572858540341,3.382537579163909,5.212526013143361,5.343549435841851,5.448368174000643,2967.5,1322,6033,2595.0,4567.2,5300.0999999999985,5886.419999999999,2968.5,1323,6034,2596.0,4568.2,5301.0999999999985,5887.419999999999,288.44,0.02773540424351685,81.1711274441825
custom_sarathi_long_input_long_output_fixed_qps_num_requests_9_qps_1_qwen_7b,benchmark_output/figure-1/custom_sarathi_long_input_long_output_fixed_qps_num_requests_9_qps_1_qwen_7b,sarathi_chunk_128,sarathi,long_input_long_output,fixed_qps_num_requests_sweep,qwen_7b,Qwen/Qwen-7B,9,1.0,2,0.85,20480,39701.0,37392.03972457627,100.0,41.69438559322034,9,48865,25915,5429.444444444444,2879.4444444444443,2.631815757524843,0.8560211018193513,4.423446528846398,2.4019390400499105,4.15722569306381,4.290336110955104,4.396824445268139,8.014367022189415,1.4414335216861218,17.293956394772977,7.060961075127125,14.244087033439428,15.7690217141062,16.988969458639623,0.053463165388429955,0.048663180222664235,0.05745276186893555,0.05394553245271404,0.055086690830575775,0.05626972634975566,0.05721615476509957,0.05344112048451968,0.0486550588641491,0.05740877047393637,0.05392621790475388,0.055058661789133594,0.05623371613153498,0.05717375960545609,159.1475369906208,77.20182425668463,298.60207378910854,148.45344691188075,223.9313133322634,261.26669356068595,291.13499774342404,5.382551264664572,0.000245306873694,12.87050986592658,4.659022035077214,11.82048608851619,12.345497977221385,12.765507488185541,153.76498572595625,75.83187534078024,293.94305175403133,139.80898980796337,220.92951172208413,257.4362817380577,286.6416977508366,2.631815757524843,0.8560211018193513,4.423446528846398,2.4019390400499105,4.15722569306381,4.290336110955104,4.396824445268139,151.1331699684314,74.97585423896089,291.5411127139814,136.74463391886093,217.6746395491995,254.60787613159042,284.1544653975032,4.079865949124926,2.229706266662106,6.319599794689566,3.383495716145262,6.048439201060683,6.184019497875124,6.292483735326678,2923.4444444444443,1322,6033,2571.0,4357.8,5195.4,5865.48,2924.4444444444443,1323,6034,2572.0,4358.8,5196.4,5866.48,301.24,0.029876510423582525,86.02775195857123
custom_sarathi_long_input_long_output_fixed_num_requests_num_requests_10_qps_1_qwen_7b,benchmark_output/figure-1/custom_sarathi_long_input_long_output_fixed_num_requests_num_requests_10_qps_1_qwen_7b,sarathi_chunk_128,sarathi,long_input_long_output,fixed_num_requests_qps_sweep,qwen_7b,Qwen/Qwen-7B,10,1.0,2,0.85,20480,39701.0,37450.86276540653,100.0,43.040134645261524,10,58452,28312,5845.2,2831.2,2.8798212205292657,0.9198862889315932,5.388376221992075,2.8640199690125883,4.378863557847217,4.883619889919645,5.28742495557759,9.385763190640137,1.4728388437069952,22.308351546525955,8.417870828183368,17.54559802364092,19.926974785083434,21.83207619423745,0.05772226348558444,0.05072386399430847,0.05993673656205118,0.05863480039128742,0.05980102282361379,0.059868879692832486,0.05992316518820744,0.05769847144384214,0.050715398729956944,0.05990778161685212,0.05861284216106406,0.059774392283144434,0.059841086949998276,0.05989444268348135,169.58562554027884,79.47304774867371,310.86320449691266,161.73221915611066,226.71365054491903,268.7884275209158,302.4482491017133,6.505941970110871,0.0010050705168396,16.91997532453388,5.201686956221238,13.166734465793704,15.043354895163787,16.544651238659863,163.079683570168,78.08235450694337,306.2475012477953,151.09738463454414,223.87740288630587,265.0624520670505,298.0104914116464,2.8798212205292657,0.9198862889315932,5.388376221992075,2.8640199690125883,4.378863557847217,4.883619889919645,5.28742495557759,160.19986234963872,77.16246821801178,303.886669189902,148.01203844998963,220.61083258839787,262.24875088914985,295.5590855297516,4.951317462068983,2.7424864897038788,7.763532583368942,4.367537220125087,7.477866975404322,7.620699779386632,7.73496602257248,2878.9,1322,6033,2568.5,4148.4,5090.699999999998,5844.54,2879.9,1323,6034,2569.5,4149.4,5091.699999999998,5845.54,311.485,0.0321042746841742,90.89362248583399
custom_sarathi_long_input_long_output_fixed_qps_num_requests_10_qps_1_qwen_7b,benchmark_output/figure-1/custom_sarathi_long_input_long_output_fixed_qps_num_requests_10_qps_1_qwen_7b,sarathi_chunk_128,sarathi,long_input_long_output,fixed_qps_num_requests_sweep,qwen_7b,Qwen/Qwen-7B,10,1.0,2,0.85,20480,39701.0,37500.75834202294,100.0,43.00052137643379,10,58452,28312,5845.2,2831.2,2.873824477288872,0.8986790929920971,5.400036156876013,2.8454959609080106,4.527785723889246,4.963910940382629,5.312811113577336,9.286126224510372,1.4521146847400817,22.23875345545821,8.306426070164889,17.46610003719106,19.852426746324632,21.761488113631493,0.057137916132750974,0.05007624437205806,0.059312111192368025,0.058140899299153434,0.05919101424866758,0.0592515627205178,0.05930000149799798,0.05711436897437626,0.050067887188417856,0.059283457998555285,0.05811912603035188,0.059164655412246414,0.059224056705400846,0.0592715777399244,167.85423400378787,78.48215160169639,306.9245510760229,160.19131577620283,224.77147970071525,265.848015388369,298.70924393849214,6.4123017472215,0.0002331468276679,16.838717298582196,5.149264557752758,12.938314313301817,14.888515805942003,16.448677000054158,161.44193225656636,77.11352715897374,302.35820386582054,149.68821241951082,221.96018202123233,262.15919294352636,294.3184016813617,2.873824477288872,0.8986790929920971,5.400036156876013,2.8454959609080106,4.527785723889246,4.963910940382629,5.312811113577336,158.56810777927748,76.21484806598164,300.0067800329998,146.57505860633682,218.71942835785444,259.36310419542707,291.8780448654853,4.694961546338163,2.606407080311328,7.383773295208812,4.154556078254245,7.089280762849375,7.2365270290290935,7.354324041972868,2878.9,1322,6033,2568.5,4148.4,5090.699999999998,5844.54,2879.9,1323,6034,2569.5,4149.4,5091.699999999998,5845.54,311.485,0.0321042746841742,90.89362248583399
custom_sarathi_long_input_long_output_fixed_num_requests_num_requests_10_qps_2_qwen_7b,benchmark_output/figure-1/custom_sarathi_long_input_long_output_fixed_num_requests_num_requests_10_qps_2_qwen_7b,sarathi_chunk_128,sarathi,long_input_long_output,fixed_num_requests_qps_sweep,qwen_7b,Qwen/Qwen-7B,10,2.0,2,0.85,20480,39701.0,37630.16289243438,100.0,43.58106021616057,10,58452,28312,5845.2,2831.2,2.920611117221415,0.9422765639610589,5.463923459872603,2.900829383521341,4.532991522061638,4.9984574909671196,5.370830266091507,10.956156103499234,1.4657122942153364,25.6854389696382,9.805329347262159,20.838765700394287,23.262102335016237,25.200771642713807,0.0575958011883128,0.05087988364648281,0.059648584289527594,0.058448244609234354,0.05953373069492011,0.05959115749222385,0.05963709893006684,0.05757206417272298,0.0508713923441386,0.05961976854832492,0.05842635673695229,0.059507219269778235,0.05956349390905158,0.059608513620470246,170.9169563507894,79.6571839065291,312.8793835665565,164.12706937338226,227.83135344015892,270.3553685033576,304.37458055391676,8.035544986277818,0.0002270932309329,20.221515509765595,6.559540991671383,16.305774178332648,18.263644844049118,19.8299413766223,162.8814113645116,78.26703363494016,307.19672998809256,150.64978844253346,224.57829595303627,265.88751297056433,298.93488658458693,2.920611117221415,0.9422765639610589,5.463923459872603,2.900829383521341,4.532991522061638,4.9984574909671196,5.370830266091507,159.96080024729017,77.3247570709791,304.8213829260785,147.36417039693333,221.25708071230906,263.03923181919373,296.4649527047016,4.429230715893209,2.4494365891441703,7.120563870528713,3.855410146759823,6.737232051044702,6.928897960786707,7.082230688580312,2878.9,1322,6033,2568.5,4148.4,5090.699999999998,5844.54,2879.9,1323,6034,2569.5,4149.4,5091.699999999998,5845.54,314.04,0.03184307731499172,90.15412049420455
custom_sarathi_long_input_long_output_fixed_num_requests_num_requests_10_qps_3_qwen_7b,benchmark_output/figure-1/custom_sarathi_long_input_long_output_fixed_num_requests_num_requests_10_qps_3_qwen_7b,sarathi_chunk_128,sarathi,long_input_long_output,fixed_num_requests_qps_sweep,qwen_7b,Qwen/Qwen-7B,10,3.0,2,0.85,20480,39701.0,37495.240845796805,100.0,42.44791129448169,10,58452,28312,5845.2,2831.2,2.9199640185805036,0.9224976000841708,5.450302263954654,2.940992121468298,4.490527644543908,4.97041495424928,5.35432480201358,11.48504736525938,1.5050245733000338,26.691803261172023,10.314312963397242,21.85678651104681,24.274294886109413,26.208301586159504,0.05761721298166326,0.0507063284343237,0.059851271318993766,0.05846521719512368,0.05966682129211575,0.05975904630555476,0.059832826316305966,0.0575934525449884,0.0506978660964675,0.059822357661351744,0.05844332333441109,0.05964025030828353,0.05973130398481764,0.059804146926044924,171.37888592642267,79.88416570075788,312.27929209941067,164.79589530359954,227.10858318761453,269.6939376435125,303.7622212082311,8.565083346678875,0.0181026214268058,21.24150099721737,7.056694389437325,17.3662588665029,19.30387993186013,20.85397678414592,162.8138025797438,78.44533024798147,306.23084689700045,150.72809223202057,223.6962786336662,264.9635627653332,297.977390070667,2.9199640185805036,0.9224976000841708,5.450302263954654,2.940992121468298,4.490527644543908,4.97041495424928,5.35432480201358,159.89383856116328,77.5228326478973,303.78161365003325,147.37785958044697,220.361879412597,262.07174653131506,295.43964022628967,4.608633385249414,2.5867256824858487,7.147545852465555,4.059101255377755,6.976697406126187,7.062121629295871,7.130461007831618,2878.9,1322,6033,2568.5,4148.4,5090.699999999998,5844.54,2879.9,1323,6034,2569.5,4149.4,5091.699999999998,5845.54,312.94,0.03195500734965169,90.47101680833387
custom_sarathi_long_input_long_output_fixed_num_requests_num_requests_10_qps_4_qwen_7b,benchmark_output/figure-1/custom_sarathi_long_input_long_output_fixed_num_requests_num_requests_10_qps_4_qwen_7b,sarathi_chunk_128,sarathi,long_input_long_output,fixed_num_requests_qps_sweep,qwen_7b,Qwen/Qwen-7B,10,4.0,2,0.85,20480,39701.0,37567.483090530695,100.0,43.57440166493236,10,58452,28312,5845.2,2831.2,2.876501248194836,0.9164240809623152,5.416045540012419,2.861397413420491,4.548084206087514,4.982064873049966,5.329249406619929,11.533671609987504,1.5231227334588766,26.8287466194015,10.3454087972641,22.020310079492628,24.42452834944706,26.347902965410615,0.05730105356522584,0.050778191656325376,0.05929899404539761,0.05813566336405256,0.05911398737009706,0.05920649070774733,0.05928049337786755,0.05727744666644448,0.05076971732527459,0.059270347188370855,0.05811389170978492,0.05908766256619167,0.05917900487728126,0.059252078726152936,170.76201895647682,79.22378305648454,312.6979685288388,163.9477762155002,227.46654781976247,270.08225817430053,304.1748264579312,8.65717036179267,0.0869617112912237,21.41270107938908,7.134163778275251,17.47222587340511,19.442463476397094,21.018653558790685,162.10484859468414,77.76370119582862,306.5743251659442,149.76082442549523,224.0186864033807,265.2965057846624,298.3187612896878,2.876501248194836,0.9164240809623152,5.416045540012419,2.861397413420491,4.548084206087514,4.982064873049966,5.329249406619929,159.22834734648933,76.8472771148663,304.21214621304534,146.69766581698786,220.75791422154282,262.485030217294,295.8667230138951,4.369825383741409,2.4293328770436347,6.971220339415595,3.804978177999146,6.6762293396750465,6.823724839545321,6.94172123944154,2878.9,1322,6033,2568.5,4148.4,5090.699999999998,5844.54,2879.9,1323,6034,2569.5,4149.4,5091.699999999998,5845.54,313.12,0.031936637710781805,90.41900868676545
custom_sarathi_long_input_long_output_fixed_num_requests_num_requests_10_qps_5_qwen_7b,benchmark_output/figure-1/custom_sarathi_long_input_long_output_fixed_num_requests_num_requests_10_qps_5_qwen_7b,sarathi_chunk_128,sarathi,long_input_long_output,fixed_num_requests_qps_sweep,qwen_7b,Qwen/Qwen-7B,10,5.0,2,0.85,20480,39701.0,37439.948631905005,100.0,42.68817759421786,10,58452,28312,5845.2,2831.2,2.899958660895936,0.9151458910200744,5.479996932903305,2.830659547355026,4.596163707808591,5.038080320355947,5.391613610393834,11.832119784457609,1.6465433235280216,27.470258314395323,10.52473337680567,22.601331226550972,25.035794770473142,26.98336560561089,0.05762620362222095,0.050715656167622504,0.05980866899468103,0.058480180058136676,0.059633535505996225,0.05972110225033862,0.05979115564581255,0.05760244098816632,0.050707192273068497,0.059779775917872,0.058458279571052,0.05960697938375576,0.05969337765081388,0.059762496264460375,171.76796989566645,80.05796117987484,312.46807678136975,165.1734991025878,227.60222867701665,270.0351527291931,303.9814919709344,8.932161123561674,0.1913222046568989,21.99026138149202,7.294542901916429,18.005167518742383,19.997714450117197,21.591751995217056,162.8358087721048,78.4731271089986,306.23004818405025,150.6950281704776,224.01526782084252,265.1226580024463,298.0085701477295,2.899958660895936,0.9151458910200744,5.479996932903305,2.830659547355026,4.596163707808591,5.038080320355947,5.391613610393834,159.93585011120885,77.55798121797852,303.8374961002264,147.51286641485058,220.83412230266256,262.3358092014444,295.5371587204701,4.590154332248494,2.53591851121746,7.187984656309709,4.0282253118930385,6.894451871351339,7.041218263830523,7.158631377813872,2878.9,1322,6033,2568.5,4148.4,5090.699999999998,5844.54,2879.9,1323,6034,2569.5,4149.4,5091.699999999998,5845.54,312.7,0.03197953309881676,90.54045410937
custom_sarathi_long_input_long_output_fixed_num_requests_num_requests_10_qps_6_qwen_7b,benchmark_output/figure-1/custom_sarathi_long_input_long_output_fixed_num_requests_num_requests_10_qps_6_qwen_7b,sarathi_chunk_128,sarathi,long_input_long_output,fixed_num_requests_qps_sweep,qwen_7b,Qwen/Qwen-7B,10,6.0,2,0.85,20480,39701.0,37415.92528438469,100.0,42.79834539813857,10,58452,28312,5845.2,2831.2,2.892225583619438,0.9284144998528064,5.422124115051702,2.8654309660196304,4.451020969613455,4.936572542332577,5.325013800507877,12.048523485311307,1.7261891888920216,27.63492233166471,10.779396935366094,22.818603246752172,25.226762789208436,27.15329042317346,0.057235063301227074,0.05047028067184727,0.05943104963506126,0.05808920562645442,0.059260477016722476,0.059345763325891865,0.05941399237322738,0.05721146054833874,0.050461857727809915,0.05940233898306364,0.05806745209614421,0.059234087040162677,0.059318213011613156,0.05938551378877355,170.89894204968587,79.62375407177024,311.24620956229046,164.35325720708352,225.57268300065766,268.409446281474,302.6788569061272,9.156297901691868,0.245031613856554,22.21279821661301,7.581637965864502,18.367582277138716,20.29019024687586,21.82827662266558,161.74264414799399,77.96128460788168,304.7167517240159,149.6689567901194,221.83647060624787,263.27661116513184,296.42872361223914,2.892225583619438,0.9284144998528064,5.422124115051702,2.8654309660196304,4.451020969613455,4.936572542332577,5.325013800507877,158.85041856437456,77.03287010802887,302.367451505037,146.48973404045682,218.55813504259564,260.46279327381626,293.9865198587929,4.630608582543209,2.543482530862093,7.31874943501316,4.06309687171597,6.916502873064019,7.117626154038589,7.278524778818246,2878.9,1322,6033,2568.5,4148.4,5090.699999999998,5844.54,2879.9,1323,6034,2569.5,4149.4,5091.699999999998,5845.54,311.36,0.03211716341212744,90.93011305241521
custom_sarathi_long_input_long_output_fixed_num_requests_num_requests_10_qps_7_qwen_7b,benchmark_output/figure-1/custom_sarathi_long_input_long_output_fixed_num_requests_num_requests_10_qps_7_qwen_7b,sarathi_chunk_128,sarathi,long_input_long_output,fixed_num_requests_qps_sweep,qwen_7b,Qwen/Qwen-7B,10,7.0,2,0.85,20480,39701.0,37547.241943866946,100.0,42.641112266112266,10,58452,28312,5845.2,2831.2,2.867768523353152,0.9216031169053168,5.345297385938466,2.8339893805095926,4.5027236615773285,4.924010523757897,5.2610400135023525,11.975280507630668,1.6965978387743235,27.522309166379273,10.690758237964474,22.77386206295341,25.148085614666336,27.04746445603669,0.05718438366682309,0.05061907167684805,0.05909928329106206,0.058029260226128275,0.059019265458577705,0.059059274374819885,0.05909128150781363,0.057160817519184136,0.050610623901201045,0.05907073291266058,0.05800752844929084,0.05899298327599584,0.05903185809432821,0.059062957948994105,170.8295923280297,79.41710977395996,312.0802044174634,164.11278820747975,226.77257273949215,269.42638857847766,303.5494412496663,9.107511984277517,0.2292232126928866,22.177011780440807,7.545358059578575,18.27113840137608,20.224075090908443,21.786424442534337,161.72208034375217,77.7804221957922,305.59022406092845,149.48424820695072,223.06434078430757,264.32728242261794,297.3376357332664,2.867768523353152,0.9216031169053168,5.345297385938466,2.8339893805095926,4.5027236615773285,4.924010523757897,5.2610400135023525,158.854311820399,76.85881907888688,303.25885841599666,146.43293977202848,219.8282524153357,261.5435554156661,294.9157978159306,4.78283663818147,2.6730677301529795,7.531874613370746,4.215241526835598,7.189220983861014,7.36054779861588,7.4976092504197736,2878.9,1322,6033,2568.5,4148.4,5090.699999999998,5844.54,2879.9,1323,6034,2569.5,4149.4,5091.699999999998,5845.54,312.17,0.03203382772207451,90.69417304673735
custom_sarathi_long_input_long_output_fixed_num_requests_num_requests_10_qps_8_qwen_7b,benchmark_output/figure-1/custom_sarathi_long_input_long_output_fixed_num_requests_num_requests_10_qps_8_qwen_7b,sarathi_chunk_128,sarathi,long_input_long_output,fixed_num_requests_qps_sweep,qwen_7b,Qwen/Qwen-7B,10,8.0,2,0.85,20480,39701.0,37467.26577042399,100.0,42.87306101344364,10,58452,28312,5845.2,2831.2,2.908470124611631,0.931077292887494,5.44848583987914,2.871686036582105,4.566883810982108,5.007684825430623,5.360325636989437,12.222921511018649,1.7321604550816119,28.072288285708055,10.919595744344406,23.231295339833014,25.65179181277053,27.588188991120553,0.05776761754432859,0.05098935753881852,0.05993263910777972,0.05866539276898023,0.05980378252120355,0.05986821081449164,0.0599197534491221,0.05774380740851526,0.05098084796646558,0.05990368614202717,0.058643423465400496,0.05977715078060076,0.059840418461313966,0.059891032605884534,172.62149109700695,80.06372417509556,314.47189996391535,166.02057632873766,228.26862186237702,271.37026091314607,305.85157215376154,9.314451386407018,0.2707752431742847,22.623802445828915,7.717716610757634,18.664411528850906,20.644106987339907,22.227863354131113,163.30703971059992,78.39275439688936,307.83147597615607,151.11821771552786,224.4778073331108,266.15464165463334,299.4961091118516,2.908470124611631,0.931077292887494,5.44848583987914,2.871686036582105,4.566883810982108,5.007684825430623,5.360325636989437,160.3985695859883,77.46167710400186,305.47724101506174,147.85626852791756,221.19216043613847,263.3347007256,297.0487329571694,4.845184864802286,2.7129253414459527,7.592667094897479,4.278235285310075,7.287200174224563,7.4399336345610205,7.562120402830187,2878.9,1322,6033,2568.5,4148.4,5090.699999999998,5844.54,2879.9,1323,6034,2569.5,4149.4,5091.699999999998,5845.54,314.48,0.03179852454846095,90.02798270160264
custom_sarathi_long_input_long_output_fixed_num_requests_num_requests_10_qps_9_qwen_7b,benchmark_output/figure-1/custom_sarathi_long_input_long_output_fixed_num_requests_num_requests_10_qps_9_qwen_7b,sarathi_chunk_128,sarathi,long_input_long_output,fixed_num_requests_qps_sweep,qwen_7b,Qwen/Qwen-7B,10,9.0,2,0.85,20480,39701.0,37525.01900052056,100.0,44.072618427902135,10,58452,28312,5845.2,2831.2,2.883611091412604,0.91497585689649,5.342465475201607,2.8438585643889382,4.450013988371938,4.896239731786771,5.25322032651864,12.293215722683817,1.833708839258179,27.982170049799606,10.985019023297355,23.23430927202571,25.608239660912652,27.507383972022218,0.05742162580487818,0.05042728824822965,0.05948638217107322,0.05831450099028261,0.059368300332274714,0.05942734125167397,0.05947457398719337,0.057397946387130715,0.05041887247916286,0.059457644788381885,0.05829266279870051,0.05934186256131252,0.0593997536748472,0.05944606656567495,171.6280045684427,79.94639454362914,311.1609168672003,165.20470207906328,227.06716788015322,269.1140423736767,302.7515419684956,9.409604631271213,0.3364987962413579,22.639704574598,7.816920554963872,18.784295283653773,20.71199992912588,22.254163645503578,162.21839993717148,78.17475510691293,304.39597804495133,150.21802968496922,223.1813375992933,263.7886578221222,296.2745140003855,2.883611091412604,0.91497585689649,5.342465475201607,2.8438585643889382,4.450013988371938,4.896239731786771,5.25322032651864,159.33478884575888,77.25977925001644,302.10988389514387,147.14247393188998,219.8912675032392,261.0005756991915,293.8880222559534,4.211493934760801,2.3781845420598984,6.558325596852228,3.6972848697332665,6.364337733970023,6.461331665411126,6.538926810564008,2878.9,1322,6033,2568.5,4148.4,5090.699999999998,5844.54,2879.9,1323,6034,2569.5,4149.4,5091.699999999998,5845.54,311.08,0.032146071750032146,91.01195833869102
custom_sarathi_long_input_long_output_fixed_num_requests_num_requests_10_qps_10_qwen_7b,benchmark_output/figure-1/custom_sarathi_long_input_long_output_fixed_num_requests_num_requests_10_qps_10_qwen_7b,sarathi_chunk_128,sarathi,long_input_long_output,fixed_num_requests_qps_sweep,qwen_7b,Qwen/Qwen-7B,10,10.0,2,0.85,20480,39701.0,37424.11282843895,100.0,43.64064914992272,10,58452,28312,5845.2,2831.2,2.92535807879176,0.9390995991416276,5.498324882937595,2.8910270974738523,4.546592180151492,5.022458531544543,5.403151612658985,12.491846571932546,1.8634564082603902,28.474119547987357,11.199345852131955,23.587887019407933,26.03100328369764,27.985496295129416,0.05832351005152642,0.05127618697064162,0.06056296244660214,0.05916342166038002,0.06038459704083321,0.060473779743717676,0.060545125906025246,0.05829945581254049,0.0512676295295584,0.06053370497682117,0.05914126539538903,0.060357706450098525,0.06044570571345985,0.06051610512414891,174.32621651145163,81.27466918039136,316.4312342260964,167.61332216928713,230.44219928958913,273.4367167578427,307.8323307324457,9.566488493140787,0.3746671674307436,22.97579466504976,7.951979401172139,19.04129483925644,21.0085447521531,22.58234468247043,164.75972801831085,79.47333348216489,309.5908458440099,152.5279698780505,226.47526310845274,268.03305447623126,301.2792875704542,2.92535807879176,0.9390995991416276,5.498324882937595,2.8910270974738523,4.546592180151492,5.022458531544543,5.403151612658985,161.8343699395191,78.53423388302326,307.19563614111394,149.31431658845395,223.18758209531657,265.1916091182152,298.7948307365342,4.873090948513709,2.729658061405644,7.613599724369124,4.304422947578132,7.339260539622046,7.476430131995585,7.5861658058944155,2878.9,1322,6033,2568.5,4148.4,5090.699999999998,5844.54,2879.9,1323,6034,2569.5,4149.4,5091.699999999998,5845.54,316.29,0.031616554427898444,89.51278889626607
custom_sarathi_long_input_long_output_fixed_qps_num_requests_1_qps_1_yi_6b,benchmark_output/figure-1/custom_sarathi_long_input_long_output_fixed_qps_num_requests_1_qps_1_yi_6b,sarathi_chunk_128,sarathi,long_input_long_output,fixed_qps_num_requests_sweep,yi_6b,01-ai/Yi-6B,1,1.0,2,0.85,20480,39547.0,35933.01114081997,100.0,22.574866310160427,1,3518,2793,3518.0,2793.0,1.3940516461152583,1.3940516461152583,1.3940516461152583,1.3940516461152583,1.3940516461152583,1.3940516461152583,1.3940516461152583,1.3942681776825339,1.3942681776825339,1.3942681776825339,1.3942681776825339,1.3942681776825339,1.3942681776825339,1.3942681776825339,0.04369747535029378,0.04369747535029378,0.04369747535029378,0.04369747535029378,0.04369747535029378,0.04369747535029378,0.04369747535029378,0.04368182999571079,0.04368182999571079,0.04368182999571079,0.04368182999571079,0.04368182999571079,0.04368182999571079,0.04368182999571079,123.39761935570276,123.39761935570276,123.39761935570276,123.39761935570276,123.39761935570276,123.39761935570276,123.39761935570276,0.0002165315672755,0.0002165315672755,0.0002165315672755,0.0002165315672755,0.0002165315672755,0.0002165315672755,0.0002165315672755,123.3974028241355,123.3974028241355,123.3974028241355,123.3974028241355,123.3974028241355,123.3974028241355,123.3974028241355,1.3940516461152583,1.3940516461152583,1.3940516461152583,1.3940516461152583,1.3940516461152583,1.3940516461152583,1.3940516461152583,122.00335117802024,122.00335117802024,122.00335117802024,122.00335117802024,122.00335117802024,122.00335117802024,122.00335117802024,1.5260750569868833,1.5260750569868833,1.5260750569868833,1.5260750569868833,1.5260750569868833,1.5260750569868833,1.5260750569868833,2820.0,2820,2820,2820.0,2820.0,2820.0,2820.0,2821.0,2821,2821,2821.0,2821.0,2821.0,2821.0,124.42,0.008037293039704227,22.44815945989391
custom_sarathi_long_input_long_output_fixed_qps_num_requests_2_qps_1_yi_6b,benchmark_output/figure-1/custom_sarathi_long_input_long_output_fixed_qps_num_requests_2_qps_1_yi_6b,sarathi_chunk_128,sarathi,long_input_long_output,fixed_qps_num_requests_sweep,yi_6b,01-ai/Yi-6B,2,1.0,2,0.85,20480,39547.0,35875.902374670186,100.0,22.662269129287598,2,5575,4099,2787.5,2049.5,1.1807130795205012,0.9121861329767852,1.449240026064217,1.1807130795205012,1.395534636755474,1.4223873314098454,1.4438694871333428,1.8647634863154963,1.4494562977924943,2.2800706748384982,1.8647634863154963,2.197009237133898,2.238539955986198,2.271764531068038,0.043698671034408186,0.0436671752973292,0.043730166771487174,0.043698671034408186,0.04372386762407138,0.04372701719777927,0.04372953685674559,0.04367412459688458,0.04363373948163446,0.04371450971213469,0.04367412459688458,0.04370643268908467,0.043710471200609675,0.043713702009829686,91.4049081808189,59.2657344378531,123.54408192378467,91.4049081808189,117.11624717519152,120.33016454948809,122.90129844892536,0.6840504067949951,0.0002162717282772,1.367884541861713,0.6840504067949951,1.2311177148483694,1.299501128355041,1.3542078591603786,90.7208577740239,57.897849895991385,123.5438656520564,90.7208577740239,116.9792640764499,120.26156486425315,122.88740549449575,1.1807130795205012,0.9121861329767852,1.449240026064217,1.1807130795205012,1.395534636755474,1.4223873314098454,1.4438694871333428,89.5401446945034,56.9856637630146,122.0946256259922,89.5401446945034,115.58372943969444,118.83917753284331,121.44353600736241,1.0839100807206705,0.51450509368442,1.653315067756921,1.0839100807206705,1.539434070349671,1.596374569053296,1.641926968016196,2071.0,1322,2820,2071.0,2670.2,2745.1,2805.02,2072.0,1323,2821,2072.0,2671.2,2746.1,2806.02,124.57,0.016055229991169623,32.905193866902145
custom_sarathi_long_input_long_output_fixed_qps_num_requests_3_qps_1_yi_6b,benchmark_output/figure-1/custom_sarathi_long_input_long_output_fixed_qps_num_requests_3_qps_1_yi_6b,sarathi_chunk_128,sarathi,long_input_long_output,fixed_qps_num_requests_sweep,yi_6b,01-ai/Yi-6B,3,1.0,2,0.85,20480,39547.0,35879.106271777004,100.0,22.905923344947734,3,7877,6647,2625.6666666666665,2215.6666666666665,1.1296517399605364,0.930321628926322,1.4193126009777188,1.0393209899775684,1.3433142787776888,1.3813134398777038,1.4117127687577158,2.205250252969563,1.4195428856182843,2.92800535261631,2.2682025206740946,2.796044786227867,2.8620250694220886,2.9148092959774656,0.04487300346326606,0.04470891683129927,0.045094468469742216,0.04481562508875669,0.04503869979354511,0.04506658413164366,0.045088891602122504,0.04485029522047137,0.044692909342279825,0.04505993978025543,0.04479803653887884,0.04500755913198011,0.04503374945611777,0.0450547017154279,101.47890833532438,61.116483873687685,126.24683867860584,117.0734024536796,124.4121514336206,125.32949505611322,126.06336995410732,1.0755985130090266,0.0002302846405655,1.8886843626387415,1.3378808917477727,1.7785236684605477,1.8336040155496445,1.877668293220922,100.40330982231535,59.77860298193991,126.24660839396527,115.18471809104084,124.03423033338039,125.14041936367283,126.02537058790679,1.1296517399605364,0.930321628926322,1.4193126009777188,1.0393209899775684,1.3433142787776888,1.3813134398777038,1.4117127687577158,99.27365808235481,58.84828135301359,124.82729579298756,114.14539710106328,122.6909160546027,123.75910592379513,124.61365781914907,1.622078542675202,0.9387660331558436,2.5177117539569736,1.409757840912789,2.2961209713481368,2.406916362652555,2.4955526756960897,2236.0,1322,2820,2566.0,2769.2,2794.6,2814.92,2237.0,1323,2821,2567.0,2770.2,2795.6,2815.92,127.26,0.023573785950023574,52.23165173660223
custom_sarathi_long_input_long_output_fixed_qps_num_requests_4_qps_1_yi_6b,benchmark_output/figure-1/custom_sarathi_long_input_long_output_fixed_qps_num_requests_4_qps_1_yi_6b,sarathi_chunk_128,sarathi,long_input_long_output,fixed_qps_num_requests_sweep,yi_6b,01-ai/Yi-6B,4,1.0,2,0.85,20480,39625.0,36720.803687635576,100.0,26.72704266088214,4,15328,10526,3832.0,2631.5,1.7383751149754971,0.9405922808218748,3.4483128141146158,1.2822976824827492,2.8598516495665542,3.154082231840584,3.389466697659809,3.263970508647617,1.486990503501147,6.180598306935281,2.69414661207702,5.239472571038641,5.71003543898696,6.086485733345616,0.0456646822549724,0.04504430370958634,0.04610400572187228,0.04575520979421549,0.046014737073479084,0.04605937139767568,0.04609507885703296,0.04564436933499764,0.04503269136008658,0.04606870403295814,0.04573804097347292,0.04598510575766662,0.04602690489531238,0.04606034420542899,123.05075916287024,62.51050817058422,180.86240809271112,124.4150601940928,165.41725994227454,173.1398340174928,179.31789327766745,1.5255953936721198,0.0002149045467376,2.732285492820665,1.6849405886605384,2.5023076713550836,2.617296582087874,2.7092877106741065,121.52516376919812,61.1063197478652,178.13012259989046,123.4321063645184,163.50459562593608,170.81735911291324,176.667569902495,1.7383751149754971,0.9405922808218748,3.4483128141146158,1.2822976824827492,2.8598516495665542,3.154082231840584,3.389466697659809,119.78678865422262,60.165727467043325,174.68180978577584,122.14980868203565,160.6447439763695,167.66327688107265,173.2781032048352,2.354383623576723,1.26249243109487,3.361072338419035,2.3969848623964936,3.1497768614441157,3.255424599931575,3.339942790721543,2661.75,1322,3939,2693.0,3603.3,3771.1499999999996,3905.43,2662.75,1323,3940,2694.0,3604.3,3772.1499999999996,3906.43,182.47,0.021921411738915986,57.68619499095742
custom_sarathi_long_input_long_output_fixed_qps_num_requests_5_qps_1_yi_6b,benchmark_output/figure-1/custom_sarathi_long_input_long_output_fixed_qps_num_requests_5_qps_1_yi_6b,sarathi_chunk_128,sarathi,long_input_long_output,fixed_qps_num_requests_sweep,yi_6b,01-ai/Yi-6B,5,1.0,2,0.85,20480,39625.0,37361.619571348,100.0,32.38522278623802,5,20402,16518,4080.4,3303.6,1.841135753178969,0.9311638688668608,3.393812266178429,1.4773801849223671,2.9708013332448897,3.182306799711659,3.351511172885075,3.992184222396463,1.4776654276065526,7.044222699012607,3.0144076636061072,6.665915993414819,6.855069346213713,7.0063920284528285,0.045954753177982886,0.04473090149910551,0.04749886671338102,0.04596265312174535,0.046909284972735596,0.04720407584305831,0.047439908539316476,0.04593673385961384,0.044723436395384036,0.04746249698389145,0.04594461440387967,0.046880871668896235,0.04717168432639384,0.04740433445239193,154.4332099834457,64.31219044770114,275.02705358015373,129.9792207416613,238.1227521413006,256.57490286072715,271.33662343626844,2.151048469217494,0.0002852426841855,4.707937765168026,1.947370151523501,3.906620126636699,4.307278945902362,4.627806001314894,152.28216151422822,62.91718492982909,270.3191158149857,129.97893549897708,234.2161320146639,252.26762391482478,266.7088174349535,1.841135753178969,0.9311638688668608,3.393812266178429,1.4773801849223671,2.9708013332448897,3.182306799711659,3.351511172885075,150.44102576104925,61.98602106096223,267.9828308811411,128.5015553140547,231.45683614788578,249.71983351451343,264.3302314078156,3.326780910184607,1.72858685743995,4.204325412400067,3.8617448140867054,4.146200521476567,4.175262966938317,4.1985129233077165,3336.0,1322,6033,2820.0,5195.400000000001,5614.2,5949.24,3337.0,1323,6034,2821.0,5196.400000000001,5615.2,5950.24,277.97,0.017987552613591393,59.423678814260526
custom_sarathi_long_input_long_output_fixed_qps_num_requests_6_qps_1_yi_6b,benchmark_output/figure-1/custom_sarathi_long_input_long_output_fixed_qps_num_requests_6_qps_1_yi_6b,sarathi_chunk_128,sarathi,long_input_long_output,fixed_qps_num_requests_sweep,yi_6b,01-ai/Yi-6B,6,1.0,2,0.85,20480,39625.0,37203.42837235228,100.0,31.882385730211816,6,28867,18785,4811.166666666667,3130.8333333333335,2.218111920830173,0.94046533992514,4.014376231934875,1.939488121541217,3.7186896889470518,3.8665329604409635,3.984807577636093,4.996009492664598,1.4746718378737569,9.947340078419074,4.554542151396163,8.534001739812084,9.240670909115579,9.806006244558375,0.04682547252333147,0.04533402279468306,0.0480673482145586,0.04701087187649805,0.04771218163099982,0.047889764922779215,0.04803183155620273,0.04680673917056444,0.04532645703653975,0.04803054320061177,0.04699210180689406,0.04768448614619135,0.04785751467340156,0.04799593749516973,150.32301400244856,65.05218675569631,278.7167939641513,128.6529989367118,231.9427235700423,255.3297587670968,274.0393869247404,2.777897571834425,0.0002420418895781,5.932963846484199,2.317115296376869,5.324540400295518,5.628752123389859,5.872121501865331,147.54511643061414,63.668354759924114,274.00067701004446,127.67971199890599,228.24071571347304,251.12069636175875,269.4246808803873,2.218111920830173,0.94046533992514,4.014376231934875,1.939488121541217,3.7186896889470518,3.8665329604409635,3.984807577636093,145.32700450978396,62.727889419998974,271.5961305629462,126.41657181887422,225.3269409169443,248.46153573994525,266.969211598346,3.58925264441253,1.7739103473722937,5.048595125088468,4.035482076695189,4.912183238076977,4.980389181582723,5.0349539363873195,3169.3333333333335,1322,6033,2693.0,4986.0,5509.5,5928.3,3170.3333333333335,1323,6034,2694.0,4987.0,5510.5,5929.3,281.65,0.02130303568258477,66.69625421622582
custom_sarathi_long_input_long_output_fixed_qps_num_requests_7_qps_1_yi_6b,benchmark_output/figure-1/custom_sarathi_long_input_long_output_fixed_qps_num_requests_7_qps_1_yi_6b,sarathi_chunk_128,sarathi,long_input_long_output,fixed_qps_num_requests_sweep,yi_6b,01-ai/Yi-6B,7,1.0,2,0.85,20480,39625.0,37230.5908841296,100.0,30.870126304228446,7,36958,21343,5279.714285714285,3049.0,2.4036594772644873,0.9262988839764148,3.8421122620347887,2.33803586405702,3.79399921358563,3.818055737810209,3.8373009571898726,5.839630597769948,1.480007990496233,11.18889396567829,6.111684457864612,10.302971728844568,10.745932847261427,11.100301741994917,0.04694275904007,0.04595278232382336,0.047895216718815636,0.04680192197133793,0.04756464553025472,0.04772993112453518,0.04786215959995954,0.04692408064239222,0.04594511330140617,0.047858543505401537,0.04678127710059627,0.047539805618737004,0.04769917456206927,0.04782666971673508,148.25448485939498,64.82775534060784,282.360918676015,130.03253959771246,225.47489128895108,253.91790498248295,276.67231593730855,3.4359711205054606,0.0002072476781904,7.426970117725432,2.6910041489172727,6.492934832442552,6.959952475083991,7.333566589197143,144.81851373888952,63.42955670203082,277.6411547660828,122.60556947998704,221.97238323562786,249.80676900085527,272.0742776130373,2.4036594772644873,0.9262988839764148,3.8421122620347887,2.33803586405702,3.79399921358563,3.818055737810209,3.8373009571898726,142.41485426162504,62.50325781805441,275.30311890202574,120.57642657100224,218.9847607046366,247.14393980333108,269.6712830822868,3.9190655977997397,2.141399938147515,5.805129113374278,4.087714127032086,5.594452484045178,5.699790798709728,5.784061450441368,3091.4285714285716,1322,6033,2624.0,4776.6,5404.799999999998,5907.359999999999,3092.4285714285716,1323,6034,2625.0,4777.6,5405.799999999998,5908.359999999999,285.28,0.024537296690970278,74.81421761076838
custom_sarathi_long_input_long_output_fixed_qps_num_requests_8_qps_1_yi_6b,benchmark_output/figure-1/custom_sarathi_long_input_long_output_fixed_qps_num_requests_8_qps_1_yi_6b,sarathi_chunk_128,sarathi,long_input_long_output,fixed_qps_num_requests_sweep,yi_6b,01-ai/Yi-6B,8,1.0,2,0.85,20480,39625.0,37328.22442244225,100.0,30.888613861386137,8,40609,23413,5076.125,2926.625,2.3172696167603135,0.9429258310701698,3.933949460973963,2.0589080434292555,3.855825690110214,3.8948875755420884,3.926137083887588,6.6540419438970275,1.495080866618082,12.763183861039579,6.392097568954341,11.651731646270491,12.207457753655035,12.65203863956267,0.04765426839598579,0.04600333274547163,0.04893739391100447,0.04759765021739081,0.04850606255935477,0.04872172823517962,0.0488942607758395,0.04763476277944681,0.045995655286735736,0.04889992270586587,0.04757565905360453,0.04848154614114677,0.04869073442350632,0.048858085049393964,145.1094093620777,66.2172365016304,282.4952898360789,129.22559756517876,216.93597830627112,249.71563407117497,275.9393586830981,4.336772327136714,0.0002183036413043,11.028326190076768,3.6104586074361578,8.455633493163623,9.741979841620193,10.771056920385453,140.772637034941,64.806224884931,277.98892489401624,124.56076139048673,213.68388223268556,245.83640356335087,271.55842062788315,2.3172696167603135,0.9429258310701698,3.933949460973963,2.0589080434292555,3.855825690110214,3.8948875755420884,3.926137083887588,138.45536741818069,63.86329905386083,275.60596647812054,122.12661964795552,210.74277105291839,243.17436876551943,269.1196469356003,4.34887809198699,1.809371501207352,6.704117482062429,4.095883665722795,6.561827927804552,6.632972704933491,6.689888526636642,2967.5,1322,6033,2595.0,4567.2,5300.0999999999985,5886.419999999999,2968.5,1323,6034,2596.0,4568.2,5301.0999999999985,5887.419999999999,285.41,0.028029851792158646,82.0328650012263
custom_sarathi_long_input_long_output_fixed_qps_num_requests_9_qps_1_yi_6b,benchmark_output/figure-1/custom_sarathi_long_input_long_output_fixed_qps_num_requests_9_qps_1_yi_6b,sarathi_chunk_128,sarathi,long_input_long_output,fixed_qps_num_requests_sweep,yi_6b,01-ai/Yi-6B,9,1.0,2,0.85,20480,39625.0,37343.74007612833,100.0,33.82490483958673,9,48865,25915,5429.444444444444,2879.4444444444443,2.5131070119484016,0.985861117951572,4.053553053876385,2.319730362854898,3.9646655540447684,4.009109303960576,4.0446643038932235,7.731715950985542,1.477532832650468,16.21622896171175,6.9096418879926205,13.458358597150074,14.83729377943091,15.940441925255582,0.05018356447705209,0.04686318162861018,0.054942164045198326,0.050189950950974116,0.05164130081496434,0.05329173243008133,0.054612077722174926,0.05016286754083059,0.04685536067039446,0.054900095006878875,0.0501719810437235,0.05161495455559956,0.05325752478123921,0.054571580961750944,149.97609201901489,74.0808102847077,287.6669630249962,137.92228883178905,213.1806933641434,250.42382819456975,280.21833605891095,5.218608939037141,0.000187660800293,12.162675907835364,4.5899115251377225,11.226679084077478,11.694677495956421,12.069076225459575,144.75748307997776,72.68538519693539,283.0770514998585,129.898739899043,210.0737145671621,246.57538303351026,275.77671780658886,2.5131070119484016,0.985861117951572,4.053553053876385,2.319730362854898,3.9646655540447684,4.009109303960576,4.0446643038932235,142.24437606802934,71.69952407898381,280.7573211370036,126.77979981387034,207.0146333226934,243.88597722984846,273.38305235557254,4.4782301555646375,2.3108098288066685,7.0718152387999,3.639030974591151,6.772417963948101,6.922116601374,7.04187551131472,2923.4444444444443,1322,6033,2571.0,4357.8,5195.4,5865.48,2924.4444444444443,1323,6034,2572.0,4358.8,5196.4,5866.48,290.53,0.030977868034282176,89.19905001204695
custom_sarathi_long_input_long_output_fixed_num_requests_num_requests_10_qps_1_yi_6b,benchmark_output/figure-1/custom_sarathi_long_input_long_output_fixed_num_requests_num_requests_10_qps_1_yi_6b,sarathi_chunk_128,sarathi,long_input_long_output,fixed_num_requests_qps_sweep,yi_6b,01-ai/Yi-6B,10,1.0,2,0.85,20480,39625.0,37497.91170212766,100.0,31.83563829787234,10,58452,28312,5845.2,2831.2,2.7822188574355096,0.928691032808274,4.878869716078043,2.89143921690993,4.1660743079846725,4.522472012031357,4.8075901752687065,9.222471856488847,1.4813925665803254,21.327297056559473,8.46976189664565,17.021609920612534,19.174453488586,20.89672834296478,0.053464824719115046,0.04831756974096009,0.055714147221439754,0.05387598609988413,0.05519483394496608,0.05545449058320292,0.05566221589379239,0.05344280133799967,0.048309506061096776,0.055671487078084905,0.053855813375494097,0.055166595264339376,0.05541904117121214,0.05562099789671035,158.10714744781143,75.03646563156508,296.55642680008896,148.85333508672193,214.53105394234873,255.54374037121875,288.353889514315,6.440252999053337,0.0002022166736423,16.44842734048143,5.306541390251368,12.855535612627863,14.651981476554642,16.089138167696074,151.66689444875811,73.63565315678716,291.8408459459897,139.01005093147978,211.6357134395977,251.73827969279364,283.82033269535054,2.7822188574355096,0.928691032808274,4.878869716078043,2.89143921690993,4.1660743079846725,4.522472012031357,4.8075901752687065,148.8846755913226,72.70696212397888,289.4705603180919,135.45049410802312,208.32735135147811,248.8989558347849,281.35623942143053,5.445385789428838,2.747943381778896,8.532403285847977,4.739087911206298,8.529481280222535,8.530942283035255,8.532111085285432,2878.9,1322,6033,2568.5,4148.4,5090.699999999998,5844.54,2879.9,1323,6034,2569.5,4149.4,5091.699999999998,5845.54,300.14,0.033317785033650966,94.32931298727262
custom_sarathi_long_input_long_output_fixed_qps_num_requests_10_qps_1_yi_6b,benchmark_output/figure-1/custom_sarathi_long_input_long_output_fixed_qps_num_requests_10_qps_1_yi_6b,sarathi_chunk_128,sarathi,long_input_long_output,fixed_qps_num_requests_sweep,yi_6b,01-ai/Yi-6B,10,1.0,2,0.85,20480,39625.0,37414.98910154173,100.0,33.8056884635832,10,58452,28312,5845.2,2831.2,2.7204168910859154,0.8746525829192251,4.834033404942602,2.8548077929299325,4.129530108044855,4.481781756493728,4.763583075252828,8.799882182432338,1.2567004796583205,20.709609334589913,8.073763381806202,16.441970157669857,18.57578974612988,20.28284541689791,0.053365299069624506,0.04861451481605619,0.05515682968824845,0.05383020159864665,0.05496748622706738,0.05506215795765792,0.055137895342130344,0.05334334379735056,0.04860640157927114,0.05511459628113647,0.05381004498842098,0.054939373126328045,0.05502698470373226,0.05509707396565563,157.60674169852865,74.03455653390847,297.970404145075,148.35773501626682,214.09686958019157,256.0336368626332,289.5830506885867,6.079465291346423,0.0008410387672483,15.875575929647312,4.92212413623929,12.312440049625,14.094007989636152,15.519262341645081,151.52727640718223,72.85431532608345,293.66238968190737,138.72654665843584,211.5018614474451,252.58212556467615,285.44633685846117,2.7204168910859154,0.8746525829192251,4.834033404942602,2.8548077929299325,4.129530108044855,4.481781756493728,4.763583075252828,148.8068595160963,71.97966274316423,291.24955826299265,135.4818225435447,208.29347255530297,249.77151540914772,282.9539496922237,5.429539131768979,2.755541810533032,8.504261390073225,4.750884728739038,8.49222745418083,8.498244422127026,8.503057996483985,2878.9,1322,6033,2568.5,4148.4,5090.699999999998,5844.54,2879.9,1323,6034,2569.5,4149.4,5091.699999999998,5845.54,300.14,0.033317785033650966,94.32931298727262
custom_sarathi_long_input_long_output_fixed_num_requests_num_requests_10_qps_2_yi_6b,benchmark_output/figure-1/custom_sarathi_long_input_long_output_fixed_num_requests_num_requests_10_qps_2_yi_6b,sarathi_chunk_128,sarathi,long_input_long_output,fixed_num_requests_qps_sweep,yi_6b,01-ai/Yi-6B,10,2.0,2,0.85,20480,39625.0,37388.66525198939,100.0,32.148010610079574,10,58452,28312,5845.2,2831.2,2.7760099368169904,0.907448859885335,4.810956457862631,2.9183923075906932,4.121703768288716,4.466330113075673,4.74203118890524,10.659044239926152,1.4862573961727321,24.2522647655569,9.774999769288115,19.99003728542011,22.1211510254885,23.826042017543223,0.05345707515275522,0.04882997473709763,0.05585577154863926,0.05382155886172198,0.05499606674968974,0.0554259191491645,0.0557698010687443,0.05343506332297365,0.048821825542381826,0.05581300296399252,0.05380140640553204,0.054967920089488434,0.05539046152674047,0.05572849467654211,159.69126137970017,75.21696298755705,300.6137908624951,151.57716325041838,215.00046226442788,257.8071265634614,292.05245800268835,7.883034303109161,0.0002160402946174,19.44130830769427,6.55996924766805,15.868333517131394,17.654820912412827,19.084010828637982,151.80822707659098,73.79923073085956,294.93746261601336,138.85042878449894,211.7683505255263,253.35290657076973,286.6205514069647,2.7760099368169904,0.907448859885335,4.810956457862631,2.9183923075906932,4.121703768288716,4.466330113075673,4.74203118890524,149.032217139774,72.89178187097423,292.5403786499519,135.33807996148244,208.4329115447122,250.48664509733197,284.12963193942795,5.429502110555768,2.7276878226548438,8.499457009369507,4.738444322370924,8.46983978669159,8.484648398030549,8.496495287101716,2878.9,1322,6033,2568.5,4148.4,5090.699999999998,5844.54,2879.9,1323,6034,2569.5,4149.4,5091.699999999998,5845.54,301.99,0.033113679260902674,93.75144872346766
custom_sarathi_long_input_long_output_fixed_num_requests_num_requests_10_qps_3_yi_6b,benchmark_output/figure-1/custom_sarathi_long_input_long_output_fixed_num_requests_num_requests_10_qps_3_yi_6b,sarathi_chunk_128,sarathi,long_input_long_output,fixed_num_requests_qps_sweep,yi_6b,01-ai/Yi-6B,10,3.0,2,0.85,20480,39625.0,37325.728999464955,100.0,33.72819689673622,10,58452,28312,5845.2,2831.2,2.7716134840156883,0.9326292399782689,4.889251627027988,2.9165001495275646,4.13862758979667,4.513939608412328,4.814189223304857,11.090305487951264,1.4278381043113768,25.1798497622367,10.181524501531385,20.845432558283207,23.01264116025995,24.746408041841352,0.0522105528729103,0.048034986824895036,0.05365818476308014,0.05269272122570191,0.05354435593252359,0.05360127034780186,0.053646801880024485,0.052189133157176625,0.04802697030506445,0.05363226293469218,0.05266222540412771,0.053520511637882316,0.05357638728628725,0.053621087805011194,157.04416638519615,71.21601319685578,296.18270300747827,149.4113883181708,212.12232369983099,254.15251335365454,287.7766650767136,8.318692003935576,0.000136187300086,20.29059813520871,7.014782123500481,16.706804968486537,18.49870155184762,19.932218818536494,148.72547438126057,69.85614380892366,290.1229713859502,136.07771323435009,208.74996112731748,249.43646625663376,281.98567036008694,2.7716134840156883,0.9326292399782689,4.889251627027988,2.9165001495275646,4.13862758979667,4.513939608412328,4.814189223304857,145.95386089724488,68.9235145689454,287.7776060679462,132.60186544095632,205.3765531125711,246.57707959025856,279.5375007724087,4.733208503993228,2.3829926825128496,7.5285558621399105,4.137406334164552,7.460604071314446,7.494579966727178,7.521760683057364,2878.9,1322,6033,2568.5,4148.4,5090.699999999998,5844.54,2879.9,1323,6034,2569.5,4149.4,5091.699999999998,5845.54,297.08,0.03366096674296486,95.30092904268211
custom_sarathi_long_input_long_output_fixed_num_requests_num_requests_10_qps_4_yi_6b,benchmark_output/figure-1/custom_sarathi_long_input_long_output_fixed_num_requests_num_requests_10_qps_4_yi_6b,sarathi_chunk_128,sarathi,long_input_long_output,fixed_num_requests_qps_sweep,yi_6b,01-ai/Yi-6B,10,4.0,2,0.85,20480,39625.0,37274.99129287599,100.0,33.53034300791557,10,58452,28312,5845.2,2831.2,2.788736655586399,0.929569783853367,4.851745143998414,2.8926900239894167,4.158885395643301,4.505315269820857,4.7824591691629035,11.397888121567666,1.4549153833650053,25.865642277523875,10.378660790272988,21.561005547014062,23.713323912268965,25.435178604472895,0.05365778831022326,0.04871069128591517,0.05609198232570314,0.05410703060273606,0.05519749089694144,0.055644736611322285,0.05600253318282697,0.053635686444175365,0.048702561998317385,0.05604903287522404,0.05408677127798701,0.055169240254954226,0.05560913656508913,0.05596105361319706,160.8859870130429,75.51784023549408,300.36625620676205,153.1952462339541,215.85984361697916,258.1130499118705,291.91561494778375,8.609151465981267,0.0001950843725353,21.01389713352546,7.181992592755705,17.402120151370763,19.208008642448107,20.65271943530999,152.27683554706164,74.12960671889596,294.20065979496576,139.43882365711033,212.41016373459712,253.30541176478135,286.0216101889289,2.788736655586399,0.929569783853367,4.851745143998414,2.8926900239894167,4.158885395643301,4.505315269820857,4.7824591691629035,149.48809889147523,73.20003693504259,291.8257514939178,136.03223881148733,209.10324833225457,250.4644999130861,283.55350117775146,5.567048612632789,2.822287450544536,8.7403670696076,4.8408744394546375,8.72877149048727,8.734569280047435,8.739207511695568,2878.9,1322,6033,2568.5,4148.4,5090.699999999998,5844.54,2879.9,1323,6034,2569.5,4149.4,5091.699999999998,5845.54,301.04,0.03321817698644698,94.0473026840287
custom_sarathi_long_input_long_output_fixed_num_requests_num_requests_10_qps_5_yi_6b,benchmark_output/figure-1/custom_sarathi_long_input_long_output_fixed_num_requests_num_requests_10_qps_5_yi_6b,sarathi_chunk_128,sarathi,long_input_long_output,fixed_num_requests_qps_sweep,yi_6b,01-ai/Yi-6B,10,5.0,2,0.85,20480,39625.0,37327.15228966986,100.0,33.108093716719914,10,58452,28312,5845.2,2831.2,2.812114577041939,0.952046279096976,4.886674795066938,2.941797726554796,4.194599853735417,4.540637324401176,4.817467300933786,11.65971155713778,1.4703634735196829,26.400925787398588,10.639604311902076,22.063220950821414,24.232073369109997,25.96715530374087,0.05324335654101177,0.04850713212636569,0.055859701170753756,0.05362977566185778,0.05494651857661617,0.055403109873684964,0.055768382911339995,0.05322141827753353,0.04849903681059026,0.055816929577208005,0.05360969590906753,0.05491839574167728,0.05536766265944264,0.05572707619365493,159.99978809722234,75.25739587470889,299.374833773356,152.1319998796098,213.9294437846401,256.65213877899794,290.8302947744844,8.84759698009584,0.0001758586149662,21.51425099233165,7.41882031026762,17.868621097085995,19.69143604470882,21.149688002807085,151.1521911171265,73.84895630693063,293.0210057331715,138.2101782684913,210.40541244077028,251.71320908697078,284.75944640393135,2.812114577041939,0.952046279096976,4.886674795066938,2.941797726554796,4.194599853735417,4.540637324401176,4.817467300933786,148.34007654008457,72.89691002783366,290.60622856905684,134.63585481257178,207.04199826426336,248.82411341666,282.2498055385775,5.197074473439716,2.6158638009801507,8.22598406788893,4.531962064327672,8.153044273122214,8.189514170505571,8.21869008841226,2878.9,1322,6033,2568.5,4148.4,5090.699999999998,5844.54,2879.9,1323,6034,2569.5,4149.4,5091.699999999998,5845.54,299.9,0.03334444814938313,94.40480160053352
custom_sarathi_long_input_long_output_fixed_num_requests_num_requests_10_qps_6_yi_6b,benchmark_output/figure-1/custom_sarathi_long_input_long_output_fixed_num_requests_num_requests_10_qps_6_yi_6b,sarathi_chunk_128,sarathi,long_input_long_output,fixed_num_requests_qps_sweep,yi_6b,01-ai/Yi-6B,10,6.0,2,0.85,20480,39625.0,37303.23600645856,100.0,33.38293864370291,10,58452,28312,5845.2,2831.2,2.674475741479546,0.936145548010245,4.744846352841705,2.753675017040223,3.923904185276478,4.334375269059091,4.6627521360851825,11.17617178040091,1.4383605751208963,25.230041060596704,10.204964943928644,21.019287245767188,23.124664153181943,24.808965679113754,0.052588656018355454,0.0477701431634102,0.05415414380769591,0.053101602982365936,0.054117418297599994,0.054135781052647956,0.054150471256686324,0.052567023690176316,0.04776217084312258,0.05411267815393811,0.05308171891430531,0.05408974419410014,0.05410121117401913,0.054110384757954315,157.78590156740975,72.98447170201689,294.60348531929776,150.3482003712561,211.60930718134617,253.1063962503219,286.30406750550264,8.501696038921363,0.0001662271097302,20.485194707755,7.1720909824362025,17.114040229585953,18.799617468670473,20.148079259938097,149.28420552848837,71.60730321705341,288.42398722609505,136.8394620680483,208.12809623470525,248.2760417304001,280.3943981269561,2.674475741479546,0.936145548010245,4.744846352841705,2.753675017040223,3.923904185276478,4.334375269059091,4.6627521360851825,146.60972978700883,70.67115766904317,286.1909276919905,133.78475337440614,204.95792883131654,245.57442826165345,278.0676278059231,5.308012784854509,2.704592314083129,8.363608323968947,4.616137768141925,8.342810820811428,8.353209572390188,8.361528573653196,2878.9,1322,6033,2568.5,4148.4,5090.699999999998,5844.54,2879.9,1323,6034,2569.5,4149.4,5091.699999999998,5845.54,295.01,0.0338971560286092,95.96962814819837
custom_sarathi_long_input_long_output_fixed_num_requests_num_requests_10_qps_7_yi_6b,benchmark_output/figure-1/custom_sarathi_long_input_long_output_fixed_num_requests_num_requests_10_qps_7_yi_6b,sarathi_chunk_128,sarathi,long_input_long_output,fixed_num_requests_qps_sweep,yi_6b,01-ai/Yi-6B,10,7.0,2,0.85,20480,39625.0,37393.64187400741,100.0,32.02170460561143,10,58452,28312,5845.2,2831.2,2.749993670801632,0.9434762559831142,4.765406406950206,2.8874086905270815,4.068981647840701,4.417194027395452,4.695763931039255,11.615812752093188,1.485975154908374,26.12498485553078,10.63970768917352,21.894838039414022,24.009911447472398,25.701970173919104,0.053737970073929955,0.04902905285343039,0.05568764709878242,0.05419444884973257,0.05532585844062051,0.05550675276970147,0.05565146823296623,0.05371585669073635,0.049020870434729885,0.05564500724648626,0.0541741565262158,0.05529755721204271,0.055471282229264486,0.05561026224304191,161.4566858762875,75.03975481307134,302.5045622806065,153.6589409362059,216.23403477852696,259.36929852956666,293.8775095303985,8.865819081291557,0.0001963267568498,21.359578448580574,7.481802387628704,17.825856391573325,19.592717420076944,21.00620624287985,152.59086679499597,73.61585571989417,296.0943511070218,139.63370527804364,212.67291941747533,254.38363526224848,287.75220793806716,2.749993670801632,0.9434762559831142,4.765406406950206,2.8874086905270815,4.068981647840701,4.417194027395452,4.695763931039255,149.84087312419433,72.67237946391106,293.73305564490147,136.34735949349124,209.36462014422284,251.54883789456207,285.2962120948336,5.678329601022415,2.869030096102506,9.017114440677688,4.9634836873738095,8.910530583863146,8.963822512270417,9.006456054996233,2878.9,1322,6033,2568.5,4148.4,5090.699999999998,5844.54,2879.9,1323,6034,2569.5,4149.4,5091.699999999998,5845.54,302.83,0.03302182742792986,93.49139781395503
custom_sarathi_long_input_long_output_fixed_num_requests_num_requests_10_qps_8_yi_6b,benchmark_output/figure-1/custom_sarathi_long_input_long_output_fixed_num_requests_num_requests_10_qps_8_yi_6b,sarathi_chunk_128,sarathi,long_input_long_output,fixed_num_requests_qps_sweep,yi_6b,01-ai/Yi-6B,10,8.0,2,0.85,20480,39625.0,37478.36707841031,100.0,33.02846401718582,10,58452,28312,5845.2,2831.2,2.7342629400081933,0.9062655409798026,4.719950963044539,2.860041572479531,4.12795574797783,4.423953355511184,4.660751441537868,11.51409240430221,1.4310369140002877,26.076688115717843,10.48427368584089,21.886038080439903,23.98136309807887,25.65762311219005,0.05263490416265785,0.04812926522833395,0.05465982549206507,0.05306857486398389,0.054159796919238216,0.054409811205651644,0.05460982263478239,0.0526132438636581,0.0481212329744574,0.05461797263946778,0.05304870437945164,0.054132088052157225,0.0543750303458125,0.05456938418073672,158.30918081130366,73.6080910852179,296.96590615483,150.55144686775748,211.92938729273152,254.44764672378068,288.4622542686202,8.779829464294016,0.0001696080435067,21.356737152673304,7.347031866782345,17.75808233246207,19.557409742567685,20.996871670652183,149.52935134700965,72.23733780812472,290.69664085493423,136.75309686199762,208.48764782831998,249.59214434162703,282.47574155227284,2.7342629400081933,0.9062655409798026,4.719950963044539,2.860041572479531,4.12795574797783,4.423953355511184,4.660751441537868,146.79508840700146,71.33107226714492,288.3424279829487,133.39154371002223,205.22294329544525,246.7826856391969,280.0304795141984,5.3759551089257,2.7050681912805885,8.487647539237514,4.680219767498784,8.395978084695525,8.44181281196652,8.478480593783315,2878.9,1322,6033,2568.5,4148.4,5090.699999999998,5844.54,2879.9,1323,6034,2569.5,4149.4,5091.699999999998,5845.54,297.26,0.03364058400053825,95.2432214223239
custom_sarathi_long_input_long_output_fixed_num_requests_num_requests_10_qps_9_yi_6b,benchmark_output/figure-1/custom_sarathi_long_input_long_output_fixed_num_requests_num_requests_10_qps_9_yi_6b,sarathi_chunk_128,sarathi,long_input_long_output,fixed_num_requests_qps_sweep,yi_6b,01-ai/Yi-6B,10,9.0,2,0.85,20480,39625.0,37363.74879871863,100.0,33.06940736785905,10,58452,28312,5845.2,2831.2,2.731177419004962,0.9476778279058636,4.7037703660316765,2.8706832180032507,4.041817203373648,4.372793784702662,4.637575049765874,11.586505300691352,1.3981060860678554,26.136184143600985,10.574722722754814,21.956815810734405,24.04649997716769,25.71824731031433,0.05289628496641674,0.04848049885343541,0.054626386809979936,0.05336677092592518,0.054257595494760634,0.054441991152370285,0.05458950767845801,0.05287453573225972,0.04847240798246521,0.054584559561273976,0.05334678873931187,0.05422984032698484,0.05440719994412941,0.054549087637845065,159.2256032004021,73.57079299259931,299.14190735598095,151.42330340563785,213.84301772871981,256.4924625423503,290.61201839325486,8.855327881686389,0.008020349079743,21.43241377756931,7.4359485257882625,17.914998607360758,19.67370619246503,21.080672260548454,150.37027531871573,72.23511261492968,292.7839382258244,137.47467910591513,210.3623381932033,251.57313820951376,284.5417782225623,2.731177419004962,0.9476778279058636,4.7037703660316765,2.8706832180032507,4.041817203373648,4.372793784702662,4.637575049765874,147.63909789971075,71.28743478702381,290.4466686309315,134.23441506852396,207.06492407671175,248.75579635382155,282.1084941755096,5.534399950993247,2.8063209555111825,8.823038899106905,4.806753236800432,8.656218805070967,8.739628852088936,8.806356889703311,2878.9,1322,6033,2568.5,4148.4,5090.699999999998,5844.54,2879.9,1323,6034,2569.5,4149.4,5091.699999999998,5845.54,299.39,0.033401249206720336,94.56561675406661
custom_sarathi_long_input_long_output_fixed_num_requests_num_requests_10_qps_10_yi_6b,benchmark_output/figure-1/custom_sarathi_long_input_long_output_fixed_num_requests_num_requests_10_qps_10_yi_6b,sarathi_chunk_128,sarathi,long_input_long_output,fixed_num_requests_qps_sweep,yi_6b,01-ai/Yi-6B,10,10.0,2,0.85,20480,39625.0,37193.85971030043,100.0,33.6875,10,58452,28312,5845.2,2831.2,2.720117690996267,0.9054163231048732,4.802913469960913,2.860582525492646,4.066906685638241,4.434910077799576,4.729312791528646,11.578174926992506,1.5045366403646765,26.107574803056192,10.616089330636896,21.84257644091267,23.975075621984427,25.68107496684184,0.05194100921856607,0.04745431935687182,0.053295830662153876,0.0525326789967568,0.05316108835792347,0.05322845951003867,0.053282356431730835,0.051919683191983576,0.047446399744162066,0.05327008388405621,0.05251300892026488,0.053137414648224995,0.053203749266140604,0.05325681696047309,156.64408098317216,71.32806915929541,293.0298420030158,149.1845896228915,211.34451304639222,252.18717752470394,284.86130910735346,8.858057235996238,0.0240528734866529,21.30466133309528,7.486985575291328,17.77566975527443,19.540165544184852,20.951762175313196,147.78602374717593,69.88234939193353,286.6164401008282,135.2510225760052,207.82188236289653,247.2191612318623,278.73698432703503,2.720117690996267,0.9054163231048732,4.802913469960913,2.860582525492646,4.066906685638241,4.434910077799576,4.729312791528646,145.06590605617967,68.97693306882866,284.2988272670191,132.12317415198777,204.52692408405707,244.412875675538,276.32163694872287,5.362257130001671,2.741437236312777,8.415458727627993,4.678169749095105,8.343169762077741,8.379314244852868,8.408229831072967,2878.9,1322,6033,2568.5,4148.4,5090.699999999998,5844.54,2879.9,1323,6034,2569.5,4149.4,5091.699999999998,5845.54,293.24,0.03410175965079798,96.54890192333924
custom_sarathi_long_input_short_output_fixed_qps_num_requests_1_qps_1_llama2_7b,benchmark_output/figure-1/custom_sarathi_long_input_short_output_fixed_qps_num_requests_1_qps_1_llama2_7b,sarathi_chunk_128,sarathi,long_input_short_output,fixed_qps_num_requests_sweep,llama2_7b,meta-llama/Llama-2-7b-hf,1,1.0,2,0.85,20480,39401.0,33435.60844250364,100.0,4.243085880640466,1,2494,254,2494.0,254.0,1.0724057641346008,1.0724057641346008,1.0724057641346008,1.0724057641346008,1.0724057641346008,1.0724057641346008,1.0724057641346008,1.0726883786264807,1.0726883786264807,1.0726883786264807,1.0726883786264807,1.0726883786264807,1.0726883786264807,1.0726883786264807,0.04452621724489679,0.04452621724489679,0.04452621724489679,0.04452621724489679,0.04452621724489679,0.04452621724489679,0.04452621724489679,0.04435091717700349,0.04435091717700349,0.04435091717700349,0.04435091717700349,0.04435091717700349,0.04435091717700349,0.04435091717700349,12.337821341585368,12.337821341585368,12.337821341585368,12.337821341585368,12.337821341585368,12.337821341585368,12.337821341585368,0.0002826144918799,0.0002826144918799,0.0002826144918799,0.0002826144918799,0.0002826144918799,0.0002826144918799,0.0002826144918799,12.337538727093488,12.337538727093488,12.337538727093488,12.337538727093488,12.337538727093488,12.337538727093488,12.337538727093488,1.0724057641346008,1.0724057641346008,1.0724057641346008,1.0724057641346008,1.0724057641346008,1.0724057641346008,1.0724057641346008,11.265132962958887,11.265132962958887,11.265132962958887,11.265132962958887,11.265132962958887,11.265132962958887,11.265132962958887,0.1527469188440591,0.1527469188440591,0.1527469188440591,0.1527469188440591,0.1527469188440591,0.1527469188440591,0.1527469188440591,273.0,273,273,273.0,273.0,273.0,273.0,274.0,274,274,274.0,274.0,274.0,274.0,13.35,0.0749063670411985,19.02621722846442
custom_sarathi_long_input_short_output_fixed_qps_num_requests_2_qps_1_llama2_7b,benchmark_output/figure-1/custom_sarathi_long_input_short_output_fixed_qps_num_requests_2_qps_1_llama2_7b,sarathi_chunk_128,sarathi,long_input_short_output,fixed_qps_num_requests_sweep,llama2_7b,meta-llama/Llama-2-7b-hf,2,1.0,2,0.85,20480,39505.0,33860.463172804535,100.0,6.501416430594901,2,8953,569,4476.5,284.5,1.953994094976224,1.0736907629761845,2.8342974269762635,1.953994094976224,2.658236760576256,2.7462670937762597,2.8166913603362627,2.4496870803413913,1.073890735860914,3.8254834248218685,2.4496870803413913,3.550324155925773,3.6879037903738205,3.797967497932259,0.046642883066616625,0.045353764216534226,0.047932001916699024,0.046642883066616625,0.047674178146682546,0.04780309003169078,0.04790621953969738,0.04647653863020393,0.04520978401267221,0.047743293247735644,0.04647653863020393,0.0474899423242293,0.047616617785982474,0.04771795815538501,15.63362630479969,13.200687220785769,18.06656538881361,15.63362630479969,17.579977572010826,17.82327148041222,18.017906607133334,0.49569298536516726,0.0001999728847295,0.991185997845605,0.49569298536516726,0.8920873953495175,0.9416366965975612,0.9812761375959963,15.137933319434524,13.200487247901036,17.07537939096801,15.137933319434524,16.687890176661313,16.88163478381466,17.03663046953734,1.953994094976224,1.0736907629761845,2.8342974269762635,1.953994094976224,2.658236760576256,2.7462670937762597,2.8166913603362627,13.1839392244583,12.126796484924853,14.241081963991746,13.1839392244583,14.029653416085058,14.135367690038402,14.219939109201077,0.232960955123417,0.2329411937389522,0.2329807165078818,0.232960955123417,0.23297676423098884,0.2329787403694353,0.2329803212801925,319.5,273,366,319.5,356.7,361.35,365.07,320.5,274,367,320.5,357.7,362.35,366.07,19.1,0.10471204188481674,29.790575916230363
custom_sarathi_long_input_short_output_fixed_qps_num_requests_3_qps_1_llama2_7b,benchmark_output/figure-1/custom_sarathi_long_input_short_output_fixed_qps_num_requests_3_qps_1_llama2_7b,sarathi_chunk_128,sarathi,long_input_short_output,fixed_qps_num_requests_sweep,llama2_7b,meta-llama/Llama-2-7b-hf,3,1.0,2,0.85,20480,39505.0,33416.73921832884,100.0,6.381401617250674,3,12935,775,4311.666666666667,258.3333333333333,1.8796740169636905,1.047277709003538,2.808395450934768,1.783348890952766,2.603386138938368,2.705890794936568,2.787894519735128,3.334843752362455,1.0475805837195367,5.181832121685147,3.7751185516826813,4.900489407684654,5.041160764684901,5.153697850285098,0.04529558482410617,0.04358284645373138,0.047823693126572565,0.04448021489201457,0.04715499747966097,0.04748934530311676,0.047756823561881406,0.04511523265623888,0.043371279237936565,0.04763541087016874,0.04433900786061135,0.04697613026825726,0.047305770569213,0.04756948280997759,15.001732205739245,13.146974944742396,17.741906027775258,14.11631564470008,17.01678795116022,17.37934698946774,17.669394220113755,1.4551697353987645,0.0003028747159987,3.3984832307323813,0.9667231007479132,2.9121312047354877,3.1553072177339345,3.349848028132692,13.546562470340481,10.7178324139677,16.775182927027345,13.146672070026398,16.049480755627155,16.41233184132725,16.702612709887326,1.8796740169636905,1.047277709003538,2.808395450934768,1.783348890952766,2.603386138938368,2.705890794936568,2.787894519735128,11.66688845337679,8.934483523014933,13.966787476092575,12.09939436102286,13.593308853078632,13.780048164585603,13.92943961379118,0.23272703487115595,0.1451636753045022,0.2845819636713713,0.2684354656375944,0.2813526640646159,0.2829673138679936,0.2842590337106958,292.0,237,366,273.0,347.4,356.7,364.14,293.0,238,367,274.0,348.4,357.7,365.14,18.76,0.1599147121535181,41.311300639658846
custom_sarathi_long_input_short_output_fixed_qps_num_requests_4_qps_1_llama2_7b,benchmark_output/figure-1/custom_sarathi_long_input_short_output_fixed_qps_num_requests_4_qps_1_llama2_7b,sarathi_chunk_128,sarathi,long_input_short_output,fixed_qps_num_requests_sweep,llama2_7b,meta-llama/Llama-2-7b-hf,4,1.0,2,0.85,20480,39505.0,33627.06206896552,100.0,6.785517241379311,4,17393,856,4348.25,214.0,1.989304814429488,1.007206846959889,2.825896511785686,2.0620579494861886,2.6903595487121494,2.7581280302489173,2.812342815478332,4.265367274812888,1.0074684754945338,7.185571118723601,4.434214752516709,6.5657072201604025,6.875639169442001,7.1235847288672804,0.048094881490331136,0.04540960258746054,0.050939689292811716,0.048015117040526134,0.050239366250223357,0.05058952777151754,0.05086965698855288,0.04780796506408402,0.04484899020983757,0.050739139334966,0.04782186535576624,0.05002819689261847,0.05038366811379223,0.05066804509073125,14.609374192834366,10.818339325720444,18.640507229603827,14.489325108006597,17.573387165553868,18.106947197578847,18.53379522319883,2.2760624603834003,0.0002616285346448,4.811464483849704,2.146261864574626,4.378829796519131,4.595147140184417,4.768201015116647,12.333311732450966,6.00687484187074,17.717332359869033,12.804519864032045,16.570617123320698,17.143974741594864,17.6026608362142,1.989304814429488,1.007206846959889,2.825896511785686,2.0620579494861886,2.6903595487121494,2.7581280302489173,2.812342815478332,10.344006918021478,3.632768206996843,14.891435848083349,11.42591180850286,14.290327510982754,14.59088167953305,14.831325014373288,0.2205295994062908,0.0785417722072452,0.3178218612447381,0.24287738208658993,0.3151944565353915,0.3165081588900648,0.31755912077380344,248.25,117,366,255.0,338.1,352.04999999999995,363.21,249.25,118,367,256.0,339.1,353.04999999999995,364.21,19.64,0.20366598778004072,43.58452138492871
custom_sarathi_long_input_short_output_fixed_qps_num_requests_5_qps_1_llama2_7b,benchmark_output/figure-1/custom_sarathi_long_input_short_output_fixed_qps_num_requests_5_qps_1_llama2_7b,sarathi_chunk_128,sarathi,long_input_short_output,fixed_qps_num_requests_sweep,llama2_7b,meta-llama/Llama-2-7b-hf,5,1.0,2,0.85,20480,39505.0,33599.879865771814,100.0,7.320805369127517,5,26106,1039,5221.2,207.8,2.3776082836091517,1.0519506179261953,3.9645809449721128,2.020374292973429,3.621480952622369,3.7930309487972407,3.9302709457371385,5.493553965352476,1.0522132546175271,9.732518502045423,5.445869791554287,8.703183518350125,9.217851010197773,9.629585003675892,0.05089432365241313,0.045214505203498095,0.05531748965149745,0.050610169819442594,0.05470217860694938,0.05500983412922342,0.05525595854704264,0.05058538010414744,0.04496743140457188,0.05463455768049131,0.05036448938342588,0.05420772775184155,0.05442114271616643,0.054591874687626336,15.932442050194368,11.584580214926971,19.636763081653044,15.82095460454002,18.966681228624658,19.30172215513885,19.569754896350204,3.115945681743324,0.0002626366913318,5.76793755707331,3.701565193478018,5.516285234177485,5.642111395625397,5.7427723247837275,12.816496368451045,6.445773465093225,18.665606810012832,12.193620892008768,17.062600591639058,17.864103700825943,18.505306188175453,2.3776082836091517,1.0519506179261953,3.9645809449721128,2.020374292973429,3.621480952622369,3.7930309487972407,3.9302709457371385,10.438888084841892,4.425399172119796,15.55877584591508,10.375084812985731,14.777721766009927,15.168248805962502,15.480670437924564,0.2061926962807774,0.0833474562969058,0.325561168603599,0.1769763233605772,0.3089293604716658,0.3172452645376324,0.3238979877904057,249.2,117,366,253.0,328.8,347.4,362.28,250.2,118,367,254.0,329.8,348.4,363.28,20.84,0.2399232245681382,49.856046065259115
custom_sarathi_long_input_short_output_fixed_qps_num_requests_6_qps_1_llama2_7b,benchmark_output/figure-1/custom_sarathi_long_input_short_output_fixed_qps_num_requests_6_qps_1_llama2_7b,sarathi_chunk_128,sarathi,long_input_short_output,fixed_qps_num_requests_sweep,llama2_7b,meta-llama/Llama-2-7b-hf,6,1.0,2,0.85,20480,39505.0,33319.16050295858,100.0,8.496301775147929,6,34935,1148,5822.5,191.33333333333334,2.597637656105993,1.055248410906643,3.953483693068847,2.466230867430568,3.9051478690234944,3.9293157810461707,3.9486501106643117,6.468295349855907,1.0554300446528944,12.237885746406391,6.116329733165912,10.854776326217689,11.54633103631204,12.09957480438752,0.049458970432063765,0.0390429658798018,0.054890385794861926,0.051484469815560804,0.054825733897887974,0.05485805984637495,0.05488392060516453,0.049140073699545254,0.038684773532280683,0.05467428191377979,0.05127615705155089,0.054379650586970904,0.05452696625037535,0.054644818781098906,16.001674407549825,11.387716268887743,19.36920367670245,16.316150086466223,18.523666176362894,18.94643492653267,19.284649926668497,3.8706576937499144,0.0001816337462514,8.284402053337544,4.176390928332694,6.949628457194194,7.617015255265869,8.15092469372321,12.131016713799909,6.47294411691837,18.397477919002995,12.401519110891968,16.669996968004853,17.533737443503924,18.224729823903182,2.597637656105993,1.055248410906643,3.953483693068847,2.466230867430568,3.9051478690234944,3.9293157810461707,3.9486501106643117,9.533379057693915,4.216640315018594,15.557073740987107,9.579203061992303,14.722170673543587,15.139622207265347,15.473583434242755,0.20283892812828222,0.0734285216312855,0.3593866154551506,0.19439677917398512,0.3197291143005714,0.339557864877861,0.3554208653396927,237.83333333333334,117,366,245.0,319.5,342.75,361.35,238.83333333333334,118,367,246.0,320.5,343.75,362.35,20.29,0.29571217348447515,56.57959586002957
custom_sarathi_long_input_short_output_fixed_qps_num_requests_7_qps_1_llama2_7b,benchmark_output/figure-1/custom_sarathi_long_input_short_output_fixed_qps_num_requests_7_qps_1_llama2_7b,sarathi_chunk_128,sarathi,long_input_short_output,fixed_qps_num_requests_sweep,llama2_7b,meta-llama/Llama-2-7b-hf,7,1.0,2,0.85,20480,39505.0,33081.638808139534,100.0,8.881540697674419,7,39128,1214,5589.714285714285,173.42857142857142,2.6079407483671924,1.0788702480494976,4.316457368200645,2.083358468022197,4.156838004291058,4.236647686245851,4.300495431809686,7.521826831091728,1.0791278495453298,12.88099839631468,7.096637841779739,12.714771055243908,12.797884725779294,12.864375662207603,0.05455969292653222,0.04751516338437796,0.058439754613209514,0.05530629607931871,0.058291121349760854,0.058365437981485184,0.05842489128686465,0.054147019901339764,0.046795236666432836,0.05790954691276533,0.05513072053620976,0.05779478446182288,0.05785216568729411,0.05789807066767108,17.083082216093317,11.7718182108365,21.281238509574905,17.251969186589122,20.277208483638244,20.779223496606573,21.18083550698124,4.913886082724535,0.0002576014958322,10.595919453771783,5.013279373757541,9.377092398377135,9.986505926074457,10.474036748232317,12.169196133368782,5.0965189940761775,20.286315734963864,13.727668583160266,17.46894332696684,18.877629530965347,20.00457849416416,2.6079407483671924,1.0788702480494976,4.316457368200645,2.083358468022197,4.156838004291058,4.236647686245851,4.300495431809686,9.561255385001589,3.088485619984567,17.366176968906075,9.853448294103146,15.653565671714023,16.509871320310047,17.19491583918687,0.2182176401506045,0.0687264676671475,0.4292813737411052,0.2208163172472268,0.3615255503449589,0.39540346204303195,0.4225057914014905,218.0,99,366,237.0,310.20000000000005,338.0999999999999,360.41999999999996,219.0,100,367,238.0,311.20000000000005,339.0999999999999,361.41999999999996,22.17,0.3157419936851601,54.75868290482634
custom_sarathi_long_input_short_output_fixed_qps_num_requests_8_qps_1_llama2_7b,benchmark_output/figure-1/custom_sarathi_long_input_short_output_fixed_qps_num_requests_8_qps_1_llama2_7b,sarathi_chunk_128,sarathi,long_input_short_output,fixed_qps_num_requests_sweep,llama2_7b,meta-llama/Llama-2-7b-hf,8,1.0,2,0.85,20480,39505.0,34698.94103489771,100.0,11.538507821901323,8,44747,1623,5593.375,202.875,2.526483494351851,1.132494183955714,4.226184526924044,2.1429296544520184,4.056884475075639,4.141534500999842,4.2092545217392034,8.260581388807623,1.1328079716768116,14.440883946139365,8.255448950454593,13.145065215765499,13.79297458095243,14.311302073101977,0.052072804777401026,0.04313589139686277,0.057548330911639634,0.05359438211069563,0.057180360284450796,0.057364345598045215,0.05751153384892075,0.05170742646070192,0.043030424669731074,0.05726897008197148,0.05336360510941178,0.05660376362800765,0.05693636685498956,0.0572024494365751,18.654279756883625,11.52053959085606,32.040327636059374,17.49911847745534,24.226950053335166,28.133638844697266,31.25898987778695,5.734097894455772,0.0003137877210974,12.197174134198576,5.242210546974093,10.872429100517182,11.534801617357878,12.064699630830436,12.920181862427853,5.010428276844323,19.8431535018608,13.586548105464317,19.833044809638526,19.838099155749664,19.842142632638573,2.526483494351851,1.132494183955714,4.226184526924044,2.1429296544520184,4.056884475075639,4.141534500999842,4.2092545217392034,10.393698368076002,2.9809638888109475,17.599443689920008,10.718075379962102,17.199287798861043,17.399365744390526,17.559428100814113,0.24986116241780107,0.0799889608751982,0.4691518601030111,0.2617285078158602,0.38727804301306595,0.42821495155803846,0.46096447839401655,247.625,99,455,245.0,392.7,423.84999999999997,448.77,248.625,100,456,246.0,393.7,424.84999999999997,449.77,38.03,0.21036024191427818,42.676834078359185
custom_sarathi_long_input_short_output_fixed_qps_num_requests_9_qps_1_llama2_7b,benchmark_output/figure-1/custom_sarathi_long_input_short_output_fixed_qps_num_requests_9_qps_1_llama2_7b,sarathi_chunk_128,sarathi,long_input_short_output,fixed_qps_num_requests_sweep,llama2_7b,meta-llama/Llama-2-7b-hf,9,1.0,2,0.85,20480,39505.0,33784.42420212766,100.0,13.51595744680851,9,47905,1624,5322.777777777777,180.44444444444446,2.439762932015583,1.053844721056521,4.180331353098154,2.0373613769188523,4.018693609721959,4.0995124814100565,4.164167578760535,8.988528637551806,1.054117219755426,15.555588808842003,9.427834691945463,14.822869617119432,15.189229212980717,15.482316889669747,0.05491519783477681,0.04433795663941305,0.058467316462729985,0.056795300468348145,0.057907621870321516,0.05818746916652575,0.058411347003489135,0.054558000789811566,0.044229550877458494,0.0575814480314765,0.056519595126268786,0.05730646507785269,0.057443956554664596,0.05755394973611412,18.623248709107024,11.387071545002982,32.72957612806931,16.75299968966283,23.790991534199566,28.260283831134434,31.835717668682335,6.548765705536223,0.0002724986989051,14.032408744795248,5.449550518067554,12.36683225943707,13.199620502116158,13.86585109625943,12.074483003570801,1.5733962669037282,20.779137989971787,13.397174415178595,20.623773305956277,20.701455647964032,20.763601521570237,2.439762932015583,1.053844721056521,4.180331353098154,2.0373613769188523,4.018693609721959,4.0995124814100565,4.164167578760535,9.634720071555218,0.0502162028569728,18.089886308880523,10.45479215006344,17.864011644246055,17.97694897656329,18.067298842417078,0.2271000119443569,0.0197329497896134,0.4753532456234097,0.2427988939452916,0.37490808237344025,0.4251306639984249,0.4653087292984127,223.0,26,455,237.0,383.8,419.4,447.88,224.0,27,456,238.0,384.8,420.4,448.88,38.77,0.2321382512251741,41.88805777663141
custom_sarathi_long_input_short_output_fixed_num_requests_num_requests_10_qps_1_llama2_7b,benchmark_output/figure-1/custom_sarathi_long_input_short_output_fixed_num_requests_num_requests_10_qps_1_llama2_7b,sarathi_chunk_128,sarathi,long_input_short_output,fixed_num_requests_qps_sweep,llama2_7b,meta-llama/Llama-2-7b-hf,10,1.0,2,0.85,20480,39505.0,34934.98370786517,100.0,13.724157303370786,10,54669,2104,5466.9,210.4,2.505977343209088,1.0752235969994215,4.269850418902934,2.380206051399,4.049572068382986,4.15971124364296,4.2478225838509385,10.128401067410596,1.075403897790238,18.581393441651016,10.989899830077775,16.128066683746873,17.35473006269894,18.3360607658606,0.05489128381037822,0.04290705815828668,0.05904534703048949,0.05730136590954997,0.05847881375668714,0.058762080393588316,0.05898869370310925,0.0545570454973114,0.042817668453790245,0.058150720560330556,0.05696433721324469,0.05810205996730164,0.058126390263816094,0.05814585450102766,20.962249435600825,11.585908385924997,39.133874299470335,18.01308559149038,33.826005381252614,36.47993984036147,38.603087407648566,7.622423724201508,0.0001803007908165,15.767310078488665,7.008202581782825,14.489836986572481,15.128573532530572,15.639562769297047,13.339825711399317,1.5641044958028942,23.366564220981672,14.081924897036515,21.255643383669668,22.31110380232567,23.155472137250474,2.505977343209088,1.0752235969994215,4.269850418902934,2.380206051399,4.049572068382986,4.15971124364296,4.2478225838509385,10.833848368190228,0.0565252059604972,20.55248085781932,11.193815784412436,18.507688359520397,19.530084608669856,20.348001607989428,0.21193436838220805,0.0140265540685504,0.4135552102234214,0.23230184242129326,0.3290397867327556,0.3712974984780884,0.4051036678743548,254.1,26,534,245.0,462.9,498.44999999999993,526.89,255.1,27,535,246.0,463.9,499.44999999999993,527.89,46.09,0.2169668040789759,45.64981557821653
custom_sarathi_long_input_short_output_fixed_qps_num_requests_10_qps_1_llama2_7b,benchmark_output/figure-1/custom_sarathi_long_input_short_output_fixed_qps_num_requests_10_qps_1_llama2_7b,sarathi_chunk_128,sarathi,long_input_short_output,fixed_qps_num_requests_sweep,llama2_7b,meta-llama/Llama-2-7b-hf,10,1.0,2,0.85,20480,39505.0,34052.618020304566,100.0,15.108502538071066,10,54669,2104,5466.9,210.4,2.5047604460967703,1.0461059610825032,4.219246806111187,2.379199791350402,4.0351227765204385,4.127184791315813,4.200834403152112,9.975455399649217,1.046375340782106,18.56898448755965,10.802687684888951,15.971170247462577,17.27007736751111,18.309203063549944,0.055583384963516794,0.044540943204578874,0.0595414259005337,0.05738206559917845,0.05935439196486886,0.05944790893270128,0.05952272250696721,0.055247660751678376,0.04444814957290267,0.0595414259005337,0.057006977612905047,0.058598725423814904,0.0590700756621743,0.05944715585286182,20.967380776559004,11.411750928964466,39.90409628255293,17.834008874488063,34.55207010263111,37.22808319259202,39.368893664560744,7.470694953552448,0.0002693796996027,15.591162172611805,6.836241323151626,14.286585259065031,14.938873715838417,15.460704481257128,13.496685823006555,1.6004333780147135,24.312934109941125,14.0687083870871,22.175077689206226,23.244005899573672,24.099148467867636,2.5047604460967703,1.0461059610825032,4.219246806111187,2.379199791350402,4.0351227765204385,4.127184791315813,4.200834403152112,10.991925376909785,0.0595414259005337,21.33511179499328,11.186012517544441,19.419612472178418,20.377362133585848,21.143561862711795,0.24746631998568774,0.0198443136177957,0.4646416313480586,0.262284014839679,0.4314288993133231,0.4480352653306908,0.46132035814458505,254.1,26,534,245.0,462.9,498.44999999999993,526.89,255.1,27,535,246.0,463.9,499.44999999999993,527.89,46.09,0.2169668040789759,45.64981557821653
custom_sarathi_long_input_short_output_fixed_num_requests_num_requests_10_qps_2_llama2_7b,benchmark_output/figure-1/custom_sarathi_long_input_short_output_fixed_num_requests_num_requests_10_qps_2_llama2_7b,sarathi_chunk_128,sarathi,long_input_short_output,fixed_num_requests_qps_sweep,llama2_7b,meta-llama/Llama-2-7b-hf,10,2.0,2,0.85,20480,39505.0,34766.24883449884,100.0,14.296037296037296,10,54669,2104,5466.9,210.4,2.565288754645735,1.0923657268285751,4.237425280967727,2.434650029987097,4.07172039935831,4.154572840163018,4.220854792806786,11.782507797307336,1.0925344151910394,22.142076620599255,12.633637264720164,19.43868725534994,20.790381937974594,21.871737684074326,0.05617653941677668,0.04494715491475028,0.06024466098572772,0.05808457575999253,0.05958795077421177,0.059916305879969746,0.06017898996457612,0.05583660496501255,0.04485351500867788,0.059331863092004576,0.057707542920183236,0.0591438621187328,0.05923786260536869,0.059313062994677396,22.916124871047213,12.14763428689912,43.67176382476464,20.03252830018755,37.95033616453875,40.81104999465169,43.09962105874205,9.2172190426616,0.0001686883624643,19.06355232768692,8.488270251313224,17.70866255084984,18.38610743926838,18.928063350003214,13.698905828385614,1.639314390020445,24.60821149707772,14.218899820465595,22.41942833147477,23.51381991427624,24.389333180517426,2.565288754645735,1.0923657268285751,4.237425280967727,2.434650029987097,4.07172039935831,4.154572840163018,4.220854792806786,11.13361707373988,0.0591229731217026,21.529687204165384,11.288240980939008,19.63053447406273,20.580110839114056,21.33977193115512,0.22389278090558942,0.0210783879738301,0.4135637006256729,0.2226003678515553,0.4013541699387133,0.40745893528219307,0.4123427475569769,254.1,26,534,245.0,462.9,498.44999999999993,526.89,255.1,27,535,246.0,463.9,499.44999999999993,527.89,46.78,0.21376656690893545,44.976485677640014
custom_sarathi_long_input_short_output_fixed_num_requests_num_requests_10_qps_3_llama2_7b,benchmark_output/figure-1/custom_sarathi_long_input_short_output_fixed_num_requests_num_requests_10_qps_3_llama2_7b,sarathi_chunk_128,sarathi,long_input_short_output,fixed_num_requests_qps_sweep,llama2_7b,meta-llama/Llama-2-7b-hf,10,3.0,2,0.85,20480,39505.0,34243.82818073722,100.0,14.129013079667063,10,54669,2104,5466.9,210.4,2.4794239105889573,0.914147060131654,4.163327829912305,2.3916072150459513,4.036707590334117,4.100017710123211,4.150665805954486,11.682824825961143,0.9142785603180527,22.277460107114166,12.4350840812549,19.682069526589476,20.97976481685182,22.017921049061698,0.055117815047037624,0.042209889248328476,0.0604068702086806,0.05718921030765721,0.05967065387405455,0.06003876204136758,0.060333248575218,0.05478360189173857,0.04212195197906112,0.0604068702086806,0.0567440172468478,0.058858078618703236,0.05963247441369192,0.06025199104968287,22.463888334762306,11.649969281395895,42.49599705706351,20.044675769517198,37.29946903793607,39.897733047499784,41.97634425515077,9.203400915372185,0.0001315001863986,19.32364074792713,8.342100828886032,18.007153160241433,18.66539695408428,19.19199198915856,13.26048741939012,1.5932229040190578,23.172356309136376,13.963977876817808,21.555450619827024,22.363903464481698,23.01066574020544,2.4794239105889573,0.914147060131654,4.163327829912305,2.3916072150459513,4.036707590334117,4.100017710123211,4.150665805954486,10.781063508801163,0.0604068702086806,20.21853694994934,11.090406634961255,18.779285865370184,19.49891140765976,20.074611841491425,0.20864360302221024,0.0170176301617175,0.3973505229223519,0.21784561453387136,0.3580737729091197,0.37771214791573576,0.39342284792102866,254.1,26,534,245.0,462.9,498.44999999999993,526.89,255.1,27,535,246.0,463.9,499.44999999999993,527.89,44.53,0.22456770716370986,47.24904558724455
custom_sarathi_long_input_short_output_fixed_num_requests_num_requests_10_qps_4_llama2_7b,benchmark_output/figure-1/custom_sarathi_long_input_short_output_fixed_num_requests_num_requests_10_qps_4_llama2_7b,sarathi_chunk_128,sarathi,long_input_short_output,fixed_num_requests_qps_sweep,llama2_7b,meta-llama/Llama-2-7b-hf,10,4.0,2,0.85,20480,39505.0,34728.33530106257,100.0,14.275678866587958,10,54669,2104,5466.9,210.4,2.533875215053558,1.0851943478919566,4.212422420969233,2.437594783026725,4.030133285326883,4.121277853148058,4.194193507404998,12.48723404922057,1.2522362531162798,23.478177678305656,13.203685680171475,20.885591252171437,22.181884465238543,23.218919035692235,0.0556688709761333,0.0445282710123115,0.06031597384896416,0.057546564167728825,0.059865989175726636,0.0600909815123454,0.060270975381640404,0.05533094021828233,0.044435503781035855,0.05940209545731319,0.05740665587838463,0.05928070783389337,0.05934140164560328,0.059389956694971206,23.530081804934888,12.19501186790876,44.80721949320287,21.12689088715706,39.01125026699155,41.90923488009721,44.227622570581744,9.95335883416701,0.1670419052243232,20.53199862432666,9.09253500122577,19.18899876531214,19.8604986948194,20.397698638425208,13.576722970767879,1.61520044808276,24.275220868876204,14.164859413984232,22.143296043993903,23.20925845643505,24.062028386387976,2.533875215053558,1.0851943478919566,4.212422420969233,2.437594783026725,4.030133285326883,4.121277853148058,4.194193507404998,11.04284775571432,0.057450913125649,21.32904181489721,11.26995392004028,19.350058687943964,20.339550251420587,21.131143502201887,0.24044777632225306,0.0181430282536894,0.4626169293187558,0.2565454344730824,0.39881537687033414,0.4307161530945449,0.45623677407391366,254.1,26,534,245.0,462.9,498.44999999999993,526.89,255.1,27,535,246.0,463.9,499.44999999999993,527.89,46.14,0.21673168617251842,45.600346770697875
custom_sarathi_long_input_short_output_fixed_num_requests_num_requests_10_qps_5_llama2_7b,benchmark_output/figure-1/custom_sarathi_long_input_short_output_fixed_num_requests_num_requests_10_qps_5_llama2_7b,sarathi_chunk_128,sarathi,long_input_short_output,fixed_num_requests_qps_sweep,llama2_7b,meta-llama/Llama-2-7b-hf,10,5.0,2,0.85,20480,39505.0,34339.16706161138,100.0,14.390995260663507,10,54669,2104,5466.9,210.4,2.52910544925835,1.056682525901124,4.277099472936243,2.397981971502304,4.060636237636208,4.1688678552862255,4.2554531494062395,12.537300365744159,1.2573703574016692,23.771104084327817,13.218877139734104,21.08422361582052,22.427663850074165,23.502416037477087,0.05605385196964004,0.0445551733337615,0.060364922042936,0.0577822835691403,0.06010026783789865,0.06023259494041733,0.06033845662243227,0.05571513686498501,0.044462350055982834,0.060364922042936,0.057550336952451264,0.05928111972223797,0.05982302088258699,0.0602565418108662,23.59709609793499,12.130580581491811,45.11303211119957,21.2494251729222,39.28290242394432,42.19796726757194,44.530019142474046,10.00819491648581,0.2006878315005451,20.72029022919014,9.062035019742325,19.378958349209277,20.04962428919971,20.586157041192056,13.588901181449183,1.6161247899290174,24.39274188200943,14.209922517416999,22.24041741504334,23.316579648526382,24.17750943531282,2.52910544925835,1.056682525901124,4.277099472936243,2.397981971502304,4.060636237636208,4.1688678552862255,4.2554531494062395,11.059795732190832,0.060364922042936,21.34192802687176,11.317549819941632,19.446121396310627,20.394024711591193,21.152347363815647,0.2440533686429262,0.0208711326122283,0.4672097200527787,0.2635945262154564,0.4119655572343617,0.43958763864357014,0.46168530377093703,254.1,26,534,245.0,462.9,498.44999999999993,526.89,255.1,27,535,246.0,463.9,499.44999999999993,527.89,46.11,0.2168726957276079,45.6300151810887
custom_sarathi_long_input_short_output_fixed_num_requests_num_requests_10_qps_6_llama2_7b,benchmark_output/figure-1/custom_sarathi_long_input_short_output_fixed_num_requests_num_requests_10_qps_6_llama2_7b,sarathi_chunk_128,sarathi,long_input_short_output,fixed_num_requests_qps_sweep,llama2_7b,meta-llama/Llama-2-7b-hf,10,6.0,2,0.85,20480,39505.0,34441.69208037825,100.0,14.045508274231679,10,54669,2104,5466.9,210.4,2.5048375575104727,1.0977001979481429,4.269859381951392,2.3871014800388366,4.114176456769928,4.1920179193606595,4.254291089433245,12.76586344218813,1.3403007849119604,23.76682213344611,13.539618552313186,21.342557979421688,22.554690056433895,23.524395718043667,0.054401487870936883,0.044409179666307065,0.05863279296318069,0.0577867124960896,0.05827089891240645,0.058451845937793574,0.05859660355810327,0.054066427915219685,0.044316660542002256,0.05790893132165994,0.05739106558017032,0.05786012352625274,0.05788452742395634,0.057904050542119216,23.75177015142981,12.404264258686451,45.0388191936072,21.47437305911444,39.24937771563418,42.14409845462069,44.4598750458099,10.261025884677656,0.2426005869638174,21.006776369642463,9.356249684351496,19.736094484687783,20.37143542716512,20.879708181146995,13.490744266752154,1.5261534440796822,24.03204282396473,14.173211463610642,21.81954031428322,22.925791569123973,23.81079257299658,2.5048375575104727,1.0977001979481429,4.269859381951392,2.3871014800388366,4.114176456769928,4.1920179193606595,4.254291089433245,10.98590670924168,0.0478657570201903,21.271997060161084,11.234275981085375,19.101130640064365,20.186563850112723,21.05491041815141,0.24581026777159423,0.0206196471117436,0.4608265834394842,0.25713018747046584,0.4356226867530495,0.4482246350962668,0.4583061937708407,254.1,26,534,245.0,462.9,498.44999999999993,526.89,255.1,27,535,246.0,463.9,499.44999999999993,527.89,45.8,0.2183406113537118,45.938864628820966
custom_sarathi_long_input_short_output_fixed_num_requests_num_requests_10_qps_7_llama2_7b,benchmark_output/figure-1/custom_sarathi_long_input_short_output_fixed_num_requests_num_requests_10_qps_7_llama2_7b,sarathi_chunk_128,sarathi,long_input_short_output,fixed_num_requests_qps_sweep,llama2_7b,meta-llama/Llama-2-7b-hf,10,7.0,2,0.85,20480,39505.0,34700.92365097589,100.0,13.913318025258324,10,54669,2104,5466.9,210.4,2.5620574391912667,1.0810768019873649,4.293327029794455,2.442620014073327,4.118009223183617,4.205668126489035,4.275795249133371,13.017496982449666,1.3811892406083643,24.538936715573072,13.709340277942829,21.838255337881854,23.18859602672746,24.26886857780395,0.05658448566774275,0.04491393935491403,0.06049383690652366,0.058624548495927443,0.06038821400429761,0.060441025455410635,0.060483274616301055,0.05624204904576378,0.04482036864792462,0.0603764781262725,0.058229001577246246,0.05973852093122181,0.06005749952874715,0.06031268240676743,24.18609174932353,12.525231496430932,46.05271366657689,21.923891885438934,40.098616531002335,43.07566509878961,45.45730395301944,10.455439543258398,0.3001124386209994,21.47311405837536,9.51341202959884,20.125131507241168,20.79912278280826,21.33831580326194,13.730652206065134,1.6232004391495138,24.579599608201534,14.359545998857357,22.35986093173269,23.46973026996711,24.35762574055465,2.5620574391912667,1.0810768019873649,4.293327029794455,2.442620014073327,4.118009223183617,4.205668126489035,4.275795249133371,11.168594766873866,0.0603764781262725,21.51377695100382,11.42173127445858,19.543402757775038,20.528589854389427,21.31673953168094,0.2507137165637687,0.021465414436534,0.4794864854775369,0.2684726453153416,0.4189183259382844,0.4492024057079106,0.47342966952361165,254.1,26,534,245.0,462.9,498.44999999999993,526.89,255.1,27,535,246.0,463.9,499.44999999999993,527.89,46.61,0.21454623471358078,45.1405277837374
custom_sarathi_long_input_short_output_fixed_num_requests_num_requests_10_qps_8_llama2_7b,benchmark_output/figure-1/custom_sarathi_long_input_short_output_fixed_num_requests_num_requests_10_qps_8_llama2_7b,sarathi_chunk_128,sarathi,long_input_short_output,fixed_num_requests_qps_sweep,llama2_7b,meta-llama/Llama-2-7b-hf,10,8.0,2,0.85,20480,39505.0,34596.41286057692,100.0,14.039663461538462,10,54669,2104,5466.9,210.4,2.5744396657682955,1.0856477841734886,4.314432244980708,2.4597474230686203,4.139450861141086,4.226941553060897,4.296934106596746,13.172628935379908,1.410353482235223,24.787721946835518,13.880049504339695,22.08317593971733,23.43544894327642,24.5172673461237,0.05558069670494854,0.04105547585161033,0.060897093076402176,0.058627663237074266,0.06019265944141154,0.06054487625890686,0.060826649712903115,0.05523850874139811,0.040969943610252815,0.059974409847971845,0.05839232227712171,0.05960403377789171,0.059789221812931774,0.059937372240963835,24.037704264139755,12.665406041080132,44.45329487975687,22.13483695383184,38.84062433096114,41.646959605359,43.892027824877296,10.598189269611613,0.3247056980617344,21.715944946743548,9.662829139269888,20.35565613147337,21.035800539108457,21.57991606521653,13.439514994528144,1.634311641100794,22.73734993301332,14.392007335089147,21.433636782760733,22.085493357887025,22.606978617988062,2.5744396657682955,1.0856477841734886,4.314432244980708,2.4597474230686203,4.139450861141086,4.226941553060897,4.296934106596746,10.865075328759849,0.0561537430621683,19.66557293292135,11.438851059996523,18.541120034828783,19.103346483875065,19.553127643112095,0.22448241591919213,0.0215006319340318,0.4421238773502409,0.24753632920328525,0.3565307829296216,0.39932733013993116,0.433564567908179,254.1,26,534,245.0,462.9,498.44999999999993,526.89,255.1,27,535,246.0,463.9,499.44999999999993,527.89,44.88,0.22281639928698752,46.88057040998217
custom_sarathi_long_input_short_output_fixed_num_requests_num_requests_10_qps_9_llama2_7b,benchmark_output/figure-1/custom_sarathi_long_input_short_output_fixed_num_requests_num_requests_10_qps_9_llama2_7b,sarathi_chunk_128,sarathi,long_input_short_output,fixed_num_requests_qps_sweep,llama2_7b,meta-llama/Llama-2-7b-hf,10,9.0,2,0.85,20480,39505.0,34443.22884187083,100.0,13.152561247216036,10,54669,2104,5466.9,210.4,2.511843823734671,1.044232587097213,4.181699750944972,2.397102402173914,4.026529004890472,4.104114377917722,4.166182676339522,12.883248140499926,1.3617134341038766,24.2540796357207,13.562614533235319,21.619956462946718,22.93701804933371,23.990667318443304,0.05557984570645076,0.04496855598714957,0.0596789124314315,0.05737778363256474,0.059077964377446245,0.05937843840443887,0.05961881762603298,0.05524362439928652,0.04487487149550968,0.05877468648550072,0.05694136386457896,0.0586969809440867,0.05873583371479371,0.05876691593135932,23.905656961863862,12.35415927763097,45.794017953565344,21.660433714976534,39.837931140046564,42.81597454680595,45.19840927221347,10.371404316765256,0.3174808470066637,21.26498588360846,9.467120752320625,19.92068538728636,20.592835635447408,21.13055583397625,13.534252645098604,1.6146457919385284,24.529032069956884,14.04216937487945,22.274627614114433,23.401829842035657,24.30359162437264,2.511843823734671,1.044232587097213,4.181699750944972,2.397102402173914,4.026529004890472,4.104114377917722,4.166182676339522,11.022408821363934,0.0586883469950407,21.539938317844644,11.149052841938103,19.50994464815594,20.52494148300029,21.336938950875773,0.25458049518056214,0.0213309512473642,0.484027594095096,0.2698802429949865,0.43685317770577964,0.4604403859004378,0.4793101524561644,254.1,26,534,245.0,462.9,498.44999999999993,526.89,255.1,27,535,246.0,463.9,499.44999999999993,527.89,46.14,0.21673168617251842,45.600346770697875
custom_sarathi_long_input_short_output_fixed_num_requests_num_requests_10_qps_10_llama2_7b,benchmark_output/figure-1/custom_sarathi_long_input_short_output_fixed_num_requests_num_requests_10_qps_10_llama2_7b,sarathi_chunk_128,sarathi,long_input_short_output,fixed_num_requests_qps_sweep,llama2_7b,meta-llama/Llama-2-7b-hf,10,10.0,2,0.85,20480,39505.0,34811.17807424594,100.0,13.712296983758701,10,54669,2104,5466.9,210.4,2.4902381324674936,1.0663641379214823,4.008537800051272,2.365132248494774,3.9745400937739763,3.991538946912624,4.005138029423542,12.78671215204522,1.379631839459762,24.087210838217285,13.437464139307849,21.422073407284913,22.754642122751093,23.820697095124046,0.05481361254417857,0.04402106137759595,0.05926323710725858,0.056753050764429304,0.059010881837009664,0.05913705947213412,0.059238001580233686,0.05448082205650266,0.04392935083305929,0.05844171536838585,0.0563255215642688,0.05837294988190869,0.05840733262514727,0.058434838819738134,23.61482112465892,12.291202191496268,45.17329923808575,21.44616070529446,39.2466287384741,42.20996398827992,44.58063218812458,10.296474019577726,0.3132677015382796,21.06171326828189,9.447813953855075,19.735249082627703,20.398481175454794,20.92906684971647,13.318347105081193,1.5962163689546287,24.11158596980385,13.799002843443304,21.870367327658457,22.990976648731152,23.887464105589313,2.4902381324674936,1.0663641379214823,4.008537800051272,2.365132248494774,3.9745400937739763,3.991538946912624,4.005138029423542,10.8281089726137,0.0581335159949958,21.08608839986846,10.90966532798484,19.104959035059437,20.095523717463944,20.887975463387555,0.23460623610299075,0.0191814375575631,0.4575454161968082,0.25344104331452394,0.37555917205754663,0.41655229412717737,0.44934679178288206,254.1,26,534,245.0,462.9,498.44999999999993,526.89,255.1,27,535,246.0,463.9,499.44999999999993,527.89,45.46,0.21997360316761988,46.282446106467226
custom_vllm_long_input_short_output_fixed_qps_num_requests_1_qps_1_llama2_7b,benchmark_output/figure-1/custom_vllm_long_input_short_output_fixed_qps_num_requests_1_qps_1_llama2_7b,vllm,vllm,long_input_short_output,fixed_qps_num_requests_sweep,llama2_7b,meta-llama/Llama-2-7b-hf,1,1.0,2,0.85,20480,38371.0,31820.800793650793,100.0,5.584126984126984,1,2494,254,2494.0,254.0,0.2738436390645802,0.2738436390645802,0.2738436390645802,0.2738436390645802,0.2738436390645802,0.2738436390645802,0.2738436390645802,0.27428234368562693,0.27428234368562693,0.27428234368562693,0.27428234368562693,0.27428234368562693,0.27428234368562693,0.27428234368562693,0.0434277936992909,0.0434277936992909,0.0434277936992909,0.0434277936992909,0.0434277936992909,0.0434277936992909,0.0434277936992909,0.04325681813354566,0.04325681813354566,0.04325681813354566,0.04325681813354566,0.04325681813354566,0.04325681813354566,0.04325681813354566,11.261514149606228,11.261514149606228,11.261514149606228,11.261514149606228,11.261514149606228,11.261514149606228,11.261514149606228,0.0004387046210467,0.0004387046210467,0.0004387046210467,0.0004387046210467,0.0004387046210467,0.0004387046210467,0.0004387046210467,11.26107544498518,11.26107544498518,11.26107544498518,11.26107544498518,11.26107544498518,11.26107544498518,11.26107544498518,0.2738436390645802,0.2738436390645802,0.2738436390645802,0.2738436390645802,0.2738436390645802,0.2738436390645802,0.2738436390645802,10.9872318059206,10.9872318059206,10.9872318059206,10.9872318059206,10.9872318059206,10.9872318059206,10.9872318059206,0.1553838104009628,0.1553838104009628,0.1553838104009628,0.1553838104009628,0.1553838104009628,0.1553838104009628,0.1553838104009628,254.0,254,254,254.0,254.0,254.0,254.0,255.0,255,255,255.0,255.0,255.0,255.0,,,
custom_vllm_long_input_short_output_fixed_qps_num_requests_2_qps_1_llama2_7b,benchmark_output/figure-1/custom_vllm_long_input_short_output_fixed_qps_num_requests_2_qps_1_llama2_7b,vllm,vllm,long_input_short_output,fixed_qps_num_requests_sweep,llama2_7b,meta-llama/Llama-2-7b-hf,2,1.0,2,0.85,20480,38765.0,32313.032924961713,100.0,6.493108728943338,2,8953,569,4476.5,284.5,0.40485251892823726,0.2549431498628109,0.5547618879936635,0.40485251892823726,0.5247800141805783,0.5397709510871209,0.551763700612355,0.520196121186018,0.2553015996236353,0.7850906427484006,0.520196121186018,0.732111738435924,0.7586011905921622,0.779792752317153,0.046117514222544925,0.044882072843937505,0.04735295560115234,0.046117514222544925,0.04710586732543086,0.0472294114632916,0.04732824677358019,0.045953058357548524,0.04473959007300437,0.047166526642092685,0.045953058357548524,0.04692383298518386,0.04704517981363827,0.047142257276401804,13.556830441229977,12.235599366715178,14.878061515744776,13.556830441229977,14.613815300841816,14.745938408293295,14.85163689425448,0.11534360225778069,0.0003584497608244,0.230328754754737,0.11534360225778069,0.20733172425534574,0.21883023950504135,0.22802905170479787,13.441486838972196,12.235240916954352,14.64773276099004,13.441486838972196,14.40648357658647,14.527108168788256,14.623607842549683,0.40485251892823726,0.2549431498628109,0.5547618879936635,0.40485251892823726,0.5247800141805783,0.5397709510871209,0.551763700612355,13.036634320043959,11.980297767091542,14.092970872996377,13.036634320043959,13.881703562405894,13.987337217701135,14.071844141937328,0.46601427427958697,0.1765268906019628,0.7555016579572111,0.46601427427958697,0.6976041812216863,0.7265529195894487,0.7497119102836587,284.5,254,315,284.5,308.9,311.95,314.39,285.5,255,316,285.5,309.9,312.95,315.39,,,
custom_vllm_long_input_short_output_fixed_qps_num_requests_3_qps_1_llama2_7b,benchmark_output/figure-1/custom_vllm_long_input_short_output_fixed_qps_num_requests_3_qps_1_llama2_7b,vllm,vllm,long_input_short_output,fixed_qps_num_requests_sweep,llama2_7b,meta-llama/Llama-2-7b-hf,3,1.0,2,0.85,20480,38765.0,32490.37883435583,100.0,6.798312883435583,3,12935,775,4311.666666666667,258.3333333333333,0.37962775537744164,0.2538639281410724,0.5586882049683481,0.3263311330229044,0.5122167905792594,0.5354524977738038,0.5540410635294393,0.6118820905685425,0.2541308996733278,0.793362760450691,0.7881526115816087,0.7923207306768745,0.7928417455637827,0.7932585574733093,0.04835478794884232,0.047103861767270716,0.05027055218097986,0.047689949898276386,0.04975443172443916,0.050012491952709515,0.05021894013532579,0.048161802535500065,0.04695432569816827,0.05007263662121222,0.047458445287119705,0.049549798354393715,0.04981121748780296,0.05002035279453037,13.040382765854398,10.56980248959735,15.578765206504611,12.972580601461232,15.057528285495936,15.318146746000274,15.526641514403744,0.23225433519110084,0.0002669715322554,0.4670316274277866,0.2294644066132605,0.4195181832648814,0.44327490534633396,0.46228028301149604,12.808128430663297,10.102770862169564,15.349300799891353,12.972313629928976,14.873903365898878,15.111602082895114,15.301761056492104,0.37962775537744164,0.2538639281410724,0.5586882049683481,0.3263311330229044,0.5122167905792594,0.5354524977738038,0.5540410635294393,12.428500675285855,9.77643972914666,14.790612594923005,12.718449701787904,14.376180016295985,14.583396305609494,14.749169337060302,0.6107078706845641,0.1224061376415193,1.1464365595020354,0.5632809149101377,1.029805430583656,1.0881209950428457,1.1347734466101975,258.3333333333333,206,315,254.0,302.8,308.9,313.78,259.3333333333333,207,316,255.0,303.8,309.9,314.78,,,
custom_vllm_long_input_short_output_fixed_qps_num_requests_4_qps_1_llama2_7b,benchmark_output/figure-1/custom_vllm_long_input_short_output_fixed_qps_num_requests_4_qps_1_llama2_7b,vllm,vllm,long_input_short_output,fixed_qps_num_requests_sweep,llama2_7b,meta-llama/Llama-2-7b-hf,4,1.0,2,0.85,20480,39177.0,32813.85373134328,100.0,7.120149253731343,4,17393,856,4348.25,214.0,0.550693021970801,0.2521696069743484,0.6985218790359795,0.6260403009364381,0.6985105615109205,0.6985162202734501,0.6985207472834736,0.7743091839365661,0.25243325973860914,1.158168799476698,0.8433173382654786,1.0824066270841286,1.1202877132804132,1.150592582237441,0.04419228655984127,0.038538421137491244,0.04867889528832741,0.0447759149067732,0.047875760237455496,0.04827732776289145,0.04859858178324022,0.043936067165020326,0.038062638160485184,0.048487246094278874,0.04459719220265862,0.0476977945840481,0.04809252033916349,0.048408300943255794,10.467097474436741,3.988701915834099,15.225564885651693,11.327061548130587,14.428353550261818,14.826959217956754,15.145843752112704,0.223616161965765,0.0002636527642607,0.4596846455242485,0.21725817478727544,0.39000225299969316,0.4248434492619707,0.4527164062717929,10.243481312470976,3.781595570035279,14.998154881875962,11.097087398986332,14.26908745178953,14.633621166832745,14.925248138867317,0.550693021970801,0.2521696069743484,0.6985218790359795,0.6260403009364381,0.6985105615109205,0.6985162202734501,0.6985207472834736,9.692788290500175,3.0830736909992997,14.444558433955535,10.621760518522933,13.805919056152925,14.12523874505423,14.380694496175273,0.6433790668961592,0.0279610152356326,1.4987538373097775,0.5234007075196132,1.3280406470876187,1.4133972421986978,1.4816825182875615,214.0,81,315,230.0,296.7,305.84999999999997,313.16999999999996,215.0,82,316,231.0,297.7,306.84999999999997,314.16999999999996,,,
custom_vllm_long_input_short_output_fixed_qps_num_requests_5_qps_1_llama2_7b,benchmark_output/figure-1/custom_vllm_long_input_short_output_fixed_qps_num_requests_5_qps_1_llama2_7b,vllm,vllm,long_input_short_output,fixed_qps_num_requests_sweep,llama2_7b,meta-llama/Llama-2-7b-hf,5,1.0,2,0.85,20480,39295.0,32874.21324599709,100.0,7.6120815138282385,5,26106,1039,5221.2,207.8,0.6017742419149726,0.2712858838494867,0.7796993809752166,0.7015291808638722,0.7484367125667631,0.7640680467709898,0.7765731141343712,0.7963840194046498,0.27155829570256174,1.1825082176364958,0.8018166976980865,1.0814862601459025,1.1319972388911992,1.1724060218874366,0.053331956761740726,0.048069939187441305,0.06057004182657692,0.05160370914197368,0.05842000895042456,0.05949502538850074,0.06035503853896169,0.05300378300868859,0.047807261924121956,0.059822263532421656,0.051353205699536913,0.057884420777653926,0.05885334215503779,0.05962847925694488,11.64055472370237,5.775556670036167,16.885252778884023,11.7612685917411,15.825504900794476,16.35537883983925,16.77927799107507,0.19460977748967703,0.000272411853075,0.4809790367726236,0.2284106139559298,0.38738847956992684,0.4341837581712752,0.4716199810523539,11.445944946212695,5.547146056080237,16.63825013511814,11.280289554968476,15.677194349793718,16.15772224245593,16.5421445565857,0.6017742419149726,0.2712858838494867,0.7796993809752166,0.7015291808638722,0.7484367125667631,0.7640680467709898,0.7765731141343712,10.84417070429772,4.845603346126154,16.083436081185937,10.578760374104604,15.2357915638946,15.659613822540267,15.998671629456803,1.2487782250158488,0.1526186561677605,2.406007886165753,0.9978285976685584,2.173525923816487,2.28976690499112,2.3827596899308263,207.8,81,315,206.0,290.6,302.8,312.56,208.8,82,316,207.0,291.6,303.8,313.56,,,
custom_vllm_long_input_short_output_fixed_qps_num_requests_6_qps_1_llama2_7b,benchmark_output/figure-1/custom_vllm_long_input_short_output_fixed_qps_num_requests_6_qps_1_llama2_7b,vllm,vllm,long_input_short_output,fixed_qps_num_requests_sweep,llama2_7b,meta-llama/Llama-2-7b-hf,6,1.0,2,0.85,20480,39617.0,33461.10608203678,100.0,7.975954738330976,6,34935,1148,5822.5,191.33333333333334,0.6284275143407285,0.2537757870741188,0.7845930529292673,0.7015494235092774,0.7794363854918629,0.7820147192105651,0.7840773861855268,0.7902309191801274,0.2540363976731895,1.1649056195747107,0.8129202091367914,1.038628950715065,1.1017672851448879,1.152277952688746,0.05464737644619758,0.04774277014830322,0.0665722156263655,0.05302701656564046,0.061726853078070854,0.06414953435221818,0.06608767937153605,0.0542828516844496,0.04730476308272246,0.06575033642110173,0.05281370043103197,0.06120394203738823,0.06347713922924497,0.06529569698273038,11.048945114326974,5.96560903522186,17.27026621857658,11.087306199246086,15.957659860141575,16.613963039359078,17.13900558273308,0.1618034048393989,0.0002606105990707,0.4633641396649182,0.1264828778803348,0.34639862820040435,0.40488138393266127,0.45166758851846683,10.887141709487574,5.940812228946015,17.04083310184069,10.83453870890662,15.842812996474095,16.441823049157392,16.92103109130403,0.6284275143407285,0.2537757870741188,0.7845930529292673,0.7015494235092774,0.7794363854918629,0.7820147192105651,0.7840773861855268,10.258714195146846,5.156219176016748,16.486015420872718,10.096628109924495,15.43851626245305,15.962265841662884,16.38126550503075,1.7229150887578726,0.0967120882123708,3.199781592004001,1.726747319684364,2.9123424793360755,3.0560620356700383,3.1710376807372085,191.33333333333334,81,315,194.5,284.5,299.75,311.95,192.33333333333334,82,316,195.5,285.5,300.75,312.95,,,
custom_vllm_long_input_short_output_fixed_qps_num_requests_7_qps_1_llama2_7b,benchmark_output/figure-1/custom_vllm_long_input_short_output_fixed_qps_num_requests_7_qps_1_llama2_7b,vllm,vllm,long_input_short_output,fixed_qps_num_requests_sweep,llama2_7b,meta-llama/Llama-2-7b-hf,7,1.0,2,0.85,20480,39617.0,33312.74603174603,100.0,8.376623376623376,7,39128,1214,5589.714285714285,173.42857142857142,0.588785480907453,0.2600243070628494,0.787403236143291,0.7003075410611928,0.7841235029045492,0.7857633695239201,0.7870752628194169,0.7293390933357712,0.2602708658669143,1.169024028815329,0.7972100905608385,1.0174790540710092,1.093251541443169,1.1538695313408969,0.056419546175812685,0.04839057488940083,0.0720524626376573,0.05442998647411016,0.06431795559853883,0.06818520911809806,0.07127901193374545,0.05598192840858123,0.04765738436077355,0.07116292606188375,0.05425719286625584,0.06382238911569604,0.06749265758878989,0.07042887236726497,10.409023790553745,3.49887524289079,17.881045042769983,10.538664693245664,16.289314084127547,17.08517956344876,17.72187194690574,0.14055361242831815,0.0002465588040649,0.4687164877541363,0.0369654181413352,0.3288649646099657,0.3987907261820508,0.45473133543971916,10.268470178125426,3.4825028548948467,17.645414426922798,10.501699275104327,16.194913902506233,16.920164164714514,17.50036437448114,0.588785480907453,0.2600243070628494,0.787403236143291,0.7003075410611928,0.7841235029045492,0.7857633695239201,0.7870752628194169,9.679684697217974,3.145387367811054,17.09101575287059,9.719762261025608,15.81713984864764,16.454077800759112,16.963628162448295,1.7799618626346014,0.0492614195682108,3.55101728765294,2.002728532999754,3.1987079892773185,3.3748626384651286,3.5157863578153776,173.42857142857142,66,315,183.0,278.40000000000003,296.69999999999993,311.34,174.42857142857142,67,316,184.0,279.40000000000003,297.69999999999993,312.34,,,
custom_vllm_long_input_short_output_fixed_qps_num_requests_8_qps_1_llama2_7b,benchmark_output/figure-1/custom_vllm_long_input_short_output_fixed_qps_num_requests_8_qps_1_llama2_7b,vllm,vllm,long_input_short_output,fixed_qps_num_requests_sweep,llama2_7b,meta-llama/Llama-2-7b-hf,8,1.0,2,0.85,20480,39481.0,32681.943843031124,100.0,10.158322056833558,8,44747,1623,5593.375,202.875,0.576056492398493,0.255151507910341,0.7868486382067204,0.636085391510278,0.7810511567397043,0.7839498974732123,0.7862688900600188,0.7407358965137973,0.2553646196611225,1.1816143195610493,0.8003603278193623,1.0048197515076025,1.0932170355343258,1.1639348627557047,0.057777584926246156,0.04470785707577735,0.07685138857341371,0.05564340744067098,0.06546860862952397,0.07115999860146884,0.07571311057902473,0.057351664317321006,0.0445985469117779,0.07590260599843329,0.055403083744929,0.06501699278593732,0.0704597993921853,0.0748140446771837,11.839518185472116,3.9900452187284823,18.99442817294039,12.006639832281508,18.49065156723373,18.742539870087057,18.94405051236972,0.1646794041153043,0.0002131117507815,0.4730784075800329,0.13210176606662566,0.34117591753602017,0.40712716255802645,0.4598881585756316,11.674838781356812,3.953270578989759,18.70978189399466,11.756221719435416,18.24372467228677,18.476753283140717,18.66317617182387,0.576056492398493,0.255151507910341,0.7868486382067204,0.636085391510278,0.7810511567397043,0.7839498974732123,0.7862688900600188,11.098782288958319,3.615083299810067,18.24080568691716,11.012670502532274,17.708487400435843,17.974646543676503,18.187573858269026,1.9807429533975665,0.2629776464309543,3.974903464550152,2.1016299867769703,3.586844626208767,3.780874045379459,3.9360975807160132,202.875,66,409,194.5,343.2,376.09999999999997,402.41999999999996,203.875,67,410,195.5,344.2,377.09999999999997,403.41999999999996,,,
custom_vllm_long_input_short_output_fixed_qps_num_requests_9_qps_1_llama2_7b,benchmark_output/figure-1/custom_vllm_long_input_short_output_fixed_qps_num_requests_9_qps_1_llama2_7b,vllm,vllm,long_input_short_output,fixed_qps_num_requests_sweep,llama2_7b,meta-llama/Llama-2-7b-hf,9,1.0,2,0.85,20480,39617.0,33633.773925104026,100.0,10.47988904299584,9,47905,1624,5322.777777777777,180.44444444444446,0.5388216361299984,0.2540735860820859,0.7886456090491265,0.5543301689904183,0.7837856802623719,0.7862156446557492,0.788159616170451,0.6928511063257853,0.2592635105829685,1.1684901795815676,0.7884306930936873,0.9664474317338319,1.0674688056576995,1.148285904796794,0.06019489783963889,0.0469699931540983,0.08246601148857735,0.05951346438895497,0.0669598864783255,0.07471294898345142,0.08091539898755216,0.059787876642998374,0.046855152095041826,0.08144791258131097,0.05896746930281777,0.0665575789638777,0.07400274577259433,0.07995887921956764,11.088107024992091,0.477654529735446,19.884431547950957,11.446183067047969,19.149935834202914,19.517183691076934,19.81098197657615,0.15402947019578678,0.0001995966304093,0.4682386624626815,0.1730947587639093,0.2930807613767683,0.3806597119197248,0.45072287235409014,10.934077554796305,0.3045597709715366,19.635140261845663,11.440323072019964,18.91236712359823,19.273753692721947,19.56286294802092,0.5388216361299984,0.2540735860820859,0.7886456090491265,0.5543301689904183,0.7837856802623719,0.7862156446557492,0.788159616170451,10.395255918666306,0.0504861848894506,19.163757206872106,10.65775237395428,18.37462637741119,18.769191792141648,19.084844123926015,2.067965113506135,0.0006471609231084,4.382754949619994,2.1042407392524183,3.933827826706693,4.1582913881633425,4.337862237328664,180.44444444444446,1,409,183.0,333.8,371.4,401.48,181.44444444444446,2,410,184.0,334.8,372.4,402.48,,,
custom_vllm_long_input_short_output_fixed_num_requests_num_requests_10_qps_1_llama2_7b,benchmark_output/figure-1/custom_vllm_long_input_short_output_fixed_num_requests_num_requests_10_qps_1_llama2_7b,vllm,vllm,long_input_short_output,fixed_num_requests_qps_sweep,llama2_7b,meta-llama/Llama-2-7b-hf,10,1.0,2,0.85,20480,39827.0,33827.32152777778,100.0,12.25625,10,54669,2104,5466.9,210.4,0.6282667587511241,0.2723781650420278,0.8391991399694234,0.6985178304603323,0.8391753412317484,0.8391872406005859,0.8391967600956559,0.8018368234625086,0.27255824580788596,1.1805923345964402,0.8180954189738259,1.062323925178498,1.121458129887469,1.168765493654646,0.06389824805373323,0.04686146521102832,0.09190866165154148,0.06450633074077561,0.0759651499341215,0.08393690579283147,0.09031431047979949,0.06347699845035497,0.046763837158505336,0.09077398681633726,0.06417381537018746,0.07483995087834401,0.08280696884734062,0.08918058322253794,13.099478501896375,1.1023731238674372,23.4656085355673,13.48206510336604,21.12696224134415,22.296285388455722,23.231743906144985,0.17357006471138442,0.0001800807658582,0.482083210721612,0.1948889266932383,0.30721356121357524,0.39464838596759344,0.4645962457708083,12.92590843718499,0.8923628299962729,23.285840976051983,13.234813960967585,20.849980245251206,22.06791061065159,23.042254902971905,0.6282667587511241,0.2723781650420278,0.8391991399694234,0.6985178304603323,0.8391753412317484,0.8391872406005859,0.8391967600956559,12.297641678433866,0.0531901330687105,22.446641836082563,12.493291886989025,20.343107853108084,21.39487484459532,22.236288437785117,2.371866183890961,0.0007158699445426,4.969271449605003,2.244025732972659,4.463199284672737,4.71623536713887,4.918664233111777,210.4,1,480,194.5,416.09999999999997,448.04999999999995,473.61,211.4,2,481,195.5,417.09999999999997,449.04999999999995,474.61,,,
custom_vllm_long_input_short_output_fixed_qps_num_requests_10_qps_1_llama2_7b,benchmark_output/figure-1/custom_vllm_long_input_short_output_fixed_qps_num_requests_10_qps_1_llama2_7b,vllm,vllm,long_input_short_output,fixed_qps_num_requests_sweep,llama2_7b,meta-llama/Llama-2-7b-hf,10,1.0,2,0.85,20480,39827.0,33669.50409836065,100.0,11.897540983606557,10,54669,2104,5466.9,210.4,0.6297704270109534,0.2647131599951535,0.841424698010087,0.7093350751092657,0.8414115480612964,0.8414181230356916,0.8414233830152079,0.7973821282386779,0.2648887517862021,1.1836409587413073,0.796342522604391,1.065012416872196,1.1243266878067515,1.1717781045543962,0.06403193684743289,0.047198540897600526,0.09137033048609737,0.06490193094986875,0.07674356386246822,0.08405694717428278,0.08990765382373446,0.06360878130564272,0.04710021060406386,0.09024230171466407,0.06456736209646505,0.07560641960935732,0.08292436066201068,0.0887787135041334,13.16618232242763,1.103463213890791,23.629716101568192,13.557222209405154,21.33867378726136,22.484194944414774,23.40061187013751,0.16761170122772454,0.0001755917910486,0.4743133697193116,0.19530584721360356,0.3064057916402816,0.3903595806797964,0.45752261191140864,12.998570621199907,0.8930418330710381,23.449525787960734,13.313508145976812,21.06168030123226,22.255603044596494,23.210741239287888,0.6297704270109534,0.2647131599951535,0.841424698010087,0.7093350751092657,0.8414115480612964,0.8414181230356916,0.8414233830152079,12.368800194188953,0.0516317461151629,22.60810108995065,12.569372572936118,20.554654564126395,21.58137782703852,22.402756437368225,2.398307052068412,0.0007644789293408,5.012188043212518,2.2624971650075167,4.519212921545841,4.765700482379179,4.962890531045851,210.4,1,480,194.5,416.09999999999997,448.04999999999995,473.61,211.4,2,481,195.5,417.09999999999997,449.04999999999995,474.61,,,
custom_vllm_long_input_short_output_fixed_num_requests_num_requests_10_qps_2_llama2_7b,benchmark_output/figure-1/custom_vllm_long_input_short_output_fixed_num_requests_num_requests_10_qps_2_llama2_7b,vllm,vllm,long_input_short_output,fixed_num_requests_qps_sweep,llama2_7b,meta-llama/Llama-2-7b-hf,10,2.0,2,0.85,20480,40311.0,33848.23472222222,100.0,11.592361111111112,10,54669,2104,5466.9,210.4,1.1748805925948544,0.2515547589864582,1.655337548116222,1.15477896342054,1.655325094703585,1.6553313214099035,1.6553363027749584,1.493277042126283,0.2517138211987912,2.1003046471159905,1.6615574138704687,2.0594047815771774,2.0798547143465838,2.0962146605621093,0.0608320600306844,0.04680378769090815,0.0833389836770948,0.06136579726109581,0.06886252316665681,0.07610075342187579,0.08189133762605101,0.060453245243483736,0.046706279799885425,0.08231010733540227,0.06109838603117612,0.06836527554584768,0.07533769144062495,0.0809156241564468,13.475614234851673,1.8351514723617584,24.18477581371553,13.800828583189286,21.610085792932658,22.89743080332409,23.92730681163724,0.31839644953142854,0.000159062212333,0.8422601730562747,0.2077069405931979,0.7740554432151839,0.8081578081357292,0.8354397000721656,13.157217785320245,1.7096118310000747,24.074351852061227,13.673519507050514,21.239446608512658,22.65689923028694,23.79086132770637,1.1748805925948544,0.2515547589864582,1.655337548116222,1.15477896342054,1.655325094703585,1.6553313214099035,1.6553363027749584,11.98233719272539,0.054288120009005,22.419014303945005,12.652231467072852,19.584135325090028,21.001574814517515,22.13552640605951,2.1231531092431397,0.0006910390220582,5.029297485481948,2.225530098658055,4.231965015595779,4.630631250538863,4.9495642384933305,210.4,1,480,194.5,416.09999999999997,448.04999999999995,473.61,211.4,2,481,195.5,417.09999999999997,449.04999999999995,474.61,,,
custom_vllm_long_input_short_output_fixed_num_requests_num_requests_10_qps_3_llama2_7b,benchmark_output/figure-1/custom_vllm_long_input_short_output_fixed_num_requests_num_requests_10_qps_3_llama2_7b,vllm,vllm,long_input_short_output,fixed_num_requests_qps_sweep,llama2_7b,meta-llama/Llama-2-7b-hf,10,3.0,2,0.85,20480,40357.0,33799.47922437673,100.0,11.518698060941828,10,54669,2104,5466.9,210.4,1.25420412174426,0.7810931280255318,1.6153823921922594,1.4821447550784796,1.615369466249831,1.6153759292210452,1.6153810995980167,2.0987885277485474,0.8771135786082596,2.964977433439344,2.20743399776984,2.86520324179437,2.915090337616857,2.9550000142748467,0.06246099287694262,0.04709996998121491,0.08679382051050197,0.06219556546000664,0.07152717096487042,0.07916049573768619,0.08526715555593882,0.062058584606904554,0.04700184504375405,0.08572229186222417,0.061759925342478164,0.07046777887407567,0.0780950353681499,0.08419684056340933,14.226241414016112,2.910099532455206,25.404951696051285,14.28651194786653,22.764099872973745,24.084525784512515,25.140866513743532,0.8445844060042873,0.0959996036253869,2.010486831422895,0.6471254044445232,2.0014270971529187,2.0059569642879067,2.0095808579958976,13.381657008011825,0.8996127010323107,23.404531236039475,13.779646048438735,22.04484280894976,22.724687022494617,23.268562393330505,1.25420412174426,0.7810931280255318,1.6153823921922594,1.4821447550784796,1.615369466249831,1.6153759292210452,1.6153810995980167,12.127452886267566,0.0559823119547218,22.560885621001944,12.297493768972345,20.506634094472975,21.533759857737458,22.355460468349047,2.0599525408586485,0.0009030890651047,4.4387757948134094,1.9353442398132756,4.432225668989122,4.435500731901266,4.438120782230981,210.4,1,480,194.5,416.09999999999997,448.04999999999995,473.61,211.4,2,481,195.5,417.09999999999997,449.04999999999995,474.61,,,
custom_vllm_long_input_short_output_fixed_num_requests_num_requests_10_qps_4_llama2_7b,benchmark_output/figure-1/custom_vllm_long_input_short_output_fixed_num_requests_num_requests_10_qps_4_llama2_7b,vllm,vllm,long_input_short_output,fixed_num_requests_qps_sweep,llama2_7b,meta-llama/Llama-2-7b-hf,10,4.0,2,0.85,20480,40495.0,34218.27176966292,100.0,12.021769662921349,10,54669,2104,5466.9,210.4,1.5665103385923431,1.466690659057349,1.6608053019735962,1.57754049601499,1.6607927802484483,1.6607990411110223,1.6608040498010814,2.538673633430153,1.489774212939665,3.5581983905285592,2.5940272081643343,3.537762792385183,3.5479805914568714,3.5561548307142217,0.06260091317924851,0.0470777246512916,0.09666836138640064,0.060496996620959975,0.07311998943051246,0.08489417540845652,0.09431352419081182,0.0621986375235231,0.04697964605826808,0.09547492482607471,0.060234721722684736,0.0724185067534535,0.08394671578976408,0.0931692830188126,14.642779016122223,3.4532816326245666,25.94119683024473,14.643044598633423,23.466875615832393,24.70403622303856,25.6937647088035,0.97216329483781,0.0230242249090224,1.8974342015571888,1.0164867121493444,1.8769863750552758,1.8872102883062323,1.8953894189069975,13.670615721284411,1.7155673408415169,24.21103540994227,14.021149741020054,21.606616518902594,22.90882596442243,23.950593520838304,1.5665103385923431,1.466690659057349,1.6608053019735962,1.57754049601499,1.6607927802484483,1.6607990411110223,1.6608040498010814,12.104105382692069,0.0547759518958628,22.550230107968677,12.499017155496404,19.94583599027246,21.248033049120565,22.289790696199056,1.9236050602514296,0.0007350191008299,3.7901234407909214,1.8954585391329601,3.7830875302432103,3.786605485517066,3.7894198497361504,210.4,1,480,194.5,416.09999999999997,448.04999999999995,473.61,211.4,2,481,195.5,417.09999999999997,449.04999999999995,474.61,,,
custom_vllm_long_input_short_output_fixed_num_requests_num_requests_10_qps_5_llama2_7b,benchmark_output/figure-1/custom_vllm_long_input_short_output_fixed_num_requests_num_requests_10_qps_5_llama2_7b,vllm,vllm,long_input_short_output,fixed_num_requests_qps_sweep,llama2_7b,meta-llama/Llama-2-7b-hf,10,5.0,2,0.85,20480,40495.0,34217.161516853936,100.0,11.936797752808989,10,54669,2104,5466.9,210.4,1.5747272250941022,1.4822148701641709,1.665781867923215,1.577628759900108,1.6657689998159184,1.6657754338695667,1.6657805811124853,2.737689494737424,1.57407721481286,3.882100540678948,2.773372386349365,3.865757342427969,3.8739289415534586,3.88046622085385,0.061653713259597745,0.04685749464069487,0.09511061928642447,0.05912926182474949,0.07107212998681157,0.083091374636618,0.09270677035646319,0.06126010529214319,0.04675987486019342,0.09393641411004887,0.058873345111255616,0.07038992902827339,0.0821631715691611,0.09158176560187133,14.635111214709468,3.811075110686943,26.19307053135708,14.433006381150335,23.526988322264515,24.860029426810794,25.926462310447825,1.1629622696433217,0.0918064918369054,2.2163604986853898,1.1957436264492571,2.2000052332179623,2.208182865951676,2.214724972138647,13.472148945066147,1.7224854009691626,24.11052180081606,13.707521067466587,21.340364265860988,22.72544303333852,23.83350604732055,1.5747272250941022,1.4822148701641709,1.665781867923215,1.577628759900108,1.6657689998159184,1.6657754338695667,1.6657805811124853,11.897421719972044,0.0567178309429436,22.444739932892844,12.177583587472327,19.674607974058016,21.05967395347543,22.16772673700936,1.936085588252172,0.0007354270201176,3.79629784822464,1.9034888590686023,3.7860193827189503,3.791158615471795,3.795270001674071,210.4,1,480,194.5,416.09999999999997,448.04999999999995,473.61,211.4,2,481,195.5,417.09999999999997,449.04999999999995,474.61,,,
custom_vllm_long_input_short_output_fixed_num_requests_num_requests_10_qps_6_llama2_7b,benchmark_output/figure-1/custom_vllm_long_input_short_output_fixed_num_requests_num_requests_10_qps_6_llama2_7b,vllm,vllm,long_input_short_output,fixed_num_requests_qps_sweep,llama2_7b,meta-llama/Llama-2-7b-hf,10,6.0,2,0.85,20480,40495.0,34253.18732394366,100.0,11.584507042253522,10,54669,2104,5466.9,210.4,1.563666104245931,1.466697492171079,1.6559267221018672,1.5730646406300366,1.655913676507771,1.6559201993048192,1.6559254175424576,2.8030652217566967,1.5709482997190207,4.021072128554806,2.8290230735437945,4.007456712354906,4.014264420454856,4.019710586934816,0.06103411730581787,0.04544997918137616,0.09592559717420954,0.05831866387985998,0.07179256935012138,0.08385908326216543,0.09351229439180073,0.06063907639536727,0.04535529172474829,0.09474133054242918,0.0580651969081816,0.07110350039673508,0.08292241546958211,0.09237754752785977,14.502735975780524,3.96852734987624,25.68014940759167,14.44062834372744,22.947513141157103,24.313831274374387,25.406885780948215,1.2393991175107657,0.1041919987183064,2.36518572550267,1.2559584329137579,2.3515591054223477,2.358372415462509,2.3638230634946376,13.263336858269758,1.709812228102237,23.42646674998105,13.692462114966474,20.60710434252396,22.016785546252503,23.14453050923534,1.563666104245931,1.466697492171079,1.6559267221018672,1.5730646406300366,1.655913676507771,1.6559201993048192,1.6559254175424576,11.699670754023828,0.0539000011049211,21.77054002787918,12.172565442859195,18.95120270368643,20.360871365782803,21.488606295459903,1.9130472847959026,0.0007499111816287,3.749872404616326,1.8939895416842774,3.7358150219777593,3.742843713297043,3.7484666663524693,210.4,1,480,194.5,416.09999999999997,448.04999999999995,473.61,211.4,2,481,195.5,417.09999999999997,449.04999999999995,474.61,,,
custom_vllm_long_input_short_output_fixed_num_requests_num_requests_10_qps_7_llama2_7b,benchmark_output/figure-1/custom_vllm_long_input_short_output_fixed_num_requests_num_requests_10_qps_7_llama2_7b,vllm,vllm,long_input_short_output,fixed_num_requests_qps_sweep,llama2_7b,meta-llama/Llama-2-7b-hf,10,7.0,2,0.85,20480,40495.0,34179.09453781512,100.0,11.656162464985995,10,54669,2104,5466.9,210.4,1.5673304829746484,1.4738268880173564,1.6561521999537945,1.5766985510708764,1.6561397331301122,1.6561459665419533,1.6561509532714263,2.940432599070482,1.6525286745745689,4.217892401386052,2.9593413691036403,4.206249103462324,4.212070752424188,4.216728071593679,0.06198834103725479,0.0466953743777057,0.09623491266102065,0.05947905584916118,0.07206344229896784,0.08414917747999422,0.09381776562481538,0.061590205061738845,0.04659809234775215,0.09504682731952656,0.05922113570584371,0.07137179017736096,0.08320930874844373,0.09267932360531,14.873114623571746,4.182670585345477,26.48947385745123,14.66787566198036,23.837091374560263,25.163282616005745,26.224235609162132,1.3731021160958334,0.1786509554367512,2.5618078564293683,1.382642818032764,2.5501292046858,2.555968530557584,2.5606399912550115,13.500012507475912,1.712120797019452,24.023236526874825,13.828867090051062,21.296519222459754,22.659877874667288,23.75056479643332,1.5673304829746484,1.4738268880173564,1.6561521999537945,1.5766985510708764,1.6561397331301122,1.6561459665419533,1.6561509532714263,11.932682024501265,0.0559824490919709,22.36708432692103,12.30359068152029,19.640392558183517,21.003738442552272,22.09441515004728,1.9089805237250403,0.0007157619111239,3.7525022495538,1.884788195719011,3.7496688356157395,3.75108554258477,3.752218908159994,210.4,1,480,194.5,416.09999999999997,448.04999999999995,473.61,211.4,2,481,195.5,417.09999999999997,449.04999999999995,474.61,,,
custom_vllm_long_input_short_output_fixed_num_requests_num_requests_10_qps_8_llama2_7b,benchmark_output/figure-1/custom_vllm_long_input_short_output_fixed_num_requests_num_requests_10_qps_8_llama2_7b,vllm,vllm,long_input_short_output,fixed_num_requests_qps_sweep,llama2_7b,meta-llama/Llama-2-7b-hf,10,8.0,2,0.85,20480,40495.0,34189.21278089887,100.0,11.716994382022472,10,54669,2104,5466.9,210.4,1.56874210301321,1.4727050249930471,1.6619352179113775,1.5744558275910094,1.6619035919429734,1.6619194049271755,1.6619320553145371,3.017249033972621,1.6881576890591532,4.340787009336054,3.0266141038155183,4.330600591166876,4.335693800251465,4.339768367519136,0.06220045175660958,0.04690493116911602,0.09650364393601193,0.05976784999372396,0.07244240021061461,0.08447302207331325,0.0940975195634722,0.061800168772745065,0.046807212562513696,0.09531224092445624,0.05950840315760935,0.07174718618636718,0.0835297135554117,0.09295573545064734,15.014697508863174,4.315851073712111,26.724715099669996,14.810173612087965,23.978761775698516,25.351738437684254,26.45011976727285,1.448506930959411,0.2153926258906722,2.6789385413285345,1.4521582762245089,2.6687209552619606,2.6738297482952476,2.6779167827218773,13.566190577903763,1.7167606288567183,24.12939724791795,13.925331482081674,21.3184028893942,22.72390006865607,23.848297812065574,1.56874210301321,1.4727050249930471,1.6619352179113775,1.5744558275910094,1.6619035919429734,1.6619194049271755,1.6619320553145371,11.997448474890552,0.0548605509102344,22.467462030006573,12.401734270039015,19.6565145784989,21.061988304252733,22.186367284855805,1.914129943936132,0.000741004012525,3.76245341449976,1.893348771496676,3.753833315661178,3.758143365080469,3.761591404615902,210.4,1,480,194.5,416.09999999999997,448.04999999999995,473.61,211.4,2,481,195.5,417.09999999999997,449.04999999999995,474.61,,,
custom_vllm_long_input_short_output_fixed_num_requests_num_requests_10_qps_9_llama2_7b,benchmark_output/figure-1/custom_vllm_long_input_short_output_fixed_num_requests_num_requests_10_qps_9_llama2_7b,vllm,vllm,long_input_short_output,fixed_num_requests_qps_sweep,llama2_7b,meta-llama/Llama-2-7b-hf,10,9.0,2,0.85,20480,40495.0,34023.68854748603,100.0,11.636871508379889,10,54669,2104,5466.9,210.4,1.5669694436481223,1.468218969879672,1.660661204950884,1.577087244950235,1.6606483925832436,1.6606547987670637,1.66065992371412,3.084515375411138,1.7230516448616982,4.44222853705287,3.0905059213982895,4.433162639359944,4.437695588206407,4.441321947283577,0.06142337436580332,0.04724710112552319,0.09566670185013208,0.05935197969223703,0.0714345906767024,0.08355064626341721,0.09324349073278912,0.06102726231894232,0.04714866966484502,0.09448563145692057,0.0590949683968412,0.07074888803654006,0.08261725974673029,0.09211195711488253,15.040753139439039,4.422673911554739,26.999309847829863,14.686366954352707,24.19704293475952,25.59817639129469,26.719083156522828,1.5175459317630158,0.2547886578831821,2.781610591104254,1.5134186764480546,2.7725306453416123,2.7770706182229334,2.78070259652799,13.523207207676023,1.712034923955798,24.292022644076496,13.756873533362523,21.431944628152998,22.861983636114743,24.00601484248415,1.5669694436481223,1.468218969879672,1.660661204950884,1.577087244950235,1.6606483925832436,1.6606547987670637,1.66065992371412,11.9562377640279,0.051387954968959,22.63136143912561,12.234209946473129,19.77130830823444,21.20133487368002,22.345356126036492,1.8799117650836705,0.0007787800859659,3.689415035070851,1.856349639594555,3.6824223910691214,3.685918713069986,3.688715770670678,210.4,1,480,194.5,416.09999999999997,448.04999999999995,473.61,211.4,2,481,195.5,417.09999999999997,449.04999999999995,474.61,,,
custom_vllm_long_input_short_output_fixed_num_requests_num_requests_10_qps_10_llama2_7b,benchmark_output/figure-1/custom_vllm_long_input_short_output_fixed_num_requests_num_requests_10_qps_10_llama2_7b,vllm,vllm,long_input_short_output,fixed_num_requests_qps_sweep,llama2_7b,meta-llama/Llama-2-7b-hf,10,10.0,2,0.85,20480,40495.0,34015.077669902916,100.0,11.832177531206657,10,54669,2104,5466.9,210.4,1.56650670748204,1.46722122002393,1.6584820051211864,1.581112650455907,1.6584682564949618,1.658475130808074,1.658480630258564,3.086867449758574,1.6988051594235003,4.471992256352678,3.0913827081676573,4.46383369464893,4.467912975500804,4.471176400182303,0.06205180827955066,0.04694505492254454,0.09662564930040389,0.05953073761289558,0.0724419087547964,0.08453377902760012,0.09420727524584314,0.061652086155694785,0.04684725272478924,0.09543274004978163,0.05927249901274773,0.07174666054693825,0.08358970029835991,0.0930641320994973,15.041103856172413,4.4632936720736325,26.891828313004225,14.718363763997331,24.096469860500655,25.494149086752437,26.612292467753868,1.5203607422765344,0.2315262195188552,2.813553231302649,1.5102700577117503,2.8053826771909374,2.8094679542467933,2.8127361758914775,13.520743113895879,1.7136126440018415,24.14516331302002,13.806616758927703,21.297776006441566,22.72146965973079,23.860424582362175,1.56650670748204,1.46722122002393,1.6584820051211864,1.581112650455907,1.6584682564949618,1.658475130808074,1.658480630258564,11.954236406413838,0.0551459151320159,22.486681307898834,12.282430705497973,19.639320690976454,21.06300099943764,22.2019452462066,1.8790925319073721,0.000846535898745,3.701252580853179,1.8547822803957388,3.6916169320931655,3.696434756473172,3.7002890159771775,210.4,1,480,194.5,416.09999999999997,448.04999999999995,473.61,211.4,2,481,195.5,417.09999999999997,449.04999999999995,474.61,,,
custom_sarathi_long_input_short_output_fixed_qps_num_requests_1_qps_1_mistral_7b,benchmark_output/figure-1/custom_sarathi_long_input_short_output_fixed_qps_num_requests_1_qps_1_mistral_7b,sarathi_chunk_128,sarathi,long_input_short_output,fixed_qps_num_requests_sweep,mistral_7b,mistralai/Mistral-7B-Instruct-v0.3,1,1.0,2,0.85,20480,39501.0,33505.42846385542,100.0,4.51355421686747,1,2494,254,2494.0,254.0,0.9093534648418428,0.9093534648418428,0.9093534648418428,0.9093534648418428,0.9093534648418428,0.9093534648418428,0.9093534648418428,0.9095355975441636,0.9095355975441636,0.9095355975441636,0.9095355975441636,0.9095355975441636,0.9095355975441636,0.9095355975441636,0.0406290530125894,0.0406290530125894,0.0406290530125894,0.0406290530125894,0.0406290530125894,0.0406290530125894,0.0406290530125894,0.04046909611096503,0.04046909611096503,0.04046909611096503,0.04046909611096503,0.04046909611096503,0.04046909611096503,0.04046909611096503,11.18868600972928,11.18868600972928,11.18868600972928,11.18868600972928,11.18868600972928,11.18868600972928,11.18868600972928,0.0001821327023208,0.0001821327023208,0.0001821327023208,0.0001821327023208,0.0001821327023208,0.0001821327023208,0.0001821327023208,11.18850387702696,11.18850387702696,11.18850387702696,11.18850387702696,11.18850387702696,11.18850387702696,11.18850387702696,0.9093534648418428,0.9093534648418428,0.9093534648418428,0.9093534648418428,0.9093534648418428,0.9093534648418428,0.9093534648418428,10.279150412185118,10.279150412185118,10.279150412185118,10.279150412185118,10.279150412185118,10.279150412185118,10.279150412185118,0.1057251752354204,0.1057251752354204,0.1057251752354204,0.1057251752354204,0.1057251752354204,0.1057251752354204,0.1057251752354204,273.0,273,273,273.0,273.0,273.0,273.0,274.0,274,274,274.0,274.0,274.0,274.0,12.2,0.0819672131147541,20.81967213114754
custom_sarathi_long_input_short_output_fixed_qps_num_requests_2_qps_1_mistral_7b,benchmark_output/figure-1/custom_sarathi_long_input_short_output_fixed_qps_num_requests_2_qps_1_mistral_7b,sarathi_chunk_128,sarathi,long_input_short_output,fixed_qps_num_requests_sweep,mistral_7b,mistralai/Mistral-7B-Instruct-v0.3,2,1.0,2,0.85,20480,39605.0,33587.858229598896,100.0,6.250345781466113,2,8953,569,4476.5,284.5,1.994269490474835,1.0524056979920715,2.9361332829575986,1.994269490474835,2.7477605244610457,2.841946903709322,2.9172960071079435,2.478910257224925,1.0529970456846058,3.904823468765244,2.478910257224925,3.61964082645718,3.7622321476112117,3.8763052045344373,0.046541655230534384,0.045418958713531875,0.0476643517475369,0.046541655230534384,0.0474398124441364,0.04755208209583665,0.04764189781719685,0.04637573418120486,0.04527477154301272,0.047476696819396993,0.04637573418120486,0.047256504291758566,0.04736660055557778,0.04745467756663315,15.639227271312846,13.112078037811443,18.16637650481425,15.639227271312846,17.660946658113968,17.91366158146411,18.11583352014422,0.48464076675008977,0.0005913476925343,0.9686901858076452,0.48464076675008977,0.8718803019961341,0.9202852439018896,0.959009197426494,15.154586504562758,13.111486690118909,17.197686319006607,15.154586504562758,16.789066356117836,16.99337633756222,17.15682432271773,1.994269490474835,1.0524056979920715,2.9361332829575986,1.994269490474835,2.7477605244610457,2.841946903709322,2.9172960071079435,13.160317014087923,12.059080992126836,14.261553036049008,13.160317014087923,14.041305831656791,14.151429433852899,14.239528315609787,0.2402520352043211,0.2394281474407762,0.241075922967866,0.2402520352043211,0.24091114541515704,0.2409935341915115,0.24105944521259512,319.5,273,366,319.5,356.7,361.35,365.07,320.5,274,367,320.5,357.7,362.35,366.07,19.2,0.10416666666666667,29.635416666666668
custom_sarathi_long_input_short_output_fixed_qps_num_requests_3_qps_1_mistral_7b,benchmark_output/figure-1/custom_sarathi_long_input_short_output_fixed_qps_num_requests_3_qps_1_mistral_7b,sarathi_chunk_128,sarathi,long_input_short_output,fixed_qps_num_requests_sweep,mistral_7b,mistralai/Mistral-7B-Instruct-v0.3,3,1.0,2,0.85,20480,39605.0,33764.86745406824,100.0,5.9015748031496065,3,12935,775,4311.666666666667,258.3333333333333,1.919505647694071,1.0867761811241508,2.8796887639909983,1.7920519979670644,2.6621614107862115,2.770925087388605,2.8579360286705198,3.422653419431299,1.0870139878243208,5.297877759672701,3.8830685107968748,5.014915909897536,5.156396834785118,5.269581574695184,0.047197585430820095,0.04597152392152789,0.04909423377876549,0.046526998592166906,0.048580786741445774,0.04883751026010563,0.04904288907503352,0.047009534804195306,0.04574836118404474,0.04890094939380972,0.04637929383473145,0.04839661828199407,0.048648783837901895,0.048850516282628154,15.574147122058397,13.50785513385199,18.492546068737283,14.722040163585916,17.73844488770701,18.115495478222147,18.417135950634258,1.503147771737228,0.00023780670017,3.505825761705637,1.0033797468058765,3.005336558725685,3.2555811602156606,3.4557768414076415,14.070999350321168,11.21621440188028,17.489166321931407,13.50761732715182,16.69285652297549,17.091011422453448,17.409535342035817,1.919505647694071,1.0867761811241508,2.8796887639909983,1.7920519979670644,2.6621614107862115,2.770925087388605,2.8579360286705198,12.151493702627098,9.424162403913217,14.609477557940409,12.42084114602767,14.17175027555786,14.390613916749134,14.565704829702154,0.2292121878514687,0.1435140997637063,0.2744723851792514,0.2696500786114484,0.2735079238656908,0.27399015452247105,0.2743759390478953,292.0,237,366,273.0,347.4,356.7,364.14,293.0,238,367,274.0,348.4,357.7,365.14,19.52,0.15368852459016394,39.70286885245902
custom_sarathi_long_input_short_output_fixed_qps_num_requests_4_qps_1_mistral_7b,benchmark_output/figure-1/custom_sarathi_long_input_short_output_fixed_qps_num_requests_4_qps_1_mistral_7b,sarathi_chunk_128,sarathi,long_input_short_output,fixed_qps_num_requests_sweep,mistral_7b,mistralai/Mistral-7B-Instruct-v0.3,4,1.0,2,0.85,20480,39605.0,33416.37257617729,100.0,6.5609418282548475,4,17393,856,4348.25,214.0,1.9457825314602815,1.082793328911066,2.868181454949081,1.9160776709904894,2.6230478648794815,2.7456146599142808,2.843668095942121,4.307359104859643,1.0830242545343935,7.010043034795672,4.568184565054253,6.487873151921668,6.748958093358668,6.957826046508271,0.04773090140295701,0.04595698330085725,0.05013841285789938,0.047414104726535705,0.04935835838377607,0.04974838562083772,0.05006040741048705,0.047444590525156705,0.04538961313664914,0.04994101753168717,0.047223865716145265,0.04917490714944897,0.04955796234056807,0.04986440649346335,14.55311592092039,10.686601698864251,18.79389699269086,14.365982496063225,17.644904580246656,18.219400786468757,18.67899775144644,2.3615765733993612,0.0002309256233274,4.958973546745256,2.243550910614431,4.517798754107208,4.738386150426231,4.91485606748145,12.19153934752103,5.727628152118996,17.795186076080427,12.621671580942348,16.586973787844183,17.191079931962303,17.6743648472568,1.9457825314602815,1.082793328911066,2.868181454949081,1.9160776709904894,2.6230478648794815,2.7456146599142808,2.843668095942121,10.245756816060748,3.67655866406858,14.927004621131346,11.189731989521533,14.254408770706505,14.590706695918925,14.85974503608886,0.2226434048498049,0.0786451629828661,0.320600493112579,0.24566398165188724,0.31752978400327264,0.3190651385579258,0.32029342220164836,248.25,117,366,255.0,338.1,352.04999999999995,363.21,249.25,118,367,256.0,339.1,353.04999999999995,364.21,19.79,0.202122283981809,43.25416877210713
custom_sarathi_long_input_short_output_fixed_qps_num_requests_5_qps_1_mistral_7b,benchmark_output/figure-1/custom_sarathi_long_input_short_output_fixed_qps_num_requests_5_qps_1_mistral_7b,sarathi_chunk_128,sarathi,long_input_short_output,fixed_qps_num_requests_sweep,mistral_7b,mistralai/Mistral-7B-Instruct-v0.3,5,1.0,2,0.85,20480,39605.0,33698.21408450704,100.0,7.326056338028169,5,26106,1039,5221.2,207.8,2.413953183591366,1.0940827340818942,4.060285528888926,2.084445904009044,3.625428338116035,3.84285693350248,4.016799809811637,5.525117920618504,1.0943533477839082,9.887535989983007,5.443729922641069,8.819365025544538,9.353450507763773,9.780718893539161,0.051709728328659624,0.045489305968058634,0.05652137273864355,0.05168882259054155,0.05564626941233993,0.056083821075491744,0.05643386240601319,0.051395415248878994,0.04524073052561023,0.05582357801347511,0.05143790597602436,0.055142027830116215,0.055482802921795665,0.05575542299513922,16.126168265659363,11.73881839797832,19.84473690367304,16.039938553702086,19.173478012671698,19.50910745817237,19.77761101457291,3.1111647370271385,0.000270613702014,5.827250461094081,3.585920723620802,5.5494153466075655,5.6883329038508235,5.79946694964543,13.015003528632224,6.606155723100528,18.83501769183204,12.454017830081284,17.23720548832789,18.036111590079965,18.675236471481625,2.413953183591366,1.0940827340818942,4.060285528888926,2.084445904009044,3.625428338116035,3.84285693350248,4.016799809811637,10.601050345040857,4.521709819091484,15.861875139875336,10.596208631061018,15.015686863521115,15.438781001698224,15.777256312239913,0.24231650605797767,0.0890651906374841,0.3808190701529383,0.2169500810559839,0.36511485297232865,0.3729669615626335,0.3792486484348773,249.2,117,366,253.0,328.8,347.4,362.28,250.2,118,367,254.0,329.8,348.4,363.28,21.07,0.23730422401518747,49.31181775035596
custom_sarathi_long_input_short_output_fixed_qps_num_requests_6_qps_1_mistral_7b,benchmark_output/figure-1/custom_sarathi_long_input_short_output_fixed_qps_num_requests_6_qps_1_mistral_7b,sarathi_chunk_128,sarathi,long_input_short_output,fixed_qps_num_requests_sweep,mistral_7b,mistralai/Mistral-7B-Instruct-v0.3,6,1.0,2,0.85,20480,39605.0,34147.581284153006,100.0,7.342896174863388,6,34935,1148,5822.5,191.33333333333334,2.627837462311921,1.0744554749689996,4.085054873954505,2.4373761659953743,4.026206672890112,4.055630773422308,4.079170053848065,6.496662571599397,1.0746433367021382,12.420773916412145,6.073552105342969,10.971427400712855,11.6961006585625,12.275839264842217,0.05256072414689953,0.04604248993564397,0.056602913787355644,0.053596219818690276,0.05608754181058059,0.05634522779896812,0.05655137658967814,0.052219857171133956,0.04562008177109678,0.05590411238257348,0.05338010495621115,0.0556287470730836,0.05576642972782854,0.05587657585162449,16.554154423259508,11.472843541996554,20.28807705175132,16.907917194534093,19.450923151918687,19.869500101835005,20.204361661768058,3.8688251092874757,0.0001878617331385,8.33571904245764,4.164984310278669,6.945220727822743,7.640469885140192,8.196669210994152,12.685329313972034,6.579965071985498,19.295724333962426,13.02221412397921,17.214969388442114,18.25534686120227,19.087648839410395,2.627837462311921,1.0744554749689996,4.085054873954505,2.4373761659953743,4.026206672890112,4.055630773422308,4.079170053848065,10.057491851660112,4.528233102988452,16.472703970968723,10.155833077500574,15.266231469460763,15.869467720214743,16.352056720817927,0.2503177624118204,0.0966386061627417,0.435873496113345,0.23739891382865605,0.3958920211298391,0.4158827586215921,0.43187534861499444,237.83333333333334,117,366,245.0,319.5,342.75,361.35,238.83333333333334,118,367,246.0,320.5,343.75,362.35,21.49,0.2791996277338297,53.420195439739416
custom_sarathi_long_input_short_output_fixed_qps_num_requests_7_qps_1_mistral_7b,benchmark_output/figure-1/custom_sarathi_long_input_short_output_fixed_qps_num_requests_7_qps_1_mistral_7b,sarathi_chunk_128,sarathi,long_input_short_output,fixed_qps_num_requests_sweep,mistral_7b,mistralai/Mistral-7B-Instruct-v0.3,7,1.0,2,0.85,20480,39605.0,33534.29809004093,100.0,7.586630286493861,7,39128,1214,5589.714285714285,173.42857142857142,2.5314014038470174,1.1008991559501735,3.998247388983146,2.0456119999289517,3.9924667873885484,3.995357088185847,3.997669328823686,7.365792091403689,1.1011828875634817,12.458020623307675,7.0509209057781845,12.231797837466,12.344909230386838,12.435398344723508,0.05280631398536299,0.04678501767607836,0.05707367123977747,0.053509636907423046,0.05627803444893599,0.05667585284435673,0.05699410756069332,0.052405215396734185,0.04607615377189535,0.05636905801459503,0.05333976504422488,0.0558338174794794,0.056101437747037214,0.05631553396108347,16.59720418702013,11.616814604960382,20.69836101261899,16.742640586569905,19.687839857302606,20.193100434960797,20.59730889708735,4.834390687556671,0.0002837316133081,10.16842137579806,5.005308905849233,9.14901309250854,9.658717234153299,10.066480547469107,11.762813499463457,4.953587420051917,19.680093478877097,13.224069501971826,16.984976188372823,18.332534833624955,19.41058174982667,2.5314014038470174,1.1008991559501735,3.998247388983146,2.0456119999289517,3.9924667873885484,3.995357088185847,3.997669328823686,9.231412095616438,3.041026148945093,16.802025988930836,9.35543708712794,15.173209698824213,15.987617843877523,16.639144359920174,0.23754643798539682,0.0674807266332209,0.4625271682161838,0.2509554282296449,0.4042313350830227,0.43337925164960317,0.4566975849028676,218.0,99,366,237.0,310.20000000000005,338.0999999999999,360.41999999999996,219.0,100,367,238.0,311.20000000000005,339.0999999999999,361.41999999999996,21.86,0.3202195791399817,55.5352241537054
custom_sarathi_long_input_short_output_fixed_qps_num_requests_8_qps_1_mistral_7b,benchmark_output/figure-1/custom_sarathi_long_input_short_output_fixed_qps_num_requests_8_qps_1_mistral_7b,sarathi_chunk_128,sarathi,long_input_short_output,fixed_qps_num_requests_sweep,mistral_7b,mistralai/Mistral-7B-Instruct-v0.3,8,1.0,2,0.85,20480,39605.0,34271.31835205993,100.0,11.868289637952559,8,44747,1623,5593.375,202.875,2.544754023110727,1.06761503405869,4.093385915039107,2.357259152457118,3.983241225685924,4.038313570362516,4.082371446103789,8.190642568748444,1.0679474067874253,14.578421420184895,8.207556435489096,13.043410906963981,13.810916163574438,14.424920368862804,0.05396486400661424,0.04367156578205051,0.05613478371233214,0.05532487220565786,0.05607574820832957,0.05610526596033086,0.056128880161931884,0.05357705879056194,0.04356478933759562,0.05577835772814935,0.05508595211176924,0.05554274050227937,0.055660549115214356,0.05575479600556235,18.788103445840534,11.427087324904278,32.396420259261504,17.50688663753681,24.56558993340004,28.48100509633077,31.613337226675355,5.6458885456377175,0.0003323727287352,11.899163457099348,5.221908085164614,10.640819986024871,11.269991721562109,11.7733291099919,13.142214900202816,5.509304202860221,20.49725680216216,13.62548856891226,20.305642547737808,20.401449674949983,20.478095376719725,2.544754023110727,1.06761503405869,4.093385915039107,2.357259152457118,3.983241225685924,4.038313570362516,4.082371446103789,10.59746087709209,3.5631235227920115,17.81799883907661,10.775123044033535,17.51694431807846,17.667471578577533,17.787893386976794,0.24790687073254955,0.0823263558559119,0.4698179548140615,0.260267479927279,0.38196660298854107,0.4258922789013012,0.46103281963150944,247.625,99,455,245.0,392.7,423.84999999999997,448.77,248.625,100,456,246.0,393.7,424.84999999999997,449.77,38.71,0.20666494445879618,41.927150607078275
custom_sarathi_long_input_short_output_fixed_qps_num_requests_9_qps_1_mistral_7b,benchmark_output/figure-1/custom_sarathi_long_input_short_output_fixed_qps_num_requests_9_qps_1_mistral_7b,sarathi_chunk_128,sarathi,long_input_short_output,fixed_qps_num_requests_sweep,mistral_7b,mistralai/Mistral-7B-Instruct-v0.3,9,1.0,2,0.85,20480,39605.0,34202.76781326781,100.0,11.632678132678132,9,47905,1624,5322.777777777777,180.44444444444446,2.421274679066199,1.0732415548991412,4.214286705944687,1.9967546320986005,3.8447332042269404,4.029509955085814,4.177331355772912,8.919406468488482,1.0736592365428805,15.40965495374985,9.23565207188949,14.67128305961378,15.040469006681814,15.335817764336243,0.05466842971974214,0.0457352604922455,0.058975205430760985,0.05555613983831391,0.05816404686378384,0.058569626147272416,0.05889408957406327,0.054314285046889475,0.045623438339452725,0.058081641712113094,0.05528644983909879,0.05758574330686303,0.05783369250948806,0.05803205187158809,18.533992459894055,11.215905072866008,33.146676366915926,16.569018207490444,23.759211555449298,28.452943961182605,32.20792988576926,6.498131789422284,0.0004176816437393,13.877308387774974,5.483307243091986,12.18778644958511,13.032547418680041,13.708356193955987,12.03586067047177,1.583107978804037,21.38127040187828,13.106953095877545,20.610863112239166,20.99606675705872,21.304229672914367,2.421274679066199,1.0732415548991412,4.214286705944687,1.9967546320986005,3.8447332042269404,4.029509955085814,4.177331355772912,9.614585991405571,0.0507614128291606,18.659986280836165,10.515503673115743,17.788810613006355,18.22439844692126,18.572868714053183,0.2308521543422507,0.020468009635806,0.487777128117159,0.2450488780159503,0.387856723414734,0.43781692576594644,0.4777850876469165,223.0,26,455,237.0,383.8,419.4,447.88,224.0,27,456,238.0,384.8,420.4,448.88,39.44,0.2281947261663286,41.1764705882353
custom_sarathi_long_input_short_output_fixed_num_requests_num_requests_10_qps_1_mistral_7b,benchmark_output/figure-1/custom_sarathi_long_input_short_output_fixed_num_requests_num_requests_10_qps_1_mistral_7b,sarathi_chunk_128,sarathi,long_input_short_output,fixed_num_requests_qps_sweep,mistral_7b,mistralai/Mistral-7B-Instruct-v0.3,10,1.0,2,0.85,20480,39605.0,34356.50058685446,100.0,13.453638497652582,10,54669,2104,5466.9,210.4,2.448595200269483,1.0696897259913385,3.992105942917988,2.3368477654876187,3.960884068161249,3.9764950055396184,3.988983755442314,9.837081877118909,1.0699377455748618,18.005891280481592,10.719252452836372,15.523622009367681,16.764756644924635,17.757664353370203,0.053132589972318844,0.04254155626300808,0.056478638712885894,0.05565980649251033,0.05636616933468976,0.05642240402378783,0.05646739177506628,0.05280930638988297,0.04245292802079348,0.05596048606414382,0.05543632945685584,0.055591588562105713,0.05577603731312476,0.055923596313940005,20.427655551908536,11.41905412171036,38.38329673046246,17.4935458448017,33.24227088484913,35.81278380765579,37.869194145901126,7.388486676849425,0.0002480195835232,15.159253306454048,6.913164837635122,13.9529176794691,14.556085492961573,15.038619743755554,13.039168875059113,1.48176240012981,23.22404342400841,13.641700945445336,21.103591428208162,22.163817426108285,23.011998224428385,2.448595200269483,1.0696897259913385,3.992105942917988,2.3368477654876187,3.960884068161249,3.9764950055396184,3.988983755442314,10.59057367478963,0.0528284751344472,20.37740544998087,10.782822071923874,18.460276545630766,19.418840997805816,20.18569255954586,0.23105593947693706,0.0183273802977055,0.4446289725601673,0.24169652583077544,0.4053770782425999,0.42500302540138357,0.4407037831284106,254.1,26,534,245.0,462.9,498.44999999999993,526.89,255.1,27,535,246.0,463.9,499.44999999999993,527.89,46.125,0.21680216802168023,45.61517615176152
custom_sarathi_long_input_short_output_fixed_qps_num_requests_10_qps_1_mistral_7b,benchmark_output/figure-1/custom_sarathi_long_input_short_output_fixed_qps_num_requests_10_qps_1_mistral_7b,sarathi_chunk_128,sarathi,long_input_short_output,fixed_qps_num_requests_sweep,mistral_7b,mistralai/Mistral-7B-Instruct-v0.3,10,1.0,2,0.85,20480,39605.0,34138.613608748485,100.0,13.93681652490887,10,54669,2104,5466.9,210.4,2.5018420843640343,1.0630324559751898,4.085540673928335,2.3771445258753374,4.07007587691769,4.0778082754230125,4.08399419422727,10.05221116412431,1.0632821808103472,18.540399555582553,10.953465824597515,15.903957770904524,17.222178663243536,18.27675537711475,0.05478232542126118,0.04507061375581148,0.05796387995069381,0.05666012077083221,0.057692574718586485,0.05782822733464015,0.05793674942748308,0.054451306928743406,0.044976716643820205,0.057248276494512404,0.056397085217942455,0.05683470851352112,0.05704149250401676,0.057206919696413276,21.007413250836542,11.655221017077563,40.12922354461625,17.813093342003413,34.673701774631624,37.40146265962393,39.58367136761779,7.550369079760276,0.0002497248351573,15.521340129664168,7.067018448724411,14.258073749020696,14.88970693934243,15.395013491599821,13.457044171076268,1.5494278001133353,24.607883414952084,13.893918961985037,22.264793281047606,23.436338347999843,24.373574401561637,2.5018420843640343,1.0630324559751898,4.085540673928335,2.3771445258753374,4.07007587691769,4.0778082754230125,4.08399419422727,10.955202086712234,0.0561188231222331,21.5888239890337,10.969928339938633,19.56864581461996,20.578734901826827,21.386806171592326,0.2533067448064684,0.020544713595882,0.4862705271225422,0.27034667448606337,0.427391449525021,0.45683098832378155,0.4803826193627901,254.1,26,534,245.0,462.9,498.44999999999993,526.89,255.1,27,535,246.0,463.9,499.44999999999993,527.89,46.125,0.21680216802168023,45.61517615176152
custom_sarathi_long_input_short_output_fixed_num_requests_num_requests_10_qps_2_mistral_7b,benchmark_output/figure-1/custom_sarathi_long_input_short_output_fixed_num_requests_num_requests_10_qps_2_mistral_7b,sarathi_chunk_128,sarathi,long_input_short_output,fixed_num_requests_qps_sweep,mistral_7b,mistralai/Mistral-7B-Instruct-v0.3,10,2.0,2,0.85,20480,39605.0,34472.971108490565,100.0,13.334905660377359,10,54669,2104,5466.9,210.4,2.5691630526212976,1.1228155388962475,4.275159537093714,2.433603400597349,4.128164759022184,4.201662148057949,4.260460059286561,11.822437062789685,1.1230268883518872,22.18279228871688,12.698251638910733,19.481018096930345,20.83190519282361,21.912614869538228,0.056037169511880494,0.04515106539292521,0.05918901493916145,0.05834468045689234,0.059182616869130955,0.059185815904146205,0.0591883751321584,0.055697961093394775,0.04505700067335661,0.05863895270665851,0.05799009665597158,0.05858101844633171,0.05860998557649511,0.05863315928062583,22.986326857819222,12.18047191714868,43.81015261192806,20.076580971363,38.078450724505814,40.94430166821693,43.236982423185836,9.253274010168388,0.0002113494556397,19.10702642588876,8.504755867412314,17.79930990769062,18.453168166789688,18.976254774068945,13.733052847650834,1.584094300167635,24.7031261860393,14.308384733041748,22.444490899401714,23.573808542720503,24.47726265737554,2.5691630526212976,1.1228155388962475,4.275159537093714,2.433603400597349,4.128164759022184,4.201662148057949,4.260460059286561,11.163889795029537,0.0572814079932868,21.627360323211175,11.352434854023159,19.670844520791434,20.649102422001302,21.4317087429692,0.24850457825232292,0.0202731164172291,0.4908590114209801,0.2684163673548028,0.4052986986236646,0.44807885502232225,0.48230298014124856,254.1,26,534,245.0,462.9,498.44999999999993,526.89,255.1,27,535,246.0,463.9,499.44999999999993,527.89,47.18,0.21195421788893598,44.59516744383213
custom_sarathi_long_input_short_output_fixed_num_requests_num_requests_10_qps_3_mistral_7b,benchmark_output/figure-1/custom_sarathi_long_input_short_output_fixed_num_requests_num_requests_10_qps_3_mistral_7b,sarathi_chunk_128,sarathi,long_input_short_output,fixed_num_requests_qps_sweep,mistral_7b,mistralai/Mistral-7B-Instruct-v0.3,10,3.0,2,0.85,20480,39605.0,34635.730487804874,100.0,13.914024390243902,10,54669,2104,5466.9,210.4,2.5080263910116627,1.06037048692815,4.172685022000223,2.383222756907344,3.9413468998624013,4.057015960931312,4.149551209786441,11.92545152704697,1.0605494622141123,22.58595016109757,12.673621421330608,19.864368025679138,21.225159093388353,22.31379194755573,0.055310516527386624,0.04542234593940148,0.060502418782562,0.05653193934660501,0.05878750986634539,0.059644964324453695,0.060330927890940335,0.05497929623248998,0.045327716052027726,0.060502418782562,0.056305009325164884,0.057988460351374345,0.059245439566968164,0.06025102293944323,22.91630742396228,11.866093275370076,44.34325386607088,20.216848315903917,38.49041092148982,41.416832393780346,43.757969571612776,9.417425136035309,0.0001789752859622,19.492774731945246,8.629457578295842,18.19342750194482,18.843101116945032,19.362840008945206,13.498882287926971,1.5734168419148773,24.850479134125635,13.861460165586323,22.509573239111344,23.680026186618488,24.616388544624208,2.5080263910116627,1.06037048692815,4.172685022000223,2.383222756907344,3.9413468998624013,4.057015960931312,4.149551209786441,10.99085589691531,0.060502418782562,21.75730370497331,11.043371696025133,19.771230382705106,20.764267043839208,21.55869637274649,0.2572084406390786,0.0190917057916522,0.4910764375235885,0.2696982938796282,0.4351331967394798,0.4631048171315341,0.4854821134451776,254.1,26,534,245.0,462.9,498.44999999999993,526.89,255.1,27,535,246.0,463.9,499.44999999999993,527.89,46.56,0.21477663230240548,45.18900343642611
custom_sarathi_long_input_short_output_fixed_num_requests_num_requests_10_qps_4_mistral_7b,benchmark_output/figure-1/custom_sarathi_long_input_short_output_fixed_num_requests_num_requests_10_qps_4_mistral_7b,sarathi_chunk_128,sarathi,long_input_short_output,fixed_num_requests_qps_sweep,mistral_7b,mistralai/Mistral-7B-Instruct-v0.3,10,4.0,2,0.85,20480,39605.0,34561.98096885813,100.0,12.900230680507498,10,54669,2104,5466.9,210.4,2.571508722915314,1.06750836991705,4.261439235182479,2.425903177005239,4.144551575626247,4.202995405404363,4.249750469226856,12.531072445516475,1.0676658041775227,23.689906501444057,13.338769815280102,20.966628323961046,22.32826741270255,23.417578683695755,0.05611494239244915,0.04531328364893685,0.05919120640545669,0.05849729457909769,0.05887996968990352,0.0590355880476801,0.05916008273390137,0.0557759215957115,0.04521888097466823,0.058648167814580945,0.05799196484517233,0.058530591391168445,0.0585893796028747,0.058636410172239695,23.71471738447435,12.340668986085802,45.39496936928481,21.206075365655124,39.45008571827784,42.42252754378132,44.800481004184114,9.95956372260116,0.0001574342604726,20.59733880846761,9.142268168739974,19.272871207655406,19.93510500806151,20.464892048386393,13.75515366187319,1.595989076886326,24.7976305608172,14.343627359485254,22.438272267440333,23.617951414128765,24.561694731479513,2.571508722915314,1.06750836991705,4.261439235182479,2.425903177005239,4.144551575626247,4.202995405404363,4.249750469226856,11.183644938957878,0.0576553579885512,21.705062867840752,11.362951625953428,19.689236695738508,20.697149781789626,21.503480250630528,0.242616147454828,0.0204517282545566,0.46007459028624,0.24927888752426952,0.42533022973220797,0.44270241000922395,0.4566001542308368,254.1,26,534,245.0,462.9,498.44999999999993,526.89,255.1,27,535,246.0,463.9,499.44999999999993,527.89,47.03,0.21263023601956196,44.73740165851584
custom_sarathi_long_input_short_output_fixed_num_requests_num_requests_10_qps_5_mistral_7b,benchmark_output/figure-1/custom_sarathi_long_input_short_output_fixed_num_requests_num_requests_10_qps_5_mistral_7b,sarathi_chunk_128,sarathi,long_input_short_output,fixed_num_requests_qps_sweep,mistral_7b,mistralai/Mistral-7B-Instruct-v0.3,10,5.0,2,0.85,20480,39605.0,34484.751176470585,100.0,12.935882352941176,10,54669,2104,5466.9,210.4,2.5534290993819013,1.0797089838888496,4.2011305370833725,2.410129218362272,4.139851420745254,4.170490978914313,4.19500262544956,12.57396359432023,1.079876218456775,23.788709791377187,13.38125332025811,21.06610264936462,22.4274062203709,23.51644907717593,0.05609170521300109,0.04470808540484508,0.0620141809340566,0.057872919496688,0.05915557741366613,0.060584879173861364,0.061728320582017555,0.05575493882560782,0.044614943560251655,0.0620141809340566,0.05761539338622121,0.0584254069176192,0.0602197939258379,0.06165530353241286,23.642003518948332,12.324312197742984,45.20388270029798,21.229841621476226,39.38713141856715,42.29550705943256,44.6222075721249,10.020534494938328,0.0001672345679253,20.697231428232044,9.214166736695915,19.383577149291522,20.04040428876178,20.56586600033799,13.621469024010002,1.5879893628880382,24.506651272065938,14.176017276593484,22.289645903836938,23.398148587951436,24.284950735243036,2.5534290993819013,1.0797089838888496,4.2011305370833725,2.410129218362272,4.139851420745254,4.170490978914313,4.19500262544956,11.068039924628101,0.0620141809340566,21.415172908920795,11.197629138594493,19.541925337165594,20.47854912304319,21.227848151745274,0.24771537594497203,0.0212199266534298,0.4771928968839347,0.2617010050453245,0.42221983959898346,0.449706368241459,0.4716955911554396,254.1,26,534,245.0,462.9,498.44999999999993,526.89,255.1,27,535,246.0,463.9,499.44999999999993,527.89,46.48,0.21514629948364888,45.26678141135973
custom_sarathi_long_input_short_output_fixed_num_requests_num_requests_10_qps_6_mistral_7b,benchmark_output/figure-1/custom_sarathi_long_input_short_output_fixed_num_requests_num_requests_10_qps_6_mistral_7b,sarathi_chunk_128,sarathi,long_input_short_output,fixed_num_requests_qps_sweep,mistral_7b,mistralai/Mistral-7B-Instruct-v0.3,10,6.0,2,0.85,20480,39605.0,34647.73536299766,100.0,13.230679156908666,10,54669,2104,5466.9,210.4,2.552680946676992,1.0804130909964442,4.252425789134577,2.4297094990033656,4.120869224867784,4.18664750700118,4.239270132707897,12.68552983882837,1.0805773921310902,23.997110639698803,13.467932522995397,21.314576552808287,22.655843596253543,23.72885723100975,0.055398599693141884,0.04303637156768513,0.05847778901026198,0.058190138093645316,0.05844020398430208,0.058458996497282034,0.05847403050766599,0.05506301105532939,0.04294671246025246,0.058193916248076245,0.057658631930898055,0.05804108982806914,0.05811750303807269,0.05817863360607554,23.637545597436837,12.322702349862084,44.61153262061998,21.428244550246745,38.986867600446566,41.79920011053327,44.04906611860264,10.132848892151378,0.0001643011346459,20.953578613698483,9.288593714009039,19.66110860742629,20.307343610562384,20.824331613071262,13.50469670528546,1.556620658840984,23.6579540069215,14.265469098463655,21.618354680389164,22.63815434365533,23.453994074268266,2.552680946676992,1.0804130909964442,4.252425789134577,2.4297094990033656,4.120869224867784,4.18664750700118,4.239270132707897,10.952015758608468,0.0576042779721319,20.61442198092118,11.303179357550107,18.887784048216417,19.751103014568795,20.441758187650702,0.25744806467555464,0.021034863544628,0.490032245637849,0.2698330540442839,0.44326044432818884,0.4666463449830189,0.48535506550688295,254.1,26,534,245.0,462.9,498.44999999999993,526.89,255.1,27,535,246.0,463.9,499.44999999999993,527.89,45.66,0.21901007446342532,46.07971966710469
custom_sarathi_long_input_short_output_fixed_num_requests_num_requests_10_qps_7_mistral_7b,benchmark_output/figure-1/custom_sarathi_long_input_short_output_fixed_num_requests_num_requests_10_qps_7_mistral_7b,sarathi_chunk_128,sarathi,long_input_short_output,fixed_num_requests_qps_sweep,mistral_7b,mistralai/Mistral-7B-Instruct-v0.3,10,7.0,2,0.85,20480,39605.0,34341.85326086957,100.0,13.535024154589372,10,54669,2104,5466.9,210.4,2.51133915905375,1.0559178341645747,4.182663212064654,2.3785956325009465,4.040086740301922,4.111374976183288,4.16840556488838,12.53791158203967,1.0560888899490237,23.721894654678184,13.289915137225762,21.09273698441684,22.40731581954751,23.45897888765205,0.05483738714349745,0.044325284026990916,0.0578330002617664,0.05711465117757092,0.05764435491688812,0.05773867758932726,0.05781413572727857,0.054505838914456615,0.044232939685268015,0.05712706230636788,0.05681517463303919,0.05709797162693807,0.057112516966652975,0.0571241532384249,23.451637654332444,12.13734193961136,44.95370570360683,21.17412259208504,38.985720934649,41.96971331912791,44.356907226711044,10.026572422985918,0.0001710557844489,20.736962210619826,9.186461076140404,19.451645037624985,20.094303624122404,20.60843049332034,13.425065231346526,1.548396381083876,24.216743492987007,13.996856421115808,21.81297569668386,23.014859594835432,23.976366713356693,2.51133915905375,1.0559178341645747,4.182663212064654,2.3785956325009465,4.040086740301922,4.111374976183288,4.16840556488838,10.913726072292775,0.0566200450994074,21.23181104892865,11.091362786013633,19.11397333813365,20.172892193531148,21.02002727784915,0.2571278030984104,0.0209686441812664,0.4983750837855041,0.2721010746899992,0.4317757425829768,0.4650754131842404,0.49171514966525137,254.1,26,534,245.0,462.9,498.44999999999993,526.89,255.1,27,535,246.0,463.9,499.44999999999993,527.89,45.86,0.21805494984736154,45.87876144788487
custom_sarathi_long_input_short_output_fixed_num_requests_num_requests_10_qps_8_mistral_7b,benchmark_output/figure-1/custom_sarathi_long_input_short_output_fixed_num_requests_num_requests_10_qps_8_mistral_7b,sarathi_chunk_128,sarathi,long_input_short_output,fixed_num_requests_qps_sweep,mistral_7b,mistralai/Mistral-7B-Instruct-v0.3,10,8.0,2,0.85,20480,39605.0,34423.57715311005,100.0,13.272727272727273,10,54669,2104,5466.9,210.4,2.5044009850127624,1.0870201881043613,4.136386698111892,2.383353692945093,3.995732611650601,4.066059654881246,4.122321289465763,12.54043694594875,1.0871974730398506,23.78402299177833,13.274993103230372,21.080964841204693,22.43249391649151,23.513717176720967,0.054639485753090834,0.044316781686700585,0.05784095978507629,0.05665628204476622,0.05741172603594187,0.05762634291050908,0.05779803641016285,0.0543095996791792,0.044224455058186625,0.05696458160651453,0.05633483448600513,0.05685044023590739,0.05690751092121096,0.05695316746945382,23.428576374263503,12.098616352071986,45.01176141970791,21.138353809248656,39.20970852917526,42.11073497444158,44.43155613065465,10.036035960935987,0.0001772849354892,20.71665939176455,9.216747564263642,19.439386927406304,20.078023159585427,20.588932145328727,13.392540413327515,1.53989377617836,24.29510202794336,13.87075218942482,22.069473694055343,23.18228786099935,24.07253919455456,2.5044009850127624,1.0870201881043613,4.136386698111892,2.383353692945093,3.995732611650601,4.066059654881246,4.122321289465763,10.888139428314753,0.0567364941816777,21.22773842792958,10.991371579933912,19.350769743998537,20.289254085964057,21.040041559536476,0.23662973958998917,0.0193292433395981,0.4610222915653139,0.25096091651357705,0.39221253604628137,0.42661741380579754,0.4541413160134106,254.1,26,534,245.0,462.9,498.44999999999993,526.89,255.1,27,535,246.0,463.9,499.44999999999993,527.89,45.79,0.21838829438742083,45.94889713911334
custom_sarathi_long_input_short_output_fixed_num_requests_num_requests_10_qps_9_mistral_7b,benchmark_output/figure-1/custom_sarathi_long_input_short_output_fixed_num_requests_num_requests_10_qps_9_mistral_7b,sarathi_chunk_128,sarathi,long_input_short_output,fixed_num_requests_qps_sweep,mistral_7b,mistralai/Mistral-7B-Instruct-v0.3,10,9.0,2,0.85,20480,39605.0,34360.74014336918,100.0,13.327359617682198,10,54669,2104,5466.9,210.4,2.5012233644258233,1.0694262031465769,4.166167831979692,2.3357077800901607,4.014471895038151,4.090319863508921,4.1509982382855375,12.540545829152688,1.0752106541767716,23.826703076483682,13.244609019719064,21.13429342813324,22.480498252308458,23.55746211164864,0.054502306916820696,0.044121558052275744,0.05797720546117769,0.05639327780828243,0.057620265203743026,0.057798735332460355,0.057941511435434224,0.05417206325288524,0.04402963813966684,0.05709876295419015,0.05616690635433287,0.05708058789866674,0.05708967542642844,0.05709694544863781,23.395382201927713,12.023131439695137,44.96092938352376,21.17246243346017,39.03341914315242,41.99717426333809,44.36817835948663,10.039322464726865,0.0057844510301947,20.77149009052664,9.162716708262451,19.46670395650435,20.119097023515494,20.64101147712441,13.356059737200848,1.5692001380957663,24.18943929299712,13.873466391931288,21.862590264924805,23.02601477896096,23.956754390189886,2.5012233644258233,1.0694262031465769,4.166167831979692,2.3357077800901607,4.014471895038151,4.090319863508921,4.1509982382855375,10.854836372775026,0.0557910569477826,21.13422630704008,11.000733285909519,19.15497817951254,20.14460224327631,20.936301494287328,0.24783309292979538,0.0225072698667645,0.4744155569933355,0.2607409853953868,0.4318111006869003,0.45311332884011785,0.470155111362692,254.1,26,534,245.0,462.9,498.44999999999993,526.89,255.1,27,535,246.0,463.9,499.44999999999993,527.89,45.62,0.21920210434020168,46.120122753178435
custom_sarathi_long_input_short_output_fixed_num_requests_num_requests_10_qps_10_mistral_7b,benchmark_output/figure-1/custom_sarathi_long_input_short_output_fixed_num_requests_num_requests_10_qps_10_mistral_7b,sarathi_chunk_128,sarathi,long_input_short_output,fixed_num_requests_qps_sweep,mistral_7b,mistralai/Mistral-7B-Instruct-v0.3,10,10.0,2,0.85,20480,39605.0,34434.32973621103,100.0,13.175659472422062,10,54669,2104,5466.9,210.4,2.5019403996644543,1.0632720850408075,4.149377252906561,2.36955797590781,3.978093938343227,4.063735595624894,4.132248921450228,12.639030519640073,1.1111551963258532,23.952897014096383,13.331064469181001,21.26374653656967,22.608321775333025,23.683981966343712,0.05487217234290803,0.04456903400202914,0.0586754798423498,0.05643812649375218,0.05803362713804325,0.05835455349019652,0.058611294571919145,0.05454233066144694,0.04447618184785825,0.0586754798423498,0.05619065011750485,0.057243231999349185,0.05795935592084949,0.05853225505804974,23.550306002865547,12.088687960524112,45.301464301068336,21.28232325904537,39.56044209417887,42.430953197623595,44.72736208037939,10.13709011997562,0.0478831112850457,20.902152843074877,9.27684461325407,19.62621275577694,20.264182799425907,20.774558834345083,13.413215882889926,1.5391858839429915,24.399311457993463,13.846919236471877,22.258765017357657,23.329038237675558,24.185256813929882,2.5019403996644543,1.0632720850408075,4.149377252906561,2.36955797590781,3.978093938343227,4.063735595624894,4.132248921450228,10.911275483225472,0.0586754798423498,21.34856728697196,10.992057775496505,19.527169567462987,20.437868427217474,21.166427515021063,0.2617842095438391,0.0219268312212079,0.5052392149809748,0.27722233533859253,0.44152316024992605,0.4733811876154504,0.49886760950786996,254.1,26,534,245.0,462.9,498.44999999999993,526.89,255.1,27,535,246.0,463.9,499.44999999999993,527.89,45.85,0.21810250817884405,45.88876772082879
custom_vllm_long_input_short_output_fixed_qps_num_requests_1_qps_1_mistral_7b,benchmark_output/figure-1/custom_vllm_long_input_short_output_fixed_qps_num_requests_1_qps_1_mistral_7b,vllm,vllm,long_input_short_output,fixed_qps_num_requests_sweep,mistral_7b,mistralai/Mistral-7B-Instruct-v0.3,1,1.0,2,0.85,20480,38253.0,31575.839009287927,100.0,5.314241486068111,1,2494,254,2494.0,254.0,0.2726145458873361,0.2726145458873361,0.2726145458873361,0.2726145458873361,0.2726145458873361,0.2726145458873361,0.2726145458873361,0.2728767786175012,0.2728767786175012,0.2728767786175012,0.2728767786175012,0.2728767786175012,0.2728767786175012,0.2728767786175012,0.04373909125340138,0.04373909125340138,0.04373909125340138,0.04373909125340138,0.04373909125340138,0.04373909125340138,0.04373909125340138,0.043566890106734445,0.043566890106734445,0.043566890106734445,0.043566890106734445,0.043566890106734445,0.043566890106734445,0.043566890106734445,11.33886686572805,11.33886686572805,11.33886686572805,11.33886686572805,11.33886686572805,11.33886686572805,11.33886686572805,0.0002622327301651,0.0002622327301651,0.0002622327301651,0.0002622327301651,0.0002622327301651,0.0002622327301651,0.0002622327301651,11.338604632997884,11.338604632997884,11.338604632997884,11.338604632997884,11.338604632997884,11.338604632997884,11.338604632997884,0.2726145458873361,0.2726145458873361,0.2726145458873361,0.2726145458873361,0.2726145458873361,0.2726145458873361,0.2726145458873361,11.06599008711055,11.06599008711055,11.06599008711055,11.06599008711055,11.06599008711055,11.06599008711055,11.06599008711055,0.1429157785605639,0.1429157785605639,0.1429157785605639,0.1429157785605639,0.1429157785605639,0.1429157785605639,0.1429157785605639,254.0,254,254,254.0,254.0,254.0,254.0,255.0,255,255,255.0,255.0,255.0,255.0,,,
custom_vllm_long_input_short_output_fixed_qps_num_requests_2_qps_1_mistral_7b,benchmark_output/figure-1/custom_vllm_long_input_short_output_fixed_qps_num_requests_2_qps_1_mistral_7b,vllm,vllm,long_input_short_output,fixed_qps_num_requests_sweep,mistral_7b,mistralai/Mistral-7B-Instruct-v0.3,2,1.0,2,0.85,20480,38741.0,32102.945255474453,100.0,5.953284671532847,2,8953,569,4476.5,284.5,0.4138755174353719,0.2587044208776206,0.5690466139931232,0.4138755174353719,0.5380123946815729,0.553529504337348,0.5659431920619682,0.5311354506993666,0.25892780860885967,0.8033430927898735,0.5311354506993666,0.7489015643717721,0.7761223285808228,0.7978989399480634,0.04668466378105287,0.0454677782610213,0.04790154930108444,0.04668466378105287,0.04765817219707812,0.04777986074908128,0.0478772115906838,0.04651819831606012,0.04532343610781171,0.04771296052430852,0.04651819831606012,0.047474008082658836,0.04759348430348368,0.04768906528014355,13.729122624266893,12.378019781783223,15.080225466750562,13.729122624266893,14.810004898253828,14.945115182502196,15.053203409900888,0.1172599332639947,0.0002233877312391,0.2342964787967503,0.1172599332639947,0.2108891696901992,0.22259282424347474,0.2319557478860952,13.611862691002898,12.377796394051984,14.845928987953812,13.611862691002898,14.599115728563628,14.72252235825872,14.821247662014793,0.4138755174353719,0.2587044208776206,0.5690466139931232,0.4138755174353719,0.5380123946815729,0.553529504337348,0.5659431920619682,13.197987173567526,12.119091973174363,14.276882373960689,13.197987173567526,14.061103333882055,14.168992853921372,14.255304469952826,0.49137733748648316,0.1967244565021246,0.7860302184708416,0.49137733748648316,0.72709964227397,0.7565649303724058,0.7801371608511545,284.5,254,315,284.5,308.9,311.95,314.39,285.5,255,316,285.5,309.9,312.95,315.39,,,
custom_vllm_long_input_short_output_fixed_qps_num_requests_3_qps_1_mistral_7b,benchmark_output/figure-1/custom_vllm_long_input_short_output_fixed_qps_num_requests_3_qps_1_mistral_7b,vllm,vllm,long_input_short_output,fixed_qps_num_requests_sweep,mistral_7b,mistralai/Mistral-7B-Instruct-v0.3,3,1.0,2,0.85,20480,38741.0,32413.91381872214,100.0,6.297919762258544,3,12935,775,4311.666666666667,258.3333333333333,0.3861760632911076,0.2574813920073211,0.5706474089529365,0.3303993889130652,0.5225978049449622,0.5466226069489494,0.565842448552139,0.6247235912208756,0.2576363815460353,0.8129057504702359,0.8036286416463554,0.8110503287054598,0.8119780395878479,0.8127202082937584,0.04755357587892234,0.04606828146909433,0.0497766168302168,0.04681582933745589,0.04918445933166462,0.04948053808094071,0.04971740108036158,0.04736416752987074,0.045844649034778334,0.04958064589781437,0.04666720765701953,0.0489979582496554,0.049289302073734886,0.04952237713299847,12.870607648277655,10.256903451634573,15.503799053607509,12.851120439590886,14.973263330804183,15.238531192205846,15.450745481327177,0.23854752792976788,0.0001549895387142,0.4825063615571707,0.2329812326934188,0.43260133578442034,0.45755384867079546,0.4775158589798956,12.632060120347887,9.7743970900774,15.27081782091409,12.850965450052172,14.786847346741705,15.028832583827898,15.222420773496852,0.3861760632911076,0.2574813920073211,0.5706474089529365,0.3303993889130652,0.5225978049449622,0.5466226069489494,0.565842448552139,12.245884057056779,9.443997701164337,14.700170411961151,12.59348405804485,14.278833141177891,14.48950177656952,14.658036684882825,0.5986522415963312,0.103933731559664,1.139165747910738,0.5528572453185916,1.0219040473923087,1.0805348976515232,1.127439577858895,258.3333333333333,206,315,254.0,302.8,308.9,313.78,259.3333333333333,207,316,255.0,303.8,309.9,314.78,,,
custom_vllm_long_input_short_output_fixed_qps_num_requests_4_qps_1_mistral_7b,benchmark_output/figure-1/custom_vllm_long_input_short_output_fixed_qps_num_requests_4_qps_1_mistral_7b,vllm,vllm,long_input_short_output,fixed_qps_num_requests_sweep,mistral_7b,mistralai/Mistral-7B-Instruct-v0.3,4,1.0,2,0.85,20480,39157.0,32337.155929721815,100.0,6.600292825768667,4,17393,856,4348.25,214.0,0.5629364373162389,0.2575807201210409,0.7131549820769578,0.6405050235334784,0.7131478303577751,0.7131514062173665,0.7131542669050396,0.798139252467081,0.2578542276751249,1.1930237566120923,0.8708395127905533,1.1172577441902831,1.1551407504011877,1.1854471553699113,0.04670023882859478,0.04471307036512327,0.04948359535981279,0.04630214479472154,0.04861535120912983,0.04904947328447131,0.04939677094474449,0.04641827419958398,0.044496016625486745,0.0492887780552466,0.04594415105880128,0.04843460819289458,0.048861693124070585,0.049203361069011395,10.797090026142541,4.621657693758607,15.430295375641435,11.568203517585061,14.634367919061333,15.032331647351382,15.350702629983424,0.23520281515084202,0.000273507554084,0.4798926135990768,0.23032256972510365,0.4059237514156848,0.44290818250738073,0.47249572738073753,10.5618872109917,4.394342293962836,15.196965635987,11.328120457008481,14.470955049037004,14.833960342512,15.124364577292,0.5629364373162389,0.2575807201210409,0.7131549820769578,0.6405050235334784,0.7131478303577751,0.7131514062173665,0.7131542669050396,9.99895077367546,3.6811873118858784,14.629086731933056,10.842764525441453,13.99616560016293,14.312626166047991,14.565794618756042,0.6634202809073031,0.0514020090922713,1.5328353580553085,0.5347218782408163,1.3558454585028814,1.4443404082790947,1.5151363681000656,214.0,81,315,230.0,296.7,305.84999999999997,313.16999999999996,215.0,82,316,231.0,297.7,306.84999999999997,314.16999999999996,,,
custom_vllm_long_input_short_output_fixed_qps_num_requests_5_qps_1_mistral_7b,benchmark_output/figure-1/custom_vllm_long_input_short_output_fixed_qps_num_requests_5_qps_1_mistral_7b,vllm,vllm,long_input_short_output,fixed_qps_num_requests_sweep,mistral_7b,mistralai/Mistral-7B-Instruct-v0.3,5,1.0,2,0.85,20480,39397.0,32733.460856720827,100.0,7.121861152141802,5,26106,1039,5221.2,207.8,0.6094686810392886,0.2555879298597574,0.795789044117555,0.7132876941468567,0.7627912076655775,0.7792901258915662,0.7924892604723572,0.7988626927603036,0.2558347375597804,1.1931091835722327,0.8042047070339321,1.092079113330692,1.1425941484514623,1.1830061765480786,0.05111164959798111,0.04620882740709931,0.056498839211417365,0.04999754540508659,0.055359029547617816,0.05592893437951759,0.05638485824503741,0.05079961952146718,0.0459563201535086,0.05580132267794308,0.04975483887399393,0.05485603251721526,0.05532867759757917,0.0557067936618703,11.239393814420328,5.46044114488177,16.250599194783717,11.442605991614982,15.282004095148295,15.766301644966006,16.153739684820174,0.18939401172101492,0.000246807700023,0.4798147305846214,0.2272463138215243,0.38038745578378436,0.4301010931842028,0.46987200310453764,11.049999802699313,5.233194831060246,16.01935265120119,10.96279126103036,15.143157445918769,15.581255048559978,15.931733130672946,0.6094686810392886,0.2555879298597574,0.795789044117555,0.7132876941468567,0.7627912076655775,0.7792901258915662,0.7924892604723572,10.440531121660024,4.519907136913389,15.449968367116526,10.24949680804275,14.699291703524068,15.074630035320297,15.37490070075728,1.2525816794019193,0.1410005204379558,2.430203600553796,0.9961827215738596,2.192228273069486,2.311215936811641,2.406406067805365,207.8,81,315,206.0,290.6,302.8,312.56,208.8,82,316,207.0,291.6,303.8,313.56,,,
custom_vllm_long_input_short_output_fixed_qps_num_requests_6_qps_1_mistral_7b,benchmark_output/figure-1/custom_vllm_long_input_short_output_fixed_qps_num_requests_6_qps_1_mistral_7b,vllm,vllm,long_input_short_output,fixed_qps_num_requests_sweep,mistral_7b,mistralai/Mistral-7B-Instruct-v0.3,6,1.0,2,0.85,20480,39639.0,32712.958874458873,100.0,7.541125541125541,6,34935,1148,5822.5,191.33333333333334,0.6440298563490311,0.2633899769280106,0.8042212491855025,0.7142875344725326,0.8013796431478113,0.8028004461666569,0.8039370885817334,0.8151735150022432,0.2637479156255722,1.2021216144785285,0.8334726862376556,1.0758446451509371,1.1389831298147328,1.1894939175457695,0.05441114203674202,0.04629814679544695,0.06647832706221381,0.05317160912680313,0.06175006520682477,0.06411419613451928,0.06600550087667491,0.05404902055428639,0.04587339315512175,0.06565760697502598,0.05295773016233332,0.06122745751883826,0.06344253224693212,0.06521459202940721,11.056083294951046,5.829192633274943,17.346669031539932,11.10127005027607,16.018466597539373,16.682567814539652,17.213848788139877,0.17114365865321204,0.0003579386975616,0.4878420825116336,0.13734334742184726,0.3635228940984234,0.4256824883050285,0.4754101636703126,10.884939636297835,5.804421103093773,17.10746532585472,10.837641731020994,15.898685775347985,16.503075550601352,16.986587370804045,0.6440298563490311,0.2633899769280106,0.8042212491855025,0.7142875344725326,0.8013796431478113,0.8028004461666569,0.8039370885817334,10.240909779948803,5.000199853908271,16.53801051992923,10.081232946482487,15.482263383921236,16.010136951925233,16.43243580632843,1.7367017458503444,0.0813533004838973,3.230581461917609,1.7518380179535598,2.9356249363627285,3.0831031991401687,3.201085809362121,191.33333333333334,81,315,194.5,284.5,299.75,311.95,192.33333333333334,82,316,195.5,285.5,300.75,312.95,,,
custom_vllm_long_input_short_output_fixed_qps_num_requests_7_qps_1_mistral_7b,benchmark_output/figure-1/custom_vllm_long_input_short_output_fixed_qps_num_requests_7_qps_1_mistral_7b,vllm,vllm,long_input_short_output,fixed_qps_num_requests_sweep,mistral_7b,mistralai/Mistral-7B-Instruct-v0.3,7,1.0,2,0.85,20480,39639.0,33081.64458689459,100.0,7.753561253561253,7,39128,1214,5589.714285714285,173.42857142857142,0.602936440114198,0.2713913300540298,0.8053590408526361,0.7148386109620333,0.8000207802280783,0.8026899105403572,0.8048252147901803,0.7542326407440539,0.27164010773412883,1.2114834126550704,0.8175357826985419,1.0599503684323281,1.135716890543699,1.196330108232796,0.055120230765378475,0.04587956544441672,0.07073130626231432,0.05389175446523104,0.06341468644766468,0.06707299635498949,0.06999964428084934,0.05469517529201159,0.045184420513440716,0.06985808025907587,0.05372066953042079,0.06292711981037427,0.06639260003472507,0.06916498421420571,10.260783129870626,3.3671651037875563,17.73954668478109,10.302713752025738,16.14471021606587,16.94212845042348,17.580063037909568,0.15129620062985588,0.000248777680099,0.4966448016930371,0.0378396508749574,0.34688107748515906,0.42176293958909783,0.4816684292722492,10.10948692924077,3.329325452912599,17.492508090101182,10.300091575831177,16.045745511585846,16.769126800843512,17.347831832249646,0.602936440114198,0.2713913300540298,0.8053590408526361,0.7148386109620333,0.8000207802280783,0.8026899105403572,0.8048252147901803,9.506550489126571,2.982171753887087,16.922010902082548,9.503629636019468,15.654711838345975,16.28836137021426,16.79528099570889,1.8001813533981996,0.0431564580649137,3.593323294539005,2.0363763368222862,3.2348109135404233,3.4140671040397135,3.5574720564391464,173.42857142857142,66,315,183.0,278.40000000000003,296.69999999999993,311.34,174.42857142857142,67,316,184.0,279.40000000000003,297.69999999999993,312.34,,,
custom_vllm_long_input_short_output_fixed_qps_num_requests_8_qps_1_mistral_7b,benchmark_output/figure-1/custom_vllm_long_input_short_output_fixed_qps_num_requests_8_qps_1_mistral_7b,vllm,vllm,long_input_short_output,fixed_qps_num_requests_sweep,mistral_7b,mistralai/Mistral-7B-Instruct-v0.3,8,1.0,2,0.85,20480,39639.0,33197.35244755245,100.0,9.61048951048951,8,44747,1623,5593.375,202.875,0.5867902204045095,0.2583731620106846,0.8036193009465933,0.6448821440571919,0.7986862911842764,0.8011527960654348,0.8031259999703616,0.7471336975577287,0.258606364717707,1.202928789658472,0.8150530544808133,1.0261401736875995,1.1145344816730356,1.1852499280613846,0.05875830427169862,0.0458081229144762,0.0779954200377688,0.05667814481395421,0.06664736390234387,0.07232139197005633,0.0768606144242263,0.058325792323424594,0.04569612261395181,0.07703251361754943,0.05636371519054753,0.06618822135465989,0.07161036748610465,0.07594808439126047,12.0564097755705,4.033184785861522,19.436537536093965,12.210174448322505,18.886328575154767,19.161433055624364,19.381516640000044,0.16034347715321923,0.0002332027070224,0.4826184946577996,0.1300504759419709,0.3331473128870129,0.40788290377240616,0.4676713764807209,11.896066298417281,4.021638585953042,19.16744930110872,11.953838474000804,18.641783542255872,18.904616421682295,19.114882725223435,0.5867902204045095,0.2583731620106846,0.8036193009465933,0.6448821440571919,0.7986862911842764,0.8011527960654348,0.8031259999703616,11.309276078012772,3.673706996021792,18.68971414910629,11.195397254428826,18.099845201475546,18.394779675290916,18.630727254343217,2.0993230790190864,0.3103397698141634,4.1961418045684695,2.2093747910112143,3.7897135762963443,3.9929276904324067,4.155498981741257,202.875,66,409,194.5,343.2,376.09999999999997,402.41999999999996,203.875,67,410,195.5,344.2,377.09999999999997,403.41999999999996,,,
custom_vllm_long_input_short_output_fixed_qps_num_requests_9_qps_1_mistral_7b,benchmark_output/figure-1/custom_vllm_long_input_short_output_fixed_qps_num_requests_9_qps_1_mistral_7b,vllm,vllm,long_input_short_output,fixed_qps_num_requests_sweep,mistral_7b,mistralai/Mistral-7B-Instruct-v0.3,9,1.0,2,0.85,20480,39639.0,33223.42602739726,100.0,9.51917808219178,9,47905,1624,5322.777777777777,180.44444444444446,0.5503570216500925,0.259354991139844,0.8080245337914675,0.5696991591248661,0.799450529878959,0.8037375318352133,0.8071671334002167,0.7214174759315534,0.2595633326563983,1.2004092445131391,0.8045844247099011,0.9983760687988252,1.099392656655982,1.1802059269417078,0.058384861973264014,0.04462949807388142,0.08085243808745872,0.05754332090900452,0.06549336743696359,0.07317290276221114,0.07931653102240921,0.057989365042219757,0.044520379496683665,0.07985425983946541,0.05701540053369255,0.06509954722114654,0.07247690353030596,0.07837878857763352,10.778273878955385,0.5252803456969559,18.97284017805941,11.113886699080467,18.57504528095014,18.773942729504775,18.933060688348483,0.17106045428146088,0.0002083415165543,0.483703073579818,0.2162240997422486,0.326789911556989,0.4052464925684034,0.4680117573775351,10.607213424673924,0.3090562459547072,18.68527855700813,11.080056380014868,18.329624744271857,18.507451650639993,18.6497131757345,0.5503570216500925,0.259354991139844,0.8080245337914675,0.5696991591248661,0.799450529878959,0.8037375318352133,0.8071671334002167,10.056856403023833,0.0489896249491721,18.20883521414362,10.282749351114036,17.778576748399065,17.99370598127134,18.165809367569164,2.0945190545947603,0.0006537130102515,4.447929706890136,2.1334966071881354,3.9849085762165486,4.2164191415533425,4.401627593822777,180.44444444444446,1,409,183.0,333.8,371.4,401.48,181.44444444444446,2,410,184.0,334.8,372.4,402.48,,,
custom_vllm_long_input_short_output_fixed_num_requests_num_requests_10_qps_1_mistral_7b,benchmark_output/figure-1/custom_vllm_long_input_short_output_fixed_num_requests_num_requests_10_qps_1_mistral_7b,vllm,vllm,long_input_short_output,fixed_num_requests_qps_sweep,mistral_7b,mistralai/Mistral-7B-Instruct-v0.3,10,1.0,2,0.85,20480,39911.0,33936.196185286106,100.0,11.112397820163487,10,54669,2104,5466.9,210.4,0.639549266290851,0.2632824419997632,0.8538036290556192,0.7127968075219542,0.8537894296925514,0.8537965293740853,0.8538022091193125,0.8152126986067743,0.263550697825849,1.199582614703104,0.8215012326836586,1.0926619271282105,1.146122270915657,1.1888905459456145,0.06318952484223549,0.046732795889448515,0.09246019044949208,0.06395098457915553,0.07540778154491608,0.08393398599720406,0.09075494955903449,0.06276987203018924,0.04663543589801216,0.09131870661678229,0.06362133864654045,0.0742911822146759,0.08280494441572908,0.08961595417657166,13.060451599396766,1.1293508517555892,23.43557337857783,13.396105580381118,21.084843728551643,22.260208553564734,23.20050041357521,0.17566343231592324,0.0002682558260858,0.4867905096616596,0.21187725861091167,0.31459052669815707,0.4006905181799082,0.46957051136530936,12.884788167080842,0.9023568530101328,23.23881286010146,13.13987080543302,20.799256200972014,22.019034530536736,22.994857194188516,0.639549266290851,0.2632824419997632,0.8538036290556192,0.7127968075219542,0.8537894296925514,0.8537965293740853,0.8538022091193125,12.24523890078999,0.0485690010245889,22.38500923104584,12.38598964898847,20.28304532060865,21.334027275827243,22.17481284000212,2.451923689688556,0.000692110043019,5.125724746845663,2.321057476568967,4.6110540547408165,4.868389400793239,5.074257677635178,210.4,1,480,194.5,416.09999999999997,448.04999999999995,473.61,211.4,2,481,195.5,417.09999999999997,449.04999999999995,474.61,,,
custom_vllm_long_input_short_output_fixed_qps_num_requests_10_qps_1_mistral_7b,benchmark_output/figure-1/custom_vllm_long_input_short_output_fixed_qps_num_requests_10_qps_1_mistral_7b,vllm,vllm,long_input_short_output,fixed_qps_num_requests_sweep,mistral_7b,mistralai/Mistral-7B-Instruct-v0.3,10,1.0,2,0.85,20480,39911.0,33285.603120759835,100.0,11.302578018995929,10,54669,2104,5466.9,210.4,0.6380642094882205,0.2558901419397443,0.8532966990023851,0.7132304599508643,0.8532836670288816,0.8532901830156334,0.8532953958050348,0.8173406032379716,0.2561342518310993,1.1909591106232256,0.8422820358537138,1.094017763575539,1.1424884370993822,1.181264975918457,0.06191646191076715,0.04581275728816995,0.09091295828693546,0.06279013815995979,0.0736202460275336,0.08226660215723451,0.08918368706099528,0.061505289864971134,0.045717314043819596,0.08979057608586219,0.06246651433088221,0.07253029644077719,0.08116043626331967,0.0880645481213537,12.844936681934632,1.130097969900817,22.99733922863379,13.177290791412815,20.77079430827871,21.884066768456247,22.77468473659828,0.17927639374975113,0.000244109891355,0.4777352896053344,0.2124502073274925,0.3186569591751321,0.3981961243902331,0.4618274565623142,12.665660288184881,0.9001336861401796,22.79760744003579,12.91846176655963,20.47993769920431,21.63877256962005,22.565840465952643,0.6380642094882205,0.2558901419397443,0.8532966990023851,0.7132304599508643,0.8532836670288816,0.8532901830156334,0.8532953958050348,12.02759607869666,0.0468514671083539,21.944310741033405,12.162602497497573,19.96600817160215,20.955159456317777,21.74648048409028,2.4171055743703618,0.0006825469899922,5.064994080225006,2.297328280285001,4.557980996998958,4.811487538611981,5.014292771902401,210.4,1,480,194.5,416.09999999999997,448.04999999999995,473.61,211.4,2,481,195.5,417.09999999999997,449.04999999999995,474.61,,,
custom_vllm_long_input_short_output_fixed_num_requests_num_requests_10_qps_2_mistral_7b,benchmark_output/figure-1/custom_vllm_long_input_short_output_fixed_num_requests_num_requests_10_qps_2_mistral_7b,vllm,vllm,long_input_short_output,fixed_num_requests_qps_sweep,mistral_7b,mistralai/Mistral-7B-Instruct-v0.3,10,2.0,2,0.85,20480,40555.0,34019.12811634349,100.0,10.630193905817174,10,54669,2104,5466.9,210.4,1.202541917655617,0.2557998199481517,1.6987065519206226,1.1743450723588467,1.6986945234704762,1.6987005376955495,1.6987053490756079,1.556067376001738,0.255982749396935,2.2059988942928612,1.7455740040168166,2.165097070322372,2.1855479823076167,2.2019087118958125,0.06175413452150014,0.04693035362239749,0.08698973327409476,0.06257935286063998,0.07125787594316838,0.07912380460863155,0.08541654754100213,0.061360697913362724,0.04683258205235083,0.08591578594972323,0.062306543950999854,0.07057654632434811,0.07824616613703565,0.08438186198718571,13.742855957220309,1.935253785457462,24.351092716911808,14.04455447779037,21.8206311164191,23.08586191666545,24.09804655686254,0.35352545834612104,0.0001829294487833,0.8667743492405862,0.2221864308230579,0.816151658538729,0.8414630038896574,0.8617120801704005,13.389330498874187,1.7473919440526515,24.178345937049016,13.90276531688869,21.38766986061819,22.7830078988336,23.899278329405934,1.202541917655617,0.2557998199481517,1.6987065519206226,1.1743450723588467,1.6986945234704762,1.6987005376955495,1.6987053490756079,12.18678858121857,0.0486987570766359,22.479639385128397,12.861331691965463,19.688988602347667,21.08431399373803,22.200574306850324,2.184007849683985,0.0008111549541354,5.171662603504956,2.293425019015558,4.348157530324533,4.759910066914744,5.089312096186914,210.4,1,480,194.5,416.09999999999997,448.04999999999995,473.61,211.4,2,481,195.5,417.09999999999997,449.04999999999995,474.61,,,
custom_vllm_long_input_short_output_fixed_num_requests_num_requests_10_qps_3_mistral_7b,benchmark_output/figure-1/custom_vllm_long_input_short_output_fixed_num_requests_num_requests_10_qps_3_mistral_7b,vllm,vllm,long_input_short_output,fixed_num_requests_qps_sweep,mistral_7b,mistralai/Mistral-7B-Instruct-v0.3,10,3.0,2,0.85,20480,40825.0,34264.49378453039,100.0,10.776243093922652,10,54669,2104,5466.9,210.4,1.4158375493017956,0.2710456121712923,1.7060912300366908,1.6071478413650766,1.7060612131841482,1.7060762216104195,1.7060882283514365,2.124212088645436,0.2712826842907816,3.1080239897128195,2.331289545749314,3.0807648499496283,3.094394419831224,3.1052980757365005,0.059351272515054135,0.04468640873484734,0.09286449319915846,0.05700731396858545,0.06826039643686574,0.08056244481801209,0.0904040835229292,0.058970954621638906,0.044593312049983076,0.0917180179744775,0.05676079841918086,0.0676047035280036,0.07966136075124053,0.08930668652983012,13.673946953751146,2.945352810434997,24.289828167064115,13.707645129878074,21.7493807554245,23.019604461244306,24.035783425900153,0.7083745393436403,0.0002370721194893,1.401991534745321,0.7241417043842375,1.3747222250094637,1.3883568798773922,1.3992646037717351,12.965572414407507,1.756331454962492,23.110881014028564,13.173053211998194,20.396962968586013,21.753921991307287,22.83948920948431,1.4158375493017956,0.2710456121712923,1.7060912300366908,1.6071478413650766,1.7060612131841482,1.7060762216104195,1.7060882283514365,11.54973486510571,0.050273576984182,21.404789783991877,11.728014738997445,18.690914466138928,20.0478521250654,21.133402252206583,2.032505906722508,0.0007087469566613,5.017801327863708,1.8919362463057041,3.8699641355080527,4.443882731685879,4.903017608628143,210.4,1,480,194.5,416.09999999999997,448.04999999999995,473.61,211.4,2,481,195.5,417.09999999999997,449.04999999999995,474.61,,,
custom_vllm_long_input_short_output_fixed_num_requests_num_requests_10_qps_4_mistral_7b,benchmark_output/figure-1/custom_vllm_long_input_short_output_fixed_num_requests_num_requests_10_qps_4_mistral_7b,vllm,vllm,long_input_short_output,fixed_num_requests_qps_sweep,mistral_7b,mistralai/Mistral-7B-Instruct-v0.3,10,4.0,2,0.85,20480,40825.0,34354.2427184466,100.0,10.685852981969488,10,54669,2104,5466.9,210.4,1.4210388508159668,0.2567942510358989,1.717638578964397,1.6094925800571218,1.7176257198676466,1.7176321494160218,1.7176372930547221,2.358190371864475,0.25696247629821295,3.5535051017068326,2.5325014531845227,3.533067833050154,3.5432864673784934,3.551461374841165,0.061950410490445786,0.04704125465762982,0.09609523781400639,0.059371525430428826,0.07132698245608479,0.08371111013504556,0.09361841227821424,0.061552698185165865,0.04694325204375976,0.09490887685333965,0.05911458295770837,0.07064213114281918,0.0827755039980794,0.09248220228228761,14.432112648454495,3.4458451378159225,25.919032517354932,14.280960038071498,23.272517587756738,24.595775052555833,25.654381024395114,0.9371515210485086,0.000168225262314,1.8359073726460335,0.9230088731274008,1.8154588144039734,1.8256830935250035,1.8338625168218274,13.494961127405986,1.76965861604549,24.25039955996908,13.66319312644191,21.473786214878782,22.862092887423927,23.97273822546005,1.4210388508159668,0.2567942510358989,1.717638578964397,1.6094925800571218,1.7176257198676466,1.7176321494160218,1.7176372930547221,12.07392227659002,0.052034324966371,22.532760981004685,12.214427226455882,19.75617311124224,21.14446704612346,22.255102194028442,2.0916570401750505,0.0007436058949679,5.129024922847748,1.9461532294517383,3.9735382740618657,4.551281598454805,5.01347625796916,210.4,1,480,194.5,416.09999999999997,448.04999999999995,473.61,211.4,2,481,195.5,417.09999999999997,449.04999999999995,474.61,,,
custom_vllm_long_input_short_output_fixed_num_requests_num_requests_10_qps_5_mistral_7b,benchmark_output/figure-1/custom_vllm_long_input_short_output_fixed_num_requests_num_requests_10_qps_5_mistral_7b,vllm,vllm,long_input_short_output,fixed_num_requests_qps_sweep,mistral_7b,mistralai/Mistral-7B-Instruct-v0.3,10,5.0,2,0.85,20480,40825.0,33934.135862068964,100.0,10.904137931034482,10,54669,2104,5466.9,210.4,1.417116003134288,0.2545439719688147,1.7051655049435794,1.6145011271582916,1.7051590844057503,1.7051622946746647,1.7051648628897964,2.4968704426428303,0.25470760348252935,3.808703678660095,2.6604748419485986,3.7923419134458527,3.800522796052974,3.807067502138671,0.06115458012364276,0.04703408238402177,0.09530051871261094,0.05909531864395411,0.0707361670132377,0.0830183428629243,0.09284408354267362,0.06075987343374889,0.04693609471238839,0.094123969098875,0.05883967708633893,0.07005698805973588,0.08209047857930542,0.09171727099496109,14.51881052844692,3.728333711856976,26.20420860638842,14.27973901515361,23.454479837487455,24.829344221937934,25.929235729498323,1.0797544395085423,0.0001636315137147,2.1035381737165157,1.045973714790307,2.0871828290401027,2.0953605013783094,2.1019026392488747,13.439056088938377,1.752566718030721,24.23448272701353,13.607425437076017,21.38067823788151,22.807580482447516,23.949102278100327,1.417116003134288,0.2545439719688147,1.7051655049435794,1.6145011271582916,1.7051590844057503,1.7051622946746647,1.7051648628897964,12.02194008580409,0.0474089181516319,22.529325461946428,12.155686965910718,19.67551997746341,21.102422719704915,22.243944913498126,2.0767264069058,0.0003087418153882,5.109455366851762,1.9201535331085327,3.965891491062938,4.537673428957349,4.99509897927288,210.4,1,480,194.5,416.09999999999997,448.04999999999995,473.61,211.4,2,481,195.5,417.09999999999997,449.04999999999995,474.61,,,
custom_vllm_long_input_short_output_fixed_num_requests_num_requests_10_qps_6_mistral_7b,benchmark_output/figure-1/custom_vllm_long_input_short_output_fixed_num_requests_num_requests_10_qps_6_mistral_7b,vllm,vllm,long_input_short_output,fixed_num_requests_qps_sweep,mistral_7b,mistralai/Mistral-7B-Instruct-v0.3,10,6.0,2,0.85,20480,40825.0,34183.270122783084,100.0,10.869031377899045,10,54669,2104,5466.9,210.4,1.413269174587913,0.2537138869520277,1.6994210749398917,1.612433338421397,1.6994080268312248,1.6994145508855583,1.699419770129025,2.5849952343152838,0.25386839197017247,3.9734412054531276,2.7379087472800165,3.959825925249606,3.966633565351367,3.9720796774327756,0.0607981751793634,0.04671943843430823,0.09415700381214265,0.058850505265508044,0.07002880509777847,0.08209290445496054,0.09174418394070623,0.060408654918834834,0.04662210627090342,0.09299457166631372,0.05859614524138729,0.06935647835368582,0.08117552500999975,0.09063076233505094,14.543555649393237,3.915678095771,26.240589503664523,14.232711978605948,23.594707932462914,24.917648718063717,25.97600134654436,1.1717260597273707,0.0001545050181448,2.2740604432765394,1.1254754088586196,2.260434352303855,2.2672473977901975,2.272697834179271,13.371829589665868,1.748087929096073,24.07803208497353,13.524341774405912,21.345423882617617,22.71172798379557,23.804771264737937,1.413269174587913,0.2537138869520277,1.6994210749398917,1.612433338421397,1.6994080268312248,1.6994145508855583,1.699419770129025,11.958560415077955,0.0486813520547002,22.37861101003364,12.07538093952462,19.646028278395534,21.012319644214585,22.10535273686983,2.096974210324697,0.0007016740273684,5.148165591293946,1.9363003292819485,3.996325254160911,4.572245422727427,5.0329815575806425,210.4,1,480,194.5,416.09999999999997,448.04999999999995,473.61,211.4,2,481,195.5,417.09999999999997,449.04999999999995,474.61,,,
custom_vllm_long_input_short_output_fixed_num_requests_num_requests_10_qps_7_mistral_7b,benchmark_output/figure-1/custom_vllm_long_input_short_output_fixed_num_requests_num_requests_10_qps_7_mistral_7b,vllm,vllm,long_input_short_output,fixed_num_requests_qps_sweep,mistral_7b,mistralai/Mistral-7B-Instruct-v0.3,10,7.0,2,0.85,20480,40825.0,34036.65782312925,100.0,10.431972789115646,10,54669,2104,5466.9,210.4,1.4184840434463695,0.2572211432270705,1.7058189550880345,1.6171413084957749,1.7058064926648513,1.705812723876443,1.7058177088457163,2.6658956701867282,0.25736571592278773,4.118476607371122,2.810215460602194,4.106810865434818,4.11264373640297,4.117310033177492,0.061943673535176824,0.04723994742781469,0.09590083653747569,0.05935916428609707,0.07128176413835413,0.08359130033791488,0.09343892929756355,0.06154655660349083,0.04714153087067341,0.09471687559256858,0.05910236122647788,0.07059738932382116,0.08265713245819485,0.09230492696569384,14.756161823356525,4.079262697370723,26.65088393050246,14.411788417492062,23.944321440323254,25.297602685412855,26.380227681484538,1.2474116267403588,0.0001445726957172,2.412699913373217,1.1930741521064192,2.4010211654473097,2.406860539410263,2.411532038580626,13.508750196616166,1.757820492843166,24.333753773011267,13.670432229409926,21.55285725046415,22.943305511737705,24.055664120756557,1.4184840434463695,0.2572211432270705,1.7058189550880345,1.6171413084957749,1.7058064926648513,1.705812723876443,1.7058177088457163,12.090266153169797,0.0520153848920017,22.627934817923236,12.216841562418265,19.847063324367628,21.23749907114543,22.349847668567676,2.0962571835611015,0.0007270148489624,5.144517795415595,1.9435602598823607,3.9869299130979923,4.565723854256793,5.028759007183835,210.4,1,480,194.5,416.09999999999997,448.04999999999995,473.61,211.4,2,481,195.5,417.09999999999997,449.04999999999995,474.61,,,
custom_vllm_long_input_short_output_fixed_num_requests_num_requests_10_qps_8_mistral_7b,benchmark_output/figure-1/custom_vllm_long_input_short_output_fixed_num_requests_num_requests_10_qps_8_mistral_7b,vllm,vllm,long_input_short_output,fixed_num_requests_qps_sweep,mistral_7b,mistralai/Mistral-7B-Instruct-v0.3,10,8.0,2,0.85,20480,40825.0,34468.83217753121,100.0,10.831484049930651,10,54669,2104,5466.9,210.4,1.4123597143916413,0.2559895219746977,1.7016028221696615,1.6120766124222428,1.7015989700565115,1.7016008961130864,1.7016024369583465,2.700858544418588,0.2562113101594149,4.191111467313021,2.837046350236051,4.180907528032549,4.186009497672785,4.190091073384974,0.060142621777789326,0.046500900143948,0.0928380227764137,0.05837361792514696,0.0691408205948149,0.08098942168561428,0.09046830255825383,0.05975822615136257,0.046404023268648106,0.09169187434707526,0.05812121687672407,0.06857635675604311,0.08013411555155917,0.08938032258797206,14.555847190483473,4.159344757907093,26.38146655866876,14.205526045523584,23.657739892159587,25.01960322541417,26.109093892017842,1.2884988300269469,0.0002217881847172,2.4895208934322,1.224969737813808,2.4793059306917717,2.484413412061986,2.488499397158157,13.267348360456527,1.7496415141504258,23.975529710995037,13.450610755360685,21.186792366043665,22.581161038519348,23.6966559764999,1.4123597143916413,0.2559895219746977,1.7016028221696615,1.6120766124222428,1.7015989700565115,1.7016008961130864,1.7016024369583465,11.854988646064886,0.0480511509813368,22.27393116895109,12.005067668971606,19.485189971886573,20.87956057041883,21.99505704924464,2.0884243440348653,0.0007376859430223,5.123608705354855,1.9369628259446472,3.9726698569953434,4.548139281175098,5.008514820518904,210.4,1,480,194.5,416.09999999999997,448.04999999999995,473.61,211.4,2,481,195.5,417.09999999999997,449.04999999999995,474.61,,,
custom_vllm_long_input_short_output_fixed_num_requests_num_requests_10_qps_9_mistral_7b,benchmark_output/figure-1/custom_vllm_long_input_short_output_fixed_num_requests_num_requests_10_qps_9_mistral_7b,vllm,vllm,long_input_short_output,fixed_num_requests_qps_sweep,mistral_7b,mistralai/Mistral-7B-Instruct-v0.3,10,9.0,2,0.85,20480,40589.0,33916.712038303696,100.0,10.27359781121751,10,54669,2104,5466.9,210.4,1.2813142032362521,0.7956919439602643,1.6527521221432837,1.5158458205405623,1.6527396651683375,1.6527458936558106,1.652750876445789,2.727920027449727,0.8295783717185259,4.20369574171491,2.8583025315310806,4.200699066743255,4.202197404229082,4.2033960742177445,0.06122965832786189,0.046043860659465995,0.08517478242283687,0.061997931750760515,0.0692623167430373,0.07721854958293707,0.08358353585485691,0.06083387331823977,0.045947935949758774,0.08412324189909814,0.061748665391779964,0.06823678634974292,0.07618001412442052,0.08253459634416263,14.761312232748605,4.253315738635138,26.25537535874173,14.488929466926493,23.698016589717007,24.976695974229365,25.99963948183926,1.446605824213475,0.0338773177936673,3.345714756520465,1.2740069839637727,3.342706077406183,3.3442104169633238,3.3454138886090368,13.31470640853513,0.9076009821146728,22.913003579014912,13.781970484531485,21.786125973821616,22.349564776418262,22.800315818495584,1.2813142032362521,0.7956919439602643,1.6527521221432837,1.5158458205405623,1.6527396651683375,1.6527458936558106,1.652750876445789,12.033392205298878,0.049619996920228,22.05500925588421,12.266117541585118,20.21284963157959,21.1339294437319,21.87079329345375,2.110850641573779,0.0007230979390442,4.558919315459207,1.9805326687637717,4.551052776747383,4.554986046103295,4.558132661588024,210.4,1,480,194.5,416.09999999999997,448.04999999999995,473.61,211.4,2,481,195.5,417.09999999999997,449.04999999999995,474.61,,,
custom_vllm_long_input_short_output_fixed_num_requests_num_requests_10_qps_10_mistral_7b,benchmark_output/figure-1/custom_vllm_long_input_short_output_fixed_num_requests_num_requests_10_qps_10_mistral_7b,vllm,vllm,long_input_short_output,fixed_num_requests_qps_sweep,mistral_7b,mistralai/Mistral-7B-Instruct-v0.3,10,10.0,2,0.85,20480,40825.0,34255.421768707485,100.0,10.483673469387755,10,54669,2104,5466.9,210.4,1.4084130145143718,0.2522203540429473,1.698372894199565,1.6038646504748613,1.6983604389009996,1.6983666665502823,1.6983716486697085,2.7597481655655427,0.25241438043303777,4.305585972266272,2.885112556628883,4.297428281023167,4.30150712664472,4.3047702031419615,0.061368565273882424,0.04661247107717511,0.09470468182407785,0.05913612874014929,0.07050731403394213,0.08260599792900997,0.09228494504506428,0.06097600465693555,0.04651536176243099,0.09353548822131146,0.058880360747082625,0.06983042361080738,0.0816829559160594,0.09116498176026105,14.760511753871105,4.293002258054912,26.56611394812353,14.370673754485324,23.995485384808852,25.280799666466187,26.309051091792064,1.351335151051171,0.0001940263900905,2.60725718527101,1.2812479061540216,2.599085387494415,2.6031712863827123,2.6064400054933503,13.409176602819935,1.749618543079123,24.02574654016644,13.592728591058403,21.403088975045833,22.714417757606135,23.76348078365438,1.4084130145143718,0.2522203540429473,1.698372894199565,1.6038646504748613,1.6983604389009996,1.6983666665502823,1.6983716486697085,12.000763588305563,0.0512594881001859,22.327373645966876,12.152337241568603,19.70474167079665,21.01605765838176,22.065110448449854,2.093938937992789,0.0007614530622959,5.144507828634232,1.9374525554012507,3.993884956440888,4.569196392537559,5.029445541414898,210.4,1,480,194.5,416.09999999999997,448.04999999999995,473.61,211.4,2,481,195.5,417.09999999999997,449.04999999999995,474.61,,,
custom_sarathi_long_input_short_output_fixed_qps_num_requests_1_qps_1_mixtral_7b_8expert,benchmark_output/figure-1/custom_sarathi_long_input_short_output_fixed_qps_num_requests_1_qps_1_mixtral_7b_8expert,sarathi_chunk_128,sarathi,long_input_short_output,fixed_qps_num_requests_sweep,mixtral_8x7b,DiscoResearch/mixtral-7b-8expert,1,1.0,2,0.85,20480,39409.0,32868.97757847534,100.0,2.991778774289985,1,2494,254,2494.0,254.0,1.0563084471505135,1.0563084471505135,1.0563084471505135,1.0563084471505135,1.0563084471505135,1.0563084471505135,1.0563084471505135,1.056512292707339,1.056512292707339,1.056512292707339,1.056512292707339,1.056512292707339,1.056512292707339,1.056512292707339,0.045004339568434734,0.045004339568434734,0.045004339568434734,0.045004339568434734,0.045004339568434734,0.045004339568434734,0.045004339568434734,0.04482715712918892,0.04482715712918892,0.04482715712918892,0.04482715712918892,0.04482715712918892,0.04482715712918892,0.04482715712918892,12.442610203521326,12.442610203521326,12.442610203521326,12.442610203521326,12.442610203521326,12.442610203521326,12.442610203521326,0.0002038455568253,0.0002038455568253,0.0002038455568253,0.0002038455568253,0.0002038455568253,0.0002038455568253,0.0002038455568253,12.4424063579645,12.4424063579645,12.4424063579645,12.4424063579645,12.4424063579645,12.4424063579645,12.4424063579645,1.0563084471505135,1.0563084471505135,1.0563084471505135,1.0563084471505135,1.0563084471505135,1.0563084471505135,1.0563084471505135,11.386097910813987,11.386097910813987,11.386097910813987,11.386097910813987,11.386097910813987,11.386097910813987,11.386097910813987,0.1575530108530074,0.1575530108530074,0.1575530108530074,0.1575530108530074,0.1575530108530074,0.1575530108530074,0.1575530108530074,273.0,273,273,273.0,273.0,273.0,273.0,274.0,274,274,274.0,274.0,274.0,274.0,13.18,0.07587253414264036,19.271623672230653
custom_sarathi_long_input_short_output_fixed_qps_num_requests_2_qps_1_mixtral_7b_8expert,benchmark_output/figure-1/custom_sarathi_long_input_short_output_fixed_qps_num_requests_2_qps_1_mixtral_7b_8expert,sarathi_chunk_128,sarathi,long_input_short_output,fixed_qps_num_requests_sweep,mixtral_8x7b,DiscoResearch/mixtral-7b-8expert,2,1.0,2,0.85,20480,39409.0,34602.479310344825,100.0,3.1672413793103447,2,8953,569,4476.5,284.5,1.8926771079422906,1.0546704279258847,2.7306837879586965,1.8926771079422906,2.5630824519554154,2.6468831199570557,2.7139236543583682,2.38071934110485,1.0548846605233848,3.7065540216863155,2.38071934110485,3.4413870855700224,3.5739705536281687,3.680037328074686,0.04596858936579343,0.045165385984204665,0.04677179274738218,0.04596858936579343,0.046611152071064435,0.046691472409223306,0.046755728679750405,0.045804827818765464,0.04502200380647703,0.04658765183105391,0.045804827818765464,0.04643108702859622,0.046509369429825066,0.04657199535080814,15.388316723168828,12.888148225611076,17.88848522072658,15.388316723168828,17.38845152121503,17.638468370970806,17.838481850775423,0.4880422331625595,0.0002142325975,0.975870233727619,0.4880422331625595,0.8783046336146072,0.927087433671113,0.9661136737163178,14.900274490006268,12.887933993013576,16.91261498699896,14.900274490006268,16.51014688760042,16.71138093729969,16.872368177059105,1.8926771079422906,1.0546704279258847,2.7306837879586965,1.8926771079422906,2.5630824519554154,2.6468831199570557,2.7139236543583682,13.007597382063977,11.833263565087693,14.181931199040264,13.007597382063977,13.947064435645007,14.064497817342636,14.158444522700739,0.23216712940484285,0.2279636722523719,0.2363705865573138,0.23216712940484285,0.2355298951268196,0.2359502408420667,0.23628651741426437,319.5,273,366,319.5,356.7,361.35,365.07,320.5,274,367,320.5,357.7,362.35,366.07,18.61,0.10746910263299302,30.574959699086513
custom_sarathi_long_input_short_output_fixed_qps_num_requests_3_qps_1_mixtral_7b_8expert,benchmark_output/figure-1/custom_sarathi_long_input_short_output_fixed_qps_num_requests_3_qps_1_mixtral_7b_8expert,sarathi_chunk_128,sarathi,long_input_short_output,fixed_qps_num_requests_sweep,mixtral_8x7b,DiscoResearch/mixtral-7b-8expert,3,1.0,2,0.85,20480,39409.0,33427.07731213873,100.0,3.929190751445087,3,12935,775,4311.666666666667,258.3333333333333,1.818692389021938,1.0798593170475217,2.6927384838927537,1.683479366125539,2.490886660339311,2.5918125721160323,2.6725533015374094,3.2598489227239043,1.0801281577441844,5.00410966668278,3.695308943744749,4.742349522095173,4.8732295943889765,4.977933652224019,0.046383736677701515,0.045514212585077055,0.04766026661701854,0.04597673083100895,0.04732355945981662,0.04749191303841758,0.04762659590129835,0.04619889017765414,0.04529326980553784,0.04747262777206965,0.045830772955354954,0.047144256808726706,0.04730844229039818,0.04743979067573535,15.201567094385004,13.138175611849874,18.13200242468156,14.334523246623576,17.372506589069964,17.75225450687576,18.0560528411204,1.4411565337019663,0.0002688406966626,3.320630300557241,1.002570459851995,2.857018332416192,3.088824316486716,3.2742691037431357,13.760410560683036,11.013892946066337,17.129431964829564,13.137906771153212,16.331126926094292,16.730279445461928,17.049601460956037,1.818692389021938,1.0798593170475217,2.6927384838927537,1.683479366125539,2.490886660339311,2.5918125721160323,2.6725533015374094,11.9417181716611,9.330413579940796,14.43669348093681,12.05804745410569,13.960964275570586,14.198828878253698,14.389120560400189,0.24090992061731717,0.1504974926356226,0.2956088359933346,0.2766234332229942,0.2918117554392665,0.29371029571630053,0.29522912793792777,292.0,237,366,273.0,347.4,356.7,364.14,293.0,238,367,274.0,348.4,357.7,365.14,18.85,0.15915119363395225,41.11405835543766
custom_sarathi_long_input_short_output_fixed_qps_num_requests_4_qps_1_mixtral_7b_8expert,benchmark_output/figure-1/custom_sarathi_long_input_short_output_fixed_qps_num_requests_4_qps_1_mixtral_7b_8expert,sarathi_chunk_128,sarathi,long_input_short_output,fixed_qps_num_requests_sweep,mixtral_8x7b,DiscoResearch/mixtral-7b-8expert,4,1.0,2,0.85,20480,39409.0,32975.78989751098,100.0,4.291361639824305,4,17393,856,4348.25,214.0,1.8521368383080699,1.0483759951312095,2.7078421991318464,1.8261645794846117,2.4870786835905165,2.5974604413611813,2.6857658475777133,4.091566403571051,1.048576122848317,6.650142486905679,4.333773502265103,6.151416047639214,6.400779267272446,6.600269842979032,0.04775304750228458,0.04685860161262099,0.04926850879840965,0.04744253979905384,0.048730703314836234,0.048999606056622944,0.04921472825005231,0.047464686877362994,0.046280100358144186,0.049074538291329295,0.04725205442998923,0.0485298018552753,0.048802170073302294,0.0490200646477239,14.29973416577559,10.398830615915358,18.566332285758108,14.116886880714446,17.412512073805555,17.98942217978183,18.450950264562852,2.2394295652629808,0.0002001277171075,4.678178672911599,2.139669730211608,4.266931774350815,4.472555223631207,4.63705398305552,12.060304600512609,5.720651943003759,17.594348503043875,12.4631089780014,16.37003656846937,16.98219253575662,17.471917309586424,1.8521368383080699,1.0483759951312095,2.7078421991318464,1.8261645794846117,2.4870786835905165,2.5974604413611813,2.6857658475777133,10.208167762204539,3.748688129009679,14.886506303912029,11.098738307948224,14.160034230537713,14.52327026722487,14.813859096574596,0.21874923672294244,0.0739379536826163,0.318334914278239,0.2413620394654572,0.3141958370339125,0.31626537565607576,0.31792100655380634,248.25,117,366,255.0,338.1,352.04999999999995,363.21,249.25,118,367,256.0,339.1,353.04999999999995,364.21,19.28,0.20746887966804978,44.398340248962654
custom_sarathi_long_input_short_output_fixed_qps_num_requests_5_qps_1_mixtral_7b_8expert,benchmark_output/figure-1/custom_sarathi_long_input_short_output_fixed_qps_num_requests_5_qps_1_mixtral_7b_8expert,sarathi_chunk_128,sarathi,long_input_short_output,fixed_qps_num_requests_sweep,mixtral_8x7b,DiscoResearch/mixtral-7b-8expert,5,1.0,2,0.85,20480,39409.0,32942.875,100.0,4.633670520231214,5,26106,1039,5221.2,207.8,2.2094042389653623,1.0485403090715408,3.688517945818603,1.925214797956869,3.297388131078333,3.4929530384484675,3.649404964344576,5.044931880617514,1.048836626810953,8.904976313002408,4.983429225627333,7.984254460129887,8.444615386566147,8.812904127715155,0.04950917496954056,0.046358406638399095,0.05189270032569766,0.049554200223987786,0.05151441875985076,0.05170355954277421,0.05185487216911297,0.0492111732555451,0.04610508201195975,0.05125204970439275,0.04931364585396843,0.05104979689665667,0.05115092330052471,0.05123182442361914,15.236537589458749,10.75458770687692,19.00542692886665,15.142040271544827,18.340138685796408,18.67278280733153,18.938898104559627,2.8355276416521518,0.0002963177394121,5.2164583671838045,3.3093744926154613,5.001057773455978,5.108758070319891,5.1949183078110215,12.401009947806596,6.076630824012682,18.03187478100881,12.125747954007238,16.39437702903524,17.213125905022025,17.868125005811454,2.2094042389653623,1.0485403090715408,3.688517945818603,1.925214797956869,3.297388131078333,3.4929530384484675,3.649404964344576,10.191605708841234,4.151416026055813,15.321181372040884,10.158611045917496,14.348544860025868,14.834863116033375,15.223917720839383,0.22393775125965476,0.0781516195274889,0.3509733150713146,0.1987517680972814,0.3370916526764631,0.34403248387388885,0.34958514883182945,249.2,117,366,253.0,328.8,347.4,362.28,250.2,118,367,254.0,329.8,348.4,363.28,19.97,0.25037556334501754,52.028042063094645
custom_sarathi_long_input_short_output_fixed_qps_num_requests_6_qps_1_mixtral_7b_8expert,benchmark_output/figure-1/custom_sarathi_long_input_short_output_fixed_qps_num_requests_6_qps_1_mixtral_7b_8expert,sarathi_chunk_128,sarathi,long_input_short_output,fixed_qps_num_requests_sweep,mixtral_8x7b,DiscoResearch/mixtral-7b-8expert,6,1.0,2,0.85,20480,39409.0,33123.51468531469,100.0,4.7965034965034965,6,34935,1148,5822.5,191.33333333333334,2.470549260537761,1.010837674839422,3.832957377191633,2.2614887279924005,3.8068927141139284,3.8199250456527807,3.8303509108838627,6.0308389225586625,1.0110451965592802,11.484242847422138,5.649531749309972,10.159875079756603,10.82205896358937,11.351806070655584,0.050125816235763905,0.04502598968489716,0.05387600841058884,0.05080357277591166,0.05307328151203641,0.05347464496131263,0.053795735720733595,0.04979990320578892,0.04461290721072379,0.05321087250428527,0.05059891744788013,0.0526378187663384,0.052924345635311836,0.05315356713049058,15.598234145397631,10.751370564801618,19.24388905079104,15.895828092470765,18.405441304435953,18.824665177613497,19.16004427615553,3.5602896620209017,0.000207521719858,7.651285470230505,3.8602755292085935,6.352982365642674,7.00213391793659,7.5214551597717225,12.037944483376728,6.212898108875379,18.30887439008802,12.387421073042788,16.272081191069447,17.290477790578734,18.105195070186166,2.470549260537761,1.010837674839422,3.832957377191633,2.2614887279924005,3.8068927141139284,3.8199250456527807,3.8303509108838627,9.567395222838968,4.310080672847107,15.688714370131493,9.659159545437433,14.45658234367147,15.072648356901482,15.565501167485492,0.2077061040715004,0.0886318974662572,0.3416371003258973,0.19872619747184211,0.3279291423968971,0.33478312136139715,0.3402663045329973,237.83333333333334,117,366,245.0,319.5,342.75,361.35,238.83333333333334,118,367,246.0,320.5,343.75,362.35,20.18,0.29732408325074333,56.88800792864222
custom_sarathi_long_input_short_output_fixed_qps_num_requests_7_qps_1_mixtral_7b_8expert,benchmark_output/figure-1/custom_sarathi_long_input_short_output_fixed_qps_num_requests_7_qps_1_mixtral_7b_8expert,sarathi_chunk_128,sarathi,long_input_short_output,fixed_qps_num_requests_sweep,mixtral_8x7b,DiscoResearch/mixtral-7b-8expert,7,1.0,2,0.85,20480,39409.0,33356.05281690141,100.0,4.58943661971831,7,39128,1214,5589.714285714285,173.42857142857142,2.420553761933531,1.0358369639143348,3.8904774349648505,1.968467101920396,3.8320599186699837,3.861268676817417,3.8846356833353637,6.9414604681078345,1.0361233616713434,11.786654049297795,6.672381509793922,11.516192234400659,11.651423141849227,11.75960786780808,0.05124544252693345,0.04649533736877717,0.05398202002688777,0.05185851229022548,0.0537860363149141,0.05388402817090093,0.0539624216556904,0.050855380696129764,0.04579086256015934,0.05339491749476207,0.05169388209247873,0.05334731219902351,0.05337111484689279,0.053390156965188215,15.882645381980442,10.990943111944944,19.95601423480548,16.007342600496486,18.952924946881833,19.454469590843654,19.855705306013114,4.520906706174303,0.0002863977570086,9.50240554381162,4.703914407873526,8.538668186124415,9.020536864968015,9.406031808042899,11.361738675806139,4.855675742961466,18.99623773805797,12.709189235931262,16.309613272780553,17.652925505419258,18.727575291530226,2.420553761933531,1.0358369639143348,3.8904774349648505,1.968467101920396,3.8320599186699837,3.861268676817417,3.8846356833353637,8.941184913872608,3.022196928970516,16.2835728591308,9.2054497289937,14.603045142861083,15.443309000995939,16.11552008750383,0.21484066263240362,0.0601272967178374,0.4175108748022467,0.2240055939182639,0.36507090283557775,0.39129088881891216,0.41226687760557973,218.0,99,366,237.0,310.20000000000005,338.0999999999999,360.41999999999996,219.0,100,367,238.0,311.20000000000005,339.0999999999999,361.41999999999996,20.91,0.3347680535628886,58.05834528933524
custom_sarathi_long_input_short_output_fixed_qps_num_requests_8_qps_1_mixtral_7b_8expert,benchmark_output/figure-1/custom_sarathi_long_input_short_output_fixed_qps_num_requests_8_qps_1_mixtral_7b_8expert,sarathi_chunk_128,sarathi,long_input_short_output,fixed_qps_num_requests_sweep,mixtral_8x7b,DiscoResearch/mixtral-7b-8expert,8,1.0,2,0.85,20480,39409.0,34096.710492227976,100.0,6.978626943005182,8,44747,1623,5593.375,202.875,2.3707586714299396,0.9998364550992846,3.835871105082333,2.188331224140711,3.7554988150717694,3.7956849600770513,3.827833876081277,7.50355315420893,1.0000994706060737,13.205657510086894,7.592629186925478,11.942408303380944,12.574032906733917,13.079332589416298,0.05081874827862019,0.04385303915421223,0.05293790259747766,0.051638548934850856,0.052644014209807036,0.05279095840364235,0.0529085137587106,0.05045536217697484,0.043745819009580904,0.05228434824442238,0.051415691989448065,0.052269488469761496,0.05227691835709194,0.05228286226695629,17.565285973018035,10.660811438690873,31.097697485005483,16.23811684490647,23.189060829859226,27.14337915743235,30.306833819490855,5.132794482778991,0.000263015506789,10.75435549695976,4.7694221953861415,9.610834750626235,10.182595123792998,10.640003422326409,12.432491490239045,5.097520797979087,20.34334198804572,12.751519577461295,19.314851881889624,19.829096934967673,20.240492977430108,2.3707586714299396,0.9998364550992846,3.835871105082333,2.188331224140711,3.7554988150717694,3.7956849600770513,3.827833876081277,10.061732818809105,3.31918787304312,17.89203997491859,10.066477250424214,16.755764029175044,17.323902002046815,17.778412380344236,0.24642633576877412,0.0806518888566643,0.4641220376361161,0.259952835040167,0.3781795385759323,0.42115078810602413,0.45552778773009767,247.625,99,455,245.0,392.7,423.84999999999997,448.77,248.625,100,456,246.0,393.7,424.84999999999997,449.77,37.11,0.2155753166262463,43.73484236054972
custom_sarathi_long_input_short_output_fixed_qps_num_requests_9_qps_1_mixtral_7b_8expert,benchmark_output/figure-1/custom_sarathi_long_input_short_output_fixed_qps_num_requests_9_qps_1_mixtral_7b_8expert,sarathi_chunk_128,sarathi,long_input_short_output,fixed_qps_num_requests_sweep,mixtral_8x7b,DiscoResearch/mixtral-7b-8expert,9,1.0,2,0.85,20480,39409.0,34026.71879021879,100.0,7.031531531531532,9,47905,1624,5322.777777777777,180.44444444444446,2.235194269076197,1.0092028609942645,3.730971474200487,1.89746912708506,3.723108881339431,3.7270401777699593,3.7301852149143815,8.132286317491284,1.0094503895379603,13.77176914573647,8.718074216041714,13.152427053870634,13.462098099803551,13.709834936549887,0.051154891327098544,0.04365551288755538,0.05322563274821732,0.05185684174094804,0.05263187121425283,0.052928751981235075,0.053166256594820875,0.05082872632121238,0.04354877569223128,0.052568526171078836,0.05154864917244386,0.05250044989882513,0.05253448803495198,0.05256171854385346,17.06765997166642,10.632726514711976,30.809040789026767,15.412644431460649,21.980187327135354,26.394614058081057,29.926155442837626,5.897092048415086,0.0002475285436958,12.393530971603468,4.987102741841227,10.955895795905963,11.674713383754714,12.249767454033718,11.170567923251333,1.4307216049637643,20.21255378704518,12.243548731086776,19.112083619087933,19.662318703066557,20.102506770249455,2.235194269076197,1.0092028609942645,3.730971474200487,1.89746912708506,3.723108881339431,3.7270401777699593,3.7301852149143815,8.935373654175136,0.0524834308307617,17.811449258122593,9.388754334999248,16.548122998792678,17.179786128457636,17.6851166321896,0.20223168208677733,0.0185267671477049,0.4125039887148887,0.2193053802475333,0.3340737833175808,0.3732888860162347,0.4046609681751579,223.0,26,455,237.0,383.8,419.4,447.88,224.0,27,456,238.0,384.8,420.4,448.88,36.91,0.24383635871037662,43.99891628285018
custom_sarathi_long_input_short_output_fixed_num_requests_num_requests_10_qps_1_mixtral_7b_8expert,benchmark_output/figure-1/custom_sarathi_long_input_short_output_fixed_num_requests_num_requests_10_qps_1_mixtral_7b_8expert,sarathi_chunk_128,sarathi,long_input_short_output,fixed_num_requests_qps_sweep,mixtral_8x7b,DiscoResearch/mixtral-7b-8expert,10,1.0,2,0.85,20480,39409.0,34156.538840937115,100.0,8.218249075215782,10,54669,2104,5466.9,210.4,2.301290774345398,1.0205105480272323,3.820543642155826,2.17254061892163,3.705833262833767,3.7631884524947963,3.80907260422362,8.996308861207217,1.0208820055704564,16.58208525250666,9.716742062941194,14.136528529529459,15.359306891018056,16.33752958020894,0.05081627131643105,0.04418117198937559,0.05319005092247747,0.05205887079820552,0.052867568449612753,0.05302880968604511,0.053157802675191,0.050510802329324166,0.04408912788106439,0.052384141060015696,0.05184973238249994,0.052350752111464144,0.05236744658573992,0.05238080216516054,19.288196346280166,10.566235290840268,37.744866635417566,16.229420444346033,32.41108246829826,35.077974551857906,37.21148821870564,6.695018086861819,0.000371457543224,13.78215695451945,6.214560081600212,12.615831904788502,13.198994429653975,13.665524449546355,12.593178259418346,1.429665036033839,23.962709680898115,12.763494253973477,21.457195830740964,22.709952755819536,23.7121582958824,2.301290774345398,1.0205105480272323,3.820543642155826,2.17254061892163,3.705833262833767,3.7631884524947963,3.80907260422362,10.291887485072948,0.0511052638757973,21.162781382910907,10.143157353857532,18.9723203178728,20.06755085039185,20.943735276407097,0.24497415605001152,0.021108565153554,0.4719960624352097,0.2623345488682389,0.4130573276896029,0.4425266950624062,0.46610218896064903,254.1,26,534,245.0,462.9,498.44999999999993,526.89,255.1,27,535,246.0,463.9,499.44999999999993,527.89,44.105000000000004,0.22673166307674864,47.70434191134792
custom_sarathi_long_input_short_output_fixed_qps_num_requests_10_qps_1_mixtral_7b_8expert,benchmark_output/figure-1/custom_sarathi_long_input_short_output_fixed_qps_num_requests_10_qps_1_mixtral_7b_8expert,sarathi_chunk_128,sarathi,long_input_short_output,fixed_qps_num_requests_sweep,mixtral_8x7b,DiscoResearch/mixtral-7b-8expert,10,1.0,2,0.85,20480,39409.0,34283.248399487835,100.0,7.767605633802817,10,54669,2104,5466.9,210.4,2.286108211381361,1.0315830840263516,3.741157641168684,2.186505278921686,3.640678485576063,3.6909180633723735,3.7311097256094223,8.962126669334248,1.031765213701874,16.450115143554285,9.718992288107984,13.991981306765227,15.221048225159754,16.20430175987538,0.05037181111347683,0.04332218014407662,0.053292325738584626,0.05143026967519694,0.05290035067784349,0.05309633820821406,0.053253128232510515,0.05006872008708465,0.04323192560210979,0.05263439579119469,0.05122380474408866,0.05211378316637744,0.052374089478786065,0.052582334528712964,19.113565339148046,10.686767369974405,37.201439432566985,16.09208157705143,31.96407991447486,34.58275967352092,36.67770348075777,6.676018457952887,0.0001821296755224,13.63493050960824,6.316663660807535,12.48584770860616,13.0603891091072,13.520022229508033,12.437546881195157,1.4124872570391744,23.566508922958747,12.590523268445395,21.13623892115429,22.351373922056517,23.323481922778303,2.286108211381361,1.0315830840263516,3.741157641168684,2.186505278921686,3.640678485576063,3.6909180633723735,3.7311097256094223,10.151438669813796,0.0518037739675492,20.7513242890127,9.923364038928412,18.653821516619065,19.70257290281588,20.54157401177334,0.2154136950615793,0.0159987164661288,0.3925841208547354,0.2185120193753391,0.38388343588449053,0.388233778369613,0.3917140523577109,254.1,26,534,245.0,462.9,498.44999999999993,526.89,255.1,27,535,246.0,463.9,499.44999999999993,527.89,44.105000000000004,0.22673166307674864,47.70434191134792
custom_sarathi_long_input_short_output_fixed_num_requests_num_requests_10_qps_2_mixtral_7b_8expert,benchmark_output/figure-1/custom_sarathi_long_input_short_output_fixed_num_requests_num_requests_10_qps_2_mixtral_7b_8expert,sarathi_chunk_128,sarathi,long_input_short_output,fixed_num_requests_qps_sweep,mixtral_8x7b,DiscoResearch/mixtral-7b-8expert,10,2.0,2,0.85,20480,39409.0,34309.05934195065,100.0,8.17508813160987,10,54669,2104,5466.9,210.4,2.3375312755582853,1.0205878489650786,3.8642796860076487,2.174743477953598,3.7524806077824904,3.8083801468950695,3.853099778185133,10.673701385222376,1.0208102513570338,19.92112413281575,11.529306488344446,17.43678465776611,18.678954395290926,19.672690185310785,0.051191009236764305,0.04493545906692121,0.05327963437594008,0.052754742118397396,0.05301218061235864,0.05314590749414936,0.053252888999581936,0.05088431941473196,0.04484184352719846,0.0527252671026254,0.052493672971334,0.05267533628888256,0.05270030169575398,0.052720274021251116,21.102863599872215,11.148220468079671,41.44520902587101,18.04074273176957,35.66787951888982,38.55654427238041,40.86747607517289,8.33617010966409,0.0002224023919552,17.092017956776544,7.727137401350774,15.913552120747044,16.502785038761793,16.974171373173593,12.766693490208127,1.4286282181274146,24.353191069094464,12.964751321007498,21.63710660825018,22.995148838672318,24.081582623010036,2.3375312755582853,1.0205878489650786,3.8642796860076487,2.174743477953598,3.7524806077824904,3.8083801468950695,3.853099778185133,10.42916221464984,0.0504927521105855,21.52408489305526,10.249988152063452,19.176492313831112,20.350288603443182,21.289325635132847,0.2240116772940382,0.0184176135808229,0.4125598010141402,0.22520184086170045,0.4084266198100522,0.4104932104120962,0.4121464828937314,254.1,26,534,245.0,462.9,498.44999999999993,526.89,255.1,27,535,246.0,463.9,499.44999999999993,527.89,44.62,0.22411474675033619,47.153742716270735
custom_sarathi_long_input_short_output_fixed_num_requests_num_requests_10_qps_3_mixtral_7b_8expert,benchmark_output/figure-1/custom_sarathi_long_input_short_output_fixed_num_requests_num_requests_10_qps_3_mixtral_7b_8expert,sarathi_chunk_128,sarathi,long_input_short_output,fixed_num_requests_qps_sweep,mixtral_8x7b,DiscoResearch/mixtral-7b-8expert,10,3.0,2,0.85,20480,39409.0,34418.10560859188,100.0,7.855011933174224,10,54669,2104,5466.9,210.4,2.3079749521333723,1.0243885291274637,3.7986353179439902,2.186903525958769,3.6484049068996685,3.7235201124218293,3.783612276839558,11.032791584567168,1.0970694643910974,20.698225264204666,11.77272756549064,18.230650681164114,19.464437972684387,20.451467805900613,0.050908064113105424,0.044374454519585056,0.05359688649097314,0.051944469510032426,0.053040381673789126,0.05331863408238113,0.05354123600925474,0.05060299342159323,0.04428200773933592,0.05278481245323113,0.051749462393396076,0.052521736719329686,0.052653274586280406,0.05275850487984098,21.34152700465638,11.098615953465924,41.95358897908591,18.59334999055136,36.24786868081428,39.100728829950086,41.383016949258746,8.724816632433795,0.0726809352636337,17.895291657187045,8.057553587015718,16.698914202861488,17.297102930024266,17.77565391175449,12.616710372222588,1.4425468370318413,24.058297321898863,12.745962635497563,21.555833417898974,22.807065369898915,23.808050931498876,2.3079749521333723,1.0243885291274637,3.7986353179439902,2.186903525958769,3.6484049068996685,3.7235201124218293,3.783612276839558,10.308735420089215,0.0520544841419905,21.25536371488124,10.098481976427138,19.057014217390677,20.156188966135957,21.035528765132185,0.24248256965074683,0.0209215937647968,0.4661046187393367,0.25888583040796215,0.4034238587599247,0.4347642387496306,0.4598365427413955,254.1,26,534,245.0,462.9,498.44999999999993,526.89,255.1,27,535,246.0,463.9,499.44999999999993,527.89,43.87,0.22794620469569182,47.95988146797356
custom_sarathi_long_input_short_output_fixed_num_requests_num_requests_10_qps_4_mixtral_7b_8expert,benchmark_output/figure-1/custom_sarathi_long_input_short_output_fixed_num_requests_num_requests_10_qps_4_mixtral_7b_8expert,sarathi_chunk_128,sarathi,long_input_short_output,fixed_num_requests_qps_sweep,mixtral_8x7b,DiscoResearch/mixtral-7b-8expert,10,4.0,2,0.85,20480,39409.0,34285.38725490196,100.0,8.322303921568627,10,54669,2104,5466.9,210.4,2.3474013335769994,1.0496468720957637,3.9063963419757775,2.2117877809796482,3.7435990130761643,3.8249976775259706,3.8901166090858164,11.540834734705276,1.1838423444423825,21.642963488353416,12.257951269391924,19.140268569043837,20.391616028698625,21.39269399642246,0.0514282746491221,0.04423001089176097,0.053891254370458996,0.053028596999454,0.05373834271204825,0.05381479854125362,0.05387596320461792,0.051118649436124056,0.04413786503573647,0.05333693861157272,0.05268494515269763,0.05323934033547153,0.05328813947352212,0.053327178783962606,21.944265743903816,11.391545989084989,42.82913870550692,19.37925024330616,37.001329657319,39.915234181412956,42.24635780068813,9.193433401128278,0.1341954723466187,18.80199139448814,8.441997887915932,17.624006234831175,18.212998814659656,18.684192878522445,12.750832342775539,1.420325601939112,24.02714731101878,13.015445507946424,21.465670322277585,22.74640881664818,23.77099961214466,2.3474013335769994,1.0496468720957637,3.9063963419757775,2.2117877809796482,3.7435990130761643,3.8249976775259706,3.8901166090858164,10.403431009198538,0.0512532410211861,21.186175217153504,10.317388756433502,18.92075287909247,20.053464048122983,20.9596329833474,0.23406058601103719,0.0152422538958489,0.4330780482850969,0.2478470178321004,0.4090592934051528,0.42106867084512484,0.43067617279710246,254.1,26,534,245.0,462.9,498.44999999999993,526.89,255.1,27,535,246.0,463.9,499.44999999999993,527.89,44.19,0.22629554197782306,47.61258203213397
custom_sarathi_long_input_short_output_fixed_num_requests_num_requests_10_qps_5_mixtral_7b_8expert,benchmark_output/figure-1/custom_sarathi_long_input_short_output_fixed_num_requests_num_requests_10_qps_5_mixtral_7b_8expert,sarathi_chunk_128,sarathi,long_input_short_output,fixed_num_requests_qps_sweep,mixtral_8x7b,DiscoResearch/mixtral-7b-8expert,10,5.0,2,0.85,20480,39409.0,33760.94423320659,100.0,8.340304182509506,10,54669,2104,5466.9,210.4,2.3752823156071825,1.0496064508333802,3.939439225010574,2.263334360672161,3.82666162266396,3.883050423837267,3.9281614647759127,11.866248291707597,1.2453525534365326,22.269865535432473,12.592893546330743,19.729241895326414,20.99955371537944,22.01580317142187,0.05239158646000179,0.043932664235820505,0.055798449087888,0.05402787226643595,0.054940668867112935,0.05536955897750047,0.055712671065810494,0.052077469277791,0.04384113785199588,0.055798449087888,0.053574040595555386,0.05419277759501711,0.05499561334145255,0.05563788193860091,22.34061521200929,11.612970663700253,43.313611704390496,19.901704805670306,37.49091506309341,40.402263383741946,42.73134204026079,9.490965976100416,0.1957461026031524,19.389073975384235,8.716108544846065,18.190988892479798,18.790031433932015,19.269265467093792,12.849649235908874,1.444880501134321,23.92453772900626,13.18715414404869,21.46032957602292,22.692433652514588,23.678116913707928,2.3752823156071825,1.0496064508333802,3.939439225010574,2.263334360672161,3.82666162266396,3.883050423837267,3.9281614647759127,10.47436692030169,0.055798449087888,21.043746168958023,10.451817282126285,18.86421433389187,19.953980251424944,20.825792985451407,0.24227099474519492,0.0210563989821821,0.4503376127686351,0.24915414175484324,0.42477182175498457,0.4375547172618098,0.44778103366727007,254.1,26,534,245.0,462.9,498.44999999999993,526.89,255.1,27,535,246.0,463.9,499.44999999999993,527.89,44.32,0.22563176895306858,47.47292418772563
custom_sarathi_long_input_short_output_fixed_num_requests_num_requests_10_qps_6_mixtral_7b_8expert,benchmark_output/figure-1/custom_sarathi_long_input_short_output_fixed_num_requests_num_requests_10_qps_6_mixtral_7b_8expert,sarathi_chunk_128,sarathi,long_input_short_output,fixed_num_requests_qps_sweep,mixtral_8x7b,DiscoResearch/mixtral-7b-8expert,10,6.0,2,0.85,20480,39409.0,33858.772613065325,100.0,7.851130653266332,10,54669,2104,5466.9,210.4,2.325402172096074,1.050596479093656,3.778959783026949,2.17703035636805,3.7267617549048735,3.7528607689659115,3.7737399802147413,11.821892300178297,1.3019384271465242,22.03601071261801,12.544916854472831,19.540202558785676,20.78810663570184,21.786429897234775,0.051123175459418045,0.04458030579137248,0.0531969221774488,0.05233279639407651,0.052842799142235886,0.05301986065984234,0.05316150987392751,0.05081802149495257,0.044487430154307124,0.0531969221774488,0.052031587115837705,0.05238824678486674,0.05279258448115777,0.053116054638190593,22.16372022507712,11.55299631669186,43.38997718668543,19.664935417240486,37.519809728977265,40.45489345783134,42.80296044091461,9.496490128082224,0.2513419480528682,19.20458367257379,8.794955975958146,18.039180248090997,18.62188196033239,19.08804333012551,12.6672300969949,1.4063964851666242,24.18539351411164,12.814968836028129,21.55350122090894,22.86944736751029,23.922204284791373,2.325402172096074,1.050596479093656,3.778959783026949,2.17703035636805,3.7267617549048735,3.7528607689659115,3.7737399802147413,10.341827924898826,0.0531969221774488,21.35396647406742,10.12578584102448,19.071487917541525,20.21272719580447,21.12571861841483,0.24300193446688353,0.0193729889579117,0.4482043734751642,0.2462103796424344,0.44302075561136006,0.4456125645432621,0.44768601168878375,254.1,26,534,245.0,462.9,498.44999999999993,526.89,255.1,27,535,246.0,463.9,499.44999999999993,527.89,44.14,0.22655188038060717,47.666515632079744
custom_sarathi_long_input_short_output_fixed_num_requests_num_requests_10_qps_7_mixtral_7b_8expert,benchmark_output/figure-1/custom_sarathi_long_input_short_output_fixed_num_requests_num_requests_10_qps_7_mixtral_7b_8expert,sarathi_chunk_128,sarathi,long_input_short_output,fixed_num_requests_qps_sweep,mixtral_8x7b,DiscoResearch/mixtral-7b-8expert,10,7.0,2,0.85,20480,39409.0,34349.70901126408,100.0,8.098247809762203,10,54669,2104,5466.9,210.4,2.288283899403177,1.0241671069525182,3.721924683079124,2.1662294005509466,3.654200700856746,3.688062691967935,3.7151522848568863,11.64316273033619,1.2505216028075665,21.790811356622726,12.34402373607736,19.306641961075364,20.54872665884904,21.54239441706799,0.05042442698006505,0.044291040594718716,0.05245081881562678,0.05148342227605403,0.052088749228255786,0.05226978402194128,0.05241461185688968,0.05012292952933811,0.04419876759347972,0.0519799590110778,0.051254058824051166,0.05168849439677697,0.051834226703927386,0.051950812549647715,21.861988540017045,11.35150492656976,43.00621980149299,19.39708322554361,37.150249150372105,40.07823447593254,42.4206227363809,9.354878830933012,0.2263544958550483,18.97599975555204,8.659723487566225,17.811457208683713,18.393728482117876,18.859545500865206,12.507109709084034,1.4005395059939474,24.03022004594095,12.588436182937585,21.404908434161918,22.71756424005143,23.767688884763047,2.288283899403177,1.0241671069525182,3.721924683079124,2.1662294005509466,3.654200700856746,3.688062691967935,3.7151522848568863,10.218825809680856,0.0519799590110778,21.215408444870263,9.956848119967617,18.940419480507263,20.07791396268876,20.987909548433965,0.2527702937833965,0.0208704001270234,0.4831562724430114,0.264762407168746,0.43273903999943286,0.4579476562212221,0.47811454919865354,254.1,26,534,245.0,462.9,498.44999999999993,526.89,255.1,27,535,246.0,463.9,499.44999999999993,527.89,43.64,0.229147571035747,48.212648945921174
custom_sarathi_long_input_short_output_fixed_num_requests_num_requests_10_qps_8_mixtral_7b_8expert,benchmark_output/figure-1/custom_sarathi_long_input_short_output_fixed_num_requests_num_requests_10_qps_8_mixtral_7b_8expert,sarathi_chunk_128,sarathi,long_input_short_output,fixed_num_requests_qps_sweep,mixtral_8x7b,DiscoResearch/mixtral-7b-8expert,10,8.0,2,0.85,20480,39409.0,34100.704081632655,100.0,7.762117346938775,10,54669,2104,5466.9,210.4,2.3314206416253,1.0564660038799047,3.827869397122413,2.1967504310887307,3.6958611681358886,3.7618652826291505,3.8146685742237607,11.999005848146044,1.3438687019515783,22.396729661617428,12.689448000281118,19.885938784829342,21.14133422322338,22.14565057393862,0.0512406636511928,0.04440983310866797,0.05323207064603384,0.05243399037218024,0.05306128568923435,0.05314667816763409,0.05321499215035389,0.05093452073847464,0.04431731262302492,0.0530228330753743,0.05222345499988771,0.05260239790808922,0.05281261549173176,0.0529807895586458,22.364725728030315,11.604326363885775,43.66903972066939,19.94727555476129,37.881979651190335,40.775509685929855,43.090333713721485,9.667585206520744,0.2874026980716735,19.549303042702377,8.934916508151218,18.374832855304707,18.96206794900354,19.43185602396261,12.697140521509573,1.4156486860010773,24.11973667796701,12.855448581161909,21.621245844685472,22.870491261326237,23.869887594638854,2.3314206416253,1.0564660038799047,3.827869397122413,2.1967504310887307,3.6958611681358886,3.7618652826291505,3.8146685742237607,10.365719879884272,0.0530228330753743,21.27231005905196,10.178347726003267,19.123881765757687,20.19809591240482,21.057467229722533,0.2288914740551263,0.0203141486272215,0.4273236414883286,0.2318073570495471,0.4153613733826205,0.4213425074354745,0.4261274146777578,254.1,26,534,245.0,462.9,498.44999999999993,526.89,255.1,27,535,246.0,463.9,499.44999999999993,527.89,44.13,0.22660321776569226,47.67731701790165
custom_sarathi_long_input_short_output_fixed_num_requests_num_requests_10_qps_9_mixtral_7b_8expert,benchmark_output/figure-1/custom_sarathi_long_input_short_output_fixed_num_requests_num_requests_10_qps_9_mixtral_7b_8expert,sarathi_chunk_128,sarathi,long_input_short_output,fixed_num_requests_qps_sweep,mixtral_8x7b,DiscoResearch/mixtral-7b-8expert,10,9.0,2,0.85,20480,39409.0,34110.16483516483,100.0,7.252136752136752,10,54669,2104,5466.9,210.4,2.343180075706914,0.9835488400422036,3.867087638936937,2.2086731129093096,3.7617180491564794,3.814402844046708,3.8565506799588913,11.970550279133022,1.1853222080972046,22.496035571675748,12.661854256759398,19.979239680478347,21.237637626077046,22.24435598255601,0.05158027380782272,0.044566782286180676,0.053862436660207236,0.05293117291460242,0.053543291908885855,0.05370286428454654,0.0538305221850751,0.05127068771466277,0.04447393482308447,0.05304633913505258,0.05271863702544059,0.05301987437432575,0.05303310675468917,0.053043692658979895,22.39415918234736,11.542625452857465,43.84352428675629,20.01878808508627,37.90517873752396,40.87435151214012,43.24968973183306,9.627370203426107,0.2017733680550009,19.642271800665185,8.853305278811604,18.46026033305097,19.051266066858076,19.524070653903763,12.76678897892125,1.4232245120219886,24.201252486091107,12.987878197454847,21.59355803132057,22.897405258705835,23.940483040614055,2.343180075706914,0.9835488400422036,3.867087638936937,2.2086731129093096,3.7617180491564794,3.814402844046708,3.8565506799588913,10.423608903214335,0.0525545449927449,21.347488715080544,10.281047498458063,19.05687978812493,20.202184251602734,21.118427822384984,0.2248785241972655,0.0208196809981018,0.4192684511654079,0.22995932027697558,0.39655805039219555,0.4079132507788017,0.4169974110880867,254.1,26,534,245.0,462.9,498.44999999999993,526.89,255.1,27,535,246.0,463.9,499.44999999999993,527.89,44.31,0.22568269013766643,47.483638004965016
custom_sarathi_long_input_short_output_fixed_num_requests_num_requests_10_qps_10_mixtral_7b_8expert,benchmark_output/figure-1/custom_sarathi_long_input_short_output_fixed_num_requests_num_requests_10_qps_10_mixtral_7b_8expert,sarathi_chunk_128,sarathi,long_input_short_output,fixed_num_requests_qps_sweep,mixtral_8x7b,DiscoResearch/mixtral-7b-8expert,10,10.0,2,0.85,20480,39409.0,34191.97572815534,100.0,9.097694174757281,10,54669,2104,5466.9,210.4,2.3529607047326864,1.0634518850129098,3.9302722420543432,2.2073665860807523,3.721367320884019,3.8258197814691806,3.9093817499373107,12.174079189030454,1.3642136782873422,22.754433907102793,12.849411507602781,20.226668725046327,21.49055131607456,22.501657388897147,0.05170935973843941,0.04420432427728895,0.0544520588591694,0.05315711789944765,0.05371101372210042,0.05408153629063491,0.054377954345462505,0.05140046610368132,0.044112231935044606,0.0544520588591694,0.05277091629697685,0.05344726613829614,0.053949662498732766,0.054351579587082074,22.577945471182467,11.71199837536551,43.9283052359242,20.253452379023656,37.97950069070794,40.95390296331606,43.33342478140258,9.821118484297767,0.3007617932744324,19.88909202790819,9.035197555087507,18.690729495417326,19.289910761662757,19.769255774659104,12.756826986884699,1.4426798829808831,24.039213208016008,13.011773320380598,21.41329241963103,22.726252813823518,23.77662112917751,2.3529607047326864,1.0634518850129098,3.9302722420543432,2.2073665860807523,3.721367320884019,3.8258197814691806,3.9093817499373107,10.403866282152013,0.0544520588591694,21.17387132882141,10.326239043963142,18.90418629406486,20.03902881144313,20.946902825345756,0.2573512621223927,0.0214394074864685,0.4866411373950541,0.27135137701407075,0.4385053244652226,0.4625732309301383,0.48182755610207095,254.1,26,534,245.0,462.9,498.44999999999993,526.89,255.1,27,535,246.0,463.9,499.44999999999993,527.89,44.23,0.22609088853719198,47.56952294822519
custom_vllm_long_input_short_output_fixed_qps_num_requests_1_qps_1_mixtral_7b_8expert,benchmark_output/figure-1/custom_vllm_long_input_short_output_fixed_qps_num_requests_1_qps_1_mixtral_7b_8expert,vllm,vllm,long_input_short_output,fixed_qps_num_requests_sweep,mixtral_8x7b,DiscoResearch/mixtral-7b-8expert,1,1.0,2,0.85,20480,38827.0,32305.539432176654,100.0,3.280757097791798,1,2494,254,2494.0,254.0,0.1097637410275638,0.1097637410275638,0.1097637410275638,0.1097637410275638,0.1097637410275638,0.1097637410275638,0.1097637410275638,0.109987283591181,0.109987283591181,0.109987283591181,0.109987283591181,0.109987283591181,0.109987283591181,0.109987283591181,0.04307040965585811,0.04307040965585811,0.04307040965585811,0.04307040965585811,0.04307040965585811,0.04307040965585811,0.04307040965585811,0.042900841113905915,0.042900841113905915,0.042900841113905915,0.042900841113905915,0.042900841113905915,0.042900841113905915,0.042900841113905915,11.006800926523283,11.006800926523283,11.006800926523283,11.006800926523283,11.006800926523283,11.006800926523283,11.006800926523283,0.0002235425636172,0.0002235425636172,0.0002235425636172,0.0002235425636172,0.0002235425636172,0.0002235425636172,0.0002235425636172,11.006577383959666,11.006577383959666,11.006577383959666,11.006577383959666,11.006577383959666,11.006577383959666,11.006577383959666,0.1097637410275638,0.1097637410275638,0.1097637410275638,0.1097637410275638,0.1097637410275638,0.1097637410275638,0.1097637410275638,10.896813642932102,10.896813642932102,10.896813642932102,10.896813642932102,10.896813642932102,10.896813642932102,10.896813642932102,0.1107042799703776,0.1107042799703776,0.1107042799703776,0.1107042799703776,0.1107042799703776,0.1107042799703776,0.1107042799703776,254.0,254,254,254.0,254.0,254.0,254.0,255.0,255,255,255.0,255.0,255.0,255.0,,,
custom_vllm_long_input_short_output_fixed_qps_num_requests_2_qps_1_mixtral_7b_8expert,benchmark_output/figure-1/custom_vllm_long_input_short_output_fixed_qps_num_requests_2_qps_1_mixtral_7b_8expert,vllm,vllm,long_input_short_output,fixed_qps_num_requests_sweep,mixtral_8x7b,DiscoResearch/mixtral-7b-8expert,2,1.0,2,0.85,20480,39027.0,33098.01897810219,100.0,3.229197080291971,2,8953,569,4476.5,284.5,0.0908606895245611,0.0899233729578554,0.0917980060912668,0.0908606895245611,0.09161054277792566,0.09170427443459624,0.09177925975993269,0.12465415033511805,0.0920327948406337,0.1572755058296024,0.12465415033511805,0.15075123473070554,0.15401337028015397,0.1566230787197127,0.045739430545901794,0.045367395550540535,0.046111465541263046,0.045739430545901794,0.0460370585421908,0.04607426204172692,0.04610402484135582,0.0455766482054735,0.04522337207260231,0.04592992433834469,0.0455766482054735,0.045859269111770455,0.04589459672505757,0.045922858815687265,13.080435642739758,11.758233576780183,14.40263770869933,13.080435642739758,14.138197295507416,14.270417502103372,14.37619366738014,0.03379346081055695,0.0002347887493669,0.067352132871747,0.03379346081055695,0.06064039845950899,0.063996265665628,0.0666809594305232,13.0466421819292,11.757998788030818,14.335285575827584,13.0466421819292,14.077556897047907,14.206421236437745,14.309512707949615,0.0908606895245611,0.0899233729578554,0.0917980060912668,0.0908606895245611,0.09161054277792566,0.09170427443459624,0.09177925975993269,12.95578149240464,11.666200781939551,14.245362202869728,12.95578149240464,13.98744606077671,14.11640413182322,14.219570588660426,0.2518881558207795,0.1890604004729539,0.3147159111686051,0.2518881558207795,0.30215036009903995,0.3084331356338225,0.3134593560616486,284.5,254,315,284.5,308.9,311.95,314.39,285.5,255,316,285.5,309.9,312.95,315.39,,,
custom_vllm_long_input_short_output_fixed_qps_num_requests_3_qps_1_mixtral_7b_8expert,benchmark_output/figure-1/custom_vllm_long_input_short_output_fixed_qps_num_requests_3_qps_1_mixtral_7b_8expert,vllm,vllm,long_input_short_output,fixed_qps_num_requests_sweep,mixtral_8x7b,DiscoResearch/mixtral-7b-8expert,3,1.0,2,0.85,20480,39027.0,32500.54253731343,100.0,3.2134328358208957,3,12935,775,4311.666666666667,258.3333333333333,0.0848093430201212,0.0570181109942495,0.1077985658776015,0.0896113521885126,0.10416112313978372,0.1059798445086926,0.10743482160381973,0.12446220257940381,0.0921950954943894,0.17315893969498558,0.1080325725488364,0.16013366626575576,0.16664630298037067,0.1718564123520626,0.04410157670625107,0.04368684878004942,0.04457806608742729,0.04403981525127651,0.04447041592019713,0.04452424100381221,0.04456730107070427,0.04392578163426548,0.04347477669859287,0.04440256189023269,0.04390000631397087,0.044302050774980326,0.04435230633260651,0.044392510778707456,11.478647772222757,9.04799909540452,14.001660928595811,11.38628329266794,13.478585401410237,13.740123165003023,13.949353375877253,0.0396528595592826,0.0002340066712349,0.083547587506473,0.0351769845001399,0.07387346690520638,0.07871052720583968,0.08258017544634633,11.438994912663475,9.01282211090438,13.918113341089338,11.386049285996704,13.411700530070812,13.664906935580074,13.867472059987485,0.0848093430201212,0.0570181109942495,0.1077985658776015,0.0896113521885126,0.10416112313978372,0.1059798445086926,0.10743482160381973,11.354185569643354,8.955803999910131,13.828501988900824,11.278250720119104,13.31845173514448,13.573476862022652,13.77749696352519,0.2904073280127098,0.1270914804190397,0.4332516719587147,0.310878831660375,0.40877710389904676,0.42101438792888074,0.4308042151527479,258.3333333333333,206,315,254.0,302.8,308.9,313.78,259.3333333333333,207,316,255.0,303.8,309.9,314.78,,,
custom_vllm_long_input_short_output_fixed_qps_num_requests_4_qps_1_mixtral_7b_8expert,benchmark_output/figure-1/custom_vllm_long_input_short_output_fixed_qps_num_requests_4_qps_1_mixtral_7b_8expert,vllm,vllm,long_input_short_output,fixed_qps_num_requests_sweep,mixtral_8x7b,DiscoResearch/mixtral-7b-8expert,4,1.0,2,0.85,20480,39007.0,32542.02313432836,100.0,3.8328358208955224,4,17393,856,4348.25,214.0,0.07807354052783917,0.0626628550235182,0.0953382600564509,0.0771465235156938,0.09372617134358728,0.09453221570001909,0.09517705118516454,0.10983390745241187,0.088178772944957,0.16101605375297362,0.0950704015558584,0.14138967751059672,0.15120286563178514,0.1590534161287359,0.04575661987617738,0.04545154813958842,0.0461030737119598,0.045735928826580646,0.04603634482024034,0.046069709266100066,0.046096400822787854,0.045478234109023255,0.04530725751057386,0.04592156554773948,0.04534205668888983,0.045756064986264146,0.045838815267001815,0.04590501549159195,9.84796242613811,3.758630298776552,14.432802169583738,10.600208618096076,13.630863253329881,14.031832711456808,14.352608277958351,0.03176036692457268,0.0002565395552664,0.0710514227394014,0.02786675270181145,0.05880127216223622,0.0649263474508188,0.06982640768168487,9.816202059213538,3.733114380855113,14.361750746844336,10.58497155457735,13.58105029554572,13.971400521195028,14.283680701714474,0.07807354052783917,0.0626628550235182,0.0953382600564509,0.0771465235156938,0.09372617134358728,0.09453221570001909,0.09517705118516454,9.738128518685699,3.670451525831595,14.271786115830764,10.505138216540217,13.489473575819284,13.880629845825023,14.193554861829616,0.295843661413528,0.05480816680938,0.5184850038494915,0.30504073749762023,0.4837549389805645,0.501119971415028,0.5150119973625987,214.0,81,315,230.0,296.7,305.84999999999997,313.16999999999996,215.0,82,316,231.0,297.7,306.84999999999997,314.16999999999996,,,
custom_vllm_long_input_short_output_fixed_qps_num_requests_5_qps_1_mixtral_7b_8expert,benchmark_output/figure-1/custom_vllm_long_input_short_output_fixed_qps_num_requests_5_qps_1_mixtral_7b_8expert,vllm,vllm,long_input_short_output,fixed_qps_num_requests_sweep,mixtral_8x7b,DiscoResearch/mixtral-7b-8expert,5,1.0,2,0.85,20480,39167.0,32346.625550660792,100.0,3.034508076358297,5,26106,1039,5221.2,207.8,0.08576269438490265,0.0581290321424603,0.1185747389681637,0.0921971548814326,0.10973006095737214,0.11415239996276791,0.11769027116708454,0.11551979742944232,0.0607665707357227,0.1642907387576996,0.0979924618732183,0.1634065360762178,0.16384863741695868,0.1642023184895514,0.047451695023555195,0.04657840196703366,0.04855774945172016,0.04738052769723099,0.04818447674930845,0.048371113100514306,0.048520422181478985,0.04716747811611348,0.04632387518032856,0.04795827106342732,0.04715052513559394,0.047749790397126936,0.04785403073027713,0.047937422996797284,9.899264318868518,3.982612418010831,14.959100426873192,9.773774748668076,13.832054100418464,14.395577263645826,14.84639579422772,0.029757103044539664,0.0002718288451433,0.0678276948165148,0.0345429598819464,0.058098814124241435,0.06296325447037811,0.06685480674728746,9.869507215823978,3.948069458128885,14.891272732056676,9.771137210074812,13.791248751990498,14.341260742023586,14.781270334050058,0.08576269438490265,0.0581290321424603,0.1185747389681637,0.0921971548814326,0.10973006095737214,0.11415239996276791,0.11769027116708454,9.783744521439075,3.884619956137613,14.794809688115492,9.713008177932352,13.696492063673213,14.245650875894352,14.684977925671264,0.45626091714948414,0.1505230949260294,0.8295472858007997,0.3934627664275467,0.7836173194926233,0.8065823026467115,0.824954289169982,207.8,81,315,206.0,290.6,302.8,312.56,208.8,82,316,207.0,291.6,303.8,313.56,,,
custom_vllm_long_input_short_output_fixed_qps_num_requests_6_qps_1_mixtral_7b_8expert,benchmark_output/figure-1/custom_vllm_long_input_short_output_fixed_qps_num_requests_6_qps_1_mixtral_7b_8expert,vllm,vllm,long_input_short_output,fixed_qps_num_requests_sweep,mixtral_8x7b,DiscoResearch/mixtral-7b-8expert,6,1.0,2,0.85,20480,39167.0,32674.98533519553,100.0,3.2653631284916202,6,34935,1148,5822.5,191.33333333333334,0.09047711031356202,0.0554702188819646,0.1176823650021106,0.09691089100670065,0.1158196855103597,0.11675102525623515,0.11749609705293551,0.11897359190819155,0.0783504089340567,0.16948335873894382,0.1102369970176368,0.1621587929548695,0.16582107584690667,0.1687509021605364,0.04774936933133985,0.046249190547835724,0.049537695813342,0.047736067754451196,0.04879193776269393,0.04916481678801796,0.04946312000827719,0.04743657862022011,0.046102367720699734,0.048926119321819256,0.04742244941930039,0.0483695325758839,0.04864782594885158,0.04887046064722572,9.13876218527245,4.041366074001417,14.69172919075936,9.341882626293227,13.404783336794935,14.048256263777148,14.563034605362919,0.028496481594629534,0.0002641307655721,0.0814091686625033,0.02582423132844265,0.059280515415593954,0.07034484203904863,0.07919630333781238,9.11026570367782,4.024946955032647,14.610320022096856,9.305692023364827,13.363946687080896,13.987133354588876,14.48568268859526,0.09047711031356202,0.0554702188819646,0.1176823650021106,0.09691089100670065,0.1158196855103597,0.11675102525623515,0.11749609705293551,9.01978859336426,3.96301566506736,14.522245832020417,9.21911573142279,13.267035796074197,13.894640814047307,14.396724828425794,0.4085666077832381,0.0733323139138519,0.7330595129169524,0.3862204812467098,0.6777789144543931,0.7054192136856727,0.7275314530706964,191.33333333333334,81,315,194.5,284.5,299.75,311.95,192.33333333333334,82,316,195.5,285.5,300.75,312.95,,,
custom_vllm_long_input_short_output_fixed_qps_num_requests_7_qps_1_mixtral_7b_8expert,benchmark_output/figure-1/custom_vllm_long_input_short_output_fixed_qps_num_requests_7_qps_1_mixtral_7b_8expert,vllm,vllm,long_input_short_output,fixed_qps_num_requests_sweep,mixtral_8x7b,DiscoResearch/mixtral-7b-8expert,7,1.0,2,0.85,20480,39147.0,33260.89686098655,100.0,3.997757847533632,7,39128,1214,5589.714285714285,173.42857142857142,0.084098666473957,0.051448045996949,0.120383515022695,0.0894878611434251,0.11949514308944338,0.11993932905606919,0.12029467782936984,0.10416337285589947,0.0529047437012194,0.1565281338989734,0.0917043348308652,0.1475757814478128,0.15205195767339308,0.15563289865385735,0.04782747710991546,0.046856512397877685,0.04960991733823902,0.04762388679843683,0.048676758094452224,0.04914333771634562,0.049516601413860335,0.047456279470452355,0.04670776156486855,0.048997449222952114,0.047038931715720836,0.04829180584271049,0.0486446275328313,0.048926884884927954,8.31621558255782,3.1863624178804457,14.869473026832566,8.70896037016064,13.28741725543514,14.07844514113385,14.711267449692821,0.02006470638194247,0.0002562198787927,0.0670402727555483,0.0163007979281246,0.04585754103027279,0.056448906892910516,0.06492199958302074,8.296150876175878,3.154626698000357,14.802432754077016,8.706521165091544,13.260447414405643,14.031440084241328,14.648234220109877,0.084098666473957,0.051448045996949,0.120383515022695,0.0894878611434251,0.11949514308944338,0.11993932905606919,0.12029467782936984,8.212052209701922,3.0955526418983936,14.712944892933592,8.587618269957602,13.169783400977032,13.94136414695531,14.558628743737934,0.4698203188101096,0.0568035603500902,0.9152559714857488,0.3893297235481441,0.8407824511174112,0.8780192113015799,0.907808619448915,173.42857142857142,66,315,183.0,278.40000000000003,296.69999999999993,311.34,174.42857142857142,67,316,184.0,279.40000000000003,297.69999999999993,312.34,,,
custom_vllm_long_input_short_output_fixed_qps_num_requests_8_qps_1_mixtral_7b_8expert,benchmark_output/figure-1/custom_vllm_long_input_short_output_fixed_qps_num_requests_8_qps_1_mixtral_7b_8expert,vllm,vllm,long_input_short_output,fixed_qps_num_requests_sweep,mixtral_8x7b,DiscoResearch/mixtral-7b-8expert,8,1.0,2,0.85,20480,39167.0,32713.835382513662,100.0,4.661885245901639,8,44747,1623,5593.375,202.875,0.08454924353281965,0.056101517053321,0.1203220761381089,0.0821447954513132,0.11985110766254363,0.12008659190032626,0.12027497929055238,0.10922123881755388,0.07887294399552039,0.15756980678997928,0.1041271563153713,0.14132598801515986,0.14944789740256956,0.15594542491249733,0.04936730708549779,0.045119933230464586,0.05263441837450955,0.04958175456435429,0.05117762289317196,0.051906020633840755,0.05248873882637579,0.04901383108570358,0.04500961554530453,0.05198461074025634,0.0493488088010377,0.05065802649848481,0.05132131861937057,0.05185195231607919,9.901159669825574,3.265132601838559,18.52385936304927,9.724355512415059,16.34330374856945,17.433581555809358,18.305803801601286,0.024671995284734252,0.00025928276591,0.068748926743865,0.020265455241315,0.048245203937403836,0.058497065340634403,0.06669855446321887,9.87648767454084,3.240029728040099,18.484401468886063,9.707574872067198,16.283342131599785,17.383871800242922,18.264295535157434,0.08454924353281965,0.056101517053321,0.1203220761381089,0.0821447954513132,0.11985110766254363,0.12008659190032626,0.12027497929055238,9.79193843100802,3.179736167890951,18.40893275802955,9.619699481525458,16.19852690231055,17.30372983017005,18.187892172457648,0.5238536314864177,0.1441227889154106,1.0335799183230847,0.4003447514260188,0.9645227061351762,0.9990513122291305,1.0266741971042939,202.875,66,409,194.5,343.2,376.09999999999997,402.41999999999996,203.875,67,410,195.5,344.2,377.09999999999997,403.41999999999996,,,
custom_vllm_long_input_short_output_fixed_qps_num_requests_9_qps_1_mixtral_7b_8expert,benchmark_output/figure-1/custom_vllm_long_input_short_output_fixed_qps_num_requests_9_qps_1_mixtral_7b_8expert,vllm,vllm,long_input_short_output,fixed_qps_num_requests_sweep,mixtral_8x7b,DiscoResearch/mixtral-7b-8expert,9,1.0,2,0.85,20480,39167.0,33286.07214285714,100.0,5.502857142857143,9,47905,1624,5322.777777777777,180.44444444444446,0.08084314184573785,0.0500933018047362,0.1204943319316953,0.0765962579753249,0.11938995993696146,0.11994214593432838,0.12038389473222191,0.10292036223432245,0.0597887926269322,0.15775893256068219,0.0917059725616126,0.15105061773210748,0.15440477514639483,0.15708810107782473,0.048792051741191736,0.04494154159328901,0.05248765914002433,0.04897495497089739,0.050187755270531716,0.05133770720527802,0.05225766875307507,0.048480817869656544,0.04483166007350102,0.05183966334817218,0.04823291019861107,0.049865485124576205,0.05085257423637419,0.051642245525812584,8.735541524106843,0.1078619637992233,18.43879840313457,9.078896784922108,15.890267545124516,17.164532974129543,18.183945317333563,0.02207722038858461,0.0002414865884929,0.0670401875395327,0.0181652773171663,0.03761577517725519,0.05232798135839392,0.06409774630330495,8.71346430371826,0.0981664729770273,18.41274522803724,9.048637112835422,15.831424760073425,17.12208499405533,18.154613181240858,0.08084314184573785,0.0500933018047362,0.1204943319316953,0.0765962579753249,0.11938995993696146,0.11994214593432838,0.12038389473222191,8.632621161872521,0.048073171172291,18.336148970061917,8.929523245897144,15.74353051246144,17.039839741261677,18.07688712430187,0.47613472067233586,0.0002514799125492,1.0312799117527902,0.3206035105977207,0.9404548992402851,0.9858674054965376,1.0221974105015397,180.44444444444446,1,409,183.0,333.8,371.4,401.48,181.44444444444446,2,410,184.0,334.8,372.4,402.48,,,
custom_vllm_long_input_short_output_fixed_num_requests_num_requests_10_qps_1_mixtral_7b_8expert,benchmark_output/figure-1/custom_vllm_long_input_short_output_fixed_num_requests_num_requests_10_qps_1_mixtral_7b_8expert,vllm,vllm,long_input_short_output,fixed_num_requests_qps_sweep,mixtral_8x7b,DiscoResearch/mixtral-7b-8expert,10,1.0,2,0.85,20480,39303.0,33590.02599179206,100.0,5.870725034199727,10,54669,2104,5466.9,210.4,0.12199752586893733,0.0580168010201305,0.3226975339930504,0.1065811755834147,0.16710259993560603,0.24490006696432806,0.307138040587306,0.1511774394894018,0.08157725003547961,0.39279346587136377,0.1257231064373626,0.20991155973169945,0.3013525128015314,0.37450527525739735,0.04916292601164972,0.045594536194321175,0.05182339041493833,0.04984359423927546,0.050918867957332865,0.051371129186135595,0.05173293816917778,0.048868544688414825,0.04549954757724967,0.051038187529863506,0.04944763357707342,0.05066028259435357,0.05084923506210854,0.05100039703631251,10.25275996318087,0.2378083209041506,21.99915715167299,9.773218705435283,19.27889778953977,20.639027470606376,21.727131215459668,0.029179913620464452,0.0002341738436371,0.0716908946633338,0.020549108390696298,0.07025542815681543,0.07097316141007462,0.07154734801268196,10.223580049560406,0.1980165340937674,21.98959711100906,9.736097217071801,19.24358051791787,20.616588814463462,21.71499545169994,0.12199752586893733,0.0580168010201305,0.3226975339930504,0.1065811755834147,0.16710259993560603,0.24490006696432806,0.307138040587306,10.101582523691468,0.0482169729657471,21.83978283707984,9.647566510480829,19.153395692608317,20.496589264844076,21.57114412263269,0.6269536048173905,0.0006673340685665,1.483941574115306,0.5050587902078405,1.2013251382391898,1.3426333561772477,1.4556799305276944,210.4,1,480,194.5,416.09999999999997,448.04999999999995,473.61,211.4,2,481,195.5,417.09999999999997,449.04999999999995,474.61,,,
custom_vllm_long_input_short_output_fixed_qps_num_requests_10_qps_1_mixtral_7b_8expert,benchmark_output/figure-1/custom_vllm_long_input_short_output_fixed_qps_num_requests_10_qps_1_mixtral_7b_8expert,vllm,vllm,long_input_short_output,fixed_qps_num_requests_sweep,mixtral_8x7b,DiscoResearch/mixtral-7b-8expert,10,1.0,2,0.85,20480,39147.0,32955.50137362637,100.0,5.785027472527473,10,54669,2104,5466.9,210.4,0.10762853205669667,0.0511536099947989,0.3508473669644445,0.082993880379945,0.14389428300783028,0.2473708249861372,0.33015205856878316,0.13917268740478897,0.0595562190283089,0.4172957646660506,0.1126259648008271,0.19022923808079192,0.30376250137342103,0.3945891120075248,0.05804312881206976,0.04478173087047713,0.1372406748123467,0.05048750219018362,0.06064283046907241,0.09894175264070948,0.1295808903780193,0.057747537482847666,0.0446884355978303,0.1372406748123467,0.050052785978094774,0.05993194012077184,0.09858630746655919,0.12950980134318923,10.189285686518996,0.2095254217274487,21.583399452501908,9.844703450915404,18.93440343765542,20.25890144507866,21.31849985101726,0.03154415534809228,0.0002852757461369,0.0961965227033943,0.0188378230668604,0.06942321020178491,0.08280986645258957,0.09351919145323336,10.157741531170904,0.1883942848071456,21.54067979287356,9.773742450983264,18.91524141340051,20.22796060313703,21.278135954926256,0.10762853205669667,0.0511536099947989,0.3508473669644445,0.082993880379945,0.14389428300783028,0.2473708249861372,0.33015205856878316,10.050112999114209,0.1372406748123467,21.450449086958542,9.685602560057305,18.838036993448622,20.14424304020358,21.18920787760755,0.6182708007982001,0.0915512139908969,1.479466171003878,0.47800940892193466,1.1591724464902653,1.3193193087470712,1.4474367985525167,210.4,1,480,194.5,416.09999999999997,448.04999999999995,473.61,211.4,2,481,195.5,417.09999999999997,449.04999999999995,474.61,,,
custom_vllm_long_input_short_output_fixed_num_requests_num_requests_10_qps_2_mixtral_7b_8expert,benchmark_output/figure-1/custom_vllm_long_input_short_output_fixed_num_requests_num_requests_10_qps_2_mixtral_7b_8expert,vllm,vllm,long_input_short_output,fixed_num_requests_qps_sweep,mixtral_8x7b,DiscoResearch/mixtral-7b-8expert,10,2.0,2,0.85,20480,39303.0,33328.79510489511,100.0,5.414685314685315,10,54669,2104,5466.9,210.4,0.0974500535987317,0.0568924890831112,0.1505640291143208,0.09013545606285331,0.15055077187716956,0.15055740049574518,0.15056270339060568,0.1252733098343014,0.0651339467149227,0.1855572222266345,0.12196787679567925,0.17197338945697985,0.17876530584180716,0.18419883894966904,0.050515351131722376,0.04599160708570639,0.05789394518651534,0.05047694474329249,0.05209278089727599,0.05499336304189566,0.057313828757591403,0.050210255757287145,0.045895791237611165,0.05717920512248428,0.050120467733581586,0.05179653317058829,0.054487869146536284,0.05664093792729469,10.415426362142899,0.2353310852777212,22.20044386875816,9.985202746116556,19.48080978947691,20.840626829117532,21.928480460830038,0.027823256235569683,0.0002619752194732,0.0785131826996803,0.02483938192017375,0.048417902155779236,0.06346554242772974,0.0755036546452902,10.387603105907328,0.2003231619019061,22.18054382316768,9.978939685039222,19.438253201032055,20.809398512099868,21.90631476095412,0.0974500535987317,0.0568924890831112,0.1505640291143208,0.09013545606285331,0.15055077187716956,0.15055740049574518,0.15056270339060568,10.290153052308597,0.0497738630510866,22.02997979405336,9.891178352525458,19.35484456019476,20.69241217712406,21.762466270667502,0.6356398085830733,0.000744153978303,1.2404294495936483,0.6178791680140421,1.1707149296533315,1.2055721896234899,1.2334579975996167,210.4,1,480,194.5,416.09999999999997,448.04999999999995,473.61,211.4,2,481,195.5,417.09999999999997,449.04999999999995,474.61,,,
custom_vllm_long_input_short_output_fixed_num_requests_num_requests_10_qps_3_mixtral_7b_8expert,benchmark_output/figure-1/custom_vllm_long_input_short_output_fixed_num_requests_num_requests_10_qps_3_mixtral_7b_8expert,vllm,vllm,long_input_short_output,fixed_num_requests_qps_sweep,mixtral_8x7b,DiscoResearch/mixtral-7b-8expert,10,3.0,2,0.85,20480,39457.0,33663.74297188755,100.0,5.518741633199465,10,54669,2104,5466.9,210.4,0.11005471600219605,0.058640070958063,0.1477054210845381,0.11955827113706616,0.14769181746523824,0.14769861927488817,0.1477040607226081,0.1439362910576164,0.0913478231523185,0.1887253988534211,0.14661087677814055,0.17496856842190023,0.18184698363766066,0.18734971581026902,0.05032857896107316,0.045610436824556747,0.05748795258696191,0.050537174784574986,0.053095404115544316,0.055291678351253114,0.05704869773982015,0.05002386436314411,0.04551541508117225,0.05677822477724633,0.05005498554696616,0.05259005877625305,0.05468414177674969,0.056359408177147005,10.371935447654687,0.2007508864626288,21.98898536898196,10.01792201900389,19.287919472740032,20.638452420860993,21.71887877935777,0.03388157505542036,0.0001693312078714,0.0836190127301961,0.0317942332476377,0.06815790354739872,0.0758884581387974,0.08207290181191637,10.338053872599266,0.1781975128687918,21.97649378492497,9.963952549616806,19.277009526570325,20.626751655747647,21.706545359089507,0.11005471600219605,0.058640070958063,0.1477054210845381,0.11955827113706616,0.14769181746523824,0.14769861927488817,0.1477040607226081,10.22799915659707,0.0491152629256248,21.84739923896268,9.875197999062948,19.13116519299801,20.489282215980346,21.575775834366215,0.6389932022197172,0.0006830310449004,1.26354211429134,0.6155491973040625,1.1946885796729474,1.2291153469821436,1.2566567608295007,210.4,1,480,194.5,416.09999999999997,448.04999999999995,473.61,211.4,2,481,195.5,417.09999999999997,449.04999999999995,474.61,,,
custom_vllm_long_input_short_output_fixed_num_requests_num_requests_10_qps_4_mixtral_7b_8expert,benchmark_output/figure-1/custom_vllm_long_input_short_output_fixed_num_requests_num_requests_10_qps_4_mixtral_7b_8expert,vllm,vllm,long_input_short_output,fixed_num_requests_qps_sweep,mixtral_8x7b,DiscoResearch/mixtral-7b-8expert,10,4.0,2,0.85,20480,39203.0,33012.42566619916,100.0,4.842215988779803,10,54669,2104,5466.9,210.4,0.12268059607595203,0.0630305209197104,0.1612615378107875,0.1252904225839302,0.16124848530162125,0.16125501155620436,0.16126023255987088,0.17019243487156918,0.09130660630762569,0.2471974384970963,0.1670487471856176,0.2270604364341124,0.23712893746560432,0.24518373829079793,0.0498042517823117,0.045598850189854,0.0574393004499143,0.0497099594435878,0.05151464785496768,0.05447697415244098,0.05684683519041964,0.049502655763733784,0.0455038525852918,0.056730173283865974,0.049345057805670806,0.051221547187828974,0.05397586023584747,0.056179310674262274,10.323506538383663,0.2334695067256689,22.01926454133354,9.880461625638418,19.29900249049533,20.659133515914434,21.74723833624972,0.04751183879561717,0.000156877329573,0.1064067517872899,0.0429141414351761,0.10445947872940448,0.10543311525834718,0.10621202448150135,10.275994699588045,0.1795448448974639,21.972885594004765,9.824477089452557,19.289718620828353,20.631302107416555,21.704568896687125,0.12268059607595203,0.0630305209197104,0.1612615378107875,0.1252904225839302,0.16124848530162125,0.16125501155620436,0.16126023255987088,10.153314103512093,0.0485243140719831,21.841849240940064,9.684638200560585,19.163846272393126,20.502847756666593,21.57404894408537,0.6916303103324026,0.0006753241177648,1.4451961254235357,0.589093804708682,1.3075489530572668,1.3763725392404011,1.4314314081869088,210.4,1,480,194.5,416.09999999999997,448.04999999999995,473.61,211.4,2,481,195.5,417.09999999999997,449.04999999999995,474.61,,,
custom_vllm_long_input_short_output_fixed_num_requests_num_requests_10_qps_5_mixtral_7b_8expert,benchmark_output/figure-1/custom_vllm_long_input_short_output_fixed_num_requests_num_requests_10_qps_5_mixtral_7b_8expert,vllm,vllm,long_input_short_output,fixed_num_requests_qps_sweep,mixtral_8x7b,DiscoResearch/mixtral-7b-8expert,10,5.0,2,0.85,20480,39203.0,33074.996463932104,100.0,5.408062234794908,10,54669,2104,5466.9,210.4,0.11013514290098099,0.0607082459609955,0.1554425579961389,0.11933075613342226,0.15542823625728483,0.15543539712671187,0.1554411258222535,0.17259100126102558,0.06730286241509009,0.3172606350854039,0.16358845436479885,0.2535565339960157,0.2854085845407097,0.3108902249764651,0.05074578556379664,0.046161104866647644,0.05838493657647632,0.050655671357996576,0.05334864085983449,0.055866788718155404,0.057881307004812144,0.05043722710913566,0.046064935898175466,0.05766413489034698,0.05032499526769789,0.05255670997603691,0.05511042243319194,0.057153392398915974,10.48732098969631,0.1944081566762179,22.250141964294016,10.111278488533571,19.53772145502735,20.89393170966068,21.97889991336735,0.0624558583600446,0.0001615583896636,0.1987005299888551,0.0382007642183452,0.13889595721848302,0.168798243603669,0.1927200727118179,10.424865131336265,0.1777499411255121,22.23951616999693,9.998555863043293,19.491967748897146,20.865741959447035,21.96476132788695,0.11013514290098099,0.0607082459609955,0.1554425579961389,0.11933075613342226,0.15542823625728483,0.15543539712671187,0.1554411258222535,10.314729988435284,0.0494185269344598,22.111169231124222,9.86155453149695,19.41091683148406,20.761043031304137,21.841143991160205,0.7340241401921958,0.0006826911121606,1.508537181187421,0.6351889549987391,1.3730242079589516,1.4407806945731862,1.4949858838645742,210.4,1,480,194.5,416.09999999999997,448.04999999999995,473.61,211.4,2,481,195.5,417.09999999999997,449.04999999999995,474.61,,,
custom_vllm_long_input_short_output_fixed_num_requests_num_requests_10_qps_6_mixtral_7b_8expert,benchmark_output/figure-1/custom_vllm_long_input_short_output_fixed_num_requests_num_requests_10_qps_6_mixtral_7b_8expert,vllm,vllm,long_input_short_output,fixed_num_requests_qps_sweep,mixtral_8x7b,DiscoResearch/mixtral-7b-8expert,10,6.0,2,0.85,20480,39203.0,32412.559310344826,100.0,5.611034482758621,10,54669,2104,5466.9,210.4,0.12856903665233405,0.0586687009781599,0.2542678341269493,0.12572207837365565,0.16440006275661284,0.209333948441781,0.24528105698991567,0.19552311969455324,0.0637921155430376,0.39919104776345193,0.17403279943391675,0.3107121787033974,0.3549516132334246,0.3903431608574465,0.04947698903313531,0.045509179853805044,0.05420211628661491,0.049761026408259884,0.051321649701343494,0.052761882993979194,0.053914069628087764,0.04917905692224447,0.04541436906244296,0.053532954357150525,0.049396113136503286,0.0508755026982837,0.05220422852771711,0.05326720919126384,10.316507154889404,0.2100890188012272,21.9555702067446,9.947670716792345,19.256976647139528,20.60627342694206,21.685710850784094,0.06695408304221925,0.000166930956766,0.1776406143326312,0.0413536701817065,0.14819495370611543,0.1629177840193733,0.17469604826997964,10.249553071847185,0.1766087228897959,21.927124693989757,9.842866924474945,19.20982775585726,20.568476224923504,21.655395000176508,0.12856903665233405,0.0586687009781599,0.2542678341269493,0.12572207837365565,0.16440006275661284,0.209333948441781,0.24528105698991567,10.120984035194851,0.0484051450621336,21.798897149972618,9.704039257601835,19.12925505356397,20.464076101768292,21.531932940331753,0.6874578220071271,0.0007102328818291,1.455954859033227,0.6082131877774373,1.325829226663336,1.3908920428482814,1.442942295796238,210.4,1,480,194.5,416.09999999999997,448.04999999999995,473.61,211.4,2,481,195.5,417.09999999999997,449.04999999999995,474.61,,,
custom_vllm_long_input_short_output_fixed_num_requests_num_requests_10_qps_7_mixtral_7b_8expert,benchmark_output/figure-1/custom_vllm_long_input_short_output_fixed_num_requests_num_requests_10_qps_7_mixtral_7b_8expert,vllm,vllm,long_input_short_output,fixed_num_requests_qps_sweep,mixtral_8x7b,DiscoResearch/mixtral-7b-8expert,10,7.0,2,0.85,20480,39383.0,33110.15487977369,100.0,4.828147100424328,10,54669,2104,5466.9,210.4,0.1496980279218405,0.0912901989649981,0.2040037719998508,0.1384555560071021,0.2039760492742061,0.20398991063702845,0.20400099972728633,0.2290111476089805,0.0915001418907195,0.38550620758905996,0.23079871200025076,0.3021776462905108,0.3438419269397853,0.37717335145920505,0.051011018966973,0.04653272030696211,0.058904091123258694,0.05159547825468502,0.05254803329064628,0.05572606220695248,0.058268485339997456,0.05070179437096835,0.04643577713965594,0.05817688012173698,0.05106376660952457,0.05223163265401167,0.05520425638787432,0.05758235537496445,10.613974615326152,0.3040596034843474,22.539493914693598,10.223473336081952,19.692178848595358,21.115836381644474,22.254762408083774,0.07931311968713997,0.0002099429257214,0.2653646636754274,0.06164804263971745,0.13825944906566282,0.20181205637054497,0.2526541422144509,10.53466149563901,0.1799229560419917,22.419662113068625,10.191321711055934,19.630551525531335,21.025106819299978,22.140751054314897,0.1496980279218405,0.0912901989649981,0.2040037719998508,0.1384555560071021,0.2039760492742061,0.20398991063702845,0.20400099972728633,10.38496346771717,0.0494485269300639,22.28917302703485,10.029422331484966,19.485709185525778,20.88744110628031,22.008826642883943,0.6238078832393512,0.0006893938407301,1.2795424819923935,0.6176345751155168,1.0883703790837898,1.1839564305380914,1.2604252717015332,210.4,1,480,194.5,416.09999999999997,448.04999999999995,473.61,211.4,2,481,195.5,417.09999999999997,449.04999999999995,474.61,,,
custom_vllm_long_input_short_output_fixed_num_requests_num_requests_10_qps_8_mixtral_7b_8expert,benchmark_output/figure-1/custom_vllm_long_input_short_output_fixed_num_requests_num_requests_10_qps_8_mixtral_7b_8expert,vllm,vllm,long_input_short_output,fixed_num_requests_qps_sweep,mixtral_8x7b,DiscoResearch/mixtral-7b-8expert,10,8.0,2,0.85,20480,39693.0,33625.82112068965,100.0,4.948994252873563,10,54669,2104,5466.9,210.4,0.19514956397470082,0.1088046999648213,0.2495205530431121,0.20201989298220718,0.2495089698815718,0.24951476146234197,0.24951939472695808,0.2728146620327606,0.1089808219112455,0.40489007136784494,0.2889458066783845,0.39468556756619366,0.3997878194670193,0.4038696209876798,0.05048830029476649,0.04636650516880999,0.05793877542600967,0.050216503543944906,0.05356742409348953,0.0557530997597496,0.05750164029275766,0.050183359373656755,0.04626990828304164,0.057223481902231775,0.04998188846225857,0.05305760532321368,0.05514054361272273,0.05680689424432997,10.59159223116003,0.3733516638167202,22.530868783593174,10.16089005197864,19.792197475000282,21.161533129296725,22.257001652733887,0.07766509805805978,0.0001761219464242,0.1554100913926959,0.07159058726392681,0.1451934537384659,0.1503017725655809,0.1543884276272729,10.51392713310197,0.2977882309351116,22.459076528903097,10.091771442908794,19.655365804932078,21.057221166917586,22.178705456505995,0.19514956397470082,0.1088046999648213,0.2495205530431121,0.20201989298220718,0.2495089698815718,0.24951476146234197,0.24951939472695808,10.318777569127269,0.0482805480714887,22.209555975859985,9.931698094471358,19.405869633797558,20.807712804828768,21.929187341653744,0.5849492753157393,0.0006898499559611,1.2568469129037112,0.5447775962529704,1.0713674987666308,1.164107205835171,1.2382989714900032,210.4,1,480,194.5,416.09999999999997,448.04999999999995,473.61,211.4,2,481,195.5,417.09999999999997,449.04999999999995,474.61,,,
custom_vllm_long_input_short_output_fixed_num_requests_num_requests_10_qps_9_mixtral_7b_8expert,benchmark_output/figure-1/custom_vllm_long_input_short_output_fixed_num_requests_num_requests_10_qps_9_mixtral_7b_8expert,vllm,vllm,long_input_short_output,fixed_num_requests_qps_sweep,mixtral_8x7b,DiscoResearch/mixtral-7b-8expert,10,9.0,2,0.85,20480,39693.0,33436.42592592593,100.0,5.73005698005698,10,54669,2104,5466.9,210.4,0.19457670180127024,0.0888484169263392,0.250646271975711,0.20464543905109167,0.2506337133701891,0.25063999267295,0.25064501611515877,0.2980041370494291,0.0890510173048823,0.4685656181536615,0.2736863692989572,0.45949760444927956,0.4640316113014705,0.4676588167832233,0.04932350907596477,0.0450906499754637,0.05700920134840999,0.04932110444813998,0.052637851968465835,0.05482352665843791,0.056572066410415574,0.04902452975844624,0.0450906499754637,0.05630538404781233,0.04911666212225032,0.052136856184886574,0.05422112011634945,0.055888531261519755,10.436335306055843,0.4427114215213805,22.3002720028162,9.9457679084735,19.524032590351997,20.912152296584097,22.02264806156978,0.10342743524815882,0.0002026003785431,0.2179583681281656,0.0836805899161845,0.20887974083889274,0.21341905448352916,0.2170505053992383,10.332907870807684,0.2957229679450393,22.15663524600677,9.8799492175458,19.32258501064498,20.73961012832587,21.87323022247059,0.19457670180127024,0.0888484169263392,0.250646271975711,0.20464543905109167,0.2506337133701891,0.25063999267295,0.25064501611515877,10.138331169006415,0.0450906499754637,21.90598897403106,9.717753896024078,19.07196324483957,20.488976109435313,21.622586401111914,0.5483167034341022,0.0007415490690618,1.1914862056728452,0.5158087101299316,1.005734248505905,1.098610227089375,1.1729110099561513,210.4,1,480,194.5,416.09999999999997,448.04999999999995,473.61,211.4,2,481,195.5,417.09999999999997,449.04999999999995,474.61,,,
custom_vllm_long_input_short_output_fixed_num_requests_num_requests_10_qps_10_mixtral_7b_8expert,benchmark_output/figure-1/custom_vllm_long_input_short_output_fixed_num_requests_num_requests_10_qps_10_mixtral_7b_8expert,vllm,vllm,long_input_short_output,fixed_num_requests_qps_sweep,mixtral_8x7b,DiscoResearch/mixtral-7b-8expert,10,10.0,2,0.85,20480,39409.0,33031.390780141846,100.0,5.313475177304965,10,54669,2104,5466.9,210.4,0.17591866008006035,0.1093351321760565,0.3409136519767344,0.14793122850824145,0.34088895155582577,0.3409013017662801,0.34091118193464354,0.2478475445648655,0.1561357288155704,0.4431064510717988,0.22430302528664464,0.44042312894016494,0.44176479000598184,0.44283811885863544,0.052229320942640135,0.04653574228831149,0.05906788462307304,0.05182855657207114,0.05588085522642359,0.05747436992474831,0.05874918168340809,0.05191306015039591,0.04643879282521084,0.05833865147957831,0.05156115386637042,0.055807931912074116,0.057073291695826214,0.05808557952282789,10.709724862547592,0.4986331919208169,22.730745538137853,10.265859224949963,19.95701157711446,21.343878557626155,22.453372142035516,0.07192888448480514,0.0022641839459538,0.139216735959053,0.09473063261248166,0.11649897231254726,0.12785785413580011,0.13694495959440245,10.637795978062787,0.3964129479136318,22.631534208077937,10.151125889387913,19.94505267855711,21.28829344331752,22.362886055125855,0.17591866008006035,0.1093351321760565,0.3409136519767344,0.14793122850824145,0.34088895155582577,0.3409013017662801,0.34091118193464354,10.461877317982726,0.0555267408490181,22.290620556101203,10.028932750457898,19.772476922976782,21.03154873953899,22.038806192788762,0.8179380474844947,0.0007616821676492,1.4395537737291306,0.8596780322259292,1.4332150367787109,1.4363844052539207,1.4389199000340887,210.4,1,480,194.5,416.09999999999997,448.04999999999995,473.61,211.4,2,481,195.5,417.09999999999997,449.04999999999995,474.61,,,
custom_sarathi_long_input_short_output_fixed_qps_num_requests_1_qps_1_qwen_7b,benchmark_output/figure-1/custom_sarathi_long_input_short_output_fixed_qps_num_requests_1_qps_1_qwen_7b,sarathi_chunk_128,sarathi,long_input_short_output,fixed_qps_num_requests_sweep,qwen_7b,Qwen/Qwen-7B,1,1.0,2,0.85,20480,39597.0,32609.47686567164,100.0,4.580597014925373,1,2494,254,2494.0,254.0,1.0950783309526742,1.0950783309526742,1.0950783309526742,1.0950783309526742,1.0950783309526742,1.0950783309526742,1.0950783309526742,1.0953184985555708,1.0953184985555708,1.0953184985555708,1.0953184985555708,1.0953184985555708,1.0953184985555708,1.0953184985555708,0.044463875866403046,0.044463875866403046,0.044463875866403046,0.044463875866403046,0.044463875866403046,0.044463875866403046,0.044463875866403046,0.04428882123700776,0.04428882123700776,0.04428882123700776,0.04428882123700776,0.04428882123700776,0.04428882123700776,0.04428882123700776,12.34467909275554,12.34467909275554,12.34467909275554,12.34467909275554,12.34467909275554,12.34467909275554,12.34467909275554,0.0002401676028966,0.0002401676028966,0.0002401676028966,0.0002401676028966,0.0002401676028966,0.0002401676028966,0.0002401676028966,12.344438925152645,12.344438925152645,12.344438925152645,12.344438925152645,12.344438925152645,12.344438925152645,12.344438925152645,1.0950783309526742,1.0950783309526742,1.0950783309526742,1.0950783309526742,1.0950783309526742,1.0950783309526742,1.0950783309526742,11.24936059419997,11.24936059419997,11.24936059419997,11.24936059419997,11.24936059419997,11.24936059419997,11.24936059419997,0.1298641273751855,0.1298641273751855,0.1298641273751855,0.1298641273751855,0.1298641273751855,0.1298641273751855,0.1298641273751855,273.0,273,273,273.0,273.0,273.0,273.0,274.0,274,274,274.0,274.0,274.0,274.0,13.36,0.07485029940119761,19.01197604790419
custom_sarathi_long_input_short_output_fixed_qps_num_requests_2_qps_1_qwen_7b,benchmark_output/figure-1/custom_sarathi_long_input_short_output_fixed_qps_num_requests_2_qps_1_qwen_7b,sarathi_chunk_128,sarathi,long_input_short_output,fixed_qps_num_requests_sweep,qwen_7b,Qwen/Qwen-7B,2,1.0,2,0.85,20480,39701.0,33687.87872023809,100.0,6.760416666666667,2,8953,569,4476.5,284.5,2.0279848750215024,1.101747778011486,2.954221972031519,2.0279848750215024,2.7689745526295155,2.861598262330517,2.9356972300913187,2.5337053877301514,1.101999586680904,3.965411188779399,2.5337053877301514,3.6790700285695492,3.822240608674474,3.9367770727584137,0.04765014170358129,0.04629619015012957,0.04900409325703301,0.04765014170358129,0.04873330294634267,0.04886869810168784,0.048977014225963976,0.047480190936964,0.04614921811790693,0.04881116375602107,0.047480190936964,0.04854496919220966,0.048678066474115364,0.04878454429963993,16.00122503831517,13.500035180710256,18.502414895920083,16.00122503831517,18.0021769243991,18.252295910159592,18.452391098767986,0.505720512708649,0.000251808669418,1.01118921674788,0.505720512708649,0.9100954759400338,0.9606423463439568,1.0010798426670953,15.49550452560652,13.499783372040838,17.491225679172203,15.49550452560652,17.092081448459066,17.291653563815636,17.45131125610089,2.0279848750215024,1.101747778011486,2.954221972031519,2.0279848750215024,2.7689745526295155,2.861598262330517,2.9356972300913187,13.467519650585018,12.398035594029352,14.537003707140684,13.467519650585018,14.32310689582955,14.430055301485117,14.51561402600957,0.1897228743182495,0.1861809727270156,0.1932647759094834,0.1897228743182495,0.19255639559123663,0.19291058575036002,0.19319393787765873,319.5,273,366,319.5,356.7,361.35,365.07,320.5,274,367,320.5,357.7,362.35,366.07,19.53,0.10240655401945724,29.134664618535584
custom_sarathi_long_input_short_output_fixed_qps_num_requests_3_qps_1_qwen_7b,benchmark_output/figure-1/custom_sarathi_long_input_short_output_fixed_qps_num_requests_3_qps_1_qwen_7b,sarathi_chunk_128,sarathi,long_input_short_output,fixed_qps_num_requests_sweep,qwen_7b,Qwen/Qwen-7B,3,1.0,2,0.85,20480,39701.0,33162.10401721664,100.0,6.906025824964132,3,12935,775,4311.666666666667,258.3333333333333,1.949952376075089,1.0924733011052012,2.924826347036287,1.8325574800837785,2.7063725736457855,2.815599460341036,2.902980969697237,3.470274792984128,1.092727911658585,5.385538303526118,3.9325581637676805,5.0949422755744305,5.240240289550274,5.35647870073095,0.048889741073458996,0.047748864589758765,0.05085499480591256,0.048065363824705644,0.050297068609671175,0.05057603170779187,0.050799202186288424,0.04869487588133401,0.04751707398495411,0.05065477829092865,0.047912775368119276,0.05010637770636677,0.05038057799864771,0.05059993823247246,16.052726515568793,13.95904159755446,19.025082404725254,15.174055544426665,18.254877032665537,18.639979718695393,18.948061867519282,1.520322416909039,0.0002546105533838,3.55298082344234,1.0077318167313931,3.0439310221001508,3.298455922771245,3.5020758433081207,14.532404098659754,11.621074720984325,18.01735058799386,13.958786987001076,17.205637867795303,17.611494227894582,17.936179315974005,1.949952376075089,1.0924733011052012,2.924826347036287,1.8325574800837785,2.7063725736457855,2.815599460341036,2.902980969697237,12.582451722584665,9.788517240900546,15.092524240957571,12.866313685895877,14.647282129945232,14.8699031854514,15.048000029856338,0.20862329130371413,0.1358457484748214,0.2510352700483054,0.2389888553880155,0.24862598711624742,0.2498306285822764,0.25079434175509957,292.0,237,366,273.0,347.4,356.7,364.14,293.0,238,367,274.0,348.4,357.7,365.14,20.04,0.14970059880239522,38.672654690618764
custom_sarathi_long_input_short_output_fixed_qps_num_requests_4_qps_1_qwen_7b,benchmark_output/figure-1/custom_sarathi_long_input_short_output_fixed_qps_num_requests_4_qps_1_qwen_7b,sarathi_chunk_128,sarathi,long_input_short_output,fixed_qps_num_requests_sweep,qwen_7b,Qwen/Qwen-7B,4,1.0,2,0.85,20480,39701.0,33706.46052631579,100.0,7.1118421052631575,4,17393,856,4348.25,214.0,2.043601938756183,1.0096718270797282,2.902463397011161,2.131136265466921,2.763304307078943,2.8328838520450517,2.888547488017939,4.384510950418189,1.0099438547622412,7.409521714784205,4.559289116063155,6.771101915603504,7.090311815193854,7.345679734866135,0.049901949838490854,0.04821135973907076,0.05262469650952977,0.04938587155268144,0.051775518624879835,0.0522001075672048,0.05253977872106478,0.0496020525045109,0.04761615776698346,0.052417512665004065,0.049187269793028024,0.05155797424891471,0.05198774345695939,0.05233155882339513,15.073942711169366,11.266430493909866,19.21610133163631,14.906619509565644,18.098045016382823,18.657073174009565,19.10429570011096,2.3409090116620064,0.0002720276825129,4.970921950880438,2.196221034042537,4.516980250761844,4.743951100821141,4.9255277808685785,12.73303369950736,6.295508543029428,18.28144221403636,13.177592020481825,17.09412556302268,17.68778388852952,18.162710548934992,2.043601938756183,1.0096718270797282,2.902463397011161,2.131136265466921,2.763304307078943,2.8328838520450517,2.888547488017939,10.689431760751177,3.8569087791256607,15.3789788170252,11.760919723426923,14.75949963699095,15.069239227008074,15.317030899021773,0.20391133765224367,0.0752116439398378,0.3011149852536618,0.2196593607077375,0.2916405464755371,0.29637776586459946,0.30016754137584933,248.25,117,366,255.0,338.1,352.04999999999995,363.21,249.25,118,367,256.0,339.1,353.04999999999995,364.21,20.23,0.1977261492832427,42.31339594661394
custom_sarathi_long_input_short_output_fixed_qps_num_requests_5_qps_1_qwen_7b,benchmark_output/figure-1/custom_sarathi_long_input_short_output_fixed_qps_num_requests_5_qps_1_qwen_7b,sarathi_chunk_128,sarathi,long_input_short_output,fixed_qps_num_requests_sweep,qwen_7b,Qwen/Qwen-7B,5,1.0,2,0.85,20480,39701.0,33693.69617563739,100.0,8.024079320113314,5,26106,1039,5221.2,207.8,2.468470892589539,1.0850645080208778,4.112060874002054,2.130579215008765,3.7505557591561227,3.9313083165790883,4.075910362517461,5.711622418044135,1.0853855737950653,10.171877802116796,5.636336213676259,9.085168966045604,9.628523384081198,10.063206918509676,0.05290734293303008,0.04690442584547122,0.05719507281319238,0.05298340030173521,0.05669157574309879,0.056943324278145586,0.05714472310618302,0.05258666479987889,0.04664811750751783,0.05648896080315297,0.05272619932939669,0.05617981982819647,0.05633439031567472,0.05645804670565732,16.572060494776814,12.030711536994204,20.385897256666794,16.497933275531977,19.7149316763971,20.050414466531947,20.318800698639826,3.2431515254545955,0.0003210657741874,6.059816928114742,3.8299844346474856,5.765700755640864,5.912758841877803,6.030405310867354,13.32890896932222,6.706185040064156,19.38478855486028,12.667948840884492,17.72565554608591,18.555222050473095,19.21887525398284,2.468470892589539,1.0850645080208778,4.112060874002054,2.130579215008765,3.7505557591561227,3.9313083165790883,4.075910362517461,10.860438076732681,4.575605825055391,16.176490467973053,10.861597061855718,15.366650890745223,15.771570679359138,16.09550651025027,0.2162125753704458,0.08386921742931,0.3385662604123354,0.1981079701799899,0.3169414716772735,0.32775386604480444,0.3364037815388292,249.2,117,366,253.0,328.8,347.4,362.28,250.2,118,367,254.0,329.8,348.4,363.28,21.6,0.23148148148148145,48.10185185185185
custom_sarathi_long_input_short_output_fixed_qps_num_requests_6_qps_1_qwen_7b,benchmark_output/figure-1/custom_sarathi_long_input_short_output_fixed_qps_num_requests_6_qps_1_qwen_7b,sarathi_chunk_128,sarathi,long_input_short_output,fixed_qps_num_requests_sweep,qwen_7b,Qwen/Qwen-7B,6,1.0,2,0.85,20480,39701.0,33381.612068965514,100.0,8.681752873563218,6,34935,1148,5822.5,191.33333333333334,2.744490626229284,1.0878799110651016,4.363933627959341,2.5058997275773436,4.2754232285078615,4.319678428233601,4.355082588014193,6.748161426822965,1.088151279836893,13.108663296326995,6.233882883912884,11.52058875723742,12.314626026782207,12.949855842418039,0.05513251618314099,0.047671739037873015,0.059859310000319965,0.05629924082041751,0.05902537016597555,0.05944234008314776,0.059775916016885526,0.05477476918865167,0.047234383633855834,0.05912030617315552,0.05607210146877342,0.0585413181926854,0.05883081218292046,0.05906240737510851,17.295341869311716,11.92822846211493,21.148555387742817,17.70093861303758,20.315681186970323,20.73211828735657,21.06526796766557,4.003670800593682,0.0002713687717914,8.744729668367654,4.2643616133136675,7.245165528729558,7.994947598548606,8.594773254403846,13.291671068718037,6.911369407083839,20.14585623703897,13.685003769584,17.978084011003375,19.061970124021173,19.929079014435413,2.744490626229284,1.0878799110651016,4.363933627959341,2.5058997275773436,4.2754232285078615,4.319678428233601,4.355082588014193,10.547180442488752,4.788744800025597,17.256681388942525,10.683338387985714,15.989556631422602,16.623119010182563,17.129968913190535,0.22674391562274346,0.0949113012757152,0.3856117709074169,0.220203444827348,0.3478725540917367,0.36674216249957675,0.38183784922584885,237.83333333333334,117,366,245.0,319.5,342.75,361.35,238.83333333333334,118,367,246.0,320.5,343.75,362.35,22.06,0.271985494106981,52.03989120580236
custom_sarathi_long_input_short_output_fixed_qps_num_requests_7_qps_1_qwen_7b,benchmark_output/figure-1/custom_sarathi_long_input_short_output_fixed_qps_num_requests_7_qps_1_qwen_7b,sarathi_chunk_128,sarathi,long_input_short_output,fixed_qps_num_requests_sweep,qwen_7b,Qwen/Qwen-7B,7,1.0,2,0.85,20480,39701.0,33294.31870503597,100.0,8.912230215827337,7,39128,1214,5589.714285714285,173.42857142857142,2.587286380718329,1.0750351648312062,4.282682392047718,2.0534133778419346,4.172576696937904,4.227629544492811,4.271671822536737,7.436184740059876,1.0752311216201633,12.781205658335239,6.981020399834961,12.595450077671556,12.688327868003398,12.76263010026887,0.05422816889916965,0.04696730904710981,0.05860642867628485,0.055089150522064395,0.05822322710417211,0.058414827890228484,0.058568108519073576,0.05381804215190813,0.04625568315245663,0.0578828925197875,0.05491426432993086,0.0577649745074292,0.05782393351360835,0.05787110071855167,16.941404281483432,11.669534693937749,21.113186954753477,17.124029810540378,20.112994655407967,20.61309080508072,21.013167724818924,4.848898359341547,0.0001959567889571,10.49409560789354,4.927607021993026,9.296752202929929,9.895423905411732,10.374361267397177,12.092505922141884,5.030392504064366,20.11982173495926,13.684745617909355,17.342321858881043,18.731071796920148,19.842071747351437,2.587286380718329,1.0750351648312062,4.282682392047718,2.0534133778419346,4.172576696937904,4.227629544492811,4.271671822536737,9.505219541423555,3.0528750880621374,17.29799326392822,9.75780963897705,15.568569371569902,16.43328131774906,17.125050874692388,0.18314039614051578,0.0506003180053085,0.3495434967335313,0.1934754713438451,0.3050972105935216,0.3273203536635264,0.3450988681195303,218.0,99,366,237.0,310.20000000000005,338.0999999999999,360.41999999999996,219.0,100,367,238.0,311.20000000000005,339.0999999999999,361.41999999999996,22.01,0.31803725579282144,55.15674693321217
custom_sarathi_long_input_short_output_fixed_qps_num_requests_8_qps_1_qwen_7b,benchmark_output/figure-1/custom_sarathi_long_input_short_output_fixed_qps_num_requests_8_qps_1_qwen_7b,sarathi_chunk_128,sarathi,long_input_short_output,fixed_qps_num_requests_sweep,qwen_7b,Qwen/Qwen-7B,8,1.0,2,0.85,20480,39701.0,34252.397698209716,100.0,13.07928388746803,8,44747,1623,5593.375,202.875,2.6711136433586944,1.0901656539645046,4.366035326849669,2.4654856745619327,4.217254682979546,4.291645004914607,4.351157262462657,8.67312229872914,1.0904161946382374,15.57075907010585,8.626296998932958,13.898914203164168,14.734836636635007,15.403574583411682,0.05651191468375277,0.04501492933566481,0.05946310274885036,0.05805590716295424,0.05930486739833169,0.05938398507359103,0.05944727921379849,0.05610596864899087,0.04490486838374387,0.05894949374205062,0.057805288060779836,0.05879514138107963,0.05887231756156513,0.05893405850595352,19.762483945989516,12.004005764843896,33.936850239057094,18.4455819549039,25.73062493044417,29.833737584750626,33.1162277081958,6.002008655370446,0.0002505406737327,12.772145461058244,5.483372353948653,11.457727961312047,12.114936711185145,12.640703711083624,13.76047529061907,5.7293803410138935,21.20649921405129,14.352329714922234,21.177243108814583,21.191871161432935,21.20357360352762,2.6711136433586944,1.0901656539645046,4.366035326849669,2.4654856745619327,4.217254682979546,4.291645004914607,4.351157262462657,11.089361647260375,3.701511026825756,18.366091168951243,11.3425001159776,18.3004309871234,18.33326107803732,18.35952515076846,0.21558080957038325,0.0687222371343523,0.396316027501598,0.23021839675493533,0.3257174730068072,0.36101675025420255,0.3892561720521189,247.625,99,455,245.0,392.7,423.84999999999997,448.77,248.625,100,456,246.0,393.7,424.84999999999997,449.77,39.95,0.2002503128911139,40.625782227784725
custom_sarathi_long_input_short_output_fixed_qps_num_requests_9_qps_1_qwen_7b,benchmark_output/figure-1/custom_sarathi_long_input_short_output_fixed_qps_num_requests_9_qps_1_qwen_7b,sarathi_chunk_128,sarathi,long_input_short_output,fixed_qps_num_requests_sweep,qwen_7b,Qwen/Qwen-7B,9,1.0,2,0.85,20480,39701.0,34483.6535483871,100.0,12.883870967741936,9,47905,1624,5322.777777777777,180.44444444444446,2.4612904384525285,0.9847103389911354,4.273739545140415,2.0386224309913814,4.086458201799542,4.180098873469978,4.255011410806328,8.994877936189166,0.9848495058249681,15.76638651988469,9.359395323088393,15.017670636018739,15.392028577951715,15.691514931498096,0.05569197881505487,0.04621085246588907,0.060348414891184525,0.05782304041204043,0.05969773216332253,0.06002307352725353,0.06028334661839833,0.055325981545313124,0.04609786749653482,0.05943404496859082,0.05738217706333787,0.059077903599124106,0.05925597428385746,0.059398430831644145,18.852971632240546,11.337951361900195,33.68451947113499,16.836788227548823,24.155750558059665,28.92013501459732,32.73164257982746,6.5335874977366375,0.0001391668338328,14.22064651385881,5.319757457124069,12.474895258853213,13.34777088635601,14.04607138835825,12.31938413450391,1.592615749919787,21.646062026033174,13.520150687778369,21.026203537965195,21.336132781999186,21.584076177226375,2.4612904384525285,0.9847103389911354,4.273739545140415,2.0386224309913814,4.086458201799542,4.180098873469978,4.255011410806328,9.85809369605138,0.0468757438939064,18.85402780608274,10.73711273400113,18.23111418117769,18.542570993630214,18.791736443592235,0.19253706657845107,0.0155271373223513,0.4016910272184759,0.2129878075793385,0.31077806954272086,0.3562345483805983,0.3925997314509004,223.0,26,455,237.0,383.8,419.4,447.88,224.0,27,456,238.0,384.8,420.4,448.88,39.79,0.22618748429253582,40.81427494345313
custom_sarathi_long_input_short_output_fixed_num_requests_num_requests_10_qps_1_qwen_7b,benchmark_output/figure-1/custom_sarathi_long_input_short_output_fixed_num_requests_num_requests_10_qps_1_qwen_7b,sarathi_chunk_128,sarathi,long_input_short_output,fixed_num_requests_qps_sweep,qwen_7b,Qwen/Qwen-7B,10,1.0,2,0.85,20480,39701.0,34457.29710144927,100.0,14.985507246376812,10,54669,2104,5466.9,210.4,2.5190711851231753,1.0685139189008623,4.2403049019631,2.376912282081321,4.023780474578961,4.132042688271031,4.218652459224686,10.078180543985217,1.068716556765139,18.70373661373742,10.911357889999636,16.07440962777473,17.389073120756073,18.44080391514115,0.05560179698340921,0.04492556930243549,0.0592648980673402,0.057333000788092905,0.05908571079230079,0.05917530442982049,0.05924697933983626,0.05526650129288875,0.04483197436638875,0.0592648980673402,0.057012277583958056,0.05836782824085734,0.05881636315409877,0.059175191084691915,21.104059080639853,11.524058307055384,40.22308430960402,17.939654830493964,34.7598279783735,37.491456143988756,39.676758676480965,7.559109358862043,0.0002026378642767,15.691215072525663,6.946757551864721,14.38764348172117,15.039429277123416,15.560857913445215,13.544949721777812,1.5987248891033232,24.531869237078357,14.071292314911261,22.271120741264895,23.401494989171624,24.305794387497013,2.5190711851231753,1.0685139189008623,4.2403049019631,2.376912282081321,4.023780474578961,4.132042688271031,4.218652459224686,11.025878536654636,0.0592648980673402,21.5193476958666,11.187885549967177,19.52369503090158,20.52152136338409,21.319782429370097,0.22182701476849614,0.020891040796414,0.4161542349029332,0.2366947500267997,0.38141763892490416,0.3987859369139186,0.4126805753051303,254.1,26,534,245.0,462.9,498.44999999999993,526.89,255.1,27,535,246.0,463.9,499.44999999999993,527.89,47.305,0.2113941443822006,44.47732797801501
custom_sarathi_long_input_short_output_fixed_qps_num_requests_10_qps_1_qwen_7b,benchmark_output/figure-1/custom_sarathi_long_input_short_output_fixed_qps_num_requests_10_qps_1_qwen_7b,sarathi_chunk_128,sarathi,long_input_short_output,fixed_qps_num_requests_sweep,qwen_7b,Qwen/Qwen-7B,10,1.0,2,0.85,20480,39701.0,34305.58529048208,100.0,15.779357231149568,10,54669,2104,5466.9,210.4,2.5918448138982058,1.1055614380165937,4.307919900165871,2.4512639733729884,4.152275125845335,4.230097513005603,4.292355422733817,10.420758468611165,1.1057645496912303,19.41649823449552,11.288961588405073,16.665428858762606,18.04096354662906,19.14139129692223,0.056879392989416036,0.04565321340902256,0.06112775434023486,0.05883027128148585,0.06062583953264552,0.06087679693644019,0.06107756285947593,0.05653436932083804,0.045558102547753755,0.06020157624417069,0.05845754706689528,0.06003310186892331,0.060117339056546995,0.06018472880664595,21.712663382524624,11.842133468948305,41.28438745741733,18.44273569143843,35.768203522125255,38.526295489771286,40.73276906388813,7.82891365471296,0.0002031116746366,16.267422903561965,7.199902858119458,14.912940210616215,15.590181557089089,16.13197463426739,13.883749727811665,1.6562129971571269,25.01696455385536,14.430398916592821,22.840166560537178,23.928565557196265,24.79928475452354,2.5918448138982058,1.1055614380165937,4.307919900165871,2.4512639733729884,4.152275125845335,4.230097513005603,4.292355422733817,11.29190491391346,0.0589006470981985,21.867889222921804,11.467583114048466,19.991937520960345,20.929913371941073,21.680294052725657,0.22769525353796777,0.0189308719709515,0.4254211930092424,0.24876598431728775,0.37736021832097316,0.4013907056651077,0.4206150955404155,254.1,26,534,245.0,462.9,498.44999999999993,526.89,255.1,27,535,246.0,463.9,499.44999999999993,527.89,47.305,0.2113941443822006,44.47732797801501
custom_sarathi_long_input_short_output_fixed_num_requests_num_requests_10_qps_2_qwen_7b,benchmark_output/figure-1/custom_sarathi_long_input_short_output_fixed_num_requests_num_requests_10_qps_2_qwen_7b,sarathi_chunk_128,sarathi,long_input_short_output,fixed_num_requests_qps_sweep,qwen_7b,Qwen/Qwen-7B,10,2.0,2,0.85,20480,39701.0,34444.76094890511,100.0,14.773722627737227,10,54669,2104,5466.9,210.4,2.575440608081408,1.0995381609536707,4.31571504380554,2.445851459982805,4.109482987923547,4.212599015864543,4.29509183821734,11.743944477196782,1.0997030672151595,22.24111479078419,12.52470973925665,19.494257257902063,20.867686024343126,21.966429037495978,0.056693090145379835,0.04618269836944226,0.06123621026054025,0.05837974850550185,0.06071351682728467,0.06097486354391246,0.06118394091721469,0.05634882901915428,0.04608648441450593,0.060308388892956304,0.057966840490178875,0.06011990995840489,0.060214149425680596,0.060289540999501165,23.03506377269514,11.994864878011867,44.36262730974704,20.084226964740083,38.461318156262855,41.411972733004944,43.77249639439862,9.168503869115375,0.0001649062614887,19.11083263973705,8.323568059829995,17.76720454765018,18.439018593693614,18.976469830528366,13.866559903579764,1.6290008910000324,25.251794670009986,14.35557322204113,22.93973522321321,24.095764946611595,25.02058872533031,2.575440608081408,1.0995381609536707,4.31571504380554,2.445851459982805,4.109482987923547,4.212599015864543,4.29509183821734,11.291119295498357,0.0578625630587339,22.121512518962845,11.444074127473868,20.0792109452188,21.10036173209082,21.91728236158844,0.21394947133958336,0.018186806468293,0.4011783350724727,0.23227154894266275,0.3517007663613185,0.3764395507168955,0.39623057820135726,254.1,26,534,245.0,462.9,498.44999999999993,526.89,255.1,27,535,246.0,463.9,499.44999999999993,527.89,47.42,0.21088148460565162,44.3694643610291
custom_sarathi_long_input_short_output_fixed_num_requests_num_requests_10_qps_3_qwen_7b,benchmark_output/figure-1/custom_sarathi_long_input_short_output_fixed_num_requests_num_requests_10_qps_3_qwen_7b,sarathi_chunk_128,sarathi,long_input_short_output,fixed_num_requests_qps_sweep,qwen_7b,Qwen/Qwen-7B,10,3.0,2,0.85,20480,39701.0,34715.30445246691,100.0,14.720818291215403,10,54669,2104,5466.9,210.4,2.558533718599938,1.0866957511752844,4.316587107023224,2.4214261064771563,4.104993551061488,4.210790329042356,4.2954277514270505,12.226214730157517,1.1960091122891754,23.16700989892706,12.952195573830977,20.473811089573427,21.82041049425024,22.897690017991696,0.05689894512568081,0.04512780235928633,0.0626779911108315,0.05852429192918457,0.06105739685850075,0.06186769398466612,0.06251593168559842,0.05655581299633562,0.04503378610437115,0.0626779911108315,0.058104971567212824,0.060243906258015865,0.06146094868442368,0.062434582625549934,23.418487770482898,12.124203639337791,44.783227229025215,20.83289480197709,38.979076253622765,41.88115174132398,44.20281213148497,9.66768101155758,0.109313361113891,20.104067985899743,8.75316044234205,18.73618841099087,19.420128198445305,19.967280028408855,13.750806758925318,1.6530429769773036,24.67915924312547,14.349134908989072,22.54650685354136,23.61283304833341,24.46589400416706,2.558533718599938,1.0866957511752844,4.316587107023224,2.4214261064771563,4.104993551061488,4.210790329042356,4.2954277514270505,11.19227304032538,0.0626779911108315,21.616217330098152,11.4221577210119,19.717894477350637,20.667055903724393,21.4263850448234,0.23287514674011614,0.0204386778641492,0.4364057031925767,0.2498983127297833,0.39255363664124154,0.4144796699169091,0.4320204965374432,254.1,26,534,245.0,462.9,498.44999999999993,526.89,255.1,27,535,246.0,463.9,499.44999999999993,527.89,46.67,0.21427040925648166,45.08249410756375
custom_sarathi_long_input_short_output_fixed_num_requests_num_requests_10_qps_4_qwen_7b,benchmark_output/figure-1/custom_sarathi_long_input_short_output_fixed_num_requests_num_requests_10_qps_4_qwen_7b,sarathi_chunk_128,sarathi,long_input_short_output,fixed_num_requests_qps_sweep,qwen_7b,Qwen/Qwen-7B,10,4.0,2,0.85,20480,39701.0,34301.62903225807,100.0,14.437275985663083,10,54669,2104,5466.9,210.4,2.5534381876001135,1.1059653980191797,4.251811418915168,2.422294259420596,4.126734383264557,4.189272901089862,4.239303715350107,12.580165647389368,1.2691342812031507,23.6754384774249,13.330534581211396,21.03221887021791,22.353828673821404,23.4111165167042,0.056294833975389424,0.04482737198104549,0.06047275998414709,0.0584679663335444,0.059917773322220175,0.06019526665318363,0.0604172613179544,0.055953325231685135,0.04473398162275165,0.059556506044993344,0.05801282676714563,0.05933192318221484,0.05944421461360409,0.05953404775871549,23.71826434168033,12.35502541810274,45.147749656345695,21.27405413868837,39.38504895798396,42.266399307164825,44.571479586509525,10.026727459789253,0.163168883183971,20.67104549426585,9.148210404324345,19.313799586659297,19.992422540462574,20.535320903505195,13.691536881891079,1.6345875300467014,24.47670416207984,14.280920996912755,22.39272372212727,23.434713942103553,24.268306118084585,2.5534381876001135,1.1059653980191797,4.251811418915168,2.422294259420596,4.126734383264557,4.189272901089862,4.239303715350107,11.138098694290965,0.0590542131103575,21.47231117892079,11.337046295404434,19.592816144530662,20.532563661725725,21.28436167548178,0.22723334201145917,0.0212519261986017,0.4368601073510945,0.25093883147928864,0.36499728676863014,0.4009286970598622,0.4296738252928481,254.1,26,534,245.0,462.9,498.44999999999993,526.89,255.1,27,535,246.0,463.9,499.44999999999993,527.89,46.48,0.21514629948364888,45.26678141135973
custom_sarathi_long_input_short_output_fixed_num_requests_num_requests_10_qps_5_qwen_7b,benchmark_output/figure-1/custom_sarathi_long_input_short_output_fixed_num_requests_num_requests_10_qps_5_qwen_7b,sarathi_chunk_128,sarathi,long_input_short_output,fixed_num_requests_qps_sweep,qwen_7b,Qwen/Qwen-7B,10,5.0,2,0.85,20480,39701.0,34578.88217703349,100.0,14.926435406698564,10,54669,2104,5466.9,210.4,2.5912070238031446,1.129915043944493,4.227764530107379,2.4463602054165676,4.1979416746180505,4.212853102362715,4.224782244558446,12.97118871861603,1.3447217484936118,24.38448863546364,13.744888043380342,21.647518928023054,23.016003781743343,24.11079166471958,0.05683556260981594,0.04563816304373047,0.06081780473916577,0.0589542877698745,0.060299679247799734,0.060558741993482754,0.06076599219002917,0.0564908788393669,0.04554308353738937,0.05989632284917841,0.05869931436644617,0.05971011914344427,0.05980322099631134,0.059877702478604994,24.24206457750406,12.692161473678423,46.24516873341054,21.80966614605859,40.28719977904111,43.26618425622582,45.6493718379736,10.379981694812887,0.2148067045491188,21.27493367739953,9.53369176632259,19.888143554329872,20.5815386158647,21.136254665092565,13.862082882691174,1.6686840038746595,24.970235056011006,14.38210877252277,22.751691197208128,23.860963126609565,24.748380670130718,2.5912070238031446,1.129915043944493,4.227764530107379,2.4463602054165676,4.1979416746180505,4.212853102362715,4.224782244558446,11.27087585888803,0.0593285840004682,21.860680097946897,11.379306361428462,19.934873674530536,20.897776886238713,21.66809945560526,0.23308755792677402,0.0217966013588011,0.4404150864575058,0.2527757951756939,0.3882745399605483,0.414344813209027,0.43520103180781006,254.1,26,534,245.0,462.9,498.44999999999993,526.89,255.1,27,535,246.0,463.9,499.44999999999993,527.89,47.23,0.21172983273343216,44.547956807114126
custom_sarathi_long_input_short_output_fixed_num_requests_num_requests_10_qps_6_qwen_7b,benchmark_output/figure-1/custom_sarathi_long_input_short_output_fixed_num_requests_num_requests_10_qps_6_qwen_7b,sarathi_chunk_128,sarathi,long_input_short_output,fixed_num_requests_qps_sweep,qwen_7b,Qwen/Qwen-7B,10,6.0,2,0.85,20480,39701.0,34569.26068376069,100.0,15.05006105006105,10,54669,2104,5466.9,210.4,2.5670562512474135,1.1197144018951803,4.271100234007463,2.406250464147888,4.0928540037479255,4.181977118877694,4.253275610981509,12.952233461849392,1.372303695883602,24.383787406608462,13.638000809936784,21.672865991294387,23.02832669895142,24.112695265077054,0.05627154078575031,0.04481838697699795,0.060389995800617796,0.05811020970708697,0.060180742820629324,0.06028536931062356,0.06036907050261895,0.055930481587006045,0.04472501533746254,0.05960558888869821,0.05772165074882925,0.05948805516669014,0.05954682202769417,0.059593835516497405,24.083129380317406,12.49510286259465,45.85179476859048,21.78879425360356,39.92583964995574,42.88881720927311,45.25919925672701,10.385177210601977,0.2525892939884215,21.304162711603567,9.46592625940684,19.911188777233477,20.607675744418522,21.16486531816656,13.697952169715427,1.6744278981350362,24.547632056986917,14.243280597031116,22.357517094979993,23.45257457598345,24.328620560786224,2.5670562512474135,1.1197144018951803,4.271100234007463,2.406250464147888,4.0928540037479255,4.181977118877694,4.253275610981509,11.130895918468013,0.0591892930679023,21.468007361982018,11.353930759476498,19.571182634029533,20.519594998005775,21.27832488918677,0.22959910484496499,0.0204199682921171,0.4294413013849407,0.24675519461743528,0.3874540146673098,0.40844765802612515,0.4252425727131776,254.1,26,534,245.0,462.9,498.44999999999993,526.89,255.1,27,535,246.0,463.9,499.44999999999993,527.89,46.6,0.2145922746781116,45.15021459227468
custom_sarathi_long_input_short_output_fixed_num_requests_num_requests_10_qps_7_qwen_7b,benchmark_output/figure-1/custom_sarathi_long_input_short_output_fixed_num_requests_num_requests_10_qps_7_qwen_7b,sarathi_chunk_128,sarathi,long_input_short_output,fixed_num_requests_qps_sweep,qwen_7b,Qwen/Qwen-7B,10,7.0,2,0.85,20480,39701.0,34258.19827586207,100.0,14.929187192118226,10,54669,2104,5466.9,210.4,2.596984017081559,1.1177014389541,4.325948899844661,2.472072027041577,4.190445101447404,4.258197000646033,4.312398520004936,13.20343426775653,1.380774020915851,24.8379303237889,13.925512948655523,22.126344367931598,23.482137345860245,24.56677172820317,0.05723529461684072,0.0459099987765778,0.061383378154669814,0.05935451612987809,0.0607839389399697,0.06108365854731976,0.0613234342331998,0.05688861214014864,0.045814352945793266,0.060453326970508155,0.05889274094646346,0.060433289345184445,0.0604433081578463,0.060451323207975784,24.531040255050176,12.717067048652098,46.82881973776966,22.210395898553543,40.72964001577347,43.77922987677156,46.218901765570045,10.606450250674971,0.263072581961751,21.753819319652397,9.674843936809339,20.403095893305725,21.07845760647906,21.61874697701773,13.924590004375204,1.6324725898448378,25.07500041811727,14.501951538491994,22.764217650005595,23.91960903406143,24.843922141306102,2.596984017081559,1.1177014389541,4.325948899844661,2.472072027041577,4.190445101447404,4.258197000646033,4.312398520004936,11.327605987293646,0.0604310629423707,21.990889413980767,11.50378431007266,19.89201205451973,20.941450734250246,21.781001678034663,0.22748199633788319,0.0210626376792788,0.4268366901669651,0.24986646743491292,0.37314823602791874,0.39999246309744185,0.4214678447530605,254.1,26,534,245.0,462.9,498.44999999999993,526.89,255.1,27,535,246.0,463.9,499.44999999999993,527.89,47.42,0.21088148460565162,44.3694643610291
custom_sarathi_long_input_short_output_fixed_num_requests_num_requests_10_qps_8_qwen_7b,benchmark_output/figure-1/custom_sarathi_long_input_short_output_fixed_num_requests_num_requests_10_qps_8_qwen_7b,sarathi_chunk_128,sarathi,long_input_short_output,fixed_num_requests_qps_sweep,qwen_7b,Qwen/Qwen-7B,10,8.0,2,0.85,20480,39701.0,34381.99387254902,100.0,15.021446078431373,10,54669,2104,5466.9,210.4,2.5371558987069873,1.0630720739718529,4.267254067119211,2.414898937451653,4.093400697177276,4.180327382148243,4.2498687301250175,12.925331409461796,1.3557394079398366,24.391752942698076,13.596551238326356,21.73696292093955,23.06435793181881,24.126273940522225,0.05635685774615982,0.04530840346955214,0.06048782913802335,0.05806679168141782,0.06036988654997767,0.06042885784400051,0.06047603487921878,0.05601613133456438,0.04521401096232391,0.0603567818179726,0.05764013545656262,0.05964989037231796,0.06000333609514528,0.060286092673407135,24.06706698338967,12.372186979046091,46.09447820461355,21.803980372147635,40.12045793123543,43.107468067924486,45.497076177275744,10.38817551075481,0.2926673339679837,21.3762435966637,9.425882376730442,20.016786728869196,20.696515162766445,21.240297909884248,13.67889147263486,1.636607067892328,24.718234607949853,14.229795866413042,22.48582769632339,23.602031152136618,24.49499391678721,2.5371558987069873,1.0630720739718529,4.267254067119211,2.414898937451653,4.093400697177276,4.180327382148243,4.2498687301250175,11.141735573927871,0.0603567818179726,21.702725261915475,11.32521029736381,19.685510235908442,20.694117748911957,21.501003759314774,0.2302524466766044,0.0205185199156403,0.4328211303800344,0.24793033092282707,0.3849885246250778,0.4089048275025561,0.42803786980453873,254.1,26,534,245.0,462.9,498.44999999999993,526.89,255.1,27,535,246.0,463.9,499.44999999999993,527.89,46.55,0.21482277121374868,45.19871106337272
custom_sarathi_long_input_short_output_fixed_num_requests_num_requests_10_qps_9_qwen_7b,benchmark_output/figure-1/custom_sarathi_long_input_short_output_fixed_num_requests_num_requests_10_qps_9_qwen_7b,sarathi_chunk_128,sarathi,long_input_short_output,fixed_num_requests_qps_sweep,qwen_7b,Qwen/Qwen-7B,10,9.0,2,0.85,20480,39701.0,34554.306148055206,100.0,15.434127979924718,10,54669,2104,5466.9,210.4,2.5494316876167433,1.0622595897875726,4.264943751972169,2.419440094614401,4.098925536382012,4.18193464417709,4.248341930413153,13.04738816570025,1.3581545050255954,24.5994578555692,13.731884465785697,21.916889780899506,23.25817381823435,24.33120104810223,0.05628824512102074,0.04521399916106901,0.06023046913771675,0.05826554313283688,0.05987964719733916,0.06005505816752795,0.06019538694367899,0.05594757967092615,0.04511980332948345,0.05931788627199377,0.05784501685607848,0.0592942916604589,0.059306088966226335,0.059315526810840284,24.202426046109757,12.487271184800193,46.256963453721255,21.955908339004964,40.29847322418354,43.27771833895239,45.66111443076748,10.497956478083506,0.2958949152380228,21.55710036866367,9.55917305580806,20.204951631953005,20.881026000308335,21.4218854949926,13.704469568026251,1.6233745981007814,24.699863085057583,14.276940306532197,22.47765699212905,23.588760038593314,24.47764247576473,2.5494316876167433,1.0622595897875726,4.264943751972169,2.419440094614401,4.098925536382012,4.18193464417709,4.248341930413153,11.155037880409509,0.0592608200386166,21.657505598152056,11.334610049496405,19.67925412689801,20.66837986252503,21.459680451026653,0.2242681470699608,0.0197517534252256,0.4199243921320885,0.2430911092087626,0.3814923173049464,0.4007083547185174,0.41608118464937427,254.1,26,534,245.0,462.9,498.44999999999993,526.89,255.1,27,535,246.0,463.9,499.44999999999993,527.89,46.63,0.2144542140253056,45.12116663092429
custom_sarathi_long_input_short_output_fixed_num_requests_num_requests_10_qps_10_qwen_7b,benchmark_output/figure-1/custom_sarathi_long_input_short_output_fixed_num_requests_num_requests_10_qps_10_qwen_7b,sarathi_chunk_128,sarathi,long_input_short_output,fixed_num_requests_qps_sweep,qwen_7b,Qwen/Qwen-7B,10,10.0,2,0.85,20480,39701.0,34152.493125,100.0,14.9675,10,54669,2104,5466.9,210.4,2.5180707776220514,0.9874955790583044,4.227506311843172,2.396609988529235,4.029175675334409,4.1283409935887905,4.207673248192296,12.87799364477396,1.3008373375050724,24.370318602072075,13.502755904220976,21.70887308747042,23.039595844771245,24.10417405061191,0.05577696324892271,0.043599648211085265,0.0605033678002655,0.05754196865240907,0.06011778878728644,0.06031057829377597,0.060464809898967596,0.05543916292933261,0.0435088156106455,0.0605033678002655,0.057120450565917316,0.05946398655747259,0.059983677178869044,0.06039942967598621,23.831465508136898,12.250019083498046,45.25455009518191,21.73635702917818,39.50334672913886,42.37894841216038,44.679429758577605,10.359922867151909,0.3133417584467679,21.349602427100763,9.385433279327117,20.007328379922544,20.67846540351165,21.21537502238294,13.471542640984989,1.6154734678566456,23.90494766808115,14.132896369555965,21.8906263937708,22.897787030925972,23.703515540650116,2.5180707776220514,0.9874955790583044,4.227506311843172,2.396609988529235,4.029175675334409,4.1283409935887905,4.207673248192296,10.953471863362939,0.0605033678002655,20.88423149310984,11.2358624630142,19.091464468068445,19.98784798058914,20.7049547906057,0.21582853940781205,0.0182157116942107,0.4021160320844501,0.232066607219167,0.3611863686703145,0.38165120037738226,0.3980230657430366,254.1,26,534,245.0,462.9,498.44999999999993,526.89,255.1,27,535,246.0,463.9,499.44999999999993,527.89,45.54,0.21958717610891523,46.20114185331577
custom_vllm_long_input_short_output_fixed_qps_num_requests_1_qps_1_qwen_7b,benchmark_output/figure-1/custom_vllm_long_input_short_output_fixed_qps_num_requests_1_qps_1_qwen_7b,vllm,vllm,long_input_short_output,fixed_qps_num_requests_sweep,qwen_7b,Qwen/Qwen-7B,1,1.0,2,0.85,20480,38441.0,31829.543512658227,100.0,5.7215189873417724,1,2494,254,2494.0,254.0,0.2509015309624374,0.2509015309624374,0.2509015309624374,0.2509015309624374,0.2509015309624374,0.2509015309624374,0.2509015309624374,0.2511617925483733,0.2511617925483733,0.2511617925483733,0.2511617925483733,0.2511617925483733,0.2511617925483733,0.2511617925483733,0.04482592248243718,0.04482592248243718,0.04482592248243718,0.04482592248243718,0.04482592248243718,0.04482592248243718,0.04482592248243718,0.0446494424726638,0.0446494424726638,0.0446494424726638,0.0446494424726638,0.0446494424726638,0.0446494424726638,0.0446494424726638,11.59212018060498,11.59212018060498,11.59212018060498,11.59212018060498,11.59212018060498,11.59212018060498,11.59212018060498,0.0002602615859359,0.0002602615859359,0.0002602615859359,0.0002602615859359,0.0002602615859359,0.0002602615859359,0.0002602615859359,11.591859919019043,11.591859919019043,11.591859919019043,11.591859919019043,11.591859919019043,11.591859919019043,11.591859919019043,0.2509015309624374,0.2509015309624374,0.2509015309624374,0.2509015309624374,0.2509015309624374,0.2509015309624374,0.2509015309624374,11.340958388056606,11.340958388056606,11.340958388056606,11.340958388056606,11.340958388056606,11.340958388056606,11.340958388056606,0.1185923055745661,0.1185923055745661,0.1185923055745661,0.1185923055745661,0.1185923055745661,0.1185923055745661,0.1185923055745661,254.0,254,254,254.0,254.0,254.0,254.0,255.0,255,255,255.0,255.0,255.0,255.0,,,
custom_vllm_long_input_short_output_fixed_qps_num_requests_2_qps_1_qwen_7b,benchmark_output/figure-1/custom_vllm_long_input_short_output_fixed_qps_num_requests_2_qps_1_qwen_7b,vllm,vllm,long_input_short_output,fixed_qps_num_requests_sweep,qwen_7b,Qwen/Qwen-7B,2,1.0,2,0.85,20480,38835.0,32412.355639097743,100.0,6.624812030075188,2,8953,569,4476.5,284.5,0.4104033709736541,0.2626493580173701,0.5581573839299381,0.4104033709736541,0.5286065813386813,0.5433819826343097,0.5552023036708124,0.5297066636849195,0.26290845265612,0.7965048747137189,0.5297066636849195,0.743145232507959,0.769825053610839,0.7911689104931429,0.04679075245295739,0.045414918229861816,0.04816658667605297,0.04679075245295739,0.04789141983143385,0.04802900325374341,0.04813906999159106,0.04662384916565992,0.04527074388627495,0.047976954445044885,0.04662384916565992,0.04770633338916789,0.04784164391710639,0.047949892339457185,13.752922040293925,12.44905488169752,15.056789198890328,13.752922040293925,14.796015767171047,14.926402483030689,15.030711855718401,0.11930329271126536,0.0002590946387499,0.2383474907837808,0.11930329271126536,0.21453865116927773,0.22644307097652927,0.2359666068223305,13.63361874758266,12.44879578705877,14.818441708106548,13.63361874758266,14.58147711600177,14.69995941205416,14.79474524889607,0.4104033709736541,0.2626493580173701,0.5581573839299381,0.4104033709736541,0.5286065813386813,0.5433819826343097,0.5552023036708124,13.223215376609005,12.1861464290414,14.26028432417661,13.223215376609005,14.05287053466309,14.15657742941985,14.239542945225258,0.4719696333631873,0.1871083120349794,0.7568309546913952,0.4719696333631873,0.6998586904257535,0.7283448225585744,0.751133728264831,284.5,254,315,284.5,308.9,311.95,314.39,285.5,255,316,285.5,309.9,312.95,315.39,,,
custom_vllm_long_input_short_output_fixed_qps_num_requests_3_qps_1_qwen_7b,benchmark_output/figure-1/custom_vllm_long_input_short_output_fixed_qps_num_requests_3_qps_1_qwen_7b,vllm,vllm,long_input_short_output,fixed_qps_num_requests_sweep,qwen_7b,Qwen/Qwen-7B,3,1.0,2,0.85,20480,38835.0,32412.32602118003,100.0,7.2269288956127085,3,12935,775,4311.666666666667,258.3333333333333,0.3789857584051788,0.2553499510977417,0.555609734961763,0.3259975891560316,0.5096873058006167,0.5326485203811898,0.5510174920456484,0.6112890248962988,0.2556029795669018,0.7915621525608003,0.7867019425611942,0.7905901105608791,0.7910761315608397,0.7914649483608082,0.048526524551416685,0.04742241031717418,0.050503559604750975,0.0476536037323249,0.04993356843026576,0.05021856401750837,0.05044656048730246,0.04833308452846811,0.047192204441848094,0.05030472669292125,0.04750232245063498,0.049744245844464,0.050024486268692624,0.050248678608075525,13.098697780553872,10.513156267581508,15.749933514511213,13.033003559568895,15.20654752352275,15.47824051901698,15.695594915412366,0.23230326649112,0.0002530284691601,0.4655645634047687,0.2310922075994312,0.4186700922437012,0.44211732782423496,0.46087511628866196,12.866394514062753,10.04759170417674,15.51884130691178,13.032750531099737,15.02162315174937,15.270232229330576,15.469119491395539,0.3789857584051788,0.2553499510977417,0.555609734961763,0.3259975891560316,0.5096873058006167,0.5326485203811898,0.5510174920456484,12.487408755657574,9.721594115020707,14.963231571950018,12.777400580001997,14.526065373560414,14.744648472755216,14.919514952111058,0.574295995446543,0.108520304551348,1.0942539984826,0.5201136833056808,0.9794259354472162,1.036839966964908,1.0827711921790617,258.3333333333333,206,315,254.0,302.8,308.9,313.78,259.3333333333333,207,316,255.0,303.8,309.9,314.78,,,
custom_vllm_long_input_short_output_fixed_qps_num_requests_4_qps_1_qwen_7b,benchmark_output/figure-1/custom_vllm_long_input_short_output_fixed_qps_num_requests_4_qps_1_qwen_7b,vllm,vllm,long_input_short_output,fixed_qps_num_requests_sweep,qwen_7b,Qwen/Qwen-7B,4,1.0,2,0.85,20480,39245.0,32651.183582089554,100.0,7.240298507462686,4,17393,856,4348.25,214.0,0.5567130435374565,0.257208134047687,0.7064463989809155,0.6315988205606118,0.7064423540839926,0.7064443765324541,0.7064459944912233,0.7864484856836498,0.2575221746228634,1.1754622485022992,0.8564047598047182,1.099695486109704,1.1375788673060014,1.1678855722630397,0.050218095959346315,0.04810108019538769,0.052588773217685375,0.050091265212156094,0.05208591820403318,0.052337345710859275,0.05253848771632016,0.04991171950805291,0.04786757980608969,0.052381730803442515,0.049698783711339733,0.0517524233665119,0.05206707708497721,0.052318800059749454,11.46381088445196,4.995913560967892,16.260664489585906,12.29933274362702,15.451209682319314,15.85593708595261,16.179719008859248,0.22973544214619318,0.0003140405751764,0.469029332511127,0.22479919774923468,0.3982620589435101,0.4336456957273184,0.46195260515436526,11.234075442305766,4.7794535860884935,16.027526068966836,12.064661057083867,15.287918575713412,15.657722322340122,15.953565319641493,0.5567130435374565,0.257208134047687,0.7064463989809155,0.6315988205606118,0.7064423540839926,0.7064443765324541,0.7064459944912233,10.67736239876831,4.073007187107578,15.470761343836784,11.582840532064438,14.82102082790807,15.145891085872426,15.405787292243913,0.6632874652859755,0.0532290136907249,1.5168735061306506,0.5415236706612632,1.344363174051978,1.430618340091314,1.4996224729227832,214.0,81,315,230.0,296.7,305.84999999999997,313.16999999999996,215.0,82,316,231.0,297.7,306.84999999999997,314.16999999999996,,,
custom_vllm_long_input_short_output_fixed_qps_num_requests_5_qps_1_qwen_7b,benchmark_output/figure-1/custom_vllm_long_input_short_output_fixed_qps_num_requests_5_qps_1_qwen_7b,vllm,vllm,long_input_short_output,fixed_qps_num_requests_sweep,qwen_7b,Qwen/Qwen-7B,5,1.0,2,0.85,20480,39363.0,32577.13716814159,100.0,7.744837758112094,5,26106,1039,5221.2,207.8,0.6021260739769787,0.2561924429610371,0.7860408280976117,0.70591876283288,0.7539976960979402,0.7700192620977759,0.7828365148976445,0.7883731909561902,0.2564632126595824,1.1735208195168525,0.8024973750580102,1.0724987572524696,1.123009788384661,1.1634186132904143,0.05408033977091098,0.04872586603844436,0.06097516024892684,0.052383735516994455,0.059019901118539886,0.05999753068373336,0.06077963433588814,0.05374834865260715,0.04845960447539275,0.06022238049276725,0.05212944553875662,0.058479907261028446,0.05935114387689785,0.06004813316959337,11.803372530126945,5.798978483770043,17.188615216640756,11.912186600500718,16.09176007225178,16.640187644446268,17.078929702201858,0.18624711697921154,0.0002707696985453,0.4676020566839725,0.2150326657574623,0.3733106523286551,0.42045635450631375,0.45817291624844075,11.617125413147733,5.58394581801258,16.956741670845076,11.444584543816744,15.952527636894956,16.454634653870016,16.856320267450066,0.6021260739769787,0.2561924429610371,0.7860408280976117,0.70591876283288,0.7539976960979402,0.7700192620977759,0.7828365148976445,11.014999339170753,4.878012819914147,16.400196332950145,10.738665780983863,15.516123456973583,15.958159894961863,16.311789045352487,1.2251370987389236,0.1409746492281556,2.3578928832430397,0.9791894301306456,2.130079049756751,2.243985966499895,2.3351114998944107,207.8,81,315,206.0,290.6,302.8,312.56,208.8,82,316,207.0,291.6,303.8,313.56,,,
custom_vllm_long_input_short_output_fixed_qps_num_requests_6_qps_1_qwen_7b,benchmark_output/figure-1/custom_vllm_long_input_short_output_fixed_qps_num_requests_6_qps_1_qwen_7b,vllm,vllm,long_input_short_output,fixed_qps_num_requests_sweep,qwen_7b,Qwen/Qwen-7B,6,1.0,2,0.85,20480,39685.0,32858.7883480826,100.0,8.58259587020649,6,34935,1148,5822.5,191.33333333333334,0.6339264245470986,0.258771404158324,0.7906162210274488,0.7061279804911464,0.7877831420628354,0.7891996815451421,0.7903329131309874,0.7916246587022518,0.2589769817423075,1.1766497315838933,0.7993195226881652,1.0503725006710738,1.1135111161274835,1.1640220084926114,0.05673780088663258,0.0491968289263443,0.06920257356250659,0.05518411732874784,0.06404460829661021,0.0666235909295584,0.06868677703591695,0.05635942805963192,0.04874548187197417,0.06834822080247564,0.0549619545707555,0.0635015133279516,0.06592486706521362,0.06786355005502324,11.44355515227653,6.113653232343495,17.884830153547227,11.522624352248386,16.52106391103007,17.202947032288648,17.748453529295514,0.1576982341551532,0.0002055775839835,0.4705281616188586,0.115627076360397,0.35247509367763996,0.41150162764824927,0.45872285482473674,11.285856918121377,6.103873745072633,17.650408127810806,11.280713634449057,16.403750109369867,17.027079118590336,17.525742325966714,0.6339264245470986,0.258771404158324,0.7906162210274488,0.7061279804911464,0.7877831420628354,0.7891996815451421,0.7903329131309874,10.651930493574278,5.313257524045184,17.093443229794502,10.535177817917429,15.995881958282553,16.544662594038527,16.98368710264331,1.7165362692127626,0.0941985405515879,3.1734943222254515,1.733244750299491,2.88898368680384,3.031239004514646,3.1450432586832906,191.33333333333334,81,315,194.5,284.5,299.75,311.95,192.33333333333334,82,316,195.5,285.5,300.75,312.95,,,
custom_vllm_long_input_short_output_fixed_qps_num_requests_7_qps_1_qwen_7b,benchmark_output/figure-1/custom_vllm_long_input_short_output_fixed_qps_num_requests_7_qps_1_qwen_7b,vllm,vllm,long_input_short_output,fixed_qps_num_requests_sweep,qwen_7b,Qwen/Qwen-7B,7,1.0,2,0.85,20480,39685.0,33412.245652173915,100.0,8.540579710144927,7,39128,1214,5589.714285714285,173.42857142857142,0.5928914172774447,0.2727491019759327,0.791253583971411,0.7025744908023626,0.7877083574421704,0.7894809707067907,0.790899061318487,0.7365766599042607,0.27294986671768123,1.1860406117048115,0.8043864688370376,1.0344961007591338,1.1102683562319724,1.1708861606102436,0.05610562585704015,0.049024574401286936,0.07083949681255035,0.054035482464720064,0.06359378516584775,0.06721664098919904,0.07011492564788008,0.05567001803868427,0.04828177781944925,0.06996493512350652,0.053863941250546346,0.06310514951999074,0.06653504232174862,0.06927895656315493,10.358258444150644,3.538316454971209,17.771527962759137,10.498901952058077,16.192651674663647,16.98208981871139,17.613640333949586,0.14368524262681598,0.0002007647417485,0.4834575597196817,0.0265895070042461,0.34212802108377216,0.41279279040172673,0.4693246058560906,10.214573201523828,3.525854015024379,17.523619634099305,10.47231244505383,16.093367884354667,16.808493759226984,17.38059445912484,0.5928914172774447,0.2727491019759327,0.791253583971411,0.7025744908023626,0.7877083574421704,0.7894809707067907,0.790899061318487,9.621681784246382,3.1865973360836506,16.9671414939221,9.686967571964487,15.707127167098225,16.33713433051016,16.84114006123971,1.7764663217988397,0.0597531388048082,3.5193507100921124,2.000878537306562,3.177167693991214,3.348259202041663,3.485132408482022,173.42857142857142,66,315,183.0,278.40000000000003,296.69999999999993,311.34,174.42857142857142,67,316,184.0,279.40000000000003,297.69999999999993,312.34,,,
custom_vllm_long_input_short_output_fixed_qps_num_requests_8_qps_1_qwen_7b,benchmark_output/figure-1/custom_vllm_long_input_short_output_fixed_qps_num_requests_8_qps_1_qwen_7b,vllm,vllm,long_input_short_output,fixed_qps_num_requests_sweep,qwen_7b,Qwen/Qwen-7B,8,1.0,2,0.85,20480,39549.0,33608.544699872284,100.0,9.614303959131545,8,44747,1623,5593.375,202.875,0.578291890618857,0.257242803927511,0.7944021520670503,0.6325177835533395,0.7887567947153002,0.7915794733911753,0.7938376163318753,0.7311099297658075,0.2574835116975009,1.176608913578093,0.793812197051011,0.9998204089235513,1.0882146612508221,1.158930063112639,0.059943305400953995,0.046024870446440304,0.07970878398627974,0.0582085152293535,0.06762213449610219,0.07366545924119096,0.07850011903726198,0.05950006610918752,0.045912340200849985,0.07872472492472073,0.05760817909461733,0.06715483213472023,0.07293977852972047,0.07756773564572067,12.203899012878537,4.147700548870489,19.52356533613056,12.496505975839682,18.873371085501276,19.198468210815918,19.45854591106763,0.15281803914695044,0.0002407077699899,0.4696100754663348,0.1182660228805616,0.32948883865028616,0.3995494570583104,0.4555979517847299,12.051080973731587,4.128203154075891,19.254128456115723,12.25593139254488,18.62954523237422,18.94183684424497,19.19167013374157,0.578291890618857,0.257242803927511,0.7944021520670503,0.6325177835533395,0.7887567947153002,0.7915794733911753,0.7938376163318753,11.47278908311273,3.78788647800684,18.778147142147645,11.50926329556387,18.096125127887355,18.4371361350175,18.709944940721616,2.0310613158799242,0.2845689528621733,4.045518750790507,2.150357519509271,3.6602742109447717,3.852896480867639,4.006994296805933,202.875,66,409,194.5,343.2,376.09999999999997,402.41999999999996,203.875,67,410,195.5,344.2,377.09999999999997,403.41999999999996,,,
custom_vllm_long_input_short_output_fixed_qps_num_requests_9_qps_1_qwen_7b,benchmark_output/figure-1/custom_vllm_long_input_short_output_fixed_qps_num_requests_9_qps_1_qwen_7b,vllm,vllm,long_input_short_output,fixed_qps_num_requests_sweep,qwen_7b,Qwen/Qwen-7B,9,1.0,2,0.85,20480,39685.0,33343.073033707864,100.0,10.739466292134832,9,47905,1624,5322.777777777777,180.44444444444446,0.5414296902664419,0.2569215721450746,0.7917866089846939,0.5575230971444398,0.7865414194297046,0.7891640142071992,0.7912620900291949,0.7086281138989661,0.2602591847535222,1.1763691015075892,0.7871714110951871,0.9743260722141713,1.0753475868608802,1.1561647985782475,0.06068135503158756,0.04686039324288311,0.08304645777388941,0.06014141982585123,0.06763374103745584,0.07534009940567263,0.08150518610024605,0.060270824715518354,0.04674582015426971,0.08202119286310065,0.05958966368065993,0.06722780439591747,0.07462449862950905,0.08054185401638234,11.18628863322859,0.5192087267059833,19.878372066188604,11.61389287095517,19.257793288957327,19.568082677572967,19.816314188465476,0.16719842363252405,0.0002551316283643,0.4723172646481544,0.2117762106936425,0.32318384652026,0.39775055558420713,0.4574039228353649,11.019090209596065,0.3074325160123408,19.59247157420032,11.61195158190094,19.012082094838846,19.302276834519585,19.534432626264174,0.5414296902664419,0.2569215721450746,0.7917866089846939,0.5575230971444398,0.7865414194297046,0.7891640142071992,0.7912620900291949,10.477660519329625,0.0505109438672661,19.11904044309631,10.826721459859982,18.47137739090249,18.7952089169994,19.054274137876927,2.0418526479560466,0.000621457118541,4.327745042042807,2.090634918538853,3.8674239138606934,4.09758447795175,4.281712929224596,180.44444444444446,1,409,183.0,333.8,371.4,401.48,181.44444444444446,2,410,184.0,334.8,372.4,402.48,,,
custom_vllm_long_input_short_output_fixed_num_requests_num_requests_10_qps_1_qwen_7b,benchmark_output/figure-1/custom_vllm_long_input_short_output_fixed_num_requests_num_requests_10_qps_1_qwen_7b,vllm,vllm,long_input_short_output,fixed_num_requests_qps_sweep,qwen_7b,Qwen/Qwen-7B,10,1.0,2,0.85,20480,39895.0,33717.524104683194,100.0,12.309917355371901,10,54669,2104,5466.9,210.4,0.6281454575946555,0.2512263178359717,0.8435613459441811,0.7023037804756314,0.8435466633643955,0.8435540046542883,0.8435598776862026,0.7918273465475067,0.25134715973399574,1.1608407266903669,0.8148538722889498,1.059824158041738,1.1103324423660523,1.150739069825504,0.06334309537813088,0.04662431042207821,0.09080824308621231,0.06380737209634874,0.0746750722460386,0.08274165766612544,0.08919492600219495,0.06292672804190888,0.04652717644203221,0.08968715366539488,0.06347845103211783,0.07356911106248085,0.08162813236393784,0.08807534940510348,13.008652000594884,1.1014932529069483,23.35142811969854,13.348398997448385,21.026463509420864,22.1889458145597,23.11893165867077,0.16368188895285127,0.000120841898024,0.4585501947440207,0.1899385722354054,0.29654866510536515,0.37754942992469276,0.4423500417801552,12.844970111642033,0.8964381900150329,23.176606038119644,13.100337270996533,20.758287655632007,21.967446846875823,22.93477419987088,0.6281454575946555,0.2512263178359717,0.8435613459441811,0.7023037804756314,0.8435466633643955,0.8435540046542883,0.8435598776862026,12.216824654047377,0.0528931580483913,22.333044692175463,12.357594094006345,20.247562799393197,21.29030374578433,22.124496502897237,2.379757916694507,0.0007097069174051,4.95141833787784,2.2568719637347385,4.471735409041867,4.711576873459853,4.903450044994242,210.4,1,480,194.5,416.09999999999997,448.04999999999995,473.61,211.4,2,481,195.5,417.09999999999997,449.04999999999995,474.61,,,
custom_vllm_long_input_short_output_fixed_qps_num_requests_10_qps_1_qwen_7b,benchmark_output/figure-1/custom_vllm_long_input_short_output_fixed_qps_num_requests_10_qps_1_qwen_7b,vllm,vllm,long_input_short_output,fixed_qps_num_requests_sweep,qwen_7b,Qwen/Qwen-7B,10,1.0,2,0.85,20480,39895.0,34079.807534246575,100.0,12.01917808219178,10,54669,2104,5466.9,210.4,0.6313550328835845,0.254349720897153,0.848646747879684,0.7061301504727453,0.8486325137317181,0.848639630805701,0.8486453244648874,0.7854943957179785,0.2545271597336977,1.1718894226942211,0.8123376512667164,1.0429306224919854,1.1074100225931032,1.1589935426739977,0.06445139574950821,0.04691347407929537,0.09254531562619375,0.06495651963243464,0.07670947077677388,0.0846273932014838,0.09096173114125176,0.06402673332609961,0.046815737674963505,0.09140278086537655,0.06462166117958636,0.07557317276714436,0.08348797681626044,0.08981982005555333,13.150294480915182,1.0833033588714898,23.469938192516565,13.560807406320237,21.20089455586858,22.33541637419257,23.243033828851768,0.15413936283439394,0.0001774388365447,0.4657677547074854,0.16485414770431817,0.27456668540835366,0.37016722005791936,0.44664764777757227,12.996155118080788,0.9033324241172522,23.320200831862167,13.325822964892723,20.95793090986553,22.139065870863845,23.083973839662505,0.6313550328835845,0.254349720897153,0.848646747879684,0.7061301504727453,0.8486325137317181,0.848639630805701,0.8486453244648874,12.364800085197203,0.0547014919575303,22.471554083982483,12.579635661910288,20.446600713976657,21.459077398979566,22.2690587469819,2.3814053218346087,0.0006837989203631,4.9633846543729305,2.2638453021645546,4.4678536437917495,4.71561914908234,4.913831553314813,210.4,1,480,194.5,416.09999999999997,448.04999999999995,473.61,211.4,2,481,195.5,417.09999999999997,449.04999999999995,474.61,,,
custom_vllm_long_input_short_output_fixed_num_requests_num_requests_10_qps_2_qwen_7b,benchmark_output/figure-1/custom_vllm_long_input_short_output_fixed_num_requests_num_requests_10_qps_2_qwen_7b,vllm,vllm,long_input_short_output,fixed_num_requests_qps_sweep,qwen_7b,Qwen/Qwen-7B,10,2.0,2,0.85,20480,40379.0,34081.70886075949,100.0,12.149789029535865,10,54669,2104,5466.9,210.4,1.1843163554091007,0.2624674281105399,1.6707328690681609,1.1619555804645643,1.670728296949528,1.6707305830088446,1.6707324118562976,1.5171899654204026,0.2626466632355004,2.135078279301524,1.6889982228167355,2.094160911301151,2.1146195953013374,2.130986542501487,0.06121110968669887,0.04674735110027557,0.08549351512629073,0.061393096539229676,0.07021742956295686,0.07785547234462378,0.08396590656995735,0.06082473978418572,0.04664996078548333,0.08443803963090443,0.06112530780312124,0.06954611982947027,0.07699207973018735,0.08294884765076102,13.522209000936709,1.86841237032786,24.19246603967622,13.802523210644722,21.57385988086462,22.88316296027042,23.93060542379506,0.33287361001130195,0.0001792351249605,0.8553060409612954,0.2194816896226257,0.7936200787778943,0.8244630598695948,0.8491374447429553,13.189335390925407,1.7235390420537442,24.062714046100155,13.663443801458925,21.183881327998826,22.623297687049487,23.774830774290024,1.1843163554091007,0.2624674281105399,1.6707328690681609,1.1619555804645643,1.670728296949528,1.6707305830088446,1.6707324118562976,12.005019035516307,0.0528112531173974,22.391981177031997,12.636673519504257,19.513158311229198,20.952569744130596,22.104098890451716,2.041081977193244,0.0002948360051959,4.857960248365998,2.198598571238108,4.064213536749594,4.461086892557796,4.778585577204358,210.4,1,480,194.5,416.09999999999997,448.04999999999995,473.61,211.4,2,481,195.5,417.09999999999997,449.04999999999995,474.61,,,
custom_vllm_long_input_short_output_fixed_num_requests_num_requests_10_qps_3_qwen_7b,benchmark_output/figure-1/custom_vllm_long_input_short_output_fixed_num_requests_num_requests_10_qps_3_qwen_7b,vllm,vllm,long_input_short_output,fixed_num_requests_qps_sweep,qwen_7b,Qwen/Qwen-7B,10,3.0,2,0.85,20480,40425.0,34127.163179916315,100.0,11.912831241283124,10,54669,2104,5466.9,210.4,1.2594426113646477,0.782902403967455,1.6234086852055043,1.4886186229996383,1.62339600129053,1.6234023432480171,1.623407416814007,2.083317464613356,0.8520151299890131,2.9542522015981376,2.19670825288631,2.8568096228176727,2.905530912207905,2.944507943720091,0.06333887018293757,0.048268082828721755,0.08760440529731568,0.06300600935825312,0.07249722188909519,0.08005081359320543,0.08609368695649364,0.06293122775863216,0.04816752432282858,0.08652286942944759,0.06256475838158931,0.07142335949383317,0.07897311446164038,0.08501291843588615,14.422983264666982,2.902283970732242,25.956345019163564,14.41455138346646,23.22208670149557,24.589215860329567,25.682919187396767,0.8238748532487079,0.0690869868267327,1.999730086652562,0.6251648251200095,1.9906700093531977,1.9952000480028798,1.9988240789226257,13.599108411418275,0.9025538840796798,23.96668168506585,13.93285230139736,22.520782534219325,23.243732109642586,23.8220917699812,1.2594426113646477,0.782902403967455,1.6234086852055043,1.4886186229996383,1.62339600129053,1.6234023432480171,1.623407416814007,12.339665800053627,0.0563013011123985,23.12041167495772,12.444220598903485,20.975087716523557,22.047749695740634,22.905879279114302,2.0551062667975204,0.0007377339061349,4.44861042429693,1.9285764106316492,4.429378498252481,4.438994461274706,4.4466872316924855,210.4,1,480,194.5,416.09999999999997,448.04999999999995,473.61,211.4,2,481,195.5,417.09999999999997,449.04999999999995,474.61,,,
custom_vllm_long_input_short_output_fixed_num_requests_num_requests_10_qps_4_qwen_7b,benchmark_output/figure-1/custom_vllm_long_input_short_output_fixed_num_requests_num_requests_10_qps_4_qwen_7b,vllm,vllm,long_input_short_output,fixed_num_requests_qps_sweep,qwen_7b,Qwen/Qwen-7B,10,4.0,2,0.85,20480,40373.0,33788.99233983287,100.0,12.052924791086351,10,54669,2104,5466.9,210.4,1.2226428683614359,0.8458827219437808,1.6218954140786082,1.1384123499738052,1.6218819428933784,1.6218886784859934,1.6218940669600852,2.3055935240350665,1.1372806304134429,3.374314106767997,2.4506323462119326,3.3675358705921097,3.3709249886800534,3.3736362831504083,0.06368387866848686,0.04826927028639176,0.08743854270142037,0.06385123321306341,0.07247783532592271,0.07995818901367152,0.08594247196387061,0.06327378246467774,0.04816870930662844,0.08635905451992136,0.06343591769866982,0.07140422012813977,0.07888163732403054,0.0848635710807432,14.734761553094723,3.429172852775082,26.487763200420886,14.653559443191625,23.726738733635283,25.107250967028083,26.211660753742326,1.0829506556736306,0.0218470154795795,2.5284313848242164,1.0540632749907672,2.5216400221688673,2.525035703496542,2.5277522485586816,13.651810897421091,0.9007414679508656,23.966877774102613,14.271686597028747,22.536220407579094,23.251549090840854,23.82381203745026,1.2226428683614359,0.8458827219437808,1.6218954140786082,1.1384123499738052,1.6218819428933784,1.6218886784859934,1.6218940669600852,12.429168029059657,0.0548587460070848,23.120980467181653,13.133268186124042,20.99192480421625,22.05645263569895,22.90807490088511,2.1146449718158693,0.0006756000220775,4.125293268123642,1.939120830153115,4.10728403062094,4.116288649372291,4.123492344373371,210.4,1,480,194.5,416.09999999999997,448.04999999999995,473.61,211.4,2,481,195.5,417.09999999999997,449.04999999999995,474.61,,,
custom_vllm_long_input_short_output_fixed_num_requests_num_requests_10_qps_5_qwen_7b,benchmark_output/figure-1/custom_vllm_long_input_short_output_fixed_num_requests_num_requests_10_qps_5_qwen_7b,vllm,vllm,long_input_short_output,fixed_num_requests_qps_sweep,qwen_7b,Qwen/Qwen-7B,10,5.0,2,0.85,20480,40563.0,33841.939058171745,100.0,11.850415512465373,10,54669,2104,5466.9,210.4,1.5770996653009206,1.4788019869010895,1.6691665290854871,1.5895360389258713,1.6691530434414743,1.6691597862634806,1.6691651805210859,2.752869065501727,1.580762371653691,3.9040919316466898,2.7919281392823905,3.8877474482404075,3.8959196899435486,3.9024574833060615,0.06275749828301988,0.048273314968809204,0.09644402002741118,0.060537255674343204,0.07213571235372607,0.0842898661905686,0.09401318926004266,0.06235676552548852,0.048172745562624186,0.09525335311349252,0.060275231737086335,0.07144333088847195,0.0833483420009822,0.09287235089099047,14.92743925882969,3.8326070248149335,26.893240948440507,14.707690437673591,24.081305534788406,25.487273241614453,26.6120474070753,1.1757694002008066,0.1018945176620036,2.2349699456244707,1.2023921003565192,2.218614124017768,2.2267920348211194,2.2333343634638005,13.751669858628883,1.7254092569928616,24.792084399145097,13.973836874472909,21.876072750403544,23.334078574774317,24.50048323427094,1.5770996653009206,1.4788019869010895,1.6691665290854871,1.5895360389258713,1.6691530434414743,1.6691597862634806,1.6691651805210859,12.174570193327963,0.0562577119562774,23.12291787005961,12.43964965105988,20.206934971874578,21.66492642096709,22.831319580241107,1.9215720748761669,0.0007281638681888,3.771040774649009,1.8924262913642451,3.747843646397814,3.7594422105234115,3.7687210618238898,210.4,1,480,194.5,416.09999999999997,448.04999999999995,473.61,211.4,2,481,195.5,417.09999999999997,449.04999999999995,474.61,,,
custom_vllm_long_input_short_output_fixed_num_requests_num_requests_10_qps_6_qwen_7b,benchmark_output/figure-1/custom_vllm_long_input_short_output_fixed_num_requests_num_requests_10_qps_6_qwen_7b,vllm,vllm,long_input_short_output,fixed_num_requests_qps_sweep,qwen_7b,Qwen/Qwen-7B,10,6.0,2,0.85,20480,40563.0,34158.618055555555,100.0,11.95486111111111,10,54669,2104,5466.9,210.4,1.578983571450226,1.4784186941105872,1.6756746019236743,1.586684068548493,1.6756609580712394,1.6756677799974569,1.675673237538431,2.8542261688970028,1.6062109055928886,4.089332354487851,2.8777639659820125,4.075742573919706,4.082537464203779,4.087973376431036,0.06229413651999144,0.04780063331117445,0.09596142815134953,0.060147718327929436,0.0719216589234808,0.08394154353741515,0.09355745122856267,0.06189575511269836,0.04770104865844284,0.0947767191618267,0.059887234162371544,0.07123139429876388,0.08300405673029526,0.09242218667552042,14.935316392872483,4.038316321792081,26.874413384590294,14.689218280254863,24.079729608027264,25.477071496308774,26.59494500693399,1.275242597446777,0.1276884085964411,2.4137389874085784,1.2910798974335194,2.4001118109794333,2.406925399194006,2.412376269765664,13.660073795425706,1.7310480910819024,24.57217795797624,13.911743705510162,21.690768153127284,23.13147305555176,24.284036977491347,1.578983571450226,1.4784186941105872,1.6756746019236743,1.586684068548493,1.6756609580712394,1.6756677799974569,1.675673237538431,12.08109022397548,0.0553886489942669,22.896503356052563,12.379153325455263,20.01512926670257,21.455816311377564,22.608365947117562,1.883153819455765,0.0007689979393035,3.705809158971533,1.86337931570597,3.6811423316830774,3.693475745327305,3.7033424762426876,210.4,1,480,194.5,416.09999999999997,448.04999999999995,473.61,211.4,2,481,195.5,417.09999999999997,449.04999999999995,474.61,,,
custom_vllm_long_input_short_output_fixed_num_requests_num_requests_10_qps_7_qwen_7b,benchmark_output/figure-1/custom_vllm_long_input_short_output_fixed_num_requests_num_requests_10_qps_7_qwen_7b,vllm,vllm,long_input_short_output,fixed_num_requests_qps_sweep,qwen_7b,Qwen/Qwen-7B,10,7.0,2,0.85,20480,40563.0,33886.59833795014,100.0,11.90650969529086,10,54669,2104,5466.9,210.4,1.5797990767052397,1.4830445491243154,1.6731016880366951,1.5866747049149126,1.673076649196446,1.6730891686165705,1.6730991841526701,2.9794757389696316,1.6788140006829053,4.271116092568263,2.9956029631430283,4.259452038956806,4.265284065762534,4.269949687207117,0.06266556318009323,0.048010477209016536,0.0970928780385293,0.060489241823069154,0.07269238063832743,0.08489262933842834,0.09465282829850911,0.06226210437162501,0.04791045538149775,0.09589420053188079,0.060227648276141854,0.07199468634789677,0.08394444343988876,0.09350424911348239,15.157533612684347,4.233457145513967,27.172638236777857,14.798075227648951,24.459526362782345,25.8160822997801,26.901327049378306,1.3996766622643917,0.1956661767326295,2.598087274702266,1.4089282582281157,2.5864092574687674,2.592248266085517,2.5969194729789162,13.757856950419955,1.7266267579980197,24.67012027115561,13.937416316010058,21.882674036221573,23.27639715368859,24.39137564766221,1.5797990767052397,1.4830445491243154,1.6731016880366951,1.5866747049149126,1.673076649196446,1.6730891686165705,1.6730991841526701,12.178057873714716,0.0535528908949345,22.99701858311892,12.402524481527507,20.20962396771647,21.60332127541769,22.718279121578675,1.8911916723707691,0.0008472008630633,3.7087395994458343,1.8747585769742727,3.6878072664607315,3.698273432953283,3.706646366147324,210.4,1,480,194.5,416.09999999999997,448.04999999999995,473.61,211.4,2,481,195.5,417.09999999999997,449.04999999999995,474.61,,,
custom_vllm_long_input_short_output_fixed_num_requests_num_requests_10_qps_8_qwen_7b,benchmark_output/figure-1/custom_vllm_long_input_short_output_fixed_num_requests_num_requests_10_qps_8_qwen_7b,vllm,vllm,long_input_short_output,fixed_num_requests_qps_sweep,qwen_7b,Qwen/Qwen-7B,10,8.0,2,0.85,20480,40563.0,34159.02777777778,100.0,11.890277777777778,10,54669,2104,5466.9,210.4,1.5723634558962658,1.472607071045786,1.66635067993775,1.5839158585295081,1.6663280324544758,1.6663393561961128,1.6663484151894226,3.0104172163410112,1.6737965098582206,4.340468361275271,3.0218324336456135,4.330264083365909,4.33536622232059,4.339447933484334,0.06249496151247064,0.0478907802632168,0.09631282295158598,0.06059035442855672,0.07261194852015856,0.08446238573587225,0.09394273550844325,0.06209374350369906,0.0477910078043351,0.09512377575465282,0.06032783147774011,0.07191523952317166,0.08351950763891222,0.0928029221315047,15.16288156383671,4.314265828579664,27.196607798570767,14.879222030402161,24.451286174636333,25.82394698660355,26.922075636177325,1.4380537604447454,0.201126456959173,2.674190963152796,1.4379165751161054,2.6639746884349735,2.669082825793885,2.673169335681014,13.724827803391964,1.7199206198565662,24.6060344260186,14.008634028490633,21.795673245261423,23.200853835640007,24.32499830794288,1.5723634558962658,1.472607071045786,1.66635067993775,1.5839158585295081,1.6663280324544758,1.6663393561961128,1.6663484151894226,12.152464347495698,0.0535951037891209,22.93968374608085,12.480358244036324,20.12937652214896,21.534530134114902,22.65865302368766,1.9176001718500628,0.0007491970900446,3.76121586561203,1.8912963933544233,3.7433591204928236,3.752287493052427,3.7594301911001096,210.4,1,480,194.5,416.09999999999997,448.04999999999995,473.61,211.4,2,481,195.5,417.09999999999997,449.04999999999995,474.61,,,
custom_vllm_long_input_short_output_fixed_num_requests_num_requests_10_qps_9_qwen_7b,benchmark_output/figure-1/custom_vllm_long_input_short_output_fixed_num_requests_num_requests_10_qps_9_qwen_7b,vllm,vllm,long_input_short_output,fixed_num_requests_qps_sweep,qwen_7b,Qwen/Qwen-7B,10,9.0,2,0.85,20480,40563.0,34222.474965229485,100.0,12.147426981919333,10,54669,2104,5466.9,210.4,1.580412254598923,1.4813407170586288,1.6744398020673543,1.5905165430158377,1.6744262254796922,1.6744330137735233,1.674438444408588,3.096425556205213,1.7214077508542687,4.46773218899034,3.1022919139359146,4.458679442084394,4.463205815537367,4.466826914299745,0.06290060449685617,0.04707576749439979,0.09798109364928678,0.06021618885584424,0.07307780131464822,0.08552944748196747,0.09549076441582294,0.06249586006131234,0.04697769297878646,0.0967714505178141,0.059955027074105466,0.07237628936893473,0.08457386994337439,0.09433193440292617,15.166929403389805,4.453998500481248,26.942781294696037,14.91423250886146,24.161584025272163,25.552182659984098,26.66466156775365,1.51601330160629,0.2400125737767666,2.7933713470119983,1.511775370920077,2.784292502840981,2.7888319249264897,2.7924634625948968,13.650916101783514,1.7315975967794657,24.22373243188485,13.992947575403377,21.384723770851267,22.804228101368057,23.939831565781493,1.580412254598923,1.4813407170586288,1.6744398020673543,1.5905165430158377,1.6744262254796922,1.6744330137735233,1.674438444408588,12.070503847184591,0.0571728798095136,22.5492926298175,12.45700388844125,19.71032893559895,21.129810782708223,22.265396260395647,1.8880597092909739,0.000775801949203,3.702831831993535,1.87763180793263,3.6837813594844198,3.6933065957389775,3.7009267847426237,210.4,1,480,194.5,416.09999999999997,448.04999999999995,473.61,211.4,2,481,195.5,417.09999999999997,449.04999999999995,474.61,,,
custom_vllm_long_input_short_output_fixed_num_requests_num_requests_10_qps_10_qwen_7b,benchmark_output/figure-1/custom_vllm_long_input_short_output_fixed_num_requests_num_requests_10_qps_10_qwen_7b,vllm,vllm,long_input_short_output,fixed_num_requests_qps_sweep,qwen_7b,Qwen/Qwen-7B,10,10.0,2,0.85,20480,40563.0,34404.98877980364,100.0,11.950210378681627,10,54669,2104,5466.9,210.4,1.5784314654767513,1.4791976509150118,1.672636189032346,1.5885266974801198,1.672599976696074,1.67261808286421,1.6726325677987188,3.1306194048840554,1.7324373514857145,4.5271713172551244,3.1325065336422995,4.519012895948253,4.523092106601689,4.526355475124437,0.0627535807787982,0.048109114120980734,0.09658950107404962,0.06059607530043022,0.07266270655867021,0.08462610381635989,0.09419682162251168,0.062351913938494694,0.04800888679989536,0.09539703809782679,0.06033372257265083,0.07196544414681615,0.08368124112232145,0.09305387870272573,15.30805666029919,4.518693167949095,27.50461684796028,14.931436977349222,24.688158623478373,26.096387735719322,27.222971025512088,1.552187939407304,0.2531923144124448,2.8546030602883548,1.5439798361621797,2.8464328292990104,2.8505179447936824,2.8537860371894204,13.755868720891886,1.7279623071663082,24.71690185298212,13.991999824414961,21.84841460071038,23.282658226846248,24.430053127754945,1.5784314654767513,1.4791976509150118,1.672636189032346,1.5885266974801198,1.672599976696074,1.67261808286421,1.6726325677987188,12.177437255415134,0.0553663540631532,23.044265663949773,12.458126279409043,20.175827740854583,21.610046702402176,22.757421871640254,1.913576194550842,0.0007611350156366,3.752550291828811,1.8916196691570804,3.734729736414738,3.7436400141217745,3.7507682362874037,210.4,1,480,194.5,416.09999999999997,448.04999999999995,473.61,211.4,2,481,195.5,417.09999999999997,449.04999999999995,474.61,,,
custom_sarathi_long_input_short_output_fixed_qps_num_requests_1_qps_1_yi_6b,benchmark_output/figure-1/custom_sarathi_long_input_short_output_fixed_qps_num_requests_1_qps_1_yi_6b,sarathi_chunk_128,sarathi,long_input_short_output,fixed_qps_num_requests_sweep,yi_6b,01-ai/Yi-6B,1,1.0,2,0.85,20480,39521.0,33078.77444794953,100.0,4.666403785488959,1,2494,254,2494.0,254.0,1.082375641912222,1.082375641912222,1.082375641912222,1.082375641912222,1.082375641912222,1.082375641912222,1.082375641912222,1.083367659477517,1.083367659477517,1.083367659477517,1.083367659477517,1.083367659477517,1.083367659477517,1.083367659477517,0.045011016261384706,0.045011016261384706,0.045011016261384706,0.045011016261384706,0.045011016261384706,0.045011016261384706,0.045011016261384706,0.04483380753594619,0.04483380753594619,0.04483380753594619,0.04483380753594619,0.04483380753594619,0.04483380753594619,0.04483380753594619,12.47115477360785,12.47115477360785,12.47115477360785,12.47115477360785,12.47115477360785,12.47115477360785,12.47115477360785,0.0009920175652951,0.0009920175652951,0.0009920175652951,0.0009920175652951,0.0009920175652951,0.0009920175652951,0.0009920175652951,12.470162756042557,12.470162756042557,12.470162756042557,12.470162756042557,12.470162756042557,12.470162756042557,12.470162756042557,1.082375641912222,1.082375641912222,1.082375641912222,1.082375641912222,1.082375641912222,1.082375641912222,1.082375641912222,11.387787114130331,11.387787114130331,11.387787114130331,11.387787114130331,11.387787114130331,11.387787114130331,11.387787114130331,0.1611161967739462,0.1611161967739462,0.1611161967739462,0.1611161967739462,0.1611161967739462,0.1611161967739462,0.1611161967739462,273.0,273,273,273.0,273.0,273.0,273.0,274.0,274,274,274.0,274.0,274.0,274.0,13.49,0.07412898443291327,18.82876204595997
custom_sarathi_long_input_short_output_fixed_qps_num_requests_2_qps_1_yi_6b,benchmark_output/figure-1/custom_sarathi_long_input_short_output_fixed_qps_num_requests_2_qps_1_yi_6b,sarathi_chunk_128,sarathi,long_input_short_output,fixed_qps_num_requests_sweep,yi_6b,01-ai/Yi-6B,2,1.0,2,0.85,20480,39625.0,33240.559911242606,100.0,6.229289940828402,2,8953,569,4476.5,284.5,1.9590665550203996,1.0698197311721742,2.848313378868625,1.9590665550203996,2.67046401409898,2.7593886964838026,2.8305284423916603,2.4523551132297143,1.0701431857887655,3.8345670406706636,2.4523551132297143,3.558124655182474,3.6963458479265685,3.8069228021218446,0.046148529504022366,0.044973661554354435,0.0473233974536903,0.046148529504022366,0.04708842386375671,0.0472059106587235,0.04729990009469694,0.045983986445450195,0.04483088802561046,0.04713708486528994,0.045983986445450195,0.046906465181321993,0.04702177502330596,0.04711402289689314,15.499629755155183,13.04296274157241,17.956296768737957,15.499629755155183,17.4649633660214,17.71063006737968,17.9071634284663,0.49328855820931494,0.0003234546165913,0.9862536618020386,0.49328855820931494,0.8876606410834939,0.9369571514427661,0.9763943597301841,15.006341196945868,13.04263928695582,16.97004310693592,15.006341196945868,16.57730272493791,16.773672915936913,16.93076906873612,1.9590665550203996,1.0698197311721742,2.848313378868625,1.9590665550203996,2.67046401409898,2.7593886964838026,2.8305284423916603,13.047274641925469,11.972819555783644,14.121729728067294,13.047274641925469,13.90683871083893,14.014284219453112,14.100240626344457,0.2180362067883834,0.2111884416081011,0.2248839719686657,0.2180362067883834,0.22351441893260923,0.22419919545063746,0.22474701666506006,319.5,273,366,319.5,356.7,361.35,365.07,320.5,274,367,320.5,357.7,362.35,366.07,18.99,0.10531858873091102,29.963138493944182
custom_sarathi_long_input_short_output_fixed_qps_num_requests_3_qps_1_yi_6b,benchmark_output/figure-1/custom_sarathi_long_input_short_output_fixed_qps_num_requests_3_qps_1_yi_6b,sarathi_chunk_128,sarathi,long_input_short_output,fixed_qps_num_requests_sweep,yi_6b,01-ai/Yi-6B,3,1.0,2,0.85,20480,39625.0,33634.82255639098,100.0,6.871428571428571,3,12935,775,4311.666666666667,258.3333333333333,1.8776896699952583,1.072908655973151,2.8062558360397816,1.753904517972842,2.5957855724263936,2.7010207042330876,2.785208809678443,3.3471204369949796,1.0732212786097077,5.172874118667096,3.7952659137081355,4.8973524776753035,5.0351132981712,5.145321954567916,0.046670173715046614,0.045547243321269026,0.04859375038732711,0.045869527436543704,0.04804890579717043,0.048321328092248775,0.04853926592831145,0.04648416216563353,0.04532614019835024,0.04840243640942425,0.045723909889126106,0.04786673110536462,0.048134583757394434,0.048348865879018287,15.358598884971192,13.36744012660347,18.19829752878286,14.510058999527246,17.460649822931735,17.829473675857297,18.12453275819775,1.4694307669997215,0.0003126226365566,3.418969600694254,0.989010077668354,2.932977696089074,3.175973648391664,3.370370410233736,13.88916811797147,11.091089398832992,17.209287451114506,13.367127503966913,16.440855461684986,16.825071456399748,17.132444252171553,1.8776896699952583,1.072908655973151,2.8062558360397816,1.753904517972842,2.5957855724263936,2.7010207042330876,2.785208809678443,12.011478447976211,9.33718488086015,14.403031615074724,12.29421884799376,13.981269061658532,14.192150338366627,14.360855359733105,0.23961140758668384,0.1498821126297116,0.2910684251692146,0.2778836849611252,0.2884314771275967,0.2897499511484057,0.29080473036505283,292.0,237,366,273.0,347.4,356.7,364.14,293.0,238,367,274.0,348.4,357.7,365.14,19.22,0.15608740894901146,40.322580645161295
custom_sarathi_long_input_short_output_fixed_qps_num_requests_4_qps_1_yi_6b,benchmark_output/figure-1/custom_sarathi_long_input_short_output_fixed_qps_num_requests_4_qps_1_yi_6b,sarathi_chunk_128,sarathi,long_input_short_output,fixed_qps_num_requests_sweep,yi_6b,01-ai/Yi-6B,4,1.0,2,0.85,20480,39625.0,33567.08295964126,100.0,6.639013452914798,4,17393,856,4348.25,214.0,1.9431871167616919,1.0659443780314175,2.872694703983143,1.9170546925161034,2.6198650740785525,2.7462798890308475,2.847411740992684,4.301938523713034,1.0662821696605531,7.002188644837588,4.569641640176997,6.486271958379075,6.744230301608331,6.950596976191736,0.047943169270718254,0.04647493013762869,0.05039040752127031,0.047453669711987015,0.04953584270592276,0.04996312511359653,0.050304951039735556,0.04765491725687685,0.04590116556802833,0.05019202009008421,0.04726324168469742,0.049351693543962225,0.049771856817023216,0.050107987435472005,14.578147181891836,10.720183055847883,18.78496037865989,14.403722646529786,17.64718927121721,18.21607482493855,18.67118326791562,2.358751406951342,0.0003377916291356,4.972259373869747,2.2312042311532423,4.524067434482276,4.748163404176011,4.927440179931,12.219395774940494,5.747923681978136,17.800838158931583,12.66441062942613,16.60500195552595,17.202920057228766,17.68125453859102,1.9431871167616919,1.0659443780314175,2.872694703983143,1.9170546925161034,2.6198650740785525,2.7462798890308475,2.847411740992684,10.276208658178803,3.717994411010295,14.92814345494844,11.229348383378237,14.274332349328326,14.601237902138381,14.862762344386429,0.2192677267594263,0.0771724237129092,0.3153775413520634,0.24226047098636624,0.31361475866287947,0.31449615000747144,0.315201263083145,248.25,117,366,255.0,338.1,352.04999999999995,363.21,249.25,118,367,256.0,339.1,353.04999999999995,364.21,19.79,0.202122283981809,43.25416877210713
custom_sarathi_long_input_short_output_fixed_qps_num_requests_5_qps_1_yi_6b,benchmark_output/figure-1/custom_sarathi_long_input_short_output_fixed_qps_num_requests_5_qps_1_yi_6b,sarathi_chunk_128,sarathi,long_input_short_output,fixed_qps_num_requests_sweep,yi_6b,01-ai/Yi-6B,5,1.0,2,0.85,20480,39625.0,33026.77344877345,100.0,7.064213564213564,5,26106,1039,5221.2,207.8,2.409488829737529,1.110912460833788,4.047493455000222,2.1323745700065047,3.612332928180695,3.829913191590458,4.003977402318269,5.521223491150886,1.111227813642472,9.881509938044474,5.404720755526796,8.819590607983992,9.350550273014232,9.775318005038425,0.051944217835004025,0.04606532337972997,0.0562682922143722,0.05192975067851565,0.05559526980155849,0.055931781007965344,0.05620098997309083,0.051629241362029975,0.04581360030115221,0.055573621940120686,0.051677664510173346,0.05509250584774406,0.055333063893932374,0.05552551033088302,16.1842127322685,11.728174990043044,19.955751165747643,16.050319644622505,19.279610216710715,19.61768069122918,19.88813707084395,3.1117346614133568,0.0003153528086841,5.834016483044252,3.607649230631068,5.538144706981257,5.686080595012754,5.804429305437952,13.07247807085514,6.63383794715628,18.933395968051627,12.442670413991436,17.32847906681709,18.130937517434358,18.772904277928173,2.409488829737529,1.110912460833788,4.047493455000222,2.1323745700065047,3.612332928180695,3.829913191590458,4.003977402318269,10.66298924111761,4.501463377149776,15.973803830100223,10.645598889095709,15.108358799712732,15.541081314906478,15.887259327061475,0.2334923201240599,0.0842788591980934,0.3658286815043539,0.2081989978905767,0.354203723417595,0.36001620246097443,0.364666185695678,249.2,117,366,253.0,328.8,347.4,362.28,250.2,118,367,254.0,329.8,348.4,363.28,21.17,0.23618327822390173,49.07888521492678
custom_sarathi_long_input_short_output_fixed_qps_num_requests_6_qps_1_yi_6b,benchmark_output/figure-1/custom_sarathi_long_input_short_output_fixed_qps_num_requests_6_qps_1_yi_6b,sarathi_chunk_128,sarathi,long_input_short_output,fixed_qps_num_requests_sweep,yi_6b,01-ai/Yi-6B,6,1.0,2,0.85,20480,39625.0,33092.718299711814,100.0,7.438760806916426,6,34935,1148,5822.5,191.33333333333334,2.657654626178555,1.1306584940757602,4.111527586122975,2.461403609951958,4.047379648080096,4.079453617101535,4.105112792318687,6.603737615398131,1.131097639678046,12.5789414413739,6.182855570223182,11.115763529785909,11.847352485579904,12.4326236502151,0.0531118616696373,0.04701236344408244,0.05677968361414969,0.05411019627155621,0.05636975136447492,0.0565747174893123,0.05673869038918221,0.05276754605909651,0.04658105735743948,0.05607869986582686,0.05389207309723684,0.05590910236607177,0.05599390111594931,0.05606174011585135,16.765625047613867,11.60242723301053,20.548759573837746,17.136922064004466,19.714273524470627,20.13151654915419,20.465310968901033,3.946082989219576,0.0004391456022858,8.467413855250925,4.2515570387477055,7.068383881705813,7.767898868478369,8.327510857896414,12.81954205839429,6.6072690051514655,19.51258262502961,13.160022575990299,17.400537677574903,18.456560151302256,19.30137813028414,2.657654626178555,1.1306584940757602,4.111527586122975,2.461403609951958,4.047379648080096,4.079453617101535,4.105112792318687,10.161887432215735,4.542374689131975,16.654669721145183,10.269555347505957,15.40625197859481,16.030460849869996,16.529827946890148,0.2369692517289271,0.0841160840354859,0.4151555357966572,0.2288624631473794,0.37016205477993935,0.3926587952882983,0.4106561876949854,237.83333333333334,117,366,245.0,319.5,342.75,361.35,238.83333333333334,118,367,246.0,320.5,343.75,362.35,21.77,0.2756086357372531,52.733118971061096
custom_sarathi_long_input_short_output_fixed_qps_num_requests_7_qps_1_yi_6b,benchmark_output/figure-1/custom_sarathi_long_input_short_output_fixed_qps_num_requests_7_qps_1_yi_6b,sarathi_chunk_128,sarathi,long_input_short_output,fixed_qps_num_requests_sweep,yi_6b,01-ai/Yi-6B,7,1.0,2,0.85,20480,39625.0,33447.489884393064,100.0,7.915462427745664,7,39128,1214,5589.714285714285,173.42857142857142,2.6259424788544754,1.1003373449202627,4.237091894028708,2.128026789985597,4.183702197251842,4.210397045640275,4.231752924351022,7.643923262998994,1.1006920316722244,13.051984480349347,7.248062333790585,12.862926158262416,12.95745531930588,13.033078648140654,0.05454641781668184,0.046935717277945224,0.05918473092606291,0.05559202222595478,0.058691032861995444,0.058937881894029175,0.059135361119656164,0.05413442358072479,0.04622457004646121,0.05845405523561769,0.05541553961571365,0.05822877646692624,0.05834141585127196,0.05843152735874854,17.2196451124203,11.982840807875618,21.391547578619797,17.393940577516332,20.386846434092153,20.88919700635597,21.29107746416703,5.017980784144519,0.0003546867519617,10.76193535188213,5.120035543804988,9.593709692545236,10.177822522213681,10.64511278594844,12.20166432827578,5.02577354805544,20.37463334389031,13.838531635003164,17.61050291392021,18.992568128905255,20.098220300893296,2.6259424788544754,1.1003373449202627,4.237091894028708,2.128026789985597,4.183702197251842,4.210397045640275,4.231752924351022,9.575721849421305,3.05082162306644,17.4558949789498,9.712612461997196,15.782805160991849,16.61935006997082,17.288585997154005,0.23952266723582788,0.0695052789524197,0.4671124317683279,0.2487173636909574,0.40727075189352036,0.43719159183092404,0.4611282637808471,218.0,99,366,237.0,310.20000000000005,338.0999999999999,360.41999999999996,219.0,100,367,238.0,311.20000000000005,339.0999999999999,361.41999999999996,22.57,0.31014621178555607,53.78821444395215
custom_sarathi_long_input_short_output_fixed_qps_num_requests_8_qps_1_yi_6b,benchmark_output/figure-1/custom_sarathi_long_input_short_output_fixed_qps_num_requests_8_qps_1_yi_6b,sarathi_chunk_128,sarathi,long_input_short_output,fixed_qps_num_requests_sweep,yi_6b,01-ai/Yi-6B,8,1.0,2,0.85,20480,39625.0,34324.074803149604,100.0,11.516404199475065,8,44747,1623,5593.375,202.875,2.552181375416694,1.0644858940504491,4.133319112006575,2.346962320501916,4.029391486174426,4.0813552990905,4.12292634942336,8.23048110952368,1.0649062357842922,14.626811881083995,8.251112331170589,13.12975313977804,13.878282510431017,14.477106006953399,0.05405251007818678,0.043565882044597805,0.05694274241104722,0.05539621243348458,0.056473609047782855,0.05670817572941504,0.05689582907472079,0.0536642812609925,0.04345936399558901,0.05623974559115775,0.05515713605375666,0.05607149259247393,0.056155619091815843,0.05622292029128937,18.84753708750941,11.509884244995192,32.4016917552799,17.567042835522443,24.60576118673198,28.503726471005933,31.622098698425102,5.678299734106986,0.000420341733843,11.973459107102826,5.238400860107504,10.735128691280261,11.354293899191543,11.84962606552057,13.169237353402423,5.45764530193992,20.428232648177072,13.680549144512042,20.326654638722538,20.377443643449805,20.41807484723162,2.552181375416694,1.0644858940504491,4.133319112006575,2.346962320501916,4.029391486174426,4.0813552990905,4.12292634942336,10.617055977985729,3.539550962857902,17.774879874195904,10.79230996442493,17.54884474661667,17.661862310406285,17.75227636143798,0.2555043240718078,0.0799920964054763,0.4857526640407741,0.2684718896634877,0.4059447499457747,0.44584870699327434,0.47777187263127413,247.625,99,455,245.0,392.7,423.84999999999997,448.77,248.625,100,456,246.0,393.7,424.84999999999997,449.77,38.71,0.20666494445879618,41.927150607078275
custom_sarathi_long_input_short_output_fixed_qps_num_requests_9_qps_1_yi_6b,benchmark_output/figure-1/custom_sarathi_long_input_short_output_fixed_qps_num_requests_9_qps_1_yi_6b,sarathi_chunk_128,sarathi,long_input_short_output,fixed_qps_num_requests_sweep,yi_6b,01-ai/Yi-6B,9,1.0,2,0.85,20480,39625.0,33890.431847968546,100.0,11.964613368283093,9,47905,1624,5322.777777777777,180.44444444444446,2.4559398230889604,1.079432695871219,4.129599890904501,2.123434402048588,4.0345501700881865,4.082075030496344,4.120094918822869,9.16739641254147,1.079762689769268,15.702967923833057,9.7052049881313,15.014960711402818,15.358964317617938,15.634167202590033,0.054373160060821796,0.04445954602652266,0.05775770620228006,0.05679668680242719,0.057320516960731205,0.05753911158150563,0.05771398727812518,0.054017501960106386,0.044350842980003045,0.05688258944163946,0.0563815692567839,0.056724326773887765,0.05680345810776361,0.05686676317486429,18.80883709822471,11.664035215973854,32.982453687116504,16.950523151783273,23.95270229969174,28.467577993404117,32.07947854837403,6.711456589452508,0.0003299938980489,14.239223623881117,5.694417248247191,12.566700683394448,13.40296215363778,14.071971329832449,12.0973805087722,1.5098838359117508,20.833883738843724,13.46909368201159,20.727206900669263,20.78054531975649,20.82321605502628,2.4559398230889604,1.079432695871219,4.129599890904501,2.123434402048588,4.0345501700881865,4.082075030496344,4.120094918822869,9.641440685683241,0.04613953595981,18.139494778821245,10.31049970514141,17.89522668053396,18.017360729677602,18.115067968992516,0.22414158864153755,0.0175741945859044,0.4796848855912685,0.2471479987725615,0.38026507887989286,0.4299749822355806,0.46974290492013093,223.0,26,455,237.0,383.8,419.4,447.88,224.0,27,456,238.0,384.8,420.4,448.88,39.29,0.22906592008144566,41.33367269025197
custom_sarathi_long_input_short_output_fixed_num_requests_num_requests_10_qps_1_yi_6b,benchmark_output/figure-1/custom_sarathi_long_input_short_output_fixed_num_requests_num_requests_10_qps_1_yi_6b,sarathi_chunk_128,sarathi,long_input_short_output,fixed_num_requests_qps_sweep,yi_6b,01-ai/Yi-6B,10,1.0,2,0.85,20480,39625.0,34149.657960199,100.0,13.657338308457712,10,54669,2104,5466.9,210.4,2.532296663732268,1.1206518320832402,4.146233804989606,2.379935481934808,4.071666776249185,4.108950290619395,4.138777102115564,10.218829821492545,1.1211283176671714,18.827139653498307,11.123118693823926,16.15574671162758,17.49144318256294,18.560000359311235,0.055309535818453326,0.04526396202689547,0.05811519080128234,0.0573095895452853,0.05795435739896037,0.05803477410012136,0.058099107461050147,0.054976402733790994,0.045169662106006106,0.0579364870209246,0.057021378946689336,0.05735676418050029,0.057646625600712445,0.057878514736882165,21.249436899879946,11.76272184890695,40.50857746438123,18.049913155962713,34.98052453249693,37.744550998439074,39.955772171192805,7.686533157760278,0.0004764855839312,15.771180885378271,7.189674195717089,14.47559830127284,15.123389593325554,15.64162262696773,13.56290374211967,1.5852170798461884,24.73739657900296,14.02306067396421,22.351593964290803,23.54449527164688,24.498816317531745,2.532296663732268,1.1206518320832402,4.146233804989606,2.379935481934808,4.071666776249185,4.108950290619395,4.138777102115564,11.030607078387401,0.0579364870209246,21.68143781088293,11.088260840042494,19.651402212819086,20.666420011851006,21.478434251076546,0.239253155188635,0.0209571158047765,0.4595156474970281,0.25145335402339697,0.40080121625214815,0.4301584318745881,0.4536442043725401,254.1,26,534,245.0,462.9,498.44999999999993,526.89,255.1,27,535,246.0,463.9,499.44999999999993,527.89,46.760000000000005,0.213857998289136,44.99572284003421
custom_sarathi_long_input_short_output_fixed_qps_num_requests_10_qps_1_yi_6b,benchmark_output/figure-1/custom_sarathi_long_input_short_output_fixed_qps_num_requests_10_qps_1_yi_6b,sarathi_chunk_128,sarathi,long_input_short_output,fixed_qps_num_requests_sweep,yi_6b,01-ai/Yi-6B,10,1.0,2,0.85,20480,39625.0,34252.088125,100.0,13.079375,10,54669,2104,5466.9,210.4,2.470533623220399,1.0815349891781807,4.045458914944902,2.3282262961147353,4.006443895935081,4.025951405439992,4.04155741304392,9.91839937660843,1.0818759948015213,18.230442420579493,10.803250510478392,15.633728208253158,16.932085314416323,17.97077099934686,0.053734765333039426,0.04398259190825011,0.05683428578777239,0.05585079781159116,0.05642533432862435,0.056629810058198365,0.05679339064185758,0.05340985099052107,0.043890961508441254,0.05613262793854063,0.05553874833204206,0.055784029674467744,0.055958328806504185,0.056097768112133344,20.672332487720997,11.50359673704952,39.29810394463129,17.59560819598846,33.98776863212697,36.642936288379126,38.767070413380864,7.447865753388032,0.0003410056233406,15.257358996663244,6.973881932790391,14.02702275114134,14.64219087390229,15.134325372111054,13.224466734332964,1.5092824860475955,24.04074494796805,13.710666720406152,21.761269930982962,22.901007439475503,23.812797446269542,2.470533623220399,1.0815349891781807,4.045458914944902,2.3282262961147353,4.006443895935081,4.025951405439992,4.04155741304392,10.753933111112564,0.0543968030251562,21.0676615240518,10.824759106501006,19.118595693167297,20.093128608609547,20.87275494096335,0.24512386273127046,0.0204002799000591,0.4684749867301434,0.25722402997780586,0.42392201516777267,0.44619850094895797,0.4640196895739063,254.1,26,534,245.0,462.9,498.44999999999993,526.89,255.1,27,535,246.0,463.9,499.44999999999993,527.89,46.760000000000005,0.213857998289136,44.99572284003421
custom_sarathi_long_input_short_output_fixed_num_requests_num_requests_10_qps_2_yi_6b,benchmark_output/figure-1/custom_sarathi_long_input_short_output_fixed_num_requests_num_requests_10_qps_2_yi_6b,sarathi_chunk_128,sarathi,long_input_short_output,fixed_num_requests_qps_sweep,yi_6b,01-ai/Yi-6B,10,2.0,2,0.85,20480,39625.0,34351.446941323346,100.0,13.481897627965044,10,54669,2104,5466.9,210.4,2.471425741398707,1.0739187910221517,4.080804141936824,2.282327075023204,3.986324509978294,4.033564325957559,4.071356178740971,11.376539517915807,1.0742554033640772,21.210474378895015,12.303778294473886,18.562830866896547,19.886652622895777,20.945710027695167,0.05367359536549129,0.043342368271384615,0.0583908269181847,0.05553126517882771,0.056904958951345175,0.05764789293476494,0.05824224012150075,0.05335342386071977,0.04325207167081923,0.0583908269181847,0.055291488302717455,0.05627451603456089,0.05733267147637279,0.05817919582982232,22.048532196786255,11.865859674056992,41.971468780888245,19.15762445423752,36.433610482001676,39.20253963144496,41.41768295099959,8.905113776517101,0.0003366123419255,18.195152117870748,8.275462836958468,16.979418603191153,17.58728536053095,18.07357876640279,13.143418420269153,1.482701979810372,23.776316663017496,13.697989332024008,21.40156074373517,22.588938703376332,23.538841071089266,2.471425741398707,1.0739187910221517,4.080804141936824,2.282327075023204,3.986324509978294,4.033564325957559,4.071356178740971,10.671992678870447,0.0583908269181847,20.76099440199323,10.816081866971217,18.852123334188946,19.806558868091084,20.5701072952128,0.2383927319198847,0.0211006826721131,0.4469298322219401,0.24246417824178929,0.4222819186979904,0.4346058754599652,0.44446504086954514,254.1,26,534,245.0,462.9,498.44999999999993,526.89,255.1,27,535,246.0,463.9,499.44999999999993,527.89,45.34,0.22055580061755622,46.40494044993383
custom_sarathi_long_input_short_output_fixed_num_requests_num_requests_10_qps_3_yi_6b,benchmark_output/figure-1/custom_sarathi_long_input_short_output_fixed_num_requests_num_requests_10_qps_3_yi_6b,sarathi_chunk_128,sarathi,long_input_short_output,fixed_num_requests_qps_sweep,yi_6b,01-ai/Yi-6B,10,3.0,2,0.85,20480,39625.0,34524.350985221674,100.0,13.323275862068966,10,54669,2104,5466.9,210.4,2.5421153523027895,1.1068704428616911,4.232847834005952,2.362402016064152,4.085930158337578,4.1593889961717645,4.218156066439114,12.168527704011648,1.1070538212079555,22.89772943500429,13.013788556447253,20.19110932175536,21.54441937837982,22.6270674236794,0.055492594169860576,0.04513874843654404,0.0588088110089302,0.057583361513992654,0.0583886221848661,0.05859871659689815,0.05876679212652379,0.05515943547678255,0.04504470937730124,0.0588088110089302,0.057227643140060305,0.05774037846778002,0.058274594738355105,0.05870196775481518,23.220903771277516,12.214536580257118,44.51918993610889,20.54357334098313,38.603269728343,41.56122983222594,43.9275979153323,9.62641235170886,0.0001833783462643,19.8231282280758,8.862561653368175,18.525153440423313,19.174140834249553,19.69333074931055,13.594491419568659,1.5682485450524837,24.696061708033085,14.137977121514268,22.222729457612147,23.459395582822612,24.44872848299099,2.5421153523027895,1.1068704428616911,4.232847834005952,2.362402016064152,4.085930158337578,4.1593889961717645,4.218156066439114,11.052376067265868,0.0588088110089302,21.621460501104597,11.182391891954467,19.55321857717354,20.587339539139066,21.41463630871149,0.24561543234158303,0.0205648876726627,0.4663623291999101,0.2632439524168148,0.4164777411380782,0.4414200351689941,0.4613738703937269,254.1,26,534,245.0,462.9,498.44999999999993,526.89,255.1,27,535,246.0,463.9,499.44999999999993,527.89,46.73,0.21399529210357374,45.02460945859191
custom_sarathi_long_input_short_output_fixed_num_requests_num_requests_10_qps_4_yi_6b,benchmark_output/figure-1/custom_sarathi_long_input_short_output_fixed_num_requests_num_requests_10_qps_4_yi_6b,sarathi_chunk_128,sarathi,long_input_short_output,fixed_num_requests_qps_sweep,yi_6b,01-ai/Yi-6B,10,4.0,2,0.85,20480,39625.0,34272.319774718395,100.0,13.344180225281603,10,54669,2104,5466.9,210.4,2.5191690819337964,1.122957995161414,4.063589615980163,2.4233083019498736,3.9968673474621026,4.030228481721133,4.056917389128357,12.298982906644232,1.1231470233760772,23.17814874649048,13.069961366825737,20.483882405585607,21.83101557603804,22.908722112399992,0.054466081347788464,0.044202654423689876,0.05849914906116632,0.05656212834426963,0.057965095356220186,0.058232122208693254,0.05844574369067171,0.05413505074309886,0.044110565560307194,0.057612798317815316,0.056089255086677385,0.057398339360324506,0.05750556883906991,0.057591352422066235,23.17676292392425,12.14612918207422,44.351220215437934,20.711769466288388,38.528585152840236,41.43990268413908,43.76895670917816,9.779813824710436,0.0001890282146632,20.119193067308515,9.043439677800052,18.865983592905103,19.49258833010681,19.993872119868175,13.396949099213817,1.512224764097482,24.23202714812942,13.878272386966273,21.962244113837368,23.09713563098339,24.005048844700212,2.5191690819337964,1.122957995161414,4.063589615980163,2.4233083019498736,3.9968673474621026,4.030228481721133,4.056917389128357,10.87778001728002,0.0544433810282498,21.17307146894745,10.969740406493656,19.180131809785962,20.176601639366705,20.973777503031304,0.22866794092115014,0.0217943966854363,0.4268844863399863,0.22787383745890105,0.4218012824188918,0.42434288437943907,0.42637616594787686,254.1,26,534,245.0,462.9,498.44999999999993,526.89,255.1,27,535,246.0,463.9,499.44999999999993,527.89,46.0,0.21739130434782608,45.73913043478261
custom_sarathi_long_input_short_output_fixed_num_requests_num_requests_10_qps_5_yi_6b,benchmark_output/figure-1/custom_sarathi_long_input_short_output_fixed_num_requests_num_requests_10_qps_5_yi_6b,sarathi_chunk_128,sarathi,long_input_short_output,fixed_num_requests_qps_sweep,yi_6b,01-ai/Yi-6B,10,5.0,2,0.85,20480,39625.0,34215.41347342398,100.0,13.65822002472188,10,54669,2104,5466.9,210.4,2.5678153519053013,1.1171780610457065,4.140530893811956,2.4051884615328163,4.067973301676102,4.104252097744029,4.133275134598371,12.657678821845911,1.1173371274489912,23.954279041383415,13.434389733709395,21.123576424573546,22.53892773297848,23.67120877970243,0.05563119112341354,0.04490998824222289,0.05919448309578,0.057572909224345374,0.05895295556097362,0.059073719328376816,0.05917033034229936,0.055295932664494604,0.044816425766718265,0.05919448309578,0.057192765619138594,0.05814941757231612,0.05867195033404806,0.05908997654343361,23.69998284562025,12.386612956644967,45.46616340940818,21.273226234479807,39.38466663251165,42.42541502095991,44.85801373171853,10.08986346994061,0.0001590664032846,20.743297630455345,9.334168613306245,19.3961827022722,20.069740166363772,20.60858613763703,13.610119375679641,1.621745128883049,24.72286577895284,14.063316896557808,22.254251544456928,23.488558661704882,24.47600435550325,2.5678153519053013,1.1171780610457065,4.140530893811956,2.4051884615328163,4.067973301676102,4.104252097744029,4.133275134598371,11.04230402377434,0.05919448309578,21.511884368024766,11.127044725464657,19.511811365396714,20.51184786671074,21.311877067761962,0.2302439417224377,0.0213948243763297,0.4516870456282049,0.246769234072417,0.37695033384952686,0.4143186897388658,0.4442133744503371,254.1,26,534,245.0,462.9,498.44999999999993,526.89,255.1,27,535,246.0,463.9,499.44999999999993,527.89,46.75,0.21390374331550802,45.00534759358289
custom_sarathi_long_input_short_output_fixed_num_requests_num_requests_10_qps_6_yi_6b,benchmark_output/figure-1/custom_sarathi_long_input_short_output_fixed_num_requests_num_requests_10_qps_6_yi_6b,sarathi_chunk_128,sarathi,long_input_short_output,fixed_num_requests_qps_sweep,yi_6b,01-ai/Yi-6B,10,6.0,2,0.85,20480,39625.0,34422.49315068493,100.0,13.820049813200498,10,54669,2104,5466.9,210.4,2.5487952223047614,1.0790286569390446,4.23718560510315,2.4181979020358995,4.100219565886073,4.168702585494612,4.223489001181442,12.650369462929666,1.0792374860029668,23.955335709732026,13.428432684508152,21.23148711021058,22.593411409971303,23.682950849779882,0.05544745049368323,0.04509751988081009,0.05842697711016697,0.057798492160989055,0.05830943641322217,0.058368206761694574,0.05841522304047249,0.05511199458780538,0.045003566714391735,0.05773653384664508,0.05754235806583641,0.057604477207244424,0.057670505526944756,0.057723328182705015,23.723538475017996,12.295473496662453,45.55704773264006,21.34104049578309,39.534882213547824,42.54596497309394,44.954831180730835,10.101574240624904,0.0002088290639221,20.86384629062377,9.26733932341449,19.5788602380082,20.221353264315983,20.735347685362214,13.62196423439309,1.5490795539226383,24.69320144201629,14.16954860847909,22.264057254698127,23.478629348357206,24.450287023284474,2.5487952223047614,1.0790286569390446,4.23718560510315,2.4181979020358995,4.100219565886073,4.168702585494612,4.223489001181442,11.073169012088329,0.0563262980431318,21.601712022908032,11.21464268444106,19.50948214905802,20.555597085983024,21.39248903552303,0.2440884606912732,0.0187264624983072,0.4520682208240032,0.2482681515393778,0.4334712901618331,0.44276975549291814,0.4502085277577862,254.1,26,534,245.0,462.9,498.44999999999993,526.89,255.1,27,535,246.0,463.9,499.44999999999993,527.89,46.58,0.21468441391155002,45.16960068699013
custom_sarathi_long_input_short_output_fixed_num_requests_num_requests_10_qps_7_yi_6b,benchmark_output/figure-1/custom_sarathi_long_input_short_output_fixed_num_requests_num_requests_10_qps_7_yi_6b,sarathi_chunk_128,sarathi,long_input_short_output,fixed_num_requests_qps_sweep,yi_6b,01-ai/Yi-6B,10,7.0,2,0.85,20480,39625.0,34347.05819774718,100.0,12.916145181476846,10,54669,2104,5466.9,210.4,2.5158329230500387,1.067155783995986,4.066791675053537,2.4085899220081046,4.012403219891712,4.039597447472625,4.061352829537355,12.548753876960836,1.0673099239356816,23.787390236742795,13.286700138240121,21.08398336295504,22.435686799848916,23.51704954936402,0.055091439894172964,0.045270556379848455,0.05867860959842801,0.056957792665028595,0.05813096837645086,0.058404788987439435,0.05862384547623029,0.05475896407140705,0.04517624272072377,0.05778953975602759,0.05651556342586422,0.05756258334251717,0.05767606154927238,0.057766844114676544,23.538037789124065,12.166487276554108,45.471986742690206,21.16164379264228,39.51442167137284,42.49320420703152,44.87623023555847,10.032920953910798,0.0001541399396955,20.721880809636787,9.25012427160982,19.427869842015205,20.074875325825996,20.592479712874628,13.505116835213267,1.5570260039530694,24.75010593305342,13.906432765652426,22.417281153262593,23.583693543158002,24.516823455074338,2.5158329230500387,1.067155783995986,4.066791675053537,2.4085899220081046,4.012403219891712,4.039597447472625,4.061352829537355,10.989283912163227,0.0575120281428098,21.68459650594741,10.985404673498124,19.656580670783296,20.67058858836535,21.481794922431,0.2417015819111839,0.0207223852630704,0.4645565694663673,0.2524026377359405,0.41722273724153636,0.4408896533539518,0.45982318624388424,254.1,26,534,245.0,462.9,498.44999999999993,526.89,255.1,27,535,246.0,463.9,499.44999999999993,527.89,46.38,0.21561017680034497,45.36438119879258
custom_sarathi_long_input_short_output_fixed_num_requests_num_requests_10_qps_8_yi_6b,benchmark_output/figure-1/custom_sarathi_long_input_short_output_fixed_num_requests_num_requests_10_qps_8_yi_6b,sarathi_chunk_128,sarathi,long_input_short_output,fixed_num_requests_qps_sweep,yi_6b,01-ai/Yi-6B,10,8.0,2,0.85,20480,39625.0,34328.10836501901,100.0,13.6191381495564,10,54669,2104,5466.9,210.4,2.4782945530256257,1.0609762680251151,4.047005083179101,2.372397421626374,3.85813570721075,3.9525703951949254,4.028118145582266,12.359133734786884,1.0612374900374562,23.51377067877911,13.019440287840553,20.790409714495762,22.152090196637435,23.241434582350777,0.054089084595625704,0.04455279036316173,0.05772033793708453,0.055533958701777464,0.05739062374350257,0.05755548084029355,0.05768736651772634,0.05376330284163291,0.04445997204990514,0.056845787362280215,0.055311161943751595,0.05682960364061118,0.0568376955014457,0.05684416899011331,23.17059565128293,11.868300087982789,44.85455726273358,20.841301155276597,39.08585036140866,41.97020381207111,44.27768657260109,9.880839181761257,0.000261222012341,20.42648662463762,9.07736263575498,19.143735350226052,19.785110987431835,20.298211497196462,13.289756469521672,1.5429804879240692,24.42807063809596,13.61896205903031,22.234975047013723,23.33152284255484,24.208761078987738,2.4782945530256257,1.0609762680251151,4.047005083179101,2.372397421626374,3.85813570721075,3.9525703951949254,4.028118145582266,10.811461916496047,0.0563738669734448,21.34078658395447,10.826522644609213,19.518403607350773,20.42959509565262,21.1585482862941,0.25938359391875565,0.0222482676617801,0.5021347810979933,0.27757215104065835,0.4370194265153258,0.46957710380665946,0.49562324563972654,254.1,26,534,245.0,462.9,498.44999999999993,526.89,255.1,27,535,246.0,463.9,499.44999999999993,527.89,45.61,0.21925016443762332,46.13023459767595
custom_sarathi_long_input_short_output_fixed_num_requests_num_requests_10_qps_9_yi_6b,benchmark_output/figure-1/custom_sarathi_long_input_short_output_fixed_num_requests_num_requests_10_qps_9_yi_6b,sarathi_chunk_128,sarathi,long_input_short_output,fixed_num_requests_qps_sweep,yi_6b,01-ai/Yi-6B,10,9.0,2,0.85,20480,39625.0,34360.23409669211,100.0,13.260178117048346,10,54669,2104,5466.9,210.4,2.497059756750241,1.072288020979613,4.132161073153839,2.3375382245285437,4.018137524160556,4.075149298657198,4.120758718254511,12.569534182199277,1.0797936061862856,23.79714588378556,13.323867637431249,21.1314815729158,22.464313728350678,23.530579452698586,0.054640589730789134,0.044909097233861064,0.057148825150216,0.05671428841701228,0.05711282033495642,0.057130822742586206,0.05714522466869004,0.05431182770735217,0.044815536614623855,0.0568898101337254,0.056308830474127394,0.05651569304621366,0.05670275158996953,0.05685239842497422,23.492548202699982,12.121532640885562,45.30860345880501,21.164427135605365,39.43843812863342,42.37352079371921,44.721586925787854,10.072474425449036,0.0075055852066725,20.773522122763097,9.25505298038479,19.46939584610518,20.12145898443414,20.643109495097306,13.420073777250945,1.5676935331430286,24.535081336041912,13.867118030553684,22.20433900698554,23.369710171513724,24.302007103136276,2.497059756750241,1.072288020979613,4.132161073153839,2.3375382245285437,4.018137524160556,4.075149298657198,4.120758718254511,10.923014020500705,0.0568898101337254,21.51145757501945,10.973408274003305,19.55988143894356,20.535669506981503,21.31629996141186,0.24866792240645735,0.0207699581515043,0.4718752088956535,0.2621335349977016,0.4216659151250496,0.4467705620103515,0.4668542795185931,254.1,26,534,245.0,462.9,498.44999999999993,526.89,255.1,27,535,246.0,463.9,499.44999999999993,527.89,45.97,0.2175331738090059,45.768979769414834
custom_sarathi_long_input_short_output_fixed_num_requests_num_requests_10_qps_10_yi_6b,benchmark_output/figure-1/custom_sarathi_long_input_short_output_fixed_num_requests_num_requests_10_qps_10_yi_6b,sarathi_chunk_128,sarathi,long_input_short_output,fixed_num_requests_qps_sweep,yi_6b,01-ai/Yi-6B,10,10.0,2,0.85,20480,39625.0,34039.40012642225,100.0,13.730720606826802,10,54669,2104,5466.9,210.4,2.5051595449214803,1.0725901250261811,4.086543081793934,2.3425795370712876,4.044107622047886,4.06532535192091,4.082299535819329,12.646549279359169,1.090442829299718,23.960069738095626,13.403596716583706,21.251569465687496,22.60581960189156,23.689219710854815,0.05481715388234837,0.044977419434158075,0.0577736780978739,0.05656938754731386,0.05768980169203133,0.05773173989495261,0.05776529045728964,0.05448700297655784,0.04488371647700358,0.0577736780978739,0.056324941573934514,0.0569144962536585,0.057344087175766195,0.05768775991345236,23.574055469688027,12.198119794484228,45.50425364705734,21.268699501175433,39.52598378753755,42.51511871729744,44.906426661105364,10.14138973443769,0.0178527042735368,20.887091018958017,9.340628890204243,19.574778367765248,20.230934693361633,20.75585975383874,13.432665735250339,1.579432818107307,24.61716262809932,13.848242529667914,22.220135459210724,23.41864904365502,24.377459911210458,2.5051595449214803,1.0725901250261811,4.086543081793934,2.3425795370712876,4.044107622047886,4.06532535192091,4.082299535819329,10.92750619032886,0.0577736780978739,21.544183908961717,10.93137617316097,19.54202590268105,20.543104905821384,21.34396810833365,0.22838406569790096,0.0209367582574486,0.4215296502225101,0.2262273218948394,0.4180139300879091,0.4197717901552096,0.42117807820905,254.1,26,534,245.0,462.9,498.44999999999993,526.89,255.1,27,535,246.0,463.9,499.44999999999993,527.89,46.09,0.2169668040789759,45.64981557821653
custom_vllm_long_input_short_output_fixed_qps_num_requests_1_qps_1_yi_6b,benchmark_output/figure-1/custom_vllm_long_input_short_output_fixed_qps_num_requests_1_qps_1_yi_6b,vllm,vllm,long_input_short_output,fixed_qps_num_requests_sweep,yi_6b,01-ai/Yi-6B,1,1.0,2,0.85,20480,38375.0,31522.685298621745,100.0,5.022205206738132,1,2494,254,2494.0,254.0,0.2466679378412664,0.2466679378412664,0.2466679378412664,0.2466679378412664,0.2466679378412664,0.2466679378412664,0.2466679378412664,0.2470592716708779,0.2470592716708779,0.2470592716708779,0.2470592716708779,0.2470592716708779,0.2470592716708779,0.2470592716708779,0.044198179494206735,0.044198179494206735,0.044198179494206735,0.044198179494206735,0.044198179494206735,0.044198179494206735,0.044198179494206735,0.044024170913520885,0.044024170913520885,0.044024170913520885,0.044024170913520885,0.044024170913520885,0.044024170913520885,0.044024170913520885,11.42919868370518,11.42919868370518,11.42919868370518,11.42919868370518,11.42919868370518,11.42919868370518,11.42919868370518,0.0003913338296115,0.0003913338296115,0.0003913338296115,0.0003913338296115,0.0003913338296115,0.0003913338296115,0.0003913338296115,11.42880734987557,11.42880734987557,11.42880734987557,11.42880734987557,11.42880734987557,11.42880734987557,11.42880734987557,0.2466679378412664,0.2466679378412664,0.2466679378412664,0.2466679378412664,0.2466679378412664,0.2466679378412664,0.2466679378412664,11.182139412034305,11.182139412034305,11.182139412034305,11.182139412034305,11.182139412034305,11.182139412034305,11.182139412034305,0.1538965876679867,0.1538965876679867,0.1538965876679867,0.1538965876679867,0.1538965876679867,0.1538965876679867,0.1538965876679867,254.0,254,254,254.0,254.0,254.0,254.0,255.0,255,255,255.0,255.0,255.0,255.0,,,
custom_vllm_long_input_short_output_fixed_qps_num_requests_2_qps_1_yi_6b,benchmark_output/figure-1/custom_vllm_long_input_short_output_fixed_qps_num_requests_2_qps_1_yi_6b,vllm,vllm,long_input_short_output,fixed_qps_num_requests_sweep,yi_6b,01-ai/Yi-6B,2,1.0,2,0.85,20480,38795.0,32571.876335877863,100.0,6.0534351145038165,2,8953,569,4476.5,284.5,0.38485951558686793,0.2441681211348623,0.5255509100388736,0.38485951558686793,0.49741263114847245,0.511481770593673,0.5227370821498334,0.49504391534719616,0.244514264864847,0.7455735658295453,0.49504391534719616,0.6954676357330755,0.7205206007813103,0.7405629728198982,0.04622544730309791,0.04485893220370813,0.0475919624024877,0.04622544730309791,0.04731865938260974,0.047455310892548716,0.0475646321004999,0.04606055768344709,0.044716522895124934,0.047404592471769244,0.04606055768344709,0.047135785514104814,0.04727018899293703,0.0473777117760028,13.558279515244067,12.285280752694234,14.8312782777939,13.558279515244067,14.576678525283933,14.703978401538915,14.805818302542903,0.1101843997603282,0.0003461437299847,0.2200226557906717,0.1101843997603282,0.198055004584603,0.20903883018763736,0.21782589067006483,13.448095115483738,12.28493460896425,14.611255622003227,13.448095115483738,14.37862352069933,14.494939571351278,14.587992411872838,0.38485951558686793,0.2441681211348623,0.5255509100388736,0.38485951558686793,0.49741263114847245,0.511481770593673,0.5227370821498334,13.06323559989687,12.040766487829387,14.085704711964354,13.06323559989687,13.881210889550857,13.983457800757606,14.065255329723005,0.4623235877370462,0.1896383881103247,0.7350087873637676,0.4623235877370462,0.6804717474384233,0.7077402674010954,0.7295550833712332,284.5,254,315,284.5,308.9,311.95,314.39,285.5,255,316,285.5,309.9,312.95,315.39,,,
custom_vllm_long_input_short_output_fixed_qps_num_requests_3_qps_1_yi_6b,benchmark_output/figure-1/custom_vllm_long_input_short_output_fixed_qps_num_requests_3_qps_1_yi_6b,vllm,vllm,long_input_short_output,fixed_qps_num_requests_sweep,yi_6b,01-ai/Yi-6B,3,1.0,2,0.85,20480,38795.0,32413.535928143712,100.0,6.11751497005988,3,12935,775,4311.666666666667,258.3333333333333,0.3591647893190384,0.2449978699441999,0.5260692108422518,0.3064272871706635,0.48214082610793413,0.5041050184750929,0.52167637236882,0.5748045723885298,0.2453940596897154,0.746859940700233,0.7321597167756408,0.7439198959153146,0.7453899183077738,0.7465659362217412,0.0473106059029213,0.04608638164837186,0.04930264301222598,0.04654279304816607,0.04875067301941399,0.049026658015819985,0.04924744601294478,0.04712207920572847,0.045862661349107915,0.049108538118477055,0.046395038149600464,0.048565838124701735,0.048837188121589395,0.04905426811909952,12.75337588476638,10.179867954691872,15.36129695782438,12.718962741782889,14.832830114616081,15.09706353622023,15.30845027350355,0.21563978306949136,0.0003961897455155,0.4257324296049773,0.2207907298579812,0.3847440896555781,0.4052382596302777,0.4216335956100374,12.537736101696888,9.754135525086896,15.140506227966398,12.718566552037371,14.656118292780592,14.898312260373496,15.092067434447818,0.3591647893190384,0.2449978699441999,0.5260692108422518,0.3064272871706635,0.48214082610793413,0.5041050184750929,0.52167637236882,12.17857131237785,9.447708237916231,14.614437017124146,12.473568682093171,14.186263350117951,14.400350183621049,14.571619650423527,0.5967007013969122,0.1279614139348268,1.111692427191883,0.5504482630640268,0.9994435943663119,1.0555680107790975,1.1004675439093259,258.3333333333333,206,315,254.0,302.8,308.9,313.78,259.3333333333333,207,316,255.0,303.8,309.9,314.78,,,
custom_vllm_long_input_short_output_fixed_qps_num_requests_4_qps_1_yi_6b,benchmark_output/figure-1/custom_vllm_long_input_short_output_fixed_qps_num_requests_4_qps_1_yi_6b,vllm,vllm,long_input_short_output,fixed_qps_num_requests_sweep,yi_6b,01-ai/Yi-6B,4,1.0,2,0.85,20480,39195.0,32863.9245852187,100.0,6.740573152337858,4,17393,856,4348.25,214.0,0.5246826354414225,0.2420685759279877,0.6646694089286029,0.5959962784545496,0.6646645081695169,0.6646669585490599,0.6646689188526943,0.7282532496610656,0.2423726406414061,1.088981056585908,0.7908296507084742,1.013215087959543,1.0510980722727252,1.0814044597232713,0.047566076936313845,0.04570840881433247,0.05023063314257727,0.04716263289417282,0.04932752764610476,0.04977908039434102,0.05014032259293002,0.047278303798950226,0.045486523334651245,0.05003287474437815,0.04679690855838575,0.049144125070710455,0.0495884999075443,0.049943999777011375,10.896788530459162,4.604826571885496,15.572399860713633,11.70496384461876,14.78589675021358,15.179148305463606,15.493749549663626,0.20357061421964312,0.0003040647134184,0.424327983520925,0.19482520432211453,0.36239718538708987,0.39336258445400735,0.4181349037075414,10.693217916239519,4.433068152982742,15.354507870972157,11.492647820501588,14.633281137980521,14.993894504476337,15.282385197672992,0.5246826354414225,0.2420685759279877,0.6646694089286029,0.5959962784545496,0.6646645081695169,0.6646669585490599,0.6646689188526943,10.168535280798096,3.768398744054138,14.82716838712804,11.039286996005103,14.191522926511244,14.50934565681964,14.76360384106636,0.6382932413835078,0.0563244537916034,1.4616596987470984,0.5175944064976647,1.2929702322231607,1.3773149654851293,1.4447907520947045,214.0,81,315,230.0,296.7,305.84999999999997,313.16999999999996,215.0,82,316,231.0,297.7,306.84999999999997,314.16999999999996,,,
custom_vllm_long_input_short_output_fixed_qps_num_requests_5_qps_1_yi_6b,benchmark_output/figure-1/custom_vllm_long_input_short_output_fixed_qps_num_requests_5_qps_1_yi_6b,vllm,vllm,long_input_short_output,fixed_qps_num_requests_sweep,yi_6b,01-ai/Yi-6B,5,1.0,2,0.85,20480,39449.0,32966.82961309524,100.0,6.947172619047619,5,26106,1039,5221.2,207.8,0.5672246028203517,0.2445279739331454,0.7411393169313669,0.6611119031440467,0.7091340930201113,0.7251367049757391,0.7379387945402414,0.7332936918828636,0.2448749446775764,1.0887415597680956,0.7484328837599605,0.9877200986724347,1.038230829220265,1.0786394136585296,0.0516508580116949,0.04677136498375458,0.05637350876058918,0.050733436697613515,0.055485609302248,0.05592955903141859,0.05628471881475506,0.051336936018774336,0.046515783754335155,0.055677539516631284,0.05057237816841474,0.05498274624388155,0.05533014288025642,0.05560806018935631,11.323098603449761,5.346068607876077,16.678732006810606,11.384296557633206,15.5855497055687,16.132140856189654,16.569413776686414,0.1660690890625119,0.000346970744431,0.4276296566240489,0.1750616498757153,0.3446639223024249,0.38614678946323683,0.4193330831918865,11.15702951438725,5.171006958000362,16.458516685990617,10.956666901009156,15.453281724778934,15.955899205384775,16.357993189869447,0.5672246028203517,0.2445279739331454,0.7411393169313669,0.6611119031440467,0.7091340930201113,0.7251367049757391,0.7379387945402414,10.589804911566898,4.509880700847134,15.930299123050643,10.29555499786511,15.038539997441694,15.484419560246169,15.841123210489748,1.1735884167719632,0.1361032251734286,2.2674368540756404,0.9323374615050852,2.047784254793078,2.157610554434359,2.245471594147384,207.8,81,315,206.0,290.6,302.8,312.56,208.8,82,316,207.0,291.6,303.8,313.56,,,
custom_vllm_long_input_short_output_fixed_qps_num_requests_6_qps_1_yi_6b,benchmark_output/figure-1/custom_vllm_long_input_short_output_fixed_qps_num_requests_6_qps_1_yi_6b,vllm,vllm,long_input_short_output,fixed_qps_num_requests_sweep,yi_6b,01-ai/Yi-6B,6,1.0,2,0.85,20480,39635.0,33050.4,100.0,6.946323529411765,6,34935,1148,5822.5,191.33333333333334,0.5978484684989477,0.2440383450593799,0.7465273169800639,0.6638475049985573,0.7437141234986484,0.7451207202393562,0.7462459976319223,0.7420586747272561,0.24436448072083292,1.09062379761599,0.7661472780164331,0.964347833301872,1.027485815458931,1.0779962011845783,0.05478622916693674,0.04748317467574789,0.06616817747417372,0.05351336091947874,0.061606199207609624,0.06388718834089167,0.06571197964751732,0.054421838732720086,0.04704754922000708,0.06535128639424564,0.0532980704780372,0.06108546189413959,0.06321837414419262,0.06492470394423504,11.050130574731156,5.91284127230756,17.378182030748576,11.100840849801898,16.027367204776965,16.70277461776277,17.243100548151414,0.14421020622830835,0.000326135661453,0.4267850336618721,0.10617335664574049,0.3232459867140278,0.37501551018794993,0.41643112896708767,10.905920368502848,5.874710181960836,17.158475090982392,10.884400125476532,15.917350667063147,16.53791287902277,17.034362648590466,0.5978484684989477,0.2440383450593799,0.7465273169800639,0.6638475049985573,0.7437141234986484,0.7451207202393562,0.7462459976319223,10.3080719000039,5.128182864980772,16.630545882042497,10.182030278490856,15.53136689006351,16.080956386053003,16.520627982844598,1.631577919353731,0.0855177324265241,3.0350366760976613,1.6389699300052598,2.7596113482723013,2.8973240121849813,3.0074941433151254,191.33333333333334,81,315,194.5,284.5,299.75,311.95,192.33333333333334,82,316,195.5,285.5,300.75,312.95,,,
custom_vllm_long_input_short_output_fixed_qps_num_requests_7_qps_1_yi_6b,benchmark_output/figure-1/custom_vllm_long_input_short_output_fixed_qps_num_requests_7_qps_1_yi_6b,vllm,vllm,long_input_short_output,fixed_qps_num_requests_sweep,yi_6b,01-ai/Yi-6B,7,1.0,2,0.85,20480,39635.0,33304.53656716418,100.0,7.611940298507463,7,39128,1214,5589.714285714285,173.42857142857142,0.557511977352468,0.2414350039325654,0.7497038249857724,0.6600647361483425,0.7439326038584113,0.7468182144220918,0.7491267028730363,0.6884117581482444,0.2417321647517382,1.0859773927368224,0.7675886754877864,0.9344444601330907,1.0102109264349564,1.070824099476449,0.05503151564543024,0.047282180107700134,0.06975879871170036,0.053196138295991596,0.0625598290754692,0.06615931389358477,0.06903890174807724,0.054605072842981696,0.04656578343940165,0.06889757897451888,0.05302726166648051,0.062078899016853345,0.06548823899568611,0.06821571097875233,10.13816358571473,3.437689560931176,17.450336516834795,10.27467477414757,15.893220232054592,16.671778374444692,17.294624888356775,0.13089978079577638,0.0002971608191728,0.4259126565884799,0.0432039948645979,0.30037139928899714,0.3631420279387383,0.41335853085853147,10.007263804918953,3.394485566066578,17.233659289078787,10.23569527408108,15.806371044460684,16.520015166769735,17.090930464616974,0.557511977352468,0.2414350039325654,0.7497038249857724,0.6600647361483425,0.7439326038584113,0.7468182144220918,0.7491267028730363,9.449751827566486,3.073341707000509,16.70358742494136,9.495610150974244,15.449481296446175,16.076534360693767,16.57817681209184,1.6818688371152217,0.0449361340142786,3.356469264253974,1.9045559647493064,3.0158423490356654,3.1861558066448192,3.322406572732143,173.42857142857142,66,315,183.0,278.40000000000003,296.69999999999993,311.34,174.42857142857142,67,316,184.0,279.40000000000003,297.69999999999993,312.34,,,
custom_vllm_long_input_short_output_fixed_qps_num_requests_8_qps_1_yi_6b,benchmark_output/figure-1/custom_vllm_long_input_short_output_fixed_qps_num_requests_8_qps_1_yi_6b,vllm,vllm,long_input_short_output,fixed_qps_num_requests_sweep,yi_6b,01-ai/Yi-6B,8,1.0,2,0.85,20480,39635.0,33780.48918575064,100.0,8.475826972010179,8,44747,1623,5593.375,202.875,0.5448404768831097,0.2454486049246043,0.7500077628064901,0.5953380569117144,0.7447894015349448,0.7473985821707174,0.7494859266793356,0.6852785231603775,0.2457993635907769,1.0909475025255233,0.7545014228671788,0.9141586337704211,1.0025530681479722,1.073268615650013,0.05816708112435147,0.045993827527055664,0.07656998676247895,0.05617507124016424,0.06564356316738715,0.07110677496493303,0.07547734440296976,0.05774018623080518,0.04588137318102374,0.07562467828392982,0.05593241250956484,0.0651919683909931,0.07040832333746146,0.07458140729463615,11.909376816824079,3.941631134832278,19.46110775694251,12.058328057755716,18.707563173328527,19.084335465135517,19.38575329858111,0.1404380462772678,0.0003507586661726,0.42701470060274,0.09717297088354825,0.30370402953121806,0.36535936506697897,0.41468363349558773,11.76893877054681,3.9217304079793394,19.21025115787052,11.835478407912888,18.477511792536827,18.843881475203673,19.13697722133715,0.5448404768831097,0.2454486049246043,0.7500077628064901,0.5953380569117144,0.7447894015349448,0.7473985821707174,0.7494859266793356,11.224098293663701,3.60040832310915,18.76548163103871,11.132235526456498,17.97536061615683,18.37042112359777,18.68646952955052,1.977324103587307,0.3164407634176314,3.94805950531736,2.071155712241307,3.5685351749882104,3.758297340152785,3.910107072284445,202.875,66,409,194.5,343.2,376.09999999999997,402.41999999999996,203.875,67,410,195.5,344.2,377.09999999999997,403.41999999999996,,,
custom_vllm_long_input_short_output_fixed_qps_num_requests_9_qps_1_yi_6b,benchmark_output/figure-1/custom_vllm_long_input_short_output_fixed_qps_num_requests_9_qps_1_yi_6b,vllm,vllm,long_input_short_output,fixed_qps_num_requests_sweep,yi_6b,01-ai/Yi-6B,9,1.0,2,0.85,20480,39635.0,33703.799446749654,100.0,9.502766251728907,9,47905,1624,5322.777777777777,180.44444444444446,0.5105381017654307,0.2402060830499977,0.7492847288958728,0.5266418799292296,0.7437275585718452,0.746506143733859,0.7487290118634701,0.6606566498780416,0.24596238951198748,1.0883103285450488,0.7475769785232841,0.8862658983562142,0.9872881134506314,1.0681058855261654,0.05845506549129939,0.04524340083099007,0.07953331631142646,0.0574604243803252,0.06464643136979166,0.07208987384060905,0.07804462781726298,0.058061995846914786,0.04513278126905611,0.07855142351745824,0.05693326452362497,0.06425816396018107,0.07140479373881964,0.07712209756173052,10.71695071981392,0.4693357597570866,19.184861219022423,11.117211976088583,18.53719548275694,18.861028350889683,19.120094645395874,0.15011854811261094,0.0009960276074707,0.4266740144230425,0.1741053748410195,0.30883197644725446,0.3677529954351484,0.41488981062546365,10.566832171701309,0.291299109114334,18.90548975206912,11.09713309817016,18.30457311049104,18.60503143128008,18.84539808791131,0.5105381017654307,0.2402060830499977,0.7492847288958728,0.5266418799292296,0.7437275585718452,0.746506143733859,0.7487290118634701,10.056294069935879,0.0510930260643363,18.459307539043948,10.354794832179325,17.79402316394262,18.126665351493283,18.392779101533815,1.9457856517078147,0.0006499690935015,4.124140076106414,1.9745451451744884,3.6998469011392445,3.911993488622829,4.081710758609697,180.44444444444446,1,409,183.0,333.8,371.4,401.48,181.44444444444446,2,410,184.0,334.8,372.4,402.48,,,
custom_vllm_long_input_short_output_fixed_num_requests_num_requests_10_qps_1_yi_6b,benchmark_output/figure-1/custom_vllm_long_input_short_output_fixed_num_requests_num_requests_10_qps_1_yi_6b,vllm,vllm,long_input_short_output,fixed_num_requests_qps_sweep,yi_6b,01-ai/Yi-6B,10,1.0,2,0.85,20480,39845.0,33941.117419354836,100.0,9.81741935483871,10,54669,2104,5466.9,210.4,0.5947647663531825,0.2448295019567012,0.7956116087734699,0.6614334764890373,0.7955873655853793,0.7955994871794246,0.7956091844546609,0.7326280127512291,0.2451494797132908,1.088324467651546,0.7727055277209728,0.9523688521934672,1.0203466599225064,1.0747289061057381,0.06157640555405327,0.04643354926351652,0.08782254990073853,0.06217994277765643,0.07273330293376391,0.0802779264172512,0.08631362520404107,0.061171590381074725,0.046336812702550856,0.08673832088961829,0.06185941751603142,0.07165592476077781,0.07919712282519803,0.08523008127673425,12.69675982769113,0.9870061578694732,23.14872811664827,12.979081672383472,20.808578619034964,21.978653367841616,22.91471316688694,0.13786324639804656,0.0003199777565896,0.4268873995169997,0.12656220572534946,0.259009311068803,0.3429483552929012,0.4100995906721801,12.558896581293084,0.8453281570691615,23.037281705997884,12.744018632103689,20.58111340685282,21.80919755642535,22.791664876083377,0.5947647663531825,0.2448295019567012,0.7956116087734699,0.6614334764890373,0.7955873655853793,0.7955994871794246,0.7956091844546609,11.9641318149399,0.0497434851713478,22.24167009722441,12.042656484991312,20.0978811732959,21.16977563526015,22.02729120483156,2.264912996836938,0.0008590698707848,4.72045494033955,2.1435037781484425,4.251792326779104,4.486123633559327,4.6735886789835055,210.4,1,480,194.5,416.09999999999997,448.04999999999995,473.61,211.4,2,481,195.5,417.09999999999997,449.04999999999995,474.61,,,
custom_vllm_long_input_short_output_fixed_qps_num_requests_10_qps_1_yi_6b,benchmark_output/figure-1/custom_vllm_long_input_short_output_fixed_qps_num_requests_10_qps_1_yi_6b,vllm,vllm,long_input_short_output,fixed_qps_num_requests_sweep,yi_6b,01-ai/Yi-6B,10,1.0,2,0.85,20480,39845.0,33547.68417462483,100.0,10.384038199181447,10,54669,2104,5466.9,210.4,0.5934999069431797,0.2437291098758578,0.7912489378359169,0.664682658505626,0.7912445809226483,0.7912467593792826,0.79124850214459,0.7249079950153827,0.2440372935961931,1.0897669685073197,0.7656730696326121,0.9352203240850939,1.0124936462962066,1.0743123040650973,0.06087919348385486,0.04527803940945431,0.08769145894912071,0.061854337924200614,0.071670118451808,0.07968078870046434,0.08608932489938945,0.06047835497278432,0.04518371016068461,0.08660884834481059,0.061535515205155225,0.07060881235263614,0.07860883034872335,0.08500884474559314,12.536671293876134,0.9667344097979368,22.57599081355147,12.907212482765317,20.284297820902427,21.430144317226947,22.346821514286567,0.13140808807220308,0.0003081837203353,0.425092356512323,0.1116826882353052,0.2494424656033515,0.3372674110578371,0.4075273674214259,12.40526320580393,0.839930031914264,22.479429814964533,12.683615323505364,20.067708491091615,21.27356915302807,22.238257682577242,0.5934999069431797,0.2437291098758578,0.7912489378359169,0.664682658505626,0.7912445809226483,0.7912467593792826,0.79124850214459,11.81176329886075,0.0486859350930899,21.688180877128616,11.980504252016544,19.588462421763687,20.638321649446148,21.478209031592122,2.2538466169731692,0.0003015471156686,4.712413999950513,2.117945618345402,4.252201300533488,4.482307650242,4.666392730008811,210.4,1,480,194.5,416.09999999999997,448.04999999999995,473.61,211.4,2,481,195.5,417.09999999999997,449.04999999999995,474.61,,,
custom_vllm_long_input_short_output_fixed_num_requests_num_requests_10_qps_2_yi_6b,benchmark_output/figure-1/custom_vllm_long_input_short_output_fixed_num_requests_num_requests_10_qps_2_yi_6b,vllm,vllm,long_input_short_output,fixed_num_requests_qps_sweep,yi_6b,01-ai/Yi-6B,10,2.0,2,0.85,20480,39703.0,33265.105702364395,100.0,10.189847009735745,10,54669,2104,5466.9,210.4,0.8033344528637827,0.2640035669319331,1.096211178926751,0.7938957210863009,1.0961971587268635,1.0962041688268074,1.0962097769067622,1.2123668882530183,0.2642303183674811,1.9072787850163877,1.168821066734381,1.599381609680131,1.7533301973482591,1.8764890674827621,0.06146164966329336,0.04683781388101007,0.0820793101505842,0.06407500822304732,0.06807784826436546,0.07507857920747481,0.08067916396196233,0.061066169108680214,0.04674023510209129,0.08106598533391032,0.0637749996671604,0.0672760755136079,0.0741710304237591,0.07968699435188008,13.278910958184861,1.615675552515313,23.98540208186023,13.548885816242546,21.407850501337084,22.696626291598655,23.727646923807914,0.4090324353892356,0.000226751435548,0.8110831840895116,0.29314564436208457,0.7752677131211385,0.7931754486053251,0.8075016369926743,12.869878522795625,0.8443873361684382,23.22922169510275,13.430881907464936,21.08885760884732,22.159039651975032,23.01518528647721,0.8033344528637827,0.2640035669319331,1.096211178926751,0.7938957210863009,1.0961971587268635,1.0962041688268074,1.0962097769067622,12.066544069931842,0.050504740094766,22.43531284900382,12.460453929030336,20.31287132864818,21.374092088825996,22.22306869696826,2.2229227369651197,0.0007402740884572,4.857282142620534,2.1389583175769076,4.104285287298262,4.480783714959397,4.781982457088307,210.4,1,480,194.5,416.09999999999997,448.04999999999995,473.61,211.4,2,481,195.5,417.09999999999997,449.04999999999995,474.61,,,
custom_vllm_long_input_short_output_fixed_num_requests_num_requests_10_qps_3_yi_6b,benchmark_output/figure-1/custom_vllm_long_input_short_output_fixed_num_requests_num_requests_10_qps_3_yi_6b,vllm,vllm,long_input_short_output,fixed_num_requests_qps_sweep,yi_6b,01-ai/Yi-6B,10,3.0,2,0.85,20480,40703.0,34209.22797202797,100.0,10.01048951048951,10,54669,2104,5466.9,210.4,1.3103005987824872,0.2441195650026202,1.5700542458798736,1.4986900455551222,1.5700408989563583,1.570047572418116,1.570052911187522,1.8973756943829359,0.2442958664614707,2.7472486309707165,2.1065497070085257,2.7199902470456436,2.73361943900818,2.744522792578209,0.06124686530311922,0.047065070662103074,0.0927361422625836,0.05880744682275681,0.06962984065001364,0.08118299145629859,0.09042551210132661,0.06085627663922334,0.046967018431557025,0.09159125161736652,0.05855297601032099,0.06896162473756758,0.08027643817746702,0.08932828892938663,13.850665439572186,2.587582264561206,25.068413500208408,13.872315032524057,22.4783974959515,23.773405498079953,24.809411899782717,0.5870750956004486,0.0001763014588505,1.1772356189321729,0.6078596614534035,1.1499663542490453,1.163600986590609,1.1745086924638601,13.263590343971737,1.6233173368964344,24.11422309302725,13.409421575022861,21.350735662877558,22.7324793779524,23.83787435001228,1.3103005987824872,0.2441195650026202,1.5700542458798736,1.4986900455551222,1.5700408989563583,1.570047572418116,1.570052911187522,11.953289745189249,0.0532779209315776,22.544168847147372,12.063188602449372,19.780707646696825,21.162438246922097,22.267822727102317,1.9660037455148995,0.0007599887903779,4.812068019062281,1.810400787508115,3.73984060275834,4.2759543109103095,4.704845277431887,210.4,1,480,194.5,416.09999999999997,448.04999999999995,473.61,211.4,2,481,195.5,417.09999999999997,449.04999999999995,474.61,,,
custom_vllm_long_input_short_output_fixed_num_requests_num_requests_10_qps_4_yi_6b,benchmark_output/figure-1/custom_vllm_long_input_short_output_fixed_num_requests_num_requests_10_qps_4_yi_6b,vllm,vllm,long_input_short_output,fixed_num_requests_qps_sweep,yi_6b,01-ai/Yi-6B,10,4.0,2,0.85,20480,40703.0,34465.88904494382,100.0,10.373595505617978,10,54669,2104,5466.9,210.4,1.3104318605968728,0.2438002240378409,1.5678220209665596,1.5020468905568123,1.5678018249804153,1.5678119229734875,1.5678200013679453,2.1372896953485907,0.2439578312914817,3.1904770208057016,2.319249291322194,3.1700527417939157,3.1802648812998084,3.188434592904523,0.05992217215898339,0.04662210696876547,0.09111922623706051,0.05778010869033015,0.06864334639918523,0.07988128631812286,0.08887163825327299,0.05953946680799911,0.04652497757924721,0.08999429751808445,0.05753031686960637,0.06798469367613645,0.07898949559711042,0.08779333713388965,13.920079022133724,3.080325848888606,25.355269173393022,13.74229011067655,22.718700998835264,24.03698508611414,25.091612355937247,0.8268578347517177,0.0001576072536408,1.6227329126559198,0.8172024007653818,1.6022838667966426,1.612508389726281,1.6206880080699921,13.093221187382005,1.6173147710505873,23.89981125900522,13.183861732948571,21.133144631865434,22.516477945435323,23.62314459629124,1.3104318605968728,0.2438002240378409,1.5678220209665596,1.5020468905568123,1.5678018249804153,1.5678119229734875,1.5678200013679453,11.782789326785132,0.0495151900686323,22.33198923803866,11.835301786428317,19.565367965586486,20.94867860181257,22.055327110793442,1.9577234763652087,0.0007820099126547,4.799697486916557,1.808194637997076,3.7217761683510613,4.260736827633808,4.691905355060007,210.4,1,480,194.5,416.09999999999997,448.04999999999995,473.61,211.4,2,481,195.5,417.09999999999997,449.04999999999995,474.61,,,
custom_vllm_long_input_short_output_fixed_num_requests_num_requests_10_qps_5_yi_6b,benchmark_output/figure-1/custom_vllm_long_input_short_output_fixed_num_requests_num_requests_10_qps_5_yi_6b,vllm,vllm,long_input_short_output,fixed_num_requests_qps_sweep,yi_6b,01-ai/Yi-6B,10,5.0,2,0.85,20480,40703.0,34223.18238557559,100.0,10.242718446601941,10,54669,2104,5466.9,210.4,1.3066513922996819,0.2405396329704672,1.5672025189269334,1.4928360799094662,1.5671903538517653,1.5671964363893494,1.5672013024194167,2.266602074005641,0.2406919663771986,3.437088815495372,2.4268979016924277,3.4207458504708486,3.42891733298311,3.4354545189929193,0.05989982271145942,0.04559507563473007,0.09210174499894493,0.05702473003604714,0.06881192188418936,0.08045683344156712,0.08977276268746938,0.05951485037729155,0.045500085893824385,0.09096468641871104,0.056777126276607505,0.0681514110042917,0.07955804871150135,0.08868335887726911,13.893636191426776,3.3607428807299584,25.14335958031006,13.799078399548307,22.406562745640983,23.774961162975522,24.869679896843156,0.9599506817059591,0.0001523334067314,1.869927057530731,0.9340618217829615,1.8535721017746254,1.8617495796526782,1.8682915619551204,12.933685509720817,1.618586046155542,23.40724374796264,13.189347313484177,20.56637176638469,21.98680775717366,23.123156549804843,1.3066513922996819,0.2405396329704672,1.5672025189269334,1.4928360799094662,1.5671903538517653,1.5671964363893494,1.5672013024194167,11.627034117421136,0.0513970439787954,21.840041229035705,11.847673762473278,18.99919394159224,20.41961758531397,21.55595650029136,1.9107053469866515,0.0007559771183878,4.712952813366428,1.7683807858265936,3.622179790888913,4.167566302127669,4.603875511118677,210.4,1,480,194.5,416.09999999999997,448.04999999999995,473.61,211.4,2,481,195.5,417.09999999999997,449.04999999999995,474.61,,,
custom_vllm_long_input_short_output_fixed_num_requests_num_requests_10_qps_6_yi_6b,benchmark_output/figure-1/custom_vllm_long_input_short_output_fixed_num_requests_num_requests_10_qps_6_yi_6b,vllm,vllm,long_input_short_output,fixed_num_requests_qps_sweep,yi_6b,01-ai/Yi-6B,10,6.0,2,0.85,20480,40703.0,34621.1313559322,100.0,10.337570621468927,10,54669,2104,5466.9,210.4,1.313032636977732,0.2426603310741484,1.574114641873166,1.5035689768847078,1.5741020266897976,1.574108334281482,1.574113380354829,2.3769200893118976,0.2428810000419616,3.6375668614637107,2.5273449633968994,3.623953243601136,3.6307600525324233,3.636205499677453,0.060872776514964796,0.0468378533110497,0.09287569826410617,0.05821981993371132,0.06970075948561619,0.08128822887486116,0.09055820438625718,0.060483129942905875,0.046740274449985006,0.09172908470529005,0.05796772635064078,0.06903184868331984,0.08038046669430492,0.08945936110309304,14.259172402415425,3.583016513846814,25.961440093582496,13.980443622684106,23.204751200368626,24.583095646975558,25.68577120426111,1.0638874523341655,0.0002206689678132,2.0634977514855564,1.0237759865121916,2.0498700440628452,2.056683897774201,2.062134980743285,13.195284950081259,1.6259903509635478,24.00944637786597,13.328389175934717,21.166031559882683,22.587738968874323,23.72510489606764,1.313032636977732,0.2426603310741484,1.574114641873166,1.5035689768847078,1.5741020266897976,1.574108334281482,1.574113380354829,11.882252313103526,0.0518897259607911,22.435331735992804,11.97924917889759,19.591943807154895,21.013637771573848,22.150992943109014,1.9738228815607726,0.0007490310817956,4.850024196552113,1.8221112968167292,3.7520730806747453,4.301048638613428,4.740229084964376,210.4,1,480,194.5,416.09999999999997,448.04999999999995,473.61,211.4,2,481,195.5,417.09999999999997,449.04999999999995,474.61,,,
custom_vllm_long_input_short_output_fixed_num_requests_num_requests_10_qps_7_yi_6b,benchmark_output/figure-1/custom_vllm_long_input_short_output_fixed_num_requests_num_requests_10_qps_7_yi_6b,vllm,vllm,long_input_short_output,fixed_num_requests_qps_sweep,yi_6b,01-ai/Yi-6B,10,7.0,2,0.85,20480,40703.0,34257.033613445376,100.0,9.881652661064425,10,54669,2104,5466.9,210.4,1.3101419965503738,0.2428901707753539,1.574244090821594,1.496959106065333,1.5742316411808133,1.5742378660012037,1.574242845857516,2.436142030614428,0.2431616156827658,3.7516300205606967,2.5748617411591113,3.7399649847997343,3.7457975026802157,3.7504635169846003,0.05938694119757689,0.045440391979582745,0.09025474141235464,0.057181472213713905,0.06806738318235148,0.07916106229735304,0.08803600558935433,0.059009443744845846,0.04534572449629195,0.08914048534553544,0.05693452575510223,0.06741428868538409,0.07827738701545973,0.0869678656795203,14.038591506960802,3.7120960103347898,25.42205123766325,13.702163516078144,22.81874322015792,24.120397228910583,25.161720435912716,1.1260000340640546,0.0002714449074119,2.17742871446535,1.0779026350937784,2.1657498477259645,2.1715892810956574,2.1762608277914115,12.912591472896747,1.6259246019180864,23.34019184904173,13.025529792066664,20.66255030501634,22.00137107702903,23.07242769463919,1.3101419965503738,0.2428901707753539,1.574244090821594,1.496959106065333,1.5742316411808133,1.5742378660012037,1.574242845857516,11.602449476346374,0.0516943440306931,21.765947758220136,11.682433797046542,19.088330889469944,20.427139323845037,21.498186071345117,1.9718068261863664,0.0007426999509334,4.825547903543338,1.8242202119436115,3.7600567470537496,4.292802325298543,4.718998787894379,210.4,1,480,194.5,416.09999999999997,448.04999999999995,473.61,211.4,2,481,195.5,417.09999999999997,449.04999999999995,474.61,,,
custom_vllm_long_input_short_output_fixed_num_requests_num_requests_10_qps_8_yi_6b,benchmark_output/figure-1/custom_vllm_long_input_short_output_fixed_num_requests_num_requests_10_qps_8_yi_6b,vllm,vllm,long_input_short_output,fixed_num_requests_qps_sweep,yi_6b,01-ai/Yi-6B,10,8.0,2,0.85,20480,40363.0,34010.6501396648,100.0,9.807262569832401,10,54669,2104,5466.9,210.4,1.1828082457650453,0.7415156939532608,1.5199700160883367,1.399393851053901,1.5199624279513955,1.5199662220198662,1.5199692572746426,2.4319624522468075,0.745143299223855,3.723872849717736,2.551817377563566,3.720497800130397,3.7221853249240664,3.723535344759002,0.05777155035611505,0.0338934301398694,0.08048744426341728,0.05988427720516452,0.06613882934862675,0.073313136806022,0.07905258277193823,0.057392662624794324,0.0338934301398694,0.07949377211201707,0.05964370127381427,0.06515930933163393,0.07232654072182548,0.07806032583397876,14.207640848867594,3.7577662798576057,26.20880240877159,13.800808497937396,23.3840337871341,24.79641809795284,25.926325546607842,1.2491542064817622,0.0036162971518933,2.930403368780389,1.0921386044938117,2.9270171421347184,2.928710255457554,2.930064746115822,12.958486642385832,0.8273629110772163,23.282161514041945,13.193622107384726,21.761197196482684,22.521679355262314,23.13006508228602,1.1828082457650453,0.7415156939532608,1.5199700160883367,1.399393851053901,1.5199624279513955,1.5199662220198662,1.5199692572746426,11.775678396620787,0.0338934301398694,22.488679614150897,11.794221340445802,20.313875992014072,21.401277803082483,22.271199251937215,1.975708092493005,0.0007764468900859,4.258490031817928,1.852024937630631,4.249832117394544,4.254161074606236,4.2576242403755895,210.4,1,480,194.5,416.09999999999997,448.04999999999995,473.61,211.4,2,481,195.5,417.09999999999997,449.04999999999995,474.61,,,
custom_vllm_long_input_short_output_fixed_num_requests_num_requests_10_qps_9_yi_6b,benchmark_output/figure-1/custom_vllm_long_input_short_output_fixed_num_requests_num_requests_10_qps_9_yi_6b,vllm,vllm,long_input_short_output,fixed_num_requests_qps_sweep,yi_6b,01-ai/Yi-6B,10,9.0,2,0.85,20480,40363.0,34245.04442877292,100.0,10.306064880112835,10,54669,2104,5466.9,210.4,1.1849607076263056,0.7409792100079358,1.5259591350331905,1.4011919944314286,1.52594539206475,1.5259522635489704,1.5259577607363464,2.481496515008621,0.7512113046832383,3.8190546785481274,2.6019334833836183,3.816059032245539,3.817556855396833,3.8187551139178684,0.06107587963393855,0.047361857649074995,0.08366117145051248,0.06124877278394865,0.06957471816948292,0.07661794480999769,0.08225252612240953,0.06068266931403885,0.047263187112306086,0.08262831748198764,0.061002377017341874,0.0685440297268057,0.07558617360439666,0.08121988870646944,14.510522365523503,3.870011112419888,26.50205599656329,14.184259293368086,23.71488473771605,25.108470367139667,26.223338870678568,1.2965358073823154,0.0102249477058649,3.025954987388104,1.1383614299120381,3.022945645893924,3.024450316641014,3.025654053238686,13.213986558141187,0.8440561250317842,23.479444721946493,13.555650997092016,22.008616149891164,22.744030435918827,23.33236186474096,1.1849607076263056,0.7409792100079358,1.5259591350331905,1.4011919944314286,1.52594539206475,1.5259522635489704,1.5259577607363464,12.02902585051488,0.0509564338717609,22.686329813906923,12.154452014598064,20.55594143755734,21.62113562573213,22.473290976271965,1.9860658649588003,0.0007007489912211,4.284074293915182,1.8567161380778998,4.275027800747194,4.2795510473311875,4.283169644598384,210.4,1,480,194.5,416.09999999999997,448.04999999999995,473.61,211.4,2,481,195.5,417.09999999999997,449.04999999999995,474.61,,,
custom_vllm_long_input_short_output_fixed_num_requests_num_requests_10_qps_10_yi_6b,benchmark_output/figure-1/custom_vllm_long_input_short_output_fixed_num_requests_num_requests_10_qps_10_yi_6b,vllm,vllm,long_input_short_output,fixed_num_requests_qps_sweep,yi_6b,01-ai/Yi-6B,10,10.0,2,0.85,20480,40363.0,34225.24366197183,100.0,9.875352112676056,10,54669,2104,5466.9,210.4,1.185616281745024,0.7430497030727565,1.52694619493559,1.3978653230005875,1.5269346551503986,1.5269404250429943,1.5269450409570708,2.5195420064032077,0.7589958182070403,3.8949073050171137,2.638502655318007,3.8922324050217867,3.89356985501945,3.894639815017581,0.060709903570404324,0.047515977194458874,0.08313940261141398,0.060952815474075384,0.06913545334626597,0.07613742797883996,0.08173900768489918,0.060318922718791454,0.04741698557530375,0.08211299023349528,0.06070782672936966,0.06811127403142676,0.075112132132461,0.08071281861328843,14.517602140735836,3.944723361870274,26.652088270056996,14.074877833016217,23.821286504343153,25.23668738720007,26.36900809348561,1.3339257246581837,0.0159346254076808,3.0971174619626254,1.1761004938744009,3.0944101747125385,3.095763818337582,3.0968467332376166,13.18367641607765,0.8476058999076486,23.557978905038908,13.426003833534196,22.050245880545116,22.80411239279201,23.407205602589528,1.185616281745024,0.7430497030727565,1.52694619493559,1.3978653230005875,1.5269346551503986,1.5269404250429943,1.5269450409570708,11.998060134332627,0.0498160568531602,22.7601530761458,12.028121341136284,20.596211722213773,21.678182399179786,22.5437589407526,1.9894155405694618,0.0007644661236554,4.294496363028884,1.8617406592238697,4.288126993784681,4.291311678406783,4.293859426104464,210.4,1,480,194.5,416.09999999999997,448.04999999999995,473.61,211.4,2,481,195.5,417.09999999999997,449.04999999999995,474.61,,,
