Batch Id,schedule,sample_e2e,prepare_inputs_e2e,model_execution_e2e,process_model_outputs
0,206.5685560228303,17.39236997673288,1.4997610123828053,181.25274102203548,0.26040402008220553
1,0.3331900225020945,1.2195439776405692,1.2729499721899629,181.92522699246183,0.5533369840122759
2,0.31737296376377344,0.8456250070594251,1.2898240238428116,184.04775799717754,0.32452098093926907
3,0.137016992084682,0.7103559910319746,1.300829986575991,156.204721017275,0.931631017010659
4,0.43626397382467985,0.829925003927201,1.223611005116254,159.93288398021832,1.0165039566345513
5,0.23819500347599387,0.6499979645013809,1.2424210435710847,157.39109105197713,1.0999710066244006
6,0.3161369822919369,0.6735379574820399,0.36948896013200283,159.65681202942505,1.113336009439081
7,0.3498909645713866,0.8179129799827933,1.2258810456842184,158.46644202247262,1.3692019856534898
8,0.38843502989038825,0.7304300088435411,1.2817030074074864,162.47690899763256,1.4319230103865266
9,0.4620710387825966,0.7314959657378495,0.3806969616562128,168.57692098710686,1.7148799961432815
10,0.49316597869619727,0.7079729693941772,0.38082501851022243,161.2738890107721,1.798842044081539
11,0.3146620001643896,0.6464699981734157,0.3736700164154172,157.64605603180826,1.8513979739509523
12,0.485263008158654,0.9788330062292516,0.3762260312214494,170.30287598026916,1.9899819744750857
13,0.3343319986015558,1.9850879907608032,0.37075800355523825,158.93990895710886,2.067834953777492
14,0.36309700226411223,0.6990429828874767,0.33721799263730645,183.5496269632131,0.762958952691406
15,0.2373380120843649,0.7473420118913054,0.400849967263639,168.60919899772853,0.7740149740129709
16,0.1385569921694696,0.668909982778132,0.38491300074383616,173.85275999549776,0.8153499802574515
17,0.1404089853167534,0.6911020027473569,0.39910798659548163,165.7577760051936,0.8101140265353024
18,0.12724497355520725,0.6679529906250536,0.36735000321641564,169.2726259934716,0.8217039867304265
19,0.18483697203919291,0.690916960593313,0.3766670124605298,173.02876099711284,0.8195400005206466
20,0.13958604540675879,0.7015879964455962,0.3630699939094484,165.35592399304733,0.944111030548811
21,0.197964021936059,0.7127320277504623,0.38138998206704855,174.6214620070532,0.9108399972319603
22,0.14480797108262777,0.7002990460023284,0.33206003718078136,163.73458900488913,0.9775990038178861
23,0.22000499302521348,0.7436960004270077,0.4007749957963824,176.7771909944713,0.9997619781643152
24,0.15452795196324587,0.6596039747819304,0.3630389692261815,167.69544401904568,1.0387920192442834
25,0.23232295643538237,0.7280769641511142,0.3913750406354666,171.52860498754308,1.0477100149728358
26,0.18319603987038136,0.6913819815963507,0.3975739818997681,168.64713502582163,1.1023320257663727
27,0.21015998208895326,0.715963018592447,0.38196000969037414,176.53063999023288,1.1099900002591312
28,0.17368001863360405,0.6886339979246259,0.43359200935810804,169.73314597271383,1.1354919988662004
29,0.3111929981969297,0.7213639910332859,0.4025590023957193,177.03529697610065,1.1714670108631253
30,0.1679660053923726,0.8260119939222932,0.38617500104010105,170.11492600431666,1.2356140068732202
31,0.16414700075984,0.703963974956423,0.3974359715357423,176.50193203007802,1.1979389819316566
32,0.17675996059551835,0.6988160312175751,0.3947369987145066,179.47483900934458,1.217072014696896
33,0.26449497090652585,0.7194270147010684,0.40199700742959976,181.09854601789266,1.2345060240477324
34,0.1766500063240528,0.6966959917917848,0.3869829815812409,172.43808403145522,1.3063219957984984
35,0.16658700769767165,0.7032389985397458,0.39075000677257776,174.97469403315336,1.2906219926662743
36,0.17286196816712618,0.7066029938869178,0.38687698543071747,178.5253220004961,1.2900939909741282
37,0.22982998052611947,0.7285939645953476,0.4143099649809301,184.65258204378188,1.0984839755110443
38,0.16161397797986865,0.6943279877305031,0.40620804065838456,173.50766505114734,1.1559739941731095
39,0.21678704069927335,0.7366060162894428,0.38635398959740996,195.78292802907526,3.818430006504059
40,0.49351301277056336,0.8624559850431979,0.4012719728052616,179.4866929994896,1.218858000356704
41,0.26350602274760604,0.744507007766515,0.40252204053103924,182.07729095593095,1.2532569817267358
42,0.1623610151000321,0.7412700215354562,0.379412027541548,195.67085895687342,4.775036999490112
43,0.5343049997463822,0.7099079666659236,0.4020610358566046,187.66304099699482,1.3053949805907905
44,0.16558199422433972,0.7283599697984755,0.40745100704953074,196.13784999819472,1.327778969425708
45,0.16226398292928934,0.7152530015446246,0.3823119914159179,196.66166498791426,4.253489023540169
46,0.6719159428030252,0.7626810111105442,0.3898529685102403,201.90152805298567,4.359406011644751
47,0.7285509491339326,0.7784820045344532,0.4296479746699333,187.57719499990344,1.3949359999969602
48,0.17039000522345304,0.720929994713515,0.40684896521270275,187.98323295777664,4.752766981255263
49,0.7446439703926444,0.7706789765506983,0.4251499776728451,189.93613799102604,4.572561010718346
50,0.5418049986474216,0.7471240242011845,0.4968529683537781,180.71317300200462,1.486274995841086
51,0.20969496108591557,0.931032991502434,0.4133860347792506,189.8089830065146,4.584971000440419
52,0.6999390316195786,1.0034790029749274,0.48637198051437736,188.7794039794244,4.471444990485907
53,0.527756055817008,0.7197909872047603,0.40989398257806897,187.6495600445196,1.4356289757415652
54,0.19038800382986665,0.7914860034361482,0.404589984100312,191.25386601081118,4.72342997090891
55,0.8290059631690383,0.7908970001153648,0.4355960409156978,236.7701170151122,5.014637019485235
56,0.561193039175123,0.7589260349050164,0.41409500408917665,219.61921598995104,5.088429024908692
57,0.6213889573700726,0.765248027164489,0.40249398443847895,193.75363399740309,5.487713031470776
58,0.7300600409507751,1.0264010052196681,0.40409399662166834,192.51233100658283,5.059677001554519
59,0.5802250234410167,0.7326349732466042,0.39205700159072876,189.92419500136748,5.3267350303940475
60,0.7168130250647664,0.7857169839553535,0.3869759966619313,195.8581529906951,5.241898994427174
61,0.6312379846349359,0.8251609979197383,0.3849329659715295,189.47058805497363,5.514498974662274
62,0.7381520117633045,0.7685789605602622,0.42594701517373323,197.7318629506044,5.509535025339574
63,0.7365279598161578,0.7764199981465936,0.4517869674600661,198.36231600493193,5.6712820078246295
64,0.912835996132344,0.8264000061899424,0.4579600063152611,195.39020798401907,5.754043988417834
65,0.6755919894203544,0.7623049896210432,0.4339820006862283,189.137400011532,6.07152801239863
66,0.6719760131090879,0.786431017331779,0.5061929696239531,197.64057896099985,6.063697976060212
67,0.7633590139448643,0.7942219963297248,0.3858139971271157,199.66487697092816,6.174545036628842
68,0.9888850036077201,0.7854599971324205,0.42198802111670375,197.39711604779586,6.354378012474626
69,0.683781981933862,0.7528370479121804,0.39283797377720475,197.59638496907428,6.527797959279269
70,0.6867649499326944,0.7550890441052616,0.5012609763070941,193.1776429992169,6.476344948168844
71,0.6838379777036607,0.773842039052397,0.400671036913991,201.4581459807232,6.383401982020587
72,0.699852011166513,0.7646150188520551,0.4325619665905833,206.7913319915533,6.430273992009461
73,0.9086469653993845,0.7942079682834446,0.5054590292274952,194.8643529904075,6.529497040901333
74,0.6947399815544486,0.7712160004302859,0.39241701597347856,198.43278801999986,6.489482009783387
75,0.7467439863830805,0.824836955871433,0.5890359752811491,206.09534700633958,6.767920043785125
76,1.3448850368149579,0.7888100226409733,0.5411570309661329,197.15837901458144,6.424883031286299
77,1.1311069829389453,0.8525059674866498,0.49321603728458285,208.8749689864926,6.626354006584734
78,0.7051300490275025,1.0624449932947755,0.47651201020926237,200.71392395766452,6.764528981875628
79,0.7131819729693234,0.96443499205634,0.47389697283506393,195.23236900568008,6.758913979865611
80,0.7547009736299515,0.7837910088710487,0.5186040070839226,215.84430697839707,6.948949012439698
81,0.7673910004086792,0.8108019828796387,0.5109409685246646,211.7552740382962,6.859062006697059
82,0.9000709978863597,0.8210760424844921,0.5197700229473412,207.8165170387365,6.884165981318802
83,0.797597982455045,0.7866069790907204,0.4784839693456888,200.71250200271606,7.019935990683734
84,0.7700719870626926,0.8231829851865768,0.4751540254801512,214.31758301332593,6.9821689976379275
85,0.7196269580163062,0.7684599841013551,0.19604299450293183,94.10970500903204,7.455663988366723
86,0.7621999830007553,0.7594969938509166,0.21381804253906012,97.50511299353093,7.639283023308963
87,0.7253839867189527,0.7506889523938298,0.22896402515470982,92.03711897134781,7.737422012723982
88,0.7324569742195308,0.7424119976349175,0.19655597861856222,87.12546998867765,7.598505006171763
89,0.7178210071288049,0.7405209471471608,0.2342750085517764,91.65300498716533,7.722624053712934
90,0.7462530047632754,0.7455470040440559,0.20549300825223327,96.27832903061062,7.4539389461278915
91,0.71464799111709,0.7466999813914299,0.1883619697764516,89.94547498878092,7.388088968582451
92,0.6389939808286726,0.829701020848006,0.2412949688732624,92.99737797118723,7.3215599986724555
93,0.7199820247478783,0.9234800236299634,0.5772539880126715,87.97880401834846,7.570962014142424
94,0.6984189967624843,0.9690659935586154,0.5812880117446184,106.88571899663657,8.768717001657933
95,0.7743070018477738,1.1253979755565524,0.5830030422657728,99.06576498178765,7.877224998082966
96,0.7335880072787404,1.1927469749934971,0.6127399974502623,100.99235997768119,7.660621020477265
97,0.676013994961977,1.1714999563992023,0.6341030239127576,97.45060902787372,7.523061009123921
98,0.7624319987371564,1.2011260259896517,0.6118019809946418,97.28137199999765,7.9643880017101765
99,0.7477779872715473,1.147987029980868,0.6027139606885612,101.0200459859334,8.238812035415322
100,0.9177669999189675,0.8272799896076322,1.6723010339774191,220.06317495834082,7.328602019697428
101,0.797528016846627,0.9488379582762718,1.0478670010343194,176.60607496509328,7.433600956574082
102,0.7319659925997257,0.9583319770172238,0.5861009703949094,91.3047160138376,7.717893982771784
103,0.7576679927296937,1.1468740412965417,0.5845520063303411,92.1064549474977,7.699601002968848
104,0.6564549985341728,1.1724770301952958,0.579460000153631,94.38457398209721,8.377076999749988
105,0.8249210077337921,1.145050977356732,0.643995008431375,138.29291495494545,7.869209046475589
106,0.8234610431827605,0.8627740317024291,0.6310080061666667,95.18286300590262,7.770633033942431
107,0.6044620531611145,1.1807159753516316,0.5740880151279271,95.93731397762895,7.954328029882163
108,0.7429909892380238,1.1457420187070966,0.6151950219646096,106.48930800380185,7.6517509878613055
109,0.747009995393455,1.2116199941374362,0.6460910080932081,97.37943601794541,2.989920030813664
110,0.30730600701645017,1.1730859987437725,0.6305199931375682,102.87166602211073,7.659683004021645
111,0.8903570123948157,1.179034006781876,0.6204310338944197,98.04717998486012,7.888113963417709
112,0.7639960385859013,1.2094370322301984,0.6485600024461746,103.79195300629362,8.006011019460857
113,0.7526089902967215,1.1364359525032341,0.6656810292042792,98.41420198790729,7.6924500172026455
114,0.7779059815220535,1.1508140014484525,0.6339370156638324,103.50461804773659,7.941160001792014
115,0.6155390292406082,1.2066549970768392,0.6903909961692989,101.10477701527998,7.98455998301506
116,0.863816007040441,1.1328179971314967,0.6263169925659895,102.02708601718768,8.018756983801723
117,0.7641019765287638,1.1649630032479763,0.6213680026121438,99.81800604145974,8.023859991226345
118,0.6078080041334033,0.8194829570129514,0.6379960104823112,112.40330501459539,7.74786900728941
119,0.7421729969792068,1.1174589744769037,0.597169972024858,97.27812901837751,8.017513959202915
120,0.7980650407262146,1.1475709616206586,0.6427760235965252,112.25986701902002,8.225738012697548
121,0.7780279847793281,0.8524489821866155,0.6521490286104381,101.96780698606744,7.973533007316291
122,0.752057007048279,1.124545990023762,0.5640559829771519,94.21550302067772,8.08602198958397
123,0.7663010037504137,1.1859030346386135,0.6122779450379312,100.75037501519546,8.086635963991284
124,0.6403860170394182,0.8384879911318421,0.6584919756278396,98.87158399214968,7.917150971479714
125,0.6655180477537215,1.104098977521062,0.5640980089083314,91.99351404095069,7.734754006378353
126,0.7508409908041358,1.1510630138218403,0.6392719806171954,98.60433300491422,8.004258037544787
127,0.8087579626590014,1.1795749887824059,0.6343810237012804,106.81213694624603,8.132002025377005
128,0.7442450150847435,1.2286720448173583,0.6348909810185432,103.73297001933679,8.161200967151672
129,0.8371060248464346,1.2418479891493917,0.6292149773798883,101.34215600555763,8.43956699827686
130,0.7770410156808794,1.230999012477696,0.6402769940905273,101.84435005066916,8.163436024915427
131,0.769395031966269,1.1329799890518188,0.6189860287122428,128.58818500535563,7.856157026253641
132,0.7988240104168653,1.162871951237321,0.6879270076751709,103.13820297596976,8.08145897462964
133,0.7608879823237658,1.1948079918511212,0.6367739988490939,124.75496501429006,8.152700960636139
134,0.5722430068999529,1.1331469868309796,0.6306419963948429,105.82731501199305,8.034896978642792
135,0.8068740135058761,1.5540409949608147,0.632446026429534,99.53897201921791,7.869246997870505
136,0.6911890232004225,1.2422909494489431,0.6430770154111087,102.79168700799346,8.162225014530122
137,0.7695439853705466,1.1799560161307454,0.6672590388916433,100.41169897885993,8.301106048747897
138,0.7719140266999602,1.188074005767703,0.6178069743327796,103.3826670027338,8.32397403428331
139,0.7525419932790101,1.18533696513623,0.6506249774247408,103.79806201672181,8.02187796216458
140,0.7384779746644199,1.3182270340621471,0.8976520039141178,115.4389200382866,8.030115975998342
141,0.8028990123420954,1.182504987809807,0.6518340087495744,113.98558603832498,7.75301898829639
142,0.7104009855538607,1.24988000607118,0.6475739646703005,103.8074130192399,7.850690977647901
143,0.7589380256831646,1.1444879928603768,0.612528994679451,100.50761100137606,8.20578500861302
144,0.8103070431388915,1.118423999287188,0.64462999580428,105.03887495724484,8.042055007535964
145,0.7537439814768732,1.2193660368211567,0.67642901558429,100.05978000117466,7.968566031195223
146,0.7247559842653573,1.1097100214101374,0.6753089837729931,111.42565601039678,7.7946759993210435
147,0.6514590349979699,1.1394149623811245,0.60333899455145,108.95567596890032,7.830031972844154
148,0.5523529835045338,1.165727968327701,0.622142048086971,98.96672499598935,7.947660982608795
149,0.6152099813334644,1.1006100103259087,0.6205530371516943,98.91039202921093,7.705919037107378
150,0.7374369888566434,1.1220549931749701,0.6093119736760855,102.24611999001354,7.794270000886172
151,0.7384319906122983,1.2495280243456364,0.6368769682012498,112.60580195812508,8.029905962757766
152,0.5418150103650987,1.1576419929042459,0.6366359884850681,104.56078295828775,8.225415018387139
153,0.7404779898934066,1.1834910255856812,0.6206510006450117,100.03113700076938,8.091726980637759
154,0.7492009899578989,1.176744990516454,0.6564169889315963,98.67615200346336,8.198857016395777
155,0.7446559611707926,1.5276389895007014,0.6326459697447717,99.65298103634268,7.86877004429698
156,0.6945650093257427,1.1423900141380727,0.6401700084097683,107.59893903741613,7.832067960407585
157,0.7231649942696095,1.1421950184740126,0.6216610199771821,100.84628500044346,7.72245298139751
158,0.7321040029637516,1.5095440321601927,0.6048140348866582,101.06483998242766,7.852969982195646
159,0.7275079842656851,1.158737053629011,0.620859966147691,102.74878900963813,8.370411000214517
160,0.7372780237346888,1.2212279834784567,0.6271200254559517,113.96804405376315,8.10134899802506
161,0.7989740115590394,1.4447750290855765,0.6324780406430364,101.70791897689924,7.85934500163421
162,0.7402339833788574,1.1838349746540189,0.6288239965215325,115.50829303450882,8.239427988883108
163,0.7466889801435173,1.1621080338954926,0.6724590202793479,102.90052398340777,8.310289995279163
164,0.6755510112270713,1.1716529843397439,0.6327950395643711,101.74292704323307,7.889907981734723
165,0.7574229966849089,1.2986970250494778,0.6385970045812428,99.4333770358935,8.072339987847954
166,0.7300649886019528,1.2056929990649223,0.70833700010553,99.64930295245722,7.995175023097545
167,0.7340279989875853,1.1652489774860442,0.6304269772954285,101.4368940377608,7.983576972037554
168,0.5848280270583928,1.214526011608541,0.6183579680509865,101.89898300450295,8.215257024858147
169,0.7464740192517638,1.1774420272558928,0.6688000285066664,103.07680000551045,8.380350016523153
170,0.8716409793123603,1.6103879897855222,0.6437760312110186,103.14014903269708,7.953816035296768
171,1.2130450340919197,0.9041430312208831,0.7607130100950599,121.19999900460243,7.546221022494137
172,0.7306759944185615,1.094793959055096,0.5646480130963027,90.3760350192897,7.541019993368536
173,0.7154930499382317,1.105225004721433,0.6159420008771122,102.83718002028763,7.826221000868827
174,0.5979289999231696,1.1617399868555367,0.6160920020192862,99.51106301741675,7.8209470375441015
175,0.6688850116916001,1.1971889762207866,0.6295850034803152,102.5396260083653,7.908932981081307
176,0.7806040230207145,1.1412780149839818,0.6089300150051713,98.9775019697845,7.589231012389064
177,0.768112950026989,1.1616609990596771,0.6418940029107034,100.84508900763467,7.6318400097079575
178,0.7265520398505032,1.158481987658888,0.63256302382797,99.17091799434274,7.5826639658771455
179,0.7384850177913904,1.156149955932051,0.6242690142244101,121.43021001247689,7.481935026589781
180,0.7540599908679724,1.1885850108228624,0.6568210083059967,100.22423102054745,7.633461966179311
181,0.6488080252893269,1.176866004243493,0.6134039722383022,102.50996396644041,7.8414780437015
182,0.7399280439130962,1.1144900345243514,0.6200920324772596,109.77559699676931,7.744598027784377
183,0.736019981559366,1.198910002131015,0.6287170108407736,98.7190289888531,7.6179030002094805
184,0.7621399709023535,1.1578990379348397,0.6608749972656369,99.81592296389863,7.7743500005453825
185,0.7576769567094743,1.1839569779112935,0.6222619558684528,101.16250300779939,8.085508947260678
186,0.8405380067415535,1.2472459929995239,1.5365970320999622,205.45927598141134,7.334538036957383
187,0.7129429723136127,0.9053549729287624,0.7906770333647728,119.22056996263564,7.356212998274714
188,0.701050041243434,1.0923180379904807,0.6045379559509456,92.21332997549325,7.718658947851509
189,0.6172890425659716,1.1772309662774205,0.6768779712729156,106.15273501025513,7.918976014479995
190,0.7514859898947179,1.1960300034843385,0.6277149659581482,104.35488499933854,7.763731991872191
191,0.7443859940394759,1.1423350078985095,0.6467169732786715,97.58322301786393,7.836311997380108
192,0.7446540403179824,1.1601250153034925,0.6301170215010643,99.26716302288696,7.820968981832266
193,0.7547879940830171,1.1382030206732452,0.6519629969261587,99.51931703835726,7.893467030953616
194,0.7468760013580322,1.1531669879332185,0.6627969560213387,97.55006298655644,7.645750010851771
195,0.9515630081295967,1.3373009860515594,1.5437050024047494,202.66085298499092,7.37956102238968
196,0.720443029422313,0.874908990226686,0.7618750096298754,112.97634895890951,7.3124009650200605
197,0.7273929659277201,1.1221040040254593,0.6449010106734931,95.92289698775858,7.626380014698952
198,0.7441130001097918,1.1523140128701925,0.6451070075854659,110.54918396985158,7.835866010282189
199,0.787366006989032,1.1771279969252646,0.63065200811252,106.55887896427885,8.054203994106501
200,0.7562669925391674,1.140610023867339,0.6407980108633637,96.79536003386602,7.937810965813696
201,0.771448016166687,1.1365899699740112,0.6356199737638235,98.7501879571937,8.183228026609868
202,0.8266180520877242,1.1794230085797608,0.6327099981717765,99.59614102263004,7.671186001971364
203,0.7465340313501656,1.2341419933363795,0.6321700057014823,116.38462700648233,7.651881023775786
204,0.7456350140273571,1.1757580214180052,0.6719320081174374,98.97593304049224,7.633992994669825
205,0.7849720423109829,1.1557569960132241,0.6305169663392007,99.0282220300287,7.715736981481314
206,0.7390310056507587,1.1209719814360142,0.6310330354608595,103.38466300163418,7.753572019282728
207,0.6967199733480811,1.121034030802548,0.6548870005644858,100.45224503846839,7.70674500381574
208,0.7302400190383196,1.1361570213921368,0.6421100115403533,98.83708303095773,7.481608015950769
209,0.7063899538479745,1.1411430314183235,0.6114519783295691,102.84966102335602,7.892495021224022
210,0.7231829804368317,1.1242309701628983,0.6644600071012974,105.45928997453302,7.846078951843083
211,0.7263149600476027,1.196662022266537,0.6634449819102883,100.53575498750433,7.882711011916399
212,0.7357730064541101,1.1471649631857872,0.6120540201663971,113.24344697641209,8.132371003739536
213,0.6961769540794194,1.513230032287538,0.6886260234750807,107.08582401275635,7.893275993410498
214,0.7386599900200963,1.2807219754904509,0.6682590465061367,99.92951399181038,8.009003009647131
215,0.7242399733513594,1.1613650131039321,0.6183180375955999,102.22334903664887,8.05154995759949
216,0.810716999694705,1.1598779819905758,0.6992209819145501,99.75899901473895,7.821634004358202
217,0.7349870284087956,1.1199620203115046,0.6138500175438821,102.48807503376156,7.833598006982356
218,0.7401719922199845,1.1371690197847784,0.668540014885366,99.14647898403928,7.85265100421384
219,0.5863159894943237,1.1424290132708848,0.6666300469078124,101.46158601855859,7.992458005901426
220,0.7772569661028683,1.1955170193687081,0.6166999810375273,118.78138402244076,7.564709987491369
221,0.63905498245731,1.141250948421657,0.6034469697624445,99.42997398320585,7.684657990466803
222,0.6662780069746077,1.1669039959087968,0.6845250027254224,101.70869098510593,7.859663979616016
223,0.7270509959198534,1.1398820206522942,0.7068670238368213,103.23824000079185,8.000447996892035
224,0.7240170380100608,1.138416992034763,0.6127589731477201,101.29746596794575,7.782585045788437
225,0.590896001085639,1.154180965386331,0.6580240442417562,100.50545004196465,7.745196984615177
226,0.7906340179033577,1.1509659816510975,0.6241900264285505,103.34923904156312,7.6017979881726205
227,0.7847319939173758,1.525839965324849,0.6179769989103079,98.49126701010391,7.7558530028909445
228,0.7386999786831439,1.198718964587897,0.6103420164436102,110.40908395079896,7.8989979811012745
229,0.7700750138610601,1.2057360145263374,0.6992829730734229,99.38673803117126,7.780578045640141
230,0.7047239923849702,1.1073569767177105,0.6188639672473073,102.5032969773747,7.742216985207051
231,0.7028310210444033,1.149885996710509,0.6506210193037987,102.84505796153098,7.7470369869843125
232,0.7194469799287617,1.1605299660004675,0.617015000898391,98.65644801175222,7.755597995128483
233,0.7254190277308226,1.144654001109302,0.6153509602881968,100.12097895378247,8.049584983382374
234,0.7229510229080915,1.1835750192403793,0.619145983364433,104.98785198433325,7.837013981770724
235,0.741364958230406,1.23157404595986,0.6307789590209723,102.75733703747392,7.97577400226146
236,0.7879309705458581,1.1341040371917188,0.6320659886114299,116.27933598356321,7.878246018663049
237,0.734375964384526,1.5067090280354023,0.6659870268777013,99.01810600422323,7.976913009770215
238,0.7243510335683823,1.1785299866460264,0.6338630337268114,104.87964499043301,8.134179981425405
239,0.7191429613158107,1.1239119921810925,0.6150850094854832,99.81079999124631,7.827614026609808
240,0.724326993804425,1.1435819906182587,0.6380570121109486,103.84697996778414,7.901757024228573
241,0.729558989405632,2.7448490145616233,0.6360870320349932,100.65477702300996,7.926397025585175
242,0.7060869829729199,1.1216150014661252,0.6230029975995421,99.36325595481321,7.844478997867554
243,0.720932031981647,1.1600489960983396,0.6289879675023258,101.68795398203656,8.186407038010657
244,0.725527002941817,1.1453910265117884,0.6526029901579022,121.53294996824116,8.036581974010915
245,0.7138079963624477,1.1362850200384855,0.5961430142633617,100.0252909725532,7.792204967699945
246,0.7403439958579838,1.1787409894168377,0.6306970026344061,100.68699100520462,7.987511053215712
247,0.7193419733084738,1.1771679855883121,0.6808500038459897,106.62311600754037,8.031797013245523
248,0.7273719529621303,1.1478690430521965,0.6170379929244518,99.39559496706352,8.027125964872539
249,0.8286770316772163,1.2360970140434802,0.6134959985502064,111.80660501122475,8.339897030964494
250,0.7244659936986864,1.2780249817296863,0.6225580000318587,121.79536401527002,7.574059010948986
251,0.7141819805838168,1.140248030424118,0.6206519901752472,102.83382597845048,7.515017001423985
252,0.6624700035899878,1.1451600003056228,0.7277789991348982,115.94964098185301,7.897228992078453
253,0.7017950410954654,1.1610969668254256,0.6694229668937624,100.90910200960934,8.074120036326349
254,0.5722870118916035,1.1178969871252775,0.6561129703186452,99.39482499612495,7.822418992873281
255,0.609651964623481,1.175320998299867,0.6117860320955515,105.71293899556622,7.932073960546404
256,0.7389679667539895,1.584435987751931,0.640335027128458,99.94027100037783,8.042256988119334
257,0.6123310304246843,1.1283239582553506,0.635327014606446,100.01684696180746,7.822300016414374
258,0.733593013137579,1.1722770286723971,0.6489399820566177,104.22165499767289,8.336897008121014
259,0.7127869757823646,1.1683539487421513,0.6401499849744141,102.29468403849751,7.7807389898225665
260,0.7021810160949826,1.1293499846942723,0.6175350281409919,109.3729929998517,7.837254030164331
261,0.752126972656697,1.1740680201910436,0.6255569751374424,102.20585501519963,8.022624999284744
262,0.7094350294210017,1.1840470251627266,0.6213640444912016,101.96632699808106,7.863986014854163
263,0.5827830173075199,1.3344829785637558,0.6160670309327543,101.18366195820272,7.7946840319782495
264,0.7054790039546788,1.1996710090897977,0.6440439610742033,102.88742900593206,8.261837007012218
265,0.6304240087047219,1.2031039805151522,0.6327680312097073,112.29184200055897,7.883804966695607
266,0.6537860026583076,1.1382449883967638,0.6209529819898307,123.24352696305141,7.795259007252753
267,0.6855580140836537,1.130527991335839,0.6265040137805045,98.376928945072,8.04724800400436
268,1.3846780057065189,1.1351409484632313,0.6660659564658999,102.56493400083855,7.923619996290654
269,0.7681089919060469,1.1823259992524981,0.6092690164223313,123.07293404592201,7.667071011383086
270,0.7491050055250525,1.6379919834434986,0.6730349850840867,98.47025602357462,7.859865028876811
271,1.463817956391722,0.9087949874810874,1.4412840246222913,218.60094100702554,7.211794028989971
272,0.610771996434778,0.8889279561117291,0.8255310240201652,115.82071898737922,7.3242849903181195
273,0.8523900178261101,0.9381360141560435,1.4832979650236666,202.33437104616314,7.197051018010825
274,0.7458610343746841,0.9022830054163933,0.7539490470662713,133.70379898697138,7.213995966594666
275,0.6771800108253956,1.1058609816245735,0.5945779848843813,102.50064602587372,7.700918009504676
276,0.7010420085862279,1.1533320066519082,0.6159199983812869,112.47631697915494,3.2159360125660896
277,0.27770595625042915,1.1544569861143827,0.6583380163647234,98.15810498548672,7.826902030501515
278,0.7917620241641998,1.1072810157202184,0.6483889883384109,100.27643700595945,8.080128987785429
279,0.7094989996403456,1.1761389905586839,0.5574130336754024,101.46169498329982,3.1941980123519897
280,0.28437800938263535,1.155410020146519,0.6155680166557431,103.9671580074355,8.008891018107533
281,0.6989389657974243,1.1216350249014795,0.5984039744362235,102.39380301209167,7.472424011211842
282,0.721969990991056,1.1431450257077813,0.5061810370534658,101.80863499408588,3.059356997255236
283,0.2799200010485947,1.1470310273580253,0.6158649921417236,98.73675199924037,7.513013028074056
284,0.7390310056507587,1.1511609773151577,0.593403005041182,105.7436729897745,7.789711991790682
285,0.6457219715230167,1.207471010275185,0.568586983717978,111.78753402782604,3.213329997379333
286,0.28601597296074033,1.627588993869722,0.6414040108211339,104.45332003291696,7.431160018313676
287,0.6070659728720784,1.1513499775901437,0.6564279901795089,100.63568799523637,7.707411015871912
288,0.7593519985675812,1.153618039097637,0.5829889560118318,117.49800998950377,7.8972839983180165
289,0.5856789648532867,1.104861032217741,0.6705370033159852,101.25388001324609,8.010956982616335
290,1.5841189888305962,0.9084399789571762,1.5062259626574814,201.5519700362347,7.40158197004348
291,0.7151950267143548,0.9460249566473067,1.4276639558374882,203.8694120128639,7.022962032351643
292,0.6851750076748431,0.9498859872110188,1.3052019639872015,202.53615797264501,7.098216039594263
293,0.6883729947730899,0.9768899763002992,0.5416019703261554,89.38213298097253,8.207862032577395
294,0.6160460179671645,1.157847000285983,0.6235039909370244,102.93069604085758,7.648437982425094
295,0.704707985278219,1.1907179723493755,0.6483389879576862,98.76042103860527,7.857009011786431
296,0.7292619557119906,1.4702670159749687,0.6137750460766256,99.96694995788857,7.804994995240122
297,0.743493961635977,1.859640993643552,0.603004009462893,98.17975602345541,8.02093103993684
298,0.7769920048303902,0.9594360017217696,1.5168010140769184,202.47953198850155,7.185199996456504
299,0.7138090441003442,0.879694998729974,0.9382319985888898,140.97653701901436,7.349226041696966
300,0.6814230000600219,1.0855579748749733,0.5822210223414004,95.91529599856585,7.8903340036049485
301,0.7336699636653066,1.164032961241901,0.7101829978637397,105.0475969677791,7.747144962195307
302,0.5791480070911348,1.1056410148739815,0.6063870387151837,99.80287397047505,7.70031800493598
303,0.6368150352500379,1.1462430120445788,0.6077269790694118,101.4337629894726,7.69149704137817
304,0.7100760121829808,1.1654660338535905,0.6769289611838758,100.30372702749446,7.810587994754314
305,0.7156300125643611,1.3955429894849658,0.6038889987394214,105.26710603153333,7.778330007568002
306,0.7454329752363265,1.2056860141456127,0.6614269805140793,110.2324640378356,7.7230490278452635
307,0.7179499953053892,1.1785850510932505,0.7068089907988906,103.77680801320821,7.74893001653254
308,0.6272519822232425,1.1187269701622427,0.6012320518493652,114.66959404060617,7.59958999697119
309,0.6906760390847921,1.1148439953103662,0.6071350071579218,101.77338699577376,8.05746903643012
310,0.7855049916543067,0.9332830086350441,1.5141969779506326,203.65439698798582,7.149157987441868
311,0.6194240413606167,0.9009149507619441,1.3268300099298358,199.07734595471993,6.984264007769525
312,0.6729279994033277,1.0947810369543731,0.5620729643851519,92.72519801743329,7.668184989597648
313,0.7011319976300001,1.1502589914016426,0.629795016720891,100.43868102366105,7.758418039884418
314,0.7000589976087213,1.1394829489290714,0.6396389799192548,100.4249609541148,7.722979004029185
315,0.6895450060255826,1.1598659912124276,0.6892280071042478,106.73639003653079,7.717889966443181
316,0.5775070167146623,1.1543200234882534,0.6265740375965834,104.58516195649281,7.72644201060757
317,0.7031969726085663,1.1126979952678084,0.6543340277858078,98.32747804466635,7.583911996334791
318,0.683816964738071,1.1398299830034375,0.595493009313941,102.42095100693405,7.358684029895812
319,0.6510820239782333,1.2076290440745652,0.678070995490998,116.57804198330268,7.331022992730141
320,0.6919699953868985,1.574087014887482,0.6109279929660261,99.27220101235434,7.661346986424178
321,0.7194739882834256,1.1478710221126676,0.6113270064815879,100.84483399987221,7.708447985351086
322,0.6948949885554612,1.1462559923529625,0.6314970087260008,100.41816695593297,7.631438027601689
323,0.6896820268593729,1.1213600519113243,0.6340499967336655,97.73288300493732,7.367123966105282
324,0.7084039971232414,1.1504360008984804,0.6043409812264144,100.32202099682763,7.58789200335741
325,0.6975129945203662,1.1212959652766585,0.6332779885269701,110.05448899231851,8.02634097635746
326,0.9063960169441998,0.9140939801000059,1.4744949876330793,201.46581600420177,7.388889032881707
327,0.6978479796089232,0.8807909907773137,0.8975050295703113,134.64325200766325,7.291030953638256
328,0.6995919975452125,1.034800021443516,0.6173380534164608,106.32390098180622,7.463484012987465
329,0.6898879655636847,1.1088120518252254,0.6288039730861783,97.79661300126463,7.574244984425604
330,0.7027140236459672,1.1389920255169272,0.6086239591240883,117.85294598666951,7.920298958197236
331,0.7123620016500354,1.1587199987843633,0.6693039904348552,102.51175099983811,8.080704021267593
332,1.116511004511267,0.9311379981227219,1.4720320468768477,197.83215003553778,7.742261979728937
333,0.7410089601762593,0.9821599815040827,1.3701759744435549,199.95843095239252,6.995508971158415
334,0.681798963341862,0.9237729827873409,1.4287640224210918,204.8594990046695,6.9570220075547695
335,0.8708479581400752,0.9252799791283906,1.3359939912334085,209.3931200215593,7.013185997493565
336,0.7196249789558351,0.8957539685070515,1.4823119854554534,200.08013298502192,7.020632037892938
337,0.6916999700479209,0.9123029885813594,1.3742839801125228,204.908785992302,7.195301994215697
338,0.6896730046719313,1.1214200058020651,0.5631939857266843,116.3168890052475,7.810158014763147
339,0.7187660085037351,1.1431589955464005,0.6404370069503784,100.52042797906324,7.746696006506681
340,0.6980550242587924,1.1762899812310934,0.6377440295182168,104.66913104755804,7.981290982570499
341,0.750483013689518,1.0967680136673152,0.6323559791781008,102.27630398003384,7.841220998670906
342,0.6849369965493679,1.1581899598240852,0.6140369805507362,104.59273203741759,7.915343972854316
343,0.781384005676955,1.1927909799851477,0.63188502099365,101.64319799514487,7.728106982540339
344,0.6937049911357462,1.1236640275456011,0.6048870272934437,105.84400099469349,7.782651984598488
345,0.6354050128720701,1.254050002899021,0.6386920576915145,105.87743803625926,7.572926988359541
346,0.6188969709910452,1.1452030157670379,0.6173999863676727,115.23848498472944,7.561197970062494
347,0.6914919940754771,1.1551069910638034,0.6017189589329064,101.02233703946695,7.783320965245366
348,0.6300890236161649,1.1661199969239533,0.6153699941933155,101.5277859987691,7.954291999340057
349,0.7220169645734131,1.1742160422727466,0.6159339682199061,101.02610499598086,7.483303023036569
350,0.7074470049701631,1.1084569850936532,0.6105990032665431,97.57703199284151,7.799846003763378
351,0.6783410208299756,1.1715060099959373,0.6011769874021411,101.00087500177324,8.027152973227203
352,0.7037169998511672,1.1802740045823157,0.6165829836390913,102.04259399324656,7.804103021044284
353,0.7011789712123573,1.105982984881848,0.6548900273628533,98.10798004036769,7.935094996355474
354,0.69305399665609,1.1307820095680654,0.6433720118366182,104.3384579825215,8.002702030353248
355,0.7058900082483888,1.1280429898761213,0.620670965872705,99.47245195508003,7.855742005631328
356,0.698660034686327,1.0820429888553917,0.6126890075393021,102.73456299910322,7.7678500092588365
357,0.6931110401637852,1.1258989688940346,0.6325070280581713,102.24223701516166,7.909086009021848
358,0.7610240136273205,1.1787369730882347,0.6601759814657271,104.17001799214631,7.812080963049084
359,0.5865869461558759,1.1355929891578853,0.6061780150048435,99.41841196268797,8.002131013199687
360,0.7202360429801047,1.1532239732332528,0.672795984428376,100.34997703041881,8.015380008146167
361,0.6594780134037137,1.2235439498908818,0.6434090319089592,101.12159803975374,7.714364968705922
362,0.7453020079992712,1.1127580073662102,0.6276860367506742,98.09900802792981,7.6548189972527325
363,0.711772998329252,1.167295966297388,0.6314389756880701,106.82783101219684,8.054220990743488
364,0.5865099956281483,1.16531498497352,0.6364909932017326,101.32828104542568,7.964039978105575
365,0.6851819925941527,1.1089970357716084,0.5988009506836534,98.20047003449872,7.838121033273637
366,0.7678149850107729,1.1540069826878607,0.6284719565883279,117.22118395846337,7.678934023715556
367,0.9243540116585791,1.2180929770693183,0.7071070140227675,100.49648099811748,7.720944995526224
368,0.6740399985574186,1.097304979339242,0.5914170178584754,98.55777298798785,7.872805988881737
369,0.6983820348978043,1.1449290323071182,0.6173989968374372,106.9011699873954,7.847521977964789
370,0.7048930274322629,1.1488500167615712,0.6433310336433351,102.0089170197025,7.463713991455734
371,0.6783779826946557,1.1371640139259398,0.717226997949183,98.69380702730268,7.568177010398358
372,0.6891799857839942,1.5472869854420424,0.6453929818235338,105.35451100440696,7.713696977589279
373,0.6943040061742067,1.1696870205923915,0.6709109875373542,101.40342899831012,7.838188961613923
374,0.6152200512588024,1.1079239775426686,0.6195559981279075,98.58226001961157,7.8231520019471645
375,0.9449929930269718,0.9465889888815582,1.5134569839574397,199.86409897683188,7.325722021050751
376,0.6842110306024551,0.9193959995172918,1.3880409533157945,205.77648701146245,7.048352039419115
377,0.7339180447161198,2.4407979799434543,0.7158239604905248,109.0808609733358,7.1212369948625565
378,0.6673739990219474,1.0058690095320344,0.5539419944398105,92.7119210246019,7.273147988598794
379,0.6130479741841555,1.1469920282252133,0.6079890299588442,100.94218299491331,7.66375899547711
380,0.6840829737484455,1.0999999940395355,0.5883690319024026,103.16350299399346,7.853477029129863
381,0.7029009866528213,1.142964989412576,0.6333309574984014,102.29210800025612,7.696316984947771
382,0.6876930128782988,1.2209660490043461,0.6466970080509782,99.9853810062632,7.96022400027141
383,0.6147960084490478,1.1252760305069387,0.6017980049364269,100.06848501507193,7.602704979944974
384,0.7175430073402822,1.5263870009221137,0.6104920175857842,103.59434096608311,7.566107960883528
385,0.703661993611604,1.1394189787097275,0.6366759771481156,99.32841104455292,7.501123996917158
386,0.6886859773658216,1.0778200230561197,0.5823199753649533,98.23156200582162,7.516316021792591
387,0.7409849786199629,1.1696389992721379,0.5971569917164743,102.88809100165963,7.805355009622872
388,0.7530099828727543,1.148356997873634,0.6486409693025053,99.250677973032,7.553870033007115
389,0.6829210324212909,1.1152150109410286,0.6015140097588301,97.58592303842306,7.3212190181948245
390,0.7941530202515423,1.1628930224105716,0.6326930015347898,99.1880230139941,7.777785009238869
391,0.6946499925106764,1.1634579859673977,0.6177489995025098,99.62315298616886,7.914856018032879
392,1.3727230252698064,0.9093809640035033,1.5668289852328598,201.79364294745028,7.594947994221002
393,0.8353380253538489,0.9039780125021935,1.4064990100450814,205.30740299727768,6.905376038048416
394,0.6718770018778741,0.9488090290687978,1.400530047249049,200.54105500457808,7.015886018052697
395,1.030992018058896,0.9093140251934528,0.6703779799863696,105.53866397822276,7.057940005324781
396,0.5771379801444709,1.0465760133229196,0.5426119896583259,93.31927797757089,7.344961049966514
397,0.6881730514578521,1.1363020166754723,0.6583579815924168,98.28336501959711,12.906245014164597
398,0.6189430132508278,1.1265029897913337,0.6063570035621524,109.76089502219111,8.225694997236133
399,0.6617860053665936,1.1479660170152783,0.6062589818611741,103.27330901054665,7.643778983037919
400,0.691634020768106,1.1288790265098214,0.6616259925067425,98.83493900997564,7.7515909797511995
401,0.7143389666453004,1.156529993750155,0.6494609988294542,96.02042002370581,7.4686650186777115
402,0.7011370034888387,1.153023971710354,0.6299900123849511,102.69106301711872,7.333468005526811
403,0.6726069841533899,1.1571480426937342,0.6193580338731408,99.86975498031825,7.25567399058491
404,0.6715880008414388,1.1644929763861,0.6414020317606628,97.80933195725083,7.203640008810908
405,0.6616589962504804,1.1148049961775541,0.5994060193188488,100.14275897992775,3.1659529777243733
406,0.26868697023019195,1.1139529524371028,0.6149589898996055,97.81828301493078,7.639814983122051
407,0.7576989592052996,1.1429110309109092,0.6195739842951298,100.25188303552568,7.176468032412231
408,0.6658610072918236,1.1109359911642969,0.616564997471869,101.22659301850945,3.1341210124082863
409,0.26754901045933366,1.0957419872283936,0.6208870327100158,97.73072402458638,7.46062200050801
410,0.6575879524461925,1.1363470111973584,0.6143029895611107,96.35288902791217,7.305014005396515
411,0.6503210170194507,1.116817002184689,0.6111449911259115,99.92151497863233,3.138252010103315
412,0.2699829638004303,1.1659679585136473,0.6054129917174578,101.29640996456146,7.357537979260087
413,0.661222031340003,1.058592984918505,0.5900050164200366,96.1111860233359,7.52360699698329
414,0.7259150152094662,1.1715180007740855,0.5996270338073373,98.44497102312744,7.418237044475973
415,0.6617099861614406,1.1280340258963406,0.6168769905343652,98.4057069872506,7.354344998020679
416,0.6771779735572636,1.1217669816687703,0.6092149997130036,100.59773398097605,7.320274016819894
417,0.6487849750556052,1.1581809958443046,0.6680950173176825,98.03679096512496,7.503983972128481
418,0.6405500462278724,1.122310000937432,0.6216919864527881,97.55657298956066,7.212162017822266
419,0.6379610276781023,1.0820410097949207,0.6041599554009736,95.15651094261557,7.203546992968768
420,0.6429109489545226,1.1168810306116939,0.5972519866190851,98.71261403895915,7.277477998286486
421,0.6550519610755146,1.3190080062486231,0.6468510255217552,98.32702501444146,7.704690971877426
422,0.9659130009822547,0.892247015144676,1.4440639642998576,196.8713469686918,6.984904001001269
423,0.6803839933127165,0.9062669705599546,1.3874690048396587,200.1568279811181,6.829086982179433
424,0.6373130017891526,0.8929020259529352,1.3767179916612804,205.38850699085742,6.811027007643133
425,0.653789029456675,0.8907490409910679,1.410391996614635,210.8575479942374,6.7336910287849605
426,0.6824760348536074,1.152420009020716,0.6360650295391679,120.81088701961562,6.8897670134902
427,0.6444579921662807,1.1116579989902675,0.5885220016352832,99.91673502372578,7.235062017571181
428,0.5929680191911757,1.065476972144097,0.595382007304579,101.16737300995737,7.398618967272341
429,0.7640200201421976,1.125662005506456,0.6171350250951946,101.89994605025277,7.648220052942634
430,0.7523870444856584,0.8838820504024625,1.2375389924272895,162.3515069950372,6.903503963258117
431,0.6404350278899074,1.3894580188207328,0.5305429804138839,93.12650503125042,7.232404954265803
432,0.6785789737477899,1.1218030122108757,0.6262809620238841,98.20652398047969,7.383419026155025
433,1.8137499573640525,1.139488012995571,0.7188270101323724,106.25628801062703,7.490609015803784
434,0.6658709608018398,1.130521995946765,0.6295639905147254,102.7653039782308,7.535069016739726
435,0.6618470069952309,1.1026720167137682,0.6134010036475956,99.05172901926562,7.4349979986436665
436,0.643947976641357,1.1205010232515633,0.6174059817567468,99.24244898138568,7.333173998631537
437,0.6717999931424856,1.1197089916095138,0.5996380350552499,99.26129196537659,7.383236021269113
438,0.5944320000708103,1.134491991251707,0.590034993365407,108.99487097049132,7.094358967151493
439,0.6332580232992768,1.1267230147495866,0.5966079770587385,112.03136999392882,7.418352994136512
440,0.7306239567697048,1.1537550017237663,0.6091850227676332,100.77262402046472,7.352276996243745
441,0.6555479485541582,1.1202060268260539,0.6301489775069058,107.19109099591151,7.916447997558862
442,0.6470360094681382,1.112107012886554,0.6122229970060289,98.06048503378406,7.194398029241711
443,0.6460709846578538,1.1492710327729583,0.5938610411249101,98.2506459695287,7.396835018880665
444,0.6372019997797906,1.152832992374897,0.60834496980533,101.33309400407597,7.428285025525838
445,0.7053609588183463,1.1343539808876812,0.590523995924741,100.08108301553875,7.613485970068723
446,0.6701710517518222,1.1612819507718086,0.6299210363067687,97.85536001436412,8.227290993090719
447,0.8046160219237208,0.9281040402129292,1.2912260135635734,168.14601700752974,7.166389026679099
448,1.079556008335203,0.9981760522350669,0.6040370208211243,88.10834598261863,7.172309036832303
449,0.6401340360753238,1.0801060125231743,0.6047030328772962,96.1270880070515,7.211033022031188
450,0.6372929783537984,1.104152004700154,0.6184319499880075,104.55535002984107,7.451119017787278
451,0.6478760042227805,1.1267020017839968,0.6581579800695181,101.85730597004294,7.349889958277345
452,0.6435289978981018,1.1487289448268712,0.6081730243749917,95.3528109821491,7.334118010476232
453,0.7093269960023463,1.132167992182076,0.5861659883521497,101.9242629990913,7.563387975096703
454,0.875400030054152,0.9418620029464364,1.5797599917277694,203.675715951249,6.967168999835849
455,0.8315419545397162,0.8631129749119282,1.4382560038939118,222.88031899370253,6.692512019071728
456,0.6745639839209616,0.8941440028138459,1.3878699974156916,200.2291060052812,6.965218984987587
457,0.6464560283347964,0.8685049833729863,0.7990300073288381,121.8474879860878,6.7312209866940975
458,0.7543819956481457,0.9408470359630883,0.5713750142604113,88.33342103753239,6.944491993635893
459,0.6410999922081828,1.1344610247761011,0.5735959857702255,98.78113894956186,7.676202047150582
460,1.036182977259159,0.9217969491146505,1.5369480242952704,195.17675699898973,7.13465001899749
461,0.7013159920461476,0.8558839908801019,1.5531660174019635,203.30609404481947,6.479131989181042
462,0.627328990958631,1.2314089690335095,1.4261790201999247,201.89131400547922,6.401057005859911
463,0.825284980237484,0.9048120118677616,1.4326689997687936,216.7670269845985,6.602792011108249
464,0.8806840050965548,0.9183069923892617,1.4368470292538404,205.1413949811831,7.03814800363034
465,0.5631919484585524,0.9048120118677616,1.1637589777819812,163.4461369831115,6.93945400416851
466,0.6559460307471454,1.0310239740647376,0.56279799900949,93.1116960127838,7.564920990262181
467,0.7462049834430218,1.1601889855228364,0.627103028818965,97.43548097321764,7.605163962580264
468,1.4197169803082943,0.8827039855532348,1.537103031296283,199.4989300146699,7.341683027334511
469,0.7090640137903392,0.9264579857699573,1.2830380001105368,169.91553298430517,6.961409002542496
470,0.6858609849587083,1.0818860027939081,0.5557980039156973,93.71548000490293,7.507939008064568
471,0.6147780222818255,1.145239977631718,0.6462709861807525,112.29175300104544,7.662499032448977
472,0.6696099881082773,1.138419029302895,0.6178619805723429,97.22670295741409,7.990784011781216
473,0.7174060447141528,1.1279050377197564,0.6308170268312097,95.19716899376363,7.763272034935653
474,0.6927489885129035,1.1152789811603725,0.6289680022746325,97.83468098612502,7.756503997370601
475,0.6146440282464027,1.1253560078330338,0.6419220007956028,99.9750189948827,7.6452940120361745
476,0.6959229940548539,1.1372119770385325,0.6101460312493145,97.89076796732843,7.495385012589395
477,0.7485930109396577,1.1335790040902793,0.6396190146915615,98.95805903943256,7.616012007929385
478,0.7073719752952456,1.1527540045790374,0.7128039724193513,97.50285599147901,7.554636045824736
479,0.6690340233035386,1.0692530195228755,0.6117750308476388,114.45301404455677,7.511881005484611
480,0.5988510092720389,1.1039469973184168,0.6181880016811192,98.14406099030748,7.734624028671533
481,0.69480697857216,1.1008730507455766,0.6129760295152664,96.41086601186544,7.514911994803697
482,0.6963650230318308,1.121516979765147,0.6143440259620547,97.58047701325268,7.608516025356948
483,0.7497110054828227,1.110684999730438,0.5858240183442831,99.52763700857759,7.759732019621879
484,0.6752900080755353,1.1367160477675498,0.6002949667163193,96.3560480158776,7.739043969195336
485,0.6863669841550291,1.1264539789408445,0.5984159652143717,97.97453897772357,7.560011988971382
486,0.6055819685570896,1.6282519791275263,0.5938219837844372,98.74566795770079,7.429976016283035
487,0.6551569676958025,1.1490890174172819,0.6127840024419129,101.13376699155197,7.724697992671281
488,0.6712760077789426,1.1141549912281334,0.6177779869176447,97.73692896123976,7.613783003762364
489,0.5664200289174914,1.1070400360040367,0.618243997450918,98.65161497145891,7.482262037228793
490,0.6962919724173844,1.1432610335759819,0.6572859711013734,97.4064179463312,7.607703970279545
491,0.672904949169606,1.11696298699826,0.6181590142659843,98.17940404172987,7.631246990058571
492,0.7071179570630193,1.148016017396003,0.5896100192330778,102.57123102201149,7.5215750257484615
493,0.6421070429496467,1.11099099740386,0.6433569942601025,98.69510197313502,7.620887015946209
494,0.7135660271160305,1.1899559758603573,0.6487719947472215,97.65319799771532,7.400494010653347
495,0.6682770326733589,1.0955779580399394,0.6195560563355684,111.42197903245687,7.551404007244855
496,0.6543679628521204,1.1274980497546494,0.6203069933690131,99.11564999492839,7.767209957819432
497,0.5813509924337268,1.134791993536055,0.6000329740345478,97.05371997551993,7.589365006424487
498,0.6733339978381991,1.1441129609011114,0.6129300454631448,99.44383299443871,7.598127995152026
499,0.6784659926779568,1.1586759937927127,0.6215149769559503,100.17760802293196,7.54856102867052
500,0.7014109869487584,1.1267609661445022,0.62369997613132,114.97533199144527,7.488514005672187
501,0.6633610464632511,1.1493430356495082,0.6101449835114181,102.02379996189848,7.653039996512234
502,0.6788040045648813,1.137514947913587,0.6389620248228312,102.58847201475874,7.55004002712667
503,0.5476109799928963,1.0976180201396346,0.6224589888006449,100.8779089897871,7.479522959329188
504,0.6747670122422278,1.1428360012359917,0.6047600181773305,97.67388802720234,7.571085006929934
505,0.6691140006296337,1.1250560055486858,0.6001419969834387,102.75670600822195,7.689850986935198
506,0.6575160077773035,1.1259170132689178,0.6170650012791157,104.62907695909962,7.601871038787067
507,0.7296290132217109,1.1102819698862731,0.6258480134420097,97.97937399707735,7.822679006494582
508,0.730152998585254,1.155446982011199,0.6131720147095621,98.12540101120248,7.946152007207274
509,0.672430032864213,1.125624985434115,0.6031600059941411,98.31583400955424,7.477467006538063
510,0.6474020192399621,1.1331799905747175,0.5955600063316524,102.10757202003151,7.318252988625318
511,0.6810619961470366,1.1174960527569056,0.591761025134474,97.96260803705081,7.657320995349437
512,0.6670880247838795,1.1347520048730075,0.608942995313555,97.6008060388267,7.6442810241132975
513,0.7057919865474105,1.1432329774834216,0.6026250193826854,96.78251098375767,7.872394053265452
514,0.6835260428488255,0.9493459947407246,1.5046789776533842,201.11238298704848,6.812806997913867
515,0.7871880079619586,0.9316460345871747,1.3504819944500923,204.07179900212213,6.855843996163458
516,0.7736950065009296,0.9139960166066885,1.3231589691713452,203.48823501262814,6.970089976675808
517,0.5842659738846123,0.8584450115449727,1.2083490146324039,191.7570760124363,7.006108004134148
518,0.6585749797523022,0.9854639647528529,0.5464400164783001,92.21438301028684,8.34975199541077
519,1.6593849868513644,1.0859380126930773,0.5851750029250979,98.44155196333304,7.546557986643165
520,0.6838520057499409,1.1605179752223194,0.6570810219272971,97.22434199647978,7.702453003730625
521,0.6901139859110117,1.117813983000815,0.6149079999886453,97.87806298118085,7.75216898182407
522,1.1202750029042363,0.914745032787323,1.5618120087310672,199.86184203298762,7.174734026193619
523,0.6002570153214037,0.8911209879443049,1.3448040117509663,201.8011300242506,6.86797802336514
524,0.7361610187217593,0.8690319955348969,1.400151988491416,202.80591899063438,6.958946003578603
525,1.18978600949049,0.9007829939946532,1.4554730150848627,216.65130200563,7.020873017609119
526,0.73640001937747,0.9723520488478243,1.0755400289781392,162.77317400090396,6.960705970413983
527,0.661063997540623,1.0301470174454153,0.5682370392605662,95.70798696950078,7.513782999012619
528,0.6965699722059071,1.1128789628855884,0.594927987549454,100.86060600588098,7.896867988165468
529,0.6506009958684444,1.1571879731491208,0.6159420008771122,100.29404202941805,7.788666000124067
530,0.7562149548903108,1.1984119773842394,0.6020930013619363,99.6368289925158,7.910896965768188
531,0.6285639829002321,1.1457570362836123,0.6180169875733554,111.10809596721083,7.740197004750371
532,0.6985109648667276,1.1480820248834789,0.6951100076548755,99.3940369808115,7.712742022704333
533,0.5783970118500292,1.1867840075865388,0.6868490017950535,99.8589220107533,7.612887944560498
534,0.6924450281076133,1.1728900135494769,0.638686993625015,99.37546699075028,7.599122007377446
535,0.7031100103631616,1.168229035101831,0.6559750181622803,110.63998495228589,7.642839977052063
536,0.7551579619757831,1.138532010372728,0.6563269998878241,99.32633303105831,7.765639049466699
537,0.6759869866073132,1.1318200267851353,0.5981169524602592,105.70268100127578,7.807565969415009
538,0.7183870184235275,1.1512250057421625,0.6295029888860881,103.68148796260357,7.554220035672188
539,0.6838040426373482,1.1343950172886252,0.6251970189623535,109.77814299985766,7.808632042724639
540,0.689616019371897,1.1280610342510045,0.6333870114758611,98.94199599511921,8.01627995679155
541,0.6268959841690958,1.2199619668535888,0.7054139859974384,110.3543959907256,7.8064079862087965
542,0.6736280047334731,1.1531899799592793,0.6021229783073068,99.46673200465739,7.732076977845281
543,0.9053410030901432,1.1682889889925718,0.6045759655535221,109.84501801431179,7.906268001534045
544,0.6242049857974052,1.167589973192662,0.631508999504149,100.17957800300792,7.819277991075069
545,0.712523004040122,1.1051130131818354,0.5967929610051215,122.15932598337531,7.847788976505399
546,0.7962689851410687,1.1274520074948668,0.6457580020651221,100.40381300495937,7.798258971888572
547,0.666378007736057,1.1093279463239014,0.6009190110489726,99.49471498839557,7.754068996291608
548,0.8402179810218513,0.8904280257411301,1.1778440093621612,163.1083469837904,7.3713650344870985
549,0.7200970430858433,0.9908020147122443,0.5513390060514212,91.35904599679634,7.595648989081383
550,0.661818019580096,1.1418259819038212,0.6154280272312462,107.77927795425057,7.473647012375295
551,0.6919040461070836,1.0883990325964987,0.6188469706103206,104.93254597531632,7.900167023763061
552,0.7917219772934914,1.1343189980834723,0.632931012660265,100.85916001116857,7.719370012637228
553,0.6910410011187196,1.1206149938516319,0.6094800191931427,99.16855301707983,7.863559992983937
554,0.6856459658592939,1.0982469539158046,0.6236319895833731,106.68648296268657,7.560216006822884
555,0.673691974952817,1.1821910156868398,0.6206230027601123,98.11576502397656,7.310893968679011
556,0.6792269996367395,1.1514070210978389,0.6566959782503545,100.34086700761691,8.136800024658442
557,0.6917649880051613,1.200539991259575,0.6051869713701308,102.89417300373316,7.332638022489846
558,0.6898639840073884,1.103814982343465,0.6129650282673538,97.9502679547295,7.537792960647494
559,0.713718996848911,1.1326060048304498,0.6044539622962475,107.3479910264723,7.522880972828716
560,0.6799799739383161,1.0984559776261449,0.5992049700580537,100.67290998995304,7.324577018152922
561,0.5666890065185726,1.114864950068295,0.6189040141180158,102.33563196379691,7.6104720355942845
562,0.6644009845331311,1.1182180023752153,0.6126140360720456,98.13354699872434,7.732368016149849
563,0.6863200105726719,1.0674450313672423,0.6031609955243766,99.60935398703441,7.714087958447635
564,0.6818579859100282,1.129998010583222,0.627659959718585,99.53008696902543,7.681287999730557
565,0.7352110114879906,1.1323189828544855,0.5998549750074744,113.81688300753012,7.791540992911905
566,0.6841109716333449,1.1164139723405242,0.598711019847542,99.00781401665881,7.783945009578019
567,1.0409110109321773,0.9141339687630534,1.42770103411749,202.11134501732886,7.24586402066052
568,0.6584940128959715,0.8713239803910255,1.3139310176484287,202.61237199883908,6.781845004297793
569,0.6725619896315038,0.897329009603709,1.3714689994230866,206.61057299003005,7.009950000792742
570,0.6603329675272107,0.8832979947328568,1.121708017308265,169.0274070133455,7.023181999102235
571,0.6523909978568554,1.0049910051748157,0.5386010161601007,89.20085296267644,7.298298995010555
572,0.6831149803474545,1.0482099605724216,0.5915970541536808,100.49783904105425,7.638916024006903
573,0.723320001270622,1.0879610199481249,0.6009580101817846,99.85962498467416,7.707761018536985
574,0.7749549695290625,1.1227899813093245,0.5970020429231226,97.7454370004125,7.5173130026087165
575,1.1586599866859615,1.09567103208974,0.5840839585289359,100.35715898266062,8.141487021930516
576,0.8202749886550009,0.8924989961087704,1.2678659986704588,182.3327279998921,7.021021971013397
577,0.6443950114771724,0.9965309873223305,0.609575945418328,88.19686900824308,7.147423981223255
578,0.6701899692416191,1.0897040483541787,0.5821660161018372,101.89576499396935,7.5982490088790655
579,0.7467130199074745,1.1062510311603546,0.65606803400442,96.10937698744237,7.749227981548756
580,1.053525018505752,0.8967869798652828,1.5419329865835607,198.58927198220044,7.13413004996255
581,0.673845992423594,1.2540040188468993,1.3719729613512754,202.8688639984466,6.970644055400044
582,0.6892100209370255,1.184208958875388,1.408483018167317,215.5184459988959,6.869787001051009
583,0.67814503563568,0.8797890041023493,1.1688409722410142,160.2209100383334,6.971082999370992
584,0.6622429937124252,1.0065300157293677,0.5476350197568536,89.72930599702522,7.314250979106873
585,0.6595589802600443,1.1136870016343892,0.5954180378466845,98.92883099382743,7.642783981282264
586,0.6909639923833311,1.0953790042549372,0.6152000278234482,97.28772600647062,7.7846270287409425
587,0.6887380150146782,1.1336820316500962,0.6245690165087581,100.52749799797311,7.861163991037756
588,0.5235960124991834,1.1101849959231913,0.6141670164652169,100.09823803557083,7.70165299763903
589,0.7289320346899331,1.1414840118959546,0.6202859804034233,98.06835901690647,7.5823660008609295
590,0.7194440113380551,1.2014060048386455,0.6379529950208962,96.84797294903547,7.365091994870454
591,0.706460967194289,1.1373769957572222,0.612083007581532,105.37019796902314,7.376961992122233
592,0.6821760325692594,1.1254880228079855,0.5988030461594462,100.670951011125,7.657075009774417
593,0.7001230260357261,1.0883850045502186,0.6075480487197638,97.44695801055059,7.683934003580362
594,0.6627569673582911,1.0817720321938396,0.6035520345903933,97.91772399330512,7.693222025409341
595,0.6605880334973335,1.1431020102463663,0.6039050058461726,101.62549902452156,7.463857997208834
596,0.6793659995310009,1.097119995392859,0.594264012761414,102.5565110030584,7.8286060015670955
597,0.6823239964433014,1.129360985942185,0.6137030432000756,98.35736500099301,8.29383300151676
598,1.6387450159527361,1.253089983947575,1.5693969908170402,200.3674139850773,7.392239000182599
599,0.6995709845796227,1.1421670205891132,1.4586509787477553,203.71937699383125,7.3022730066441
600,0.8103530271910131,0.8965209708549082,1.423322013579309,209.8643759964034,7.020761026069522
601,0.6458520074374974,1.0621559922583401,0.6461719749495387,114.70882000867277,7.29664700338617
602,0.6899890140630305,1.1161420261487365,0.618252030108124,111.72271298710257,7.482319022528827
603,0.6728669977746904,1.1182210291735828,0.6105189677327871,98.27507997397333,7.688645040616393
604,0.6797490059398115,1.1030029854737222,0.6084740161895752,96.12820495385677,7.559905992820859
605,0.6818670080974698,1.1094320216216147,0.5986350006423891,97.96656999969855,7.552639988716692
606,0.6721560494042933,1.11531704897061,0.5958679830655456,95.82522802520543,7.563050021417439
607,0.6870070355944335,1.1061819968745112,0.6381600396707654,96.59437101799995,7.421100977808237
608,0.6693510222248733,1.076309010386467,0.5848119617439806,97.45767200365663,7.424371957313269
609,0.6768120219931006,1.1255950084887445,0.5923929857090116,97.63058600947261,7.4248010059818625
610,0.642903964035213,1.1744960211217403,0.6293129990808666,98.36989303585142,7.577361015137285
611,0.7389269885607064,1.173954049590975,0.6167890387587249,105.04439001670107,7.551790971774608
612,0.6687539862468839,1.0972470045089722,0.5878949887119234,98.83169899694622,7.54297396633774
613,0.7285199826583266,1.1019189842045307,0.6305580027401447,96.29605303052813,7.290153997018933
614,0.6558989989571273,1.0663500288501382,0.6067110225558281,103.02559903357178,7.45313597144559
615,0.5928289610892534,1.1355120223015547,0.600088038481772,97.06402802839875,7.516143028624356
616,0.59250503545627,1.137954997830093,0.6240180227905512,97.05876599764451,7.5256089912727475
617,0.6684469990432262,1.4708680100739002,0.5776119651272893,96.92129597533494,7.465852017048746
618,0.6659550126641989,1.117078005336225,0.60543097788468,99.2360039963387,7.4819730361923575
619,0.6629920098930597,1.1326739913783967,0.6195140304043889,109.32128399144858,7.451092998962849
620,0.7021380006335676,1.1113460059277713,0.5840620142407715,108.0698220175691,7.587818021420389
621,0.6043700268492103,1.1016339994966984,0.6301319808699191,95.9168789559044,7.466741022653878
622,0.5626239581033587,1.145254005677998,0.6053459946997464,97.04667399637401,7.452834979631007
623,0.9364209836348891,0.8627090137451887,1.5847989707253873,197.34390900703147,7.025878003332764
624,0.6425079773180187,0.8826300036162138,1.4133640215732157,201.70541596598923,6.75466499524191
625,0.6411219947040081,0.917472003493458,1.4006510027684271,206.34302904363722,6.897467013914138
626,0.6467970088124275,0.8858009823597968,1.3607889995910227,203.56357004493475,6.771366985049099
627,0.6335079669952393,1.0334399994462729,0.5553420051001012,89.14204203756526,7.4573110323399305
628,0.6724720005877316,1.0571320308372378,0.6310510216280818,98.07899699080735,7.491036027204245
629,0.6689029978588223,1.1260610190220177,0.6036129780113697,98.35582599043846,7.593535003252327
630,0.6603790097869933,1.0957299964502454,0.5979280103929341,100.36773898173124,7.816655968781561
631,0.6946600042283535,1.1592049850150943,0.6281760288402438,112.00739996274933,7.873305003158748
632,0.6537979934364557,1.1366760008968413,0.3319249954074621,102.54283901304007,7.420415990054607
633,0.5978119443170726,1.099400979001075,0.5950509803369641,98.29536703182384,7.3971489910036325
634,0.5956299719400704,1.119508990086615,0.598698970861733,101.08603804837912,7.501720043364912
635,0.6837389664724469,1.1605609906837344,0.3167949616909027,103.63553202478215,7.491940981708467
636,0.6759820389561355,1.1173750390298665,0.6300650420598686,98.32855401327834,7.434669998474419
637,0.6412580260075629,1.134187972638756,0.6046820199117064,102.132085012272,7.569834007881582
638,0.6931520183570683,1.1400989606045187,0.3089670208282769,109.880689997226,7.349296007305384
639,0.7173290359787643,1.1307250242680311,0.671608024276793,98.63643196877092,7.6676030294038355
640,0.7449020049534738,1.1561809806153178,0.6157049792818725,98.78205897985026,7.650687999557704
641,0.6444550235755742,1.1378100025467575,0.31163200037553906,104.37926201848313,7.362179982010275
642,0.5617369897663593,1.0932209552265704,0.6101630278863013,98.61437696963549,7.634737004991621
643,0.577931001316756,1.1272479896433651,0.5989150376990438,97.57410199381411,7.6128970249556005
644,0.6702659884467721,1.1376700131222606,0.31030498212203383,102.16224298346788,7.501159037929028
645,0.6606910028494895,1.07981899054721,0.5820550140924752,97.70139999454841,7.6052580261603
646,0.7552700117230415,1.119843975175172,0.6257850327529013,108.2822119933553,7.351004984229803
647,0.6384460139088333,1.1237119906581938,0.31197204953059554,108.5251229815185,7.393470034003258
648,0.6566619849763811,1.1067799641750753,0.6133299903012812,97.81957900850102,7.507829985115677
649,0.6723800324834883,1.110911020077765,0.5902410484850407,97.76170796249062,7.329230022151023
650,0.657925964333117,1.1020309757441282,0.30986900674179196,107.24907397525385,7.161542016547173
651,0.6597719620913267,1.0915389866568148,0.6613740115426481,97.31126297265291,7.2969329776242375
652,0.6006130133755505,1.1299379984848201,0.6152219721116126,98.50083902711049,7.382659998256713
653,0.6404300220310688,1.1214240221306682,0.33710303250700235,107.19663096824661,7.384904020000249
654,0.6455859984271228,1.1051649926230311,0.5944299628026783,98.89219695469365,7.174925005529076
655,0.559918989893049,1.1843399843201041,0.6216159672476351,98.76863699173555,7.298513955902308
656,0.6319149979390204,1.1257489677518606,0.3367509925737977,103.74384699389338,7.212738040834665
657,0.6587759708054364,1.0919029591605067,0.621205021161586,97.89228800218552,7.279115030542016
658,0.6344309658743441,1.1207860079593956,0.6798010435886681,101.4468619832769,7.406554010231048
659,0.6320499815046787,1.0871230042539537,0.6357450038194656,98.69393304688856,7.14518001768738
660,0.5779949715360999,1.1030029854737222,0.5955180386081338,98.20313402451575,7.037835021037608
661,0.6342699634842575,1.1094360379502177,0.6295989733189344,99.5661030174233,7.228575006593019
662,0.6772360065951943,1.1149980127811432,0.6204410456120968,99.20872404472902,7.25701596820727
663,0.6720139645040035,1.1205070186406374,0.5948820034973323,98.31424296135083,7.506050984375179
664,0.6397810066118836,1.1717859888449311,0.6621609791181982,103.98851399077103,7.419453002512455
665,0.6470860098488629,1.10586395021528,0.5949470214545727,98.38792402297258,7.2076540091075
666,0.6360529805533588,1.07488501816988,0.5935949739068747,98.32325601018965,7.239066995680332
667,0.655048992484808,1.118341984692961,0.6222020019777119,100.13353900285438,7.350354979280382
668,0.6071089883334935,1.1118549737147987,0.5919469986110926,99.26641802303493,7.636263035237789
669,0.6340790423564613,1.1155540123581886,0.5878239753656089,97.08226699149236,7.7692619524896145
670,0.7257050019688904,1.1547930189408362,0.6444300524890423,105.85431399522349,7.4545000097714365
671,0.6768120219931006,1.1598580167628825,0.583239016123116,100.0632870127447,7.687584962695837
672,0.6459280266426504,1.0854309657588601,0.612233008723706,98.15882699331269,7.554540003184229
673,0.6675640470348299,1.1101990239694715,0.6043639732524753,98.28062902670354,7.455533952452242
674,0.6624929956160486,1.0853330022655427,0.617832993157208,103.62436901777983,7.469241973012686
675,0.6435960531234741,1.099888002499938,0.6023269961588085,99.45649397559464,7.409320038277656
676,0.6447089836001396,1.1457180371508002,0.6192399887368083,97.28417498990893,7.696982007473707
677,0.7169250166043639,1.4762129867449403,0.6481439922936261,101.97129100561142,7.759271014947444
678,0.6338960374705493,1.1098579852841794,0.6122760241851211,98.86082599405199,7.520700979512185
679,0.6392729701474309,1.1326869716867805,0.6107299705035985,105.71207600878552,7.6161830220371485
680,0.6285419804044068,1.0802029864862561,0.6123589701019228,98.48074096953496,7.352102955337614
681,0.6387710454873741,1.0801979806274176,0.6024680333212018,97.13097696658224,7.236001023557037
682,0.6783700082451105,1.099181012250483,0.6026049959473312,100.46454501571134,7.41630099946633
683,0.6684869877062738,1.071411999873817,0.5730529665015638,104.9284830223769,7.646175974514335
684,0.6270990124903619,1.0975279728882015,0.6073710392229259,98.77601999323815,7.516360958106816
685,0.6392020150087774,1.1093440116383135,0.6567189702764153,97.98833396052942,7.452670019119978
686,0.6330499891191721,1.1000949889421463,0.5941399722360075,103.50869799731299,7.419586996547878
687,0.6690559675917029,1.191583985928446,0.6037270068190992,99.27750303177163,7.400819042231888
688,0.5749440169893205,1.1251349933445454,0.6458209827542305,100.8297810330987,7.4093330185860395
689,0.6389950285665691,1.0896530002355576,0.5956990062259138,98.22826203890145,7.317356998100877
690,0.6372109637595713,1.1096089729107916,0.6242620293051004,97.15892601525411,7.358629023656249
691,0.6407629698514938,1.1185590410605073,0.6765930447727442,98.61457603983581,7.498662977013737
692,0.655465992167592,1.1120529961772263,0.6174740265123546,100.18354101339355,7.397513021714985
693,0.667946005705744,1.11109804129228,0.5764419911429286,97.6610230281949,7.471255026757717
694,0.6436380208469927,1.130534044932574,0.6259579677134752,102.38810704322532,7.523325039073825
695,0.6401620339602232,1.118451007641852,0.6102619809098542,101.61226597847417,7.60484702186659
696,0.7065149839036167,1.10813498031348,0.593403005041182,97.58578398032114,7.304051017854363
697,0.6377749959938228,1.083670009393245,0.6078370497561991,100.5833640228957,7.397978042718023
698,0.6383799482136965,1.1175430263392627,0.5862859543412924,100.19479796756059,7.627103012055159
699,0.6426300387829542,1.0839609894901514,0.5875789793208241,98.8868290442042,7.258485013153404
700,0.6135909934528172,1.1207289644517004,0.6086189532652497,97.3380830255337,7.374697015620768
701,0.6257250206544995,1.1076409718953073,0.599072955083102,97.84033003961667,7.28873600019142
702,0.652769987937063,1.1320449993945658,0.601051957346499,98.37969299405813,7.0397109957411885
703,0.6313929916359484,1.169416995253414,0.6450079963542521,99.55962997628376,7.210530980955809
704,0.5040749674662948,1.1353090521879494,0.6242970121093094,104.25730602582917,7.353051973041147
705,0.6164480000734329,1.12716801231727,0.6834230152890086,96.47200797917321,7.3317139758728445
706,0.6253640167415142,1.1078969691880047,0.6419809651561081,101.31855501094833,7.103021023795009
707,0.6970250396989286,1.096452004276216,0.5701190093532205,100.96660896670073,7.103067997377366
708,0.615930010098964,1.0975450277328491,0.5669509992003441,101.93216300103813,7.264956017024815
709,0.6410890491679311,1.1337100295349956,0.670743000227958,99.09823897760361,7.361026015132666
710,0.7333329995162785,1.1041390243917704,0.6247580167837441,99.91993400035426,7.195246987976134
711,0.6035069818608463,1.1296540033072233,0.5906900041736662,99.22190697398037,7.316399016417563
712,0.6341369589790702,1.139123982284218,0.5986489704810083,98.62005600007251,7.5643560267053545
713,0.6426559993997216,1.0865679942071438,0.6100030150264502,98.0119879823178,7.46868597343564
714,0.6216110195964575,1.08875404112041,0.6112050032243133,97.14508202159777,7.470334996469319
715,0.6741380202583969,1.1070449836552143,0.6038430146872997,97.66881196992472,7.3258449556306005
716,0.6181449862197042,1.0919730411842465,0.5752190481871367,97.671325027477,7.209181028883904
717,0.6398590048775077,1.114865008275956,0.6148339598439634,97.95089502586052,7.280739024281502
718,0.6171090062707663,1.1172020458616316,0.6167140090838075,99.21557595953345,7.179838954471052
719,0.5832469905726612,1.1041600373573601,0.6159549811854959,103.02473703632131,7.220302999485284
720,0.6789210019633174,1.097300963010639,0.6075419951230288,97.8236579685472,7.158741995226592
721,0.6193190347403288,1.169352966826409,0.6217960035428405,97.76671504369006,7.226621033623815
722,0.6379599799402058,1.1361450306139886,0.6044299807399511,98.80575799616054,7.452489982824773
723,0.6069979863241315,1.5198819455690682,0.6291110184974968,98.14612101763487,7.783362991176546
724,0.5064210272394121,1.1515289661474526,0.6149450200609863,99.32832105550915,7.266736007295549
725,0.6437550182454288,1.1109290062449872,0.6629599956795573,100.18268995918334,7.392508035991341
726,0.6222119554877281,1.0959829669445753,0.610849994700402,98.2526300358586,7.671518018469214
727,0.9662689990364015,0.9054209804162383,1.530784007627517,203.1620269990526,6.80997601011768
728,0.631728966254741,0.901027990039438,1.3582570245489478,201.82723499601707,6.501853989902884
729,0.6243889802135527,0.8669020025990903,1.3388560037128627,217.49297803035006,6.6029069712385535
730,0.7406069780699909,0.9153560386039317,1.3380360323935747,207.61007501278073,6.682879000436515
731,0.627739995252341,0.868263014126569,1.011212996672839,150.4359149839729,7.144610048271716
732,0.7903630030341446,0.8990649948827922,1.4127260074019432,199.1248340345919,6.636884994804859
733,0.6189339910633862,0.8382810046896338,1.0453510330989957,158.93497201614082,6.931582989636809
734,1.0510709835216403,1.1839490034617484,1.4030049787834287,197.55599094787613,6.617877981625497
735,0.6342680426314473,0.9107280056923628,1.3560150400735438,202.9774070251733,6.547132041305304
736,0.6373379728756845,0.9211029973812401,1.344705990049988,205.48557897564024,6.605623988434672
737,0.5749380216002464,0.8843799587339163,1.420561980921775,207.4762239935808,6.534410989843309
738,0.6428359774872661,1.195694028865546,1.319258997682482,211.09068300575018,6.511068029794842
739,0.6991139962337911,0.9462310117669404,1.2250829604454339,189.96185500873253,6.714786984957755
740,0.6372879724949598,0.9525150526314974,0.5767869879491627,87.61817798949778,7.0475590182468295
741,0.6402729777619243,1.1527109891176224,0.5690529942512512,101.0237309965305,7.705558033194393
742,0.5614710389636457,1.1120379786007106,0.5992620135657489,99.81339599471539,7.587083033286035
743,0.6867109914310277,1.0659019462764263,0.6000270368531346,99.19965703738853,7.54757400136441
744,0.6456529954448342,1.0967489797621965,0.5866669816896319,105.59083899715915,7.555902004241943
745,0.6553760031238198,1.529706991277635,0.5958399851806462,97.47914003673941,7.2870299918577075
746,0.7207840098999441,1.0757779818959534,0.5716710002161562,96.96125402115285,7.3029870400205255
747,0.627509958576411,1.1561720166355371,0.6082130130380392,109.74953498225659,7.618295028805733
748,0.5870460299775004,1.1618059943430126,0.6628939881920815,98.405939002987,7.315186958294362
749,0.6586340023204684,1.0761669836938381,0.608569011092186,101.09401098452508,8.046156028285623
750,0.6955880089662969,1.1190479854121804,0.6236599874682724,110.16097397077829,7.486690010409802
751,0.7185499998740852,1.142302993685007,0.6144500221125782,98.92580501036718,7.280332036316395
752,0.6284029805101454,1.0770700173452497,0.6067869835533202,96.7438510269858,7.37800303613767
753,0.6582660134881735,1.1179540306329727,0.6316190119832754,98.5463610268198,7.5682009919546545
754,0.6399959675036371,1.1555440141819417,0.6014939863234758,103.45157299889252,7.749700977001339
755,0.6415299721993506,1.1414000182412565,0.645675987470895,98.03707199171185,7.637994014658034
756,0.6667969864793122,1.158731000032276,0.6169939879328012,98.86917698895559,7.579064986202866
757,0.5667179939337075,1.1499999673105776,0.638645957224071,111.10641004052013,7.513876014854759
758,0.6555700092576444,1.054490974638611,0.5994730163365602,98.45406096428633,7.50665197847411
759,0.7133929757401347,1.1249019880779088,0.6182740326039493,98.67313498398289,7.522200001403689
760,0.6503629847429693,1.1091289925388992,0.6283199763856828,112.70774604054168,7.588780019432306
761,0.6529850070364773,1.132167992182076,0.3538760356605053,107.08202002570033,7.685463002417237
762,0.5857529467903078,1.2023239978589118,0.6086539942771196,102.05118695739657,7.700156013015658
763,0.6555040017701685,1.1802149820141494,0.6232490413822234,98.00439595710486,7.487142982427031
764,0.7358550210483372,1.1397229973226786,0.3215729957446456,103.27731899451464,7.631510030478239
765,0.6625769892707467,1.1808739509433508,0.6081079482100904,108.28945797402412,7.816540019121021
766,0.5424869596026838,1.1548010515980422,0.6074960110709071,103.2871010247618,7.829879003111273
767,0.6456570117734373,1.1196959530934691,0.30894397059455514,102.88943897467107,7.479576976038516
768,0.6417150143533945,1.1126610334031284,0.6017090054228902,100.59267998440191,7.639093964826316
769,0.6459770374931395,1.1565160239115357,0.6218000198714435,101.57007601810619,7.526731991674751
770,0.6483110482804477,1.1304300278425217,0.32484898110851645,103.11403597006574,7.492380973417312
771,0.6029569776728749,1.2051280355080962,0.6081430474296212,100.51123797893524,7.905177015345544
772,0.6689170259051025,1.1658560251817107,0.5949460319243371,102.85105399088934,7.605099002830684
773,0.7022880017757416,1.169420953374356,0.31298398971557617,103.15974499098957,7.547975983470678
774,0.5978409899398685,1.163210952654481,0.6408059853129089,100.92463402543217,7.544329040683806
775,0.7429350516758859,1.1515700025483966,0.6477159913629293,100.54215101990849,7.4893650016747415
776,0.588839000556618,1.1282560299150646,0.313156982883811,104.9365260405466,15.739044989459217
777,0.5016559734940529,1.1250500101596117,0.6194100133143365,101.61923797568306,7.480720989406109
778,0.6851469515822828,1.1450470192357898,0.6542779738083482,99.15387601358816,7.614795002155006
779,0.5945140146650374,1.1365420068614185,0.3329730243422091,108.00480301259086,7.64454499585554
780,0.6828699843026698,1.1892500333487988,0.6144950166344643,100.68883601343259,7.693309977184981
781,0.6666789995506406,1.1771820136345923,0.6659409846179187,100.39847402367741,8.008803997654468
782,0.668991997372359,1.1650060187093914,0.3554000286385417,102.77208196930587,7.538691977970302
783,0.661102996673435,1.1218389845453203,0.6678630015812814,100.23898596409708,7.5754899880848825
784,0.6415179814212024,1.1288360110484064,0.6127739907242358,98.36707497015595,7.549103000201285
785,0.6772539927624166,1.2192180147394538,0.6437479751184583,98.79347897367552,7.570296002086252
786,0.6401019636541605,1.1320869671180844,0.6829469930380583,102.40016801981255,7.651388004887849
787,0.7104739779606462,1.109228003770113,0.599268008954823,98.7431820249185,7.456087041646242
788,0.7128079887479544,1.0932389996014535,0.6003649905323982,98.02696999395266,7.373219996225089
789,0.6464429898187518,1.1013610055670142,0.6482989992946386,101.60121798980981,7.813897973392159
790,0.6541439797729254,1.1330749839544296,0.5925659788772464,97.53433702280745,8.12673004111275
791,0.6405339809134603,1.085467985831201,0.6307160365395248,98.06501097045839,7.697705994360149
792,0.6523019983433187,1.1218130239285529,0.6091189570724964,99.77294300915673,7.677005953155458
793,1.2455760152079165,0.9210059652104974,1.482027000747621,202.9058590414934,7.13130203075707
794,0.6351780029945076,0.8489500032737851,0.726640981156379,110.80520000541583,7.038666983135045
795,0.6405069725587964,0.9964669588953257,0.5752549623139203,89.83033004915342,7.5477599748410285
796,0.6914950208738446,1.1940409895032644,0.6029439973644912,99.27110595162958,7.411465980112553
797,0.5504149594344199,1.0812960099428892,0.5942860152572393,99.1647940245457,7.785880996380001
798,0.6464290199801326,1.1054389760829508,0.6049200310371816,99.61650701006874,7.510146999265999
799,0.6937049911357462,1.179952989332378,0.6257669883780181,99.01221701875329,7.515164033975452
800,0.6179010379128158,1.2284339754842222,0.592659052927047,102.39525500219315,7.666824036277831
801,0.8901469991542399,0.9296899661421776,1.5294899931177497,205.3098239703104,6.883086985908449
802,0.6185729871504009,0.9076849673874676,0.9158449829556048,137.55520700942725,6.71325100120157
803,0.6092390394769609,0.9890740038827062,0.5517429672181606,90.59585898648947,7.147052965592593
804,0.6350590265356004,1.0805560159496963,0.5982129951007664,98.73474098276347,7.729065022431314
805,0.7070109713822603,1.130380027461797,0.6247629644349217,102.57627099053934,7.670346007216722
806,0.6368530448526144,1.086177013348788,0.601469015236944,110.50647497177124,7.342469994910061
807,0.639439036604017,1.142325985711068,0.607044028583914,100.18106905044988,7.585328014101833
808,0.5929999751970172,1.1621040175668895,0.6248099962249398,112.82834800658748,7.254679978359491
809,0.644473999273032,1.1318789911456406,0.6321099936030805,113.89984702691436,7.312288042157888
810,0.6365329609252512,1.1775140301324427,0.6125650252215564,99.50055595254526,7.409531041048467
811,0.6327499868348241,1.1271779658272862,0.6366579909808934,99.00962997926399,7.373804983217269
812,0.6240810034796596,1.0630509932525456,0.5742870271205902,102.0203799707815,7.32129899552092
813,0.6828730111010373,1.0843219934031367,0.6061079911887646,99.20485405018553,7.542353996541351
814,0.633750983979553,1.1735470034182072,0.6129349931143224,98.83904398884624,7.181399967521429
815,0.5818099598400295,1.1080880067311227,0.5745500093325973,99.44484697189182,8.386127010453492
816,0.5792410229332745,1.1766440002247691,0.6435849936679006,107.9187499708496,7.776651007588953
817,0.6572980200871825,1.1579290148802102,0.6215929752215743,99.43160397233441,7.461251982022077
818,0.6172680296003819,1.0879379697144032,0.5807080306112766,101.5771710081026,7.826512039173394
819,0.589962990488857,1.1810369906015694,0.6611699936911464,100.3434740123339,7.801803993061185
820,0.649705994874239,1.1345749953761697,0.607590947765857,111.30292795132846,7.583865022752434
821,0.6199569907039404,1.0755779803730547,0.5711260018870234,99.87781499512494,7.478485000319779
822,0.6315259961411357,1.16292096208781,0.6291280151344836,98.42288901563734,7.528588990680873
823,0.6584079819731414,1.5525440103374422,0.6105490028858185,98.09413104085252,7.594355964101851
824,0.6482320022769272,1.1043919948861003,0.6053289980627596,110.78833002829924,7.710152945946902
825,0.584474008064717,1.1214769911020994,0.6258650100789964,102.63377003138885,7.561327016446739
826,0.707517028786242,1.1270829709246755,0.6389669724740088,101.98418097570539,7.356654037721455
827,0.6598019972443581,1.0968900169245899,0.5915369838476181,102.25070099113509,7.441807014402002
828,0.6593069992959499,1.162656000815332,0.5790500435978174,100.8008070057258,7.514949014876038
829,0.6213969900272787,1.1401780066080391,0.5906160222366452,100.6202709977515,7.674466003663838
830,0.6363510037772357,1.0772779933176935,0.5731559940613806,97.61740599060431,7.563152001239359
831,0.6271200254559517,1.1090969783253968,0.5987160257063806,99.66549498494714,7.7132489532232285
832,0.5516730016097426,1.4350399724207819,0.6192110013216734,99.12882803473622,7.5635689427144825
833,0.6363469874486327,1.1133290245197713,0.5815459880977869,97.8065169765614,7.744098955299705
834,0.7400480099022388,1.147079048678279,0.7190239848569036,100.45394900953397,7.4250620091333985
835,0.6197449984028935,1.127202995121479,0.6290170131251216,96.95750899845734,7.292214024346322
836,0.6298390217125416,1.10632402356714,0.581062980927527,96.26969002420083,7.233860029373318
837,0.6849410128779709,1.1011239839717746,0.5996529944241047,98.11984398402274,7.237026991788298
838,0.6247460260055959,1.1407149722799659,0.6275589694269001,96.10037598758936,7.560962985735387
839,0.6403650040738285,1.0874579893425107,0.5793240270577371,99.08463899046183,7.717565982602537
840,0.847702962346375,0.9180020424537361,1.5610940172336996,200.11826499830931,6.897401006426662
841,0.5608969950117171,0.8614679682068527,1.2076660059392452,173.74499200377613,6.717524956911802
842,0.6072709802538157,0.9022859740070999,0.5241460166871548,89.3620879505761,6.956966011784971
843,0.6121979677118361,1.124969043303281,0.5684260395355523,96.44972695969045,7.248870970215648
844,0.680384982842952,1.1984339798800647,0.587977992836386,98.06868300074711,7.529460999649018
845,0.6232979940250516,1.1470019817352295,0.6120880134403706,99.80504802661017,7.4145569815300405
846,0.6266930140554905,1.0975250042974949,0.6047269562259316,97.58706198772416,7.236656034365296
847,0.6210239953361452,1.1436290224082768,0.6107039516791701,96.9487740076147,7.627687009517103
848,0.7713909726589918,0.9272709721699357,1.5684979734942317,201.85415900778025,6.931392999831587
849,1.3354459661059082,0.8888649754226208,1.4931329642422497,207.1272970060818,6.5852690022438765
850,0.6868159980513155,0.8786540129221976,1.424115034751594,201.31380500970408,6.736615963745862
851,0.6167099927552044,1.0688549955375493,1.1376100010238588,170.1530859572813,6.725149985868484
852,0.606816029176116,1.042048039380461,0.6047380156815052,89.86241003731266,7.121784030459821
853,0.6256229826249182,1.1605560430325568,0.6157789612188935,102.3017960251309,7.2051259921863675
854,0.5206359783187509,1.1559679987840354,0.6277579814195633,102.87824197439477,7.536346034612507
855,0.6184629746712744,1.086736039724201,0.6481200107373297,99.0450230310671,7.37011298770085
856,0.626205001026392,1.0833849664777517,0.6241980008780956,99.65377900516614,7.266032975167036
857,0.5656970315612853,1.1455239728093147,0.6315710488706827,102.57346101570874,7.219382037874311
858,0.6148249958641827,1.0886200470849872,0.6473949761129916,99.30828696815297,7.087033009156585
859,0.6289280136115849,1.1286779772490263,0.6160920020192862,97.54866803996265,7.113628962542862
860,0.6305010174401104,1.1447110446169972,0.6218510097824037,98.95633300766349,7.384655997157097
861,0.8247750229202211,1.1396449990570545,0.6217259797267616,104.30793999694288,7.389237987808883
862,0.6385800079442561,1.1409560102038085,0.6692340248264372,98.76611002255231,7.219199964310974
863,0.5426060524769127,1.0801269672811031,0.6089769885875285,110.72451196378097,3.1012670369818807
864,0.2559500280767679,1.117894018534571,0.6486719939857721,101.19391302578151,7.540358987171203
865,0.7525279652327299,0.870651041623205,1.23658002121374,193.34748800611123,6.980543956160545
866,0.6120880134403706,1.0110499570146203,0.40198396891355515,88.59139803098515,2.9621850117109716
867,0.24898897390812635,1.1592460214160383,0.673061003908515,97.76359796524048,7.461430039256811
868,0.689838023390621,1.1342050274834037,0.6163379875943065,104.42668199539185,8.850382000673562
869,0.6897809798829257,1.1116109672002494,0.5230110255070031,97.31859504245222,3.2305470085702837
870,0.25996501790359616,1.5304289991036057,0.6350320181809366,97.81522798584774,7.418081979267299
871,0.6496029673144221,1.1342730140313506,0.6314680213108659,99.15403998456895,7.264535001013428
872,0.6632560398429632,1.1033469927497208,0.4802430048584938,96.73814999405295,3.167169983498752
873,0.26586902095004916,1.1144030140712857,0.5834539770148695,112.13812697678804,7.221845968160778
874,0.6309730233624578,1.106012030504644,0.6306769791990519,97.61280298698694,7.288717955816537
875,0.6507599609903991,1.106209005229175,0.5152969970367849,111.25965794781223,7.362757984083146
876,0.6280809757299721,1.130743999965489,0.6187540129758418,97.85056300461292,7.661658979486674
877,0.6079049780964851,1.1460499954409897,0.6225460092537105,99.52835697913542,7.134701998438686
878,0.6482030148617923,1.1078710085712373,0.3180000348947942,97.76880795834586,7.384883007034659
879,0.6362900021485984,1.1110920459032059,0.6288160220719874,98.31393201602623,7.444844988640398
880,0.5589170032180846,1.1275819852016866,0.598109036218375,107.95610200148076,7.369589991867542
881,0.6975320284254849,1.1406029807403684,0.6191360298544168,98.34893501829356,7.289317960385233
882,0.6481629679910839,1.1300520272925496,0.5905510042794049,99.05627300031483,14.575166977010667
883,0.5083739524707198,1.1054209899157286,0.6171179702505469,110.14107603114098,7.627391954883933
884,0.685166975017637,1.1490689939819276,0.6148699903860688,97.77598397340626,7.422906986903399
885,0.6586300441995263,1.0994780459441245,0.6303740083239973,99.31523003615439,7.402687973808497
886,0.5611249944195151,1.1268999660387635,0.5976160173304379,97.80061600031331,7.787932001519948
887,0.6406860193237662,1.1455589556135237,0.6182289798744023,98.43278396874666,7.59237096644938
888,0.6539220339618623,1.100479974411428,0.6234709871932864,98.08910399442539,7.391326013021171
889,0.7026690291240811,1.1421520030125976,0.6207330152392387,100.42574402177706,7.35166302183643
890,0.604122004006058,1.1492229532450438,0.3126600058749318,106.4821369946003,7.384416006971151
891,0.6588469841517508,1.106203009840101,0.6007659831084311,100.6805130164139,7.75910000083968
892,0.6678940262645483,1.1220980086363852,0.6487899809144437,98.50214695325121,7.496222970075905
893,0.6520699826069176,1.1282089981250465,0.3262530080974102,98.48605998558924,7.492331031244248
894,0.6490409723483026,1.106659008655697,0.6107019726186991,98.66253699874505,7.781088002957404
895,1.0712770163081586,1.1206119670532644,0.6244449759833515,100.62561597442254,7.171786040998995
896,0.6693319883197546,1.110748969949782,0.3132169949822128,100.62657401431352,7.347037026192993
897,0.5071469931863248,1.139798026997596,0.5921919946558774,98.9375920034945,7.3977430001832545
898,0.6294450140558183,1.1503159767016768,0.5966810276731849,103.50152204046026,7.170159020461142
899,0.6167639512568712,1.1570509523153305,0.3199019702151418,103.80285803694278,7.307838008273393
900,0.6353380158543587,1.1342790094204247,0.6088099908083677,99.58518197527155,7.184830028563738
901,0.5683750496245921,1.1225949856452644,0.5923050339333713,99.44405796704814,7.368263963144273
902,0.6210380233824253,1.0919150081463158,0.3373110084794462,106.61399597302079,7.7236409997567534
903,0.6253989995457232,1.1316550080664456,0.5884469719603658,100.8930749958381,7.45609198929742
904,0.6253449828363955,1.1372290318831801,0.6611549761146307,98.53707597358152,7.319058990105987
905,0.6298869848251343,1.6287770122289658,0.30425097793340683,101.90098802559078,7.190496020484716
906,0.710170017555356,1.1337489704601467,0.6586340023204684,109.14753703400493,7.372591993771493
907,0.6197140319272876,1.1510610347613692,0.6126220105215907,107.56079998100176,7.617682043928653
908,0.6432519876398146,1.1554739903658628,0.32584299333393574,97.80239698011428,7.430686964653432
909,0.7030779961496592,1.1463580303825438,0.5914370412938297,99.82062701601535,7.528645975980908
910,0.6202670047059655,1.117152045480907,0.630834954790771,103.85379299987108,7.222084037493914
911,0.6228040438145399,1.1543610016815364,0.33770804293453693,97.55286201834679,7.412443985231221
912,0.6617019535042346,1.137665007263422,0.5940800183452666,98.39481697417796,7.535078038927168
913,0.6242049857974052,1.1552430223673582,0.6071579991839826,100.94342398224398,7.1797839482314885
914,0.6622110377065837,1.2308419682085514,0.30694599263370037,99.23532500397414,7.431888021528721
915,0.6704439874738455,1.1401840019971132,0.6322140106931329,101.78857599385083,7.643408025614917
916,0.624414999037981,1.1354819871485233,0.6363019929267466,97.8363889735192,7.74495501536876
917,0.6197240436449647,1.1228779912926257,0.6161819910630584,97.15479402802885,3.1986390240490437
918,0.2500260015949607,1.1843619868159294,0.6096920114941895,96.8470069929026,7.504684035666287
919,0.6178710027597845,1.0946789989247918,0.6207930273376405,99.23074301332235,7.355637033469975
920,0.6258260109461844,1.5073809772729874,0.49321301048621535,98.5649200156331,3.172477998305112
921,0.2541330177336931,1.115721999667585,0.5933759966865182,98.26151200104505,7.321474025957286
922,0.6197110051289201,1.1357739567756653,0.6559630273841321,97.49460505554453,7.450186996720731
923,0.6263100076466799,1.1317810276523232,0.5352519801817834,109.72643998684362,8.012628997676075
924,0.8322340436279774,0.9184730006381869,1.4817609917372465,211.5066050319001,6.737796007655561
925,0.6152410060167313,0.8655959973111749,1.3105919933877885,200.81235602265224,6.643354019615799
926,0.6266469717957079,0.8960800478234887,0.5184180336073041,206.42737596062943,6.46842602873221
927,0.6129330140538514,0.9126499644480646,1.3062380021438003,208.8746289955452,6.835178006440401
928,0.7900010095909238,0.938398006837815,1.4017159701325,220.21306998794898,6.61853002384305
929,0.6297490326687694,0.874724006280303,0.5487360176630318,208.510157011915,6.575078994501382
930,0.7796859717927873,0.946653017308563,1.391228986904025,203.38535797782242,6.837365974206477
931,1.3049290282651782,0.9075049892999232,1.392612000927329,203.7781359977089,6.731319008395076
932,0.645406951662153,0.952253001742065,0.5778730264864862,215.4417370329611,6.760280986782163
933,0.6375350058078766,0.8868030272424221,0.541798013728112,211.27438195981085,7.191142009105533
934,0.8265299838967621,1.2004440068267286,1.4827079721726477,208.85269000427797,6.652329990174621
935,0.6459249998442829,0.9024559985846281,0.6038970313966274,203.68520898045972,6.916621990967542
936,1.0031500132754445,0.9338270174339414,0.5736430175602436,221.4332910371013,7.071938016451895
937,0.6741920369677246,0.8905699942260981,1.4243469922803342,202.81942799920216,7.2855770122259855
938,0.658604025375098,0.8816819754429162,0.6029579672031105,210.71341901551932,7.055271998979151
939,0.7085870020091534,0.9317820076830685,0.5833330214954913,215.58254404226318,8.022024005185813
940,0.7286519976332784,1.075748004950583,0.5925049772486091,93.63252099137753,7.620173040777445
941,0.7029600092209876,1.163003034889698,0.32963795820251107,107.29728097794577,7.726763025857508
942,0.6735780043527484,1.1856729979626834,0.33268798142671585,104.34037900995463,8.068775001447648
943,0.6787599995732307,1.1499039828777313,0.6104330532252789,103.07114402530715,7.682472001761198
944,0.6931920070201159,1.1255769641138613,0.3702710382640362,105.51779897650704,7.988195982761681
945,0.6882500019855797,1.1202239547856152,0.3504200140014291,107.03580098925158,7.550576003268361
946,0.6720860255882144,1.1096049565821886,0.6396860117092729,100.98506096983328,7.515970035456121
947,0.6670790025964379,1.10302196117118,0.33224100479856133,106.53962602373213,7.721089001279324
948,0.9456599946133792,0.9251160081475973,0.7747989729978144,208.58832902740687,7.238304999191314
949,0.7099159993231297,0.8684970089234412,1.4443830004893243,201.45235501695424,7.261882012244314
950,0.7203759741969407,0.8932450436986983,0.5896189832128584,212.75404997868463,7.029253989458084
951,0.6892149685882032,0.9034499526023865,0.587155984248966,209.16050398955122,7.278236036654562
952,0.7370090461336076,0.8842450333759189,0.8898309897631407,136.86389802023768,7.104530988726765
953,0.6710259476676583,1.0412390111014247,0.24285400286316872,101.55392595333979,7.575213967356831
954,0.6421550060622394,1.2298059882596135,0.3159909974783659,107.1242619655095,7.940504990983754
955,0.694321992341429,1.207538996823132,0.6196540198288858,99.35867897002026,8.32266203360632
956,0.6809289916418493,1.1104129953309894,0.3793410141952336,105.15981004573405,7.6368050067685544
957,0.6739139789715409,1.1185439652763307,0.33810402965173125,109.30321604246274,7.773514022119343
958,0.6721040117554367,1.1179199791513383,0.6303410045802593,97.88036701502278,7.617373019456863
959,0.6082649924792349,1.12850998993963,0.3429509815759957,105.22139800013974,7.310840010177344
960,0.6741659599356353,1.1357630137354136,0.33228000393137336,107.01832198537886,7.372155028861016
961,0.6445729522965848,1.1464169947430491,0.6111940019764006,101.55600699363276,7.490149000659585
962,0.6634939927607775,1.1706019868142903,0.3167139948345721,108.26783697120845,7.882055011577904
963,0.8867510478012264,1.1449260055087507,0.3325080033391714,105.00745999161154,8.052815974224359
964,0.6985170184634626,1.1144069721922278,0.6187590188346803,109.40274503082037,7.075618952512741
965,0.7401719922199845,1.1220719898119569,0.315435987431556,108.26154000824317,7.297531992662698
966,0.6472370005212724,1.1443269904702902,0.31463801860809326,100.56942800292745,7.525633031036705
967,0.6517639849334955,1.0872700368054211,0.6195890018716455,94.05139298178256,7.540624996181577
968,0.6864999886602163,1.145693997386843,0.3224720130674541,105.7362740393728,7.285957981366664
969,0.636145006865263,1.1873189941979945,0.33667299430817366,105.43012601556256,7.440157001838088
970,0.6721660029143095,1.1629309738054872,0.8014150080271065,96.9092239974998,7.47104495530948
971,0.6458330317400396,1.1049919994547963,0.3272659960202873,104.01872103102505,7.3874370427802205
972,0.6640549981966615,1.1523160501383245,0.3264570259489119,107.81716799829155,7.422581024002284
973,0.5183009780012071,1.094990991987288,0.62732701189816,101.16063500754535,7.382074021734297
974,0.6327659939415753,1.163149019703269,0.44630502816289663,99.57908000797033,7.385221018921584
975,0.6462240125983953,1.1867450084537268,0.325338973198086,102.42391697829589,7.56088801426813
976,0.7349089719355106,1.1115670204162598,0.6367359892465174,98.13192702131346,7.175855978857726
977,0.6525780190713704,1.1070449836552143,0.3260680241510272,101.12411103909835,7.225467008538544
978,0.6318669766187668,1.2147279921919107,0.3653790336102247,101.2143439729698,7.553292962256819
979,0.6378639955073595,1.1128539917990565,0.6151279667392373,94.68850202392787,7.573278970085084
980,0.6398189580067992,1.1344149825163186,0.3512330004014075,102.03638800885528,7.34755297889933
981,0.6412120419554412,1.5896090189926326,0.34031603718176484,105.12457095319405,7.515067001804709
982,0.5238510202616453,1.1198180145584047,0.6258949870243669,95.71764699649066,7.211054966319352
983,0.6551459664478898,1.1449229787103832,0.36377698415890336,100.79561301972717,7.411794969812036
984,0.6593270227313042,1.1498280218802392,0.3345120348967612,100.2977070165798,7.453710015397519
985,0.6206349935382605,1.1534040095284581,0.60131901409477,95.36549902986735,7.206837006378919
986,0.6507699727080762,1.252749003469944,0.34405605401843786,104.6348640229553,7.459009997546673
987,0.6901260348968208,1.1505589936859906,0.3496200079098344,101.19597101584077,7.24582897964865
988,0.6440290017053485,1.1411519953981042,0.6235099863260984,95.44978401390836,7.241464976686984
989,0.6338810198940337,1.1058259988203645,0.31994300661608577,102.75478300172836,7.4344759923405945
990,0.6321910186670721,1.1861100210808218,0.3296450013294816,100.185017043259,7.35733297187835
991,0.6268409779295325,1.1167299817316234,0.6156329764053226,98.12274802243337,7.196369988378137
992,0.637418997939676,1.1444909614510834,0.39382901741191745,114.98702300013974,7.267500972375274
993,0.6453469977714121,1.1488039745017886,0.3383619477972388,104.23390101641417,7.2976729716174304
994,0.6440459983423352,1.2317929649725556,0.6521809846162796,99.01859099045396,7.630673004314303
995,0.6479310104623437,1.1100409901700914,0.36200700560584664,106.79664404597133,7.486814050935209
996,0.6503189797513187,1.1632100213319063,0.3178089973516762,101.44347103778273,7.342182041611522
997,0.6298879743553698,1.5721310046501458,0.5917049711570144,99.40834395820275,7.212792988866568
998,0.6591900018975139,1.1181070003658533,0.3122860216535628,104.67669495847076,7.5308409868739545
999,0.6228970014490187,1.1259090388193727,0.3372540231794119,105.7119210017845,7.372483029030263
1000,0.6884700269438326,1.1245670029893517,0.6200040224939585,95.93033400597051,7.130630023311824
1001,0.6404250161722302,1.1554750381037593,0.316031975671649,103.51710603572428,7.350597996264696
1002,0.6801850395277143,1.1265119537711143,0.31838298309594393,104.0630480274558,7.735036022495478
1003,0.6464620237238705,1.1545009911060333,0.6096870056353509,110.35509401699528,7.569490000605583
1004,0.6439070566557348,1.138482999522239,0.33177598379552364,101.50922898901626,7.468243013136089
1005,0.6152850110083818,1.1502979905344546,0.34063501516357064,100.86493100970984,7.425218995194882
1006,0.6192409782670438,1.1969499755650759,0.6032360251992941,97.94460603734478,7.188713003415614
1007,0.6174709997139871,1.1036969954147935,0.30629505636170506,107.38616099115461,7.286145002581179
1008,0.6328979507088661,1.136514008976519,0.3710819873958826,102.11221501231194,7.44006602326408
1009,0.6355309742502868,1.125002047047019,0.619255006313324,97.01068204594776,7.516218000091612
1010,0.6484290352091193,1.1839590151794255,0.33188494853675365,107.6937559992075,7.855293981265277
1011,0.5786819965578616,1.133392972406,0.3348569734953344,106.50352702941746,7.548757013864815
1012,0.655172043479979,1.1194520047865808,0.6176839815452695,95.71849898202345,7.593593967612833
1013,0.6357040256261826,1.1277430457994342,0.31731597846373916,102.61560301296413,7.489235023967922
1014,0.6407600012607872,1.12136296229437,0.3326329751871526,105.83554999902844,7.53489596536383
1015,0.634570955298841,1.1480270186439157,0.6084959604777396,96.0439330083318,7.497589976992458
1016,0.6453669629991055,1.1683619813993573,0.30996999703347683,102.26909100310877,7.436479034367949
1017,0.507237040437758,1.2063189642503858,0.34388399217277765,101.71009600162506,7.409679004922509
1018,0.7226020097732544,1.16511998930946,0.6223090458661318,110.07929302286357,7.532718998845667
1019,0.5810940056107938,1.11031299456954,0.3659260109998286,107.38423495786265,7.393544015940279
1020,0.6620869971811771,1.1479720124043524,0.32043998362496495,101.13118396839127,7.580279023386538
1021,0.7091949810273945,1.104861032217741,0.6159739568829536,95.43783799745142,7.288620981853455
1022,0.6250190199352801,1.11374695552513,0.3307609586045146,104.01869600173086,7.172699028160423
1023,0.6877800333313644,1.1420499649830163,0.33974001416936517,105.27475998969749,7.4242050177417696
1024,0.5092910141684115,1.1045660357922316,0.5930149927735329,95.99101002095267,7.482209999579936
1025,0.650721020065248,1.1423969990573823,0.3065570490434766,102.77451097499579,7.295401010196656
1026,0.5445450078696012,1.1634760303422809,0.3359279944561422,105.17404397251084,7.85743398591876
1027,0.6570630357600749,1.076265994925052,0.5916020018048584,99.82388897333294,7.315049995668232
1028,0.6909609655849636,1.2624970404431224,0.31738297548145056,99.41691299900413,6.885067967232317
1029,0.6804840522818267,1.1020359816029668,0.32584700966253877,99.06819299794734,7.07632303237915
1030,0.6067799986340106,1.0804350022226572,0.6510239909403026,93.98343396605924,7.1189929731190205
1031,0.6059469887986779,1.066928030923009,0.3031060332432389,102.138405025471,7.102409959770739
1032,0.6667199777439237,1.0940679931081831,0.3104879870079458,102.7449939865619,6.6744640353135765
1033,0.5894990172237158,1.048700010869652,0.5900799878872931,92.52535301493481,6.67008402524516
1034,0.620111997704953,1.1516220401972532,0.3026339691132307,98.27373101143166,6.990424997638911
1035,0.5387539858929813,1.0949290008284152,0.3114159917458892,98.73906400753185,6.808215985074639
1036,0.5791419534943998,1.0548059944994748,0.6002690060995519,93.88169000158086,6.706790009047836
1037,0.5743280053138733,1.0764450416900218,0.32603798899799585,98.4906000085175,6.789567996747792
1038,0.5824620020575821,1.1075660004280508,0.31666900031268597,97.62728295754641,6.9995749508962035
1039,0.5941609852015972,1.1060669785365462,0.6065290072001517,92.2922320314683,6.764543999452144
1040,0.6102430052123964,1.0655199876055121,0.3088159719482064,97.76718402281404,6.838486006017774
1041,0.5955880042165518,1.1049439781345427,0.30980200972408056,97.29418397182599,6.81354699190706
1042,0.5679160240106285,1.0662820423021913,0.5830780137330294,92.65315299853683,6.74239598447457
1043,0.5840120138600469,1.0764600010588765,0.306206988170743,103.21568499784917,6.99551694560796
1044,0.5271229892969131,1.1264990316703916,0.31880103051662445,97.30002097785473,6.776592985261232
1045,0.5978129920549691,1.4758820179849863,0.577143975533545,92.72313199471682,6.795506982598454
1046,0.5220880266278982,1.0756769916042686,0.30129397055134177,97.37538796616718,6.655537988990545
1047,0.5919280229136348,1.0996240307576954,0.31904701609164476,99.16414797771722,6.654651020653546
1048,0.52434898680076,1.043046999257058,0.6318250088952482,97.19897201284766,7.092117972206324
1049,0.5851210444234312,1.0950489668175578,0.3011550288647413,103.34139701444656,6.932765012606978
1050,0.587718968745321,1.2070229859091341,0.312526011839509,99.55950797302648,7.062148011755198
1051,0.5925259902141988,1.1056499788537621,0.5940999835729599,92.85874897614121,6.9499199744313955
1052,0.6318169762380421,1.091475016437471,0.36287796683609486,98.5301699838601,6.758092960808426
1053,0.5566489999182522,1.1161930160596967,0.3113460261374712,105.56414700113237,6.796795001719147
1054,0.5724139628000557,1.0555160115472972,0.602584972511977,97.48906799359247,6.689013040158898
1055,0.5668009980581701,1.15720002213493,0.30074804089963436,99.35983998002484,6.758802977856249
1056,0.5537180113606155,1.0894910083152354,0.3142119967378676,106.33232200052589,6.788983999285847
1057,0.6034160032868385,1.0541470255702734,0.590595998801291,95.6423919997178,6.634015997406095
1058,0.5732090212404728,1.1258479789830744,0.33657101448625326,97.64042298775166,6.881626963149756
1059,0.5514370277523994,1.1645060149021447,0.307517999317497,102.4999599903822,6.831869017332792
1060,0.5700670299120247,1.1063359561376274,0.6060129962861538,91.57744597177953,6.799730006605387
1061,0.5658300360664725,1.117665960919112,0.298480037599802,98.8284740014933,6.698440993204713
1062,0.5739009939134121,1.1084919678978622,0.3064310294575989,95.91955895302817,6.673781026620418
1063,0.5654450505971909,1.0370140080340207,0.5869329907000065,95.26252199430019,6.789315026253462
1064,0.5671010003425181,1.1126180179417133,0.3063500043936074,98.1286020250991,6.656537007074803
1065,0.5828470457345247,1.1263719643466175,0.31629297882318497,101.39685700414702,6.819850008469075
1066,0.5722040077671409,1.1116040404886007,0.5683409981429577,91.6971510159783,6.820543960202485
1067,0.5656600114889443,1.1029159650206566,0.3135839942842722,99.52781401807442,6.7481109872460365
1068,0.5551599897444248,1.1092429631389678,0.3628289559856057,96.72206599498168,6.718803953845054
1069,0.5749510019086301,1.1803870438598096,0.572140037547797,91.62887302227318,6.872822996228933
1070,0.5577620468102396,1.0860329493880272,0.3006819752044976,99.62711000116542,6.6655309638008475
1071,0.6113629788160324,1.129786018282175,0.3049870138056576,100.44195404043421,6.592568010091782
1072,0.6002510199323297,1.0790079832077026,0.5666789948008955,91.51647496037185,6.63068302674219
1073,0.5715999868698418,1.098617969546467,0.296236015856266,96.78680502111092,6.65992998983711
1074,0.623030005954206,1.4930880279280245,0.33382000401616096,97.78150502825156,7.136522966902703
1075,0.6213780143298209,1.1218739673495293,0.6296359933912754,91.55229601310566,6.725159008055925
1076,0.5279270117171109,1.1189109645783901,0.31249201856553555,98.89056597603485,7.071461994200945
1077,0.6502919713966548,1.1100739939138293,0.3269040025770664,100.70834297221154,6.661491992417723
1078,0.6495169945992529,1.2699499493464828,0.5924099823459983,96.19203599868342,6.802227988373488
1079,0.5644179764203727,1.0570129961706698,0.2996310358867049,108.16972202155739,6.772783002816141
1080,0.5845100386068225,1.1173710227012634,0.3580490010790527,108.48119895672426,6.773064029403031
1081,0.5812390008941293,1.0887919925153255,0.5981519934721291,93.77749700797722,6.697278004139662
1082,0.511227990500629,1.0912399739027023,0.2856160281226039,101.85181599808857,6.796664034482092
1083,0.5860139499418437,1.107361982576549,0.3136279992759228,97.45792701141909,6.5805219928734004
1084,0.5655449931509793,1.0976539924740791,0.5673449486494064,90.56821500416845,6.580173969268799
1085,0.577589962631464,1.0942150256596506,0.30598201556131244,110.65308999968693,2.862324006855488
1086,0.2531280042603612,1.0949920397251844,0.3632070147432387,104.009319038596,6.538143032230437
1087,0.5721269990317523,1.1023789993487298,0.6200119969435036,98.01209799479693,7.140839006751776
1088,0.5630729719996452,1.0760949808172882,0.4699970013462007,112.1027059853077,2.9255750123411417
1089,0.23822596995159984,1.0993379983119667,0.31003798358142376,96.96629998506978,6.5324759925715625
1090,0.5733159487135708,1.0708449990488589,0.5889669992029667,97.54662599880248,6.6599639831110835
1091,0.5582539597526193,1.1483969865366817,0.5865900311619043,94.57814297638834,2.8864509658887982
1092,0.22394198458641768,1.1125929886475205,0.3015240072272718,99.62811501463875,6.58616196596995
1093,0.5615769769065082,1.101154019124806,0.5860149976797402,109.77173096034676,6.847182987257838
1094,0.5875970236957073,1.1164710158482194,0.31040498288348317,97.93938702205196,6.842758972197771
1095,0.5797150079160929,1.100327994208783,0.32238400308415294,97.78088302118704,6.502219999674708
1096,0.6549570243805647,1.5506279887631536,0.5960569833405316,92.86289301235229,6.669496011454612
1097,0.5682579940184951,1.085240044631064,0.3159850020892918,99.02254497865215,6.538649031426758
1098,0.5727700190618634,1.1230740346945822,0.30568003421649337,100.65106902038679,6.800777046009898
1099,0.5627730279229581,1.1133470106869936,0.6039680447429419,92.34676603227854,6.957207981031388
1100,0.6044579786248505,1.0952299926429987,0.30082103330641985,97.41788596147671,6.804673990700394
1101,0.580471009016037,1.141214044764638,0.3421700093895197,101.89131001243368,7.186572998762131
1102,0.5998679553158581,1.1375639587640762,0.6177289760671556,91.99304098729044,6.872620026115328
1103,0.570533040445298,1.0941950022242963,0.2996139810420573,101.00706497905776,6.758098024874926
1104,0.6194550078362226,1.104713010136038,0.31688495073467493,97.76529198279604,6.821401999332011
1105,0.5782950320281088,1.1050149914808571,0.599046004936099,90.7061300240457,6.72433600993827
1106,0.5142479785718024,1.09174003591761,0.3069409867748618,98.9281180081889,6.66579999960959
1107,0.5816699704155326,1.1136920074932277,0.31031796243041754,100.13198503293097,6.6952750203199685
1108,0.5689410027116537,1.110718003474176,0.5952229839749634,97.83246298320591,6.7496359697543085
1109,0.574338948354125,1.0878609609790146,0.3181970096193254,100.64722201786935,7.152057019993663
1110,0.9337060037069023,1.196509983856231,0.33546501072123647,104.25890801707283,6.621829990763217
1111,0.5547360051423311,1.093721017241478,0.5843160324729979,92.19582099467516,6.601997010875493
1112,0.5478939856402576,1.1083870194852352,0.30420697294175625,98.61065400764346,6.49797503137961
1113,0.5584789905697107,1.1418909998610616,0.31083403155207634,99.20548798982054,6.6432239837013185
1114,0.5517490208148956,1.1078360257670283,0.5763169610872865,97.69684699131176,6.857549014966935
1115,0.5538929835893214,1.1153449886478484,0.29593397630378604,97.99389902036637,6.518100970424712
1116,0.5787779809907079,1.3786000199615955,0.3337729722261429,100.08487699087709,6.52932800585404
1117,0.6172750145196915,1.1322539648972452,0.6125729996711016,92.02150197234005,6.6616490366868675
1118,0.6054120021872222,1.1403359821997583,0.32451405422762036,99.28167500765994,6.852563004940748
1119,0.48935902304947376,1.0927540133707225,0.40719599928706884,110.58439302723855,6.134119990747422
1120,0.6321470136754215,1.1096179950982332,0.5671860417351127,91.24530799454078,6.049791001714766
1121,0.5540020065382123,1.0684570297598839,0.3033699467778206,96.67423303471878,6.0644400073215365
1122,0.5143989692442119,1.061689981725067,0.3028879873454571,94.69772799639031,6.161894008982927
1123,0.5205249763093889,1.088486984372139,0.5886020371690392,89.22625897685066,6.1857280088588595
1124,0.5212010000832379,1.051537983585149,0.2983179874718189,98.65768498275429,6.179496995173395
1125,0.5361760267987847,1.1083550052717328,0.3045970224775374,97.25893096765503,6.158813019283116
1126,0.6487320060841739,1.0913590085692704,0.5878580268472433,94.33494601398706,6.126405030954629
1127,0.5153469974175096,1.0608999873511493,0.293096003588289,97.76944597251713,6.277616950683296
1128,0.5356029723770916,1.0931760189123452,0.3681329544633627,106.01508297258988,6.208849954418838
1129,0.5371739971451461,1.0699809645302594,0.5874729831703007,90.27877601329237,6.078138016164303
1130,0.7031760178506374,1.0673750075511634,0.2949470072053373,95.1224240125157,6.1488120118156075
1131,0.5253959679976106,1.1313350405544043,0.30466902535408735,95.1607699971646,6.20130100287497
1132,0.5375799955800176,1.0817460133694112,0.5986149772070348,92.61231898562983,6.19480898603797
1133,0.5203370237722993,1.090315985493362,0.30228501418605447,98.80095301195979,6.230282015167177
1134,0.5360759678296745,1.1201740126125515,0.3353299689479172,95.33821797231212,6.106601969804615
1135,0.5296409945003688,1.1856920318678021,0.5575830000452697,99.17705500265583,6.287756958045065
1136,0.5525869783014059,1.0680690174922347,0.6002329755574465,91.93805698305368,6.169720028992742
1137,0.5383759853430092,1.090131001546979,0.38722698809579015,92.759869992733,6.054290977772325
1138,0.5186980124562979,1.0550359729677439,0.5947110475972295,89.90208402974531,6.187060032971203
1139,0.5831019952893257,1.0696109966374934,0.2901140251196921,361.5673079621047,6.128928973339498
1140,0.5262219929136336,1.4549960033036768,0.5934900254942477,94.09707196755335,6.23643200378865
1141,0.4796410212293267,1.0697079706005752,0.5694489809684455,95.65018099965528,5.9795830165967345
1142,0.5394169711507857,1.0922360233962536,0.2956649987027049,98.16901298472658,6.227225996553898
1143,0.47758896835148335,1.082064991351217,0.5903560086153448,93.16987899364904,6.128118024207652
1144,0.5362509982660413,1.7146909958682954,0.5699530011042953,89.86740000545979,6.097640027292073
1145,0.5252500413917005,1.0628350428305566,0.29205804457888007,93.17234600894153,6.197188049554825
1146,0.5185339832678437,1.087286975234747,0.5591209628619254,92.4931870540604,6.554042978677899
1147,0.9381650015711784,1.1002430110238492,0.5924649885855615,90.40172101231292,6.210680003277957
1148,0.5365150282159448,1.0601180256344378,0.31031499383971095,98.88950298773125,6.0400310321711
1149,0.5045469733886421,1.1061379918828607,0.5661370232701302,94.00457295123488,6.178803974762559
1150,0.5075159715488553,1.1050739558413625,0.579014013055712,92.53929200349376,6.210992985870689
1151,0.5240720347501338,1.098620006814599,0.2939010155387223,94.56745005445555,6.099749996792525
1152,0.5118609988130629,1.1058109812438488,0.5744619993492961,90.40420298697427,6.186116021126509
1153,0.543106987606734,1.0573340114206076,0.5498739774338901,89.83394003007561,6.044841953553259
1154,0.5699920002371073,1.0520289652049541,0.2908609458245337,93.53248402476311,5.906358011998236
1155,0.5243579507805407,1.0903850197792053,0.5597249837592244,93.8188640284352,5.888557992875576
1156,0.5155869876034558,1.0993899777531624,0.5855869967490435,93.01571501418948,6.089641014114022
1157,0.5234909476712346,1.1313309660181403,0.28101500356569886,94.82294600456953,6.124719046056271
1158,0.5122889997437596,1.1053570196963847,0.5901340045966208,92.38099603680894,6.237756984774023
1159,0.5047160084359348,1.071976963430643,0.5790389841422439,91.05962497415021,6.023196969181299
1160,0.5204810295253992,1.087007054593414,0.3005519974976778,93.19099399726838,6.0992210055701435
1161,0.5219519953243434,1.0761030134744942,0.5805119872093201,89.88167101051658,6.0520360129885375
1162,0.5293700378388166,1.0770639637485147,0.5478519597090781,91.04429004946724,6.054005003534257
1163,0.5345440004020929,1.0799450101330876,0.2928440226241946,95.36252298858017,6.107310007791966
1164,0.520872010383755,1.0603730333968997,0.582484994083643,96.40391799621284,5.994206003379077
1165,0.5194660043343902,1.0693339863792062,0.5958920228295028,91.67829499347135,6.25400198623538
1166,0.5173700046725571,1.1067879968322814,0.30379602685570717,94.4362820009701,6.259917048737407
1167,0.4912469885312021,1.1488529853522778,0.5866070277988911,91.02106100181118,6.215586035978049
1168,0.5749710253439844,1.0945710237137973,0.5677929730154574,91.42698597861454,6.3672789838165045
1169,0.5848169676028192,1.0870849946513772,0.3113810089416802,93.72074401471764,6.041346990969032
1170,0.5092800129204988,1.1420229566283524,0.5767379770986736,91.76319401012734,5.986829986795783
1171,0.5309550324454904,1.0347029892727733,0.5551270442083478,101.76038299687207,6.140465033240616
1172,0.5303919897414744,1.0645190486684442,0.6049170042388141,89.45986500475556,6.218578957486898
1173,0.5211639800108969,1.1574089876376092,0.603371998295188,91.87453601043671,6.276783999055624
1174,0.5193100078031421,1.0554319596849382,0.5751689895987511,89.69401801005006,6.501589028630406
1175,0.5291450070217252,1.091883983463049,0.5745479720644653,88.77991000190377,6.280178029555827
1176,0.5366610130295157,1.7371230060234666,0.5616230191662908,90.61297099106014,6.409734953194857
1177,0.5246280343271792,1.0901549831032753,0.5738120526075363,89.79510405333713,7.3551079840399325
1178,0.5453180056065321,1.0788609506562352,0.5615850095637143,89.08498001983389,7.272589951753616
1179,0.5507110035978258,1.0513849556446075,0.5691180122084916,96.79168200818822,6.104308005888015
1180,0.5270440015010536,1.0483039659447968,0.5594870308414102,89.60604900494218,5.941997980698943
1181,0.5078780231997371,1.0584660340100527,0.5856450297869742,88.04199495352805,6.17121096001938
1182,0.5196949932724237,1.1061980039812624,0.5833639879710972,90.13227495597675,6.159570999443531
1183,0.5102939903736115,1.0898940381594002,0.5768740084022284,91.14704700186849,6.199544004630297
1184,0.5498079699464142,1.0761839803308249,0.6723619881086051,91.70473599806428,6.376591976732016
1185,0.5276440060697496,1.136915001552552,0.5887260194867849,97.89464203640819,6.862300971988589
1186,0.6066579953767359,1.0810960084199905,0.6305960123427212,107.81241796212271,6.0095880180597305
1187,0.5222359905019403,1.0736819822341204,0.5847390275448561,89.22817005077377,5.975006963126361
1188,0.5699089961126447,1.1106340098194778,0.573518977034837,89.9914710316807,6.0798299964517355
1189,0.5197139689698815,1.0514790192246437,0.560221029445529,89.101693010889,5.944453994743526
1190,0.504393014125526,1.0797519935294986,0.6221199873834848,89.12669599521905,5.957179993856698
1191,0.5143270245753229,1.0786850471049547,0.5666440119966865,90.55420098593459,5.859848984982818
1192,0.5273899878375232,1.1117600370198488,0.5598379648290575,90.99381195846945,5.813117022626102
1193,0.4985550185665488,1.0885410010814667,0.2937869867309928,93.08608702849597,7.025436032563448
1194,0.5097799585200846,1.116301049478352,0.5623199976980686,91.86706598848104,6.089522037655115
1195,0.5313489818945527,1.2075270060449839,0.631256029009819,94.94893200462684,5.919640010688454
1196,0.6043780012987554,1.0795040288940072,0.5933130159974098,90.01243102829903,6.894719961564988
1197,0.5756889586336911,1.0942789958789945,0.5653970292769372,91.11003298312426,6.44301000284031
1198,0.4955600015819073,1.067116972990334,0.569232041016221,89.11905199056491,5.963040981441736
1199,0.5042700213380158,1.0942360386252403,0.5876540089957416,89.36407702276483,6.020952947437763
1200,0.5085960146971047,1.0385310160927474,0.5629299557767808,95.70076002273709,6.665998022072017
1201,0.5519470432773232,1.0661979904398322,0.55357301607728,94.46648199809715,6.989063986111432
1202,0.5022289697080851,1.073513994924724,0.6114960415288806,90.06599499844015,7.360396964941174
1203,0.5138320266269147,1.0704500018619,0.575465033762157,90.18793900031596,7.252570998389274
1204,0.5167910130694509,1.0678539983928204,0.5847690044902265,90.39894101442769,6.0115589876659214
1205,0.511758029460907,1.0808079969137907,0.5854880437254906,89.94692703709006,5.974234023597091
1206,0.5013349582441151,1.0418209712952375,0.5661979666911066,91.17830399191007,5.877770017832518
1207,0.5088109755888581,1.0416439617983997,0.5822600214742124,89.28836701670662,6.004908005706966
1208,0.5075479857623577,1.0522189550101757,0.5573380040004849,93.28633401310071,5.96358795883134
1209,0.49606600077822804,1.1046039871871471,0.5766500253230333,94.85524898627773,5.974586005322635
1210,0.5787729751318693,1.105190021917224,0.5807070410810411,90.73792502749711,5.872330977581441
1211,0.512730039190501,1.1032699840143323,0.5841550300829113,89.40694300690666,6.30834000185132
1212,0.49830495845526457,1.057070039678365,0.5583890015259385,89.98225402319804,5.869477987289429
1213,0.5332959699444473,1.0514260502532125,0.5501009873114526,89.11718800663948,5.890915985219181
1214,0.5001440295018256,1.0546229896135628,0.5865859566256404,88.33564701490104,5.757130042184144
1215,0.555180013179779,1.0422630002722144,0.6006599869579077,94.83325300971046,5.832967988681048
1216,0.5207399954088032,1.0647259769029915,0.558788946364075,93.26264599803835,5.877289979252964
1217,0.5085780285298824,1.1228590155951679,0.5653530242852867,90.74355702614412,5.782307009212673
1218,0.4905720124952495,1.0507219703868032,0.5677990266121924,89.65552598237991,5.916661990340799
1219,0.503353017847985,1.0416450095362961,0.5708980024792254,89.02646601200104,2.528408949729055
1220,0.2001639804802835,1.1483609559945762,0.6303970003500581,90.60420101741329,5.8705760166049
1221,0.5217440193518996,1.0830250103026628,0.5517060053534806,95.48397804610431,5.74207998579368
1222,0.47908799024298787,1.0261820279993117,0.5734099540859461,90.72964900406078,2.5843249750323594
1223,0.20425801631063223,1.1002079700119793,0.5842240061610937,90.5445899697952,6.258540030103177
1224,0.4870299599133432,1.0423040366731584,0.6028370116837323,94.35452398611233,5.897424998693168
1225,0.5094570224173367,1.073877967428416,0.5453089834190905,91.46923298249021,2.60576797882095
1226,0.20324200158938766,1.065657997969538,0.5629000370390713,93.84381398558617,5.7885050191544
1227,0.49750396283343434,1.029453007504344,0.5503749707713723,90.9156869747676,7.275251962710172
1228,0.45477703679353,1.0240799747407436,0.4839340108446777,99.30441400501877,2.5082380161620677
1229,0.20440801745280623,1.0856330045498908,0.5905409925617278,87.5622650492005,5.782047985121608
1230,0.5207459907978773,1.0325349867343903,0.5723299691453576,92.01076201861724,5.731560988351703
1231,0.4852479905821383,0.9886070038191974,0.4669490153901279,92.19292894704267,2.5402840110473335
1232,0.20144402515143156,0.990186003036797,0.6088250083848834,92.40765799768269,2.5134559837169945
1233,0.20317803137004375,0.9949650266207755,0.5314499721862376,92.39072602940723,5.679344991222024
1234,0.4888830007985234,1.032522995956242,0.5580540164373815,89.44837399758399,2.5969879934564233
1235,0.22995704784989357,1.0063140070997179,0.29310601530596614,97.72317699389532,2.534225000999868
1236,0.2020859974436462,1.0183740523643792,0.559356005396694,93.39892800198868,5.580941040534526
1237,0.48749003326520324,1.0261050192639232,0.4974859766662121,89.54511600313708,2.5171610177494586
1238,0.20015198970213532,1.0313669918105006,0.2862979890778661,96.69876098632812,2.611461968626827
1239,0.1992009929381311,1.0638280073180795,0.58133399579674,99.87336001358926,5.690738034900278
1240,0.4846350057050586,1.0158370132558048,0.5553300143219531,89.24582996405661,2.5662779808044434
1241,0.208841054700315,1.0060799540951848,0.2704060170799494,91.63756103953347,2.5370660005137324
1242,0.21185202058404684,1.0049889679066837,0.5363560048863292,88.67618895601481,6.182097014971077
1243,0.5735739832744002,1.032545987982303,0.5468769813887775,88.98502902593464,5.629910039715469
1244,0.5376230110414326,0.9995319996960461,0.29233196983113885,90.46957001555711,5.556924035772681
1245,0.5004859995096922,1.014471985399723,0.5788810085505247,86.38291899114847,5.6247939937748015
1246,0.4800829919986427,1.0294410167261958,0.537018000613898,86.83842403115705,5.356037989258766
1247,0.4760249867103994,1.0688229813240469,0.2823709510266781,98.77799195237458,5.758946004789323
1248,0.475627020932734,1.0769519722089171,0.5622089956887066,101.10605496447533,5.52326301112771
1249,0.47726702177897096,1.0658930405043066,0.558688014280051,87.85213396186009,5.285465973429382
1250,0.5160930450074375,1.0515250032767653,0.598145998083055,84.65315605280921,5.491176038049161
1251,0.4580940003506839,1.0753090027719736,0.5744899972341955,87.41992595605552,5.505701992660761
1252,0.48411200987175107,1.0472959838807583,0.5620339652523398,86.32177201798186,5.687574972398579
1253,0.5344120436348021,1.0342890163883567,0.5724399816244841,86.6670579998754,5.327949998900294
1254,0.48023799899965525,1.0878680041059852,0.5874839844182134,85.91037703445181,5.4703609785065055
1255,0.4589609452523291,1.047199999447912,0.5683220224454999,96.05476399883628,5.368633021134883
1256,0.45483600115403533,1.0511039872653782,0.2887689624913037,96.31527302553877,5.342705990187824
1257,0.5020659882575274,1.086060015950352,0.5506360321305692,88.32955895923078,6.032596982549876
1258,0.5207540234550834,1.1080959811806679,0.5744430236518383,90.45848198002204,6.623735011089593
1259,0.4949130234308541,1.021976990159601,0.2958819968625903,90.14585096156225,4.8890289617702365
1260,0.4508240381255746,1.0229760082438588,0.562835019081831,85.28773998841643,5.026830011047423
1261,0.4277279949747026,1.0146450367756188,0.5460039828903973,83.93760799663141,5.077498033642769
1262,0.48845697892829776,1.0091140284202993,0.2952819922938943,87.93723897542804,4.613017023075372
1263,0.43149403063580394,1.0017459862865508,0.5323109799064696,85.14542097691447,4.996239964384586
1264,0.49231399316340685,1.0990810114890337,0.5354200256988406,82.5613799970597,4.832846985664219
1265,0.4144090344198048,1.011107990052551,0.29600196285173297,85.49227402545512,5.590985994786024
1266,0.43873704271391034,1.084299001377076,0.56331796804443,93.8036940060556,4.517421999480575
1267,0.40369300404563546,1.0170090245082974,0.5461050313897431,83.86087900726125,4.453230008948594
1268,0.3950489917770028,1.101085974369198,0.2679459867067635,84.16061196476221,4.446465987712145
1269,0.4203160060569644,1.0692270006984472,0.5167360068298876,82.82241004053503,4.573412996251136
1270,0.6843729643151164,0.9922150056809187,0.5888220039196312,80.43294696835801,4.325292014982551
1271,0.404516002163291,0.9679680224508047,0.2652330440469086,82.2243740549311,4.449969972483814
1272,0.4044339875690639,0.9894869872368872,0.537659041583538,81.7641590256244,4.200352996122092
1273,0.41586399311199784,0.9815240046009421,0.5205270135775208,80.69599303416908,4.379033052828163
1274,0.3912230022251606,1.0072150034829974,0.2946440363302827,85.06454300368205,4.299783962778747
1275,0.43020601151511073,1.0184079874306917,0.5365519900806248,82.90739700896665,4.2541190050542355
1276,0.3948640078306198,0.9955790010280907,0.537985994014889,82.20729196909815,4.370899987407029
1277,0.4003859939984977,1.0083360248245299,0.26930199237540364,84.90370697109029,4.3911070097237825
1278,0.4431669949553907,0.9935660054907203,0.5331439897418022,83.15529505489394,4.345018009189516
1279,0.42274000588804483,0.992532994132489,0.5592419765889645,83.60117999836802,4.592026001773775
1280,0.4745079786516726,0.9936719434335828,0.2703010104596615,82.13989104842767,4.2664570501074195
1281,0.38582197157666087,0.9987879893742502,0.5230349488556385,80.88910998776555,4.107907006982714
1282,0.3861130098812282,1.0020589688792825,0.7182409754022956,82.32350199250504,4.179337003733963
1283,0.3972090198658407,0.9738039807416499,0.2865639980882406,84.34747799765319,4.162250959780067
1284,0.38042402593418956,0.9990839753299952,0.533204001840204,82.04391098115593,4.183625977020711
1285,0.4023779765702784,1.005808007903397,0.504762982018292,82.17397902626544,4.146899038460106
1286,0.3776070079766214,1.002806005999446,0.31236099312081933,84.01349803898484,4.127021005842835
1287,0.4407129599712789,1.0080240317620337,0.5058309761807323,82.35037000849843,4.2222869815304875
1288,0.39532495429739356,1.0163530241698027,0.5163869936950505,84.18686199001968,4.196675959974527
1289,0.3822420258074999,0.9675649926066399,0.2793080057017505,86.02840499952435,4.207872960250825
1290,0.3984150243923068,1.0072069708257914,0.532453996129334,82.33768498757854,4.126219020690769
1291,0.3848609630949795,1.0077629704028368,0.5211399984546006,80.87876299396157,4.248452954925597
1292,0.38913299795240164,0.9749919991008937,0.2944630105048418,87.42915000766516,4.214780987240374
1293,0.39045297307893634,0.9740949608385563,0.5156160332262516,81.13099099136889,4.269151017069817
1294,0.39535999530926347,1.0299120331183076,0.5181809538044035,81.20525698177516,4.124263010453433
1295,0.38904696702957153,0.9951820247806609,0.2681459882296622,89.8263180279173,4.178531002253294
1296,0.45281200436875224,0.9940730524249375,0.5622649914585054,87.70607900805771,4.250298021361232
1297,0.4302279558032751,0.9972930420190096,0.5025380523875356,82.62443804414943,4.303233989048749
1298,0.37709804018959403,1.0086119873449206,0.3053949913010001,85.53830400342122,4.208219994325191
1299,0.40537299355491996,1.0277950204908848,0.5077439709566534,82.95151899801567,4.208397003822029
1300,0.4735579714179039,1.0055720340460539,0.5247030057944357,81.05297799920663,4.318714025430381
1301,0.3918579895980656,0.9740350069478154,0.2788010169751942,85.6516279745847,4.141404991969466
1302,0.37567102117463946,0.9452059748582542,0.5414800252765417,81.4228379749693,4.192868014797568
1303,0.4236050299368799,0.9968680096790195,0.5248740199021995,96.7056630179286,4.3829529895447195
1304,0.3800980048254132,0.989881984423846,0.5575020331889391,82.29561796179041,4.138627962674946
1305,0.4666360327973962,0.9937959839589894,0.5135349929332733,82.74469000753015,4.134488990530372
1306,0.4299820284359157,0.9687890415079892,0.26477797655388713,85.83278901642188,4.200004041194916
1307,0.47517899656668305,0.9908479987643659,0.5203280015848577,85.31473396578804,4.1769660310819745
1308,0.3841810394078493,0.966268009506166,0.5074020009487867,82.03724300255999,4.253036982845515
1309,0.3823800361715257,0.9582599741406739,0.26068900479003787,92.25279494421557,4.243006987962872
1310,0.40062895277515054,0.9772999910637736,0.5351919680833817,81.6443560179323,4.122158978134394
1311,0.3943819901905954,0.9560799808241427,0.49649301217868924,80.95109002897516,4.1345839854329824
1312,0.39797602221369743,0.9603109792806208,0.2649130183272064,92.8199469926767,4.361577972304076
1313,0.39552501402795315,0.9899630094878376,0.513511011376977,80.41168603813276,4.254296014551073
1314,0.3848370397463441,0.9655880276113749,0.5154709797352552,86.00142400246114,4.303900990635157
1315,0.40662498213350773,0.9762539993971586,0.26522402185946703,87.98820996889845,4.302653018385172
1316,0.3949939855374396,1.0033189901150763,0.5424930131994188,85.17386502353474,4.343467997387052
1317,0.3822710132226348,0.9906819905154407,0.5231149843893945,85.35862702410668,4.195084038656205
1318,0.3871300141327083,0.971911009401083,0.26079395320266485,87.18820102512836,4.141732992138714
1319,0.40769402403384447,1.021525007672608,0.5032960325479507,83.25882902136073,5.378472036682069
1320,0.4368870286270976,0.9686179691925645,0.5015230271965265,83.18187895929441,4.307525989133865
1321,0.37723896093666553,0.9655350004322827,0.26444700779393315,87.82678004354239,4.389349021948874
1322,0.47579797683283687,0.9870610083453357,0.683749036397785,80.51702502416447,4.278065986000001
1323,0.39080303395166993,0.9534540004096925,0.5013920017518103,86.94995701080188,4.17631899472326
1324,0.3691820311360061,0.9965059580281377,0.2615179982967675,87.08761003799736,4.170163010712713
1325,0.3819590201601386,1.0248610051348805,0.677394971717149,84.36495700152591,4.555836028885096
1326,0.4385929787531495,1.0055439779534936,0.5197710124775767,80.89706697501242,3.7817310076206923
1327,0.3978890017606318,0.959619996137917,0.2628029906190932,87.64174504904076,3.775848017539829
1328,0.3966839867644012,0.9817279642447829,0.5208129878155887,77.59791798889637,3.8369320100173354
1329,0.4130570450797677,0.9397660032846034,0.5077619571238756,80.32551797805354,3.90795199200511
1330,0.3699299995787442,0.9522669715806842,0.28407800709828734,80.9830820071511,3.826143976766616
1331,0.3632160369306803,0.9739440283738077,0.5053450004197657,77.69066101172939,3.8928980357013643
1332,0.36269199335947633,0.9574790019541979,0.5115030216984451,80.96997597021982,3.893463988788426
1333,0.376641983166337,0.9615940507501364,0.25963998632505536,82.24578702356666,3.8362060440704226
1334,0.3629520069807768,1.0065250098705292,0.5026509752497077,95.81412997795269,3.7868799990974367
1335,0.39107102202251554,0.99201500415802,0.5039829993620515,79.83386400155723,3.7571630091406405
1336,0.36074803210794926,0.961040030233562,0.25824399199336767,83.53738801088184,3.90530499862507
1337,0.3728790325112641,0.9628090192563832,0.5122479633428156,93.93228695262223,1.7864059773273766
1338,0.15578098827973008,0.9194909944199026,0.500169990118593,79.45138000650331,3.950260055717081
1339,0.3615720197558403,0.9674740140326321,0.2682969789020717,81.79254899732769,3.8591069751419127
1340,0.3702089888975024,0.9578029857948422,0.4534230101853609,79.72830499056727,1.827727013733238
1341,0.17077499069273472,0.9794780053198338,0.5113669903948903,90.91669897316024,3.8289669901132584
1342,0.36372896283864975,0.9683780372142792,0.2944270381703973,82.61596702504903,3.8263490423560143
1343,0.35763299092650414,0.9665459510870278,0.5193630349822342,80.76385798631236,1.7903679981827736
1344,0.14879298396408558,0.9695980115793645,0.5052200285717845,79.32885503396392,3.788973030168563
1345,0.3668539575301111,0.980918004643172,0.2609120565466583,83.25470297131687,3.8532320177182555
1346,0.35391602432355285,0.9727209690026939,0.49877201672643423,90.58544400613755,3.9310180000029504
1347,0.41639001574367285,0.9741210378706455,0.5160479922778904,93.26513996347785,3.7328199832700193
1348,0.3708960139192641,0.943247985560447,0.4229689948260784,79.95441200910136,3.7590619758702815
1349,0.3534529823809862,0.9402919677086174,0.49131904961541295,83.00809096544981,4.426850995514542
1350,0.41643797885626554,0.9584059589542449,0.5032020271755755,95.2655189903453,3.695497987791896
1351,0.36464998265728354,0.9513869881629944,0.2551080542616546,81.46192599087954,3.702889021951705
1352,0.3550309920683503,0.9635789901949465,0.5067340098321438,97.02598099829629,3.7669489975087345
1353,0.35027205012738705,0.9340179967693985,0.49676402704790235,88.03759497823194,3.7454229895956814
1354,0.39201596518978477,0.947464955970645,0.25579798966646194,83.3626359817572,3.7409350043162704
1355,0.3694179467856884,0.9666169644333422,0.48716197488829494,85.92896204208955,3.7816109834238887
1356,0.4160699900239706,1.0351749951951206,0.4936900222674012,91.16309398086742,3.613718959968537
1357,0.36901404382660985,0.9532109834253788,0.25676097720861435,84.41855804994702,3.782743006013334
1358,0.3722130204550922,0.9479849832132459,0.49667799612507224,85.20473696989939,3.837756987195462
1359,0.34895900171250105,0.9261710220016539,0.4918950144201517,77.84135796828195,3.62859497545287
1360,0.35532499896362424,0.9688899735920131,0.5335999885573983,79.58146900637075,3.6622220068238676
1361,0.3654030151665211,0.99260697606951,0.4917700425721705,84.62721802061424,3.6050169728696346
1362,0.34801498986780643,0.945828971453011,0.4863099893555045,79.29240301018581,3.730128984898329
1363,0.3567480016499758,1.006928039714694,0.5754599696956575,81.03762898826972,3.7569990381598473
1364,0.36934303352609277,0.994596048258245,0.525886018294841,81.78674604278058,3.6708160187117755
1365,0.35887601552531123,0.9533829870633781,0.5082529969513416,79.29463195614517,3.7161699729040265
1366,0.34629000583663583,0.9691500454209745,0.5610910011455417,81.21707901591435,3.8325120112858713
1367,0.34784601302817464,0.9732039761729538,0.5333040026016533,81.86857198597863,3.904920013155788
1368,0.46146794920787215,1.4756969758309424,0.5411640158854425,78.47830496029928,3.5914910258725286
1369,0.35712000681087375,0.946726999245584,0.49872795352712274,80.64232103060931,3.611639025621116
1370,0.3544060164131224,0.9486530325375497,0.48939796397462487,81.7800760269165,3.5342799965292215
1371,0.37692097248509526,1.0067239636555314,0.5024209967814386,78.62377003766596,3.676846041344106
1372,0.34194200998172164,0.9575620060786605,0.5258719902485609,83.94811698235571,3.650247002951801
1373,0.34989003324881196,0.9407550096511841,0.5046590231359005,82.02545100357383,3.554665017873049
1374,0.3458720166236162,0.9964720229618251,0.4951079608872533,80.21262299735099,3.6922970321029425
1375,0.33645896473899484,0.9799230028875172,0.5325240199454129,79.99808096792549,3.5400670021772385
1376,0.3548209788277745,0.9748929878696799,0.5071500199846923,80.4820759803988,1.7050509923137724
1377,0.14704099157825112,0.9499859879724681,0.5002550315111876,80.17067797482014,3.8586630253121257
1378,0.34087797394022346,0.9520530002191663,0.49573101568967104,81.57770003890619,3.524872998241335
1379,0.35627803299576044,0.9962409967556596,0.4873299621976912,82.43187697371468,1.7332810093648732
1380,0.18926500342786312,0.9207809926010668,0.517581996973604,77.52901199273765,3.60630702925846
1381,0.33145095221698284,0.9623119840398431,0.2757050096988678,108.11657598242164,3.552570997271687
1382,0.33993396209552884,0.927153043448925,0.4948570276610553,81.5087040537037,1.7062390106730163
1383,0.14475500211119652,0.9371800115332007,0.49289403250440955,79.31991602526978,3.5886989790014923
1384,0.3300560056231916,0.9692069725133479,0.26382901705801487,80.81429597223178,3.555449948180467
1385,0.33388298470526934,0.958491989877075,0.4983030376024544,81.26661303685978,1.624041993636638
1386,0.148905033711344,0.9644830133765936,0.4867080133408308,79.37316299648955,3.5655999672599137
1387,0.350564019754529,0.9622210054658353,0.5166699993424118,78.3339100307785,3.474680008366704
1388,0.3403819864615798,0.9449110366404057,0.5019599921070039,79.35035997070372,1.6536180046387017
1389,0.1428260002285242,0.9429650381207466,0.5123160080984235,79.19504499295726,3.5127750015817583
1390,0.33175700809806585,0.9522279724478722,0.4817729932256043,79.40326299285516,3.415460989344865
1391,0.3274769987910986,0.946392014157027,0.48885494470596313,83.0175059963949,1.662879018113017
1392,0.2217210130766034,0.9292899630963802,0.5162939778529108,77.47148297494277,3.2800749759189785
1393,0.3369069891050458,0.9315140196122229,0.2553029917180538,80.24942805059254,3.3438100363127887
1394,0.3210559953004122,0.9489909862168133,0.5057380185462534,81.21851400937885,1.6061430214904249
1395,0.13904599472880363,1.021909003611654,0.509359990246594,80.18668397562578,3.4000230371020734
1396,0.34088402753695846,0.9386540041305125,0.2560739521868527,80.31881897477433,3.409093013033271
1397,0.3261860110796988,0.9657469927333295,0.4957239725627005,80.40583098772913,1.5703010139986873
1398,0.1610449980944395,0.9778069797903299,0.48900803085416555,106.91995598608628,3.4501890186220407
1399,0.3701189998537302,0.9652539738453925,0.2709580003283918,95.42493597837165,3.2626459724269807
1400,0.3233429742977023,0.94239303143695,0.5544620216824114,77.79056701110676,1.5570089453831315
1401,0.15565799549221992,0.9381129639223218,0.48967701150104403,79.2290530516766,3.402824979275465
1402,0.3386889584362507,0.9518950246274471,0.27192995185032487,82.14474795386195,3.425756993237883
1403,0.3291250322945416,0.9224999812431633,0.48716203309595585,81.01109002018347,1.5571300173178315
1404,0.14087400631979108,0.9426259784959257,0.490568985696882,77.84193597035483,3.3666390227153897
1405,0.32068201107904315,0.9454100509174168,0.24821498664095998,80.64157597254962,3.319336974527687
1406,0.3320809919387102,0.9747650474309921,0.5092349601909518,77.87455496145412,1.602108997758478
1407,0.19586796406656504,0.957823998760432,0.5285610095597804,87.98445796128362,3.2077389769256115
1408,0.325786997564137,0.9526750072836876,0.27701305225491524,79.84887197380885,3.3176570432260633
1409,1.0476660099811852,0.9524780325591564,0.44270401122048497,75.4430039669387,1.4262609765864909
1410,0.13836903963238,0.9229140123352408,0.47931401059031487,77.21083698561415,3.0238740146160126
1411,0.31848502112552524,0.9097460424527526,0.24231697898358107,89.46215698961169,3.0051859794184566
1412,0.2928150352090597,0.9276779601350427,0.4653449868783355,86.64627495454624,1.4598069828934968
1413,0.1322930329479277,0.9119430324062705,0.5636319983750582,77.31175899971277,3.0108109931461513
1414,0.31354097882285714,0.9481720044277608,0.24777196813374758,79.23581905197352,3.0522680026479065
1415,0.3048619837500155,0.9420500136911869,0.4700989811681211,79.52787197427824,1.4672629768028855
1416,0.13153796317055821,0.9328079759143293,0.5126470350660384,78.32352799596265,3.0604820349253714
1417,0.3127750242128968,0.9402869618497789,0.24592102272436023,80.19607403548434,3.04711697390303
1418,0.3037870046682656,0.9449779754504561,0.4693680093623698,79.67500103404745,1.4450200251303613
1419,0.12928596697747707,0.9637100156396627,0.473759020678699,96.32529004011303,3.2319690217263997
1420,0.3112729755230248,0.9433749946765602,0.24888600455597043,77.40443898364902,3.0928499763831496
1421,0.29794505098834634,0.9537219884805381,0.466317986138165,78.31967598758638,3.012336033862084
1422,0.2992380177602172,0.9601649944670498,0.2511650091037154,80.78872604528442,3.078624955378473
1423,0.2959609846584499,0.9248490096069872,0.24644401855766773,77.56242802133784,4.0895959828048944
1424,0.3251080051995814,0.9615800227038562,0.47098100185394287,81.62438799627125,3.0298339552246034
1425,0.33146701753139496,0.9517070138826966,0.29201305005699396,88.5391760384664,2.9823309741914272
1426,0.3074950072914362,0.9352219640277326,0.24957896675914526,93.3837560005486,3.0171630205586553
1427,0.29343500500544906,0.9381999843753874,0.47243398148566484,96.79460298502818,3.074888954870403
1428,0.2974150120280683,0.9570289985276759,0.2564219757914543,79.07548802904785,3.1195940100587904
1429,0.3165719681419432,0.9441099828109145,0.24958100402727723,80.49188501900062,3.0361060053110123
1430,0.29275298584252596,0.934429990593344,0.48521399730816483,78.4983349731192,3.0422850395552814
1431,0.3700749948620796,0.9495989652350545,0.25047099916264415,78.24941404396668,3.298932977486402
1432,2.198769012466073,0.9884759783744812,0.2641010214574635,80.18975896993652,2.8411420062184334
1433,0.29193295631557703,0.922171981073916,0.46623399248346686,82.42151403101161,2.8676119982264936
1434,0.32962800469249487,0.9315450442954898,0.2384890103712678,82.03721302561462,2.96526204328984
1435,0.6953079719096422,0.938470009714365,0.23709202650934458,81.47492603166029,2.7204049983993173
1436,0.2785079996101558,0.9241770021617413,0.4577939980663359,78.73035996453837,2.57469603093341
1437,0.272350967861712,0.9427890181541443,0.27469301130622625,80.04161500139162,2.727346960455179
1438,0.2667210064828396,0.9185969829559326,0.25384698528796434,77.69038202241063,2.638918987940997
1439,0.2663329942151904,0.9776190272532403,0.4736980190500617,79.67574195936322,2.6686119963414967
1440,0.27381698600947857,0.9445920004509389,0.25022501358762383,81.11506700515747,2.7528060018084943
1441,0.28847402427345514,0.9187040268443525,0.2812000457197428,77.26530096260831,2.62097199447453
1442,0.26593299116939306,0.926146050915122,0.5134299863129854,79.8731500399299,2.8277759556658566
1443,0.2684820210561156,0.9413629886694252,0.28900604229420424,82.74176699342206,2.7264810050837696
1444,0.26487797731533647,0.9302860125899315,0.23680104641243815,81.14833396393806,2.6602529687806964
1445,0.3333850181661546,0.95487100770697,0.46832405496388674,80.39852802176028,2.700051001738757
1446,0.2723320503719151,0.9230250143446028,0.24580297758802772,79.32313502533361,2.723580983001739
1447,0.2764380187727511,0.9278740035369992,0.24895602837204933,80.52109699929133,2.8502350323833525
1448,0.26425300166010857,0.9434029925614595,0.501818023622036,79.1376120178029,2.7772290050052106
1449,0.676124996971339,0.9829290211200714,0.248588970862329,80.73765999870375,2.4680609931237996
1450,0.32053200993686914,0.9160129702650011,0.3023149911314249,78.92677601194009,2.5594839826226234
1451,0.2975259558297694,0.9781690314412117,0.45868399320170283,82.73130597081035,2.493697975296527
1452,0.26289798552170396,0.9226899710483849,0.24252798175439239,78.69353401474655,2.5012530386447906
1453,0.34010602394118905,0.9120960021391511,0.45732903527095914,79.21884703682736,2.4724419927224517
1454,0.2555070095695555,0.9237260092049837,0.4729849752038717,80.21484402706847,3.6663429928012192
1455,0.2862439723685384,0.9309470187872648,0.24324597325176,80.28299099532887,2.5218070368282497
1456,0.25465100770816207,0.9195120073854923,0.4676120006479323,77.41581997834146,2.544016984757036
1457,0.2616050187498331,0.9057939751073718,0.4581959801726043,80.04223700845614,2.5490279658697546
1458,0.25823997566476464,0.8947270107455552,0.4567850264720619,78.20251298835501,2.4777459912002087
1459,0.261929992120713,0.9149419493041933,0.4699680139310658,78.45709403045475,2.559104992542416
1460,0.2691980334930122,0.9470580262131989,0.46140700578689575,79.57432296825573,2.4822760024107993
1461,0.2649929956533015,0.9143030038103461,0.4934989847242832,77.96932698693126,2.554780978243798
1462,0.2778729540295899,0.9417380206286907,0.4790769889950752,77.64867402147502,2.6196230319328606
1463,0.5313940346240997,0.9489249787293375,0.4640159895643592,80.33545804210007,2.3789110127836466
1464,0.2628029906190932,0.9299489902332425,0.45104697346687317,77.75018003303558,2.3687600041739643
1465,0.2877560327760875,0.9423270239494741,0.24769396986812353,79.58869700087234,2.3394430172629654
1466,0.2606459893286228,0.9728239965625107,0.4570700111798942,80.67585597746074,2.417169976979494
1467,0.26345503283664584,0.9418719564564526,0.45471201883628964,90.53266904084012,2.426518010906875
1468,0.26239402359351516,0.9054599795490503,0.45189098455011845,79.13899299455807,2.321261039469391
1469,0.24244101950898767,0.8972110226750374,0.5031909677200019,82.96303101815283,2.3946569999679923
1470,0.30192098347470164,0.8980410057120025,0.4774940316565335,89.11305398214608,2.498013956937939
1471,0.30091399094089866,0.9033950045704842,0.239101005718112,79.96768597513437,2.3670539958402514
1472,0.2366019762121141,0.9301800164394081,0.46099600149318576,91.56308899400756,2.2077849716879427
1473,0.2345870016142726,0.8848509751260281,0.5134840030223131,76.15716505097225,2.1983899641782045
1474,0.23132201749831438,0.9038870339281857,0.45749795390293,77.4336329777725,2.4896039976738393
1475,0.3055949928238988,0.7010999834164977,0.4522179951891303,69.38188098138198,1.8386910087428987
1476,0.2458910457789898,0.7408909732475877,0.4300330183468759,66.12439104355872,1.887026010081172
1477,0.20973000209778547,0.6941549945622683,0.42477500392124057,70.60690497746691,1.8403829890303314
1478,0.20936003420501947,0.6697049830108881,0.3958489978685975,79.9148150254041,0.7866419618949294
1479,0.08195696864277124,0.7237150566652417,0.3967919619753957,64.08003001706675,1.8788509769365191
1480,0.2116980031132698,0.6910720258019865,0.17157604452222586,68.01793002523482,1.8954499973915517
1481,0.22816896671429276,0.6857960252091289,0.44559501111507416,64.96171501930803,0.8178700227290392
1482,0.08634699042886496,0.695783004630357,0.4278370179235935,65.24683994939551,1.8712439923547208
1483,0.22777396952733397,0.7024829974398017,0.1846390077844262,68.02560103824362,1.8261520308442414
1484,0.21326501155272126,0.7043160148896277,0.482723000459373,66.85860705329105,1.8496160046197474
1485,0.20941096590831876,0.7142070098780096,0.4034959711134434,74.42583102965727,1.842822995968163
1486,0.22022600751370192,0.7144599803723395,0.4218430258333683,65.84322097478434,1.8696350161917508
1487,0.2306409878656268,0.7098370115272701,0.42771705193445086,64.87023801309988,1.836134004406631
1488,0.2078919787891209,0.6963179912418127,0.39380602538585663,65.15957799274474,1.875140005722642
1489,0.22591499146074057,0.7094750180840492,0.4374799900688231,66.29341002553701,1.8176749581471086
1490,0.2639929880388081,0.8735409937798977,0.432503002230078,104.14782800944522,0.7699529523961246
1491,0.08193799294531345,0.6902590394020081,0.3947680233977735,64.96617197990417,1.8447480397298932
1492,0.20665396004915237,0.6905270274728537,0.3995330189354718,66.49787200149149,1.8260329961776733
1493,0.20462198881432414,0.713832036126405,0.41178904939442873,65.63286000164226,0.7959830109030008
1494,0.08560199057683349,0.6769750034436584,0.4516729968599975,71.73403800697997,1.834722002968192
1495,0.21158898016437888,0.7090410217642784,0.4168730229139328,65.48499397467822,1.8514000112190843
1496,0.22968300618231297,0.6920690066181123,0.4044910310767591,76.3066079816781,0.7985770353116095
1497,0.08455995703116059,0.7079180213622749,0.44859200716018677,64.50653303181753,1.8601450137794018
1498,0.21066301269456744,0.7053869776427746,0.4040950443595648,65.79329300438985,1.8477650010026991
1499,0.20949903409928083,0.6804369622841477,0.402125995606184,64.30342403473333,1.7681350000202656
1500,0.21147995721548796,0.6890039658173919,0.39838103111833334,66.38342700898647,1.8286920385435224
1501,0.22360996808856726,0.6890670047141612,0.420472992118448,80.15946397790685,1.843601989094168
1502,0.20739203318953514,0.702356977853924,0.3953100531361997,63.88289300957695,1.9897550228051841
1503,0.20580104319378734,0.7061840151436627,0.4169619642198086,70.87048899848014,1.8328549922443926
1504,0.2019780222326517,0.6920699961483479,0.41640299605205655,66.75101700238883,1.819850003812462
1505,0.20677997963503003,0.7056629983708262,0.3948640078306198,63.81879199761897,1.8749429727904499
1506,0.20793196745216846,0.6872349767945707,0.3990820259787142,66.13528897287324,1.8787950393743813
1507,0.2127719926647842,0.7138410001061857,0.4196080262772739,66.26317702466622,1.8402719870209694
1508,0.2084079897031188,0.696677016094327,0.4082469968125224,63.8153119944036,1.8424970330670476
1509,0.2110089990310371,0.7081240182742476,0.43038796866312623,64.36034600483254,1.9085620297119021
1510,0.20632497034966946,0.7244640146382153,0.3987080417573452,67.06211599521339,1.8542149919085205
1511,0.2079809783026576,0.7022690260782838,0.404224032536149,65.27927500428632,0.786424963735044
1512,0.08407799759879708,0.7003990467637777,0.40331901982426643,65.38389495108277,1.9266500021331012
1513,0.20968099124729633,0.6892940145917237,0.4191749612800777,66.31535000633448,1.8327110446989536
1514,0.21018600091338158,0.685684964992106,0.4001260385848582,64.63209702633321,0.8101520361378789
1515,0.08415203774347901,0.6861750152893364,0.41512801544740796,66.24933198327199,1.9357269629836082
1516,0.2137289848178625,0.6995779694989324,0.4286089679226279,71.27619400853291,1.8418540130369365
1517,0.2045090077444911,0.6816230015829206,0.3986730007454753,65.33774198032916,0.7942140218801796
1518,0.08729798719286919,0.6882800371386111,0.4316589911468327,67.21856101648882,1.853246008977294
1519,0.208841054700315,0.7010350236669183,0.4423770005814731,65.22182800108567,1.9578459905460477
1520,0.208608980756253,0.694880960509181,0.4054250312037766,66.16907200077549,0.7692289655096829
1521,0.09654200403019786,0.7025889935903251,0.3960429457947612,73.13035102561116,1.8442610162310302
1522,0.240146997384727,0.7176189683377743,0.42532599763944745,65.55654399562627,1.9073800067417324
1523,0.22172497119754553,0.6996039883233607,0.45790098374709487,64.47419500909746,0.8121129940263927
1524,0.08667097426950932,0.688422005623579,0.3979839966632426,78.81440204801038,1.819137018173933
1525,0.22791395895183086,0.7046660175547004,0.17705000936985016,65.83727698307484,1.848305983003229
1526,0.2084459993056953,0.7024449878372252,0.40290597826242447,63.18454694701359,0.822144967969507
1527,0.08498999522998929,0.6960890023037791,0.4191939951851964,64.76818403461948,1.7968229949474335
1528,0.20888401195406914,0.6864439928904176,0.1687720068730414,67.95036297990009,2.041753032244742
1529,0.2528640325181186,0.7721129804849625,0.5476360092870891,70.97810198320076,1.7495760112069547
1530,0.20024599507451057,0.6801119889132679,0.462096999399364,79.05419496819377,1.7490530153736472
1531,0.2172610256820917,0.6927220383659005,0.16448897076770663,66.65487895952538,1.7885869601741433
1532,0.21861604182049632,0.7859569741412997,0.4505530232563615,71.38859399128705,1.6732889926061034
1533,0.2517509856261313,0.719986972399056,0.49001595471054316,64.78728697402403,1.7411799635738134
1534,0.20051997853443027,0.6748510058969259,0.1677070395089686,77.94394402299076,1.6794860130175948
1535,0.20872900495305657,0.6775719812139869,0.48104400048032403,78.90503597445786,1.7268290393985808
1536,1.2398520484566689,0.6970569957047701,0.17684994963929057,54.166765010450035,1.748366979882121
1537,0.20482100080698729,0.6963220075704157,0.1655529486015439,72.10162200499326,1.6801989986561239
1538,0.19544997485354543,0.6965629872865975,0.1635980443097651,70.69543696707115,1.6842240002006292
1539,0.19593600882217288,0.6823089788667858,0.16462401254102588,53.62041597254574,1.8358079832978547
1540,0.24709099670872092,0.6848920020274818,0.16501604113727808,68.2503700372763,1.7956059891730547
1541,0.22130698198452592,0.7570770103484392,0.18216302851215005,70.39501599501818,1.353636966086924
1542,0.19479601178318262,0.6601360510103405,0.17472298350185156,54.77679701289162,1.3833690318278968
1543,0.17454399494454265,0.7168070296756923,0.1747559872455895,66.55154505278915,1.3219129759818316
1544,0.17442699754610658,0.7039560005068779,0.15579396858811378,65.09707600343972,1.351615006569773
1545,0.19552698358893394,0.6690019508823752,0.16376597341150045,59.30531199555844,1.3994959881529212
1546,0.17474900232627988,0.654461036901921,0.1584020210430026,79.43296304438263,1.3111419975757599
1547,0.17355300951749086,0.6895640399307013,0.16847002552822232,79.824871965684,1.4049930032342672
1548,0.17618597485125065,0.7151429890654981,0.1581339747644961,56.743142020422965,1.340663991868496
1549,0.17135200323536992,0.7192019838839769,0.1594829955138266,71.9873050111346,1.338312984444201
1550,0.17964898142963648,0.6718439981341362,0.15647901454940438,67.56266596494243,1.5962239704094827
1551,0.22453098790720105,0.6732029723934829,0.16379303997382522,54.01970102684572,1.023725955747068
1552,0.15315396012738347,0.6999459583312273,0.1576240174472332,66.07951800106093,1.1502329725772142
1553,0.16465794760733843,0.6650029681622982,0.1597889931872487,65.41253498289734,1.0388230439275503
1554,0.14840700896456838,0.6718710064888,0.1611689804121852,54.37715502921492,1.1611409718170762
1555,0.1655970118008554,0.6929480005055666,0.16136601334437728,73.67656304268166,0.9361150441691279
1556,0.13208703603595495,0.695594004355371,0.15784596325829625,65.08039199979976,1.148688024841249
1557,0.16044999938458204,0.6580679910257459,0.15914300456643105,54.46323502110317,1.1482219561003149
1558,0.1608599559403956,0.7087929989211261,0.16674096696078777,64.61650697747245,1.3192369951866567
1559,0.2137380070053041,1.7349279951304197,0.15767099102959037,69.82211297145113,0.9590890258550644
1560,0.15593500575050712,1.5910359797999263,0.15990599058568478,58.77877201419324,0.9732620092108846
1561,0.1808389788493514,0.6914440309628844,0.15653995797038078,68.18385602673516,0.9778710082173347
1562,0.17112999921664596,0.6911089876666665,0.15410501509904861,70.54518797667697,0.9327890002168715
1563,0.14752201968804002,0.6495050038211048,0.1699710264801979,55.88354298379272,0.9609639528207481
1564,0.15151401748880744,0.6953389965929091,0.15469698701053858,66.04235200211406,1.0193250491283834
1565,0.14948099851608276,0.7130189915187657,0.15628000255674124,71.72099902527407,0.9500799933448434
1566,0.15338201774284244,0.6686779670417309,0.16932300059124827,55.01240800367668,1.3126599951647222
1567,0.1941389637067914,0.6808359757997096,0.17873302567750216,65.09388599079102,0.7515099714510143
1568,0.14181400183588266,0.6801019771955907,0.18302997341379523,66.12847000360489,0.7134380284696817
1569,0.135448994114995,0.6599359912797809,0.1560719683766365,53.274642035830766,0.7250490016303957
1570,0.13961998047307134,0.6693709874525666,0.16308296471834183,66.09304703306407,0.7489999989047647
1571,0.13469200348481536,0.6813619984313846,0.40276895742863417,64.49271197197959,0.7314590038731694
1572,0.13373297406360507,0.6905340123921633,0.1550359884276986,67.01327295741066,0.7055189926177263
1573,0.15596899902448058,0.6621889770030975,0.15386403538286686,66.99634896358475,0.7233640062622726
1574,0.13444502837955952,0.673887028824538,0.3711199969984591,65.90373598737642,0.7208309834823012
1575,0.13528700219467282,0.6883210153318942,0.14984299195930362,72.74314301321283,0.7318389834836125
1576,0.13204599963501096,0.6910759839229286,0.1765600172802806,65.95843401737511,0.7147319847717881
1577,0.15401496784761548,0.6569150136783719,0.16100797802209854,67.33063800493255,0.7747680065222085
1578,0.1375339925289154,0.6615759921260178,0.15831796918064356,55.697300005704165,0.7307019550353289
1579,0.1336889690719545,0.6840940332040191,0.16664399299770594,66.4461720152758,0.7237070240080357
1580,0.13889599358662963,0.7871220004744828,0.15397003153339028,65.79897302435711,0.731350970454514
1581,0.1345750060863793,0.6541659822687507,0.16643700655549765,54.27822394995019,0.7360590388998389
1582,0.13530300930142403,0.6709300214424729,0.1693779486231506,88.24807597557083,0.7665199809707701
1583,0.13720296556130052,0.6913060205988586,0.15525094931945205,69.04966401634738,0.7616860093548894
1584,0.13624102575704455,0.6756020011380315,0.15516101848334074,52.90197400609031,0.7253310177475214
1585,0.15912798698991537,0.6645540124736726,0.15051901573315263,67.66536895884201,0.7274179952219129
1586,0.13277598191052675,0.6970689864829183,0.15535298734903336,81.94322197232395,0.729563005734235
1587,0.13984000543132424,0.6426619947887957,0.1557210343889892,79.64380597695708,0.7275849930010736
1588,0.13537902850657701,0.6554960273206234,0.15242001973092556,53.0849689966999,0.7011500420048833
1589,0.14186400221660733,0.6912309909239411,0.3796389792114496,68.82562499959022,0.7282349979504943
1590,0.13595103519037366,0.6901840097270906,0.43801701394841075,78.38047400582582,0.7154779741540551
1591,0.14744600048288703,0.6413090159185231,0.37462601903826,63.995960052125156,0.7623530109412968
1592,0.1350410166196525,0.6941100000403821,0.44609600445255637,64.2658700235188,0.6997519521974027
1593,0.13816001592203975,0.684344966430217,0.1540060038678348,65.2108530048281,0.7515869801864028
1594,0.1333449617959559,0.6817840039730072,0.1540789962746203,65.82325202180073,0.7283960003405809
1595,0.13627001317217946,0.6619470077566803,0.3884720499627292,64.26213099621236,0.7299240096472204
1596,0.13605999993160367,0.6843740120530128,0.1529220025986433,74.31850198190659,0.7190459873527288
1597,0.13617199147120118,0.6833410006947815,0.15512999380007386,65.597583015915,0.7160359527915716
1598,0.13718201080337167,0.7040220079943538,0.39423996349796653,67.05062399851158,0.7334590191021562
1599,0.13316399417817593,0.6525070057250559,0.15675200847908854,65.635246981401,0.7640099502168596
1600,0.13321900041773915,0.6566699594259262,0.15580502804368734,65.90953201521188,0.7397679728455842
1601,0.135107955429703,0.7077609770931304,0.4377230070531368,69.44840599317104,0.7417990127578378
1602,0.13427500380203128,0.6895299884490669,0.1597380032762885,67.80970405088738,0.7585519924759865
1603,0.14577899128198624,1.428434974513948,0.15613395953550935,65.24378102039918,0.7664079894311726
1604,0.13543805107474327,0.7074970053508878,0.3985019866377115,66.92206999287009,0.718607974704355
1605,0.1374509884044528,0.6836139946244657,0.1664069714024663,70.01463399501517,0.7414370193146169
1606,0.13497303007170558,0.6535590509884059,0.15318900113925338,66.3281119777821,0.7295529940165579
1607,0.13752601807937026,0.6790979532524943,0.37293595960363746,66.04738399619237,0.7729170029051602
1608,0.13554200995713472,0.7021219935268164,0.1693590311333537,66.40170601895079,0.7198029779829085
1609,0.13778300490230322,0.679302029311657,0.1720780273899436,66.46475003799424,0.7401159964501858
1610,0.13699400005862117,0.788782024756074,0.42302196379750967,67.23012297879905,0.7151360041461885
1611,0.13781996676698327,0.6693879840895534,0.1740610459819436,66.49682199349627,0.74206996941939
1612,0.13818498700857162,0.675798044539988,0.1600849791429937,84.8639000323601,0.7350629894062877
1613,0.13573101023212075,0.6981629994697869,0.4375270218588412,66.93577097030357,0.729365972802043
1614,0.19757699919864535,0.6732830079272389,0.1545250415802002,66.67585298418999,0.7511680014431477
1615,0.1544589758850634,0.6764340214431286,0.16344297910109162,66.5274880011566,0.7363139884546399
1616,0.15398202231153846,0.6771649932488799,0.3768519964069128,68.43334203585982,0.7799390004947782
1617,0.14024903066456318,0.7161970133893192,0.17596397083252668,68.84453602833673,0.7152070174925029
1618,0.13918604236096144,0.6617530016228557,0.1553730107843876,65.64669904764742,0.7461359491571784
1619,0.16358302673324943,0.705377955455333,0.39723096415400505,66.52924296213314,0.7231649942696095
1620,0.14877895591780543,0.6958279991522431,0.17519999528303742,71.69520301977172,0.7233429932966828
1621,0.15777000226080418,0.6799689726904035,0.15239499043673277,68.40183498570696,0.7358270231634378
1622,0.13488699914887547,0.7059589843265712,0.3937160363420844,65.43952703941613,0.7663239957764745
1623,0.13425096403807402,0.6796789821237326,0.16927800606936216,66.78686599479988,0.7386319921351969
1624,0.13332301750779152,0.6804030272178352,0.15302997780963778,70.385864994023,0.7230329792946577
1625,0.1375689753331244,0.6877899868413806,0.3749359748326242,67.72309797815979,0.7011900306679308
1626,0.13746204786002636,0.6644130335189402,0.15344301937147975,66.86366401845589,0.7336440030485392
1627,0.15382596757262945,0.6938999867998064,0.160933006554842,67.6892030169256,0.7270469795912504
1628,0.14089897740632296,0.7073680171743035,0.37725496804341674,80.72291000280529,0.707706029061228
1629,0.1362109906040132,0.6852129590697587,0.15146099030971527,65.04954601405188,0.521957001183182
1630,0.11572701623663306,0.653669994790107,0.15151104889810085,65.30391797423363,0.7213089847937226
1631,0.1352099934592843,0.6926740170456469,0.15832699136808515,67.56452796980739,0.5794700118713081
1632,0.10168197331950068,0.6544290226884186,0.16513303853571415,54.55896502826363,0.7058820337988436
1633,0.13687199680134654,0.6539910100400448,0.15214295126497746,66.21312396600842,0.5294000147841871
1634,0.09809399489313364,0.6799770053476095,0.1555010094307363,68.52164299925789,0.7507689879275858
1635,0.1345310010947287,0.6878619897179306,0.1490929862484336,54.916938999667764,0.7209719624370337
1636,0.13747799675911665,0.6585770170204341,0.15351304318755865,65.6207999563776,0.7207439630292356
1637,0.13488397235050797,0.6719930097460747,0.15428900951519608,66.84200803283602,0.7495010504499078
1638,0.1377509906888008,0.6795329973101616,0.16878399765118957,55.38682802580297,0.7089389837346971
1639,0.1340750022791326,0.6449870415963233,0.15205098316073418,65.2457179967314,0.8077560341916978
1640,0.7064659730531275,16.914398001972586,0.1514300238341093,65.35888399230316,0.7184109999798238
1641,0.18840300617739558,0.6563829956576228,0.17054099589586258,53.651733964215964,0.9480399894528091
