Batch Id,mlp_up_proj,mlp_up_proj_all_gather,mlp_activation,mlp_down_proj,mlp_down_proj_all_reduce,attn_pre_proj,attn_pre_proj_all_gather,attn_post_proj,attn_post_proj_all_reduce,attn_kv_cache_save,attn,attn_prefill,attn_decode,attn_rope,attn_input_reshape,attn_output_reshape,embed_linear,embed_all_reduce,lm_head_linear,lm_head_all_gather,input_layernorm,post_attention_layernorm,norm,add,nccl_send,nccl_recv
0,0.579,,0.04,0.338,2.4125,0.41000000000000003,,0.125,3.519,,,0.07833333333333332,,,0.0,0.0016666666666666668,,,,,0.0205,0.0195,,,,
1,0.5894999999999999,,0.0405,0.3405,1.1405,0.4075,,0.126,1.4665,,,0.06275,0.0245,,0.0,0.00125,,,,,0.02,0.02,,,,
2,0.5845,,0.0405,0.3395,6.858,0.406,,0.125,4.013,,,0.07483333333333332,0.042499999999999996,,0.0,0.0015,,,,,0.0205,0.02,,,,
3,0.5745,,0.0405,0.338,1.7600000000000002,0.41300000000000003,,0.127,1.7515,,,0.09466666666666666,0.0625,,0.0,0.0016666666666666668,,,,,0.02,0.02,,,,
4,0.5800000000000001,,0.0405,0.34,1.0105,0.41250000000000003,,0.128,2.271,,,0.09983333333333333,0.0845,,0.0,0.0016666666666666668,,,,,0.02,0.019,,,,
5,0.5735,,0.0405,0.3415,2.31,0.40950000000000003,,0.1295,2.0905,,,0.23650000000000002,0.1055,,0.0,0.002,,,,,0.02,0.019,,,,
6,0.5725,,0.0405,0.3375,1.131,0.40950000000000003,,0.1295,2.471,,,0.1325,0.1075,,0.0,0.0016666666666666668,,,,,0.0205,0.019,,,,
7,0.5765,,0.0405,0.3375,1.1965000000000001,0.405,,0.1285,1.2685,,,0.08816666666666667,0.1535,,0.0,0.0013333333333333333,,,,,0.02,0.019,,,,
8,0.5720000000000001,,0.0405,0.337,1.7925000000000002,0.4055,,0.133,2.8890000000000002,,,0.06133333333333334,0.1675,,0.0,0.00125,,,,,0.0205,0.019,,,,
9,0.5780000000000001,,0.0405,0.337,2.008,0.4035,,0.1285,3.4525,,,0.07033333333333333,0.1955,,0.0,0.0015,,,,,0.02,0.019,,,,
10,0.5670000000000001,,0.0405,0.338,1.822,0.4025,,0.128,2.771,,,0.08633333333333333,0.226,,0.0,0.0016666666666666668,,,,,0.02,0.019,,,,
11,0.5710000000000001,,0.0405,0.338,1.658,0.40850000000000003,,0.1275,2.2775,,,0.239,0.2515,,0.0,0.002,,,,,0.02,0.019,,,,
12,0.5630000000000001,,0.04,0.3365,2.7515,0.4015,,0.1265,1.6855000000000002,,,0.16233333333333333,0.2555,,0.0,0.0016666666666666668,,,,,0.02,0.019,,,,
13,0.5650000000000001,,0.0405,0.339,1.7680000000000002,0.4045,,0.1265,2.01,,,0.214,0.3155,,0.0,0.002,,,,,0.02,0.019,,,,
14,0.5794999999999999,,0.0405,0.338,1.683,0.40650000000000003,,0.1245,11.3265,,,0.324,0.317,,0.0,0.002,,,,,0.0205,0.019,,,,
15,0.5670000000000001,,0.0405,0.3385,1.8080000000000003,0.4035,,0.126,3.6590000000000003,,,0.1295,0.318,,0.0,0.0016666666666666668,,,,,0.0205,0.019,,,,
16,0.5715000000000001,,0.0405,0.338,2.4755000000000003,0.404,,0.1265,7.4315,,,0.308,0.3585,,0.0,0.002,,,,,0.0205,0.019,,,,
17,0.5665,,0.0405,0.338,1.876,0.40800000000000003,,0.1255,2.9245,,,0.41250000000000003,0.359,,0.0,0.002,,,,,0.02,0.019,,,,
18,0.5695000000000001,,0.0405,0.3385,1.9755,0.40950000000000003,,0.127,2.616,,,0.5195000000000001,0.356,,0.0,0.002,,,,,0.0205,0.019,,,,
19,0.5665,,0.0405,0.3365,1.822,0.4045,,0.1245,3.6130000000000004,,,0.19066666666666668,0.357,,0.0,0.0016666666666666668,,,,,0.02,0.019,,,,
20,0.5660000000000001,,0.0405,0.3365,1.919,0.406,,0.126,2.2385,,,0.264,0.4625,,0.0,0.002,,,,,0.02,0.019,,,,
21,0.5745,,0.0405,0.3395,1.8485,0.4005,,0.1265,3.8470000000000004,,,0.07991666666666666,0.4605,,0.0,0.00125,,,,,0.02,0.019,,,,
22,0.5680000000000001,,0.0405,0.337,1.9465,0.4055,,0.127,2.6540000000000004,,,0.20700000000000002,0.509,,0.0,0.002,,,,,0.02,0.019,,,,
23,0.5755,,0.0405,0.337,1.8395000000000001,0.40750000000000003,,0.1255,3.935,,,0.07300000000000001,0.51,,0.0,0.0015,,,,,0.02,0.019,,,,
24,0.5690000000000001,,0.0405,0.3365,1.96,0.406,,0.1265,1.733,,,0.3015,0.5345,,0.0,0.002,,,,,0.021,0.019,,,,
25,0.5710000000000001,,0.0405,0.339,1.881,0.40650000000000003,,0.1275,3.1555,,,0.121,0.5315000000000001,,0.0,0.0016666666666666668,,,,,0.02,0.019,,,,
26,0.5725,,0.0405,0.337,1.854,0.40800000000000003,,0.1265,2.7809999999999997,,,0.2975,0.5715000000000001,,0.0,0.002,,,,,0.02,0.019,,,,
27,0.5700000000000001,,0.0405,0.337,1.877,0.4055,,0.1265,3.58,,,0.14450000000000002,0.5685,,0.0,0.0016666666666666668,,,,,0.02,0.019,,,,
28,0.5720000000000001,,0.0405,0.34,2.0425,0.40800000000000003,,0.126,1.536,,,0.265,0.6094999999999999,,0.0,0.002,,,,,0.0205,0.019,,,,
29,0.5725,,0.0405,0.334,1.852,0.4055,,0.128,3.0775,,,0.06583333333333333,0.6065,,0.0,0.00125,,,,,0.0205,0.019,,,,
30,0.5690000000000001,,0.0405,0.3365,1.923,0.40650000000000003,,0.123,2.5775,,,0.2465,0.651,,0.0,0.002,,,,,0.02,0.019,,,,
31,0.5650000000000001,,0.0405,0.338,1.802,0.40700000000000003,,0.127,4.651,,,0.34700000000000003,0.6505000000000001,,0.0,0.002,,,,,0.0205,0.019,,,,
32,0.5685,,0.0405,0.3375,1.8980000000000001,0.405,,0.126,2.7865,,,0.445,0.648,,0.0,0.002,,,,,0.02,0.019,,,,
33,0.5665,,0.0405,0.342,1.741,0.40850000000000003,,0.127,3.515,,,0.1718333333333333,0.652,,0.0,0.0016666666666666668,,,,,0.02,0.019,,,,
34,0.5680000000000001,,0.0405,0.3385,1.8935,0.40950000000000003,,0.1255,2.885,,,0.262,0.7064999999999999,,0.0,0.002,,,,,0.021,0.019,,,,
35,0.5680000000000001,,0.0405,0.3385,1.8635000000000002,0.40800000000000003,,0.1265,2.6980000000000004,,,0.3665,0.708,,0.0,0.002,,,,,0.0205,0.019,,,,
36,0.5665,,0.0405,0.3385,1.8995,0.405,,0.126,2.709,,,0.467,0.7025,,0.0,0.002,,,,,0.0205,0.019,,,,
37,0.5730000000000001,,0.0405,0.3405,1.671,0.40650000000000003,,0.126,5.601,,,0.18316666666666667,0.7115,,0.0,0.0016666666666666668,,,,,0.02,0.019,,,,
38,0.5715000000000001,,0.0405,0.338,1.4075000000000002,0.40950000000000003,,0.1245,1.6235,,,0.261,0.771,,0.0,0.002,,,,,0.02,0.019,,,,
39,0.581,,0.0405,0.3375,4.3305,0.40750000000000003,,0.1255,6.886500000000001,,,0.05941666666666666,0.7755000000000001,,0.0,0.001,,,,,0.02,0.019,,,,
40,0.5720000000000001,,0.0405,0.3375,1.328,0.40700000000000003,,0.125,1.8895000000000002,,,0.2565,0.8125,,0.0,0.002,,,,,0.021,0.019,,,,
41,0.5755,,0.0405,0.338,1.3405,0.40650000000000003,,0.128,1.959,,,0.08600000000000001,0.8105,,0.0,0.00125,,,,,0.02,0.019,,,,
42,0.5745,,0.0405,0.3395,3.1940000000000004,0.40750000000000003,,0.1265,6.890000000000001,,,0.23800000000000002,0.8525,,0.0,0.002,,,,,0.02,0.019,,,,
43,0.5715000000000001,,0.0405,0.334,3.1620000000000004,0.406,,0.1245,1.495,,,0.3365,0.851,,0.0,0.002,,,,,0.02,0.019,,,,
44,0.5675000000000001,,0.0405,0.3375,7.288,0.405,,0.1245,4.285,,,0.4385,0.852,,0.0,0.002,,,,,0.02,0.019,,,,
45,0.5670000000000001,,0.0405,0.339,2.224,0.4035,,0.126,3.9775,,,0.5395000000000001,0.845,,0.0,0.002,,,,,0.02,0.019,,,,
46,0.575,,0.0405,0.3375,3.1245000000000003,0.404,,0.126,8.118,,,0.15,0.849,,0.0,0.0016666666666666668,,,,,0.0205,0.019,,,,
47,0.5725,,0.04,0.3385,1.802,0.41050000000000003,,0.126,2.0135,,,0.11699999999999999,0.923,,0.0,0.0016666666666666668,,,,,0.02,0.019,,,,
48,0.5660000000000001,,0.0405,0.339,1.8824999999999998,0.4055,,0.1265,2.3415,,,0.308,0.933,,0.0,0.002,,,,,0.0205,0.019,,,,
49,0.5690000000000001,,0.0405,0.338,1.8405,0.406,,0.125,2.7875,,,0.17149999999999999,0.9365000000000001,,0.0,0.0016666666666666668,,,,,0.02,0.019,,,,
50,0.5705,,0.0405,0.339,1.167,0.40850000000000003,,0.1265,1.187,,,0.2335,0.9804999999999999,,0.0,0.002,,,,,0.0205,0.019,,,,
51,0.5720000000000001,,0.0405,0.3385,1.86,0.40750000000000003,,0.1265,2.2405,,,0.3415,0.967,,0.0,0.002,,,,,0.02,0.019,,,,
52,0.5710000000000001,,0.0405,0.338,1.3165,0.40950000000000003,,0.125,2.6430000000000002,,,0.16133333333333333,0.97,,0.0,0.0016666666666666668,,,,,0.02,0.019,,,,
53,0.5685,,0.0405,0.3355,2.344,0.405,,0.127,1.1035000000000001,,,0.2655,1.0165000000000002,,0.0,0.002,,,,,0.02,0.019,,,,
54,0.5720000000000001,,0.0405,0.337,1.2375,0.402,,0.127,1.2055,,,0.12883333333333333,1.0155,,0.0,0.0013333333333333333,,,,,0.0205,0.019,,,,
55,0.5765,,0.0405,0.338,9.352,0.40650000000000003,,0.123,17.044500000000003,,,0.06125,1.05,,0.0,0.00125,,,,,0.02,0.019,,,,
56,0.579,,0.0405,0.3375,3.703,0.404,,0.1275,13.759,,,0.281,1.063,,0.0,0.002,,,,,0.0205,0.019,,,,
57,0.5675000000000001,,0.0405,0.3385,1.7235,0.40700000000000003,,0.1275,1.147,,,0.39,1.0635,,0.0,0.002,,,,,0.02,0.019,,,,
58,0.5680000000000001,,0.0405,0.339,2.2880000000000003,0.404,,0.1275,1.7315,,,0.18283333333333338,1.0630000000000002,,0.0,0.0016666666666666668,,,,,0.021,0.019,,,,
59,0.5725,,0.0405,0.3375,1.6425,0.40650000000000003,,0.127,0.9870000000000001,,,0.2455,1.125,,0.0,0.002,,,,,0.02,0.019,,,,
60,0.5740000000000001,,0.0405,0.3375,1.885,0.40850000000000003,,0.127,1.2095,,,0.11483333333333334,1.1245,,0.0,0.0016666666666666668,,,,,0.02,0.019,,,,
61,0.5705,,0.0405,0.338,1.4135,0.41050000000000003,,0.126,1.0635000000000001,,,0.13183333333333336,1.147,,0.0,0.0016666666666666668,,,,,0.02,0.019,,,,
62,0.5750000000000001,,0.0405,0.338,0.9924999999999999,0.40700000000000003,,0.1255,1.1515,,,0.0715,1.176,,0.0,0.0015,,,,,0.0205,0.019,,,,
63,0.5710000000000001,,0.0405,0.337,1.7025000000000001,0.406,,0.1265,3.9885,,,0.10766666666666665,1.181,,0.0,0.0016666666666666668,,,,,0.02,0.019,,,,
64,0.5794999999999999,,0.0405,0.3395,1.4205,0.40700000000000003,,0.1245,3.7575000000000003,,,0.0655,1.2015,,0.0,0.00125,,,,,0.02,0.019,,,,
65,0.5720000000000001,,0.0405,0.3385,0.9420000000000001,0.41150000000000003,,0.128,0.9710000000000001,,,0.20900000000000002,1.2335,,0.0,0.002,,,,,0.0205,0.019,,,,
66,0.5705,,0.0405,0.3375,1.0310000000000001,0.40800000000000003,,0.125,2.94,,,0.319,1.2325,,0.0,0.002,,,,,0.02,0.019,,,,
67,0.5715000000000001,,0.0405,0.337,1.439,0.406,,0.126,1.995,,,0.12625,1.23,,0.0,0.0015,,,,,0.0205,0.019,,,,
68,0.5725,,0.0405,0.3395,2.2845,0.40700000000000003,,0.128,1.987,,,0.084,1.2839999999999998,,0.0,0.0013333333333333333,,,,,0.0205,0.019,,,,
69,0.5725,,0.0405,0.339,1.835,0.405,,0.1255,0.954,,,0.2445,1.2970000000000002,,0.0,0.002,,,,,0.0205,0.019,,,,
70,0.5690000000000001,,0.04,0.339,1.454,0.40900000000000003,,0.1255,1.7245,,,0.34800000000000003,1.2955,,0.0,0.002,,,,,0.0205,0.019,,,,
71,0.5755,,0.0405,0.337,1.0090000000000001,0.40650000000000003,,0.1245,2.02,,,0.448,1.2965,,0.0,0.002,,,,,0.02,0.019,,,,
72,0.5735000000000001,,0.0405,0.3405,1.7790000000000001,0.4045,,0.1245,2.172,,,0.552,1.2925,,0.0,0.002,,,,,0.0205,0.019,,,,
73,0.5705,,0.0405,0.339,1.4715,0.40650000000000003,,0.1265,1.2765,,,0.15516666666666667,1.295,,0.0,0.0016666666666666668,,,,,0.0205,0.019,,,,
74,0.5720000000000001,,0.0405,0.3375,0.9705,0.40700000000000003,,0.1235,1.6550000000000002,,,0.297,1.3795000000000002,,0.0,0.002,,,,,0.0205,0.019,,,,
75,0.5710000000000001,,0.0405,0.339,2.0405,0.40700000000000003,,0.1245,1.7215,,,0.401,1.3805,,0.0,0.002,,,,,0.02,0.019,,,,
76,0.5735000000000001,,0.0405,0.34,1.4125,0.41000000000000003,,0.126,1.834,,,0.13583333333333333,1.333,,0.0,0.0013333333333333333,,,,,0.0205,0.019,,,,
77,0.5760000000000001,,0.0405,0.3405,0.9380000000000001,0.40650000000000003,,0.127,2.174,,,0.058833333333333335,1.391,,0.0,0.00125,,,,,0.02,0.019,,,,
78,0.5740000000000001,,0.0405,0.3395,1.306,0.404,,0.127,2.3605,,,0.226,1.42,,0.0,0.002,,,,,0.0205,0.019,,,,
79,0.5700000000000001,,0.0405,0.338,1.507,0.41300000000000003,,0.128,1.4195000000000002,,,0.323,1.4215,,0.0,0.002,,,,,0.02,0.019,,,,
80,0.5710000000000001,,0.0405,0.3365,1.308,0.402,,0.1265,5.901,,,0.4255,1.4209999999999998,,0.0,0.002,,,,,0.0205,0.019,,,,
81,0.5725,,0.0405,0.337,1.811,0.404,,0.1255,2.005,,,0.536,1.42,,0.0,0.002,,,,,0.02,0.019,,,,
82,0.5680000000000001,,0.04,0.3395,1.1925,0.40800000000000003,,0.1245,2.3115,,,0.21183333333333332,1.4224999999999999,,0.0,0.0016666666666666668,,,,,0.0205,0.019,,,,
83,0.5730000000000001,,0.0405,0.3385,0.9515,0.41050000000000003,,0.1275,1.967,,,0.2535,1.497,,0.0,0.002,,,,,0.0205,0.019,,,,
84,0.5715000000000001,,0.0385,0.3375,1.7335,0.4035,,0.14,3.0909999999999997,,,0.08141666666666666,1.496,,0.0,0.0015,,,,,0.02,0.019,,,,
85,0.139,,0.002,0.0665,4.010000000000001,0.075,,0.025,1.829,,,,1.4705,,0.0,0.001,,,,,0.003,0.003,,,,
86,0.1375,,0.002,0.0665,0.335,0.075,,0.025,4.4395,,,,1.474,,0.0,0.001,,,,,0.003,0.003,,,,
87,0.138,,0.002,0.0665,0.925,0.075,,0.025,1.2495,,,,1.4715,,0.0,0.001,,,,,0.003,0.0025,,,,
88,0.1375,,0.002,0.0665,0.6475,0.075,,0.025,2.0,,,,1.472,,0.0,0.001,,,,,0.003,0.003,,,,
89,0.137,,0.002,0.0665,0.224,0.075,,0.025,0.87,,,,1.4705,,0.0,0.001,,,,,0.003,0.0025,,,,
90,0.138,,0.002,0.0665,0.864,0.075,,0.025,1.3975,,,,1.475,,0.0,0.001,,,,,0.003,0.003,,,,
91,0.138,,0.002,0.0665,1.237,0.075,,0.025,1.8825,,,,1.4745,,0.0,0.001,,,,,0.003,0.003,,,,
92,0.137,,0.002,0.0665,0.5055,0.075,,0.025,1.058,,,,1.4729999999999999,,0.0,0.001,,,,,0.003,0.003,,,,
93,0.139,,0.002,0.0665,0.49100000000000005,0.075,,0.025,0.31100000000000005,,,,1.4769999999999999,,0.0,0.001,,,,,0.003,0.002,,,,
94,0.137,,0.002,0.0665,7.645,0.075,,0.025,0.4255,,,,1.472,,0.0,0.001,,,,,0.003,0.003,,,,
95,0.1375,,0.002,0.0665,0.109,0.0755,,0.025,3.0965,,,,1.4729999999999999,,0.0,0.001,,,,,0.003,0.0025,,,,
96,0.1385,,0.002,0.0665,1.4044999999999999,0.075,,0.025,0.2795,,,,1.4765000000000001,,0.0,0.001,,,,,0.003,0.0025,,,,
97,0.138,,0.002,0.0665,0.123,0.075,,0.025,0.0935,,,,1.475,,0.0,0.001,,,,,0.003,0.003,,,,
98,0.1385,,0.002,0.0665,0.2915,0.075,,0.025,0.38,,,,1.4805000000000001,,0.0,0.001,,,,,0.003,0.0025,,,,
99,0.138,,0.002,0.0665,1.038,0.075,,0.025,1.1115,,,,1.4845000000000002,,0.0,0.001,,,,,0.003,0.0025,,,,
100,0.5715000000000001,,0.0405,0.336,1.178,0.40700000000000003,,0.125,9.403,,,0.09883333333333333,1.508,,0.0,0.0016666666666666668,,,,,0.0205,0.019,,,,
101,0.424,,0.014,0.188,0.606,0.28150000000000003,,0.07100000000000001,9.665,,,0.046000000000000006,1.5235,,0.0,0.0013333333333333333,,,,,0.013000000000000001,0.013000000000000001,,,,
102,0.1375,,0.002,0.0665,0.808,0.075,,0.025,0.629,,,,1.475,,0.0,0.001,,,,,0.003,0.0025,,,,
103,0.138,,0.002,0.0665,0.662,0.075,,0.025,0.429,,,,1.4725000000000001,,0.0,0.001,,,,,0.003,0.0025,,,,
104,0.138,,0.002,0.0665,0.30600000000000005,0.075,,0.025,0.885,,,,1.4695,,0.0,0.001,,,,,0.003,0.003,,,,
105,0.138,,0.002,0.067,7.923500000000001,0.075,,0.025,10.55,,,,1.4745,,0.0,0.001,,,,,0.003,0.0025,,,,
106,0.138,,0.002,0.0665,0.665,0.075,,0.025,0.3665,,,,1.4769999999999999,,0.0,0.001,,,,,0.003,0.0025,,,,
107,0.138,,0.002,0.0665,0.184,0.075,,0.025,0.46649999999999997,,,,1.475,,0.0,0.001,,,,,0.003,0.003,,,,
108,0.138,,0.002,0.0665,0.8615,0.075,,0.025,3.6035,,,,1.476,,0.0,0.001,,,,,0.003,0.003,,,,
109,0.138,,0.002,0.0665,0.2755,0.075,,0.025,0.2,,,,1.4745,,0.0,0.001,,,,,0.003,0.003,,,,
110,0.138,,0.002,0.0665,0.3925,0.075,,0.025,3.3280000000000003,,,,1.4785,,0.0,0.001,,,,,0.003,0.003,,,,
111,0.138,,0.002,0.0665,0.787,0.075,,0.025,0.1165,,,,1.48,,0.0,0.001,,,,,0.003,0.003,,,,
112,0.1385,,0.002,0.0665,2.8395,0.075,,0.025,0.8845,,,,1.4740000000000002,,0.0,0.001,,,,,0.003,0.0025,,,,
113,0.1375,,0.002,0.0665,0.494,0.075,,0.025,0.9235,,,,1.476,,0.0,0.001,,,,,0.003,0.003,,,,
114,0.138,,0.002,0.0665,0.46799999999999997,0.075,,0.025,3.0255,,,,1.477,,0.0,0.001,,,,,0.003,0.0025,,,,
115,0.1385,,0.002,0.0665,0.20800000000000002,0.075,,0.025,1.4224999999999999,,,,1.4765000000000001,,0.0,0.001,,,,,0.003,0.0025,,,,
116,0.138,,0.002,0.0665,0.5565,0.075,,0.025,0.8965000000000001,,,,1.479,,0.0,0.001,,,,,0.003,0.003,,,,
117,0.138,,0.002,0.0665,0.9470000000000001,0.075,,0.025,0.6075,,,,1.48,,0.0,0.001,,,,,0.003,0.003,,,,
118,0.138,,0.002,0.067,6.863,0.075,,0.025,0.2565,,,,1.4815,,0.0,0.001,,,,,0.003,0.0025,,,,
119,0.138,,0.002,0.0665,0.23600000000000002,0.075,,0.025,1.245,,,,1.478,,0.0,0.001,,,,,0.003,0.003,,,,
120,0.138,,0.002,0.0665,6.005,0.075,,0.025,2.2870000000000004,,,,1.4835,,0.0,0.001,,,,,0.003,0.0025,,,,
121,0.139,,0.002,0.067,1.8780000000000001,0.075,,0.025,0.604,,,,1.482,,0.0,0.001,,,,,0.003,0.003,,,,
122,0.1375,,0.002,0.0665,1.2475,0.075,,0.025,0.226,,,,1.488,,0.0,0.001,,,,,0.003,0.003,,,,
123,0.138,,0.002,0.0665,1.2915,0.075,,0.025,0.2765,,,,1.4875,,0.0,0.001,,,,,0.003,0.003,,,,
124,0.138,,0.002,0.0665,2.1415,0.075,,0.025,0.302,,,,1.4849999999999999,,0.0,0.001,,,,,0.003,0.003,,,,
125,0.1385,,0.002,0.0665,0.258,0.075,,0.025,0.28700000000000003,,,,1.494,,0.0,0.001,,,,,0.003,0.003,,,,
126,0.1385,,0.002,0.0665,0.46049999999999996,0.075,,0.025,0.1775,,,,1.4885000000000002,,0.0,0.001,,,,,0.003,0.002,,,,
127,0.138,,0.002,0.0665,0.7915,0.075,,0.025,0.392,,,,1.4905,,0.0,0.001,,,,,0.003,0.003,,,,
128,0.138,,0.002,0.0665,0.413,0.075,,0.025,3.247,,,,1.4889999999999999,,0.0,0.001,,,,,0.003,0.003,,,,
129,0.138,,0.002,0.0665,0.22449999999999998,0.075,,0.025,0.6385,,,,1.4925000000000002,,0.0,0.001,,,,,0.003,0.003,,,,
130,0.138,,0.002,0.0665,0.9495,0.075,,0.025,0.23249999999999998,,,,1.4905,,0.0,0.001,,,,,0.003,0.003,,,,
131,0.138,,0.002,0.0665,9.438,0.075,,0.025,5.7805,,,,1.4895,,0.0,0.001,,,,,0.003,0.0025,,,,
132,0.138,,0.002,0.0665,0.5615,0.075,,0.025,1.8405,,,,1.491,,0.0,0.001,,,,,0.003,0.003,,,,
133,0.138,,0.002,0.0665,5.3965,0.075,,0.025,6.911499999999999,,,,1.4945,,0.0,0.001,,,,,0.003,0.0025,,,,
134,0.1385,,0.002,0.0665,2.2435,0.075,,0.025,0.196,,,,1.4935,,0.0,0.001,,,,,0.003,0.003,,,,
135,0.138,,0.002,0.0665,0.547,0.075,,0.025,0.20800000000000002,,,,1.4955,,0.0,0.001,,,,,0.003,0.003,,,,
136,0.139,,0.002,0.0665,1.2645000000000002,0.075,,0.025,0.39849999999999997,,,,1.4935,,0.0,0.001,,,,,0.003,0.0025,,,,
137,0.1385,,0.002,0.0665,0.5205000000000001,0.075,,0.025,0.8425,,,,1.497,,0.0,0.001,,,,,0.003,0.003,,,,
138,0.138,,0.002,0.0665,0.6795,0.075,,0.025,2.0540000000000003,,,,1.4995,,0.0,0.001,,,,,0.003,0.003,,,,
139,0.138,,0.002,0.0665,1.3270000000000002,0.075,,0.025,0.6675,,,,1.4940000000000002,,0.0,0.001,,,,,0.003,0.003,,,,
140,0.138,,0.002,0.0665,0.9465,0.075,,0.025,0.9305,,,,1.4955,,0.0,0.001,,,,,0.003,0.003,,,,
141,0.138,,0.002,0.0665,4.2955000000000005,0.075,,0.025,2.1345,,,,1.499,,0.0,0.001,,,,,0.003,0.003,,,,
142,0.1385,,0.002,0.0665,0.9650000000000001,0.075,,0.025,0.362,,,,1.496,,0.0,0.001,,,,,0.003,0.003,,,,
143,0.138,,0.002,0.0665,0.616,0.075,,0.025,0.9,,,,1.5010000000000001,,0.0,0.001,,,,,0.003,0.0025,,,,
144,0.138,,0.0025,0.0665,0.4375,0.075,,0.025,2.2645000000000004,,,,1.4889999999999999,,0.0,0.001,,,,,0.003,0.0025,,,,
145,0.138,,0.002,0.0665,0.098,0.075,,0.025,0.2515,,,,1.489,,0.0,0.001,,,,,0.003,0.0025,,,,
146,0.138,,0.002,0.0665,4.0195,0.075,,0.025,1.7405000000000002,,,,1.4865,,0.0,0.001,,,,,0.003,0.003,,,,
147,0.138,,0.002,0.0665,3.988,0.075,,0.025,0.16899999999999998,,,,1.49,,0.0,0.001,,,,,0.003,0.003,,,,
148,0.137,,0.002,0.0665,0.152,0.075,,0.025,0.124,,,,1.4905,,0.0,0.001,,,,,0.003,0.003,,,,
149,0.1375,,0.002,0.0665,0.5900000000000001,0.075,,0.025,0.2725,,,,1.494,,0.0,0.001,,,,,0.003,0.0025,,,,
150,0.138,,0.002,0.0665,1.6545,0.075,,0.025,0.8975000000000001,,,,1.49,,0.0,0.001,,,,,0.003,0.003,,,,
151,0.138,,0.002,0.0665,3.102,0.075,,0.025,3.628,,,,1.4965000000000002,,0.0,0.001,,,,,0.003,0.003,,,,
152,0.1375,,0.002,0.066,0.6175,0.075,,0.025,2.885,,,,1.491,,0.0,0.001,,,,,0.003,0.003,,,,
153,0.138,,0.002,0.0665,0.6435,0.075,,0.025,0.5785,,,,1.4875,,0.0,0.001,,,,,0.003,0.0025,,,,
154,0.138,,0.002,0.0665,0.0975,0.075,,0.025,0.14300000000000002,,,,1.492,,0.0,0.001,,,,,0.003,0.003,,,,
155,0.138,,0.0025,0.0665,0.5995,0.075,,0.025,0.8855,,,,1.495,,0.0,0.001,,,,,0.003,0.003,,,,
156,0.138,,0.002,0.0665,0.45999999999999996,0.075,,0.025,4.066000000000001,,,,1.4955,,0.0,0.001,,,,,0.003,0.003,,,,
157,0.1375,,0.002,0.0665,0.152,0.075,,0.025,1.6125,,,,1.4905,,0.0,0.001,,,,,0.003,0.003,,,,
158,0.138,,0.002,0.0665,1.0525,0.075,,0.025,0.4395,,,,1.4945,,0.0,0.001,,,,,0.003,0.003,,,,
159,0.1375,,0.002,0.0665,0.5615,0.075,,0.025,2.4645,,,,1.495,,0.0,0.001,,,,,0.003,0.003,,,,
160,0.1375,,0.002,0.0665,2.8495000000000004,0.075,,0.025,4.226500000000001,,,,1.4980000000000002,,0.0,0.001,,,,,0.003,0.003,,,,
161,0.1375,,0.002,0.0665,1.399,0.075,,0.025,0.6165,,,,1.496,,0.0,0.001,,,,,0.003,0.003,,,,
162,0.1375,,0.002,0.0665,0.5515000000000001,0.075,,0.025,8.475000000000001,,,,1.499,,0.0,0.001,,,,,0.003,0.0025,,,,
163,0.138,,0.002,0.0665,0.1585,0.075,,0.025,2.2445,,,,1.4995,,0.0,0.001,,,,,0.003,0.002,,,,
164,0.138,,0.002,0.0665,1.2195,0.075,,0.025,0.89,,,,1.5005000000000002,,0.0,0.001,,,,,0.003,0.0025,,,,
165,0.138,,0.002,0.0665,0.39799999999999996,0.075,,0.025,0.1945,,,,1.499,,0.0,0.001,,,,,0.003,0.002,,,,
166,0.138,,0.002,0.0665,0.912,0.0755,,0.025,0.1255,,,,1.5015,,0.0,0.001,,,,,0.003,0.0025,,,,
167,0.138,,0.002,0.0665,0.804,0.075,,0.025,0.8525,,,,1.5,,0.0,0.001,,,,,0.003,0.003,,,,
168,0.139,,0.002,0.0665,1.081,0.075,,0.025,0.21450000000000002,,,,1.5005000000000002,,0.0,0.001,,,,,0.003,0.003,,,,
169,0.138,,0.002,0.0665,0.1585,0.075,,0.025,2.0145,,,,1.493,,0.0,0.001,,,,,0.003,0.003,,,,
170,0.138,,0.002,0.0665,0.17800000000000002,0.075,,0.025,0.743,,,,1.491,,0.0,0.001,,,,,0.003,0.002,,,,
171,0.1605,,0.005,0.078,0.576,0.099,,0.0335,1.1864999999999999,,,0.018000000000000002,1.5,,0.0,0.001,,,,,0.005,0.005,,,,
172,0.1385,,0.002,0.0665,0.101,0.075,,0.025,0.46299999999999997,,,,1.4835,,0.0,0.001,,,,,0.003,0.002,,,,
173,0.138,,0.002,0.0665,1.1495,0.075,,0.025,1.9095000000000002,,,,1.4845000000000002,,0.0,0.001,,,,,0.003,0.003,,,,
174,0.1385,,0.002,0.0665,0.4355,0.075,,0.025,0.2705,,,,1.4809999999999999,,0.0,0.001,,,,,0.003,0.003,,,,
175,0.138,,0.002,0.0665,0.189,0.075,,0.025,1.7055,,,,1.484,,0.0,0.001,,,,,0.003,0.003,,,,
176,0.138,,0.002,0.0665,0.5465,0.075,,0.025,0.24,,,,1.485,,0.0,0.001,,,,,0.003,0.0025,,,,
177,0.138,,0.002,0.067,0.4705,0.075,,0.025,0.8995000000000001,,,,1.4815,,0.0,0.001,,,,,0.003,0.003,,,,
178,0.1385,,0.002,0.0665,0.693,0.075,,0.025,0.5980000000000001,,,,1.485,,0.0,0.001,,,,,0.003,0.0025,,,,
179,0.138,,0.002,0.0665,4.2915,0.075,,0.025,5.099,,,,1.4805000000000001,,0.0,0.001,,,,,0.003,0.003,,,,
180,0.138,,0.002,0.0665,0.5595,0.075,,0.025,0.379,,,,1.4855,,0.0,0.001,,,,,0.003,0.003,,,,
181,0.1375,,0.002,0.0665,1.2925,0.075,,0.025,0.387,,,,1.4895,,0.0,0.001,,,,,0.003,0.0025,,,,
182,0.138,,0.002,0.0665,0.885,0.075,,0.025,1.4155,,,,1.4905,,0.0,0.001,,,,,0.003,0.003,,,,
183,0.138,,0.002,0.0665,0.17800000000000002,0.075,,0.025,0.2675,,,,1.488,,0.0,0.001,,,,,0.003,0.002,,,,
184,0.1395,,0.002,0.067,0.6315000000000001,0.075,,0.025,0.391,,,,1.4865,,0.0,0.001,,,,,0.003,0.003,,,,
185,0.138,,0.002,0.0665,1.8685,0.075,,0.025,0.23249999999999998,,,,1.4905,,0.0,0.001,,,,,0.003,0.0025,,,,
186,0.579,,0.0405,0.3365,1.102,0.406,,0.125,2.146,,,0.09050000000000001,1.5235,,0.0,0.0016666666666666668,,,,,0.021,0.019,,,,
187,0.20800000000000002,,0.008,0.089,0.5935,0.131,,0.0385,1.373,,,0.042,1.516,,0.0,0.001,,,,,0.008,0.007,,,,
188,0.1375,,0.002,0.0665,1.0075,0.075,,0.025,0.34950000000000003,,,,1.479,,0.0,0.001,,,,,0.003,0.0025,,,,
189,0.138,,0.002,0.0665,2.256,0.075,,0.025,0.126,,,,1.4780000000000002,,0.0,0.001,,,,,0.003,0.003,,,,
190,0.138,,0.002,0.0665,0.275,0.075,,0.025,2.8405000000000005,,,,1.478,,0.0,0.001,,,,,0.003,0.0025,,,,
191,0.138,,0.002,0.066,0.258,0.075,,0.025,0.118,,,,1.48,,0.0,0.001,,,,,0.003,0.003,,,,
192,0.138,,0.002,0.0665,0.5705,0.075,,0.025,0.5730000000000001,,,,1.4735,,0.0,0.001,,,,,0.003,0.003,,,,
193,0.1375,,0.002,0.0665,0.4885,0.075,,0.025,0.257,,,,1.477,,0.0,0.001,,,,,0.003,0.0025,,,,
194,0.138,,0.002,0.0665,0.14150000000000001,0.075,,0.025,0.1095,,,,1.483,,0.0,0.001,,,,,0.003,0.003,,,,
195,0.5800000000000001,,0.0405,0.337,0.978,0.41050000000000003,,0.1245,2.445,,,0.198,1.532,,0.0,0.002,,,,,0.021,0.019,,,,
196,0.1745,,0.006,0.0945,0.249,0.109,,0.0325,2.0100000000000002,,,0.0615,1.4925000000000002,,0.0,0.001,,,,,0.006,0.006,,,,
197,0.1375,,0.002,0.0665,0.17,0.075,,0.025,2.275,,,,1.4865,,0.0,0.001,,,,,0.003,0.003,,,,
198,0.138,,0.002,0.0665,2.6430000000000002,0.075,,0.025,2.5050000000000003,,,,1.481,,0.0,0.001,,,,,0.003,0.003,,,,
199,0.1375,,0.002,0.0665,1.5330000000000001,0.075,,0.025,3.123,,,,1.486,,0.0,0.001,,,,,0.003,0.003,,,,
200,0.138,,0.002,0.0665,0.10950000000000001,0.075,,0.025,0.10400000000000001,,,,1.4835,,0.0,0.001,,,,,0.003,0.002,,,,
201,0.1375,,0.002,0.0665,0.3265,0.075,,0.025,0.425,,,,1.491,,0.0,0.001,,,,,0.003,0.0025,,,,
202,0.1375,,0.002,0.0665,0.6140000000000001,0.075,,0.025,0.891,,,,1.471,,0.0,0.001,,,,,0.003,0.003,,,,
203,0.1375,,0.002,0.0665,1.6235,0.075,,0.025,3.5595,,,,1.4780000000000002,,0.0,0.001,,,,,0.003,0.0025,,,,
204,0.138,,0.002,0.0665,0.4375,0.075,,0.025,0.955,,,,1.4775,,0.0,0.001,,,,,0.003,0.0025,,,,
205,0.1385,,0.002,0.0665,0.4075,0.075,,0.025,0.6625000000000001,,,,1.4769999999999999,,0.0,0.001,,,,,0.003,0.0025,,,,
206,0.138,,0.002,0.0665,0.21600000000000003,0.075,,0.025,3.3770000000000002,,,,1.478,,0.0,0.001,,,,,0.003,0.0025,,,,
207,0.1385,,0.002,0.067,0.2355,0.075,,0.025,0.138,,,,1.4745,,0.0,0.001,,,,,0.003,0.0025,,,,
208,0.1375,,0.002,0.0665,0.2985,0.075,,0.025,0.3205,,,,1.4755,,0.0,0.001,,,,,0.003,0.003,,,,
209,0.138,,0.002,0.0665,2.777,0.075,,0.025,0.5385,,,,1.4785,,0.0,0.001,,,,,0.003,0.0025,,,,
210,0.138,,0.002,0.0665,0.40399999999999997,0.075,,0.025,3.3935000000000004,,,,1.4809999999999999,,0.0,0.001,,,,,0.003,0.0025,,,,
211,0.1375,,0.002,0.0665,0.4095,0.075,,0.025,0.33399999999999996,,,,1.4780000000000002,,0.0,0.001,,,,,0.003,0.003,,,,
212,0.1375,,0.002,0.0665,2.959,0.075,,0.025,4.992500000000001,,,,1.4805000000000001,,0.0,0.001,,,,,0.003,0.0025,,,,
213,0.1385,,0.002,0.0665,0.4385,0.075,,0.025,3.2565000000000004,,,,1.4780000000000002,,0.0,0.001,,,,,0.003,0.003,,,,
214,0.1385,,0.002,0.0665,0.632,0.075,,0.025,0.5635,,,,1.484,,0.0,0.001,,,,,0.003,0.003,,,,
215,0.1385,,0.002,0.067,0.6990000000000001,0.075,,0.025,0.348,,,,1.4805000000000001,,0.0,0.001,,,,,0.003,0.003,,,,
216,0.138,,0.002,0.0665,0.5315,0.075,,0.025,0.8945000000000001,,,,1.48,,0.0,0.001,,,,,0.003,0.003,,,,
217,0.1385,,0.002,0.0665,1.668,0.075,,0.025,0.269,,,,1.481,,0.0,0.001,,,,,0.003,0.003,,,,
218,0.138,,0.002,0.0665,0.549,0.075,,0.025,0.5435,,,,1.479,,0.0,0.001,,,,,0.003,0.003,,,,
219,0.138,,0.002,0.0665,0.978,0.075,,0.025,0.221,,,,1.479,,0.0,0.001,,,,,0.003,0.0025,,,,
220,0.138,,0.002,0.0665,2.87,0.075,,0.025,7.992,,,,1.4815,,0.0,0.001,,,,,0.003,0.003,,,,
221,0.138,,0.002,0.0665,0.5720000000000001,0.075,,0.025,0.5955,,,,1.479,,0.0,0.001,,,,,0.003,0.002,,,,
222,0.138,,0.0025,0.0665,1.5445000000000002,0.075,,0.025,0.541,,,,1.4820000000000002,,0.0,0.001,,,,,0.003,0.0025,,,,
223,0.1385,,0.002,0.0665,0.5700000000000001,0.075,,0.025,2.336,,,,1.4820000000000002,,0.0,0.001,,,,,0.003,0.0025,,,,
224,0.138,,0.002,0.0665,0.5755,0.075,,0.025,1.619,,,,1.4825,,0.0,0.001,,,,,0.003,0.003,,,,
225,0.138,,0.002,0.0665,0.627,0.075,,0.025,0.968,,,,1.4865,,0.0,0.001,,,,,0.003,0.002,,,,
226,0.1375,,0.002,0.066,1.693,0.075,,0.025,1.7975,,,,1.487,,0.0,0.001,,,,,0.003,0.003,,,,
227,0.1375,,0.002,0.0665,0.167,0.075,,0.025,0.7445,,,,1.4825,,0.0,0.001,,,,,0.003,0.0025,,,,
228,0.1385,,0.002,0.0665,3.2545,0.075,,0.025,3.8645000000000005,,,,1.487,,0.0,0.001,,,,,0.003,0.003,,,,
229,0.138,,0.002,0.0665,0.6965,0.075,,0.025,0.409,,,,1.4825,,0.0,0.001,,,,,0.003,0.003,,,,
230,0.1375,,0.002,0.0665,0.496,0.075,,0.025,2.8030000000000004,,,,1.4875,,0.0,0.001,,,,,0.003,0.003,,,,
231,0.138,,0.002,0.0665,0.485,0.075,,0.025,1.6815,,,,1.4940000000000002,,0.0,0.001,,,,,0.003,0.0025,,,,
232,0.138,,0.002,0.0665,0.6805000000000001,0.075,,0.025,1.1844999999999999,,,,1.491,,0.0,0.001,,,,,0.003,0.0025,,,,
233,0.138,,0.002,0.0665,1.153,0.075,,0.025,1.2395,,,,1.4905,,0.0,0.001,,,,,0.003,0.003,,,,
234,0.138,,0.002,0.0665,0.3775,0.075,,0.025,3.0755000000000003,,,,1.4905,,0.0,0.001,,,,,0.003,0.002,,,,
235,0.138,,0.002,0.0665,0.36,0.075,,0.025,1.6645,,,,1.4865,,0.0,0.001,,,,,0.003,0.003,,,,
236,0.138,,0.002,0.0665,4.531000000000001,0.075,,0.025,4.614999999999999,,,,1.4895,,0.0,0.001,,,,,0.003,0.003,,,,
237,0.138,,0.002,0.0665,0.1945,0.075,,0.025,0.9265000000000001,,,,1.492,,0.0,0.001,,,,,0.003,0.003,,,,
238,0.138,,0.002,0.0665,0.33299999999999996,0.0755,,0.025,2.279,,,,1.489,,0.0,0.001,,,,,0.003,0.003,,,,
239,0.1375,,0.0025,0.0665,1.382,0.075,,0.025,0.772,,,,1.492,,0.0,0.001,,,,,0.003,0.003,,,,
240,0.138,,0.002,0.0665,0.5335,0.075,,0.025,2.9635000000000002,,,,1.4925000000000002,,0.0,0.001,,,,,0.003,0.0025,,,,
241,0.138,,0.002,0.0665,0.3755,0.075,,0.025,0.8275,,,,1.4915,,0.0,0.001,,,,,0.003,0.0025,,,,
242,0.138,,0.002,0.0665,0.7280000000000001,0.075,,0.025,0.5345,,,,1.4945,,0.0,0.001,,,,,0.003,0.0025,,,,
243,0.1385,,0.002,0.0665,0.803,0.075,,0.025,1.3479999999999999,,,,1.4940000000000002,,0.0,0.001,,,,,0.003,0.0025,,,,
244,0.1385,,0.002,0.0665,2.2115,0.0755,,0.025,8.0485,,,,1.4929999999999999,,0.0,0.001,,,,,0.003,0.003,,,,
245,0.138,,0.002,0.0665,0.6105,0.075,,0.025,0.7380000000000001,,,,1.5,,0.0,0.001,,,,,0.003,0.0025,,,,
246,0.1385,,0.002,0.0665,0.551,0.075,,0.025,1.387,,,,1.4925000000000002,,0.0,0.001,,,,,0.003,0.003,,,,
247,0.1375,,0.002,0.0665,0.5589999999999999,0.075,,0.025,3.5610000000000004,,,,1.5005000000000002,,0.0,0.001,,,,,0.003,0.003,,,,
248,0.138,,0.002,0.0665,0.6635,0.075,,0.025,0.815,,,,1.4965000000000002,,0.0,0.001,,,,,0.003,0.0025,,,,
249,0.1385,,0.002,0.0665,3.7765,0.075,,0.025,3.4265,,,,1.4785,,0.0,0.001,,,,,0.003,0.003,,,,
250,0.138,,0.002,0.067,8.236,0.075,,0.025,3.434,,,,1.4805000000000001,,0.0,0.001,,,,,0.003,0.003,,,,
251,0.1375,,0.002,0.0665,1.2209999999999999,0.075,,0.025,0.5865,,,,1.4815,,0.0,0.001,,,,,0.003,0.0025,,,,
252,0.138,,0.002,0.0665,3.4025,0.075,,0.025,3.654,,,,1.4795,,0.0,0.001,,,,,0.003,0.003,,,,
253,0.138,,0.002,0.0665,0.46849999999999997,0.075,,0.025,0.899,,,,1.481,,0.0,0.001,,,,,0.003,0.0025,,,,
254,0.1375,,0.002,0.0665,0.5825,0.075,,0.025,0.7075,,,,1.4805000000000001,,0.0,0.001,,,,,0.003,0.002,,,,
255,0.138,,0.002,0.0665,2.9525,0.075,,0.025,0.3,,,,1.4865,,0.0,0.001,,,,,0.003,0.0025,,,,
256,0.138,,0.002,0.0665,0.18550000000000003,0.075,,0.025,1.096,,,,1.4820000000000002,,0.0,0.001,,,,,0.003,0.0025,,,,
257,0.138,,0.002,0.0665,0.664,0.075,,0.025,0.22249999999999998,,,,1.4835,,0.0,0.001,,,,,0.003,0.0025,,,,
258,0.1385,,0.002,0.0665,1.4725000000000001,0.075,,0.025,0.9460000000000001,,,,1.4875,,0.0,0.001,,,,,0.003,0.0025,,,,
259,0.138,,0.002,0.0665,0.6675,0.075,,0.025,1.3525,,,,1.486,,0.0,0.001,,,,,0.003,0.0025,,,,
260,0.138,,0.002,0.0665,1.6165,0.075,,0.025,2.3385,,,,1.4845000000000002,,0.0,0.001,,,,,0.003,0.0025,,,,
261,0.138,,0.002,0.067,1.5939999999999999,0.075,,0.025,0.518,,,,1.487,,0.0,0.001,,,,,0.003,0.0025,,,,
262,0.1375,,0.002,0.0665,0.5920000000000001,0.075,,0.025,0.9965,,,,1.489,,0.0,0.001,,,,,0.003,0.003,,,,
263,0.138,,0.002,0.0665,0.2245,0.075,,0.025,0.1495,,,,1.4849999999999999,,0.0,0.001,,,,,0.003,0.003,,,,
264,0.1375,,0.002,0.0665,0.447,0.075,,0.025,2.324,,,,1.4865,,0.0,0.001,,,,,0.003,0.003,,,,
265,0.138,,0.002,0.0665,1.2945,0.075,,0.025,4.239999999999999,,,,1.493,,0.0,0.001,,,,,0.003,0.0025,,,,
266,0.138,,0.0025,0.0665,5.8275,0.075,,0.025,4.6610000000000005,,,,1.4895,,0.0,0.001,,,,,0.003,0.0025,,,,
267,0.1385,,0.002,0.0665,0.31,0.075,,0.025,0.414,,,,1.4895,,0.0,0.001,,,,,0.003,0.003,,,,
268,0.1375,,0.002,0.0665,0.6095,0.075,,0.025,0.424,,,,1.472,,0.0,0.001,,,,,0.003,0.0025,,,,
269,0.138,,0.002,0.0665,3.314,0.075,,0.025,5.49,,,,1.474,,0.0,0.001,,,,,0.003,0.003,,,,
270,0.138,,0.002,0.0665,0.3925,0.075,,0.025,0.328,,,,1.479,,0.0,0.001,,,,,0.003,0.002,,,,
271,0.5805,,0.0405,0.3345,3.0055,0.4175,,0.1265,7.948,,,0.1965,1.5230000000000001,,0.0,0.002,,,,,0.0205,0.019,,,,
272,0.17300000000000001,,0.007,0.094,0.764,0.1105,,0.0325,1.2,,,0.064,1.488,,0.0,0.001,,,,,0.006,0.006,,,,
273,0.5745,,0.0405,0.338,1.106,0.40900000000000003,,0.1265,2.4890000000000003,,,0.1955,1.5295,,0.0,0.002,,,,,0.0205,0.019,,,,
274,0.17250000000000001,,0.006500000000000001,0.095,1.3155000000000001,0.107,,0.0325,7.465,,,0.033999999999999996,1.5035,,0.0,0.001,,,,,0.006,0.006,,,,
275,0.138,,0.002,0.0665,1.068,0.075,,0.025,4.379,,,,1.4860000000000002,,0.0,0.001,,,,,0.003,0.0025,,,,
276,0.1385,,0.002,0.0665,2.2125000000000004,0.075,,0.025,2.922,,,,1.488,,0.0,0.001,,,,,0.003,0.003,,,,
277,0.138,,0.002,0.0665,0.10950000000000001,0.075,,0.025,0.46749999999999997,,,,1.487,,0.0,0.001,,,,,0.003,0.0025,,,,
278,0.1385,,0.002,0.0665,0.7535000000000001,0.0755,,0.025,0.9410000000000001,,,,1.484,,0.0,0.001,,,,,0.003,0.003,,,,
279,0.138,,0.002,0.0665,0.1675,0.075,,0.025,0.234,,,,1.4865,,0.0,0.001,,,,,0.003,0.003,,,,
280,0.1385,,0.002,0.0665,0.4405,0.075,,0.025,2.462,,,,1.491,,0.0,0.001,,,,,0.003,0.003,,,,
281,0.138,,0.002,0.0665,1.5685,0.075,,0.025,1.0705,,,,1.4885000000000002,,0.0,0.001,,,,,0.003,0.0025,,,,
282,0.138,,0.002,0.0665,0.5265,0.075,,0.025,0.509,,,,1.4895,,0.0,0.001,,,,,0.003,0.003,,,,
283,0.1385,,0.002,0.0665,0.40299999999999997,0.075,,0.025,1.0665,,,,1.492,,0.0,0.001,,,,,0.003,0.0025,,,,
284,0.138,,0.002,0.0665,0.9390000000000001,0.075,,0.025,3.0655,,,,1.4905,,0.0,0.001,,,,,0.003,0.0025,,,,
285,0.138,,0.002,0.0665,2.5005,0.075,,0.025,1.3710000000000002,,,,1.491,,0.0,0.001,,,,,0.003,0.0025,,,,
286,0.138,,0.002,0.0665,2.6335,0.075,,0.025,0.9570000000000001,,,,1.4885000000000002,,0.0,0.001,,,,,0.003,0.0025,,,,
287,0.138,,0.002,0.0665,0.537,0.075,,0.025,0.5875,,,,1.488,,0.0,0.001,,,,,0.003,0.0025,,,,
288,0.138,,0.002,0.0665,2.646,0.075,,0.025,3.4354999999999998,,,,1.495,,0.0,0.001,,,,,0.003,0.0025,,,,
289,0.138,,0.002,0.0665,0.88,0.075,,0.025,0.2685,,,,1.492,,0.0,0.001,,,,,0.003,0.002,,,,
290,0.5765,,0.0405,0.3335,1.4989999999999999,0.40700000000000003,,0.1275,2.585,,,0.198,1.4925000000000002,,0.0,0.002,,,,,0.021,0.019,,,,
291,0.5740000000000001,,0.0405,0.338,1.2695,0.40700000000000003,,0.128,2.2760000000000002,,,0.318,1.4875,,0.0,0.002,,,,,0.02,0.019,,,,
292,0.5655000000000001,,0.026500000000000003,0.2685,1.873,0.28700000000000003,,0.1215,7.747,,,0.3435,1.4889999999999999,,0.0,0.002,,,,,0.018000000000000002,0.017,,,,
293,0.138,,0.002,0.0665,0.2255,0.075,,0.025,0.164,,,,1.4745,,0.0,0.001,,,,,0.003,0.003,,,,
294,0.1375,,0.002,0.0665,2.463,0.075,,0.025,0.107,,,,1.4715,,0.0,0.001,,,,,0.003,0.0025,,,,
295,0.138,,0.002,0.0665,0.492,0.075,,0.025,0.4075,,,,1.4745,,0.0,0.001,,,,,0.003,0.0025,,,,
296,0.1375,,0.002,0.0665,0.1155,0.075,,0.025,1.1065,,,,1.4765000000000001,,0.0,0.001,,,,,0.003,0.003,,,,
297,0.138,,0.002,0.0665,0.14600000000000002,0.075,,0.025,0.1355,,,,1.4765000000000001,,0.0,0.001,,,,,0.003,0.0025,,,,
298,0.5805,,0.0405,0.3355,1.018,0.41100000000000003,,0.1255,2.6845000000000003,,,0.1965,1.5185,,0.0,0.002,,,,,0.021,0.019,,,,
299,0.3,,0.010499999999999999,0.152,0.485,0.201,,0.0615,1.949,,,0.1255,1.5100000000000002,,0.0,0.0015000000000000002,,,,,0.01,0.01,,,,
300,0.1385,,0.002,0.0665,1.987,0.075,,0.025,0.6985,,,,1.4745,,0.0,0.001,,,,,0.003,0.003,,,,
301,0.1375,,0.002,0.0665,0.1115,0.075,,0.025,3.2605000000000004,,,,1.4809999999999999,,0.0,0.001,,,,,0.003,0.0025,,,,
302,0.138,,0.002,0.0665,0.5850000000000001,0.075,,0.025,1.098,,,,1.4695,,0.0,0.001,,,,,0.003,0.0025,,,,
303,0.139,,0.002,0.0665,1.1335,0.075,,0.025,0.4715,,,,1.4715,,0.0,0.001,,,,,0.003,0.0025,,,,
304,0.138,,0.002,0.0665,0.327,0.075,,0.025,0.6845000000000001,,,,1.475,,0.0,0.001,,,,,0.003,0.003,,,,
305,0.1385,,0.002,0.0665,1.538,0.075,,0.025,2.928,,,,1.4795,,0.0,0.001,,,,,0.003,0.0025,,,,
306,0.138,,0.002,0.0665,1.8075,0.075,,0.025,2.9795000000000003,,,,1.479,,0.0,0.001,,,,,0.003,0.003,,,,
307,0.1375,,0.002,0.0665,2.367,0.075,,0.025,0.21250000000000002,,,,1.4735,,0.0,0.001,,,,,0.003,0.0025,,,,
308,0.138,,0.002,0.0665,0.1895,0.075,,0.025,7.675000000000001,,,,1.4835,,0.0,0.001,,,,,0.003,0.0025,,,,
309,0.1385,,0.002,0.0665,1.5370000000000001,0.075,,0.025,1.0270000000000001,,,,1.4815,,0.0,0.001,,,,,0.003,0.003,,,,
310,0.5805,,0.0405,0.3345,1.632,0.41050000000000003,,0.1255,2.9440000000000004,,,0.197,1.5045000000000002,,0.0,0.002,,,,,0.0205,0.019,,,,
311,0.562,,0.033,0.338,0.921,0.403,,0.14,2.571,,,0.28350000000000003,1.5010000000000001,,0.0,0.002,,,,,0.019,0.018000000000000002,,,,
312,0.138,,0.002,0.0665,0.575,0.075,,0.025,0.336,,,,1.4695,,0.0,0.001,,,,,0.003,0.003,,,,
313,0.138,,0.002,0.0665,0.132,0.075,,0.025,0.181,,,,1.4729999999999999,,0.0,0.001,,,,,0.003,0.003,,,,
314,0.138,,0.002,0.0665,1.056,0.075,,0.025,0.675,,,,1.4715,,0.0,0.001,,,,,0.003,0.0025,,,,
315,0.138,,0.002,0.0665,0.862,0.075,,0.025,3.106,,,,1.4755,,0.0,0.001,,,,,0.003,0.0025,,,,
316,0.1375,,0.002,0.0665,0.3165,0.075,,0.025,2.324,,,,1.472,,0.0,0.001,,,,,0.003,0.0025,,,,
317,0.138,,0.002,0.0665,0.704,0.075,,0.025,1.0025000000000002,,,,1.4725000000000001,,0.0,0.001,,,,,0.003,0.0025,,,,
318,0.1375,,0.002,0.0665,1.6815,0.075,,0.025,0.8415,,,,1.471,,0.0,0.001,,,,,0.003,0.003,,,,
319,0.138,,0.002,0.0665,3.8525,0.075,,0.025,4.978,,,,1.477,,0.0,0.001,,,,,0.003,0.003,,,,
320,0.138,,0.002,0.0665,0.6965,0.075,,0.025,0.3915,,,,1.4725000000000001,,0.0,0.001,,,,,0.003,0.003,,,,
321,0.138,,0.002,0.0665,1.2195,0.075,,0.025,0.22949999999999998,,,,1.475,,0.0,0.001,,,,,0.003,0.0025,,,,
322,0.1385,,0.002,0.0665,0.40599999999999997,0.075,,0.025,0.22349999999999998,,,,1.475,,0.0,0.001,,,,,0.003,0.0025,,,,
323,0.139,,0.002,0.0665,0.518,0.075,,0.025,0.2745,,,,1.4755,,0.0,0.001,,,,,0.003,0.003,,,,
324,0.138,,0.002,0.0665,1.1260000000000001,0.075,,0.025,0.153,,,,1.4805000000000001,,0.0,0.001,,,,,0.003,0.003,,,,
325,0.1385,,0.002,0.0665,2.373,0.075,,0.025,1.6145,,,,1.4755,,0.0,0.001,,,,,0.003,0.003,,,,
326,0.579,,0.0405,0.335,0.9425000000000001,0.40950000000000003,,0.1265,3.0810000000000004,,,0.1955,1.5110000000000001,,0.0,0.002,,,,,0.0205,0.019,,,,
327,0.28400000000000003,,0.01,0.148,1.5385,0.14100000000000001,,0.078,1.0070000000000001,,,0.1095,1.5085000000000002,,0.0,0.001,,,,,0.009000000000000001,0.009000000000000001,,,,
328,0.138,,0.002,0.0665,4.542999999999999,0.075,,0.025,3.7600000000000002,,,,1.467,,0.0,0.001,,,,,0.003,0.003,,,,
329,0.138,,0.002,0.0665,0.5185000000000001,0.075,,0.025,0.46849999999999997,,,,1.4625,,0.0,0.001,,,,,0.003,0.003,,,,
330,0.138,,0.002,0.0665,3.1045,0.075,,0.025,0.8545,,,,1.4689999999999999,,0.0,0.001,,,,,0.003,0.0025,,,,
331,0.1375,,0.002,0.0665,1.1775,0.075,,0.025,0.416,,,,1.4615,,0.0,0.001,,,,,0.003,0.003,,,,
332,0.586,,0.0405,0.3375,0.992,0.4155,,0.1255,1.133,,,0.197,1.485,,0.0,0.002,,,,,0.02,0.019,,,,
333,0.5785,,0.0405,0.3415,0.9400000000000001,0.41200000000000003,,0.127,1.004,,,0.3155,1.442,,0.0,0.002,,,,,0.02,0.019,,,,
334,0.5755,,0.0405,0.34,0.9590000000000001,0.40950000000000003,,0.1275,1.867,,,0.41600000000000004,1.444,,0.0,0.002,,,,,0.0205,0.019,,,,
335,0.5845,,0.0405,0.3395,1.2305000000000001,0.406,,0.1275,1.3995000000000002,,,0.17733333333333334,1.446,,0.0,0.0013333333333333333,,,,,0.02,0.019,,,,
336,0.5715000000000001,,0.0405,0.34,1.5655,0.40650000000000003,,0.129,1.0445,,,0.246,1.5130000000000001,,0.0,0.002,,,,,0.02,0.019,,,,
337,0.5655000000000001,,0.034,0.3385,1.4780000000000002,0.40800000000000003,,0.14,3.4645,,,0.31,1.502,,0.0,0.002,,,,,0.019,0.018000000000000002,,,,
338,0.138,,0.002,0.0665,2.1365000000000003,0.075,,0.025,7.697,,,,1.4785,,0.0,0.001,,,,,0.003,0.0025,,,,
339,0.138,,0.002,0.0665,0.2515,0.075,,0.025,0.396,,,,1.4795,,0.0,0.001,,,,,0.003,0.0025,,,,
340,0.139,,0.002,0.0665,0.316,0.075,,0.025,1.326,,,,1.4815,,0.0,0.001,,,,,0.003,0.003,,,,
341,0.1375,,0.002,0.0665,0.505,0.075,,0.025,0.3665,,,,1.483,,0.0,0.001,,,,,0.003,0.003,,,,
342,0.138,,0.002,0.0665,0.20750000000000002,0.075,,0.025,2.4625000000000004,,,,1.484,,0.0,0.001,,,,,0.003,0.0025,,,,
343,0.138,,0.002,0.0665,0.346,0.075,,0.025,0.4775,,,,1.4825,,0.0,0.001,,,,,0.003,0.0025,,,,
344,0.1375,,0.002,0.0665,3.593,0.075,,0.025,0.252,,,,1.483,,0.0,0.001,,,,,0.003,0.003,,,,
345,0.138,,0.002,0.0665,0.167,0.075,,0.025,2.5255,,,,1.4815,,0.0,0.001,,,,,0.003,0.002,,,,
346,0.138,,0.002,0.0665,3.2435,0.075,,0.025,4.0104999999999995,,,,1.4805000000000001,,0.0,0.001,,,,,0.003,0.003,,,,
347,0.138,,0.002,0.0665,1.3615,0.075,,0.025,0.512,,,,1.4825,,0.0,0.001,,,,,0.003,0.003,,,,
348,0.138,,0.002,0.0665,0.24000000000000002,0.075,,0.025,1.0275,,,,1.4805000000000001,,0.0,0.001,,,,,0.003,0.0025,,,,
349,0.1375,,0.002,0.0665,0.4865,0.075,,0.025,0.22999999999999998,,,,1.4845000000000002,,0.0,0.001,,,,,0.003,0.003,,,,
350,0.138,,0.002,0.0665,0.3295,0.075,,0.025,0.6080000000000001,,,,1.4895,,0.0,0.001,,,,,0.003,0.0025,,,,
351,0.1385,,0.002,0.0665,0.7095,0.075,,0.025,0.154,,,,1.4865,,0.0,0.001,,,,,0.003,0.003,,,,
352,0.138,,0.002,0.0665,0.5015000000000001,0.075,,0.025,0.616,,,,1.491,,0.0,0.001,,,,,0.003,0.003,,,,
353,0.138,,0.002,0.0665,0.271,0.0745,,0.025,0.5915,,,,1.4855,,0.0,0.001,,,,,0.003,0.0025,,,,
354,0.1385,,0.002,0.0665,1.6920000000000002,0.075,,0.025,0.2675,,,,1.485,,0.0,0.001,,,,,0.003,0.003,,,,
355,0.138,,0.002,0.0665,0.24950000000000003,0.075,,0.025,0.7340000000000001,,,,1.4860000000000002,,0.0,0.001,,,,,0.003,0.0025,,,,
356,0.1375,,0.002,0.0665,0.1325,0.075,,0.025,2.5955,,,,1.4885000000000002,,0.0,0.001,,,,,0.003,0.0025,,,,
357,0.139,,0.002,0.0665,0.926,0.075,,0.025,0.4885,,,,1.4875,,0.0,0.001,,,,,0.003,0.003,,,,
358,0.1385,,0.002,0.0665,2.7245,0.075,,0.025,1.0450000000000002,,,,1.4905,,0.0,0.001,,,,,0.003,0.003,,,,
359,0.138,,0.002,0.0665,0.2945,0.075,,0.025,0.46149999999999997,,,,1.4925000000000002,,0.0,0.001,,,,,0.003,0.003,,,,
360,0.138,,0.002,0.0665,0.7675000000000001,0.075,,0.025,0.20700000000000002,,,,1.489,,0.0,0.001,,,,,0.003,0.0025,,,,
361,0.138,,0.002,0.0665,0.2765,0.0755,,0.025,0.7505000000000001,,,,1.4935,,0.0,0.001,,,,,0.003,0.0025,,,,
362,0.1385,,0.002,0.0665,0.18300000000000002,0.075,,0.025,0.494,,,,1.4905,,0.0,0.001,,,,,0.003,0.003,,,,
363,0.138,,0.0025,0.0665,0.826,0.075,,0.025,2.1815,,,,1.4975,,0.0,0.001,,,,,0.003,0.0025,,,,
364,0.139,,0.002,0.0665,0.5945,0.075,,0.025,0.27,,,,1.4905,,0.0,0.001,,,,,0.003,0.003,,,,
365,0.138,,0.002,0.0665,0.46149999999999997,0.075,,0.025,0.2655,,,,1.4895,,0.0,0.001,,,,,0.003,0.003,,,,
366,0.1375,,0.002,0.0665,2.8625000000000003,0.075,,0.025,4.0,,,,1.491,,0.0,0.001,,,,,0.003,0.003,,,,
367,0.1385,,0.002,0.0665,0.65,0.075,,0.025,0.7490000000000001,,,,1.491,,0.0,0.001,,,,,0.003,0.003,,,,
368,0.1385,,0.002,0.0665,0.3295,0.075,,0.025,0.3955,,,,1.4905,,0.0,0.001,,,,,0.003,0.003,,,,
369,0.138,,0.002,0.0665,0.7135,0.075,,0.025,2.603,,,,1.4895,,0.0,0.001,,,,,0.003,0.003,,,,
370,0.1385,,0.002,0.0665,0.4495,0.075,,0.025,1.7409999999999999,,,,1.492,,0.0,0.001,,,,,0.003,0.0025,,,,
371,0.138,,0.002,0.0665,0.10900000000000001,0.075,,0.025,0.385,,,,1.488,,0.0,0.001,,,,,0.003,0.0025,,,,
372,0.138,,0.002,0.0665,2.564,0.075,,0.025,0.21800000000000003,,,,1.4875,,0.0,0.001,,,,,0.003,0.003,,,,
373,0.138,,0.002,0.0665,1.0955,0.075,,0.025,0.8835000000000001,,,,1.492,,0.0,0.001,,,,,0.003,0.003,,,,
374,0.1385,,0.002,0.0665,0.1105,0.0745,,0.025,0.2205,,,,1.4965000000000002,,0.0,0.001,,,,,0.003,0.003,,,,
375,0.579,,0.0405,0.3375,0.9440000000000001,0.41400000000000003,,0.1265,1.5265,,,0.199,1.5045000000000002,,0.0,0.002,,,,,0.02,0.019,,,,
376,0.5814999999999999,,0.0405,0.3375,1.098,0.41150000000000003,,0.126,3.8205,,,0.314,1.5055,,0.0,0.002,,,,,0.021,0.019,,,,
377,0.17250000000000001,,0.006,0.0935,0.2495,0.1085,,0.032,0.37950000000000006,,,0.07,1.4729999999999999,,0.0,0.001,,,,,0.006,0.006,,,,
378,0.138,,0.002,0.0665,0.9015,0.075,,0.025,0.40900000000000003,,,,1.4805000000000001,,0.0,0.001,,,,,0.003,0.003,,,,
379,0.1385,,0.002,0.0665,1.0065,0.075,,0.025,0.96,,,,1.4820000000000002,,0.0,0.001,,,,,0.003,0.002,,,,
380,0.138,,0.002,0.0665,0.1285,0.075,,0.025,2.725,,,,1.481,,0.0,0.001,,,,,0.003,0.0025,,,,
381,0.1385,,0.002,0.0665,0.8175,0.075,,0.025,0.3705,,,,1.4795,,0.0,0.001,,,,,0.003,0.0025,,,,
382,0.138,,0.002,0.0665,0.5915,0.075,,0.025,0.959,,,,1.4820000000000002,,0.0,0.001,,,,,0.003,0.0025,,,,
383,0.138,,0.002,0.0665,0.7440000000000001,0.075,,0.025,0.1115,,,,1.4825,,0.0,0.001,,,,,0.003,0.0025,,,,
384,0.138,,0.002,0.0665,0.9555,0.075,,0.025,1.2095,,,,1.4845000000000002,,0.0,0.001,,,,,0.003,0.003,,,,
385,0.138,,0.002,0.0665,0.6995,0.075,,0.025,0.7455,,,,1.4860000000000002,,0.0,0.001,,,,,0.003,0.003,,,,
386,0.138,,0.002,0.0665,0.415,0.075,,0.025,0.184,,,,1.4835,,0.0,0.001,,,,,0.003,0.003,,,,
387,0.138,,0.002,0.0665,1.493,0.075,,0.025,0.2415,,,,1.482,,0.0,0.001,,,,,0.003,0.003,,,,
388,0.138,,0.002,0.066,0.24350000000000002,0.076,,0.025,0.75,,,,1.4615,,0.0,0.001,,,,,0.003,0.0025,,,,
389,0.138,,0.0025,0.066,0.224,0.076,,0.025,0.2495,,,,1.4605000000000001,,0.0,0.001,,,,,0.003,0.003,,,,
390,0.1385,,0.002,0.066,0.56,0.076,,0.025,0.11599999999999999,,,,1.4649999999999999,,0.0,0.001,,,,,0.003,0.003,,,,
391,0.138,,0.002,0.066,1.2335,0.076,,0.025,0.919,,,,1.4615,,0.0,0.001,,,,,0.003,0.0025,,,,
392,0.58,,0.0405,0.3375,1.0365,0.41000000000000003,,0.127,2.868,,,0.197,1.5235,,0.0,0.002,,,,,0.0205,0.019,,,,
393,0.579,,0.0405,0.341,1.0075,0.41050000000000003,,0.125,1.2265000000000001,,,0.14150000000000001,1.4865,,0.0,0.0016666666666666668,,,,,0.02,0.019,,,,
394,0.5715000000000001,,0.0405,0.34,1.3545,0.4135,,0.1255,1.677,,,0.225,1.514,,0.0,0.002,,,,,0.0205,0.019,,,,
395,0.154,,0.004,0.0785,0.2765,0.0945,,0.033,1.51,,,0.0555,1.4675,,0.0,0.001,,,,,0.005,0.004,,,,
396,0.138,,0.002,0.066,0.1685,0.076,,0.025,0.9615,,,,1.463,,0.0,0.001,,,,,0.003,0.0025,,,,
397,0.138,,0.002,0.066,0.5925,0.0755,,0.025,1.0285,,,,1.4585,,0.0,0.001,,,,,0.003,0.002,,,,
398,0.138,,0.002,0.066,1.0315,0.076,,0.025,4.513000000000001,,,,1.4615,,0.0,0.001,,,,,0.003,0.002,,,,
399,0.1385,,0.002,0.066,1.8185000000000002,0.076,,0.025,0.85,,,,1.4665,,0.0,0.001,,,,,0.003,0.0025,,,,
400,0.1385,,0.002,0.066,0.46549999999999997,0.076,,0.025,0.5415000000000001,,,,1.463,,0.0,0.001,,,,,0.003,0.003,,,,
401,0.1375,,0.002,0.066,0.1345,0.076,,0.025,0.372,,,,1.4645000000000001,,0.0,0.001,,,,,0.003,0.002,,,,
402,0.138,,0.0025,0.066,2.1435000000000004,0.076,,0.025,0.21350000000000002,,,,1.4615,,0.0,0.001,,,,,0.003,0.002,,,,
403,0.1385,,0.002,0.066,0.4455,0.0755,,0.025,0.308,,,,1.4635,,0.0,0.001,,,,,0.003,0.003,,,,
404,0.138,,0.002,0.066,0.2695,0.076,,0.025,0.2265,,,,1.4685000000000001,,0.0,0.001,,,,,0.003,0.0025,,,,
405,0.138,,0.002,0.066,0.6515,0.076,,0.025,0.4345,,,,1.4660000000000002,,0.0,0.001,,,,,0.003,0.0025,,,,
406,0.138,,0.002,0.066,0.6455,0.075,,0.025,0.934,,,,1.473,,0.0,0.001,,,,,0.003,0.0025,,,,
407,0.1385,,0.002,0.066,1.6095,0.0755,,0.025,0.595,,,,1.4235,,0.0,0.001,,,,,0.003,0.0025,,,,
408,0.1385,,0.002,0.066,1.0335,0.0755,,0.025,1.1105,,,,1.4215,,0.0,0.001,,,,,0.003,0.0025,,,,
409,0.139,,0.002,0.066,0.4795,0.076,,0.025,0.281,,,,1.4255,,0.0,0.001,,,,,0.003,0.003,,,,
410,0.138,,0.002,0.066,0.2025,0.076,,0.025,0.20750000000000002,,,,1.427,,0.0,0.001,,,,,0.003,0.002,,,,
411,0.138,,0.002,0.066,0.938,0.076,,0.025,0.277,,,,1.4275,,0.0,0.001,,,,,0.003,0.003,,,,
412,0.139,,0.002,0.066,1.8245,0.076,,0.025,0.9910000000000001,,,,1.4304999999999999,,0.0,0.001,,,,,0.003,0.003,,,,
413,0.138,,0.002,0.066,0.2695,0.076,,0.025,0.09,,,,1.425,,0.0,0.001,,,,,0.003,0.002,,,,
414,0.138,,0.002,0.066,0.5630000000000001,0.076,,0.025,0.2025,,,,1.4195,,0.0,0.001,,,,,0.003,0.0025,,,,
415,0.1385,,0.002,0.066,0.6905,0.076,,0.025,1.1300000000000001,,,,1.417,,0.0,0.001,,,,,0.003,0.003,,,,
416,0.139,,0.0025,0.066,0.5265,0.076,,0.025,0.33599999999999997,,,,1.417,,0.0,0.001,,,,,0.003,0.003,,,,
417,0.138,,0.002,0.066,0.6535000000000001,0.0755,,0.025,0.131,,,,1.423,,0.0,0.001,,,,,0.003,0.0025,,,,
418,0.138,,0.002,0.066,0.7245,0.076,,0.025,0.7795,,,,1.418,,0.0,0.001,,,,,0.003,0.0025,,,,
419,0.1385,,0.002,0.066,0.21050000000000002,0.076,,0.025,0.186,,,,1.422,,0.0,0.001,,,,,0.003,0.003,,,,
420,0.1385,,0.002,0.066,0.7220000000000001,0.076,,0.025,0.189,,,,1.4215,,0.0,0.001,,,,,0.003,0.0025,,,,
421,0.1385,,0.002,0.066,0.4505,0.076,,0.025,0.484,,,,1.421,,0.0,0.001,,,,,0.003,0.003,,,,
422,0.5740000000000001,,0.0405,0.34,0.9380000000000001,0.41800000000000004,,0.1255,1.2465000000000002,,,0.1975,1.482,,0.0,0.002,,,,,0.0205,0.019,,,,
423,0.5755,,0.0405,0.342,0.9405000000000001,0.41250000000000003,,0.1275,0.9985,,,0.3165,1.4785,,0.0,0.002,,,,,0.0205,0.019,,,,
424,0.577,,0.0405,0.3395,1.0825,0.40650000000000003,,0.1255,2.0755000000000003,,,0.41250000000000003,1.4745,,0.0,0.002,,,,,0.0205,0.019,,,,
425,0.5785,,0.0405,0.337,2.258,0.41250000000000003,,0.126,1.0270000000000001,,,0.5105,1.4725000000000001,,0.0,0.002,,,,,0.021,0.019,,,,
426,0.148,,0.004,0.08,0.26,0.107,,0.033,0.2505,,,0.10200000000000001,1.4315,,0.0,0.001,,,,,0.004,0.004,,,,
427,0.1385,,0.002,0.066,0.9315,0.076,,0.025,0.46799999999999997,,,,1.4745,,0.0,0.001,,,,,0.003,0.0025,,,,
428,0.138,,0.002,0.066,1.114,0.0755,,0.025,1.0385,,,,1.474,,0.0,0.001,,,,,0.003,0.003,,,,
429,0.1385,,0.002,0.066,0.9920000000000001,0.076,,0.025,0.18000000000000002,,,,1.4815,,0.0,0.001,,,,,0.003,0.0025,,,,
430,0.4285,,0.017,0.258,0.6765,0.2785,,0.108,0.8160000000000001,,,0.1065,1.5300000000000002,,0.0,0.0015000000000000002,,,,,0.014499999999999999,0.014,,,,
431,0.138,,0.002,0.066,0.2115,0.076,,0.025,0.29900000000000004,,,,1.4705,,0.0,0.001,,,,,0.003,0.0025,,,,
432,0.138,,0.002,0.066,0.308,0.076,,0.025,0.39349999999999996,,,,1.4705,,0.0,0.001,,,,,0.003,0.0025,,,,
433,0.139,,0.002,0.066,3.1355,0.076,,0.025,0.4945,,,,1.4725000000000001,,0.0,0.001,,,,,0.003,0.0025,,,,
434,0.1385,,0.002,0.066,0.166,0.076,,0.025,3.3475,,,,1.4795,,0.0,0.001,,,,,0.003,0.0025,,,,
435,0.138,,0.002,0.066,0.2275,0.076,,0.025,0.389,,,,1.4725000000000001,,0.0,0.001,,,,,0.003,0.002,,,,
436,0.1385,,0.002,0.066,0.608,0.076,,0.025,0.744,,,,1.4745,,0.0,0.001,,,,,0.003,0.002,,,,
437,0.138,,0.002,0.066,1.2335,0.076,,0.025,0.154,,,,1.4715,,0.0,0.001,,,,,0.003,0.002,,,,
438,0.138,,0.002,0.066,1.7025000000000001,0.0755,,0.025,3.6475,,,,1.4769999999999999,,0.0,0.001,,,,,0.003,0.0025,,,,
439,0.138,,0.002,0.066,4.6165,0.076,,0.025,0.889,,,,1.4740000000000002,,0.0,0.001,,,,,0.003,0.002,,,,
440,0.138,,0.002,0.066,0.486,0.076,,0.025,0.10800000000000001,,,,1.4769999999999999,,0.0,0.001,,,,,0.003,0.002,,,,
441,0.1385,,0.002,0.066,0.9585,0.076,,0.025,2.728,,,,1.4765000000000001,,0.0,0.001,,,,,0.003,0.003,,,,
442,0.138,,0.002,0.066,0.3235,0.076,,0.025,0.5435,,,,1.4769999999999999,,0.0,0.001,,,,,0.003,0.0025,,,,
443,0.1385,,0.002,0.066,0.145,0.076,,0.025,0.4155,,,,1.477,,0.0,0.001,,,,,0.003,0.0025,,,,
444,0.138,,0.002,0.066,0.722,0.076,,0.025,0.40499999999999997,,,,1.4820000000000002,,0.0,0.001,,,,,0.003,0.0025,,,,
445,0.138,,0.002,0.066,0.659,0.076,,0.025,0.1455,,,,1.4785,,0.0,0.001,,,,,0.003,0.002,,,,
446,0.138,,0.002,0.066,0.2855,0.0755,,0.025,0.24550000000000002,,,,1.4725000000000001,,0.0,0.001,,,,,0.003,0.003,,,,
447,0.4375,,0.0175,0.2595,0.736,0.276,,0.1095,0.9825000000000002,,,0.1215,1.5285000000000002,,0.0,0.0016666666666666668,,,,,0.0155,0.014,,,,
448,0.1385,,0.002,0.066,0.3275,0.076,,0.025,0.393,,,,1.4525000000000001,,0.0,0.001,,,,,0.003,0.0025,,,,
449,0.138,,0.002,0.066,0.3795,0.076,,0.025,0.32,,,,1.4609999999999999,,0.0,0.001,,,,,0.003,0.003,,,,
450,0.138,,0.002,0.066,2.9034999999999997,0.076,,0.025,0.413,,,,1.4605000000000001,,0.0,0.001,,,,,0.003,0.0025,,,,
451,0.138,,0.002,0.066,0.5775,0.076,,0.025,2.3785,,,,1.4545,,0.0,0.001,,,,,0.003,0.003,,,,
452,0.138,,0.002,0.066,0.118,0.076,,0.025,0.16,,,,1.4595,,0.0,0.001,,,,,0.003,0.002,,,,
453,0.1385,,0.002,0.066,1.1715000000000002,0.076,,0.025,1.052,,,,1.46,,0.0,0.001,,,,,0.003,0.0025,,,,
454,0.5805,,0.0405,0.3375,1.094,0.41500000000000004,,0.1265,1.3175,,,0.1985,1.4675,,0.0,0.002,,,,,0.0205,0.019,,,,
455,0.5805,,0.0405,0.3415,1.404,0.41050000000000003,,0.127,7.808,,,0.07266666666666667,1.462,,0.0,0.0015,,,,,0.02,0.019,,,,
456,0.5800000000000001,,0.0405,0.339,0.962,0.41250000000000003,,0.124,1.8550000000000002,,,0.2545,1.4985,,0.0,0.002,,,,,0.02,0.019,,,,
457,0.20850000000000002,,0.008,0.09,1.455,0.1305,,0.041,1.6275,,,0.101,1.4729999999999999,,0.0,0.001,,,,,0.008,0.007,,,,
458,0.1385,,0.002,0.066,0.161,0.076,,0.025,0.08,,,,1.4475,,0.0,0.001,,,,,0.003,0.003,,,,
459,0.1385,,0.002,0.066,0.262,0.076,,0.025,0.5005000000000001,,,,1.449,,0.0,0.001,,,,,0.003,0.0025,,,,
460,0.5794999999999999,,0.0405,0.34,1.014,0.41400000000000003,,0.1265,1.0765,,,0.1965,1.4655,,0.0,0.002,,,,,0.02,0.019,,,,
461,0.5775,,0.0405,0.341,2.263,0.41200000000000003,,0.1255,1.1560000000000001,,,0.319,1.4264999999999999,,0.0,0.002,,,,,0.0205,0.019,,,,
462,0.5825,,0.0405,0.34500000000000003,0.9445000000000001,0.41250000000000003,,0.127,1.123,,,0.41150000000000003,1.423,,0.0,0.002,,,,,0.0205,0.019,,,,
463,0.585,,0.0405,0.3395,1.486,0.41050000000000003,,0.126,2.3675,,,0.05403333333333334,1.4165,,0.0,0.0011666666666666665,,,,,0.02,0.019,,,,
464,0.575,,0.0405,0.3405,1.5695000000000001,0.41050000000000003,,0.126,0.9645,,,0.10083333333333333,1.4969999999999999,,0.0,0.0016666666666666668,,,,,0.02,0.019,,,,
465,0.422,,0.0165,0.2585,0.6755,0.2755,,0.1085,1.104,,,0.1835,1.4845000000000002,,0.0,0.0016666666666666668,,,,,0.014499999999999999,0.014,,,,
466,0.138,,0.002,0.0665,0.35250000000000004,0.075,,0.025,2.049,,,,1.456,,0.0,0.001,,,,,0.003,0.003,,,,
467,0.1385,,0.002,0.066,0.806,0.076,,0.025,0.34349999999999997,,,,1.447,,0.0,0.001,,,,,0.003,0.003,,,,
468,0.581,,0.0405,0.336,1.2445,0.41550000000000004,,0.127,1.1045,,,0.198,1.4900000000000002,,0.0,0.002,,,,,0.02,0.019,,,,
469,0.4315,,0.017,0.2565,0.6815,0.2785,,0.1085,1.2425,,,0.09383333333333332,1.4785,,0.0,0.0013333333333333333,,,,,0.015,0.014,,,,
470,0.1375,,0.002,0.0665,0.406,0.075,,0.025,0.487,,,,1.451,,0.0,0.001,,,,,0.003,0.003,,,,
471,0.138,,0.002,0.0665,0.8015000000000001,0.075,,0.025,3.924,,,,1.4460000000000002,,0.0,0.001,,,,,0.003,0.002,,,,
472,0.138,,0.002,0.0665,0.14250000000000002,0.075,,0.025,0.681,,,,1.4545,,0.0,0.001,,,,,0.003,0.0025,,,,
473,0.1375,,0.002,0.0665,0.3695,0.075,,0.025,0.096,,,,1.4485000000000001,,0.0,0.001,,,,,0.003,0.003,,,,
474,0.138,,0.002,0.0665,0.4985,0.075,,0.025,0.274,,,,1.455,,0.0,0.001,,,,,0.003,0.003,,,,
475,0.138,,0.002,0.0665,0.158,0.075,,0.025,0.374,,,,1.453,,0.0,0.001,,,,,0.003,0.0025,,,,
476,0.138,,0.002,0.0665,0.61,0.075,,0.025,0.126,,,,1.4545,,0.0,0.001,,,,,0.003,0.0025,,,,
477,0.138,,0.002,0.0665,0.7385,0.075,,0.025,0.615,,,,1.454,,0.0,0.001,,,,,0.003,0.0025,,,,
478,0.138,,0.002,0.066,0.088,0.076,,0.025,0.573,,,,1.452,,0.0,0.001,,,,,0.003,0.003,,,,
479,0.138,,0.002,0.066,0.2275,0.076,,0.025,6.2780000000000005,,,,1.451,,0.0,0.001,,,,,0.003,0.0025,,,,
480,0.1385,,0.002,0.066,0.545,0.076,,0.025,0.6475,,,,1.4515,,0.0,0.001,,,,,0.003,0.003,,,,
481,0.138,,0.002,0.066,0.11399999999999999,0.076,,0.025,0.187,,,,1.456,,0.0,0.001,,,,,0.003,0.002,,,,
482,0.138,,0.002,0.066,0.10400000000000001,0.076,,0.025,0.10350000000000001,,,,1.45,,0.0,0.001,,,,,0.003,0.0025,,,,
483,0.138,,0.002,0.066,0.4425,0.076,,0.025,1.4735,,,,1.4525000000000001,,0.0,0.001,,,,,0.003,0.0025,,,,
484,0.139,,0.002,0.0665,0.0895,0.076,,0.025,0.10650000000000001,,,,1.455,,0.0,0.001,,,,,0.003,0.0025,,,,
485,0.138,,0.002,0.066,0.203,0.076,,0.025,0.4165,,,,1.4540000000000002,,0.0,0.001,,,,,0.003,0.0025,,,,
486,0.138,,0.002,0.066,0.5960000000000001,0.076,,0.025,0.5495,,,,1.4535,,0.0,0.001,,,,,0.003,0.003,,,,
487,0.138,,0.002,0.066,1.1055000000000001,0.076,,0.025,0.419,,,,1.454,,0.0,0.001,,,,,0.003,0.0025,,,,
488,0.139,,0.002,0.066,0.5735,0.076,,0.025,0.202,,,,1.4575,,0.0,0.001,,,,,0.003,0.002,,,,
489,0.138,,0.002,0.066,0.6809999999999999,0.076,,0.025,0.5125000000000001,,,,1.4565000000000001,,0.0,0.001,,,,,0.003,0.0025,,,,
490,0.138,,0.0025,0.066,0.11549999999999999,0.076,,0.025,0.0935,,,,1.4565000000000001,,0.0,0.001,,,,,0.003,0.0025,,,,
491,0.138,,0.002,0.066,0.7765000000000001,0.076,,0.025,0.171,,,,1.4585,,0.0,0.001,,,,,0.003,0.0025,,,,
492,0.139,,0.002,0.066,0.301,0.076,,0.025,1.2060000000000002,,,,1.4555,,0.0,0.001,,,,,0.003,0.002,,,,
493,0.138,,0.002,0.066,0.354,0.076,,0.025,0.439,,,,1.4595,,0.0,0.001,,,,,0.003,0.0025,,,,
494,0.138,,0.0025,0.066,0.11149999999999999,0.076,,0.025,0.6755000000000001,,,,1.4585,,0.0,0.001,,,,,0.003,0.0025,,,,
495,0.1385,,0.0025,0.066,0.2265,0.076,,0.025,5.36,,,,1.4625,,0.0,0.001,,,,,0.003,0.0025,,,,
496,0.138,,0.002,0.066,0.33449999999999996,0.076,,0.025,0.33399999999999996,,,,1.4595,,0.0,0.001,,,,,0.003,0.0025,,,,
497,0.139,,0.002,0.066,0.122,0.076,,0.025,0.24850000000000003,,,,1.459,,0.0,0.001,,,,,0.003,0.0025,,,,
498,0.138,,0.0025,0.066,0.7060000000000001,0.076,,0.025,0.3,,,,1.463,,0.0,0.001,,,,,0.003,0.003,,,,
499,0.138,,0.0025,0.066,1.6715,0.076,,0.025,0.365,,,,1.4649999999999999,,0.0,0.001,,,,,0.003,0.0025,,,,
500,0.138,,0.0025,0.066,2.6940000000000004,0.076,,0.025,5.667,,,,1.463,,0.0,0.001,,,,,0.003,0.003,,,,
501,0.138,,0.002,0.066,1.467,0.0765,,0.025,0.433,,,,1.457,,0.0,0.001,,,,,0.003,0.002,,,,
502,0.138,,0.002,0.066,2.1595,0.076,,0.025,0.1315,,,,1.4615,,0.0,0.001,,,,,0.003,0.002,,,,
503,0.138,,0.002,0.066,1.2794999999999999,0.076,,0.025,0.3135,,,,1.4649999999999999,,0.0,0.001,,,,,0.003,0.002,,,,
504,0.1385,,0.0025,0.066,0.1895,0.076,,0.025,0.299,,,,1.4675,,0.0,0.001,,,,,0.003,0.0025,,,,
505,0.138,,0.002,0.066,1.0725,0.076,,0.025,0.626,,,,1.4615,,0.0,0.001,,,,,0.003,0.003,,,,
506,0.139,,0.002,0.066,2.497,0.076,,0.025,1.335,,,,1.4689999999999999,,0.0,0.001,,,,,0.003,0.0025,,,,
507,0.138,,0.002,0.066,0.2815,0.076,,0.025,0.3905,,,,1.4715,,0.0,0.001,,,,,0.003,0.0025,,,,
508,0.138,,0.002,0.066,0.146,0.076,,0.025,0.356,,,,1.4455,,0.0,0.001,,,,,0.003,0.003,,,,
509,0.138,,0.002,0.066,0.191,0.076,,0.025,0.418,,,,1.4475,,0.0,0.001,,,,,0.003,0.002,,,,
510,0.1385,,0.0025,0.066,0.2475,0.076,,0.025,2.1315000000000004,,,,1.448,,0.0,0.001,,,,,0.003,0.002,,,,
511,0.138,,0.002,0.066,0.6115,0.076,,0.025,0.33599999999999997,,,,1.4449999999999998,,0.0,0.001,,,,,0.003,0.002,,,,
512,0.1385,,0.0025,0.066,0.525,0.076,,0.025,0.594,,,,1.445,,0.0,0.001,,,,,0.003,0.003,,,,
513,0.139,,0.002,0.066,0.10950000000000001,0.076,,0.025,0.1465,,,,1.4505,,0.0,0.001,,,,,0.003,0.002,,,,
514,0.582,,0.0405,0.337,1.0030000000000001,0.41200000000000003,,0.1285,1.2925,,,0.197,1.4409999999999998,,0.0,0.002,,,,,0.0205,0.019,,,,
515,0.5780000000000001,,0.0405,0.3405,1.0455,0.41250000000000003,,0.1285,1.578,,,0.154,1.438,,0.0,0.0016666666666666668,,,,,0.02,0.019,,,,
516,0.5785,,0.0405,0.3405,0.9890000000000001,0.40950000000000003,,0.1285,1.3455000000000001,,,0.10816666666666667,1.4705,,0.0,0.0016666666666666668,,,,,0.02,0.019,,,,
517,0.5690000000000001,,0.026000000000000002,0.271,3.0345,0.28500000000000003,,0.1125,4.6385000000000005,,,0.1535,1.4915,,0.0,0.002,,,,,0.017,0.016,,,,
518,0.1385,,0.002,0.066,0.8565,0.076,,0.025,0.36650000000000005,,,,1.4344999999999999,,0.0,0.001,,,,,0.003,0.0025,,,,
519,0.138,,0.002,0.066,0.386,0.076,,0.025,1.0695,,,,1.4369999999999998,,0.0,0.001,,,,,0.003,0.0025,,,,
520,0.138,,0.002,0.066,0.153,0.076,,0.025,0.40049999999999997,,,,1.4409999999999998,,0.0,0.001,,,,,0.003,0.0025,,,,
521,0.1385,,0.002,0.066,0.5565,0.076,,0.025,0.321,,,,1.4375,,0.0,0.001,,,,,0.003,0.002,,,,
522,0.5820000000000001,,0.0405,0.3365,0.9745000000000001,0.41500000000000004,,0.1275,1.1545,,,0.195,1.4725000000000001,,0.0,0.002,,,,,0.0205,0.019,,,,
523,0.5760000000000001,,0.0405,0.3385,0.954,0.41150000000000003,,0.127,2.0435,,,0.3155,1.464,,0.0,0.002,,,,,0.02,0.019,,,,
524,0.5834999999999999,,0.0405,0.3395,1.069,0.41400000000000003,,0.1265,1.5234999999999999,,,0.41200000000000003,1.464,,0.0,0.002,,,,,0.0205,0.019,,,,
525,0.5740000000000001,,0.0405,0.3395,4.359,0.41050000000000003,,0.1255,3.3265,,,0.5235000000000001,1.4615,,0.0,0.002,,,,,0.02,0.019,,,,
526,0.427,,0.013000000000000001,0.17350000000000002,0.5885,0.2135,,0.0665,0.6325000000000001,,,0.1441666666666667,1.4605000000000001,,0.0,0.0013333333333333333,,,,,0.0125,0.012,,,,
527,0.138,,0.002,0.0665,1.9375000000000002,0.075,,0.025,0.31000000000000005,,,,1.472,,0.0,0.001,,,,,0.003,0.003,,,,
528,0.138,,0.002,0.0665,0.434,0.075,,0.025,1.451,,,,1.479,,0.0,0.001,,,,,0.003,0.0025,,,,
529,0.1375,,0.002,0.0665,0.6395000000000001,0.075,,0.025,0.1745,,,,1.4775,,0.0,0.001,,,,,0.003,0.003,,,,
530,0.138,,0.002,0.0665,0.4205,0.075,,0.025,0.4365,,,,1.477,,0.0,0.001,,,,,0.003,0.0025,,,,
531,0.1375,,0.002,0.0665,3.741,0.075,,0.025,2.7315,,,,1.4835,,0.0,0.001,,,,,0.003,0.003,,,,
532,0.138,,0.002,0.0665,0.542,0.075,,0.025,0.418,,,,1.4785,,0.0,0.001,,,,,0.003,0.003,,,,
533,0.138,,0.002,0.0665,0.5915,0.075,,0.025,0.2895,,,,1.4845000000000002,,0.0,0.001,,,,,0.003,0.0025,,,,
534,0.138,,0.002,0.0665,0.175,0.075,,0.025,1.1655,,,,1.4835,,0.0,0.001,,,,,0.003,0.003,,,,
535,0.1385,,0.002,0.0665,0.101,0.075,,0.025,3.9795000000000003,,,,1.4805000000000001,,0.0,0.001,,,,,0.003,0.0025,,,,
536,0.138,,0.002,0.0665,0.392,0.075,,0.025,0.5555000000000001,,,,1.4865,,0.0,0.001,,,,,0.003,0.003,,,,
537,0.1385,,0.002,0.0665,2.73,0.075,,0.025,0.446,,,,1.4815,,0.0,0.001,,,,,0.003,0.0025,,,,
538,0.1385,,0.002,0.067,0.984,0.075,,0.025,2.7264999999999997,,,,1.48,,0.0,0.001,,,,,0.003,0.003,,,,
539,0.138,,0.002,0.0665,0.918,0.075,,0.025,3.62,,,,1.4805000000000001,,0.0,0.001,,,,,0.003,0.003,,,,
540,0.139,,0.002,0.067,0.2735,0.075,,0.025,0.31,,,,1.4805000000000001,,0.0,0.001,,,,,0.003,0.002,,,,
541,0.138,,0.002,0.0665,3.3735000000000004,0.075,,0.025,0.15,,,,1.4835,,0.0,0.001,,,,,0.003,0.003,,,,
542,0.138,,0.002,0.0665,0.11549999999999999,0.075,,0.025,0.5425,,,,1.478,,0.0,0.001,,,,,0.003,0.0025,,,,
543,0.138,,0.002,0.0665,5.746499999999999,0.075,,0.025,0.118,,,,1.484,,0.0,0.001,,,,,0.003,0.0025,,,,
544,0.138,,0.002,0.0665,0.764,0.075,,0.025,0.2755,,,,1.4835,,0.0,0.001,,,,,0.003,0.003,,,,
545,0.138,,0.002,0.0665,3.801,0.075,,0.025,6.1095,,,,1.4845000000000002,,0.0,0.001,,,,,0.003,0.003,,,,
546,0.1385,,0.002,0.0655,0.6655,0.076,,0.025,0.889,,,,1.473,,0.0,0.001,,,,,0.003,0.002,,,,
547,0.139,,0.002,0.066,0.198,0.076,,0.025,0.092,,,,1.4725000000000001,,0.0,0.001,,,,,0.003,0.0025,,,,
548,0.4305,,0.014499999999999999,0.1805,0.8665,0.28600000000000003,,0.07,1.6695,,,0.1,1.5155,,0.0,0.0015000000000000002,,,,,0.013500000000000002,0.013000000000000001,,,,
549,0.138,,0.002,0.066,0.8905000000000001,0.076,,0.025,0.532,,,,1.4685000000000001,,0.0,0.001,,,,,0.003,0.0025,,,,
550,0.138,,0.0025,0.066,0.6775,0.076,,0.025,3.987,,,,1.4665,,0.0,0.001,,,,,0.003,0.002,,,,
551,0.1385,,0.002,0.066,2.3665,0.076,,0.025,1.2329999999999999,,,,1.4700000000000002,,0.0,0.001,,,,,0.003,0.0025,,,,
552,0.139,,0.002,0.066,0.2485,0.076,,0.025,1.041,,,,1.441,,0.0,0.001,,,,,0.003,0.003,,,,
553,0.138,,0.002,0.066,0.08,0.076,,0.025,0.797,,,,1.4385,,0.0,0.001,,,,,0.003,0.0025,,,,
554,0.139,,0.002,0.066,1.669,0.076,,0.025,4.117,,,,1.4425,,0.0,0.001,,,,,0.003,0.0025,,,,
555,0.138,,0.002,0.066,0.78,0.076,,0.025,0.40249999999999997,,,,1.4460000000000002,,0.0,0.001,,,,,0.003,0.0025,,,,
556,0.1385,,0.002,0.066,0.32,0.076,,0.025,0.133,,,,1.4449999999999998,,0.0,0.001,,,,,0.003,0.003,,,,
557,0.138,,0.002,0.066,0.5815,0.076,,0.025,1.1015,,,,1.448,,0.0,0.001,,,,,0.003,0.0025,,,,
558,0.138,,0.002,0.066,0.5770000000000001,0.076,,0.025,0.5645,,,,1.4495,,0.0,0.001,,,,,0.003,0.0025,,,,
559,0.139,,0.002,0.066,1.0105,0.076,,0.025,4.571,,,,1.445,,0.0,0.001,,,,,0.003,0.0025,,,,
560,0.138,,0.002,0.066,2.105,0.076,,0.025,0.14400000000000002,,,,1.4425,,0.0,0.001,,,,,0.003,0.002,,,,
561,0.1385,,0.002,0.066,0.5385,0.076,,0.025,3.1620000000000004,,,,1.448,,0.0,0.001,,,,,0.003,0.0025,,,,
562,0.138,,0.0025,0.066,0.23850000000000002,0.076,,0.025,0.164,,,,1.449,,0.0,0.001,,,,,0.003,0.002,,,,
563,0.138,,0.002,0.066,1.2045000000000001,0.076,,0.025,0.23850000000000002,,,,1.4505,,0.0,0.001,,,,,0.003,0.003,,,,
564,0.138,,0.002,0.066,0.40099999999999997,0.076,,0.025,0.643,,,,1.4465,,0.0,0.001,,,,,0.003,0.0025,,,,
565,0.1385,,0.002,0.066,3.3655000000000004,0.076,,0.025,4.8995,,,,1.4485000000000001,,0.0,0.001,,,,,0.003,0.0025,,,,
566,0.138,,0.0025,0.0665,0.9835,0.076,,0.025,0.1365,,,,1.4525000000000001,,0.0,0.001,,,,,0.003,0.0025,,,,
567,0.583,,0.0405,0.338,1.735,0.4175,,0.1275,1.093,,,0.196,1.4805000000000001,,0.0,0.002,,,,,0.0205,0.019,,,,
568,0.575,,0.0405,0.339,1.0075,0.40900000000000003,,0.1295,2.3895,,,0.3145,1.4805000000000001,,0.0,0.002,,,,,0.02,0.019,,,,
569,0.5740000000000001,,0.0405,0.3395,1.2165,0.40950000000000003,,0.127,2.281,,,0.41300000000000003,1.4805000000000001,,0.0,0.002,,,,,0.02,0.019,,,,
570,0.423,,0.0165,0.2565,0.9215,0.272,,0.107,1.2245,,,0.3155,1.4695,,0.0,0.0015000000000000002,,,,,0.014499999999999999,0.014,,,,
571,0.139,,0.002,0.066,0.0685,0.076,,0.025,0.07,,,,1.4765000000000001,,0.0,0.001,,,,,0.003,0.0025,,,,
572,0.138,,0.002,0.066,0.133,0.076,,0.025,0.3125,,,,1.4745,,0.0,0.001,,,,,0.003,0.0025,,,,
573,0.1385,,0.002,0.066,0.3905,0.076,,0.025,0.5015000000000001,,,,1.476,,0.0,0.001,,,,,0.003,0.0025,,,,
574,0.138,,0.002,0.066,0.128,0.076,,0.025,0.6495,,,,1.4735,,0.0,0.001,,,,,0.003,0.0025,,,,
575,0.138,,0.002,0.066,1.2095,0.076,,0.025,0.24700000000000003,,,,1.4755,,0.0,0.001,,,,,0.003,0.002,,,,
576,0.4385,,0.0195,0.269,1.516,0.278,,0.111,7.559,,,0.1275,1.483,,0.0,0.002,,,,,0.0165,0.015,,,,
577,0.138,,0.002,0.066,0.054,0.076,,0.025,0.1365,,,,1.427,,0.0,0.001,,,,,0.003,0.002,,,,
578,0.138,,0.002,0.066,1.7645,0.076,,0.025,0.498,,,,1.4235,,0.0,0.001,,,,,0.003,0.003,,,,
579,0.138,,0.002,0.066,0.351,0.076,,0.025,0.1685,,,,1.4255,,0.0,0.001,,,,,0.003,0.003,,,,
580,0.583,,0.0405,0.3395,0.9805,0.42100000000000004,,0.126,1.58,,,0.1965,1.4755,,0.0,0.002,,,,,0.021,0.019,,,,
581,0.5785,,0.0405,0.338,1.3010000000000002,0.41000000000000003,,0.127,1.9585000000000001,,,0.318,1.4689999999999999,,0.0,0.002,,,,,0.02,0.019,,,,
582,0.5805,,0.0405,0.342,3.801,0.41200000000000003,,0.1235,3.2075,,,0.41050000000000003,1.4785,,0.0,0.002,,,,,0.0205,0.019,,,,
583,0.42100000000000004,,0.014,0.189,0.589,0.2125,,0.07100000000000001,0.9045000000000001,,,0.14133333333333334,1.464,,0.0,0.0013333333333333333,,,,,0.013000000000000001,0.012,,,,
584,0.138,,0.002,0.066,0.07100000000000001,0.0755,,0.025,0.1855,,,,1.4580000000000002,,0.0,0.001,,,,,0.003,0.0025,,,,
585,0.138,,0.002,0.066,0.33349999999999996,0.076,,0.025,0.797,,,,1.4595,,0.0,0.001,,,,,0.003,0.002,,,,
586,0.138,,0.002,0.066,0.118,0.076,,0.025,0.7115,,,,1.466,,0.0,0.001,,,,,0.003,0.002,,,,
587,0.138,,0.002,0.066,0.5715,0.0755,,0.025,1.0985,,,,1.4625,,0.0,0.001,,,,,0.003,0.002,,,,
588,0.138,,0.0025,0.066,0.46099999999999997,0.076,,0.025,1.403,,,,1.4655,,0.0,0.001,,,,,0.003,0.002,,,,
589,0.138,,0.002,0.066,0.27999999999999997,0.076,,0.025,0.2775,,,,1.463,,0.0,0.001,,,,,0.003,0.002,,,,
590,0.138,,0.002,0.066,0.523,0.076,,0.025,0.5525,,,,1.4605000000000001,,0.0,0.001,,,,,0.003,0.002,,,,
591,0.138,,0.002,0.066,2.3595,0.076,,0.025,0.4265,,,,1.4665,,0.0,0.001,,,,,0.003,0.003,,,,
592,0.138,,0.002,0.066,0.6799999999999999,0.076,,0.025,1.2120000000000002,,,,1.463,,0.0,0.001,,,,,0.003,0.002,,,,
593,0.1385,,0.002,0.066,0.20750000000000002,0.076,,0.025,0.407,,,,1.4635,,0.0,0.001,,,,,0.003,0.0025,,,,
594,0.1385,,0.002,0.066,0.268,0.076,,0.025,0.1595,,,,1.467,,0.0,0.001,,,,,0.003,0.003,,,,
595,0.138,,0.002,0.066,0.675,0.076,,0.025,0.9235000000000001,,,,1.471,,0.0,0.001,,,,,0.003,0.003,,,,
596,0.1385,,0.002,0.066,1.027,0.076,,0.025,1.9769999999999999,,,,1.464,,0.0,0.001,,,,,0.003,0.0025,,,,
597,0.138,,0.002,0.066,0.325,0.076,,0.025,0.0865,,,,1.4725000000000001,,0.0,0.001,,,,,0.003,0.002,,,,
598,0.5885,,0.04,0.3425,0.9410000000000001,0.4155,,0.1255,1.9015,,,0.1975,1.504,,0.0,0.002,,,,,0.021,0.019,,,,
599,0.579,,0.04,0.3405,1.2745000000000002,0.41300000000000003,,0.126,0.9775,,,0.314,1.505,,0.0,0.002,,,,,0.0205,0.019,,,,
600,0.585,,0.0405,0.341,0.9690000000000001,0.41350000000000003,,0.126,1.5485,,,0.08016666666666666,1.4405000000000001,,0.0,0.00125,,,,,0.02,0.019,,,,
601,0.14350000000000002,,0.003,0.0775,1.961,0.0855,,0.027,6.0345,,,0.031,1.424,,0.0,0.001,,,,,0.0035,0.003,,,,
602,0.138,,0.002,0.066,5.7815,0.076,,0.025,2.7825,,,,1.4115,,0.0,0.001,,,,,0.003,0.003,,,,
603,0.1375,,0.002,0.0655,0.601,0.076,,0.025,0.4175,,,,1.419,,0.0,0.001,,,,,0.003,0.002,,,,
604,0.138,,0.002,0.066,0.08349999999999999,0.0765,,0.025,0.157,,,,1.414,,0.0,0.001,,,,,0.003,0.003,,,,
605,0.1385,,0.002,0.066,0.769,0.076,,0.025,0.24350000000000002,,,,1.413,,0.0,0.001,,,,,0.003,0.0025,,,,
606,0.138,,0.002,0.066,0.367,0.076,,0.025,0.6160000000000001,,,,1.4175,,0.0,0.001,,,,,0.003,0.002,,,,
607,0.1385,,0.002,0.066,0.10600000000000001,0.076,,0.025,0.24800000000000003,,,,1.4165,,0.0,0.001,,,,,0.003,0.002,,,,
608,0.138,,0.002,0.066,1.417,0.076,,0.025,0.2875,,,,1.415,,0.0,0.001,,,,,0.003,0.002,,,,
609,0.1385,,0.002,0.066,0.2915,0.0765,,0.025,0.5650000000000001,,,,1.418,,0.0,0.001,,,,,0.003,0.0025,,,,
610,0.138,,0.002,0.066,0.9235000000000001,0.0765,,0.025,0.388,,,,1.4195,,0.0,0.001,,,,,0.003,0.0025,,,,
611,0.1385,,0.002,0.066,1.2420000000000002,0.076,,0.025,2.947,,,,1.4144999999999999,,0.0,0.001,,,,,0.003,0.003,,,,
612,0.138,,0.002,0.066,0.4095,0.076,,0.025,0.368,,,,1.4140000000000001,,0.0,0.001,,,,,0.003,0.0025,,,,
613,0.1395,,0.002,0.066,0.4815,0.076,,0.025,0.2005,,,,1.415,,0.0,0.001,,,,,0.003,0.002,,,,
614,0.138,,0.002,0.066,1.181,0.076,,0.025,2.2920000000000003,,,,1.4195,,0.0,0.001,,,,,0.003,0.002,,,,
615,0.138,,0.002,0.066,0.353,0.076,,0.025,0.611,,,,1.4165,,0.0,0.001,,,,,0.003,0.003,,,,
616,0.1385,,0.002,0.066,0.17800000000000002,0.076,,0.025,0.1615,,,,1.4155,,0.0,0.001,,,,,0.003,0.003,,,,
617,0.1385,,0.002,0.066,0.308,0.076,,0.025,0.202,,,,1.4205,,0.0,0.001,,,,,0.003,0.0025,,,,
618,0.1385,,0.002,0.066,0.8965000000000001,0.076,,0.025,0.11549999999999999,,,,1.42,,0.0,0.001,,,,,0.003,0.002,,,,
619,0.1385,,0.002,0.066,1.7025000000000001,0.076,,0.025,5.835,,,,1.42,,0.0,0.001,,,,,0.003,0.0025,,,,
620,0.138,,0.002,0.066,3.5980000000000003,0.076,,0.025,3.2915,,,,1.4209999999999998,,0.0,0.001,,,,,0.003,0.002,,,,
621,0.1385,,0.002,0.066,0.1375,0.076,,0.025,0.10800000000000001,,,,1.4195,,0.0,0.001,,,,,0.003,0.003,,,,
622,0.1385,,0.002,0.066,0.08449999999999999,0.076,,0.025,0.5765,,,,1.421,,0.0,0.001,,,,,0.003,0.0025,,,,
623,0.584,,0.0405,0.337,0.9555,0.41300000000000003,,0.127,0.9615,,,0.198,1.467,,0.0,0.002,,,,,0.0205,0.019,,,,
624,0.5825,,0.0405,0.3385,0.9875,0.41200000000000003,,0.1275,1.481,,,0.317,1.4685000000000001,,0.0,0.002,,,,,0.021,0.019,,,,
625,0.579,,0.0405,0.3415,0.9410000000000001,0.41250000000000003,,0.1265,2.1625,,,0.41500000000000004,1.4635,,0.0,0.002,,,,,0.02,0.019,,,,
626,0.5710000000000001,,0.034,0.3385,0.9530000000000001,0.4,,0.14,2.162,,,0.47500000000000003,1.4595,,0.0,0.002,,,,,0.019,0.018000000000000002,,,,
627,0.138,,0.002,0.066,0.1825,0.076,,0.025,0.3315,,,,1.464,,0.0,0.001,,,,,0.003,0.002,,,,
628,0.1385,,0.002,0.066,0.2495,0.076,,0.025,0.18150000000000002,,,,1.468,,0.0,0.001,,,,,0.003,0.002,,,,
629,0.138,,0.002,0.066,0.5945,0.076,,0.025,0.1385,,,,1.4715,,0.0,0.001,,,,,0.003,0.002,,,,
630,0.138,,0.002,0.066,0.8595,0.076,,0.025,0.9625,,,,1.4655,,0.0,0.001,,,,,0.003,0.003,,,,
631,0.1385,,0.002,0.066,3.7145,0.076,,0.025,2.9435000000000002,,,,1.4645000000000001,,0.0,0.001,,,,,0.003,0.0025,,,,
632,0.139,,0.002,0.066,0.217,0.076,,0.025,0.1245,,,,1.4695,,0.0,0.001,,,,,0.003,0.0025,,,,
633,0.1385,,0.002,0.066,0.3885,0.076,,0.025,0.3095,,,,1.4685000000000001,,0.0,0.001,,,,,0.003,0.0025,,,,
634,0.1385,,0.002,0.066,2.0035,0.076,,0.025,0.23700000000000002,,,,1.4705,,0.0,0.001,,,,,0.003,0.0025,,,,
635,0.1385,,0.002,0.066,0.131,0.076,,0.025,0.17700000000000002,,,,1.473,,0.0,0.001,,,,,0.003,0.003,,,,
636,0.1385,,0.002,0.066,0.417,0.076,,0.025,0.605,,,,1.4689999999999999,,0.0,0.001,,,,,0.003,0.0025,,,,
637,0.139,,0.002,0.066,2.3685,0.076,,0.025,0.4955,,,,1.4785,,0.0,0.001,,,,,0.003,0.002,,,,
638,0.138,,0.002,0.066,1.2069999999999999,0.076,,0.025,2.4000000000000004,,,,1.4700000000000002,,0.0,0.001,,,,,0.003,0.0025,,,,
639,0.138,,0.002,0.066,0.203,0.076,,0.025,0.256,,,,1.4765000000000001,,0.0,0.001,,,,,0.003,0.0025,,,,
640,0.139,,0.002,0.066,0.10550000000000001,0.076,,0.025,0.11549999999999999,,,,1.474,,0.0,0.001,,,,,0.003,0.0025,,,,
641,0.138,,0.002,0.066,0.11349999999999999,0.076,,0.025,0.5475000000000001,,,,1.4715,,0.0,0.001,,,,,0.003,0.002,,,,
642,0.1385,,0.002,0.066,0.20950000000000002,0.076,,0.025,1.191,,,,1.475,,0.0,0.001,,,,,0.003,0.002,,,,
643,0.1385,,0.002,0.066,0.226,0.076,,0.025,0.5325,,,,1.4745,,0.0,0.001,,,,,0.003,0.0025,,,,
644,0.138,,0.002,0.066,0.17700000000000002,0.076,,0.025,0.1685,,,,1.479,,0.0,0.001,,,,,0.003,0.002,,,,
645,0.139,,0.002,0.066,0.2625,0.076,,0.025,0.18000000000000002,,,,1.4755,,0.0,0.001,,,,,0.003,0.0025,,,,
646,0.138,,0.002,0.066,1.9565,0.076,,0.025,3.4355,,,,1.4555,,0.0,0.001,,,,,0.003,0.003,,,,
647,0.139,,0.002,0.066,0.1005,0.076,,0.025,0.146,,,,1.4585,,0.0,0.001,,,,,0.003,0.0025,,,,
648,0.138,,0.002,0.066,0.2855,0.076,,0.025,0.40099999999999997,,,,1.4645000000000001,,0.0,0.001,,,,,0.003,0.002,,,,
649,0.1385,,0.002,0.0655,0.27,0.076,,0.025,0.537,,,,1.4595,,0.0,0.001,,,,,0.003,0.002,,,,
650,0.1385,,0.002,0.066,0.4185,0.076,,0.025,1.743,,,,1.4605000000000001,,0.0,0.001,,,,,0.003,0.002,,,,
651,0.1385,,0.002,0.066,0.312,0.076,,0.025,0.471,,,,1.4585,,0.0,0.001,,,,,0.003,0.002,,,,
652,0.138,,0.0025,0.066,0.408,0.076,,0.025,0.40349999999999997,,,,1.4575,,0.0,0.001,,,,,0.003,0.0025,,,,
653,0.138,,0.002,0.066,2.14,0.076,,0.025,0.414,,,,1.4595,,0.0,0.001,,,,,0.003,0.0025,,,,
654,0.138,,0.002,0.066,0.248,0.076,,0.025,0.489,,,,1.4585,,0.0,0.001,,,,,0.003,0.002,,,,
655,0.139,,0.002,0.066,0.2975,0.076,,0.025,0.5935,,,,1.46,,0.0,0.001,,,,,0.003,0.0025,,,,
656,0.138,,0.002,0.066,0.17600000000000002,0.076,,0.025,0.2595,,,,1.463,,0.0,0.001,,,,,0.003,0.003,,,,
657,0.138,,0.002,0.066,0.11549999999999999,0.076,,0.025,0.6345,,,,1.463,,0.0,0.001,,,,,0.003,0.002,,,,
658,0.138,,0.002,0.066,0.24000000000000002,0.0755,,0.025,2.4724999999999997,,,,1.4655,,0.0,0.001,,,,,0.003,0.0025,,,,
659,0.1385,,0.002,0.066,0.647,0.076,,0.025,0.324,,,,1.4635,,0.0,0.001,,,,,0.003,0.0025,,,,
660,0.138,,0.002,0.066,0.6285,0.076,,0.025,1.0865,,,,1.4665,,0.0,0.001,,,,,0.003,0.0025,,,,
661,0.1385,,0.002,0.066,1.195,0.076,,0.025,0.33999999999999997,,,,1.4645000000000001,,0.0,0.001,,,,,0.003,0.003,,,,
662,0.138,,0.002,0.066,0.583,0.076,,0.025,0.20550000000000002,,,,1.4655,,0.0,0.001,,,,,0.003,0.0025,,,,
663,0.1385,,0.002,0.066,0.159,0.076,,0.025,0.21250000000000002,,,,1.464,,0.0,0.001,,,,,0.003,0.0025,,,,
664,0.138,,0.002,0.066,0.10800000000000001,0.0755,,0.025,2.713,,,,1.465,,0.0,0.001,,,,,0.003,0.0025,,,,
665,0.138,,0.002,0.066,0.499,0.076,,0.025,0.5485000000000001,,,,1.4649999999999999,,0.0,0.001,,,,,0.003,0.0025,,,,
666,0.138,,0.002,0.066,0.8425,0.076,,0.025,0.17800000000000002,,,,1.471,,0.0,0.001,,,,,0.003,0.002,,,,
667,0.138,,0.002,0.066,0.11499999999999999,0.076,,0.025,1.3355,,,,1.4689999999999999,,0.0,0.001,,,,,0.003,0.003,,,,
668,0.138,,0.002,0.066,0.45849999999999996,0.076,,0.025,0.571,,,,1.4660000000000002,,0.0,0.001,,,,,0.003,0.0025,,,,
669,0.138,,0.002,0.066,0.521,0.076,,0.025,0.736,,,,1.468,,0.0,0.001,,,,,0.003,0.0025,,,,
670,0.138,,0.002,0.066,0.148,0.076,,0.025,2.478,,,,1.472,,0.0,0.001,,,,,0.003,0.0025,,,,
671,0.138,,0.002,0.0655,0.5045000000000001,0.076,,0.025,0.874,,,,1.475,,0.0,0.001,,,,,0.003,0.003,,,,
672,0.138,,0.002,0.066,0.6115,0.0755,,0.025,0.46849999999999997,,,,1.4689999999999999,,0.0,0.001,,,,,0.003,0.003,,,,
673,0.138,,0.002,0.066,0.17,0.076,,0.025,0.10250000000000001,,,,1.4700000000000002,,0.0,0.001,,,,,0.003,0.0025,,,,
674,0.138,,0.002,0.066,0.5095000000000001,0.0765,,0.025,1.0510000000000002,,,,1.4715,,0.0,0.001,,,,,0.003,0.003,,,,
675,0.138,,0.002,0.066,0.33149999999999996,0.076,,0.025,1.3605,,,,1.4745,,0.0,0.001,,,,,0.003,0.0025,,,,
676,0.138,,0.002,0.066,0.24000000000000002,0.076,,0.025,0.2995,,,,1.4765000000000001,,0.0,0.001,,,,,0.003,0.003,,,,
677,0.138,,0.002,0.066,0.544,0.076,,0.025,0.489,,,,1.464,,0.0,0.001,,,,,0.003,0.0025,,,,
678,0.138,,0.002,0.066,0.8275,0.076,,0.025,0.24400000000000002,,,,1.4615,,0.0,0.001,,,,,0.003,0.0025,,,,
679,0.138,,0.002,0.066,2.386,0.076,,0.025,1.0,,,,1.461,,0.0,0.001,,,,,0.003,0.002,,,,
680,0.138,,0.002,0.066,0.435,0.076,,0.025,0.23500000000000001,,,,1.462,,0.0,0.001,,,,,0.003,0.002,,,,
681,0.138,,0.002,0.066,0.0915,0.076,,0.025,0.17200000000000001,,,,1.466,,0.0,0.001,,,,,0.003,0.002,,,,
682,0.138,,0.002,0.066,0.218,0.076,,0.025,0.2305,,,,1.4605000000000001,,0.0,0.001,,,,,0.003,0.0025,,,,
683,0.138,,0.002,0.066,0.76,0.076,,0.025,3.6335,,,,1.4649999999999999,,0.0,0.001,,,,,0.003,0.003,,,,
684,0.138,,0.002,0.066,0.3685,0.076,,0.025,0.229,,,,1.4675,,0.0,0.001,,,,,0.003,0.002,,,,
685,0.138,,0.002,0.066,0.17850000000000002,0.076,,0.025,0.10550000000000001,,,,1.4660000000000002,,0.0,0.001,,,,,0.003,0.003,,,,
686,0.1385,,0.002,0.066,0.45649999999999996,0.076,,0.025,0.6955,,,,1.466,,0.0,0.001,,,,,0.003,0.003,,,,
687,0.1385,,0.002,0.066,0.2775,0.076,,0.025,0.221,,,,1.4695,,0.0,0.001,,,,,0.003,0.0025,,,,
688,0.138,,0.002,0.066,0.17800000000000002,0.076,,0.025,0.0975,,,,1.4665,,0.0,0.001,,,,,0.003,0.002,,,,
689,0.138,,0.002,0.066,0.0905,0.076,,0.025,0.40549999999999997,,,,1.464,,0.0,0.001,,,,,0.003,0.003,,,,
690,0.1385,,0.002,0.066,0.5785,0.076,,0.025,0.0985,,,,1.4685000000000001,,0.0,0.001,,,,,0.003,0.002,,,,
691,0.1385,,0.002,0.0655,0.2275,0.076,,0.025,0.788,,,,1.4705,,0.0,0.001,,,,,0.003,0.002,,,,
692,0.139,,0.002,0.066,0.5860000000000001,0.076,,0.025,0.5785,,,,1.4665,,0.0,0.001,,,,,0.003,0.002,,,,
693,0.138,,0.002,0.066,0.5945,0.076,,0.025,0.8845000000000001,,,,1.47,,0.0,0.001,,,,,0.003,0.0025,,,,
694,0.1385,,0.002,0.066,0.18050000000000002,0.076,,0.025,2.2415000000000003,,,,1.4735,,0.0,0.001,,,,,0.003,0.0025,,,,
695,0.138,,0.002,0.066,0.5665,0.076,,0.025,1.5475,,,,1.4700000000000002,,0.0,0.001,,,,,0.003,0.002,,,,
696,0.138,,0.002,0.066,0.5650000000000001,0.076,,0.025,0.673,,,,1.456,,0.0,0.001,,,,,0.003,0.003,,,,
697,0.1385,,0.002,0.0655,0.1625,0.076,,0.025,0.268,,,,1.4585,,0.0,0.001,,,,,0.003,0.0025,,,,
698,0.138,,0.002,0.066,0.71,0.076,,0.025,0.3445,,,,1.4605000000000001,,0.0,0.001,,,,,0.003,0.0025,,,,
699,0.138,,0.002,0.066,0.545,0.076,,0.025,1.447,,,,1.4575,,0.0,0.001,,,,,0.003,0.002,,,,
700,0.138,,0.002,0.066,0.1255,0.076,,0.025,0.1875,,,,1.4585,,0.0,0.001,,,,,0.003,0.003,,,,
701,0.1385,,0.002,0.066,0.522,0.076,,0.025,0.7565000000000001,,,,1.456,,0.0,0.001,,,,,0.003,0.0025,,,,
702,0.139,,0.002,0.066,0.1405,0.076,,0.025,0.663,,,,1.4645000000000001,,0.0,0.001,,,,,0.003,0.003,,,,
703,0.138,,0.002,0.066,0.33749999999999997,0.076,,0.025,0.9810000000000001,,,,1.4625,,0.0,0.001,,,,,0.003,0.0025,,,,
704,0.138,,0.002,0.066,0.5515,0.076,,0.025,3.0220000000000002,,,,1.4615,,0.0,0.001,,,,,0.003,0.003,,,,
705,0.138,,0.002,0.066,0.4735,0.076,,0.025,0.8560000000000001,,,,1.4655,,0.0,0.001,,,,,0.003,0.0025,,,,
706,0.138,,0.002,0.066,2.3289999999999997,0.076,,0.025,0.21500000000000002,,,,1.4695,,0.0,0.001,,,,,0.003,0.0025,,,,
707,0.1385,,0.002,0.066,1.4200000000000002,0.076,,0.025,0.746,,,,1.4620000000000002,,0.0,0.001,,,,,0.003,0.003,,,,
708,0.138,,0.002,0.066,0.5815,0.076,,0.025,3.3535000000000004,,,,1.4685000000000001,,0.0,0.001,,,,,0.003,0.0025,,,,
709,0.138,,0.002,0.0665,0.17350000000000002,0.076,,0.025,0.2545,,,,1.4675,,0.0,0.001,,,,,0.003,0.002,,,,
710,0.138,,0.002,0.066,0.636,0.076,,0.025,0.3685,,,,1.4655,,0.0,0.001,,,,,0.003,0.003,,,,
711,0.1385,,0.002,0.066,0.6020000000000001,0.076,,0.025,0.14350000000000002,,,,1.4675,,0.0,0.001,,,,,0.003,0.0025,,,,
712,0.138,,0.002,0.066,0.1875,0.0765,,0.025,0.6095,,,,1.463,,0.0,0.001,,,,,0.003,0.003,,,,
713,0.138,,0.002,0.0665,0.5045000000000001,0.076,,0.025,0.24650000000000002,,,,1.4649999999999999,,0.0,0.001,,,,,0.003,0.0025,,,,
714,0.138,,0.002,0.066,0.299,0.076,,0.025,0.7495,,,,1.4655,,0.0,0.001,,,,,0.003,0.003,,,,
715,0.138,,0.002,0.066,0.187,0.076,,0.025,0.541,,,,1.468,,0.0,0.001,,,,,0.003,0.002,,,,
716,0.138,,0.002,0.066,0.449,0.076,,0.025,0.5635,,,,1.471,,0.0,0.001,,,,,0.003,0.003,,,,
717,0.1385,,0.002,0.066,0.3015,0.076,,0.025,0.188,,,,1.4645000000000001,,0.0,0.001,,,,,0.003,0.003,,,,
718,0.1385,,0.002,0.066,0.1665,0.076,,0.025,0.40599999999999997,,,,1.468,,0.0,0.001,,,,,0.003,0.003,,,,
719,0.138,,0.002,0.066,0.4105,0.076,,0.025,2.0180000000000002,,,,1.466,,0.0,0.001,,,,,0.003,0.003,,,,
720,0.1385,,0.002,0.066,0.6205,0.076,,0.025,0.2285,,,,1.4715,,0.0,0.001,,,,,0.003,0.002,,,,
721,0.1385,,0.002,0.066,0.218,0.076,,0.025,0.3595,,,,1.4685000000000001,,0.0,0.001,,,,,0.003,0.0025,,,,
722,0.1385,,0.002,0.066,0.5925,0.076,,0.025,0.706,,,,1.4685000000000001,,0.0,0.001,,,,,0.003,0.003,,,,
723,0.138,,0.002,0.066,0.3685,0.076,,0.025,0.4265,,,,1.471,,0.0,0.001,,,,,0.003,0.003,,,,
724,0.138,,0.0025,0.066,0.32,0.076,,0.025,0.278,,,,1.4725000000000001,,0.0,0.001,,,,,0.003,0.0025,,,,
725,0.138,,0.002,0.066,0.4695,0.0755,,0.025,1.2285,,,,1.4725000000000001,,0.0,0.001,,,,,0.003,0.0025,,,,
726,0.139,,0.002,0.066,0.0905,0.076,,0.025,0.304,,,,1.469,,0.0,0.001,,,,,0.003,0.002,,,,
727,0.5814999999999999,,0.0405,0.3385,1.6415000000000002,0.41800000000000004,,0.1265,3.2085,,,0.1985,1.463,,0.0,0.002,,,,,0.021,0.019,,,,
728,0.5795,,0.0405,0.341,1.0265,0.41200000000000003,,0.1265,1.9905,,,0.3165,1.462,,0.0,0.002,,,,,0.02,0.019,,,,
729,0.5740000000000001,,0.0405,0.3395,3.4965,0.40900000000000003,,0.1275,3.8950000000000005,,,0.41200000000000003,1.4620000000000002,,0.0,0.002,,,,,0.02,0.019,,,,
730,0.583,,0.0405,0.341,1.0995000000000001,0.40850000000000003,,0.125,2.0915,,,0.16283333333333336,1.4655,,0.0,0.0016666666666666668,,,,,0.0205,0.019,,,,
731,0.429,,0.013500000000000002,0.1715,0.5920000000000001,0.2125,,0.0665,0.889,,,0.132,1.5195,,0.0,0.0015000000000000002,,,,,0.013000000000000001,0.012,,,,
732,0.5825,,0.0405,0.341,0.9650000000000001,0.41200000000000003,,0.1275,1.8485,,,0.195,1.4815,,0.0,0.002,,,,,0.02,0.019,,,,
733,0.4275,,0.015,0.1885,0.75,0.28450000000000003,,0.07200000000000001,0.8240000000000001,,,0.1895,1.4665,,0.0,0.0016666666666666668,,,,,0.014499999999999999,0.013500000000000002,,,,
734,0.581,,0.04,0.337,1.2155,0.41100000000000003,,0.127,1.6195000000000002,,,0.1985,1.4304999999999999,,0.0,0.002,,,,,0.02,0.019,,,,
735,0.5745,,0.0405,0.3415,0.9685,0.41550000000000004,,0.128,2.9615,,,0.3165,1.4295,,0.0,0.002,,,,,0.0205,0.019,,,,
736,0.584,,0.0405,0.34,1.4705,0.40950000000000003,,0.127,2.0665,,,0.4155,1.4295,,0.0,0.002,,,,,0.0205,0.019,,,,
737,0.5795,,0.0405,0.3415,0.9865,0.41300000000000003,,0.1275,2.1695,,,0.513,1.4304999999999999,,0.0,0.002,,,,,0.02,0.019,,,,
738,0.5805,,0.0405,0.342,1.0445,0.4165,,0.127,2.3055000000000003,,,0.628,1.4275,,0.0,0.002,,,,,0.02,0.019,,,,
739,0.5680000000000001,,0.026500000000000003,0.273,0.9,0.28650000000000003,,0.123,1.9304999999999999,,,0.14233333333333334,1.4144999999999999,,0.0,0.0016666666666666668,,,,,0.018500000000000003,0.017,,,,
740,0.138,,0.002,0.066,0.1195,0.076,,0.025,0.0635,,,,1.471,,0.0,0.001,,,,,0.003,0.002,,,,
741,0.1385,,0.002,0.0655,0.287,0.076,,0.025,0.8160000000000001,,,,1.4665,,0.0,0.001,,,,,0.003,0.003,,,,
742,0.1385,,0.002,0.0655,0.192,0.076,,0.025,0.486,,,,1.474,,0.0,0.001,,,,,0.003,0.003,,,,
743,0.138,,0.002,0.066,0.23650000000000002,0.076,,0.025,0.155,,,,1.472,,0.0,0.001,,,,,0.003,0.002,,,,
744,0.1385,,0.002,0.066,1.4515,0.076,,0.025,1.2750000000000001,,,,1.4729999999999999,,0.0,0.001,,,,,0.003,0.0025,,,,
745,0.138,,0.002,0.066,0.20400000000000001,0.076,,0.025,0.10550000000000001,,,,1.473,,0.0,0.001,,,,,0.003,0.0025,,,,
746,0.138,,0.002,0.066,0.087,0.076,,0.025,0.436,,,,1.476,,0.0,0.001,,,,,0.003,0.0025,,,,
747,0.1385,,0.002,0.066,3.2125000000000004,0.076,,0.025,2.1625,,,,1.472,,0.0,0.001,,,,,0.003,0.0025,,,,
748,0.138,,0.002,0.066,0.08449999999999999,0.076,,0.025,0.39699999999999996,,,,1.474,,0.0,0.001,,,,,0.003,0.002,,,,
749,0.1385,,0.002,0.066,0.2635,0.076,,0.025,0.303,,,,1.477,,0.0,0.001,,,,,0.003,0.0025,,,,
750,0.138,,0.002,0.066,2.1415,0.076,,0.025,2.737,,,,1.4725000000000001,,0.0,0.001,,,,,0.003,0.0025,,,,
751,0.138,,0.002,0.066,0.10750000000000001,0.076,,0.025,0.606,,,,1.4740000000000002,,0.0,0.001,,,,,0.003,0.002,,,,
752,0.138,,0.002,0.066,0.128,0.076,,0.025,0.1275,,,,1.4775,,0.0,0.001,,,,,0.003,0.002,,,,
753,0.138,,0.002,0.066,0.2005,0.076,,0.025,0.1265,,,,1.4795,,0.0,0.001,,,,,0.003,0.0025,,,,
754,0.1385,,0.002,0.066,0.08449999999999999,0.076,,0.025,2.5785000000000005,,,,1.4785,,0.0,0.001,,,,,0.003,0.0025,,,,
755,0.1385,,0.002,0.066,0.1,0.076,,0.025,0.6415000000000001,,,,1.4769999999999999,,0.0,0.001,,,,,0.003,0.0025,,,,
756,0.138,,0.002,0.066,0.39349999999999996,0.076,,0.025,0.409,,,,1.4780000000000002,,0.0,0.001,,,,,0.003,0.003,,,,
757,0.138,,0.002,0.066,4.854,0.076,,0.025,1.1575,,,,1.475,,0.0,0.001,,,,,0.003,0.003,,,,
758,0.138,,0.002,0.066,0.6345,0.076,,0.025,0.1485,,,,1.4785,,0.0,0.001,,,,,0.003,0.0025,,,,
759,0.1385,,0.002,0.066,0.24000000000000002,0.076,,0.025,0.5425,,,,1.48,,0.0,0.001,,,,,0.003,0.002,,,,
760,0.1385,,0.002,0.066,2.7525000000000004,0.076,,0.025,4.883,,,,1.482,,0.0,0.001,,,,,0.003,0.0025,,,,
761,0.138,,0.002,0.066,0.20500000000000002,0.076,,0.025,2.2535000000000003,,,,1.4775,,0.0,0.001,,,,,0.003,0.002,,,,
762,0.139,,0.002,0.066,2.077,0.076,,0.025,0.1945,,,,1.4809999999999999,,0.0,0.001,,,,,0.003,0.0025,,,,
763,0.1385,,0.002,0.066,0.23500000000000001,0.076,,0.025,0.23950000000000002,,,,1.4815,,0.0,0.001,,,,,0.003,0.0025,,,,
764,0.138,,0.002,0.066,0.641,0.076,,0.025,0.1635,,,,1.4860000000000002,,0.0,0.001,,,,,0.003,0.003,,,,
765,0.138,,0.002,0.066,3.3874999999999997,0.076,,0.025,0.431,,,,1.483,,0.0,0.001,,,,,0.003,0.0025,,,,
766,0.138,,0.0025,0.066,0.228,0.076,,0.025,2.2505,,,,1.485,,0.0,0.001,,,,,0.003,0.0025,,,,
767,0.138,,0.002,0.066,0.4395,0.076,,0.025,0.3015,,,,1.483,,0.0,0.001,,,,,0.003,0.002,,,,
768,0.138,,0.002,0.066,0.128,0.076,,0.025,0.5519999999999999,,,,1.4905,,0.0,0.001,,,,,0.003,0.003,,,,
769,0.1385,,0.002,0.066,0.0895,0.076,,0.025,0.093,,,,1.4905,,0.0,0.001,,,,,0.003,0.0025,,,,
770,0.1385,,0.002,0.066,0.33849999999999997,0.076,,0.025,0.5205,,,,1.4889999999999999,,0.0,0.001,,,,,0.003,0.002,,,,
771,0.1385,,0.002,0.066,0.10900000000000001,0.076,,0.025,0.0915,,,,1.487,,0.0,0.001,,,,,0.003,0.003,,,,
772,0.138,,0.0025,0.066,0.1395,0.076,,0.025,2.5940000000000003,,,,1.4925000000000002,,0.0,0.001,,,,,0.003,0.0025,,,,
773,0.1385,,0.002,0.066,0.23700000000000002,0.0765,,0.025,0.2995,,,,1.4915,,0.0,0.001,,,,,0.003,0.002,,,,
774,0.138,,0.002,0.066,0.256,0.0765,,0.025,0.9125000000000001,,,,1.492,,0.0,0.001,,,,,0.003,0.0025,,,,
775,0.138,,0.002,0.066,1.0665,0.076,,0.025,0.21000000000000002,,,,1.4820000000000002,,0.0,0.001,,,,,0.003,0.003,,,,
776,0.1385,,0.002,0.066,0.567,0.076,,0.025,0.7875000000000001,,,,1.4785,,0.0,0.001,,,,,0.003,0.003,,,,
777,0.138,,0.002,0.066,1.7135,0.076,,0.025,0.125,,,,1.4875,,0.0,0.001,,,,,0.003,0.003,,,,
778,0.1385,,0.002,0.066,0.36,0.076,,0.025,0.123,,,,1.48,,0.0,0.001,,,,,0.003,0.003,,,,
779,0.138,,0.002,0.0655,2.559,0.076,,0.025,0.3045,,,,1.485,,0.0,0.001,,,,,0.003,0.003,,,,
780,0.138,,0.002,0.066,0.21550000000000002,0.076,,0.025,0.097,,,,1.4845000000000002,,0.0,0.001,,,,,0.003,0.003,,,,
781,0.1385,,0.002,0.066,0.1195,0.076,,0.025,0.512,,,,1.4849999999999999,,0.0,0.001,,,,,0.003,0.002,,,,
782,0.138,,0.0025,0.066,0.32899999999999996,0.076,,0.025,0.14350000000000002,,,,1.488,,0.0,0.001,,,,,0.003,0.0025,,,,
783,0.138,,0.002,0.066,0.184,0.076,,0.025,0.33349999999999996,,,,1.4849999999999999,,0.0,0.001,,,,,0.003,0.003,,,,
784,0.138,,0.002,0.066,0.197,0.076,,0.025,0.3685,,,,1.484,,0.0,0.001,,,,,0.003,0.002,,,,
785,0.1385,,0.002,0.066,0.1515,0.076,,0.025,0.6315,,,,1.4875,,0.0,0.001,,,,,0.003,0.0025,,,,
786,0.138,,0.002,0.066,0.6745,0.076,,0.025,0.4105,,,,1.488,,0.0,0.001,,,,,0.003,0.003,,,,
787,0.138,,0.002,0.066,0.4375,0.076,,0.025,0.0945,,,,1.488,,0.0,0.001,,,,,0.003,0.0025,,,,
788,0.138,,0.0025,0.066,0.127,0.076,,0.025,0.4235,,,,1.489,,0.0,0.001,,,,,0.003,0.0025,,,,
789,0.1385,,0.002,0.066,0.5035000000000001,0.076,,0.025,0.8355,,,,1.4935,,0.0,0.001,,,,,0.003,0.0025,,,,
790,0.1385,,0.002,0.066,0.1235,0.076,,0.025,0.10750000000000001,,,,1.4895,,0.0,0.001,,,,,0.003,0.0025,,,,
791,0.138,,0.002,0.0665,0.1645,0.076,,0.025,0.5539999999999999,,,,1.4889999999999999,,0.0,0.001,,,,,0.003,0.002,,,,
792,0.138,,0.002,0.066,0.3205,0.076,,0.025,0.512,,,,1.4895,,0.0,0.001,,,,,0.003,0.002,,,,
793,0.588,,0.0405,0.338,1.0295,0.41600000000000004,,0.1275,2.865,,,0.196,1.529,,0.0,0.002,,,,,0.0205,0.019,,,,
794,0.175,,0.006,0.0935,0.266,0.1115,,0.032,0.342,,,0.064,1.499,,0.0,0.001,,,,,0.006,0.006,,,,
795,0.1385,,0.002,0.0655,0.36800000000000005,0.076,,0.025,0.42550000000000004,,,,1.4795,,0.0,0.001,,,,,0.003,0.002,,,,
796,0.138,,0.002,0.066,0.127,0.076,,0.025,0.1015,,,,1.4815,,0.0,0.001,,,,,0.003,0.0025,,,,
797,0.138,,0.002,0.066,0.0905,0.076,,0.025,0.78,,,,1.4805000000000001,,0.0,0.001,,,,,0.003,0.0025,,,,
798,0.138,,0.0025,0.066,0.5695,0.076,,0.025,0.269,,,,1.479,,0.0,0.001,,,,,0.003,0.0025,,,,
799,0.1385,,0.002,0.066,0.1375,0.076,,0.025,0.4695,,,,1.4865,,0.0,0.001,,,,,0.003,0.0025,,,,
800,0.138,,0.002,0.066,2.339,0.076,,0.025,0.44,,,,1.4885000000000002,,0.0,0.001,,,,,0.003,0.0025,,,,
801,0.581,,0.0405,0.3385,2.0205,0.4195,,0.127,1.1855,,,0.195,1.5315,,0.0,0.002,,,,,0.02,0.019,,,,
802,0.294,,0.01,0.155,1.5919999999999999,0.1995,,0.0605,0.551,,,0.117,1.518,,0.0,0.0013333333333333333,,,,,0.01,0.009000000000000001,,,,
803,0.1385,,0.002,0.066,0.528,0.076,,0.025,0.14250000000000002,,,,1.4865,,0.0,0.001,,,,,0.003,0.0025,,,,
804,0.1385,,0.002,0.066,0.659,0.076,,0.025,0.182,,,,1.4905,,0.0,0.001,,,,,0.003,0.0025,,,,
805,0.138,,0.002,0.066,0.169,0.076,,0.025,0.6565000000000001,,,,1.483,,0.0,0.001,,,,,0.003,0.0025,,,,
806,0.138,,0.002,0.0665,3.05,0.076,,0.025,3.4480000000000004,,,,1.4849999999999999,,0.0,0.001,,,,,0.003,0.002,,,,
807,0.138,,0.002,0.066,0.892,0.076,,0.025,0.9730000000000001,,,,1.488,,0.0,0.001,,,,,0.003,0.0025,,,,
808,0.1385,,0.002,0.066,1.2795,0.076,,0.025,5.151,,,,1.4895,,0.0,0.001,,,,,0.003,0.003,,,,
809,0.1385,,0.002,0.066,1.5905,0.076,,0.025,5.4475,,,,1.492,,0.0,0.001,,,,,0.003,0.0025,,,,
810,0.138,,0.002,0.0655,0.388,0.076,,0.025,0.45899999999999996,,,,1.491,,0.0,0.001,,,,,0.003,0.0025,,,,
811,0.138,,0.002,0.066,0.11449999999999999,0.076,,0.025,0.2655,,,,1.4915,,0.0,0.001,,,,,0.003,0.003,,,,
812,0.138,,0.002,0.066,1.2845,0.076,,0.025,0.345,,,,1.4929999999999999,,0.0,0.001,,,,,0.003,0.0025,,,,
813,0.1385,,0.002,0.066,0.8315,0.076,,0.025,0.5195000000000001,,,,1.4935,,0.0,0.001,,,,,0.003,0.003,,,,
814,0.138,,0.002,0.066,0.1295,0.076,,0.025,0.1585,,,,1.4905,,0.0,0.001,,,,,0.003,0.002,,,,
815,0.138,,0.002,0.066,0.7295,0.076,,0.025,0.7105,,,,1.4925000000000002,,0.0,0.001,,,,,0.003,0.0025,,,,
816,0.138,,0.002,0.066,1.2385000000000002,0.076,,0.025,0.9235000000000001,,,,1.4915,,0.0,0.001,,,,,0.003,0.0025,,,,
817,0.138,,0.002,0.0655,0.18000000000000002,0.076,,0.025,0.351,,,,1.4945,,0.0,0.001,,,,,0.003,0.002,,,,
818,0.138,,0.002,0.066,0.683,0.076,,0.025,1.643,,,,1.492,,0.0,0.001,,,,,0.003,0.003,,,,
819,0.1385,,0.002,0.0655,0.46699999999999997,0.076,,0.025,0.3545,,,,1.491,,0.0,0.001,,,,,0.003,0.002,,,,
820,0.138,,0.002,0.066,4.873500000000001,0.076,,0.025,0.938,,,,1.4945,,0.0,0.001,,,,,0.003,0.0025,,,,
821,0.1385,,0.002,0.066,0.787,0.0755,,0.025,0.9885,,,,1.492,,0.0,0.001,,,,,0.003,0.003,,,,
822,0.138,,0.002,0.066,0.5295,0.076,,0.025,0.436,,,,1.491,,0.0,0.001,,,,,0.003,0.002,,,,
823,0.138,,0.002,0.066,0.375,0.076,,0.025,0.361,,,,1.498,,0.0,0.001,,,,,0.003,0.003,,,,
824,0.1385,,0.002,0.066,3.012,0.076,,0.025,3.5685,,,,1.4935,,0.0,0.001,,,,,0.003,0.0025,,,,
825,0.1385,,0.002,0.066,0.1175,0.076,,0.025,1.951,,,,1.4975,,0.0,0.001,,,,,0.003,0.0025,,,,
826,0.138,,0.002,0.066,1.722,0.0755,,0.025,0.3885,,,,1.4945,,0.0,0.001,,,,,0.003,0.003,,,,
827,0.1385,,0.002,0.066,0.881,0.076,,0.025,1.7349999999999999,,,,1.4935,,0.0,0.001,,,,,0.003,0.002,,,,
828,0.138,,0.003,0.0665,0.59,0.076,,0.025,0.5589999999999999,,,,1.4980000000000002,,0.0,0.001,,,,,0.003,0.003,,,,
829,0.1385,,0.002,0.066,0.298,0.076,,0.025,1.0995000000000001,,,,1.5025,,0.0,0.001,,,,,0.003,0.002,,,,
830,0.138,,0.002,0.066,0.716,0.076,,0.025,0.315,,,,1.5020000000000002,,0.0,0.001,,,,,0.003,0.0025,,,,
831,0.1385,,0.0025,0.066,0.276,0.076,,0.025,0.79,,,,1.5025,,0.0,0.001,,,,,0.003,0.003,,,,
832,0.138,,0.002,0.066,0.20400000000000001,0.076,,0.025,0.5870000000000001,,,,1.4595,,0.0,0.001,,,,,0.003,0.0025,,,,
833,0.1385,,0.002,0.066,0.1715,0.076,,0.025,0.853,,,,1.4625,,0.0,0.001,,,,,0.003,0.0025,,,,
834,0.138,,0.0025,0.066,0.6115,0.076,,0.025,0.372,,,,1.4620000000000002,,0.0,0.001,,,,,0.003,0.0025,,,,
835,0.1385,,0.002,0.066,0.134,0.076,,0.025,0.1595,,,,1.4660000000000002,,0.0,0.001,,,,,0.003,0.0025,,,,
836,0.1385,,0.002,0.0655,0.1285,0.076,,0.025,0.155,,,,1.4635,,0.0,0.001,,,,,0.003,0.0025,,,,
837,0.138,,0.002,0.0655,0.1965,0.076,,0.025,0.633,,,,1.4625,,0.0,0.001,,,,,0.003,0.0025,,,,
838,0.139,,0.002,0.066,0.138,0.0755,,0.025,0.16,,,,1.4695,,0.0,0.001,,,,,0.003,0.002,,,,
839,0.1385,,0.002,0.066,1.7885,0.076,,0.025,0.158,,,,1.4700000000000002,,0.0,0.001,,,,,0.003,0.002,,,,
840,0.5874999999999999,,0.0405,0.3365,0.9965,0.4235,,0.128,0.958,,,0.1985,1.506,,0.0,0.002,,,,,0.0205,0.019,,,,
841,0.4365,,0.0195,0.27,0.72,0.2745,,0.1065,0.727,,,0.2145,1.4955,,0.0,0.002,,,,,0.016,0.015,,,,
842,0.1385,,0.002,0.066,0.0805,0.076,,0.025,0.14300000000000002,,,,1.468,,0.0,0.001,,,,,0.003,0.003,,,,
843,0.1375,,0.002,0.066,0.2695,0.076,,0.025,0.32849999999999996,,,,1.467,,0.0,0.001,,,,,0.003,0.003,,,,
844,0.138,,0.002,0.066,0.0905,0.076,,0.025,0.157,,,,1.4649999999999999,,0.0,0.001,,,,,0.003,0.0025,,,,
845,0.1385,,0.002,0.066,0.201,0.076,,0.025,0.161,,,,1.467,,0.0,0.001,,,,,0.003,0.002,,,,
846,0.138,,0.002,0.066,0.40399999999999997,0.076,,0.025,0.3545,,,,1.472,,0.0,0.001,,,,,0.003,0.003,,,,
847,0.139,,0.002,0.066,0.10400000000000001,0.076,,0.025,0.32999999999999996,,,,1.472,,0.0,0.001,,,,,0.003,0.0025,,,,
848,0.5885,,0.0405,0.3385,0.9615,0.4205,,0.127,3.1015,,,0.1965,1.5150000000000001,,0.0,0.002,,,,,0.021,0.019,,,,
849,0.582,,0.0405,0.342,1.2625,0.41150000000000003,,0.1285,1.556,,,0.15433333333333332,1.4825,,0.0,0.0016666666666666668,,,,,0.02,0.019,,,,
850,0.5825,,0.0405,0.341,0.9830000000000001,0.4165,,0.1255,1.5330000000000001,,,0.218,1.5175,,0.0,0.002,,,,,0.02,0.019,,,,
851,0.4275,,0.014499999999999999,0.1855,1.4645,0.2805,,0.07250000000000001,6.8635,,,0.1765,1.4995,,0.0,0.0015000000000000002,,,,,0.013000000000000001,0.012,,,,
852,0.138,,0.002,0.066,0.0615,0.076,,0.025,0.1,,,,1.4775,,0.0,0.001,,,,,0.003,0.002,,,,
853,0.138,,0.002,0.066,1.927,0.076,,0.025,0.277,,,,1.484,,0.0,0.001,,,,,0.003,0.002,,,,
854,0.138,,0.002,0.066,2.412,0.076,,0.025,0.5725,,,,1.482,,0.0,0.001,,,,,0.003,0.0025,,,,
855,0.138,,0.002,0.066,0.3085,0.076,,0.025,0.658,,,,1.481,,0.0,0.001,,,,,0.003,0.0025,,,,
856,0.138,,0.002,0.066,0.8745,0.076,,0.025,0.4265,,,,1.4809999999999999,,0.0,0.001,,,,,0.003,0.0025,,,,
857,0.1385,,0.002,0.066,0.2725,0.076,,0.025,2.5700000000000003,,,,1.484,,0.0,0.001,,,,,0.003,0.003,,,,
858,0.138,,0.002,0.066,0.197,0.076,,0.025,0.5720000000000001,,,,1.487,,0.0,0.001,,,,,0.003,0.002,,,,
859,0.138,,0.002,0.066,0.2615,0.076,,0.025,0.23750000000000002,,,,1.4855,,0.0,0.001,,,,,0.003,0.0025,,,,
860,0.1385,,0.002,0.066,0.155,0.076,,0.025,0.24400000000000002,,,,1.4860000000000002,,0.0,0.001,,,,,0.003,0.0025,,,,
861,0.138,,0.002,0.066,2.0205,0.076,,0.025,0.20400000000000001,,,,1.4835,,0.0,0.001,,,,,0.003,0.003,,,,
862,0.138,,0.002,0.066,0.17500000000000002,0.076,,0.025,0.366,,,,1.4855,,0.0,0.001,,,,,0.003,0.002,,,,
863,0.1385,,0.002,0.066,3.1430000000000002,0.076,,0.025,3.2145,,,,1.49,,0.0,0.001,,,,,0.003,0.0025,,,,
864,0.138,,0.002,0.066,1.79,0.076,,0.025,0.1995,,,,1.4925000000000002,,0.0,0.001,,,,,0.003,0.002,,,,
865,0.4415,,0.0195,0.268,3.3785000000000003,0.2785,,0.111,4.9755,,,0.034666666666666665,1.5165000000000002,,0.0,0.0012000000000000001,,,,,0.0165,0.015,,,,
866,0.138,,0.002,0.066,0.2275,0.076,,0.025,0.21,,,,1.4660000000000002,,0.0,0.001,,,,,0.003,0.0025,,,,
867,0.138,,0.002,0.066,0.126,0.0765,,0.025,0.534,,,,1.4660000000000002,,0.0,0.001,,,,,0.003,0.0025,,,,
868,0.1385,,0.002,0.066,1.0770000000000002,0.0765,,0.025,0.18300000000000002,,,,1.4605000000000001,,0.0,0.001,,,,,0.003,0.003,,,,
869,0.138,,0.002,0.066,0.091,0.076,,0.025,0.422,,,,1.4649999999999999,,0.0,0.001,,,,,0.003,0.002,,,,
870,0.1385,,0.002,0.066,0.17500000000000002,0.076,,0.025,0.809,,,,1.4645000000000001,,0.0,0.001,,,,,0.003,0.0025,,,,
871,0.138,,0.002,0.066,1.0875000000000001,0.0765,,0.025,0.2625,,,,1.462,,0.0,0.001,,,,,0.003,0.002,,,,
872,0.138,,0.002,0.066,0.21100000000000002,0.076,,0.025,0.506,,,,1.468,,0.0,0.001,,,,,0.003,0.0025,,,,
873,0.138,,0.002,0.066,3.9315,0.076,,0.025,2.019,,,,1.4695,,0.0,0.001,,,,,0.003,0.0025,,,,
874,0.1385,,0.002,0.066,0.10950000000000001,0.076,,0.025,0.66,,,,1.4615,,0.0,0.001,,,,,0.003,0.0025,,,,
875,0.138,,0.002,0.066,7.1915000000000004,0.076,,0.025,0.1225,,,,1.465,,0.0,0.001,,,,,0.003,0.003,,,,
876,0.1385,,0.002,0.066,0.1315,0.076,,0.025,0.4335,,,,1.4675,,0.0,0.001,,,,,0.003,0.003,,,,
877,0.138,,0.002,0.066,0.7375,0.076,,0.025,0.2795,,,,1.4555,,0.0,0.001,,,,,0.003,0.0025,,,,
878,0.1385,,0.002,0.066,0.277,0.076,,0.025,1.2320000000000002,,,,1.451,,0.0,0.001,,,,,0.003,0.002,,,,
879,0.1385,,0.002,0.066,0.17500000000000002,0.076,,0.025,0.574,,,,1.4585,,0.0,0.001,,,,,0.003,0.0025,,,,
880,0.138,,0.002,0.066,1.923,0.076,,0.025,2.5080000000000005,,,,1.4540000000000002,,0.0,0.001,,,,,0.003,0.0025,,,,
881,0.1385,,0.002,0.066,0.1845,0.076,,0.025,0.3475,,,,1.4575,,0.0,0.001,,,,,0.003,0.002,,,,
882,0.1385,,0.002,0.066,0.438,0.076,,0.025,0.6184999999999999,,,,1.4615,,0.0,0.001,,,,,0.003,0.002,,,,
883,0.139,,0.002,0.066,4.2755,0.0755,,0.025,2.2595,,,,1.4605000000000001,,0.0,0.001,,,,,0.003,0.0025,,,,
884,0.138,,0.002,0.066,0.36,0.076,,0.025,0.145,,,,1.451,,0.0,0.001,,,,,0.003,0.002,,,,
885,0.139,,0.002,0.066,0.274,0.076,,0.025,0.8605,,,,1.4605000000000001,,0.0,0.001,,,,,0.003,0.0025,,,,
886,0.1385,,0.002,0.0655,0.326,0.0765,,0.025,0.161,,,,1.4585,,0.0,0.001,,,,,0.003,0.003,,,,
887,0.1385,,0.002,0.066,0.2555,0.076,,0.025,1.1724999999999999,,,,1.4615,,0.0,0.001,,,,,0.003,0.0025,,,,
888,0.138,,0.002,0.066,0.323,0.076,,0.025,0.127,,,,1.464,,0.0,0.001,,,,,0.003,0.003,,,,
889,0.138,,0.002,0.066,1.7935,0.076,,0.025,0.33649999999999997,,,,1.462,,0.0,0.001,,,,,0.003,0.0025,,,,
890,0.1385,,0.002,0.066,0.422,0.076,,0.025,3.7955,,,,1.4665,,0.0,0.001,,,,,0.003,0.0025,,,,
891,0.1385,,0.002,0.066,0.1605,0.076,,0.025,1.3825,,,,1.461,,0.0,0.001,,,,,0.003,0.002,,,,
892,0.1385,,0.002,0.066,0.21300000000000002,0.0755,,0.025,0.23650000000000002,,,,1.468,,0.0,0.001,,,,,0.003,0.0025,,,,
893,0.138,,0.002,0.066,0.40299999999999997,0.0755,,0.025,1.238,,,,1.4660000000000002,,0.0,0.001,,,,,0.003,0.003,,,,
894,0.1385,,0.002,0.066,0.2335,0.076,,0.025,1.017,,,,1.4665,,0.0,0.001,,,,,0.003,0.003,,,,
895,0.1385,,0.002,0.066,0.7090000000000001,0.076,,0.025,0.7385,,,,1.4605000000000001,,0.0,0.001,,,,,0.003,0.002,,,,
896,0.1385,,0.002,0.066,0.191,0.076,,0.025,2.1390000000000002,,,,1.4645000000000001,,0.0,0.001,,,,,0.003,0.0025,,,,
897,0.139,,0.002,0.066,0.20900000000000002,0.076,,0.025,0.703,,,,1.461,,0.0,0.001,,,,,0.003,0.002,,,,
898,0.1385,,0.002,0.066,0.1015,0.076,,0.025,2.1260000000000003,,,,1.4615,,0.0,0.001,,,,,0.003,0.002,,,,
899,0.139,,0.002,0.066,0.14400000000000002,0.076,,0.025,0.169,,,,1.462,,0.0,0.001,,,,,0.003,0.0025,,,,
900,0.138,,0.002,0.066,0.3785,0.076,,0.025,0.9485,,,,1.4625,,0.0,0.001,,,,,0.003,0.003,,,,
901,0.1385,,0.002,0.066,0.17700000000000002,0.076,,0.025,0.312,,,,1.46,,0.0,0.001,,,,,0.003,0.002,,,,
902,0.138,,0.002,0.066,0.325,0.076,,0.025,2.3205,,,,1.461,,0.0,0.001,,,,,0.003,0.0025,,,,
903,0.1385,,0.002,0.066,1.405,0.076,,0.025,0.475,,,,1.46,,0.0,0.001,,,,,0.003,0.002,,,,
904,0.138,,0.002,0.066,0.098,0.076,,0.025,0.126,,,,1.4635,,0.0,0.001,,,,,0.003,0.003,,,,
905,0.139,,0.002,0.066,0.162,0.076,,0.025,0.10850000000000001,,,,1.4645000000000001,,0.0,0.001,,,,,0.003,0.0025,,,,
906,0.138,,0.002,0.066,3.2635,0.076,,0.025,0.4935,,,,1.467,,0.0,0.001,,,,,0.003,0.0025,,,,
907,0.1385,,0.002,0.066,1.1705,0.0755,,0.025,1.862,,,,1.4645000000000001,,0.0,0.001,,,,,0.003,0.003,,,,
908,0.1385,,0.0025,0.066,0.282,0.076,,0.025,0.76,,,,1.4649999999999999,,0.0,0.001,,,,,0.003,0.0025,,,,
909,0.138,,0.002,0.066,0.9390000000000001,0.076,,0.025,0.2695,,,,1.4685000000000001,,0.0,0.001,,,,,0.003,0.003,,,,
910,0.138,,0.002,0.066,0.345,0.076,,0.025,2.5155000000000003,,,,1.4695,,0.0,0.001,,,,,0.003,0.0025,,,,
911,0.138,,0.002,0.066,0.354,0.076,,0.025,0.1515,,,,1.468,,0.0,0.001,,,,,0.003,0.002,,,,
912,0.1385,,0.002,0.066,0.2165,0.0755,,0.025,0.6305,,,,1.4655,,0.0,0.001,,,,,0.003,0.0025,,,,
913,0.138,,0.002,0.066,0.3115,0.076,,0.025,0.198,,,,1.4685000000000001,,0.0,0.001,,,,,0.003,0.003,,,,
914,0.138,,0.002,0.066,0.202,0.076,,0.025,1.489,,,,1.4725000000000001,,0.0,0.001,,,,,0.003,0.002,,,,
915,0.1385,,0.002,0.066,1.731,0.076,,0.025,0.305,,,,1.4700000000000002,,0.0,0.001,,,,,0.003,0.002,,,,
916,0.1385,,0.002,0.0655,0.383,0.076,,0.025,0.187,,,,1.466,,0.0,0.001,,,,,0.003,0.0025,,,,
917,0.138,,0.002,0.066,0.20700000000000002,0.076,,0.025,0.499,,,,1.468,,0.0,0.001,,,,,0.003,0.002,,,,
918,0.138,,0.002,0.066,0.3485,0.076,,0.025,0.417,,,,1.4655,,0.0,0.001,,,,,0.003,0.002,,,,
919,0.1385,,0.002,0.066,0.2685,0.076,,0.025,0.9915,,,,1.472,,0.0,0.001,,,,,0.003,0.003,,,,
920,0.138,,0.002,0.066,0.34149999999999997,0.076,,0.025,0.663,,,,1.476,,0.0,0.001,,,,,0.003,0.0025,,,,
921,0.138,,0.002,0.066,0.2615,0.076,,0.025,0.5825,,,,1.4729999999999999,,0.0,0.001,,,,,0.003,0.002,,,,
922,0.138,,0.002,0.066,0.2545,0.076,,0.025,0.5395,,,,1.4705,,0.0,0.001,,,,,0.003,0.0025,,,,
923,0.138,,0.002,0.066,5.0565,0.076,,0.025,0.8815000000000001,,,,1.471,,0.0,0.001,,,,,0.003,0.003,,,,
924,0.588,,0.0405,0.337,4.28,0.41300000000000003,,0.126,3.1,,,0.1955,1.457,,0.0,0.002,,,,,0.021,0.019,,,,
925,0.582,,0.0405,0.34,0.9830000000000001,0.41300000000000003,,0.1275,1.3865,,,0.315,1.4625,,0.0,0.002,,,,,0.02,0.019,,,,
926,0.5785,,0.0405,0.3395,1.217,0.41050000000000003,,0.128,2.619,,,0.41300000000000003,1.4625,,0.0,0.002,,,,,0.0205,0.019,,,,
927,0.5800000000000001,,0.0405,0.342,1.0,0.41500000000000004,,0.128,0.982,,,0.5245,1.459,,0.0,0.002,,,,,0.0205,0.019,,,,
928,0.5854999999999999,,0.0405,0.3385,6.8165,0.41350000000000003,,0.128,1.008,,,0.107,1.3840000000000001,,0.0,0.0015,,,,,0.02,0.019,,,,
929,0.5794999999999999,,0.0405,0.3395,1.478,0.41000000000000003,,0.1275,1.9485000000000001,,,0.3085,1.454,,0.0,0.002,,,,,0.02,0.019,,,,
930,0.5874999999999999,,0.0405,0.3405,1.0475,0.41250000000000003,,0.1275,1.642,,,0.11983333333333333,1.461,,0.0,0.0014166666666666668,,,,,0.02,0.019,,,,
931,0.5815,,0.0405,0.341,1.0430000000000001,0.4145,,0.1275,1.2425000000000002,,,0.11516666666666665,1.4540000000000002,,0.0,0.0016666666666666668,,,,,0.02,0.019,,,,
932,0.577,,0.0405,0.337,5.6725,0.41700000000000004,,0.127,0.9505000000000001,,,0.2525,1.484,,0.0,0.002,,,,,0.02,0.019,,,,
933,0.5825,,0.0405,0.342,1.1805,0.4165,,0.1265,1.4155000000000002,,,0.364,1.4825,,0.0,0.002,,,,,0.0205,0.019,,,,
934,0.579,,0.0405,0.3395,0.9415,0.41400000000000003,,0.1265,2.223,,,0.19433333333333333,1.4040000000000001,,0.0,0.0016666666666666668,,,,,0.02,0.019,,,,
935,0.5825,,0.0405,0.341,1.0865,0.41500000000000004,,0.125,1.0010000000000001,,,0.2375,1.464,,0.0,0.002,,,,,0.02,0.019,,,,
936,0.59,,0.0405,0.3395,1.157,0.41200000000000003,,0.128,2.4405,,,0.05465,1.4620000000000002,,0.0,0.0014000000000000002,,,,,0.02,0.019,,,,
937,0.5765,,0.0405,0.339,0.9650000000000001,0.41450000000000004,,0.1265,2.435,,,0.29,1.4895,,0.0,0.002,,,,,0.02,0.019,,,,
938,0.5795,,0.0405,0.34,1.1915,0.41150000000000003,,0.127,1.7575,,,0.3925,1.488,,0.0,0.002,,,,,0.02,0.019,,,,
939,0.5695000000000001,,0.033,0.3405,1.2495,0.404,,0.1405,3.0575,,,0.22116666666666665,1.4815,,0.0,0.0016666666666666668,,,,,0.019,0.018000000000000002,,,,
940,0.1385,,0.002,0.066,1.2885000000000002,0.076,,0.025,0.2585,,,,1.4635,,0.0,0.001,,,,,0.003,0.002,,,,
941,0.139,,0.002,0.0655,0.32949999999999996,0.076,,0.025,1.937,,,,1.465,,0.0,0.001,,,,,0.003,0.002,,,,
942,0.138,,0.002,0.066,0.139,0.076,,0.025,0.5015000000000001,,,,1.4655,,0.0,0.001,,,,,0.003,0.003,,,,
943,0.138,,0.002,0.066,1.2770000000000001,0.076,,0.025,1.1605,,,,1.4655,,0.0,0.001,,,,,0.003,0.002,,,,
944,0.1385,,0.002,0.066,0.5065000000000001,0.076,,0.025,0.263,,,,1.4665,,0.0,0.001,,,,,0.003,0.0025,,,,
945,0.138,,0.002,0.066,0.1195,0.076,,0.025,2.2195,,,,1.4660000000000002,,0.0,0.001,,,,,0.003,0.0025,,,,
946,0.1385,,0.002,0.066,0.1885,0.076,,0.025,0.21200000000000002,,,,1.4655,,0.0,0.001,,,,,0.003,0.0025,,,,
947,0.139,,0.002,0.066,0.5575,0.076,,0.025,1.6525,,,,1.469,,0.0,0.001,,,,,0.003,0.002,,,,
948,0.5894999999999999,,0.0405,0.338,1.016,0.41350000000000003,,0.126,3.0015,,,0.1965,1.484,,0.0,0.002,,,,,0.021,0.019,,,,
949,0.582,,0.0405,0.342,0.9585,0.41350000000000003,,0.1255,1.3030000000000002,,,0.3155,1.481,,0.0,0.002,,,,,0.0205,0.019,,,,
950,0.5825,,0.0405,0.3395,1.219,0.4155,,0.1285,2.375,,,0.13116666666666668,1.4865,,0.0,0.0016666666666666668,,,,,0.0205,0.019,,,,
951,0.582,,0.0405,0.3405,1.1765,0.41350000000000003,,0.125,1.697,,,0.3195,1.516,,0.0,0.002,,,,,0.0205,0.019,,,,
952,0.28450000000000003,,0.01,0.14450000000000002,0.392,0.139,,0.0785,0.6435,,,0.057666666666666665,1.483,,0.0,0.001,,,,,0.009000000000000001,0.009000000000000001,,,,
953,0.1385,,0.002,0.0665,0.3155,0.075,,0.025,1.9845000000000002,,,,1.4695,,0.0,0.001,,,,,0.003,0.003,,,,
954,0.138,,0.002,0.066,0.2845,0.075,,0.025,0.5495000000000001,,,,1.478,,0.0,0.001,,,,,0.003,0.003,,,,
955,0.138,,0.002,0.066,0.2765,0.075,,0.025,0.46699999999999997,,,,1.4745,,0.0,0.001,,,,,0.003,0.003,,,,
956,0.1385,,0.002,0.066,0.791,0.076,,0.025,0.3605,,,,1.4645000000000001,,0.0,0.001,,,,,0.003,0.003,,,,
957,0.1385,,0.002,0.066,1.6105,0.076,,0.025,2.9965,,,,1.4689999999999999,,0.0,0.001,,,,,0.003,0.003,,,,
958,0.1385,,0.002,0.0655,0.1205,0.076,,0.025,0.097,,,,1.4660000000000002,,0.0,0.001,,,,,0.003,0.003,,,,
959,0.138,,0.002,0.066,0.761,0.076,,0.025,0.846,,,,1.467,,0.0,0.001,,,,,0.003,0.0025,,,,
960,0.138,,0.002,0.066,2.2485,0.076,,0.025,0.5615,,,,1.472,,0.0,0.001,,,,,0.003,0.003,,,,
961,0.138,,0.002,0.066,0.1885,0.076,,0.025,1.3445,,,,1.4655,,0.0,0.001,,,,,0.003,0.0025,,,,
962,0.138,,0.002,0.066,0.2755,0.076,,0.025,2.105,,,,1.4689999999999999,,0.0,0.001,,,,,0.003,0.003,,,,
963,0.138,,0.002,0.066,0.1605,0.076,,0.025,0.145,,,,1.4695,,0.0,0.001,,,,,0.003,0.0025,,,,
964,0.138,,0.002,0.066,4.738,0.0765,,0.025,1.6345,,,,1.3885,,0.0,0.001,,,,,0.003,0.0025,,,,
965,0.138,,0.002,0.066,0.3865,0.076,,0.025,2.7910000000000004,,,,1.3860000000000001,,0.0,0.001,,,,,0.003,0.0025,,,,
966,0.1385,,0.002,0.066,0.4515,0.076,,0.025,0.203,,,,1.383,,0.0,0.001,,,,,0.003,0.003,,,,
967,0.138,,0.002,0.066,0.08499999999999999,0.076,,0.025,0.678,,,,1.3845,,0.0,0.001,,,,,0.003,0.002,,,,
968,0.138,,0.002,0.066,1.098,0.076,,0.025,1.4135,,,,1.3860000000000001,,0.0,0.001,,,,,0.003,0.003,,,,
969,0.138,,0.002,0.066,0.171,0.0765,,0.025,2.351,,,,1.389,,0.0,0.001,,,,,0.003,0.0025,,,,
970,0.1385,,0.002,0.066,0.3905,0.076,,0.025,0.418,,,,1.3860000000000001,,0.0,0.001,,,,,0.003,0.0025,,,,
971,0.138,,0.002,0.066,0.3685,0.076,,0.025,0.7135,,,,1.3835000000000002,,0.0,0.001,,,,,0.003,0.0025,,,,
972,0.138,,0.002,0.066,0.26,0.076,,0.025,3.1140000000000003,,,,1.387,,0.0,0.001,,,,,0.003,0.0025,,,,
973,0.138,,0.002,0.066,0.2215,0.076,,0.025,3.46,,,,1.389,,0.0,0.001,,,,,0.003,0.0025,,,,
974,0.139,,0.002,0.066,0.40449999999999997,0.076,,0.025,0.6285,,,,1.3900000000000001,,0.0,0.001,,,,,0.003,0.0025,,,,
975,0.1385,,0.002,0.066,0.315,0.076,,0.025,0.251,,,,1.393,,0.0,0.001,,,,,0.003,0.003,,,,
976,0.138,,0.002,0.0655,0.1315,0.076,,0.025,1.7695,,,,1.3815,,0.0,0.001,,,,,0.003,0.0025,,,,
977,0.138,,0.002,0.066,0.4225,0.076,,0.025,0.23500000000000001,,,,1.3785,,0.0,0.001,,,,,0.003,0.0025,,,,
978,0.1385,,0.0025,0.066,0.46149999999999997,0.0765,,0.025,0.128,,,,1.385,,0.0,0.001,,,,,0.003,0.002,,,,
979,0.138,,0.002,0.066,0.24150000000000002,0.076,,0.025,0.3475,,,,1.384,,0.0,0.001,,,,,0.003,0.0025,,,,
980,0.1385,,0.002,0.066,0.8045,0.0765,,0.025,0.5835,,,,1.3905,,0.0,0.001,,,,,0.003,0.002,,,,
981,0.1385,,0.002,0.066,0.20500000000000002,0.076,,0.025,1.8470000000000002,,,,1.3855,,0.0,0.001,,,,,0.003,0.002,,,,
982,0.138,,0.002,0.066,0.33749999999999997,0.076,,0.025,0.1495,,,,1.3845,,0.0,0.001,,,,,0.003,0.002,,,,
983,0.138,,0.002,0.066,0.4115,0.0765,,0.025,0.19,,,,1.3840000000000001,,0.0,0.001,,,,,0.003,0.0025,,,,
984,0.138,,0.002,0.066,0.184,0.076,,0.025,0.202,,,,1.3835000000000002,,0.0,0.001,,,,,0.003,0.003,,,,
985,0.138,,0.002,0.066,0.2915,0.076,,0.025,0.4475,,,,1.3855,,0.0,0.001,,,,,0.003,0.002,,,,
986,0.138,,0.002,0.0665,0.423,0.076,,0.025,1.453,,,,1.3815,,0.0,0.001,,,,,0.003,0.002,,,,
987,0.1395,,0.002,0.066,0.17400000000000002,0.076,,0.025,0.3135,,,,1.3890000000000002,,0.0,0.001,,,,,0.003,0.0025,,,,
988,0.138,,0.002,0.066,0.4995,0.0765,,0.025,0.3265,,,,1.389,,0.0,0.001,,,,,0.003,0.002,,,,
989,0.1385,,0.002,0.066,0.8160000000000001,0.076,,0.025,0.602,,,,1.3865,,0.0,0.001,,,,,0.003,0.003,,,,
990,0.138,,0.002,0.066,0.1345,0.076,,0.025,0.11549999999999999,,,,1.3820000000000001,,0.0,0.001,,,,,0.003,0.002,,,,
991,0.138,,0.002,0.066,0.10800000000000001,0.076,,0.025,1.1600000000000001,,,,1.389,,0.0,0.001,,,,,0.003,0.0025,,,,
992,0.1385,,0.002,0.066,2.6510000000000002,0.076,,0.025,4.9485,,,,1.3890000000000002,,0.0,0.001,,,,,0.003,0.003,,,,
993,0.138,,0.002,0.066,0.3045,0.0765,,0.025,0.628,,,,1.3890000000000002,,0.0,0.001,,,,,0.003,0.0025,,,,
994,0.139,,0.002,0.066,0.215,0.076,,0.025,1.2775,,,,1.3895,,0.0,0.001,,,,,0.003,0.003,,,,
995,0.138,,0.0025,0.066,0.3735,0.0765,,0.025,2.1575,,,,1.3900000000000001,,0.0,0.001,,,,,0.003,0.0025,,,,
996,0.1385,,0.0025,0.066,0.2315,0.076,,0.025,0.10900000000000001,,,,1.3975,,0.0,0.001,,,,,0.003,0.0025,,,,
997,0.138,,0.002,0.066,0.267,0.076,,0.025,0.1335,,,,1.3940000000000001,,0.0,0.001,,,,,0.003,0.0025,,,,
998,0.1385,,0.002,0.066,0.965,0.076,,0.025,0.7310000000000001,,,,1.3945,,0.0,0.001,,,,,0.003,0.0025,,,,
999,0.138,,0.002,0.066,0.1255,0.0765,,0.025,2.783,,,,1.3980000000000001,,0.0,0.001,,,,,0.003,0.0025,,,,
1000,0.138,,0.002,0.066,0.123,0.076,,0.025,0.1295,,,,1.3930000000000002,,0.0,0.001,,,,,0.003,0.002,,,,
1001,0.138,,0.002,0.066,0.33099999999999996,0.076,,0.025,0.7045,,,,1.3925,,0.0,0.001,,,,,0.003,0.003,,,,
1002,0.1385,,0.002,0.066,0.10800000000000001,0.0765,,0.025,0.278,,,,1.3915000000000002,,0.0,0.001,,,,,0.003,0.0025,,,,
1003,0.138,,0.002,0.066,1.682,0.076,,0.025,4.048,,,,1.397,,0.0,0.001,,,,,0.003,0.0025,,,,
1004,0.1385,,0.002,0.066,0.33899999999999997,0.076,,0.025,0.136,,,,1.3935,,0.0,0.001,,,,,0.003,0.0025,,,,
1005,0.138,,0.002,0.066,0.1975,0.076,,0.025,0.356,,,,1.391,,0.0,0.001,,,,,0.003,0.003,,,,
1006,0.138,,0.002,0.066,0.2705,0.076,,0.025,1.545,,,,1.4025,,0.0,0.001,,,,,0.003,0.003,,,,
1007,0.138,,0.002,0.066,1.1680000000000001,0.076,,0.025,2.116,,,,1.3980000000000001,,0.0,0.001,,,,,0.003,0.0025,,,,
1008,0.138,,0.002,0.066,0.388,0.076,,0.025,0.1595,,,,1.399,,0.0,0.001,,,,,0.003,0.0025,,,,
1009,0.1385,,0.002,0.066,0.358,0.0765,,0.025,0.133,,,,1.3980000000000001,,0.0,0.001,,,,,0.003,0.0025,,,,
1010,0.138,,0.002,0.066,2.7615000000000003,0.0765,,0.025,0.5860000000000001,,,,1.3995000000000002,,0.0,0.001,,,,,0.003,0.003,,,,
1011,0.138,,0.002,0.066,0.40149999999999997,0.0765,,0.025,2.7835,,,,1.4020000000000001,,0.0,0.001,,,,,0.003,0.002,,,,
1012,0.1385,,0.002,0.066,0.33449999999999996,0.076,,0.025,0.10700000000000001,,,,1.3965,,0.0,0.001,,,,,0.003,0.0025,,,,
1013,0.138,,0.002,0.066,0.3705,0.076,,0.025,0.783,,,,1.3984999999999999,,0.0,0.001,,,,,0.003,0.002,,,,
1014,0.138,,0.002,0.066,0.17850000000000002,0.076,,0.025,0.263,,,,1.3995000000000002,,0.0,0.001,,,,,0.003,0.003,,,,
1015,0.138,,0.002,0.066,0.229,0.0765,,0.025,0.7695000000000001,,,,1.403,,0.0,0.001,,,,,0.003,0.0025,,,,
1016,0.1385,,0.002,0.066,0.6335,0.0765,,0.025,0.5945,,,,1.3985,,0.0,0.001,,,,,0.003,0.002,,,,
1017,0.138,,0.002,0.066,0.45849999999999996,0.0765,,0.025,0.6655,,,,1.4040000000000001,,0.0,0.001,,,,,0.003,0.0025,,,,
1018,0.138,,0.002,0.066,2.501,0.0765,,0.025,4.3995,,,,1.4035000000000002,,0.0,0.001,,,,,0.003,0.003,,,,
1019,0.138,,0.002,0.066,0.365,0.076,,0.025,2.3890000000000002,,,,1.4075000000000002,,0.0,0.001,,,,,0.003,0.002,,,,
1020,0.138,,0.002,0.066,0.28049999999999997,0.076,,0.025,0.362,,,,1.4075,,0.0,0.001,,,,,0.003,0.002,,,,
1021,0.1385,,0.002,0.066,0.39749999999999996,0.076,,0.025,0.40299999999999997,,,,1.3825,,0.0,0.001,,,,,0.003,0.002,,,,
1022,0.1385,,0.002,0.066,1.4560000000000002,0.076,,0.025,0.6135,,,,1.3825,,0.0,0.001,,,,,0.003,0.002,,,,
1023,0.1385,,0.002,0.066,0.417,0.076,,0.025,0.305,,,,1.383,,0.0,0.001,,,,,0.003,0.0025,,,,
1024,0.1385,,0.002,0.066,0.2715,0.076,,0.025,0.291,,,,1.3815,,0.0,0.001,,,,,0.003,0.0025,,,,
1025,0.1385,,0.002,0.066,0.408,0.076,,0.025,0.602,,,,1.379,,0.0,0.001,,,,,0.003,0.0025,,,,
1026,0.1385,,0.0025,0.066,0.718,0.076,,0.025,0.482,,,,1.3840000000000001,,0.0,0.001,,,,,0.003,0.0025,,,,
1027,0.138,,0.002,0.066,0.09,0.076,,0.025,2.1835,,,,1.3490000000000002,,0.0,0.001,,,,,0.003,0.0025,,,,
1028,0.1385,,0.002,0.066,0.434,0.076,,0.025,0.515,,,,1.3165,,0.0,0.001,,,,,0.003,0.002,,,,
1029,0.138,,0.002,0.066,0.426,0.076,,0.025,0.34199999999999997,,,,1.316,,0.0,0.001,,,,,0.003,0.003,,,,
1030,0.138,,0.002,0.066,0.264,0.076,,0.025,0.203,,,,1.3185,,0.0,0.001,,,,,0.003,0.0025,,,,
1031,0.1385,,0.002,0.066,0.9470000000000001,0.076,,0.025,0.6585000000000001,,,,1.3165,,0.0,0.001,,,,,0.003,0.003,,,,
1032,0.138,,0.002,0.066,0.2765,0.076,,0.025,1.7395,,,,1.2600000000000002,,0.0,0.001,,,,,0.003,0.0025,,,,
1033,0.138,,0.002,0.066,0.23500000000000001,0.076,,0.025,1.037,,,,1.2640000000000002,,0.0,0.001,,,,,0.003,0.003,,,,
1034,0.138,,0.002,0.066,0.347,0.076,,0.025,0.6100000000000001,,,,1.2675,,0.0,0.001,,,,,0.003,0.002,,,,
1035,0.138,,0.002,0.066,0.2555,0.076,,0.025,0.1255,,,,1.2665000000000002,,0.0,0.001,,,,,0.003,0.003,,,,
1036,0.139,,0.002,0.066,1.008,0.076,,0.025,0.11249999999999999,,,,1.2675,,0.0,0.001,,,,,0.003,0.003,,,,
1037,0.138,,0.002,0.066,0.2695,0.076,,0.025,0.6080000000000001,,,,1.2655,,0.0,0.001,,,,,0.003,0.002,,,,
1038,0.1385,,0.002,0.066,0.226,0.076,,0.025,0.6395,,,,1.2625000000000002,,0.0,0.001,,,,,0.003,0.0025,,,,
1039,0.138,,0.002,0.066,0.19,0.076,,0.025,0.14250000000000002,,,,1.2645,,0.0,0.001,,,,,0.003,0.002,,,,
1040,0.138,,0.002,0.066,0.4185,0.076,,0.025,0.7494999999999999,,,,1.27,,0.0,0.001,,,,,0.003,0.0025,,,,
1041,0.138,,0.002,0.066,0.164,0.076,,0.025,0.1685,,,,1.271,,0.0,0.001,,,,,0.003,0.002,,,,
1042,0.1385,,0.002,0.066,0.5635,0.076,,0.025,0.3745,,,,1.2735,,0.0,0.001,,,,,0.003,0.0025,,,,
1043,0.1385,,0.002,0.066,2.8135,0.0765,,0.025,0.367,,,,1.2690000000000001,,0.0,0.001,,,,,0.003,0.0025,,,,
1044,0.138,,0.002,0.066,0.256,0.0765,,0.025,0.134,,,,1.2705000000000002,,0.0,0.001,,,,,0.003,0.0025,,,,
1045,0.1385,,0.002,0.066,0.27899999999999997,0.0765,,0.025,0.363,,,,1.2670000000000001,,0.0,0.001,,,,,0.003,0.003,,,,
1046,0.138,,0.002,0.066,0.358,0.076,,0.025,0.6925,,,,1.266,,0.0,0.001,,,,,0.003,0.0025,,,,
1047,0.1385,,0.002,0.066,0.21350000000000002,0.0765,,0.025,0.7485,,,,1.275,,0.0,0.001,,,,,0.003,0.003,,,,
1048,0.138,,0.002,0.066,0.643,0.076,,0.025,0.9315000000000001,,,,1.2705000000000002,,0.0,0.001,,,,,0.003,0.0025,,,,
1049,0.139,,0.002,0.066,0.386,0.076,,0.025,2.5255,,,,1.2715,,0.0,0.001,,,,,0.003,0.002,,,,
1050,0.138,,0.002,0.066,0.4455,0.076,,0.025,0.10400000000000001,,,,1.274,,0.0,0.001,,,,,0.003,0.0025,,,,
1051,0.138,,0.002,0.066,0.365,0.076,,0.025,0.24200000000000002,,,,1.2710000000000001,,0.0,0.001,,,,,0.003,0.002,,,,
1052,0.139,,0.0025,0.066,0.4,0.077,,0.025,0.6385,,,,1.249,,0.0,0.001,,,,,0.003,0.002,,,,
1053,0.139,,0.0025,0.0655,2.0195,0.0765,,0.025,0.686,,,,1.248,,0.0,0.001,,,,,0.003,0.0025,,,,
1054,0.1385,,0.0025,0.066,0.1,0.0765,,0.025,2.0669999999999997,,,,1.2525,,0.0,0.001,,,,,0.003,0.0025,,,,
1055,0.1385,,0.0025,0.066,0.491,0.0765,,0.025,0.938,,,,1.2525,,0.0,0.001,,,,,0.003,0.002,,,,
1056,0.1385,,0.0025,0.066,3.3390000000000004,0.0765,,0.025,1.949,,,,1.25,,0.0,0.001,,,,,0.003,0.0025,,,,
1057,0.1395,,0.0025,0.066,0.188,0.0775,,0.025,0.21050000000000002,,,,1.2555,,0.0,0.001,,,,,0.003,0.0025,,,,
1058,0.139,,0.0025,0.0655,0.32000000000000006,0.0775,,0.025,0.0825,,,,1.2535,,0.0,0.001,,,,,0.003,0.002,,,,
1059,0.139,,0.0025,0.065,0.0975,0.077,,0.025,1.254,,,,1.2555,,0.0,0.001,,,,,0.003,0.002,,,,
1060,0.1385,,0.0025,0.0655,0.179,0.0775,,0.025,0.14100000000000001,,,,1.254,,0.0,0.001,,,,,0.003,0.003,,,,
1061,0.1385,,0.0025,0.066,0.403,0.0775,,0.025,1.0105,,,,1.2610000000000001,,0.0,0.001,,,,,0.003,0.002,,,,
1062,0.139,,0.0025,0.066,0.14800000000000002,0.077,,0.025,0.3185,,,,1.26,,0.0,0.001,,,,,0.003,0.0025,,,,
1063,0.1385,,0.0025,0.066,0.2595,0.0775,,0.025,0.14500000000000002,,,,1.2595,,0.0,0.001,,,,,0.003,0.002,,,,
1064,0.139,,0.0025,0.066,0.6965,0.077,,0.025,0.8885000000000001,,,,1.2585000000000002,,0.0,0.001,,,,,0.003,0.002,,,,
1065,0.1385,,0.0025,0.066,0.389,0.0775,,0.025,2.3565,,,,1.262,,0.0,0.001,,,,,0.003,0.0025,,,,
1066,0.1385,,0.0025,0.065,0.219,0.0775,,0.025,0.17800000000000002,,,,1.2570000000000001,,0.0,0.001,,,,,0.003,0.002,,,,
1067,0.1385,,0.0025,0.0655,0.33399999999999996,0.077,,0.025,1.364,,,,1.262,,0.0,0.001,,,,,0.003,0.002,,,,
1068,0.1395,,0.0025,0.0655,0.3215,0.0775,,0.025,0.158,,,,1.256,,0.0,0.001,,,,,0.003,0.002,,,,
1069,0.139,,0.0025,0.066,0.551,0.0775,,0.025,0.091,,,,1.2635,,0.0,0.001,,,,,0.003,0.0025,,,,
1070,0.139,,0.0025,0.0655,0.7310000000000001,0.0775,,0.025,1.0515,,,,1.263,,0.0,0.001,,,,,0.003,0.0025,,,,
1071,0.1395,,0.0025,0.066,0.14950000000000002,0.0775,,0.025,1.7795,,,,1.264,,0.0,0.001,,,,,0.003,0.002,,,,
1072,0.1395,,0.0025,0.066,0.202,0.0775,,0.025,0.197,,,,1.2585000000000002,,0.0,0.001,,,,,0.003,0.002,,,,
1073,0.1395,,0.0025,0.066,0.39449999999999996,0.077,,0.025,0.571,,,,1.2590000000000001,,0.0,0.001,,,,,0.003,0.0025,,,,
1074,0.139,,0.0025,0.066,0.2515,0.0775,,0.025,0.5705,,,,1.2585000000000002,,0.0,0.001,,,,,0.003,0.002,,,,
1075,0.1385,,0.0025,0.066,0.526,0.0775,,0.025,0.0955,,,,1.2625000000000002,,0.0,0.001,,,,,0.003,0.002,,,,
1076,0.139,,0.0025,0.0655,0.41100000000000003,0.0775,,0.025,0.31800000000000006,,,,1.2615,,0.0,0.001,,,,,0.003,0.002,,,,
1077,0.1385,,0.0025,0.065,0.2825,0.0775,,0.025,1.2355,,,,1.2595,,0.0,0.001,,,,,0.003,0.002,,,,
1078,0.1385,,0.0025,0.066,0.2605,0.0775,,0.025,0.9925,,,,1.2595,,0.0,0.001,,,,,0.003,0.0025,,,,
1079,0.1385,,0.0025,0.066,1.986,0.0775,,0.025,3.728,,,,1.2575,,0.0,0.001,,,,,0.003,0.002,,,,
1080,0.1385,,0.0025,0.066,4.494000000000001,0.0775,,0.025,2.0195,,,,1.2610000000000001,,0.0,0.001,,,,,0.003,0.0025,,,,
1081,0.1385,,0.0025,0.066,0.1335,0.0775,,0.025,1.2460000000000002,,,,1.2595,,0.0,0.001,,,,,0.003,0.002,,,,
1082,0.1385,,0.0025,0.066,0.17500000000000002,0.0775,,0.025,2.2285,,,,1.2625000000000002,,0.0,0.001,,,,,0.003,0.0025,,,,
1083,0.139,,0.0025,0.0655,0.1965,0.0775,,0.025,0.5535,,,,1.2675,,0.0,0.001,,,,,0.003,0.0025,,,,
1084,0.139,,0.0025,0.066,0.1705,0.0775,,0.025,0.29300000000000004,,,,1.2655,,0.0,0.001,,,,,0.003,0.002,,,,
1085,0.139,,0.0025,0.066,4.641500000000001,0.077,,0.025,0.9790000000000001,,,,1.2615,,0.0,0.001,,,,,0.003,0.0025,,,,
1086,0.1385,,0.0025,0.066,2.2405000000000004,0.0775,,0.025,0.5599999999999999,,,,1.264,,0.0,0.001,,,,,0.003,0.0025,,,,
1087,0.139,,0.0025,0.066,0.27949999999999997,0.0775,,0.025,2.33,,,,1.263,,0.0,0.001,,,,,0.003,0.002,,,,
1088,0.139,,0.0025,0.066,2.564,0.0775,,0.025,6.434,,,,1.2635,,0.0,0.001,,,,,0.003,0.002,,,,
1089,0.139,,0.0025,0.0655,0.39849999999999997,0.0775,,0.025,0.649,,,,1.264,,0.0,0.001,,,,,0.003,0.0025,,,,
1090,0.139,,0.0025,0.0655,0.161,0.0775,,0.025,0.42200000000000004,,,,1.267,,0.0,0.001,,,,,0.003,0.0025,,,,
1091,0.139,,0.0025,0.0655,0.7715,0.0775,,0.025,0.1285,,,,1.271,,0.0,0.001,,,,,0.003,0.0025,,,,
1092,0.1385,,0.0025,0.0655,1.786,0.0775,,0.025,0.3365,,,,1.27,,0.0,0.001,,,,,0.003,0.002,,,,
1093,0.1385,,0.0025,0.066,3.153,0.0775,,0.025,6.1985,,,,1.2685,,0.0,0.001,,,,,0.003,0.002,,,,
1094,0.139,,0.0025,0.0655,0.45399999999999996,0.077,,0.025,1.482,,,,1.27,,0.0,0.001,,,,,0.003,0.0025,,,,
1095,0.1385,,0.0025,0.066,0.35,0.077,,0.025,0.4725,,,,1.271,,0.0,0.001,,,,,0.003,0.002,,,,
1096,0.1395,,0.0025,0.066,0.8825000000000001,0.077,,0.025,0.547,,,,1.2695,,0.0,0.001,,,,,0.003,0.002,,,,
1097,0.139,,0.0025,0.0655,0.534,0.0775,,0.025,1.9355,,,,1.2755,,0.0,0.001,,,,,0.003,0.0025,,,,
1098,0.1395,,0.0025,0.0655,0.20600000000000002,0.0775,,0.025,2.1675,,,,1.2710000000000001,,0.0,0.001,,,,,0.003,0.0025,,,,
1099,0.1395,,0.0025,0.0655,0.30100000000000005,0.077,,0.025,0.786,,,,1.2765,,0.0,0.001,,,,,0.003,0.002,,,,
1100,0.1385,,0.0025,0.066,0.7095,0.0775,,0.025,1.3940000000000001,,,,1.27,,0.0,0.001,,,,,0.003,0.003,,,,
1101,0.1385,,0.0025,0.066,0.2615,0.0775,,0.025,0.3875,,,,1.274,,0.0,0.001,,,,,0.003,0.0025,,,,
1102,0.139,,0.0025,0.066,0.1695,0.0775,,0.025,0.1895,,,,1.274,,0.0,0.001,,,,,0.003,0.002,,,,
1103,0.1395,,0.0025,0.0655,0.386,0.0775,,0.025,1.2165,,,,1.2730000000000001,,0.0,0.001,,,,,0.003,0.0025,,,,
1104,0.1385,,0.0025,0.066,0.15550000000000003,0.0775,,0.025,0.3855,,,,1.2735,,0.0,0.001,,,,,0.003,0.002,,,,
1105,0.1395,,0.0025,0.066,0.15400000000000003,0.0775,,0.025,0.758,,,,1.275,,0.0,0.001,,,,,0.003,0.0025,,,,
1106,0.139,,0.0025,0.066,0.39249999999999996,0.077,,0.025,1.3395000000000001,,,,1.275,,0.0,0.001,,,,,0.003,0.0025,,,,
1107,0.139,,0.0025,0.066,1.297,0.077,,0.025,0.171,,,,1.2705000000000002,,0.0,0.001,,,,,0.003,0.002,,,,
1108,0.1385,,0.0025,0.066,0.45000000000000007,0.0775,,0.025,2.748,,,,1.282,,0.0,0.001,,,,,0.003,0.002,,,,
1109,0.1385,,0.0025,0.066,0.5725,0.0775,,0.025,0.7965000000000001,,,,1.276,,0.0,0.001,,,,,0.003,0.0025,,,,
1110,0.139,,0.0025,0.066,2.036,0.0765,,0.025,1.8215000000000001,,,,1.242,,0.0,0.001,,,,,0.003,0.002,,,,
1111,0.139,,0.0025,0.0655,0.081,0.077,,0.025,0.274,,,,1.2440000000000002,,0.0,0.001,,,,,0.003,0.0025,,,,
1112,0.1385,,0.0025,0.065,0.6385000000000001,0.0765,,0.025,1.2945000000000002,,,,1.245,,0.0,0.0015,,,,,0.003,0.002,,,,
1113,0.139,,0.0025,0.066,0.816,0.0765,,0.025,0.5750000000000001,,,,1.2445,,0.0,0.001,,,,,0.003,0.002,,,,
1114,0.1385,,0.0025,0.065,0.2705,0.0765,,0.025,3.5,,,,1.245,,0.0,0.001,,,,,0.003,0.002,,,,
1115,0.1385,,0.0025,0.0655,0.8435,0.0765,,0.025,1.499,,,,1.2435,,0.0,0.001,,,,,0.003,0.002,,,,
1116,0.1385,,0.0025,0.065,0.073,0.077,,0.025,0.1675,,,,1.2435,,0.0,0.001,,,,,0.003,0.0025,,,,
1117,0.1395,,0.0025,0.065,0.2205,0.0765,,0.025,0.5055000000000001,,,,1.242,,0.0,0.001,,,,,0.003,0.002,,,,
1118,0.1385,,0.0025,0.066,0.5765,0.0765,,0.025,1.3615000000000002,,,,1.2080000000000002,,0.0,0.001,,,,,0.003,0.0025,,,,
1119,0.139,,0.0025,0.066,3.889,0.0775,,0.025,0.8925000000000001,,,,1.174,,0.0,0.001,,,,,0.003,0.003,,,,
1120,0.1385,,0.0025,0.066,0.199,0.0775,,0.025,1.1695,,,,1.173,,0.0,0.001,,,,,0.003,0.002,,,,
1121,0.1395,,0.0025,0.066,0.494,0.077,,0.025,2.0475,,,,1.174,,0.0,0.001,,,,,0.003,0.002,,,,
1122,0.1385,,0.0025,0.065,0.5835,0.0775,,0.025,0.405,,,,1.1724999999999999,,0.0,0.001,,,,,0.003,0.002,,,,
1123,0.1385,,0.0025,0.065,0.28700000000000003,0.0775,,0.025,0.5435000000000001,,,,1.1764999999999999,,0.0,0.001,,,,,0.003,0.0025,,,,
1124,0.139,,0.0025,0.0655,0.642,0.0775,,0.025,1.963,,,,1.1775,,0.0,0.001,,,,,0.003,0.0025,,,,
1125,0.1385,,0.0025,0.0655,1.366,0.0775,,0.025,0.5650000000000001,,,,1.1745,,0.0,0.001,,,,,0.003,0.003,,,,
1126,0.1385,,0.0025,0.066,0.33699999999999997,0.0775,,0.025,1.5055,,,,1.173,,0.0,0.001,,,,,0.003,0.002,,,,
1127,0.139,,0.0025,0.065,0.348,0.0775,,0.025,1.1595000000000002,,,,1.1785,,0.0,0.001,,,,,0.003,0.002,,,,
1128,0.139,,0.0025,0.065,0.231,0.0775,,0.025,4.259,,,,1.1705,,0.0,0.001,,,,,0.003,0.002,,,,
1129,0.1385,,0.0025,0.0655,0.2965,0.0775,,0.025,0.8655,,,,1.1764999999999999,,0.0,0.001,,,,,0.003,0.002,,,,
1130,0.139,,0.0025,0.066,0.4545,0.0775,,0.025,1.9355,,,,1.1755,,0.0,0.001,,,,,0.003,0.0025,,,,
1131,0.139,,0.0025,0.0655,0.6505000000000001,0.0775,,0.025,0.5535,,,,1.1745,,0.0,0.001,,,,,0.003,0.002,,,,
1132,0.139,,0.0025,0.066,1.0495,0.0775,,0.025,1.1835000000000002,,,,1.178,,0.0,0.001,,,,,0.003,0.002,,,,
1133,0.139,,0.0025,0.065,0.361,0.0775,,0.025,2.019,,,,1.1825,,0.0,0.001,,,,,0.003,0.002,,,,
1134,0.139,,0.0025,0.0655,0.168,0.0775,,0.025,0.4515,,,,1.1760000000000002,,0.0,0.001,,,,,0.003,0.002,,,,
1135,0.1385,,0.0025,0.065,2.436,0.0775,,0.025,0.08600000000000001,,,,1.177,,0.0,0.001,,,,,0.003,0.0025,,,,
1136,0.1395,,0.0025,0.0655,0.6225,0.0775,,0.025,0.8590000000000001,,,,1.1775,,0.0,0.001,,,,,0.003,0.0025,,,,
1137,0.1385,,0.0025,0.066,0.29100000000000004,0.0775,,0.025,0.376,,,,1.1829999999999998,,0.0,0.001,,,,,0.003,0.0025,,,,
1138,0.1385,,0.0025,0.065,0.1895,0.077,,0.025,0.579,,,,1.1764999999999999,,0.0,0.001,,,,,0.003,0.0025,,,,
1139,0.1395,,0.0025,0.066,0.6829999999999999,0.0775,,0.025,133.41150000000002,,,,1.1764999999999999,,0.0,0.001,,,,,0.003,0.002,,,,
1140,0.1385,,0.0025,0.0655,0.07600000000000001,0.0775,,0.025,0.111,,,,1.1800000000000002,,0.0,0.001,,,,,0.003,0.0025,,,,
1141,0.1385,,0.0025,0.066,1.958,0.077,,0.025,0.9740000000000001,,,,1.178,,0.0,0.001,,,,,0.003,0.003,,,,
1142,0.138,,0.0025,0.066,0.14450000000000002,0.077,,0.025,0.6779999999999999,,,,1.1764999999999999,,0.0,0.001,,,,,0.003,0.002,,,,
1143,0.1385,,0.0025,0.066,0.33799999999999997,0.0775,,0.025,0.368,,,,1.1804999999999999,,0.0,0.001,,,,,0.003,0.002,,,,
1144,0.139,,0.0025,0.066,0.192,0.0775,,0.025,0.2165,,,,1.1785,,0.0,0.001,,,,,0.003,0.002,,,,
1145,0.139,,0.0025,0.066,0.41800000000000004,0.077,,0.025,0.2155,,,,1.1795,,0.0,0.001,,,,,0.003,0.0025,,,,
1146,0.1385,,0.0025,0.066,0.691,0.077,,0.025,0.288,,,,1.1815,,0.0,0.001,,,,,0.003,0.002,,,,
1147,0.1385,,0.0025,0.066,0.227,0.077,,0.025,0.1985,,,,1.1695,,0.0,0.001,,,,,0.003,0.0025,,,,
1148,0.1395,,0.0025,0.065,1.7209999999999999,0.077,,0.025,1.491,,,,1.1785,,0.0,0.001,,,,,0.003,0.002,,,,
1149,0.139,,0.0025,0.0655,0.1855,0.077,,0.025,1.459,,,,1.1764999999999999,,0.0,0.001,,,,,0.003,0.002,,,,
1150,0.1385,,0.0025,0.0655,0.20700000000000002,0.0765,,0.025,1.515,,,,1.174,,0.0,0.001,,,,,0.003,0.002,,,,
1151,0.139,,0.0025,0.0655,0.24150000000000002,0.077,,0.025,1.528,,,,1.175,,0.0,0.001,,,,,0.003,0.0025,,,,
1152,0.1395,,0.0025,0.066,0.3125,0.0765,,0.025500000000000002,0.128,,,,1.1745,,0.0,0.001,,,,,0.003,0.002,,,,
1153,0.1385,,0.0025,0.066,0.215,0.077,,0.025,0.5715,,,,1.177,,0.0,0.001,,,,,0.003,0.002,,,,
1154,0.139,,0.0025,0.0655,0.1095,0.0765,,0.025,1.4055000000000002,,,,1.1795,,0.0,0.001,,,,,0.003,0.002,,,,
1155,0.139,,0.0025,0.066,0.5795,0.0765,,0.025,0.3805,,,,1.1775,,0.0,0.001,,,,,0.003,0.002,,,,
1156,0.1385,,0.0025,0.0655,2.0515,0.0765,,0.025,0.7555000000000001,,,,1.1775,,0.0,0.001,,,,,0.003,0.002,,,,
1157,0.1385,,0.0025,0.066,0.1235,0.0765,,0.025,0.8694999999999999,,,,1.1775,,0.0,0.001,,,,,0.003,0.002,,,,
1158,0.1385,,0.0025,0.065,0.7225,0.0765,,0.025,0.608,,,,1.1785,,0.0,0.001,,,,,0.003,0.002,,,,
1159,0.139,,0.0025,0.0655,0.2695,0.0765,,0.025,0.6955,,,,1.182,,0.0,0.001,,,,,0.003,0.002,,,,
1160,0.139,,0.003,0.0655,0.15300000000000002,0.0765,,0.025,1.1555,,,,1.1764999999999999,,0.0,0.001,,,,,0.003,0.002,,,,
1161,0.139,,0.0025,0.0655,0.17200000000000001,0.0765,,0.025,0.20550000000000002,,,,1.1800000000000002,,0.0,0.001,,,,,0.003,0.002,,,,
1162,0.139,,0.0025,0.0655,0.29200000000000004,0.0765,,0.025,0.614,,,,1.181,,0.0,0.001,,,,,0.003,0.0025,,,,
1163,0.139,,0.0025,0.0655,0.5005000000000001,0.0765,,0.025,1.1185,,,,1.1775,,0.0,0.001,,,,,0.003,0.0025,,,,
1164,0.1385,,0.0025,0.0655,0.36550000000000005,0.077,,0.025,2.3015,,,,1.1825,,0.0,0.001,,,,,0.003,0.0025,,,,
1165,0.1385,,0.0025,0.065,0.20450000000000002,0.077,,0.025,1.322,,,,1.1785,,0.0,0.001,,,,,0.003,0.002,,,,
1166,0.139,,0.0025,0.0655,0.08650000000000001,0.0775,,0.025,1.3090000000000002,,,,1.1804999999999999,,0.0,0.001,,,,,0.003,0.0025,,,,
1167,0.139,,0.0025,0.066,0.3285,0.0775,,0.025,0.2945,,,,1.1844999999999999,,0.0,0.001,,,,,0.003,0.002,,,,
1168,0.1385,,0.0025,0.065,0.14450000000000002,0.0775,,0.025,0.36950000000000005,,,,1.184,,0.0,0.001,,,,,0.003,0.002,,,,
1169,0.1385,,0.0025,0.066,0.259,0.0765,,0.025,0.141,,,,1.1835,,0.0,0.001,,,,,0.003,0.002,,,,
1170,0.1385,,0.0025,0.0655,0.2435,0.0765,,0.025,0.2145,,,,1.1789999999999998,,0.0,0.001,,,,,0.003,0.0025,,,,
1171,0.1385,,0.0025,0.066,0.3395,0.0765,,0.025,3.8710000000000004,,,,1.182,,0.0,0.001,,,,,0.003,0.002,,,,
1172,0.1385,,0.0025,0.065,0.07200000000000001,0.0765,,0.025,0.211,,,,1.1745,,0.0,0.001,,,,,0.003,0.0025,,,,
1173,0.1395,,0.0025,0.066,0.537,0.077,,0.025,0.276,,,,1.1804999999999999,,0.0,0.001,,,,,0.003,0.002,,,,
1174,0.1385,,0.0025,0.065,0.15150000000000002,0.0765,,0.025,0.413,,,,1.1815,,0.0,0.001,,,,,0.003,0.002,,,,
1175,0.1385,,0.0025,0.066,0.244,0.0765,,0.025,0.17200000000000001,,,,1.1804999999999999,,0.0,0.001,,,,,0.003,0.002,,,,
1176,0.1395,,0.0025,0.0655,0.257,0.077,,0.025,0.286,,,,1.185,,0.0,0.001,,,,,0.003,0.002,,,,
1177,0.139,,0.0025,0.0655,0.2835,0.077,,0.025,0.1815,,,,1.181,,0.0,0.001,,,,,0.003,0.0025,,,,
1178,0.1385,,0.0025,0.0655,0.29300000000000004,0.077,,0.025,0.5445000000000001,,,,1.1825,,0.0,0.001,,,,,0.003,0.002,,,,
1179,0.1385,,0.0025,0.066,0.6900000000000001,0.077,,0.025,0.624,,,,1.1815,,0.0,0.001,,,,,0.003,0.002,,,,
1180,0.139,,0.0025,0.066,0.14,0.0765,,0.025,0.33899999999999997,,,,1.1840000000000002,,0.0,0.001,,,,,0.003,0.002,,,,
1181,0.139,,0.0025,0.0655,0.10750000000000001,0.0765,,0.025,0.11,,,,1.184,,0.0,0.001,,,,,0.003,0.002,,,,
1182,0.1385,,0.0025,0.0655,0.2975,0.0765,,0.025,0.1635,,,,1.1875,,0.0,0.001,,,,,0.003,0.0025,,,,
1183,0.1385,,0.0025,0.066,0.1435,0.0765,,0.025,0.123,,,,1.1869999999999998,,0.0,0.001,,,,,0.003,0.002,,,,
1184,0.1395,,0.0025,0.0655,0.257,0.0765,,0.025,0.3125,,,,1.1865,,0.0,0.001,,,,,0.003,0.002,,,,
1185,0.139,,0.0025,0.065,1.3835,0.0765,,0.025,0.14850000000000002,,,,1.187,,0.0,0.001,,,,,0.003,0.002,,,,
1186,0.1385,,0.0025,0.066,0.498,0.077,,0.025,5.408,,,,1.1560000000000001,,0.0,0.001,,,,,0.003,0.002,,,,
1187,0.1385,,0.0025,0.0655,0.46499999999999997,0.0765,,0.025,0.24050000000000002,,,,1.1560000000000001,,0.0,0.001,,,,,0.003,0.0025,,,,
1188,0.1385,,0.0025,0.066,0.4075,0.0765,,0.025,0.4365,,,,1.1525,,0.0,0.001,,,,,0.003,0.002,,,,
1189,0.139,,0.0025,0.0655,0.131,0.0765,,0.025,0.08099999999999999,,,,1.1589999999999998,,0.0,0.001,,,,,0.003,0.002,,,,
1190,0.139,,0.0025,0.065,0.33799999999999997,0.0765,,0.025,0.41500000000000004,,,,1.1564999999999999,,0.0,0.001,,,,,0.003,0.002,,,,
1191,0.139,,0.0025,0.066,0.279,0.0765,,0.025,0.34650000000000003,,,,1.1585,,0.0,0.001,,,,,0.003,0.002,,,,
1192,0.1385,,0.0025,0.0655,0.31700000000000006,0.077,,0.025,0.082,,,,1.153,,0.0,0.001,,,,,0.003,0.002,,,,
1193,0.1385,,0.0025,0.066,0.10800000000000001,0.0765,,0.025,0.0945,,,,1.154,,0.0,0.001,,,,,0.003,0.0025,,,,
1194,0.1395,,0.0025,0.066,0.6725000000000001,0.0765,,0.025,0.6829999999999999,,,,1.1575000000000002,,0.0,0.001,,,,,0.003,0.003,,,,
1195,0.139,,0.0025,0.0655,0.094,0.0765,,0.025,0.6645,,,,1.1555,,0.0,0.001,,,,,0.003,0.0025,,,,
1196,0.139,,0.0025,0.066,0.28,0.0765,,0.025,0.599,,,,1.1600000000000001,,0.0,0.001,,,,,0.003,0.0025,,,,
1197,0.139,,0.0025,0.065,0.14200000000000002,0.077,,0.025,0.426,,,,1.162,,0.0,0.001,,,,,0.003,0.002,,,,
1198,0.139,,0.0025,0.066,0.12300000000000001,0.0765,,0.025,0.24200000000000002,,,,1.1560000000000001,,0.0,0.001,,,,,0.003,0.0025,,,,
1199,0.139,,0.0025,0.066,0.33599999999999997,0.077,,0.025,0.096,,,,1.1564999999999999,,0.0,0.001,,,,,0.003,0.002,,,,
1200,0.139,,0.0025,0.0655,0.497,0.0765,,0.025,0.4475,,,,1.157,,0.0,0.001,,,,,0.003,0.0025,,,,
1201,0.139,,0.0025,0.0655,0.11950000000000001,0.0765,,0.025,1.341,,,,1.1604999999999999,,0.0,0.001,,,,,0.003,0.0025,,,,
1202,0.139,,0.0025,0.0655,0.07400000000000001,0.0765,,0.025,0.135,,,,1.1665,,0.0,0.001,,,,,0.003,0.0025,,,,
1203,0.1395,,0.0025,0.066,0.2315,0.0765,,0.025,0.193,,,,1.161,,0.0,0.001,,,,,0.003,0.002,,,,
1204,0.1395,,0.0025,0.0655,0.27449999999999997,0.0765,,0.025,0.2975,,,,1.165,,0.0,0.001,,,,,0.003,0.002,,,,
1205,0.139,,0.0025,0.0655,0.198,0.077,,0.025,0.32749999999999996,,,,1.1604999999999999,,0.0,0.001,,,,,0.003,0.0025,,,,
1206,0.139,,0.0025,0.0655,0.39349999999999996,0.0765,,0.025,1.2635,,,,1.1595,,0.0,0.001,,,,,0.003,0.002,,,,
1207,0.1395,,0.0025,0.0655,0.5145000000000001,0.077,,0.025,0.43400000000000005,,,,1.1625,,0.0,0.001,,,,,0.003,0.002,,,,
1208,0.1395,,0.0025,0.066,2.4455,0.0765,,0.025,0.5645,,,,1.1644999999999999,,0.0,0.001,,,,,0.003,0.002,,,,
1209,0.139,,0.0025,0.066,0.23800000000000002,0.0765,,0.025,1.3495,,,,1.1625,,0.0,0.001,,,,,0.003,0.002,,,,
1210,0.139,,0.0025,0.066,0.3005,0.0775,,0.025,0.193,,,,1.155,,0.0,0.001,,,,,0.003,0.0025,,,,
1211,0.1385,,0.0025,0.066,0.07200000000000001,0.0775,,0.025,0.793,,,,1.157,,0.0,0.001,,,,,0.003,0.0025,,,,
1212,0.1385,,0.0025,0.066,0.222,0.0775,,0.025,0.2945,,,,1.1510000000000002,,0.0,0.001,,,,,0.003,0.0025,,,,
1213,0.1385,,0.0025,0.066,0.0825,0.0775,,0.025,0.375,,,,1.153,,0.0,0.001,,,,,0.003,0.002,,,,
1214,0.1385,,0.003,0.0655,0.4615,0.077,,0.025,0.14500000000000002,,,,1.1515,,0.0,0.001,,,,,0.003,0.0025,,,,
1215,0.1385,,0.0025,0.066,0.3235,0.077,,0.025,1.112,,,,1.156,,0.0,0.001,,,,,0.003,0.002,,,,
1216,0.139,,0.0025,0.066,2.1705,0.077,,0.025,0.1965,,,,1.1585,,0.0,0.001,,,,,0.003,0.0025,,,,
1217,0.1385,,0.0025,0.066,0.30200000000000005,0.0775,,0.025,0.1375,,,,1.1535,,0.0,0.001,,,,,0.003,0.0025,,,,
1218,0.139,,0.0025,0.066,0.244,0.0775,,0.025,0.255,,,,1.1615,,0.0,0.001,,,,,0.003,0.002,,,,
1219,0.1385,,0.0025,0.066,0.112,0.0765,,0.025,0.4375,,,,1.161,,0.0,0.001,,,,,0.003,0.0025,,,,
1220,0.1385,,0.0025,0.066,0.2295,0.0775,,0.025,0.0815,,,,1.1585,,0.0,0.001,,,,,0.003,0.002,,,,
1221,0.139,,0.0025,0.066,0.0975,0.0775,,0.025,2.092,,,,1.161,,0.0,0.001,,,,,0.003,0.003,,,,
1222,0.1385,,0.0025,0.066,0.229,0.0775,,0.025,0.28500000000000003,,,,1.1555,,0.0,0.001,,,,,0.003,0.0025,,,,
1223,0.139,,0.0025,0.066,0.267,0.077,,0.025,0.5425000000000001,,,,1.157,,0.0,0.001,,,,,0.003,0.0025,,,,
1224,0.1385,,0.0025,0.0655,0.2955,0.0775,,0.025,0.777,,,,1.1604999999999999,,0.0,0.001,,,,,0.003,0.003,,,,
1225,0.139,,0.0025,0.066,0.219,0.0775,,0.025,0.5325,,,,1.1604999999999999,,0.0,0.001,,,,,0.003,0.002,,,,
1226,0.1385,,0.0025,0.066,0.245,0.0775,,0.025,1.3425,,,,1.1600000000000001,,0.0,0.001,,,,,0.003,0.002,,,,
1227,0.139,,0.0025,0.066,0.867,0.0775,,0.025,0.9580000000000001,,,,1.1595,,0.0,0.001,,,,,0.003,0.0025,,,,
1228,0.128,,0.002,0.0695,0.21,0.0735,,0.025,0.2495,,,,1.1225,,0.0,0.001,,,,,0.003,0.002,,,,
1229,0.1285,,0.002,0.0695,0.17650000000000002,0.074,,0.025,0.242,,,,1.117,,0.0,0.001,,,,,0.003,0.002,,,,
1230,0.1285,,0.002,0.07,0.242,0.073,,0.025,1.811,,,,1.12,,0.0,0.001,,,,,0.003,0.002,,,,
1231,0.129,,0.002,0.07,0.12,0.0735,,0.025,0.9215000000000001,,,,1.124,,0.0,0.001,,,,,0.003,0.002,,,,
1232,0.128,,0.002,0.07,0.20600000000000002,0.0735,,0.025,0.1095,,,,1.125,,0.0,0.001,,,,,0.003,0.002,,,,
1233,0.1285,,0.002,0.0695,0.36,0.073,,0.025,1.2335,,,,1.121,,0.0,0.001,,,,,0.003,0.002,,,,
1234,0.1285,,0.002,0.07,0.234,0.073,,0.025,0.082,,,,1.122,,0.0,0.001,,,,,0.003,0.002,,,,
1235,0.128,,0.002,0.07,0.5645,0.0735,,0.025,1.005,,,,1.1245,,0.0,0.001,,,,,0.003,0.0025,,,,
1236,0.128,,0.002,0.0695,0.31900000000000006,0.0735,,0.025,0.4685,,,,1.121,,0.0,0.001,,,,,0.003,0.002,,,,
1237,0.128,,0.002,0.0695,0.42300000000000004,0.073,,0.025,0.1525,,,,1.1255000000000002,,0.0,0.001,,,,,0.003,0.002,,,,
1238,0.128,,0.002,0.0695,0.29500000000000004,0.074,,0.025,1.5450000000000002,,,,1.121,,0.0,0.001,,,,,0.003,0.002,,,,
1239,0.128,,0.002,0.0695,0.8755,0.073,,0.025,5.4295,,,,1.1265,,0.0,0.001,,,,,0.003,0.002,,,,
1240,0.128,,0.002,0.0695,0.0755,0.0735,,0.025,0.20650000000000002,,,,1.1235,,0.0,0.001,,,,,0.003,0.002,,,,
1241,0.128,,0.002,0.07,0.0995,0.0735,,0.025,1.1885,,,,1.1179999999999999,,0.0,0.001,,,,,0.003,0.0025,,,,
1242,0.128,,0.002,0.07,0.126,0.073,,0.025,1.5005000000000002,,,,1.1255000000000002,,0.0,0.001,,,,,0.003,0.002,,,,
1243,0.128,,0.002,0.07,0.1215,0.0735,,0.025,1.3375000000000001,,,,1.0150000000000001,,0.0,0.001,,,,,0.003,0.002,,,,
1244,0.128,,0.002,0.07,0.0685,0.0735,,0.025,1.0865,,,,1.0135,,0.0,0.001,,,,,0.003,0.002,,,,
1245,0.1275,,0.002,0.07,0.475,0.074,,0.025,0.7275,,,,1.0145,,0.0,0.001,,,,,0.003,0.002,,,,
1246,0.128,,0.002,0.07,0.35950000000000004,0.073,,0.025,0.079,,,,1.0155,,0.0,0.001,,,,,0.003,0.002,,,,
1247,0.1285,,0.002,0.07,4.231000000000001,0.074,,0.025,0.7835,,,,1.0105,,0.0,0.001,,,,,0.003,0.002,,,,
1248,0.128,,0.002,0.07,5.7195,0.0735,,0.025,1.3435,,,,1.014,,0.0,0.001,,,,,0.003,0.002,,,,
1249,0.128,,0.002,0.07,0.2185,0.073,,0.025,1.159,,,,1.0150000000000001,,0.0,0.001,,,,,0.003,0.002,,,,
1250,0.128,,0.002,0.0695,0.228,0.0735,,0.025,0.1125,,,,1.014,,0.0,0.001,,,,,0.003,0.002,,,,
1251,0.129,,0.002,0.07,0.44999999999999996,0.0735,,0.025,0.2465,,,,1.016,,0.0,0.001,,,,,0.003,0.002,,,,
1252,0.128,,0.002,0.07,0.30800000000000005,0.073,,0.025,0.9075000000000001,,,,1.0170000000000001,,0.0,0.001,,,,,0.003,0.0025,,,,
1253,0.128,,0.002,0.07050000000000001,0.1525,0.0735,,0.025,0.355,,,,0.9775,,0.0,0.001,,,,,0.003,0.002,,,,
1254,0.128,,0.002,0.07,0.522,0.073,,0.025,0.631,,,,0.975,,0.0,0.001,,,,,0.003,0.0025,,,,
1255,0.128,,0.002,0.07050000000000001,1.1025,0.073,,0.025,3.245,,,,0.9775,,0.0,0.001,,,,,0.003,0.002,,,,
1256,0.1275,,0.002,0.07,1.6745,0.0735,,0.025,1.372,,,,0.978,,0.0,0.001,,,,,0.003,0.002,,,,
1257,0.128,,0.002,0.07,0.371,0.073,,0.025,0.2535,,,,0.9735,,0.0,0.001,,,,,0.003,0.002,,,,
1258,0.1285,,0.002,0.07,0.0765,0.073,,0.025,2.738,,,,0.9405000000000001,,0.0,0.001,,,,,0.003,0.0025,,,,
1259,0.1285,,0.002,0.0695,0.14200000000000002,0.0735,,0.025,1.119,,,,0.888,,0.0,0.001,,,,,0.003,0.002,,,,
1260,0.1285,,0.002,0.0695,0.654,0.073,,0.025,0.37150000000000005,,,,0.89,,0.0,0.001,,,,,0.003,0.002,,,,
1261,0.1285,,0.002,0.0695,0.1115,0.073,,0.025,0.5175,,,,0.8895,,0.0,0.001,,,,,0.003,0.002,,,,
1262,0.128,,0.002,0.07,0.228,0.074,,0.025,1.3835,,,,0.8180000000000001,,0.0,0.001,,,,,0.003,0.002,,,,
1263,0.1285,,0.002,0.07,0.808,0.0735,,0.025,0.36950000000000005,,,,0.8200000000000001,,0.0,0.001,,,,,0.003,0.002,,,,
1264,0.1275,,0.002,0.07,0.30200000000000005,0.073,,0.025,0.48550000000000004,,,,0.7645,,0.0,0.001,,,,,0.003,0.002,,,,
1265,0.1275,,0.002,0.07,0.069,0.0735,,0.025,1.6695,,,,0.7635000000000001,,0.0,0.001,,,,,0.003,0.0025,,,,
1266,0.1285,,0.002,0.07050000000000001,0.6164999999999999,0.073,,0.025,0.505,,,,0.7645,,0.0,0.001,,,,,0.003,0.002,,,,
1267,0.128,,0.002,0.0695,0.067,0.073,,0.025,0.908,,,,0.763,,0.0,0.001,,,,,0.003,0.002,,,,
1268,0.1275,,0.002,0.07,0.0775,0.074,,0.025,1.5325,,,,0.7635000000000001,,0.0,0.001,,,,,0.003,0.002,,,,
1269,0.128,,0.002,0.07,0.4485,0.073,,0.025,0.394,,,,0.766,,0.0,0.001,,,,,0.003,0.002,,,,
1270,0.138,,0.003,0.07,0.14200000000000002,0.077,,0.025,0.5429999999999999,,,,0.747,,0.0,0.001,,,,,0.003,0.002,,,,
1271,0.138,,0.003,0.0695,0.379,0.0765,,0.025,0.8415,,,,0.748,,0.0,0.001,,,,,0.003,0.002,,,,
1272,0.138,,0.003,0.0695,0.207,0.0765,,0.025,0.6679999999999999,,,,0.7484999999999999,,0.0,0.001,,,,,0.003,0.002,,,,
1273,0.138,,0.003,0.0695,0.1055,0.077,,0.025,0.0725,,,,0.75,,0.0,0.001,,,,,0.003,0.002,,,,
1274,0.138,,0.003,0.069,0.268,0.0765,,0.025,1.3315,,,,0.746,,0.0,0.001,,,,,0.003,0.0025,,,,
1275,0.138,,0.003,0.0695,0.24,0.0765,,0.025,0.11499999999999999,,,,0.7525,,0.0,0.001,,,,,0.003,0.002,,,,
1276,0.138,,0.003,0.0695,0.075,0.0775,,0.025,0.8285,,,,0.748,,0.0,0.001,,,,,0.003,0.002,,,,
1277,0.1375,,0.003,0.069,0.41300000000000003,0.077,,0.025,0.9095,,,,0.751,,0.0,0.001,,,,,0.003,0.002,,,,
1278,0.1375,,0.003,0.0695,0.201,0.077,,0.025,0.1265,,,,0.752,,0.0,0.001,,,,,0.003,0.002,,,,
1279,0.138,,0.003,0.07,0.0805,0.0765,,0.025,0.0575,,,,0.7505,,0.0,0.001,,,,,0.003,0.002,,,,
1280,0.1375,,0.003,0.069,0.2705,0.077,,0.025,0.899,,,,0.7124999999999999,,0.0,0.001,,,,,0.003,0.002,,,,
1281,0.138,,0.003,0.069,0.1255,0.0765,,0.025,0.535,,,,0.7164999999999999,,0.0,0.001,,,,,0.003,0.002,,,,
1282,0.138,,0.003,0.069,0.103,0.0775,,0.025,0.8795000000000001,,,,0.716,,0.0,0.001,,,,,0.003,0.002,,,,
1283,0.138,,0.003,0.069,0.14150000000000001,0.077,,0.025,2.1465,,,,0.7144999999999999,,0.0,0.001,,,,,0.003,0.002,,,,
1284,0.138,,0.003,0.069,0.30000000000000004,0.077,,0.025,0.5485,,,,0.715,,0.0,0.001,,,,,0.003,0.002,,,,
1285,0.138,,0.003,0.069,0.098,0.077,,0.025,0.65,,,,0.714,,0.0,0.001,,,,,0.003,0.0025,,,,
1286,0.138,,0.003,0.069,0.104,0.077,,0.025,1.8075,,,,0.713,,0.0,0.001,,,,,0.003,0.002,,,,
1287,0.1385,,0.003,0.0695,0.2545,0.077,,0.025,0.0625,,,,0.716,,0.0,0.001,,,,,0.003,0.002,,,,
1288,0.1385,,0.003,0.069,0.082,0.0775,,0.025,0.8795,,,,0.716,,0.0,0.001,,,,,0.003,0.002,,,,
1289,0.138,,0.003,0.069,0.7295,0.077,,0.025,1.928,,,,0.7195,,0.0,0.001,,,,,0.003,0.002,,,,
1290,0.1385,,0.003,0.069,0.24,0.0765,,0.025,1.079,,,,0.717,,0.0,0.001,,,,,0.003,0.0025,,,,
1291,0.1385,,0.003,0.069,0.0595,0.0775,,0.025,0.248,,,,0.7155,,0.0,0.001,,,,,0.003,0.0025,,,,
1292,0.1385,,0.003,0.069,0.8445,0.0765,,0.025,1.179,,,,0.716,,0.0,0.001,,,,,0.003,0.002,,,,
1293,0.138,,0.003,0.0695,0.1905,0.077,,0.025,0.776,,,,0.7135,,0.0,0.001,,,,,0.003,0.002,,,,
1294,0.1385,,0.003,0.0695,0.0595,0.0775,,0.025,0.1595,,,,0.7175,,0.0,0.001,,,,,0.003,0.0025,,,,
1295,0.1385,,0.003,0.0695,2.4735,0.0765,,0.025,0.704,,,,0.7164999999999999,,0.0,0.001,,,,,0.003,0.002,,,,
1296,0.1385,,0.003,0.0695,0.274,0.0765,,0.025,2.1865,,,,0.7164999999999999,,0.0,0.001,,,,,0.003,0.002,,,,
1297,0.1385,,0.003,0.069,0.0825,0.077,,0.025,0.266,,,,0.716,,0.0,0.001,,,,,0.003,0.002,,,,
1298,0.1375,,0.003,0.0695,0.121,0.0765,,0.025,0.844,,,,0.7144999999999999,,0.0,0.001,,,,,0.003,0.002,,,,
1299,0.139,,0.003,0.069,0.8140000000000001,0.077,,0.025,0.1025,,,,0.715,,0.0,0.001,,,,,0.003,0.002,,,,
1300,0.1385,,0.003,0.069,0.093,0.0775,,0.025,0.133,,,,0.719,,0.0,0.001,,,,,0.003,0.002,,,,
1301,0.139,,0.003,0.069,0.31300000000000006,0.077,,0.025,1.3645,,,,0.7164999999999999,,0.0,0.001,,,,,0.003,0.002,,,,
1302,0.139,,0.003,0.069,0.36050000000000004,0.0765,,0.025,0.183,,,,0.7164999999999999,,0.0,0.001,,,,,0.003,0.002,,,,
1303,0.138,,0.003,0.069,2.603,0.0775,,0.025,5.652500000000001,,,,0.72,,0.0,0.001,,,,,0.003,0.002,,,,
1304,0.138,,0.003,0.069,0.223,0.0765,,0.025,1.1535,,,,0.7195,,0.0,0.001,,,,,0.003,0.0025,,,,
1305,0.138,,0.003,0.069,0.2765,0.077,,0.025,1.422,,,,0.7195,,0.0,0.001,,,,,0.003,0.0025,,,,
1306,0.1375,,0.003,0.069,0.07450000000000001,0.0775,,0.025,1.4155000000000002,,,,0.721,,0.0,0.001,,,,,0.003,0.0025,,,,
1307,0.138,,0.003,0.069,1.6380000000000001,0.0765,,0.025,0.8625,,,,0.7195,,0.0,0.001,,,,,0.003,0.0025,,,,
1308,0.138,,0.003,0.069,0.3915,0.0775,,0.025,0.5435,,,,0.7155,,0.0,0.001,,,,,0.003,0.002,,,,
1309,0.138,,0.003,0.0695,2.4385,0.077,,0.025,2.6135,,,,0.719,,0.0,0.001,,,,,0.003,0.002,,,,
1310,0.1375,,0.003,0.069,0.069,0.0765,,0.025,0.4645,,,,0.7195,,0.0,0.001,,,,,0.003,0.002,,,,
1311,0.138,,0.003,0.069,0.1485,0.0765,,0.025,0.47650000000000003,,,,0.718,,0.0,0.001,,,,,0.003,0.0025,,,,
1312,0.1375,,0.003,0.069,2.4685,0.0775,,0.025,2.5185000000000004,,,,0.72,,0.0,0.001,,,,,0.003,0.002,,,,
1313,0.1375,,0.003,0.0695,0.1105,0.077,,0.025,0.31100000000000005,,,,0.7184999999999999,,0.0,0.001,,,,,0.003,0.002,,,,
1314,0.138,,0.003,0.069,2.7,0.0765,,0.025,0.6995,,,,0.7215,,0.0,0.001,,,,,0.003,0.002,,,,
1315,0.138,,0.003,0.0695,2.468,0.0765,,0.025,0.35200000000000004,,,,0.7195,,0.0,0.001,,,,,0.003,0.002,,,,
1316,0.138,,0.003,0.0695,2.348,0.077,,0.025,0.0685,,,,0.7235,,0.0,0.001,,,,,0.003,0.002,,,,
1317,0.138,,0.003,0.0695,2.5945,0.077,,0.025,0.466,,,,0.72,,0.0,0.001,,,,,0.003,0.0025,,,,
1318,0.1375,,0.003,0.069,2.4570000000000003,0.077,,0.025,0.516,,,,0.7244999999999999,,0.0,0.001,,,,,0.003,0.002,,,,
1319,0.1385,,0.003,0.069,1.978,0.0765,,0.025,0.219,,,,0.7235,,0.0,0.001,,,,,0.003,0.002,,,,
1320,0.1385,,0.003,0.07,0.1795,0.077,,0.025,1.8185,,,,0.719,,0.0,0.001,,,,,0.003,0.002,,,,
1321,0.1385,,0.003,0.069,2.34,0.077,,0.025,0.49250000000000005,,,,0.7204999999999999,,0.0,0.001,,,,,0.003,0.002,,,,
1322,0.138,,0.003,0.07,0.2015,0.077,,0.025,0.37000000000000005,,,,0.712,,0.0,0.001,,,,,0.003,0.002,,,,
1323,0.1375,,0.003,0.0695,2.8195,0.0765,,0.025,0.8565,,,,0.71,,0.0,0.001,,,,,0.003,0.002,,,,
1324,0.138,,0.003,0.07,2.2975,0.0775,,0.025,0.3995,,,,0.714,,0.0,0.001,,,,,0.003,0.002,,,,
1325,0.138,,0.003,0.0695,2.047,0.077,,0.025,0.2495,,,,0.714,,0.0,0.001,,,,,0.003,0.002,,,,
1326,0.138,,0.003,0.069,0.2465,0.077,,0.025,0.697,,,,0.6505000000000001,,0.0,0.001,,,,,0.003,0.002,,,,
1327,0.1385,,0.003,0.069,3.08,0.0775,,0.025,0.8155,,,,0.6445000000000001,,0.0,0.001,,,,,0.003,0.002,,,,
1328,0.138,,0.003,0.07,0.0895,0.077,,0.025,0.35050000000000003,,,,0.6445000000000001,,0.0,0.001,,,,,0.003,0.002,,,,
1329,0.138,,0.003,0.0695,0.4465,0.0765,,0.025,0.928,,,,0.646,,0.0,0.001,,,,,0.003,0.002,,,,
1330,0.138,,0.003,0.0695,0.09899999999999999,0.0775,,0.025,0.221,,,,0.646,,0.0,0.001,,,,,0.003,0.002,,,,
1331,0.137,,0.003,0.07,0.0865,0.077,,0.025,0.195,,,,0.6455,,0.0,0.001,,,,,0.003,0.002,,,,
1332,0.138,,0.003,0.07,0.1355,0.077,,0.025,1.585,,,,0.648,,0.0,0.001,,,,,0.003,0.0025,,,,
1333,0.138,,0.003,0.0695,0.061,0.0775,,0.025,0.739,,,,0.6485000000000001,,0.0,0.001,,,,,0.003,0.002,,,,
1334,0.138,,0.003,0.07,5.6115,0.0765,,0.025,2.281,,,,0.6455,,0.0,0.001,,,,,0.003,0.002,,,,
1335,0.1375,,0.003,0.07,0.165,0.077,,0.025,0.203,,,,0.6475,,0.0,0.001,,,,,0.003,0.002,,,,
1336,0.138,,0.003,0.07,0.08,0.0775,,0.025,0.636,,,,0.644,,0.0,0.001,,,,,0.003,0.002,,,,
1337,0.138,,0.003,0.07,0.191,0.077,,0.025,7.0009999999999994,,,,0.648,,0.0,0.001,,,,,0.003,0.002,,,,
1338,0.1385,,0.003,0.07,0.1655,0.077,,0.025,0.729,,,,0.647,,0.0,0.001,,,,,0.003,0.002,,,,
1339,0.138,,0.003,0.07,0.158,0.0775,,0.025,0.639,,,,0.648,,0.0,0.001,,,,,0.003,0.002,,,,
1340,0.138,,0.003,0.0695,0.6900000000000001,0.077,,0.025,0.685,,,,0.65,,0.0,0.001,,,,,0.003,0.002,,,,
1341,0.138,,0.003,0.0695,0.5315,0.0765,,0.025,3.1545,,,,0.65,,0.0,0.001,,,,,0.003,0.002,,,,
1342,0.138,,0.003,0.07,0.138,0.0765,,0.025,0.2665,,,,0.649,,0.0,0.001,,,,,0.003,0.0025,,,,
1343,0.138,,0.003,0.07,0.2265,0.077,,0.025,0.7615,,,,0.649,,0.0,0.001,,,,,0.003,0.002,,,,
1344,0.138,,0.003,0.07,0.085,0.077,,0.025,0.28800000000000003,,,,0.649,,0.0,0.001,,,,,0.003,0.0025,,,,
1345,0.1385,,0.003,0.07,0.0975,0.077,,0.025,1.05,,,,0.647,,0.0,0.001,,,,,0.003,0.002,,,,
1346,0.138,,0.003,0.07,1.0245,0.077,,0.025,3.9135000000000004,,,,0.6525000000000001,,0.0,0.001,,,,,0.003,0.002,,,,
1347,0.1375,,0.003,0.07,0.2035,0.0765,,0.025,1.2625,,,,0.6405000000000001,,0.0,0.001,,,,,0.003,0.002,,,,
1348,0.138,,0.003,0.07,0.718,0.077,,0.025,0.0695,,,,0.6395,,0.0,0.001,,,,,0.003,0.002,,,,
1349,0.1375,,0.003,0.07,0.41800000000000004,0.076,,0.025,0.616,,,,0.6395,,0.0,0.001,,,,,0.003,0.002,,,,
1350,0.138,,0.003,0.07,2.687,0.077,,0.025,0.29700000000000004,,,,0.6415,,0.0,0.001,,,,,0.003,0.002,,,,
1351,0.138,,0.003,0.07,0.2575,0.0765,,0.025,0.5815,,,,0.64,,0.0,0.001,,,,,0.003,0.002,,,,
1352,0.138,,0.003,0.07,0.35750000000000004,0.0765,,0.025,6.7955000000000005,,,,0.6375,,0.0,0.001,,,,,0.003,0.002,,,,
1353,0.1375,,0.003,0.07,2.743,0.077,,0.025,1.963,,,,0.638,,0.0,0.001,,,,,0.003,0.002,,,,
1354,0.138,,0.003,0.07,0.1185,0.0765,,0.025,0.44350000000000006,,,,0.6425000000000001,,0.0,0.001,,,,,0.003,0.002,,,,
1355,0.1385,,0.003,0.07,1.957,0.0765,,0.025,1.842,,,,0.6395,,0.0,0.001,,,,,0.003,0.002,,,,
1356,0.138,,0.003,0.07,0.6074999999999999,0.0765,,0.025,3.2395,,,,0.6425000000000001,,0.0,0.001,,,,,0.003,0.002,,,,
1357,0.1385,,0.003,0.07,0.1585,0.0775,,0.025,0.255,,,,0.6445000000000001,,0.0,0.001,,,,,0.003,0.0025,,,,
1358,0.137,,0.003,0.07,1.901,0.0765,,0.025,1.5334999999999999,,,,0.647,,0.0,0.001,,,,,0.003,0.002,,,,
1359,0.138,,0.003,0.07,0.1345,0.0765,,0.025,0.102,,,,0.648,,0.0,0.001,,,,,0.003,0.002,,,,
1360,0.138,,0.003,0.07,0.30350000000000005,0.077,,0.025,0.536,,,,0.645,,0.0,0.001,,,,,0.003,0.002,,,,
1361,0.138,,0.003,0.07,0.19,0.0765,,0.025,0.14300000000000002,,,,0.6415,,0.0,0.001,,,,,0.003,0.002,,,,
1362,0.1375,,0.003,0.07,0.241,0.077,,0.025,0.0685,,,,0.6425000000000001,,0.0,0.001,,,,,0.003,0.002,,,,
1363,0.1375,,0.003,0.07,0.1355,0.077,,0.025,1.3010000000000002,,,,0.646,,0.0,0.001,,,,,0.003,0.0025,,,,
1364,0.138,,0.003,0.07,0.256,0.0765,,0.025,1.5335,,,,0.645,,0.0,0.001,,,,,0.003,0.002,,,,
1365,0.1375,,0.003,0.07,0.322,0.0765,,0.025,0.2115,,,,0.6455,,0.0,0.001,,,,,0.003,0.002,,,,
1366,0.138,,0.003,0.07,0.1885,0.077,,0.025,0.1255,,,,0.6435,,0.0,0.001,,,,,0.003,0.002,,,,
1367,0.1375,,0.003,0.07,0.36450000000000005,0.077,,0.025,1.005,,,,0.6445000000000001,,0.0,0.001,,,,,0.003,0.002,,,,
1368,0.138,,0.003,0.07,0.08600000000000001,0.0765,,0.025,0.5730000000000001,,,,0.614,,0.0,0.001,,,,,0.003,0.002,,,,
1369,0.138,,0.003,0.0695,0.077,0.0765,,0.025,1.0135,,,,0.618,,0.0,0.001,,,,,0.003,0.002,,,,
1370,0.138,,0.003,0.069,0.43600000000000005,0.0765,,0.025,1.423,,,,0.6125,,0.0,0.001,,,,,0.003,0.0025,,,,
1371,0.1375,,0.003,0.0695,0.0645,0.0765,,0.025,0.45,,,,0.617,,0.0,0.001,,,,,0.003,0.002,,,,
1372,0.1385,,0.003,0.07,0.1895,0.0765,,0.025,2.7275,,,,0.6125,,0.0,0.001,,,,,0.003,0.002,,,,
1373,0.1385,,0.003,0.07,0.8045,0.0765,,0.025,1.3,,,,0.6125,,0.0,0.001,,,,,0.003,0.0025,,,,
1374,0.139,,0.003,0.07,0.059,0.0765,,0.025,0.961,,,,0.611,,0.0,0.001,,,,,0.003,0.002,,,,
1375,0.138,,0.003,0.07,0.5545,0.077,,0.025,1.0345,,,,0.6174999999999999,,0.0,0.001,,,,,0.003,0.002,,,,
1376,0.1375,,0.003,0.0695,0.465,0.0765,,0.025,0.638,,,,0.61,,0.0,0.001,,,,,0.003,0.002,,,,
1377,0.138,,0.003,0.0695,0.093,0.0765,,0.025,0.886,,,,0.614,,0.0,0.001,,,,,0.003,0.002,,,,
1378,0.138,,0.003,0.07,0.11549999999999999,0.077,,0.025,0.952,,,,0.617,,0.0,0.001,,,,,0.003,0.002,,,,
1379,0.138,,0.003,0.0695,0.6000000000000001,0.0765,,0.025,1.264,,,,0.615,,0.0,0.001,,,,,0.003,0.002,,,,
1380,0.1375,,0.003,0.069,0.118,0.077,,0.025,0.2415,,,,0.603,,0.0,0.001,,,,,0.003,0.002,,,,
1381,0.138,,0.003,0.0695,2.3569999999999998,0.0775,,0.025,5.988499999999999,,,,0.6054999999999999,,0.0,0.001,,,,,0.003,0.002,,,,
1382,0.138,,0.003,0.069,0.42550000000000004,0.0765,,0.025,0.9975,,,,0.6025,,0.0,0.001,,,,,0.003,0.0025,,,,
1383,0.138,,0.003,0.069,0.10149999999999999,0.077,,0.025,0.614,,,,0.6025,,0.0,0.001,,,,,0.003,0.002,,,,
1384,0.1375,,0.003,0.069,0.9075,0.077,,0.025,0.265,,,,0.604,,0.0,0.001,,,,,0.003,0.0025,,,,
1385,0.138,,0.003,0.069,0.121,0.077,,0.025,1.278,,,,0.602,,0.0,0.001,,,,,0.003,0.002,,,,
1386,0.138,,0.003,0.069,0.133,0.0765,,0.025,0.30150000000000005,,,,0.607,,0.0,0.001,,,,,0.003,0.0025,,,,
1387,0.138,,0.003,0.069,0.079,0.0775,,0.025,0.0795,,,,0.6054999999999999,,0.0,0.001,,,,,0.003,0.0025,,,,
1388,0.138,,0.003,0.069,0.5745,0.077,,0.025,0.248,,,,0.6054999999999999,,0.0,0.001,,,,,0.003,0.002,,,,
1389,0.138,,0.003,0.069,0.47450000000000003,0.077,,0.025,1.0105,,,,0.606,,0.0,0.001,,,,,0.003,0.002,,,,
1390,0.1375,,0.003,0.07,0.5565,0.0775,,0.025,0.554,,,,0.602,,0.0,0.001,,,,,0.003,0.0025,,,,
1391,0.138,,0.003,0.0695,0.516,0.077,,0.025,2.44,,,,0.608,,0.0,0.001,,,,,0.003,0.002,,,,
1392,0.137,,0.003,0.07,0.2045,0.0765,,0.025,0.2325,,,,0.597,,0.0,0.001,,,,,0.003,0.002,,,,
1393,0.138,,0.003,0.069,0.157,0.0765,,0.025,0.2305,,,,0.5974999999999999,,0.0,0.001,,,,,0.003,0.002,,,,
1394,0.139,,0.003,0.069,0.9235,0.077,,0.025,0.44300000000000006,,,,0.5985,,0.0,0.001,,,,,0.003,0.0025,,,,
1395,0.1385,,0.003,0.07,0.31300000000000006,0.077,,0.025,1.3099999999999998,,,,0.595,,0.0,0.001,,,,,0.003,0.002,,,,
1396,0.138,,0.003,0.0695,0.172,0.0775,,0.025,0.23,,,,0.599,,0.0,0.001,,,,,0.003,0.0025,,,,
1397,0.138,,0.003,0.07,0.1595,0.0765,,0.025,0.5225,,,,0.5994999999999999,,0.0,0.001,,,,,0.003,0.002,,,,
1398,0.1375,,0.003,0.0695,8.6505,0.0765,,0.025,3.7635,,,,0.6005,,0.0,0.001,,,,,0.003,0.002,,,,
1399,0.1385,,0.003,0.069,1.7395,0.0775,,0.025,3.713,,,,0.601,,0.0,0.001,,,,,0.003,0.002,,,,
1400,0.1375,,0.003,0.0695,0.329,0.0765,,0.025,0.6155,,,,0.5985,,0.0,0.001,,,,,0.003,0.002,,,,
1401,0.1385,,0.003,0.07,0.255,0.077,,0.025,0.11449999999999999,,,,0.602,,0.0,0.001,,,,,0.003,0.002,,,,
1402,0.1375,,0.003,0.0695,0.7070000000000001,0.0775,,0.025,1.252,,,,0.6,,0.0,0.001,,,,,0.003,0.002,,,,
1403,0.138,,0.003,0.0695,0.1485,0.077,,0.025,0.3275,,,,0.6005,,0.0,0.001,,,,,0.003,0.002,,,,
1404,0.138,,0.003,0.069,0.057499999999999996,0.0765,,0.025,0.991,,,,0.6025,,0.0,0.001,,,,,0.003,0.002,,,,
1405,0.1375,,0.003,0.069,0.1375,0.0765,,0.025,0.8405,,,,0.6045,,0.0,0.001,,,,,0.003,0.002,,,,
1406,0.1375,,0.003,0.069,0.126,0.077,,0.025,0.31400000000000006,,,,0.6034999999999999,,0.0,0.001,,,,,0.003,0.002,,,,
1407,0.127,,0.002,0.066,3.862,0.07200000000000001,,0.025,2.3825000000000003,,,,0.5785,,0.0,0.001,,,,,0.003,0.002,,,,
1408,0.127,,0.002,0.066,0.0945,0.07200000000000001,,0.025,1.327,,,,0.5750000000000001,,0.0,0.001,,,,,0.003,0.002,,,,
1409,0.127,,0.002,0.066,0.1535,0.07200000000000001,,0.025,0.5830000000000001,,,,0.55,,0.0,0.001,,,,,0.003,0.002,,,,
1410,0.127,,0.002,0.0665,0.204,0.07200000000000001,,0.025,0.049,,,,0.5445,,0.0,0.001,,,,,0.003,0.0025,,,,
1411,0.1275,,0.002,0.066,2.5410000000000004,0.07200000000000001,,0.025,2.748,,,,0.55,,0.0,0.001,,,,,0.003,0.002,,,,
1412,0.127,,0.002,0.066,4.1745,0.07200000000000001,,0.025,0.219,,,,0.547,,0.0,0.001,,,,,0.003,0.002,,,,
1413,0.127,,0.002,0.0665,1.047,0.07200000000000001,,0.025,0.1125,,,,0.55,,0.0,0.001,,,,,0.003,0.0025,,,,
1414,0.127,,0.002,0.066,0.2425,0.07200000000000001,,0.025,0.909,,,,0.5465,,0.0,0.001,,,,,0.003,0.002,,,,
1415,0.127,,0.002,0.066,0.508,0.07200000000000001,,0.025,0.10900000000000001,,,,0.5485,,0.0,0.001,,,,,0.003,0.002,,,,
1416,0.128,,0.002,0.066,0.5485,0.07200000000000001,,0.025,0.1775,,,,0.549,,0.0,0.001,,,,,0.003,0.002,,,,
1417,0.127,,0.002,0.066,0.10550000000000001,0.07200000000000001,,0.025,0.40950000000000003,,,,0.55,,0.0,0.001,,,,,0.003,0.002,,,,
1418,0.127,,0.002,0.066,0.43500000000000005,0.07200000000000001,,0.025,0.6225,,,,0.548,,0.0,0.001,,,,,0.003,0.002,,,,
1419,0.127,,0.002,0.066,3.8225000000000002,0.07200000000000001,,0.025,4.559500000000001,,,,0.55,,0.0,0.001,,,,,0.003,0.002,,,,
1420,0.1275,,0.002,0.066,0.1805,0.07200000000000001,,0.025,0.9844999999999999,,,,0.5465,,0.0,0.001,,,,,0.003,0.002,,,,
1421,0.127,,0.002,0.066,0.6275,0.07200000000000001,,0.025,1.2040000000000002,,,,0.548,,0.0,0.001,,,,,0.003,0.002,,,,
1422,0.127,,0.002,0.066,0.137,0.07200000000000001,,0.025,0.9025,,,,0.549,,0.0,0.001,,,,,0.003,0.002,,,,
1423,0.1265,,0.002,0.066,0.186,0.07200000000000001,,0.025,0.9795,,,,0.5485,,0.0,0.001,,,,,0.003,0.0025,,,,
1424,0.1265,,0.002,0.066,0.565,0.07200000000000001,,0.025,1.7220000000000002,,,,0.55,,0.0,0.001,,,,,0.003,0.002,,,,
1425,0.127,,0.002,0.066,1.1844999999999999,0.07200000000000001,,0.025,3.351,,,,0.5545,,0.0,0.001,,,,,0.003,0.002,,,,
1426,0.1275,,0.002,0.066,1.6500000000000001,0.07200000000000001,,0.025,4.0735,,,,0.551,,0.0,0.001,,,,,0.003,0.002,,,,
1427,0.127,,0.002,0.066,2.6470000000000002,0.07200000000000001,,0.025,7.8425,,,,0.5535000000000001,,0.0,0.001,,,,,0.003,0.002,,,,
1428,0.127,,0.002,0.066,0.063,0.07200000000000001,,0.025,0.7675000000000001,,,,0.553,,0.0,0.001,,,,,0.003,0.002,,,,
1429,0.127,,0.002,0.066,0.5915,0.07200000000000001,,0.025,1.2755,,,,0.5495000000000001,,0.0,0.001,,,,,0.003,0.002,,,,
1430,0.127,,0.002,0.066,0.8079999999999999,0.07200000000000001,,0.025,0.111,,,,0.551,,0.0,0.001,,,,,0.003,0.002,,,,
1431,0.1275,,0.002,0.066,0.0625,0.07200000000000001,,0.025,0.6875,,,,0.5525,,0.0,0.001,,,,,0.003,0.002,,,,
1432,0.1275,,0.002,0.066,0.108,0.07200000000000001,,0.025,0.0455,,,,0.486,,0.0,0.001,,,,,0.003,0.0025,,,,
1433,0.127,,0.002,0.066,2.0575,0.07200000000000001,,0.025,0.048,,,,0.487,,0.0,0.001,,,,,0.003,0.0025,,,,
1434,0.1275,,0.002,0.0655,0.871,0.07200000000000001,,0.025,0.9785,,,,0.487,,0.0,0.001,,,,,0.003,0.0025,,,,
1435,0.1275,,0.002,0.0655,0.063,0.07200000000000001,,0.025,0.7919999999999999,,,,0.4655,,0.0,0.001,,,,,0.003,0.003,,,,
1436,0.128,,0.002,0.066,0.4495,0.07200000000000001,,0.025,1.1660000000000001,,,,0.4655,,0.0,0.001,,,,,0.003,0.003,,,,
1437,0.1275,,0.002,0.066,0.207,0.07200000000000001,,0.025,1.058,,,,0.466,,0.0,0.001,,,,,0.003,0.0025,,,,
1438,0.1275,,0.002,0.066,0.2135,0.07200000000000001,,0.025,0.48200000000000004,,,,0.4665,,0.0,0.001,,,,,0.003,0.003,,,,
1439,0.128,,0.002,0.066,0.35000000000000003,0.07200000000000001,,0.025,1.0065,,,,0.4645,,0.0,0.001,,,,,0.003,0.003,,,,
1440,0.1275,,0.002,0.066,0.207,0.07200000000000001,,0.025,0.9735,,,,0.4655,,0.0,0.001,,,,,0.003,0.003,,,,
1441,0.128,,0.002,0.066,0.1625,0.07200000000000001,,0.025,0.4405,,,,0.4665,,0.0,0.001,,,,,0.003,0.003,,,,
1442,0.127,,0.002,0.066,0.8095,0.07200000000000001,,0.025,0.41300000000000003,,,,0.4675,,0.0,0.001,,,,,0.003,0.0025,,,,
1443,0.1275,,0.002,0.0665,0.2805,0.07200000000000001,,0.025,0.7205,,,,0.4685,,0.0,0.001,,,,,0.003,0.003,,,,
1444,0.1275,,0.002,0.066,0.42600000000000005,0.07200000000000001,,0.025,0.517,,,,0.468,,0.0,0.001,,,,,0.003,0.002,,,,
1445,0.1285,,0.002,0.066,0.073,0.07200000000000001,,0.025,0.603,,,,0.467,,0.0,0.001,,,,,0.003,0.003,,,,
1446,0.1285,,0.002,0.066,0.1535,0.07200000000000001,,0.025,0.878,,,,0.4685,,0.0,0.001,,,,,0.003,0.003,,,,
1447,0.1275,,0.002,0.066,0.2555,0.07200000000000001,,0.025,1.3565,,,,0.467,,0.0,0.001,,,,,0.003,0.0025,,,,
1448,0.1275,,0.002,0.066,0.35550000000000004,0.07200000000000001,,0.025,0.809,,,,0.4675,,0.0,0.001,,,,,0.003,0.003,,,,
1449,0.1275,,0.002,0.066,0.0975,0.07200000000000001,,0.025,0.8815000000000001,,,,0.449,,0.0,0.001,,,,,0.003,0.002,,,,
1450,0.1275,,0.002,0.066,0.36000000000000004,0.07200000000000001,,0.025,0.9195,,,,0.4465,,0.0,0.001,,,,,0.003,0.003,,,,
1451,0.127,,0.002,0.066,0.47100000000000003,0.07200000000000001,,0.025,2.146,,,,0.446,,0.0,0.001,,,,,0.003,0.0025,,,,
1452,0.127,,0.002,0.066,0.33,0.07200000000000001,,0.025,0.46950000000000003,,,,0.445,,0.0,0.001,,,,,0.003,0.003,,,,
1453,0.127,,0.002,0.066,0.6064999999999999,0.07200000000000001,,0.025,0.833,,,,0.445,,0.0,0.001,,,,,0.003,0.003,,,,
1454,0.1275,,0.002,0.066,0.517,0.07200000000000001,,0.025,1.0050000000000001,,,,0.4465,,0.0,0.001,,,,,0.003,0.0025,,,,
1455,0.127,,0.002,0.066,0.4005,0.07200000000000001,,0.025,0.10850000000000001,,,,0.4465,,0.0,0.001,,,,,0.003,0.002,,,,
1456,0.1275,,0.002,0.066,0.5025,0.07200000000000001,,0.025,1.0950000000000002,,,,0.4465,,0.0,0.001,,,,,0.003,0.003,,,,
1457,0.127,,0.002,0.066,0.5285,0.07200000000000001,,0.025,0.1665,,,,0.447,,0.0,0.001,,,,,0.003,0.0025,,,,
1458,0.1275,,0.002,0.066,0.0735,0.07200000000000001,,0.025,1.2205000000000001,,,,0.4465,,0.0,0.001,,,,,0.003,0.0025,,,,
1459,0.127,,0.002,0.066,0.35250000000000004,0.07200000000000001,,0.025,0.36950000000000005,,,,0.446,,0.0,0.001,,,,,0.003,0.003,,,,
1460,0.127,,0.002,0.066,0.3795,0.07200000000000001,,0.025,1.012,,,,0.448,,0.0,0.001,,,,,0.003,0.0025,,,,
1461,0.1275,,0.002,0.066,0.216,0.07200000000000001,,0.025,0.8655,,,,0.4465,,0.0,0.001,,,,,0.003,0.003,,,,
1462,0.1275,,0.002,0.066,0.217,0.07200000000000001,,0.025,0.5645,,,,0.4485,,0.0,0.001,,,,,0.003,0.0025,,,,
1463,0.1275,,0.0025,0.066,0.49100000000000005,0.07200000000000001,,0.025,0.47600000000000003,,,,0.443,,0.0,0.001,,,,,0.003,0.003,,,,
1464,0.1275,,0.002,0.066,0.466,0.07200000000000001,,0.025,0.1895,,,,0.445,,0.0,0.001,,,,,0.003,0.002,,,,
1465,0.1275,,0.002,0.066,0.067,0.07200000000000001,,0.025,0.5525,,,,0.4445,,0.0,0.001,,,,,0.003,0.002,,,,
1466,0.1275,,0.002,0.066,0.47450000000000003,0.07200000000000001,,0.025,0.915,,,,0.444,,0.0,0.001,,,,,0.003,0.0025,,,,
1467,0.1275,,0.002,0.066,1.5595,0.07200000000000001,,0.025,3.2295000000000003,,,,0.4445,,0.0,0.001,,,,,0.003,0.002,,,,
1468,0.127,,0.002,0.066,0.2745,0.07200000000000001,,0.025,0.4565,,,,0.445,,0.0,0.001,,,,,0.003,0.002,,,,
1469,0.128,,0.002,0.066,0.47250000000000003,0.07200000000000001,,0.025,0.8965,,,,0.446,,0.0,0.001,,,,,0.003,0.002,,,,
1470,0.1275,,0.002,0.066,0.981,0.07200000000000001,,0.025,6.0215000000000005,,,,0.447,,0.0,0.001,,,,,0.003,0.0025,,,,
1471,0.1275,,0.002,0.066,0.1255,0.07200000000000001,,0.025,1.2,,,,0.4235,,0.0,0.001,,,,,0.003,0.0025,,,,
1472,0.128,,0.002,0.066,5.473,0.07200000000000001,,0.025,0.6739999999999999,,,,0.4235,,0.0,0.001,,,,,0.003,0.003,,,,
1473,0.128,,0.002,0.066,0.1085,0.07200000000000001,,0.025,0.731,,,,0.4235,,0.0,0.001,,,,,0.003,0.003,,,,
1474,0.128,,0.002,0.066,0.0825,0.07200000000000001,,0.025,0.459,,,,0.4235,,0.0,0.001,,,,,0.003,0.003,,,,
1475,0.1265,,0.002,0.065,0.129,0.07150000000000001,,0.0245,1.2375,,,,0.366,,0.0,0.001,,,,,0.003,0.003,,,,
1476,0.1265,,0.002,0.065,0.41550000000000004,0.07150000000000001,,0.025,1.3345,,,,0.3665,,0.0,0.001,,,,,0.003,0.003,,,,
1477,0.1265,,0.002,0.065,2.9475000000000002,0.07100000000000001,,0.0245,0.08449999999999999,,,,0.3665,,0.0,0.001,,,,,0.003,0.003,,,,
1478,0.1265,,0.002,0.0645,1.7185,0.07150000000000001,,0.025,6.0045,,,,0.367,,0.0,0.001,,,,,0.003,0.003,,,,
1479,0.1275,,0.002,0.0645,0.121,0.07100000000000001,,0.0245,0.886,,,,0.367,,0.0,0.001,,,,,0.003,0.003,,,,
1480,0.127,,0.002,0.064,0.18250000000000002,0.07100000000000001,,0.025,1.7495,,,,0.3665,,0.0,0.001,,,,,0.003,0.003,,,,
1481,0.1265,,0.002,0.065,0.368,0.07200000000000001,,0.025,0.9305,,,,0.3685,,0.0,0.001,,,,,0.003,0.003,,,,
1482,0.127,,0.002,0.065,0.019,0.07100000000000001,,0.025,0.928,,,,0.367,,0.0,0.001,,,,,0.003,0.003,,,,
1483,0.127,,0.002,0.0645,0.0645,0.07150000000000001,,0.025,1.415,,,,0.366,,0.0,0.001,,,,,0.003,0.003,,,,
1484,0.127,,0.002,0.0645,0.3035,0.07100000000000001,,0.0245,1.226,,,,0.367,,0.0,0.001,,,,,0.003,0.003,,,,
1485,0.127,,0.002,0.065,3.0225,0.07100000000000001,,0.025,1.8025,,,,0.3685,,0.0,0.001,,,,,0.003,0.003,,,,
1486,0.1265,,0.002,0.065,0.0485,0.07150000000000001,,0.025,0.21450000000000002,,,,0.369,,0.0,0.001,,,,,0.003,0.003,,,,
1487,0.127,,0.002,0.065,0.063,0.07100000000000001,,0.0245,0.4035,,,,0.368,,0.0,0.001,,,,,0.003,0.003,,,,
1488,0.127,,0.002,0.065,0.20850000000000002,0.07100000000000001,,0.025,0.5964999999999999,,,,0.367,,0.0,0.001,,,,,0.003,0.003,,,,
1489,0.127,,0.002,0.065,0.029500000000000002,0.07100000000000001,,0.025,0.516,,,,0.369,,0.0,0.001,,,,,0.003,0.003,,,,
1490,0.127,,0.002,0.065,3.754,0.07100000000000001,,0.0245,8.506499999999999,,,,0.3675,,0.0,0.001,,,,,0.003,0.003,,,,
1491,0.127,,0.002,0.065,0.24250000000000002,0.07150000000000001,,0.025,1.9085,,,,0.3665,,0.0,0.001,,,,,0.003,0.003,,,,
1492,0.1265,,0.002,0.0645,0.031,0.07200000000000001,,0.025,0.11549999999999999,,,,0.368,,0.0,0.001,,,,,0.003,0.003,,,,
1493,0.127,,0.002,0.065,0.20850000000000002,0.07100000000000001,,0.025,1.441,,,,0.3685,,0.0,0.001,,,,,0.003,0.003,,,,
1494,0.1265,,0.002,0.065,2.5705,0.07150000000000001,,0.025,1.836,,,,0.3685,,0.0,0.001,,,,,0.003,0.003,,,,
1495,0.1275,,0.002,0.0645,0.1335,0.07150000000000001,,0.025,0.6675,,,,0.3695,,0.0,0.001,,,,,0.003,0.003,,,,
1496,0.127,,0.002,0.065,1.2875,0.07100000000000001,,0.0245,4.4935,,,,0.368,,0.0,0.001,,,,,0.003,0.003,,,,
1497,0.127,,0.002,0.065,0.1625,0.07100000000000001,,0.025,0.6455,,,,0.3685,,0.0,0.001,,,,,0.003,0.003,,,,
1498,0.127,,0.002,0.065,0.131,0.07100000000000001,,0.025,1.351,,,,0.368,,0.0,0.001,,,,,0.003,0.003,,,,
1499,0.1275,,0.002,0.065,0.439,0.07150000000000001,,0.025,0.52,,,,0.369,,0.0,0.001,,,,,0.003,0.003,,,,
1500,0.127,,0.002,0.064,0.8865000000000001,0.07100000000000001,,0.024,1.508,,,,0.37,,0.0,0.001,,,,,0.003,0.003,,,,
1501,0.1265,,0.002,0.065,5.4990000000000006,0.07100000000000001,,0.0245,0.392,,,,0.3695,,0.0,0.001,,,,,0.003,0.003,,,,
1502,0.127,,0.002,0.065,0.29450000000000004,0.07150000000000001,,0.0245,0.0945,,,,0.371,,0.0,0.001,,,,,0.003,0.003,,,,
1503,0.127,,0.002,0.065,2.3095000000000003,0.07100000000000001,,0.0245,0.7425,,,,0.3685,,0.0,0.001,,,,,0.003,0.003,,,,
1504,0.1275,,0.002,0.065,0.11499999999999999,0.07150000000000001,,0.025,0.9169999999999999,,,,0.3715,,0.0,0.001,,,,,0.003,0.003,,,,
1505,0.127,,0.002,0.065,0.1305,0.07150000000000001,,0.025,0.8069999999999999,,,,0.3695,,0.0,0.001,,,,,0.003,0.003,,,,
1506,0.1265,,0.002,0.0645,0.34600000000000003,0.07150000000000001,,0.025,1.1705,,,,0.369,,0.0,0.001,,,,,0.003,0.003,,,,
1507,0.1265,,0.002,0.065,0.043500000000000004,0.07100000000000001,,0.025,0.17850000000000002,,,,0.369,,0.0,0.001,,,,,0.003,0.003,,,,
1508,0.127,,0.002,0.065,0.186,0.07150000000000001,,0.0245,0.1595,,,,0.3715,,0.0,0.001,,,,,0.003,0.003,,,,
1509,0.127,,0.002,0.065,0.044000000000000004,0.07150000000000001,,0.025,0.40650000000000003,,,,0.368,,0.0,0.001,,,,,0.003,0.003,,,,
1510,0.127,,0.002,0.065,0.07900000000000001,0.07100000000000001,,0.0245,0.7869999999999999,,,,0.37,,0.0,0.001,,,,,0.003,0.003,,,,
1511,0.1265,,0.002,0.065,1.1525,0.07100000000000001,,0.025,0.0925,,,,0.369,,0.0,0.001,,,,,0.003,0.003,,,,
1512,0.127,,0.002,0.065,0.375,0.07150000000000001,,0.0245,0.7335,,,,0.37,,0.0,0.001,,,,,0.003,0.003,,,,
1513,0.127,,0.002,0.065,0.097,0.07100000000000001,,0.025,1.524,,,,0.37,,0.0,0.001,,,,,0.003,0.003,,,,
1514,0.127,,0.002,0.0645,0.3865,0.07150000000000001,,0.025,1.575,,,,0.3705,,0.0,0.001,,,,,0.003,0.003,,,,
1515,0.127,,0.002,0.065,1.073,0.07150000000000001,,0.025,0.24400000000000002,,,,0.3705,,0.0,0.001,,,,,0.003,0.003,,,,
1516,0.127,,0.002,0.065,2.337,0.07100000000000001,,0.025,1.492,,,,0.371,,0.0,0.001,,,,,0.003,0.003,,,,
1517,0.127,,0.002,0.065,0.087,0.07100000000000001,,0.025,1.88,,,,0.371,,0.0,0.001,,,,,0.003,0.003,,,,
1518,0.127,,0.002,0.065,0.223,0.07200000000000001,,0.025,1.0465,,,,0.37,,0.0,0.001,,,,,0.003,0.003,,,,
1519,0.127,,0.002,0.0645,0.1285,0.07100000000000001,,0.025,1.0405,,,,0.3715,,0.0,0.001,,,,,0.003,0.003,,,,
1520,0.127,,0.002,0.064,0.2335,0.07150000000000001,,0.025,1.451,,,,0.372,,0.0,0.001,,,,,0.003,0.003,,,,
1521,0.1275,,0.002,0.065,0.14550000000000002,0.07100000000000001,,0.025,4.449,,,,0.3715,,0.0,0.001,,,,,0.003,0.003,,,,
1522,0.127,,0.002,0.0645,0.035,0.07200000000000001,,0.025,0.2515,,,,0.372,,0.0,0.001,,,,,0.003,0.003,,,,
1523,0.127,,0.002,0.065,0.385,0.07150000000000001,,0.025,1.4685,,,,0.3735,,0.0,0.001,,,,,0.003,0.003,,,,
1524,0.127,,0.002,0.065,2.7085000000000004,0.07100000000000001,,0.0245,5.14,,,,0.3725,,0.0,0.001,,,,,0.003,0.003,,,,
1525,0.127,,0.002,0.065,0.136,0.07100000000000001,,0.025,0.9155,,,,0.3725,,0.0,0.001,,,,,0.003,0.003,,,,
1526,0.1265,,0.002,0.0645,0.34950000000000003,0.07150000000000001,,0.025,1.197,,,,0.373,,0.0,0.001,,,,,0.003,0.003,,,,
1527,0.127,,0.002,0.0645,0.25,0.07100000000000001,,0.025,1.2795,,,,0.3725,,0.0,0.001,,,,,0.003,0.003,,,,
1528,0.1265,,0.002,0.0645,0.018500000000000003,0.07150000000000001,,0.025,0.091,,,,0.3725,,0.0,0.001,,,,,0.003,0.003,,,,
1529,0.1275,,0.002,0.065,0.326,0.07150000000000001,,0.025,2.1060000000000003,,,,0.3205,,0.0,0.001,,,,,0.003,0.003,,,,
1530,0.127,,0.002,0.065,2.7070000000000003,0.07100000000000001,,0.025,4.515,,,,0.3205,,0.0,0.001,,,,,0.003,0.003,,,,
1531,0.127,,0.002,0.065,0.094,0.07100000000000001,,0.025,1.0755,,,,0.3195,,0.0,0.001,,,,,0.003,0.003,,,,
1532,0.1275,,0.002,0.064,1.757,0.07100000000000001,,0.025,2.3015000000000003,,,,0.322,,0.0,0.001,,,,,0.003,0.003,,,,
1533,0.127,,0.002,0.065,0.043500000000000004,0.07100000000000001,,0.025,0.42400000000000004,,,,0.32,,0.0,0.001,,,,,0.003,0.003,,,,
1534,0.1275,,0.002,0.065,3.3355,0.07150000000000001,,0.025,1.768,,,,0.321,,0.0,0.001,,,,,0.003,0.003,,,,
1535,0.1275,,0.002,0.065,4.56,0.07150000000000001,,0.025,1.03,,,,0.322,,0.0,0.001,,,,,0.003,0.003,,,,
1536,0.127,,0.002,0.065,1.312,0.07150000000000001,,0.025,0.47750000000000004,,,,0.3205,,0.0,0.001,,,,,0.003,0.003,,,,
1537,0.127,,0.002,0.0645,0.17200000000000001,0.07150000000000001,,0.025,3.2715,,,,0.3215,,0.0,0.001,,,,,0.003,0.003,,,,
1538,0.127,,0.002,0.065,2.2315,0.07150000000000001,,0.025,1.804,,,,0.323,,0.0,0.001,,,,,0.003,0.003,,,,
1539,0.127,,0.002,0.065,1.154,0.07150000000000001,,0.025,0.5439999999999999,,,,0.3205,,0.0,0.001,,,,,0.003,0.003,,,,
1540,0.127,,0.002,0.064,0.025500000000000002,0.07100000000000001,,0.025,2.1985,,,,0.2935,,0.0,0.001,,,,,0.003,0.003,,,,
1541,0.127,,0.002,0.064,0.2015,0.07100000000000001,,0.025,2.3800000000000003,,,,0.25,,0.0,0.001,,,,,0.003,0.003,,,,
1542,0.127,,0.002,0.065,1.364,0.07150000000000001,,0.025,0.28900000000000003,,,,0.2485,,0.0,0.001,,,,,0.003,0.003,,,,
1543,0.1275,,0.002,0.0645,0.0675,0.07200000000000001,,0.025,0.877,,,,0.2495,,0.0,0.001,,,,,0.003,0.003,,,,
1544,0.127,,0.002,0.065,0.1275,0.07150000000000001,,0.025,0.3675,,,,0.249,,0.0,0.001,,,,,0.003,0.003,,,,
1545,0.1275,,0.002,0.065,0.9219999999999999,0.07100000000000001,,0.025,0.749,,,,0.2495,,0.0,0.001,,,,,0.003,0.003,,,,
1546,0.127,,0.002,0.065,1.3,0.07200000000000001,,0.025,6.2655,,,,0.2495,,0.0,0.001,,,,,0.003,0.003,,,,
1547,0.1275,,0.002,0.0645,2.1900000000000004,0.07200000000000001,,0.025,5.9275,,,,0.2495,,0.0,0.001,,,,,0.003,0.003,,,,
1548,0.127,,0.002,0.065,1.2249999999999999,0.07150000000000001,,0.025,0.17200000000000001,,,,0.258,,0.0,0.001,,,,,0.003,0.003,,,,
1549,0.127,,0.002,0.0645,2.4785000000000004,0.07150000000000001,,0.025,1.0325,,,,0.2595,,0.0,0.001,,,,,0.003,0.003,,,,
1550,0.127,,0.002,0.065,0.18100000000000002,0.07100000000000001,,0.025,1.552,,,,0.2585,,0.0,0.001,,,,,0.003,0.003,,,,
1551,0.1265,,0.002,0.0645,1.1655,0.07150000000000001,,0.025,0.7005,,,,0.2115,,0.0,0.001,,,,,0.003,0.003,,,,
1552,0.127,,0.002,0.064,0.043000000000000003,0.07200000000000001,,0.025,0.398,,,,0.2115,,0.0,0.001,,,,,0.003,0.003,,,,
1553,0.1265,,0.002,0.0645,0.191,0.07150000000000001,,0.025,0.8674999999999999,,,,0.2115,,0.0,0.001,,,,,0.003,0.003,,,,
1554,0.1265,,0.002,0.064,1.212,0.07150000000000001,,0.025,0.35300000000000004,,,,0.2115,,0.0,0.001,,,,,0.003,0.003,,,,
1555,0.127,,0.002,0.0645,0.7625,0.07150000000000001,,0.025,4.43,,,,0.212,,0.0,0.001,,,,,0.003,0.003,,,,
1556,0.127,,0.002,0.0645,0.223,0.07100000000000001,,0.025,0.834,,,,0.2115,,0.0,0.001,,,,,0.003,0.003,,,,
1557,0.127,,0.002,0.0645,1.3745,0.07100000000000001,,0.025,0.361,,,,0.211,,0.0,0.001,,,,,0.003,0.003,,,,
1558,0.127,,0.002,0.0645,0.057,0.07100000000000001,,0.025,0.157,,,,0.21,,0.0,0.001,,,,,0.003,0.003,,,,
1559,0.127,,0.002,0.0645,1.8815,0.07150000000000001,,0.025,1.1804999999999999,,,,0.1695,,0.0,0.001,,,,,0.003,0.003,,,,
1560,0.127,,0.002,0.065,2.282,0.07150000000000001,,0.025,0.8345,,,,0.1705,,0.0,0.001,,,,,0.003,0.003,,,,
1561,0.1275,,0.002,0.065,0.5525,0.07150000000000001,,0.025,1.819,,,,0.171,,0.0,0.001,,,,,0.003,0.003,,,,
1562,0.127,,0.002,0.065,0.027,0.07150000000000001,,0.025,1.5065,,,,0.1705,,0.0,0.001,,,,,0.003,0.003,,,,
1563,0.127,,0.002,0.0645,1.1335,0.07150000000000001,,0.025,1.0995,,,,0.171,,0.0,0.001,,,,,0.003,0.003,,,,
1564,0.127,,0.002,0.065,0.14100000000000001,0.07150000000000001,,0.025,1.05,,,,0.1715,,0.0,0.001,,,,,0.003,0.003,,,,
1565,0.1265,,0.002,0.065,0.615,0.07100000000000001,,0.025,2.7825,,,,0.17,,0.0,0.001,,,,,0.003,0.003,,,,
1566,0.127,,0.002,0.065,2.0275,0.07150000000000001,,0.025,0.618,,,,0.171,,0.0,0.001,,,,,0.003,0.003,,,,
1567,0.127,,0.002,0.065,0.0325,0.07150000000000001,,0.025,0.9505,,,,0.093,,0.0,0.001,,,,,0.003,0.003,,,,
1568,0.127,,0.002,0.065,0.453,0.07150000000000001,,0.025,1.5745,,,,0.0925,,0.0,0.001,,,,,0.003,0.003,,,,
1569,0.1275,,0.002,0.0645,1.464,0.07100000000000001,,0.025,0.324,,,,0.0935,,0.0,0.001,,,,,0.003,0.003,,,,
1570,0.127,,0.002,0.064,0.20350000000000001,0.07150000000000001,,0.025,1.267,,,,0.093,,0.0,0.001,,,,,0.003,0.003,,,,
1571,0.1275,,0.002,0.0655,0.319,0.07100000000000001,,0.025,0.723,,,,0.0935,,0.0,0.001,,,,,0.003,0.003,,,,
1572,0.127,,0.002,0.065,0.157,0.07150000000000001,,0.025,0.9355,,,,0.093,,0.0,0.001,,,,,0.003,0.003,,,,
1573,0.127,,0.002,0.0645,0.033,0.07150000000000001,,0.025,1.248,,,,0.093,,0.0,0.001,,,,,0.003,0.003,,,,
1574,0.127,,0.002,0.065,0.191,0.07150000000000001,,0.025,1.072,,,,0.093,,0.0,0.001,,,,,0.003,0.003,,,,
1575,0.127,,0.002,0.065,0.582,0.07100000000000001,,0.025,2.732,,,,0.0935,,0.0,0.001,,,,,0.003,0.003,,,,
1576,0.127,,0.002,0.065,0.1405,0.07150000000000001,,0.025,1.4235,,,,0.093,,0.0,0.001,,,,,0.003,0.003,,,,
1577,0.127,,0.002,0.065,0.087,0.07200000000000001,,0.025,1.5665,,,,0.093,,0.0,0.001,,,,,0.003,0.003,,,,
1578,0.1275,,0.002,0.065,0.98,0.07150000000000001,,0.025,0.4405,,,,0.094,,0.0,0.001,,,,,0.003,0.003,,,,
1579,0.127,,0.002,0.0645,0.08349999999999999,0.07100000000000001,,0.025,0.34450000000000003,,,,0.0935,,0.0,0.001,,,,,0.003,0.003,,,,
1580,0.127,,0.002,0.065,0.046,0.07100000000000001,,0.025500000000000002,0.14500000000000002,,,,0.0935,,0.0,0.001,,,,,0.003,0.003,,,,
1581,0.1275,,0.002,0.0645,1.45,0.07100000000000001,,0.025,0.7575,,,,0.0935,,0.0,0.001,,,,,0.003,0.003,,,,
1582,0.1265,,0.002,0.0645,2.2905,0.07200000000000001,,0.025,4.3185,,,,0.093,,0.0,0.001,,,,,0.003,0.003,,,,
1583,0.127,,0.002,0.0645,0.021,0.07150000000000001,,0.025,1.2115,,,,0.0935,,0.0,0.001,,,,,0.003,0.003,,,,
1584,0.127,,0.002,0.065,1.0875000000000001,0.07100000000000001,,0.025,0.268,,,,0.094,,0.0,0.001,,,,,0.003,0.003,,,,
1585,0.1275,,0.002,0.0645,0.026500000000000003,0.07100000000000001,,0.025,2.2870000000000004,,,,0.0935,,0.0,0.001,,,,,0.003,0.003,,,,
1586,0.127,,0.002,0.0645,4.704,0.07150000000000001,,0.025,1.3295000000000001,,,,0.0935,,0.0,0.001,,,,,0.003,0.003,,,,
1587,0.127,,0.002,0.064,5.4190000000000005,0.07100000000000001,,0.025,0.6739999999999999,,,,0.093,,0.0,0.001,,,,,0.003,0.003,,,,
1588,0.127,,0.002,0.0645,1.5655000000000001,0.07150000000000001,,0.025,0.28300000000000003,,,,0.0935,,0.0,0.001,,,,,0.003,0.003,,,,
1589,0.1265,,0.002,0.064,0.05,0.07150000000000001,,0.025,1.913,,,,0.0935,,0.0,0.001,,,,,0.003,0.003,,,,
1590,0.1275,,0.002,0.0645,4.3084999999999996,0.07100000000000001,,0.025,2.765,,,,0.0935,,0.0,0.001,,,,,0.003,0.003,,,,
1591,0.127,,0.002,0.065,0.23600000000000002,0.07150000000000001,,0.025,3.0015,,,,0.093,,0.0,0.001,,,,,0.003,0.003,,,,
1592,0.127,,0.002,0.064,0.1605,0.07200000000000001,,0.025,1.234,,,,0.0935,,0.0,0.001,,,,,0.003,0.003,,,,
1593,0.127,,0.002,0.064,0.0865,0.07150000000000001,,0.025,1.5335,,,,0.094,,0.0,0.001,,,,,0.003,0.003,,,,
1594,0.1275,,0.002,0.0645,0.5385,0.07100000000000001,,0.025,0.24100000000000002,,,,0.0935,,0.0,0.001,,,,,0.003,0.003,,,,
1595,0.127,,0.002,0.064,0.2805,0.07150000000000001,,0.025,0.41750000000000004,,,,0.0935,,0.0,0.001,,,,,0.003,0.003,,,,
1596,0.1275,,0.002,0.065,3.2405,0.07150000000000001,,0.025,1.068,,,,0.094,,0.0,0.001,,,,,0.003,0.003,,,,
1597,0.127,,0.002,0.0645,0.028,0.07100000000000001,,0.025,1.437,,,,0.0935,,0.0,0.001,,,,,0.003,0.003,,,,
1598,0.127,,0.002,0.0645,0.21150000000000002,0.07150000000000001,,0.025,0.7344999999999999,,,,0.0935,,0.0,0.001,,,,,0.003,0.003,,,,
1599,0.127,,0.002,0.0645,0.2235,0.07100000000000001,,0.025,1.1585,,,,0.0935,,0.0,0.001,,,,,0.003,0.003,,,,
1600,0.127,,0.002,0.065,0.038000000000000006,0.07150000000000001,,0.025,1.527,,,,0.0935,,0.0,0.001,,,,,0.003,0.003,,,,
1601,0.1275,,0.002,0.0645,0.194,0.07150000000000001,,0.025500000000000002,0.9065,,,,0.094,,0.0,0.001,,,,,0.003,0.003,,,,
1602,0.1265,,0.002,0.065,0.6044999999999999,0.07150000000000001,,0.025,1.024,,,,0.094,,0.0,0.001,,,,,0.003,0.003,,,,
1603,0.127,,0.002,0.0645,0.0545,0.07100000000000001,,0.025,0.953,,,,0.094,,0.0,0.001,,,,,0.003,0.003,,,,
1604,0.127,,0.002,0.0645,0.157,0.07100000000000001,,0.025,1.5785,,,,0.094,,0.0,0.001,,,,,0.003,0.003,,,,
1605,0.127,,0.002,0.0645,0.08199999999999999,0.07100000000000001,,0.025,2.3305000000000002,,,,0.095,,0.0,0.001,,,,,0.003,0.003,,,,
1606,0.127,,0.002,0.065,0.24250000000000002,0.07150000000000001,,0.025,1.413,,,,0.094,,0.0,0.001,,,,,0.003,0.003,,,,
1607,0.127,,0.002,0.065,0.2225,0.07100000000000001,,0.025,1.6525,,,,0.0945,,0.0,0.001,,,,,0.003,0.003,,,,
1608,0.127,,0.002,0.0645,0.057,0.07200000000000001,,0.025,1.423,,,,0.094,,0.0,0.001,,,,,0.003,0.003,,,,
1609,0.127,,0.002,0.065,0.11649999999999999,0.07100000000000001,,0.025,0.162,,,,0.0945,,0.0,0.001,,,,,0.003,0.003,,,,
1610,0.1265,,0.002,0.065,0.17700000000000002,0.07100000000000001,,0.025,0.6335,,,,0.094,,0.0,0.001,,,,,0.003,0.003,,,,
1611,0.1275,,0.002,0.0645,0.0165,0.07150000000000001,,0.025,1.7005,,,,0.094,,0.0,0.001,,,,,0.003,0.003,,,,
1612,0.127,,0.002,0.065,1.4585,0.07150000000000001,,0.025,7.882,,,,0.0945,,0.0,0.001,,,,,0.003,0.003,,,,
1613,0.127,,0.002,0.0645,0.1255,0.07150000000000001,,0.025,1.097,,,,0.0945,,0.0,0.001,,,,,0.003,0.003,,,,
1614,0.127,,0.002,0.0645,0.10350000000000001,0.07150000000000001,,0.025,1.4655,,,,0.0945,,0.0,0.001,,,,,0.003,0.003,,,,
1615,0.127,,0.002,0.064,0.034,0.07100000000000001,,0.025,1.1355,,,,0.094,,0.0,0.001,,,,,0.003,0.003,,,,
1616,0.127,,0.002,0.065,1.2395,0.07150000000000001,,0.025,0.721,,,,0.094,,0.0,0.001,,,,,0.003,0.003,,,,
1617,0.1275,,0.002,0.0645,0.79,0.07100000000000001,,0.025,0.6869999999999999,,,,0.094,,0.0,0.001,,,,,0.003,0.003,,,,
1618,0.1265,,0.002,0.0645,0.0275,0.07200000000000001,,0.025,1.214,,,,0.094,,0.0,0.001,,,,,0.003,0.003,,,,
1619,0.127,,0.002,0.0645,0.048,0.07150000000000001,,0.025,1.731,,,,0.094,,0.0,0.001,,,,,0.003,0.003,,,,
1620,0.1265,,0.002,0.065,0.059000000000000004,0.07150000000000001,,0.025,2.9175000000000004,,,,0.0945,,0.0,0.001,,,,,0.003,0.003,,,,
1621,0.1275,,0.002,0.064,2.6765000000000003,0.07150000000000001,,0.025,0.878,,,,0.094,,0.0,0.001,,,,,0.003,0.003,,,,
1622,0.127,,0.002,0.0645,0.156,0.07150000000000001,,0.025,0.24500000000000002,,,,0.094,,0.0,0.001,,,,,0.003,0.003,,,,
1623,0.127,,0.002,0.0645,0.13,0.07100000000000001,,0.025,1.2295,,,,0.094,,0.0,0.001,,,,,0.003,0.003,,,,
1624,0.127,,0.002,0.0645,0.2615,0.07200000000000001,,0.025,2.8930000000000002,,,,0.0945,,0.0,0.001,,,,,0.003,0.003,,,,
1625,0.1275,,0.002,0.0645,1.3800000000000001,0.07100000000000001,,0.025,2.3615000000000004,,,,0.094,,0.0,0.001,,,,,0.003,0.003,,,,
1626,0.127,,0.002,0.064,0.045,0.07150000000000001,,0.025,1.0305,,,,0.094,,0.0,0.001,,,,,0.003,0.003,,,,
1627,0.127,,0.002,0.065,0.096,0.07100000000000001,,0.025,2.373,,,,0.095,,0.0,0.001,,,,,0.003,0.003,,,,
1628,0.127,,0.002,0.065,0.041,0.07150000000000001,,0.025,0.2535,,,,0.0945,,0.0,0.001,,,,,0.003,0.003,,,,
1629,0.1275,,0.002,0.065,5.4505,0.07150000000000001,,0.025,2.762,,,,0.095,,0.0,0.001,,,,,0.003,0.003,,,,
1630,0.1265,,0.002,0.0645,0.132,0.07150000000000001,,0.025,1.4505000000000001,,,,0.0935,,0.0,0.001,,,,,0.003,0.003,,,,
1631,0.127,,0.002,0.0645,0.1885,0.07150000000000001,,0.025,1.931,,,,0.095,,0.0,0.001,,,,,0.003,0.003,,,,
1632,0.1265,,0.002,0.064,1.9465000000000001,0.07150000000000001,,0.025,0.11200000000000002,,,,0.0945,,0.0,0.001,,,,,0.003,0.003,,,,
1633,0.127,,0.002,0.0645,0.0385,0.07150000000000001,,0.025,1.589,,,,0.095,,0.0,0.001,,,,,0.003,0.003,,,,
1634,0.127,,0.002,0.0645,0.15100000000000002,0.07150000000000001,,0.025,3.165,,,,0.095,,0.0,0.001,,,,,0.003,0.003,,,,
1635,0.127,,0.002,0.0645,1.3855,0.07100000000000001,,0.025,1.013,,,,0.095,,0.0,0.001,,,,,0.003,0.003,,,,
1636,0.127,,0.002,0.0645,0.0225,0.07100000000000001,,0.025,1.802,,,,0.0945,,0.0,0.001,,,,,0.003,0.003,,,,
1637,0.127,,0.002,0.0645,0.24750000000000003,0.07100000000000001,,0.025,1.162,,,,0.0945,,0.0,0.001,,,,,0.003,0.003,,,,
1638,0.127,,0.002,0.065,1.6435,0.07200000000000001,,0.025,1.0110000000000001,,,,0.0945,,0.0,0.001,,,,,0.003,0.003,,,,
1639,0.128,,0.002,0.0645,0.11150000000000002,0.07100000000000001,,0.025,0.845,,,,0.094,,0.0,0.001,,,,,0.003,0.003,,,,
1640,0.126,,0.002,0.0645,0.31,0.07150000000000001,,0.025,1.2385,,,,0.0875,,0.0,0.0,,,,,0.003,0.003,,,,
1641,0.127,,0.002,0.065,0.6645,0.07100000000000001,,0.025,0.24600000000000002,,,,0.08700000000000001,,0.0,0.001,,,,,0.003,0.003,,,,
