Batch Id,schedule,sample_e2e,prepare_inputs_e2e,model_execution_e2e,process_model_outputs
0,204.42518591880798,21.97340503334999,5.098688066937029,653.7009649910033,0.18465390894562006
1,0.214478000998497,0.870081945322454,5.12353191152215,692.791644949466,0.3596439491957426
2,0.5196890560910106,0.8508670143783092,5.103862029500306,658.6334389867261,0.1627820311114192
3,0.17304194625467062,16.488675959408283,3.961422946304083,592.4580619903281,0.1753559336066246
4,0.16258005052804947,0.8667309302836657,3.4618880599737167,493.81479900330305,0.36156701389700174
5,0.45443710405379534,0.8006910793483257,4.024466034024954,555.3050129674375,0.24255504831671715
6,0.11770101264119148,0.80500403419137,2.245894051156938,280.5746030062437,0.17744197975844145
7,0.14877296052873135,0.8006209973245859,3.536262083798647,512.1161580318585,0.3599999472498894
8,0.4018030595034361,0.823240028694272,3.6999559961259365,536.402210011147,0.16570393927395344
9,0.17484102863818407,1.0046500246971846,3.8988390006124973,543.8202871009707,0.18788501620292664
10,0.19121193327009678,1.0992209427058697,4.959587939083576,727.0794319920242,0.38158195093274117
11,0.5270700203254819,0.758139998652041,4.953028983436525,707.8830660320818,0.32320001628249884
12,0.25616108905524015,0.765652977861464,2.7263910742476583,359.318483970128,0.4236280219629407
13,0.1870549749583006,0.8144020102918148,4.425308085046709,632.6273150043562,0.4299820866435766
14,0.5461389664560556,0.8105670567601919,4.339498933404684,615.1511940406635,0.2308449475094676
15,0.16092602163553238,0.7565559353679419,3.5398819018155336,468.5464829672128,0.22202194668352604
16,0.18067797645926476,0.936308060772717,4.107143962755799,609.4297650270164,0.4570560995489359
17,0.4868060350418091,0.9526419453322887,4.625973058864474,603.7203239975497,0.24352502077817917
18,0.16946601681411266,0.864451052621007,4.200865980237722,627.3546569282189,0.21928700152784586
19,0.3060570452362299,1.2289010919630527,0.7110729347914457,109.94670004583895,7.294013048522174
20,0.7453840225934982,1.0993459727615118,0.6212570006027818,103.4088609740138,2.6181970024481416
21,0.29361993074417114,1.1753661092370749,0.7055830210447311,98.2296000001952,2.7453150833025575
22,0.2921289997175336,1.1019600788131356,0.6519680609926581,112.44761489797384,7.506140042096376
23,0.7541578961536288,1.4239560114219785,0.6437329575419426,101.89248505048454,2.795835956931114
24,0.29770098626613617,1.1285999789834023,0.6565980147570372,100.87533306796104,2.768400008790195
25,0.28993794694542885,1.185150002129376,0.6612959550693631,113.21807093918324,7.312889909371734
26,0.7500669453293085,1.1027459986507893,0.6219299975782633,100.07038002368063,2.6538469828665257
27,0.293398043140769,1.4488929882645607,0.6517729489132762,102.27605793625116,2.691218047402799
28,0.29356195591390133,1.1205869959667325,0.6726980209350586,118.16518905106932,7.262535975314677
29,0.769516103900969,1.107246964238584,0.6207450060173869,100.50338110886514,2.7753759641200304
30,0.2993399975821376,1.1303169885650277,0.6206500111147761,95.2904939185828,2.790039055980742
31,0.3044760087504983,1.1978980619460344,0.6571440026164055,116.09944002702832,7.384194992482662
32,0.7524050306528807,1.1206590570509434,0.7124290568754077,102.40861203055829,2.7879970148205757
33,0.29547594022005796,1.1337010655552149,0.6409540073946118,96.99360490776598,2.8144429670646787
34,0.2903769491240382,1.103095943108201,0.6254080217331648,112.7444360172376,7.5565819861367345
35,0.7548381108790636,1.1062979465350509,0.6273239850997925,102.49415296129882,2.8357970295473933
36,0.2909059403464198,1.1774370213970542,0.6276549538597465,101.87357303220779,2.845238079316914
37,0.3038740251213312,1.0920489439740777,0.6313340272754431,112.77235101442784,7.652826956473291
38,0.5896829534322023,1.1464530834928155,0.6237799534574151,104.36256800312549,2.766077988781035
39,0.2805180847644806,1.1640859302133322,0.65333500970155,99.41587096545845,2.8189229778945446
40,0.28578704223036766,1.1003289837390184,0.6179440533742309,117.68611904699355,7.392661063931882
41,0.7299480494111776,1.1486990842968225,0.627328990958631,102.51060698647052,2.8266279259696603
42,0.28288899920880795,1.1640159646049142,0.6122969789430499,95.64530896022916,2.755398047156632
43,0.3132439451292157,1.1425809934735298,0.6261629750952125,113.99600491859019,7.27488100528717
44,0.7191069889813662,1.20305095333606,0.6618259940296412,102.53054392524064,2.743254997767508
45,0.2753679873421788,1.1503220302984118,0.6998730823397636,113.06201503612101,7.490498013794422
46,0.7208179449662566,1.3668600004166365,0.6358949467539787,115.98934198264033,7.526788045652211
47,0.7222299464046955,1.1435990454629064,0.6955080898478627,101.10795800574124,2.8078159084543586
48,0.285396003164351,1.1380640789866447,0.6431490182876587,103.86209492571652,7.3857789393514395
49,1.046595978550613,1.1798240011557937,0.6197351031005383,111.28705099690706,7.315226015634835
50,0.7259990088641644,1.1536510428413749,0.6206270772963762,99.0998720517382,2.6740869507193565
51,0.2784810494631529,1.1279640020802617,0.6211569998413324,102.13185497559607,7.036146009340882
52,0.6965309148654342,1.1160140857100487,0.6253540050238371,113.62317390739918,7.168096955865622
53,0.7009039400145411,1.1978630209341645,0.6188909756019711,103.28763199504465,2.789794933050871
54,0.2912590280175209,1.141125918366015,0.636821030639112,101.91924800164998,7.2518689557909966
55,0.6703620310872793,1.1134849628433585,0.6188160041347146,111.7067449958995,7.394059095531702
56,0.7090159924700856,1.1312420247122645,0.6082549225538969,99.75183405913413,2.8209040174260736
57,0.27257506735622883,1.1654929257929325,0.6006560288369656,100.99914204329252,7.277515018358827
58,0.6945939967408776,1.1207879288122058,0.6241860100999475,112.10555501747876,7.884802063927054
59,0.7555540651082993,1.113512902520597,0.6176539463922381,102.56762395147234,2.711980021558702
60,0.2923870924860239,1.1153749655932188,0.6362800486385822,109.43572199903429,7.213667966425419
61,0.5982819711789489,1.1049130698665977,0.6406700704246759,111.19451106060296,7.732447003945708
62,0.7013450376689434,1.4666049974039197,0.60782500077039,99.41912000067532,2.896299003623426
63,0.27502398006618023,1.1146159376949072,0.605593086220324,106.32525803521276,7.404483971185982
64,0.5186559865251184,1.0620499961078167,4.516712040640414,649.9367030337453,0.4936989862471819
65,0.7171429460868239,1.062585972249508,0.6109819514676929,95.01658903900534,2.8247880982235074
66,0.29555498622357845,1.1917069787159562,0.9341809200122952,123.75016801524907,7.406344986520708
67,0.7188969757407904,1.1047139996662736,0.6734629860147834,113.84137498680502,7.446069968864322
68,0.8010480087250471,1.1087380116805434,0.6017080741003156,99.09476793836802,2.7943009044975042
69,0.3304679412394762,1.1729219695553184,0.6099770544096828,99.28195993416011,7.315005059354007
70,0.7044669473543763,1.0895599843934178,0.5897969240322709,97.50884398818016,7.454909035004675
71,0.6341940024867654,1.54467998072505,0.6029549986124039,99.37977988738567,2.839814987964928
72,0.2845299895852804,1.1544630397111177,0.6137569434940815,103.1589200720191,7.238392950966954
73,0.7104420801624656,1.1474649654701352,0.6236230256035924,111.91043490543962,7.513724034652114
74,0.6851109210401773,1.1625980259850621,0.6026559276506305,109.55910303164274,2.949815010651946
75,0.27503003366291523,1.524497987702489,0.6082459585741162,95.48983792774379,7.331648957915604
76,0.7098100613802671,1.0745039908215404,0.6051909876987338,100.37323203869164,7.2051630122587085
77,0.7014250149950385,1.0866670636460185,0.6095509743317962,102.13449597358704,2.8338079573586583
78,0.2842019312083721,1.0660049738362432,0.6098169833421707,96.24926699325442,2.893954049795866
79,0.2788519486784935,1.1011379538103938,0.6166229723021388,110.21299299318343,2.9938819352537394
80,0.2843899419531226,1.0901580099016428,0.6003719754517078,99.78218202013522,7.3906900361180305
81,0.6596309831365943,1.1271130060777068,0.618617981672287,98.07019599247724,2.9159290716052055
82,0.2809170400723815,1.337558962404728,0.6044459296390414,113.56449103914201,2.9898149659857154
83,0.43015205301344395,0.7910450221970677,2.5167290586978197,311.39494909439236,0.5276850424706936
84,0.7111490704119205,1.009428990073502,0.5771850701421499,88.12887500971556,2.922561950981617
85,0.27782400138676167,1.1361070210114121,0.5854000337421894,108.2854139385745,2.972576068714261
86,0.29440608341246843,1.1996199609711766,0.6322020199149847,110.38644798099995,2.9902110109105706
87,0.28305896557867527,2.0961789414286613,0.6491770036518574,96.30270407069474,7.415677071548998
88,0.7254889933392406,1.1338699841871858,0.6949750240892172,114.94889296591282,7.560514030046761
89,0.5825500702485442,1.1494470527395606,0.6500689778476954,105.35260604228824,7.798174046911299
90,0.6808990146964788,1.122456043958664,0.6095540011301637,109.76089106407017,7.970465929247439
91,0.7449360564351082,1.147563918493688,0.6323349662125111,114.68770995270461,7.521768915466964
92,0.7340030279010534,1.130974036641419,0.6272029131650925,107.74389503058046,7.507923990488052
93,0.7265199674293399,1.0790650267153978,0.62721804715693,97.05719805788249,7.765884976834059
94,0.5974550731480122,1.1050659231841564,0.6309970049187541,113.80333395209163,7.410349906422198
95,0.7129940204322338,1.1349250562489033,0.6117759039625525,108.61713101621717,7.5674529653042555
96,0.6480480078607798,1.0706130415201187,0.6235380424186587,96.56401490792632,7.592591922730207
97,0.7115560583770275,1.0931500000879169,0.593253062106669,112.93842399027199,7.486906019039452
98,0.646876054815948,1.1357689509168267,0.6436140974983573,105.02165695652366,7.647286984138191
99,0.60408900026232,1.066638040356338,0.6004089955240488,96.08796297106892,7.946839090436697
100,0.5847510183230042,1.1136080138385296,0.6071620155125856,112.66164702828974,7.468844065442681
101,0.717833056114614,1.1339649790897965,0.6342249689623713,103.96590700838715,7.5041650561615825
102,0.7161350222304463,1.5978349838405848,0.5976579850539565,105.04611697979271,7.597860996611416
103,0.7191470358520746,1.1470600729808211,0.6323120323941112,112.73842793889344,7.59367598220706
104,0.7307949708774686,1.1390619911253452,0.6245489930734038,105.7723939884454,7.38410500343889
105,0.7108730496838689,1.1191689409315586,0.6101330509409308,98.01025700289756,7.48823001049459
106,0.7234689546748996,1.1172440135851502,0.6070840172469616,111.96930997539312,7.494117016904056
107,0.7284160237759352,1.450041076168418,0.6382359424605966,106.19637696072459,7.553925039246678
108,0.712453038431704,1.1363020166754723,0.6269000004976988,107.83272294793278,7.523567997850478
109,0.7054860470816493,1.0998708894476295,0.6246670382097363,112.84980794880539,7.616654969751835
110,0.7309711072593927,1.1078170500695705,0.6181539501994848,105.67562095820904,7.607579929754138
111,0.7108059944584966,1.109384000301361,0.6547599332407117,98.3894249657169,7.5050200102850795
112,0.7175339851528406,1.1066279839724302,0.6104679778218269,112.49497102107853,7.57958204485476
113,0.6438279524445534,1.1166029144078493,0.6137480959296227,106.24176997225732,7.542252074927092
114,0.5882700206711888,1.14068400580436,0.6145309889689088,99.70666305162013,7.579412078484893
115,0.7252269424498081,1.140248030424118,0.6266949931159616,112.45829495601356,7.524615968577564
116,0.6377269746735692,1.1049089953303337,0.6170789711177349,105.7520309695974,7.376549998298287
117,0.7157979998737574,1.1129919439554214,0.6696840282529593,99.24640692770481,7.5531520415097475
118,0.7291409419849515,1.1042830301448703,0.6695439806208014,113.03117591887712,7.522434927523136
119,0.7200899999588728,1.1008409783244133,0.641972990706563,107.65254299622029,7.548433030024171
120,0.715728965587914,1.4941239496693015,0.6169929401949048,103.07120997458696,7.739099091850221
121,0.7299430435523391,1.0926510440185666,0.6141519406810403,112.32004000339657,7.452487945556641
122,0.7225209847092628,1.105751027353108,0.623038038611412,107.6811229577288,7.554322015494108
123,0.7058399496600032,1.1045599821954966,0.6104659987613559,101.02694493252784,7.580784964375198
124,0.6513359257951379,1.2901680311188102,0.6248689023777843,113.03085403051227,7.448393036611378
125,0.7176289800554514,1.1628360953181982,0.6500269519165158,107.98821097705513,7.488750969059765
126,0.7258530240505934,1.1604719329625368,0.6705319974571466,103.89199096243829,7.622901001013815
127,0.6477439310401678,1.1016599601134658,0.6341589614748955,113.21766092441976,7.589817978441715
128,0.7362019969150424,1.1236709542572498,0.6250320002436638,107.41247097030282,7.351323030889034
129,0.6404899759218097,1.1429860023781657,0.6218049675226212,102.74274705443531,7.5297210132703185
130,0.7002289639785886,1.1208089999854565,0.6473780376836658,113.15022897906601,7.445331080816686
131,0.7038719486445189,1.0930110001936555,0.6188129773363471,107.29181999340653,7.390917977318168
132,0.6972680566832423,1.105192000977695,0.6006620824337006,103.73197204899043,7.427278091199696
133,0.7096420740708709,1.1180200381204486,0.6565919611603022,113.06004202924669,7.456084014847875
134,0.7018259493634105,1.4508800813928246,0.6368310423567891,106.99634405318648,7.644361001439393
135,0.7726800395175815,1.1764731025323272,0.6292100297287107,100.76424397993833,7.354388944804668
136,0.7052080472931266,1.0777170537039638,0.627733999863267,112.63810808304697,7.4066040106117725
137,0.5937149981036782,1.134449033997953,0.6059169536456466,108.83834003470838,7.441435009241104
138,0.7150230230763555,1.097011030651629,0.6317300722002983,103.16522105131298,7.204280002042651
139,0.6849979981780052,1.1425899574533105,0.6229659775272012,112.91780893225223,7.292177993804216
140,0.6899950094521046,1.143531990237534,0.613013980910182,107.76006593368948,7.403500960208476
141,0.704742968082428,1.0986890411004424,0.6206459365785122,102.58672398049384,7.521086954511702
142,0.6903250468894839,1.1177159612998366,0.6302179535850883,113.60304802656174,7.489896030165255
143,0.7031039567664266,1.067990087904036,0.6056029815226793,106.94606800097972,7.476716069504619
144,0.7015069713816047,1.1060390388593078,0.5996430991217494,101.93207499105483,7.383142947219312
145,0.6430769572034478,1.099328976124525,0.6064990302547812,113.12797898426652,7.453521015122533
146,0.7049749838188291,1.1179230641573668,0.6071840180084109,109.2984180431813,7.343122037127614
147,0.6257970817387104,1.103479997254908,0.6789630278944969,103.67983195465058,7.53801001701504
148,0.6148950196802616,1.0823450284078717,0.6258449284359813,113.73535892926157,7.255599019117653
149,0.6870970828458667,1.0905410163104534,0.6043630419299006,107.4736249865964,7.442850968800485
150,0.7091839797794819,1.0909640695899725,0.6032689707353711,102.96089202165604,7.507378933951259
151,0.7038150215521455,1.0753750102594495,0.6288019940257072,113.05400507990271,7.393456995487213
152,0.7001420017331839,1.1028279550373554,0.6135250441730022,108.59115596394986,7.46906700078398
153,0.6993249990046024,1.1092600179836154,0.6204760866239667,103.1797700561583,7.52387207467109
154,0.7203000131994486,1.0761449811980128,0.6250729784369469,113.14704304095358,7.305121049284935
155,0.7037789328023791,1.0871110716834664,0.6132150301709771,108.03380701690912,7.42787797935307
156,0.7636379450559616,1.149096991866827,0.605389941483736,100.65915901213884,7.466850918717682
157,0.6918329745531082,1.0895879240706563,0.6130640394985676,112.64147004112601,7.3722380911931396
158,0.6991740083321929,1.1022570542991161,0.5985879106447101,108.66170201916248,7.307486026547849
159,0.6242610979825258,1.0799570009112358,0.6272299215197563,102.83990297466516,7.527868030592799
160,0.6901279557496309,1.083589973859489,0.6128200329840183,112.89897898677737,7.366630015894771
161,0.7020130287855864,1.0714959353208542,0.6646320689469576,106.7412260454148,7.26182502694428
162,0.6889010546728969,1.2385309673845768,0.6869439966976643,100.16696806997061,7.444203947670758
163,0.576211023144424,1.1711888946592808,0.6390459602698684,113.08422510046512,7.415445055812597
164,0.6925238994881511,1.1314720613881946,0.6014090031385422,108.76729700248688,7.255326956510544
165,0.610852031968534,1.1174530955031514,0.6382089341059327,100.04328703507781,7.341604912653565
166,0.7096350891515613,1.1005280539393425,0.639128964394331,110.98383297212422,7.385017932392657
167,0.6433689268305898,1.1342010693624616,0.6232790183275938,108.27591002453119,7.266502012498677
168,0.6784299621358514,1.1889369925484061,0.6065890192985535,100.4248590907082,7.493688026443124
169,0.6761520635336637,1.0961659718304873,0.620901002548635,112.4493139795959,7.560229976661503
170,0.6890100194141269,1.119169988669455,0.6088149966672063,104.17293396312743,7.309361011721194
171,0.6951579125598073,1.1147710029035807,0.6058610742911696,100.96079995855689,7.408943958580494
172,0.6852600490674376,1.0800570016726851,0.6081130122765899,112.80132597312331,7.514405995607376
173,0.7133570034056902,1.107546966522932,0.6141259800642729,103.86399505659938,7.305443985387683
174,0.6229999708011746,1.0954439640045166,0.60176698025316,98.62482105381787,7.5484729604795575
175,0.6916000274941325,1.084744930267334,0.6117409793660045,116.64369003847241,7.506783003918827
176,0.6832600338384509,1.1228740913793445,0.6184920202940702,105.33468599896878,7.272338028997183
177,0.6992700509727001,1.094131963327527,0.6515210261568427,97.74890099652112,7.418369990773499
178,0.6829110207036138,1.1038790689781308,0.5945649463683367,113.76228195149451,7.511987001635134
179,0.7004858925938606,1.0875880252569914,0.62090705614537,105.20291409920901,7.181531051173806
180,0.6824649171903729,1.0817130096256733,0.61749794986099,98.34198700264096,7.229829905554652
181,0.6946289213374257,1.0754270479083061,0.6312140030786395,117.07742500584573,7.389974081888795
182,0.6941750179976225,1.128657953813672,0.656918971799314,106.23515991028398,7.399949012324214
183,0.6867480697110295,1.1006470303982496,0.5961770657449961,98.61383400857449,7.473872974514961
184,0.6074910052120686,1.1819869978353381,0.5977080436423421,115.92824500985444,7.475272985175252
185,0.315324985422194,0.7778389845043421,1.9219969399273396,237.14479699265212,0.23124401923269033
186,0.2644519554451108,1.0143429972231388,0.5591859808191657,91.28487098496407,7.611316978000104
187,0.7107069250196218,1.0991869494318962,0.6127519300207496,110.97903409972787,7.609363063238561
188,0.7046880200505257,1.1195780243724585,0.6262669339776039,103.92270504962653,3.0305410036817193
189,0.27521001175045967,1.1235459242016077,0.6084030028432608,98.52606593631208,7.647646008990705
190,0.6999900797381997,1.0977699421346188,0.6266620475798845,112.77328210417181,7.587072090245783
191,0.7071970030665398,1.4807969564571977,0.6535659777000546,105.05403811112046,2.9913539765402675
192,0.2802859526127577,1.1568500194698572,0.6299649830907583,99.30206998251379,7.550642010755837
193,0.6907479837536812,1.389196957461536,0.5997599801048636,115.42625597212464,7.596847019158304
194,0.7063370430842042,1.0940029751509428,0.675076968036592,108.25191694311798,3.0780660454183817
195,0.28694397769868374,1.10589899122715,0.6717139622196555,98.44662889372557,7.577719050459564
196,0.7097959751263261,1.0730481008067727,0.6005039904266596,117.57868097629398,7.564394036307931
197,0.6949329981580377,1.1060580145567656,0.6190539570525289,110.76588602736592,3.000534954480827
198,0.2828999422490597,1.1066299630329013,0.6506140343844891,98.92893698997796,7.583269034512341
199,0.5909019382670522,1.105202012695372,0.62814902048558,114.86264003906399,7.501531043089926
200,0.7078399648889899,1.2118159793317318,0.6449510110542178,108.85057202540338,3.0506099574267864
201,0.2731389831751585,1.1682769982144237,0.6601349450647831,99.20941409654915,7.5777319725602865
202,0.6334830541163683,1.1256280122324824,0.6404450396075845,113.76989400014281,7.737264037132263
203,0.6588679971173406,1.108141033910215,0.6198019254952669,106.88972298521549,3.0387589940801263
204,0.27655798476189375,1.133288023993373,0.6103530758991838,99.0209539886564,7.741503999568522
205,0.7143010152503848,1.1230629170313478,0.6460340227931738,113.18957700859755,7.660330971702933
206,0.7184649584814906,1.0973999742418528,0.6340299732983112,105.11029290501028,7.599253905937076
207,0.7141509559005499,1.1284739011898637,0.6089541129767895,100.76559102162719,7.6709979912266135
208,0.7037769537419081,1.108007039874792,0.6144769722595811,112.99455293919891,7.7121080830693245
209,0.7176540093496442,1.1053320486098528,0.6270239828154445,106.2440270325169,7.660325965844095
210,0.6466539343819022,1.0862679919227958,0.6264199037104845,102.93872200418264,7.65393499750644
211,0.7076150504872203,1.082592993043363,0.6252330495044589,112.99369297921658,7.612681016325951
212,0.7127660792320967,1.0938489576801658,0.6287810392677784,106.57118004746735,7.543378975242376
213,0.7121709641069174,1.0928309056907892,0.6293660262599587,102.94014599639922,7.609521970152855
214,0.776230008341372,1.0976879857480526,0.6336530204862356,114.63538301177323,7.617957075126469
215,0.7709589553996921,1.1105590965598822,0.6202119402587414,106.32989706937224,7.550806039944291
216,0.7030470296740532,1.137597020715475,0.6415770621970296,99.94985407683998,7.4848399963229895
217,0.6917420541867614,1.834905007854104,0.6164440419524908,112.35264304559678,7.440311019308865
218,0.6898150313645601,1.067192992195487,0.6108989473432302,105.52188695874065,7.478561019524932
219,0.6899710278958082,1.0966380359604955,0.600007944740355,106.20970791205764,7.48276396188885
220,0.6830429192632437,1.1109629413112998,0.6144649814814329,113.33945393562317,7.373288972303271
221,0.6814320804551244,1.1304180370643735,0.5997070111334324,105.13883898966014,7.285408908501267
222,0.694956979714334,1.0856461012735963,0.6240010261535645,107.64558205846697,7.636436028406024
223,0.6937358994036913,1.105897012166679,0.5853159818798304,113.84285392705351,3.175018006004393
224,0.28196501079946756,1.1012390023097396,0.6215199828147888,109.32064102962613,7.513649063184857
225,0.676675932481885,1.0852880077436566,0.5944060394540429,105.86866806261241,7.5157369719818234
226,0.7387519581243396,1.167526002973318,0.5981039721518755,111.42419010866433,3.0184980714693666
227,0.27163000777363777,1.0831289691850543,0.6345600122585893,108.27491502277553,7.410779013298452
228,0.7005250081419945,1.1071159970015287,0.6189990090206265,100.4991359077394,7.330668973736465
229,0.5528230685740709,1.0753530077636242,0.6035150727257133,117.50489403493702,2.9674560064449906
230,0.28017605654895306,1.1090710759162903,0.6422479636967182,104.34134001843631,7.203011075034738
231,0.674000009894371,1.1056900257244706,0.604272005148232,102.63516299892217,7.3388220043852925
232,0.6223550299182534,1.0723189916461706,0.6062230095267296,114.34669804293662,2.935113967396319
233,0.26668794453144073,1.0750680230557919,0.6157810566946864,105.23797397036105,7.204196997918189
234,0.5970509955659509,1.1020179372280836,0.6131590344011784,99.39049393869936,7.287928950972855
235,0.6786559242755175,1.0932590812444687,0.5885990103706717,111.93657305557281,2.9490129090845585
236,0.26903103571385145,1.093883067369461,0.6037199636921287,104.87262206152081,7.432211074046791
237,0.6653240416198969,1.138039049692452,0.5960700800642371,98.22467900812626,7.34453194309026
238,0.6747531006112695,1.580890966579318,0.5851109744980931,113.23540902230889,3.0031700152903795
239,0.2652399707585573,1.1638689320534468,0.6224160315468907,104.75323209539056,8.572041988372803
240,0.6818849360570312,1.1663470650091767,0.6208179984241724,99.99508806504309,7.3973319958895445
241,0.591933960095048,1.1160949943587184,0.6362950662150979,112.6657749991864,2.9509610030800104
242,0.27433899231255054,1.123838941566646,0.6122789345681667,113.29301889054477,7.319769007153809
243,0.6872930098325014,1.1723419884219766,0.6498810835182667,99.54202710650861,7.584276027046144
244,0.621724990196526,1.092085032723844,0.6255470216274261,113.52079198695719,2.9367540264502168
245,0.29097998049110174,1.102395006455481,0.6214190507307649,105.8561640093103,7.17252294998616
246,0.6770920008420944,1.1111180065199733,0.625292886979878,98.09426695574075,7.236701087094843
247,0.6810239283367991,1.1352580040693283,0.6072600372135639,112.27500799577683,3.0214840080589056
248,0.28296501841396093,1.0984879918396473,0.6205220706760883,105.9426530264318,7.345190038904548
249,0.6726320134475827,1.08993798494339,0.5879279924556613,100.50717601552606,7.459751912392676
250,0.6828219629824162,1.3094819150865078,0.6150980480015278,112.51068790443242,3.081041038967669
251,0.27314003091305494,1.162871951237321,0.6309220334514976,108.32437803037465,7.53610604442656
252,0.6143219070509076,1.1005089618265629,0.5998610286042094,108.14630391541868,7.330159074626863
253,0.6894920952618122,1.1335890740156174,0.5874730413779616,111.9210310280323,3.073133062571287
254,0.28456898871809244,1.1082469718530774,0.6288220174610615,108.56687393970788,7.677540997974575
255,0.6918290164321661,1.0803319746628404,0.624036998488009,107.72708593867719,7.467961986549199
256,0.6714859046041965,1.1075390502810478,0.5915480433031917,113.37849101983011,3.060440067201853
257,0.27323595713824034,1.1021390091627836,0.608562957495451,108.5392510285601,7.482151035219431
258,0.6185179809108377,1.1014619376510382,0.6223770324140787,98.21318602189422,7.5959679670631886
259,0.6903490284457803,1.108485972508788,0.6151540437713265,116.41476606018841,3.091422957368195
260,0.285765971057117,1.1133570224046707,0.5950490012764931,104.60646508727223,7.345271995291114
261,0.6798200774937868,1.1390619911253452,0.6214010063558817,103.39395701885223,7.372919004410505
262,0.671908026561141,1.094167004339397,0.5904949503019452,112.80121305026114,2.9914570041000843
263,0.280276988632977,1.0944020468741655,0.6035150727257133,104.86903204582632,7.453600992448628
264,0.6863420130684972,1.0887539247050881,0.6265949923545122,102.2697399603203,7.577056996524334
265,0.6241599330678582,1.0968500282615423,0.5918469978496432,113.79287706222385,3.0819950625300407
266,0.28245802968740463,1.1151540093123913,0.6451610242947936,105.1701899850741,7.503319066017866
267,0.6820190465077758,1.097084954380989,0.5938529502600431,98.87354297097772,7.412322913296521
268,0.6766649894416332,1.1257459409534931,0.6334299687296152,112.5398880103603,3.0635190196335316
269,0.2894169883802533,1.0955599136650562,0.6428670603781939,108.48894296213984,7.263010949827731
270,0.6740021053701639,1.1103019351139665,0.6140570621937513,99.31915195193142,7.38957803696394
271,0.6347920279949903,1.1188549688085914,0.6116209551692009,111.12875200342387,2.9666729969903827
272,0.26665907353162766,1.102573936805129,0.5879279924556613,104.72793597728014,7.418824010528624
273,0.6689109141007066,1.0872080456465483,0.6063929758965969,98.91249006614089,7.6513150706887245
274,0.4627319285646081,0.8863689145073295,3.708275966346264,471.40891500748694,0.2522800350561738
275,0.2663959749042988,1.1269580572843552,0.5580930737778544,97.19589399173856,7.738035987131298
276,0.7226319285109639,1.181615050882101,0.6379290716722608,97.61104197241366,7.778216968290508
277,0.6003669695928693,1.1740990448743105,0.6289120065048337,112.88959707599133,3.0999910086393356
278,0.2799479989334941,1.1170870857313275,0.6318290252238512,106.95298993960023,7.654265034943819
279,0.7112140301615,1.1864160187542439,0.6255889311432838,98.48567401058972,7.713599014095962
280,0.7146049756556749,1.1651829117909074,0.6570089608430862,113.82089601829648,3.1936359591782093
281,0.3567779203876853,1.1293049901723862,0.642940984107554,103.19115198217332,7.6771199237555265
282,0.6997130112722516,1.1278840247541666,0.6379929836839437,98.1489010155201,7.48145196121186
283,0.6485260091722012,1.0838810121640563,0.6043009925633669,111.91618698649108,3.1718050595372915
284,0.29180198907852173,1.107283984310925,0.6074510747566819,104.33345707133412,7.606059079989791
285,0.6943580228835344,1.0840230388566852,0.6422429578378797,101.78143298253417,7.652690983377397
286,0.69872394669801,1.0769140208140016,0.6177099421620369,111.86912399716675,3.1957580940797925
287,0.2871680771932006,1.120254979468882,0.6416559917852283,102.01661998871714,7.618578034453094
288,0.6325360154733062,1.4805810060352087,0.6470470689237118,98.02476700861007,7.5475899502635
289,0.6916449638083577,1.078762928955257,0.6143170176073909,112.45175602380186,3.183020045980811
290,0.28865598142147064,1.1042910628020763,0.6466699996963143,111.52982304338366,7.653268054127693
291,0.6936970166862011,1.1069190222769976,0.604241038672626,98.96575391758233,7.6702500227838755
292,0.6925789639353752,1.072798972018063,0.5974620580673218,111.65748292114586,3.12546209897846
293,0.2749180421233177,1.0966830886900425,0.6237269844859838,102.1482419455424,7.6710599241778255
294,0.7056070026010275,1.0833890410140157,0.6491999374702573,101.28227900713682,7.601369987241924
295,0.7110509322956204,1.1442319955676794,0.6246929988265038,110.49660900607705,3.1143820378929377
296,0.2882239641621709,1.128548989072442,0.6269890582188964,101.63947904948145,7.623423007316887
297,0.7017499301582575,1.1169790523126721,0.6092009134590626,97.57583402097225,7.672604057006538
298,0.7050399435684085,1.1040959507226944,0.6127950036898255,113.483791006729,3.2147180754691362
299,0.34788099583238363,1.1148810153827071,0.6275339983403683,102.06004104111344,7.793635013513267
300,0.6973519921302795,1.1170130455866456,0.6291219033300877,96.79898002650589,7.6502199517562985
301,0.6898971041664481,1.0872629936784506,0.5942389834672213,112.25845606531948,3.1297359382733703
302,0.27711200527846813,1.1066719889640808,0.6085560889914632,101.6029620077461,7.703272043727338
303,0.6981940241530538,1.0990520240738988,0.6486000493168831,97.40497602615505,7.619176991283894
304,0.7080809446051717,1.0965010151267052,0.6105650682002306,114.18371298350394,3.102394053712487
305,0.27901993598788977,1.1018099030479789,0.6108989473432302,104.26309402100742,7.5190740171819925
306,0.6892950041219592,1.113315112888813,0.6062650354579091,100.82956298720092,7.610560045577586
307,0.6916829152032733,1.0866320226341486,0.6063129985705018,111.71276599634439,3.1571449944749475
308,0.27189007960259914,1.104776980355382,0.6074580596759915,101.38309700414538,7.728032069280744
309,0.6675740005448461,1.1206130729988217,0.6423530867323279,100.14933999627829,7.723594084382057
310,0.6956730503588915,1.0659430408850312,0.6025339243933558,110.59657705482095,3.0998700531199574
311,0.2720010234043002,1.1029180604964495,0.6120989564806223,102.9773079790175,7.535837939940393
312,0.6133160786703229,1.1379789793863893,0.6185289239510894,98.9068370545283,7.576560019515455
313,0.6968940142542124,1.0733449598774314,0.6316099315881729,116.82787199970335,3.1188009306788445
314,0.31885900534689426,1.1937270173802972,0.6141290068626404,102.15973807498813,7.453929050825536
315,0.6988969398662448,1.1827220441773534,0.6642470834776759,96.46684501785785,7.6217890018597245
316,0.6896880222484469,1.1071899207308888,0.5989390192553401,116.17703293450177,3.127024043351412
317,0.28026895597577095,1.1279040481895208,0.5985690513625741,101.5707969199866,7.656143046915531
318,0.6874579703435302,1.1149910278618336,0.6308499723672867,97.8522909572348,7.73410894908011
319,0.7052910514175892,1.1583840241655707,0.5901230033487082,110.91095593292266,3.1265689758583903
320,0.2822789829224348,1.1331620626151562,0.6144230719655752,103.44994207844138,7.374673965387046
321,0.6899338914081454,1.144337933510542,0.6169530097395182,97.05955092795193,7.548224995844066
322,0.6875309627503157,1.1023010592907667,0.6086040521040559,112.32045700307935,3.2048579305410385
323,0.2765440149232745,1.0955540928989649,0.6112409755587578,102.57691703736782,7.727168034762144
324,0.7645039586350322,1.2253390159457922,0.6243059178814292,101.82026599068195,7.757748942822218
325,0.4128789296373725,0.7919189520180225,3.142263973131776,376.9863670459017,0.20832789596170187
326,0.25760300923138857,1.0487230028957129,0.6060069426894188,94.30820005945861,7.4269629549235106
327,0.6733669433742762,1.1202499736100435,0.6037050625309348,98.56745495926589,7.542287930846214
328,0.6833620136603713,1.0866880184039474,0.6303130649030209,114.26108004525304,3.088255994953215
329,0.2776550827547908,1.086328993551433,0.6195289315655828,102.14307100977749,7.638956070877612
330,0.6935029523447156,1.0984929976984859,0.6100470200181007,98.29445509240031,7.832539035007358
331,0.5726380040869117,0.7947019767016172,4.4730029767379165,599.1763720521703,0.24470605421811342
332,0.2600399311631918,1.0199450189247727,0.5865349667146802,95.86610598489642,7.541588041931391
333,0.6873899837955832,1.1179909342899919,0.6133440183475614,104.90690392907709,7.7086579985916615
334,0.6928800139576197,1.0828709928318858,0.5929809994995594,113.2748459931463,3.1870949314907193
335,0.271541066467762,1.1063709389418364,0.6245530676096678,105.5391690460965,7.704008952714503
336,0.5860149394720793,1.0982980020344257,0.6414010422304273,107.56047104950994,7.809633971191943
337,0.6196270696818829,1.0907480027526617,0.6013980600982904,117.93748405762017,3.213018993847072
338,0.27927104383707047,1.1154809035360813,0.6004779133945704,99.05752702616155,7.5353499269112945
339,0.5492169875651598,1.0945550166070461,0.6211199797689915,103.09810598846525,7.747375988401473
340,0.6829210324212909,1.0624959832057357,0.6120329489931464,98.38223701808602,3.225483000278473
341,0.2967800246551633,1.107656047679484,0.6114770658314228,99.2156449938193,7.773946039378643
342,0.756489927880466,1.1528360191732645,0.6652940064668655,98.6361539689824,7.593386922962964
343,0.6899930303916335,1.057873945683241,0.6115579744800925,97.67784900031984,3.1914750579744577
344,0.22781500592827797,0.7692399667575955,3.699533990584314,475.76275595929474,0.47764996998012066
345,0.6836330285295844,1.095547922886908,0.560736982151866,94.53794301953167,7.404469070024788
346,0.6840999703854322,1.145375077612698,0.6729840533807874,109.37364399433136,3.1239609234035015
347,0.27633795980364084,1.1590319918468595,0.6121969781816006,101.16151697002351,7.662800955586135
348,0.6073800614103675,1.1282700579613447,0.6124889478087425,98.28598599415272,7.432542042806745
349,0.6813789950683713,1.098835957236588,0.6018639542162418,97.14161907322705,3.081146045587957
350,0.3200849751010537,1.1234349803999066,0.6229809951037169,101.71068902127445,7.571099908091128
351,0.6818260299041867,1.1363609228283167,0.6174729205667973,103.1890599988401,7.367508951574564
352,0.6782480049878359,1.0700169950723648,0.6163220386952162,94.89999094512314,3.1261428957805037
353,0.27619197499006987,1.09401298686862,0.6186889950186014,101.52107803151011,7.505271001718938
354,0.6801040144637227,1.0877910535782576,0.6152159767225385,101.17817099671811,7.602442055940628
355,0.6929399678483605,1.0901890927925706,0.6031469674780965,98.22738391812891,3.1043499475345016
356,0.27651700656861067,1.1411469895392656,0.5911439657211304,101.02862596977502,7.602866971865296
357,0.6855259416624904,1.1339389020577073,0.6297680083662271,109.02057902421802,7.697790977545083
358,0.7467990508303046,1.076189917512238,0.5971229402348399,98.37282204534858,3.131347941234708
359,0.3195229219272733,1.1476980289444327,0.6431129295378923,105.9261109912768,7.382659940049052
360,0.6014390382915735,1.102986978366971,0.5876050563529134,102.18864702619612,7.425726042129099
361,0.6823290605098009,1.084929914213717,0.6101970793679357,94.96114100329578,3.0627510277554393
362,0.3102970076724887,1.1218300787732005,0.6106800865381956,101.06642998289317,7.2955990908667445
363,0.6623399676755071,1.0899630142375827,0.6139369215816259,101.02744691539556,7.397111039608717
364,0.6606030510738492,1.0787720093503594,0.6258460925891995,96.93777398206294,3.018234041519463
365,0.2756919711828232,1.1098920367658138,0.6094980053603649,100.57963500730693,7.4031660333275795
366,0.6904120091348886,1.1069190222769976,0.5903010023757815,98.15001906827092,7.7088120160624385
367,0.3226250410079956,0.7264940068125725,2.5025110226124525,300.50680600106716,0.20214403048157692
368,0.2624179469421506,0.9650170104578137,0.5561530124396086,90.44615994207561,7.312230998650193
369,0.6524010095745325,1.1151140788570046,0.6077059078961611,102.26601199246943,7.281319005414844
370,0.6556910229846835,1.5170039841905236,0.6543290801346302,94.95082101784647,3.0831201002001762
371,0.2709199907258153,1.0714589152485132,0.5973060615360737,98.59746205620468,7.44968606159091
372,0.5905289435759187,1.0648129973560572,0.570946023799479,98.58165006153286,7.383147953078151
373,0.653111026622355,1.0569279547780752,0.6009259959682822,96.06932708993554,3.1100130872800946
374,0.2624649787321687,1.0776319541037083,0.5915369838476181,100.80946004018188,7.413544924929738
375,0.5794439930468798,1.0691119823604822,0.6107849767431617,97.96435199677944,7.383372983895242
376,0.6564590148627758,1.0608539450913668,0.6008879281580448,95.01577203627676,3.0711619183421135
377,0.268399016931653,1.0522630764171481,0.6000599823892117,99.51135597657412,7.333397981710732
378,0.6552239647135139,1.094191917218268,0.6073969416320324,98.83503301534802,7.427420001477003
379,0.3400730201974511,0.7826290093362331,2.309298957698047,275.43599996715784,0.20006403792649508
380,0.2611139789223671,1.0156079661101103,0.5516890669241548,94.03538808692247,7.44049996137619
381,0.6378069519996643,1.1044549755752087,0.6104409694671631,97.87355503067374,7.72238289937377
382,0.577581929974258,1.1201270390301943,0.6020639557391405,96.53764904942364,3.0190079705789685
383,0.25735492818057537,1.0809279046952724,0.5993430968374014,98.90034003183246,7.289565051905811
384,0.6592050194740295,1.2142029590904713,0.6153159774839878,99.78018107358366,7.421288988552988
385,0.6745710270479321,1.1186820920556784,0.6369400070980191,97.13429398834705,3.1118839979171753
386,0.27216796297580004,1.1267759837210178,0.6487090140581131,100.92094994615763,8.910535019822419
387,0.6679820362478495,1.1043339036405087,0.606033019721508,98.00587606150657,7.4659299571067095
388,0.6488439394161105,1.0773349786177278,0.5884690908715129,95.21598007995635,3.158163046464324
389,0.27198693715035915,1.1358850169926882,0.6085489876568317,99.89498998038471,7.455701008439064
390,0.6543969502672553,1.1489259777590632,0.5991259822621942,101.80969000793993,7.486363989301026
391,0.3173109143972397,0.7452600402757525,1.9762589363381267,236.59963603131473,0.20436698105186224
392,0.2608810318633914,0.9353590430691838,0.553055084310472,90.92455508653075,7.201036904007196
393,0.6490539526566863,1.1297720484435558,0.6339140236377716,97.59922896046191,7.5044839177280664
394,0.5462680710479617,1.1138069676235318,0.6104139611124992,97.79099200386554,3.215000033378601
395,0.2890370087698102,1.0888659162446856,0.616451958194375,97.98144898377359,7.521976018324494
396,0.6512540858238935,1.0499759810045362,0.6015970138832927,96.19452396873385,7.456705090589821
397,0.6625889800488949,1.0526340920478106,0.6034158868715167,102.18219796661288,3.079284098930657
398,0.2665909705683589,1.0923700174316764,0.5982450675219297,101.32165101822466,7.3069429490715265
399,0.6511020474135876,1.058449037373066,0.578896957449615,96.31817194167525,7.482734974473715
400,0.6636650068685412,1.0600750101730227,0.6522869225591421,94.1776919644326,3.0728100100532174
401,0.27170591056346893,1.0808060178533196,0.6042179884389043,98.39999699033797,7.4065279914066195
402,0.6546799559146166,1.0916449828073382,0.5782609805464745,99.240907933563,7.5083120027557015
403,0.6091250106692314,1.0753220412880182,0.5914629437029362,96.37382999062538,3.108516102656722
404,0.2711790148168802,1.1042800033465028,0.594079028815031,98.26912195421755,7.260381942614913
405,0.6550439866259694,1.0626970324665308,0.5763659719377756,104.9398280447349,7.251124014146626
406,0.6505510536953807,1.0508140549063683,0.5918019451200962,105.7802849682048,3.0808839946985245
407,0.26695593260228634,1.0953190503641963,0.609576003625989,115.13230495620519,7.764958078041673
408,0.24948304053395987,0.7359921000897884,1.6208960441872478,168.91723102889955,0.4622639389708638
409,0.6564490031450987,0.9194930316880345,0.5443579284474254,87.00833597686142,3.3257879549637437
410,0.24455704260617495,1.1334288865327835,0.6191839929670095,98.89496106188744,7.44466099422425
411,0.6470250664278865,1.1228480143472552,0.5998458946123719,96.6849330579862,7.390310056507587
412,0.6730669410899282,1.0888100368902087,0.5947049940004945,99.69244303647429,3.258494893088937
413,0.32322993502020836,1.1451110476627946,0.6085549248382449,99.10728898830712,7.258433033712208
414,0.7163590053096414,1.107394928112626,0.5935209337621927,96.24731808435172,7.0900400169193745
415,0.6449070060625672,1.0580089874565601,0.6205219542607665,92.91442099492997,3.013349953107536
416,0.2639830345287919,1.0831659892573953,0.6099020829424262,97.89166902191937,7.113853003829718
417,0.6322150584310293,1.0326950578019023,0.5978359840810299,95.44012101832777,7.063664961606264
418,0.6503090262413025,1.0894059669226408,0.8763599907979369,93.58588501345366,2.97229690477252
419,0.27670804411172867,1.1090199695900083,0.6136440206319094,99.82435707934201,7.078899070620537
420,0.6398800760507584,1.0209849569946527,0.5871189059689641,95.04017001017928,7.214409066364169
421,0.6486339261755347,1.1172019876539707,0.607420108281076,93.87134190183133,3.071810002438724
422,0.25606295093894005,1.0923650115728378,0.591119984164834,96.63974796421826,7.029143976978958
423,0.6228049751371145,1.0453960858285427,0.5980839487165213,93.80100900307298,7.053931010887027
424,0.6483440520241857,1.139456988312304,0.5924300057813525,94.66217993758619,2.92252900544554
425,0.2635261043906212,1.123343943618238,0.652889022603631,100.59405793435872,7.087563979439437
426,0.6314099300652742,1.1114329099655151,0.6013560341671109,94.2438590573147,7.164374925196171
427,0.6271840538829565,1.0900100460276008,0.6177669856697321,93.04438391700387,3.018487012013793
428,0.27229299303144217,1.098396023735404,0.6102940533310175,96.51942702475935,7.155850064009428
429,0.6914309924468398,1.1978999245911837,0.6211709696799517,100.47959093935788,7.025999948382378
430,0.6264629773795605,1.0864069918170571,0.6099339807406068,105.61096807941794,3.0300969956442714
431,0.2560040447860956,1.0918239131569862,0.5966769531369209,97.4349289899692,6.982075050473213
432,0.6839750567451119,1.1188959470018744,0.593586009927094,94.6024419972673,6.9102339912205935
433,0.6172009743750095,1.0634759673848748,0.5841490346938372,93.54227303992957,2.926149987615645
434,0.27216505259275436,1.1170059442520142,0.6237009074538946,98.11196906957775,6.851200945675373
435,0.6196629256010056,1.059881062246859,0.5875698989257216,99.44748610723764,6.859799032099545
436,0.6136039737612009,1.056166016496718,0.5905219586566091,92.57236099801958,3.0176059808582067
437,0.33091194927692413,0.800815992988646,5.507979076355696,707.6528139878064,0.4711219808086753
438,0.6198480259627104,1.0616800282150507,0.5682420451194048,102.58798499125987,7.227398920804262
439,0.6485740887001157,1.070772996172309,0.5991909420117736,100.1654010033235,3.018374089151621
440,0.2631670795381069,1.1056539369747043,0.6114019779488444,106.70011397451162,7.062501972541213
441,0.6593799917027354,1.1218790896236897,0.5853140028193593,107.84669301938266,7.099949987605214
442,0.6183419609442353,1.0516420006752014,0.5799239734187722,94.06725794542581,2.921968000009656
443,0.260518048889935,1.0887249372899532,0.5958019755780697,99.95494002941996,6.963122054003179
444,0.6288849981501698,1.077922061085701,0.5957509856671095,97.89168299175799,6.922548054717481
445,0.6199589697644114,1.048989943228662,0.5999240092933178,94.58892606198788,2.973799011670053
446,0.25780999567359686,1.1842730455100536,0.589173985645175,100.29414494056255,7.135137100704014
447,0.6272019818425179,1.454619923606515,0.5909639876335859,97.54881099797785,7.0784869603812695
448,0.6300600944086909,1.0837320005521178,0.5984940798953176,95.75364191550761,3.009897074662149
449,0.2617259742692113,1.0785829508677125,0.5976950051262975,100.51481798291206,7.24722002632916
450,0.4632039926946163,0.7762429304420948,3.354731947183609,412.8068219870329,0.4909030394628644
451,0.6409389898180962,0.9475980186834931,0.5410569719970226,87.71225193049759,2.9477349016815424
452,0.2547639887779951,1.1028969893231988,0.593470991589129,97.79132506810129,7.3265680111944675
453,0.6348410388454795,1.1494209757074714,0.590639072470367,96.83092799969018,7.283312967047095
454,5.223585991188884,1.0770609369501472,0.6159630138427019,97.4248630227521,3.7527410313487053
455,0.2619370352476835,1.1118469992652535,0.6427979096770287,104.15796202141792,7.514495984651148
456,0.6627809489145875,1.103239948861301,0.6280769594013691,98.18328695837408,7.442608010023832
457,0.5347119877114892,1.056930050253868,0.6047190399840474,94.6348839206621,3.098646062426269
458,0.2692110138013959,1.1027309810742736,0.6077700527384877,99.10628502257168,7.414918974973261
459,0.6517570000141859,1.239899080246687,0.5956230452284217,102.89871704299003,7.409892976284027
460,0.6528469966724515,1.1629380751401186,0.6960619939491153,96.32123506162316,3.0876079108566046
461,0.2619809238240123,1.1080390540882945,0.5979379639029503,99.63860595598817,7.414015009999275
462,0.6521029863506556,1.1206730268895626,0.6162869976833463,99.01071398053318,7.400338887237012
463,0.6321750115603209,1.0495759779587388,0.589147093705833,101.36918304488063,3.0745959375053644
464,0.2733810106292367,1.1053849011659622,0.6008700001984835,103.27848803717643,7.32760492246598
465,0.5821380764245987,1.1162660084664822,0.6152659188956022,97.8115719044581,7.3543640319257975
466,0.6456889677792788,1.1035570641979575,0.6138009484857321,96.84029605705291,3.0924329767003655
467,0.2706879749894142,1.0864080395549536,0.6393829826265574,102.83439292106777,7.51629495061934
468,0.7341429591178894,1.0979429353028536,0.6561139598488808,98.63005799707025,7.70329893566668
469,0.4453890724107623,0.8066259324550629,3.8158639799803495,527.3293619975448,0.2337960759177804
470,0.11859694495797157,0.708186998963356,1.7561860149726272,223.67009799927473,0.4505789838731289
471,0.6866100011393428,1.0382080217823386,0.5778560880571604,94.81816808693111,7.821690058335662
472,0.6846230244264007,1.096275052987039,0.64597197342664,94.26623804029077,3.2394520239904523
473,0.2844759728759527,1.1161270085722208,0.622686930000782,100.4903269931674,8.762083947658539
474,0.6656770128756762,1.13403401337564,0.6276189815253019,99.14080402813852,7.519860984757543
475,0.6626630201935768,1.0784409241750836,0.6063829641789198,94.44329096004367,3.1392319360747933
476,0.26360293850302696,1.0933589655905962,0.6202659569680691,104.79002993088216,7.6117790304124355
477,0.6659519858658314,1.0958019411191344,0.6162750069051981,97.32786403037608,7.5510540045797825
478,0.6676799384877086,1.079886918887496,0.647170003503561,93.76090602017939,3.1448049703612924
479,0.2647379878908396,1.0888960678130388,0.5827819695696235,103.70772494934499,7.408258970826864
480,0.6806469755247235,1.0780980810523033,0.624153995886445,100.4923740401864,7.531490060500801
481,0.663562910631299,1.0664419969543815,0.6081220926716924,95.83540202584118,3.195506986230612
482,0.30565098859369755,1.0948489652946591,0.5859889788553119,100.28134507592767,7.502443972043693
483,0.5893560592085123,1.0912090074270964,0.5921859992668033,97.15037001296878,7.327496074140072
484,0.6498889997601509,1.0726210894063115,0.5922449054196477,98.37871801573783,3.161044092848897
485,0.3338840324431658,1.0691949864849448,0.6099200109019876,105.55692098569125,7.358140079304576
486,0.5808939458802342,1.0949670104309916,0.6144039798527956,97.59838995523751,7.435107021592557
487,0.6532119587063789,1.0744540486484766,0.6011129589751363,94.48887198232114,3.0183240305632353
488,0.2596699632704258,1.0480659548193216,0.5827629938721657,102.78891096822917,7.3672650614753366
489,0.6472280947491527,1.0866910452023149,0.6260019727051258,101.12297011073679,7.334365975111723
490,0.6511480314657092,1.079469919204712,0.5872959736734629,93.65117200650275,3.1271380139514804
491,0.26482995599508286,1.0878400644287467,0.6005370523780584,100.2334370277822,7.36935599707067
492,0.5359969800338149,1.095484010875225,0.589895062148571,97.52130403649062,7.420937996357679
493,0.6409359630197287,1.063307048752904,0.5868609296157956,99.78713607415557,3.0805100686848164
494,0.2607849892228842,1.0787589708343148,0.5949540063738823,102.06222103442997,7.333987043239176
495,0.6433699745684862,1.0843089548870921,0.5803810199722648,97.24467096384615,7.257921970449388
496,0.6827739998698235,1.1870099697262049,0.6019381107762456,96.28366399556398,3.0753109604120255
497,0.2641970058903098,1.145506976172328,0.6489760708063841,99.93377595674247,7.316190982237458
498,0.6597200408577919,1.1583790183067322,0.6054609548300505,98.23449200484902,7.349576917476952
499,0.6347830640152097,1.0783770121634007,0.580579973757267,94.25637603271753,3.0594239942729473
500,0.2625429769977927,1.0606959694996476,0.5905150901526213,100.81622307188809,7.340295938774943
501,0.6519450107589364,1.1290870606899261,0.6042179884389043,98.72832999099046,7.345861988142133
502,0.6477170391008258,1.063611009158194,0.5917069502174854,94.27484206389636,3.1071420526131988
503,0.26905001141130924,1.068381010554731,0.5878959782421589,100.2932219998911,7.316148024983704
504,0.6516710855066776,1.1205809423699975,0.5923029966652393,97.81551000196487,7.3987600626423955
505,0.6401079008355737,1.0886980453506112,0.592350959777832,94.45873403456062,3.0869280453771353
506,0.2897169906646013,1.0564869735389948,0.603341031819582,100.74062703642994,7.346028927713633
507,0.6402690196409822,1.460254075936973,0.5858240183442831,100.63457698561251,7.486571907065809
508,0.6693589966744184,1.0603789705783129,0.5777499172836542,96.55414603184909,3.1481640180572867
509,0.2662759507074952,1.063607051037252,0.5822549574077129,104.47074100375175,7.455606013536453
510,0.5772450240328908,1.0847470257431269,0.5924899596720934,97.6509409956634,7.34471098985523
511,0.6575910374522209,1.0780490702018142,0.60024403501302,94.45885592140257,3.170795040205121
512,0.26157195679843426,1.0818190639838576,0.5900620017200708,104.0259039727971,7.390570943243802
513,0.655125011689961,1.0932900477200747,0.6069008959457278,103.84594509378076,7.537563913501799
514,0.5965500604361296,1.1772169964388013,0.6204620003700256,95.58470803312957,3.126933006569743
515,0.2779340138658881,1.11417006701231,0.6018079584464431,100.18043895252049,7.3708100244402885
516,0.6472680252045393,1.1088880710303783,0.6039038999006152,100.58229393325746,7.421966060064733
517,0.6464140024036169,1.1107249883934855,0.5920419935137033,106.33969295304269,3.138071042485535
518,0.31260494142770767,1.0924950474873185,0.6001170258969069,101.46171494852751,7.241541054099798
519,0.6435770774260163,1.0861410992220044,0.6062530446797609,96.80861397646368,7.200740044936538
520,0.6481669843196869,1.0533890454098582,0.5993610247969627,96.1877090157941,3.0462080612778664
521,0.2639889717102051,1.0991659946739674,0.5832179449498653,100.64693994354457,7.178913918323815
522,0.637747929431498,1.1400158982723951,0.6024589529260993,97.55048295482993,7.188786985352635
523,0.6283139809966087,1.056385925039649,0.5789949791505933,95.75507300905883,3.07228893507272
524,0.2592520322650671,1.1152330553159118,0.5744730588048697,100.7305741077289,7.308888016268611
525,0.6401520222425461,1.4933610800653696,0.6023620953783393,100.39750998839736,7.135257939808071
526,0.6471209926530719,1.051453989930451,0.5898850504308939,96.24496405012906,3.0934509122744203
527,0.2644999185577035,1.0680269915610552,0.5859700031578541,105.0038019893691,7.648654980584979
528,0.4622080596163869,0.7771339733153582,4.576528910547495,589.8883200716227,0.4869030090048909
529,0.2154019894078374,0.7040939526632428,1.1186249321326613,124.35972795356065,0.21442992147058249
530,0.2585700713098049,0.9421090362593532,0.5792040610685945,90.91836400330067,7.591411005705595
531,0.6830500205978751,1.0815330315381289,0.5986799951642752,99.62654404807836,9.283839026466012
532,0.7243850268423557,1.0804049670696259,0.6168530089780688,96.90343507099897,3.137079067528248
533,0.27093407697975636,1.136514008976519,0.6128429668024182,97.80603693798184,7.40940507967025
534,0.6723779952153563,1.1676040012389421,0.6474830443039536,96.73955000471324,7.412567967548966
535,0.6626499816775322,1.101081958040595,0.6145500810816884,93.76496891491115,3.237226977944374
536,0.27093105018138885,1.1024160776287317,0.6266760174185038,102.93496702797711,7.46590702328831
537,0.6740600802004337,1.082017901353538,0.5907390732318163,98.05034496821463,7.478807936422527
538,0.6882150191813707,1.0872510029003024,0.6136769661679864,93.78038998693228,3.102379967458546
539,0.26597396936267614,1.1589699424803257,0.6118239834904671,98.42466295231134,7.645420962944627
540,0.7176169892773032,1.1052649933844805,0.6720380624756217,97.03577891923487,7.4002540204674006
541,0.6655100733041763,1.0980830993503332,0.5964150186628103,98.84654392953962,3.1439110171049833
542,0.27017504908144474,1.0860139736905694,0.5889219464734197,96.71049006283283,7.258131052367389
543,0.655987998470664,1.089568017050624,0.6088949739933014,96.16068203467876,7.460362045094371
544,0.6637870101258159,1.0615070350468159,0.5884260172024369,92.73223404306918,3.1468879897147417
545,0.2717879833653569,1.0601879330351949,0.6084280321374536,102.75720001664013,7.326993974857032
546,0.6541489856317639,1.0715059470385313,0.5823690444231033,99.73396803252399,7.3691330617293715
547,0.6517090369015932,1.0736089898273349,0.5782670341432095,93.73496600892395,3.0734619358554482
548,0.28349889907985926,1.0741290170699358,0.6012850208207965,97.66078891698271,7.386810029856861
549,0.5778400227427483,1.0754800168797374,0.5901899421587586,95.93240008689463,7.4554739985615015
550,0.6487480131909251,1.0645840084180236,0.6295060738921165,95.04711895715445,3.1675989739596844
551,0.27495401445776224,1.07661506626755,0.5841819802299142,98.05544407572597,7.4102579383179545
552,0.6722520338371396,1.0864880168810487,0.601544976234436,97.36312099266797,7.702204980887473
553,0.5105860764160752,0.7904029916971922,4.818673012778163,682.4985559796914,0.21865603048354387
554,0.25969697162508965,1.058851950801909,0.6066440837457776,91.07541502453387,7.632783032022417
555,0.6906749913468957,1.103922026231885,0.6129840621724725,97.90119191166013,7.42181995883584
556,0.6052750395610929,1.0522360680624843,0.6057420978322625,95.41512909345329,3.142415080219507
557,0.2696580486372113,1.096084015443921,0.6135120056569576,102.59605699684471,7.693118066526949
558,0.6285409908741713,1.1205150512978435,0.6171000422909856,98.01251289900392,7.6057640835642815
559,0.681017991155386,1.0631770128384233,0.6047510541975498,95.41521302890033,3.3805399434641004
560,0.47919806092977524,0.8132430957630277,4.216811037622392,571.9973390223458,0.46200305223464966
561,0.7019030163064599,1.421610009856522,0.5795999895781279,89.66483303811401,7.705881958827376
562,0.696896924637258,1.063759089447558,0.5984599702060223,94.37762701418251,3.2886419212445617
563,0.32109604217112064,1.073777093552053,0.6227859994396567,103.47818303853273,7.5275530107319355
564,0.6076589925214648,1.1971049243584275,0.8205099729821086,101.3745239470154,7.607839070260525
565,0.5731889978051186,1.1007050052285194,0.6663150852546096,94.55369901843369,3.285340964794159
566,0.32727501820772886,1.092054066248238,0.6133050192147493,98.43720006756485,7.543555926531553
567,0.6820589769631624,1.235596020705998,0.6338140228763223,97.79550298117101,7.57627107668668
568,0.5513000069186091,1.096677966415882,0.6870549404993653,93.80555804818869,3.1367220217362046
569,0.27357402723282576,1.1059829266741872,0.6167830433696508,104.05476298183203,7.512480020523071
570,0.6728459848091006,1.1240930762141943,0.6175859598442912,109.2091869795695,7.444282993674278
571,0.6763950223103166,1.1046900181099772,0.6062829634174705,108.28851105179638,3.1322070863097906
572,0.26930600870400667,1.097163069061935,0.5975320236757398,103.18108194041997,7.431085919961333
573,0.6109719397500157,1.2259380891919136,0.8104550652205944,101.4078389853239,7.623572018928826
574,0.4182530101388693,0.7598060183227062,3.644603071734309,466.630224022083,0.21692796144634485
575,0.26370794512331486,0.9998860768973827,0.5557669792324305,91.50357497856021,7.588112959638238
576,0.658862991258502,1.1406689882278442,0.6128540262579918,98.59473200049251,7.615427952259779
577,0.6809760816395283,1.1283840285614133,0.3625000827014446,98.8912460161373,3.2367859967052937
578,0.29001408256590366,1.0938600171357393,0.6562609924003482,99.27860798779875,7.597755058668554
579,0.689461943693459,1.1450729798525572,0.6231709849089384,96.98320005554706,7.5560149271041155
580,0.6826609605923295,1.7488709418103099,0.31332403887063265,99.2056910181418,3.23364301584661
581,0.2795859472826123,1.108410069718957,0.5954899825155735,98.85617706459016,7.653950015082955
582,0.6911189993843436,1.4616609551012516,0.6117210723459721,97.96539798844606,7.672399049624801
583,0.661744037643075,1.3252259232103825,0.3165910020470619,99.25593307707459,3.1781760044395924
584,0.2821129746735096,1.0960869258269668,0.6021009758114815,101.56074492260814,7.639327901415527
585,0.6725910352542996,1.231222995556891,0.7986660348251462,102.71093796472996,7.602530997246504
586,0.6826169556006789,1.1465669376775622,0.6446570623666048,96.7571180080995,3.182976972311735
587,0.2911699702963233,1.128462958149612,0.6581259658560157,99.2064269958064,7.635636022314429
588,0.6842239527031779,1.2202550424262881,0.7692569633945823,106.7756830016151,7.817404926754534
589,0.7431299891322851,1.1669599916785955,0.6505480268970132,98.37980393785983,3.17680393345654
590,0.26743405032902956,1.0977990459650755,0.6158740725368261,98.46681298222393,7.619961979798973
591,0.683892983943224,1.1958950199186802,0.7699270499870181,102.13785001542419,7.649468956515193
592,0.6732390029355884,1.2553260894492269,0.749878934584558,100.43048695661128,3.2189019257202744
593,0.28296897653490305,1.1029740562662482,0.602404004894197,98.34154602140188,7.610577973537147
594,0.6711130263283849,1.8017850816249847,0.7719870191067457,101.50611808057874,7.829293026588857
595,0.6766709266230464,1.2061229208484292,0.668402062729001,102.58293605875224,3.2309129601344466
596,0.27185690123587847,1.1124159209430218,0.5957330577075481,103.04797592107207,7.71353195887059
597,0.7483980152755976,1.2301700189709663,0.7990469457581639,102.53702802583575,7.7782380394637585
598,0.7687660399824381,1.1538219405338168,0.6872359663248062,97.48468000907451,3.2848860137164593
599,0.2792689483612776,1.112696947529912,0.5964970914646983,97.665891982615,7.672625011764467
600,0.7075050380080938,1.194871962070465,0.7822680054232478,101.4607569668442,7.60585896205157
601,0.6991090485826135,1.182127045467496,0.7056219037622213,96.6391129186377,3.21561296004802
602,0.2775510074570775,1.0930589633062482,0.5959169939160347,98.55804091785103,7.566179963760078
603,0.6787769962102175,1.1833839816972613,0.771448016166687,102.00201801490039,8.724164101295173
604,0.6888920906931162,1.5682510565966368,0.6413699593394995,100.01934296451509,3.214297001250088
605,0.27529895305633545,1.2056170962750912,0.6106739165261388,98.76746695954353,7.542432984337211
606,0.6664700340479612,1.237050979398191,0.8094930090010166,102.04237909056246,7.745648035779595
607,0.6646739784628153,1.212098984979093,0.7976699853315949,97.25184494163841,3.212190931662917
608,0.268775038421154,1.0965350084006786,0.6014159880578518,100.40677490178496,7.782750995829701
609,0.37601799704134464,0.7882469799369574,3.0390979954972863,394.4149629678577,0.5163929890841246
610,0.7026400417089462,1.0454499861225486,0.24207704700529575,93.64387695677578,3.2265360932797194
611,0.2650030655786395,1.0936500038951635,0.5955970846116543,98.84041699115187,8.06734198704362
612,0.5857640644535422,1.085850060917437,0.6300040986388922,104.05743203591555,7.662835996598005
613,0.6921379826962948,1.1549890041351318,0.6253980100154877,98.10940199531615,3.2525580609217286
614,0.27983495965600014,1.093906001187861,0.609245034866035,98.34803501144052,7.976279011927545
615,0.5732889985665679,1.0851658880710602,0.5925650475546718,97.4104319466278,7.546243956312537
616,0.6844160379841924,1.3502399669960141,0.6550260586664081,100.08169698994607,3.2506780698895454
617,0.2740180352702737,1.0931170545518398,0.6044439505785704,114.58320100791752,7.540125050581992
618,0.5654001142829657,1.1382960947230458,0.6191539578139782,99.99237605370581,7.694881991483271
619,0.6801360286772251,1.1188469361513853,0.6404099985957146,106.78112599998713,3.239548997953534
620,0.3743779379874468,1.0935149621218443,0.6398189580067992,102.40418510511518,7.718654000200331
621,0.6797399837523699,1.0976780904456973,0.6112949922680855,97.61056897696108,7.592970971018076
622,0.7371999090537429,2.1562810288742185,0.6015320541337132,97.1378650283441,3.1060019973665476
623,0.2787209814414382,1.070145983248949,0.6158070173114538,97.93949208687991,7.670268998481333
624,0.61567104421556,1.0851359693333507,0.6036249687895179,96.61199303809553,7.544988067820668
625,0.602225074544549,1.2150469701737165,0.7864099461585283,114.45054202340543,3.2187700271606445
626,0.26990799233317375,1.1047510197386146,0.6574670551344752,97.90280601009727,7.852382026612759
627,0.7279489655047655,1.1055860668420792,0.5974019877612591,95.51629004999995,7.461800938472152
628,0.680041965097189,1.2021890142932534,0.7828300585970283,102.97150805126876,3.241160069592297
629,0.2833080943673849,1.1008910369127989,0.6335470825433731,101.97659896221012,7.401981973089278
630,0.723239965736866,1.1241229949519038,0.5993680097162724,96.07224399223924,7.455516024492681
631,0.6833919323980808,1.2093449477106333,0.7795520359650254,115.13505992479622,3.176646074280143
632,0.2775760367512703,1.1332840658724308,0.5961989518254995,106.53031605761498,7.532136980444193
633,0.7089979480952024,1.084382995031774,0.5997190019115806,99.93541601579636,7.1704150177538395
634,0.6622850196436048,1.0868849931284785,0.2913830103352666,113.20834595244378,3.1422589672729373
635,0.27657707687467337,1.086701056919992,0.6113909184932709,101.56781296245754,7.3430759366601706
636,0.6659970385953784,1.1006739223375916,0.5992510123178363,96.98219900019467,7.362051983363926
637,0.675452989526093,1.1407010024413466,0.3076739376410842,119.77400991600007,3.084587980993092
638,0.2622070023790002,1.0710200294852257,0.6069979863241315,99.97989900875837,7.392638945020735
639,0.5812050076201558,1.161005930043757,0.6455819820985198,96.97019797749817,7.439058972522616
640,0.6521390751004219,1.092527061700821,0.35226100590080023,113.36971097625792,3.0096190748736262
641,0.25642605032771826,1.079863985069096,0.5956919630989432,101.37983597815037,7.293139933608472
642,0.6328059826046228,1.1318330653011799,0.6730909226462245,97.07215300295502,7.320533972233534
643,0.649892957881093,1.1911659967154264,0.3335189539939165,119.3200449924916,3.11543105635792
644,0.2633270341902971,1.1151530779898167,0.6452330853790045,104.59765698760748,7.291528047062457
645,0.6411329377442598,1.1944150319322944,0.6847599288448691,98.09411503374577,7.453485974110663
646,0.6551450351253152,1.1311459820717573,0.3211339935660362,116.72312906011939,3.1304319854825735
647,0.2643659245222807,1.1287700617685914,0.641640042886138,100.73105501942337,7.522386964410543
648,0.647500972263515,1.2011179933324456,0.6273429607972503,102.87291300483048,10.495140100829303
649,0.7776269922032952,1.181902945972979,0.31789299100637436,115.07625598460436,3.2827890245243907
650,0.30724203679710627,1.0604740818962455,0.5980090936645865,104.24775094725192,7.232944946736097
651,0.6728769512847066,1.2240399373695254,0.6123799830675125,100.16579704824835,7.225626963190734
652,0.5786120891571045,1.1247070506215096,0.313156982883811,115.63170503359288,3.0836539808660746
653,0.26320700999349356,1.0736959520727396,0.5880369571968913,111.47134297061712,7.272985065355897
654,0.647578970529139,1.0680879931896925,0.601497944444418,104.05093908775598,7.190592004917562
655,0.5202069878578186,1.2121079489588737,0.7128070574253798,113.36439207661897,3.0562470201402903
656,0.25535200256854296,1.062341034412384,0.6097109289839864,100.32188892364502,7.210941985249519
657,0.6355480290949345,1.0769250802695751,0.5878759548068047,99.81830103788525,7.238202961161733
658,0.6414770614355803,1.152919023297727,0.5914679495617747,112.90559300687164,3.089096979238093
659,0.2587930066511035,1.0689650662243366,0.5915580550208688,100.67475400865078,7.337359013035893
660,0.6458309944719076,1.0789060033857822,0.5856639472767711,95.56384908501059,7.272363058291376
661,0.6444249302148819,1.1649199295789003,0.6690600421279669,117.28073505219072,3.0882839346304536
662,0.2717099850997329,1.0887259850278497,0.5803749663755298,103.76682295463979,7.370709907263517
663,0.6440080469474196,1.0692100040614605,0.5877399817109108,94.4728059694171,7.552895927801728
664,0.7037479663267732,1.1710639810189605,0.5980839487165213,115.68685690872371,3.0232369899749756
665,0.2559049753472209,1.0686229215934873,0.5808870773762465,103.5659380722791,7.189515046775341
666,0.6358039099723101,1.0599000379443169,0.6050619995221496,98.02135708741844,13.361190096475184
667,0.7085060933604836,1.134352060034871,0.615371041931212,114.25733903888613,3.150964039377868
668,0.2658100565895438,1.0522929951548576,0.6198260234668851,104.8304180148989,7.321821991354227
669,0.6400630809366703,1.0667570168152452,0.5769180133938789,95.79180693253875,7.269038003869355
670,0.6297919899225235,1.116880914196372,0.6181308999657631,112.52029391471297,3.0448599718511105
671,0.265663955360651,1.0521779768168926,0.5789380520582199,102.63918794225901,7.246389985084534
672,0.6370260380208492,1.0616159997880459,0.5989759229123592,99.21040397603065,7.220468949526548
673,0.633607036434114,1.1022560065612197,0.588325085118413,112.70626599434763,3.0789979500696063
674,0.25344989262521267,1.069815014488995,0.6033489480614662,99.84449809417129,7.246872060932219
675,0.5946729797869921,1.063939998857677,0.6035510450601578,98.37281191721559,7.2133520152419806
676,0.6467769853770733,1.1459229281172156,0.604043947532773,118.00404905807227,3.101731068454683
677,0.25708391331136227,1.0457219323143363,0.5833730101585388,100.33252602443099,7.213660981506109
678,0.6322799017652869,1.0777640854939818,0.5805760156363249,94.58286501467228,7.413791958242655
679,0.5966519238427281,1.1117699323222041,0.6096060387790203,113.3486699545756,3.166615031659603
680,0.262188958004117,1.0617270600050688,0.579087994992733,104.06170005444437,7.196666090749204
681,0.6409540073946118,1.1401689844205976,0.5997320404276252,96.2021891027689,7.110947044566274
682,0.6327980663627386,1.2147669913247228,0.6036909762769938,115.19925098400563,3.087511984631419
683,0.2756379544734955,1.5118980081751943,0.6008989876136184,107.17495204880834,7.21261091530323
684,0.6360049592331052,1.1040039826184511,0.6026540650054812,107.2187969693914,7.3837710078805685
685,0.6973650306463242,1.2063930043950677,0.6854069652035832,115.55767699610442,3.034273977391422
686,0.24614192079752684,1.1049420572817326,0.6163390353322029,106.5566570032388,7.058611023239791
687,0.634131021797657,1.1446840362623334,0.6128330715000629,96.61354299169034,7.041565957479179
688,0.6204169476404786,1.202677027322352,0.6272849859669805,113.92874002922326,3.0175360152497888
689,0.2495190128684044,1.0492060100659728,0.6016290280967951,102.11600200273097,7.012333953753114
690,0.6263010436668992,1.0486249811947346,0.6094089476391673,101.3518120162189,7.001074962317944
691,0.5501479608938098,1.1565909953787923,0.5882409168407321,112.97351797111332,3.016570000909269
692,0.25138596538454294,1.0772519744932652,0.587336951866746,112.24524700082839,7.317201001569629
693,0.6148549728095531,1.0725250467658043,0.607899040915072,99.45611597504467,7.098295027390122
694,0.6256799679249525,1.6542080556973815,0.6256930064409971,113.78418002277613,3.0238439794629812
695,0.2547759795561433,1.0757819982245564,0.6066890200600028,100.87795904837549,7.0995528949424624
696,0.641512917354703,1.1425059055909514,0.5814640317112207,96.023621968925,7.110210950486362
697,0.6256441120058298,1.1017720680683851,0.6360919214785099,115.03769597038627,3.0321819940581918
698,0.266428105533123,1.0578430956229568,0.601906911469996,100.72508605662733,7.169864955358207
699,0.5693930434063077,1.0937369661405683,0.5957951070740819,95.8055229857564,7.487274939194322
700,0.46224193647503853,0.7437319727614522,4.221768002025783,529.5646120794117,0.31541299540549517
701,0.19873306155204773,0.7171820616349578,3.6562499590218067,451.98551297653466,0.41149300523102283
702,0.6421649595722556,1.0041430359706283,0.5306919338181615,90.34839598461986,7.418396999128163
703,0.6298560183495283,1.0796989081427455,0.28626108542084694,119.07758901361376,3.1046209624037147
704,0.2655389253050089,1.085042953491211,0.5961440037935972,104.21724896878004,7.277501048520207
705,0.6477771094068885,1.0833489941433072,0.5852930480614305,95.76717496383935,7.29278102517128
706,0.6417379481717944,1.3965090038254857,0.30089099891483784,115.23192108143121,3.1075060833245516
707,0.24933996610343456,1.0682680876925588,0.6067990325391293,103.59342698939145,7.333699031732976
708,0.6349439499899745,1.0731989750638604,0.5775979952886701,96.12818993628025,7.205697009339929
709,0.6348610622808337,1.0868220124393702,0.3071540268138051,114.62105892132968,3.139132051728666
710,0.26427500415593386,2.639765036292374,0.5899319658055902,106.63026291877031,9.887705091387033
711,0.3085699863731861,0.7076050387695432,1.4815329341217875,155.93775000888854,0.42234896682202816
712,0.6739370292052627,0.9427460609003901,0.21336600184440613,109.46389008313417,3.0695979949086905
713,0.2584429457783699,1.0615070350468159,0.5824010586366057,105.33372196368873,7.372852065600455
714,0.5302969366312027,1.116525032557547,0.6047610659152269,96.62226599175483,7.330005988478661
715,0.5318219773471355,1.0715359821915627,0.28593093156814575,114.18758402578533,3.1433040276169777
716,0.2517759567126632,1.1812610318884254,0.5882380064576864,102.64433396514505,7.334584952332079
717,0.644071027636528,1.49707798846066,0.661931000649929,103.90893998555839,7.3455109959468246
718,0.6388310575857759,1.1401380179449916,0.410981010645628,114.52299100346863,3.0916460091248155
719,0.3476180136203766,1.1221220484003425,0.5947150057181716,102.59776003658772,7.393389940261841
720,0.6315179634839296,1.527865999378264,0.5920289549976587,98.24583597946912,7.35900504514575
721,0.6886179326102138,1.5279559884220362,0.3235249314457178,115.07482989691198,3.0969210201874375
722,0.2537539694458246,1.08778802677989,0.6056249840185046,102.34039695933461,7.696727057918906
723,0.3290710737928748,0.7266600150614977,1.8875079695135355,225.25015694554895,0.4249969497323036
724,0.6295189959928393,1.0385439964011312,0.550219090655446,104.13110803347081,3.0161719769239426
725,0.25224301498383284,1.0947559494525194,0.5846269195899367,100.27062799781561,7.173851947300136
726,0.5738650215789676,1.122377929277718,0.6109289824962616,96.12397395540029,7.217642036266625
727,0.5910010077059269,1.0963550303131342,0.6013939855620265,111.32981604896486,3.2621959690004587
728,0.2762209624052048,0.7831829134374857,4.923171945847571,695.08930190932,0.4222890129312873
729,0.21602411288768053,0.7024260703474283,1.0550140868872404,123.42042499221861,0.449619023129344
730,0.6504768971353769,0.9968599770218134,0.5578469717875123,102.29422396514565,3.0438610119745135
731,0.24341698735952377,1.0848980164155364,0.5822289967909455,101.66691802442074,7.411179947666824
732,0.6398840341717005,1.526450039818883,0.6062339525669813,100.84051906596869,7.340488955378532
733,0.6408569170162082,1.15174800157547,0.5916670197620988,111.40026699285954,3.1819939613342285
734,0.2668030792847276,1.0538060450926423,0.6165039958432317,101.31067701149732,7.365325931459665
735,0.651606940664351,1.0751120280474424,0.6023249588906765,96.58392798155546,7.48363696038723
736,0.6389970658347011,1.071525039151311,0.604654080234468,117.08375799935311,3.1001369934529066
737,0.26071001775562763,1.0822219774127007,0.5837500793859363,101.7171370331198,7.374920998699963
738,0.6284659029915929,1.0827789083123207,0.6054260302335024,96.18639200925827,7.398248999379575
739,0.6494818953797221,1.1042560217902064,0.6011739606037736,114.80525799561292,7.378592039458454
740,0.6433589151129127,1.094158971682191,0.5939389811828732,102.31414099689573,7.5327809900045395
741,0.649897032417357,1.1864319676533341,0.5887179868295789,109.16357091628015,7.650424027815461
742,0.6444159662351012,1.0988370049744844,0.6109389942139387,114.95281907264143,7.465825998224318
743,0.57005207054317,1.0768770007416606,0.5841649835929275,105.18172406591475,7.461403030902147
744,0.574829988181591,1.1740890331566334,0.6239099893718958,97.27689693681896,7.3888220358639956
745,0.6316889775916934,1.0837470181286335,0.6045079790055752,114.783970057033,7.451550918631256
746,0.5806999979540706,1.0802620090544224,0.5842529935762286,100.97856703214347,7.4811120284721255
747,0.6544579518958926,1.1138729751110077,0.6047170609235764,97.15998300816864,7.47197400778532
748,0.635444070212543,1.1108429171144962,0.6097599398344755,113.49560203962028,7.443692069500685
749,0.6347340531647205,1.0970960138365626,0.5983889568597078,103.8400410907343,7.4241929687559605
750,0.6340689724311233,1.2171019334346056,0.6022980669513345,98.40964991599321,7.495626923628151
751,0.8398760110139847,1.571953995153308,0.6721229292452335,114.69774495344609,7.361104944720864
752,0.6362840067595243,1.4842740492895246,0.6318859523162246,102.20622702036053,7.510969997383654
753,0.6593450671061873,1.1408720165491104,0.6628789706155658,99.0030060056597,7.485595997422934
754,0.6337270606309175,1.119766035117209,0.5921960109844804,114.96121704112738,7.627685088664293
755,0.671053072437644,1.113187987357378,0.6017070263624191,102.12282498832792,7.470283075235784
756,0.647500972263515,1.0958160273730755,0.5964060546830297,98.7366980407387,7.476972066797316
757,0.6512589752674103,1.1587030021473765,0.6184990052133799,117.1706379391253,7.455455022864044
758,0.6578459870070219,1.0826049838215113,0.5981168942525983,101.76866396795958,7.373971049673855
759,0.6475059781223536,1.1115958914160728,0.5876850336790085,103.87297300621867,7.540147053077817
760,0.598191050812602,1.1093090288341045,0.6245619151741266,115.369888022542,7.401271956041455
761,0.6589239928871393,1.0861980263143778,0.6048439536243677,105.28456198517233,7.582549005746841
762,0.5268180975690484,1.1182960588485003,0.5897119408473372,105.67596694454551,7.339717005379498
763,0.5822769599035382,1.0818570153787732,0.621384009718895,115.22444896399975,7.450102013535798
764,0.5834701005369425,1.0725210886448622,0.5801139632239938,104.44296000059694,7.557239034213126
765,0.6644770037382841,1.0490830754861236,0.5891850451007485,107.5261669466272,7.535482058301568
766,0.5251879338175058,1.0935610625892878,0.6117760203778744,115.49658398143947,7.38865602761507
767,0.6390030030161142,1.074071042239666,0.6024279864504933,102.46538103092462,7.421580026857555
768,0.6500879535451531,1.0465369559824467,0.5768580595031381,102.61624492704868,7.5135910883545876
769,0.6446340121328831,1.096448046155274,0.617286073975265,113.60106791835278,7.650376996025443
770,0.5372939631342888,1.0669210460036993,0.6048979703336954,105.26647593360394,7.496147067286074
771,0.5887199658900499,1.0608760640025139,0.5843769758939743,103.36219100281596,7.486168993636966
772,0.655540032312274,1.0830069659277797,0.6030299700796604,113.6856849770993,7.4912760173901916
773,0.6538099842146039,1.0809339582920074,0.5972550716251135,103.90425997320563,7.436536950990558
774,0.6019920110702515,1.1431530583649874,0.7556279888376594,109.69622700940818,7.524545886553824
775,0.632822047919035,1.1316239833831787,0.6122160702943802,114.84643397852778,7.503479951992631
776,0.7542739622294903,1.0838160524144769,0.5930329207330942,104.39627396408468,7.532897056080401
777,0.660661025904119,1.0737860575318336,0.5913840141147375,99.07956095412374,7.5136200757697225
778,0.6341279949992895,1.1559199774637818,0.5838270299136639,114.51571003999561,7.422138005495071
779,0.6361959967762232,1.0644319700077176,0.583654036745429,102.11268893908709,7.370335981249809
780,0.5662019830197096,1.127386000007391,0.5809009307995439,99.65053899213672,7.446078001521528
781,0.6589069962501526,1.0773829417303205,0.5838809302076697,116.82837293483317,7.383627002127469
782,0.6468900246545672,1.0709890630096197,0.6028650095686316,102.57145506329834,7.386035984382033
783,0.6260550580918789,1.0897860629484057,0.586336012929678,101.07149602845311,7.37026403658092
784,0.6248969584703445,1.1110450141131878,0.6119030294939876,114.68387104105204,7.550437934696674
785,0.6446790648624301,1.0736180702224374,0.5938670365139842,102.71101002581418,7.354508969001472
786,0.6952689727768302,1.0914599988609552,0.5776309408247471,97.1845060121268,7.366296951659024
787,0.6288510048761964,1.1301649501547217,0.6014560349285603,114.31442201137543,7.270338013768196
788,0.628144945949316,1.1150810169056058,0.589537899941206,103.06613997090608,7.415520027279854
789,0.6385650485754013,1.1773949954658747,0.6069380324333906,101.88866103999317,7.505450048483908
790,0.6446068873628974,1.1245639761909842,0.6316549843177199,115.79626891762018,7.4858879670500755
791,0.65063894726336,1.1540650157257915,0.6364600267261267,103.40220807120204,7.58229405619204
792,0.8527979953214526,1.4958259416744113,0.5861250683665276,97.53988601732999,7.4034660356119275
793,0.6246429402381182,1.139713916927576,0.6028029602020979,115.05558900535107,7.444368093274534
794,0.7180350366979837,1.0952029842883348,0.6035109981894493,102.52628393936902,7.400042959488928
795,0.6304319249466062,1.1657380964607,0.5930829793214798,97.88788098376244,7.589380955323577
796,0.6370819173753262,1.0926909744739532,0.5827220156788826,115.07576494477689,7.567890919744968
797,0.6568289827555418,1.111245946958661,0.6210480351001024,108.37358399294317,7.62653595302254
798,0.6364650325849652,1.0776580311357975,0.5943939322605729,98.20792800746858,7.521920022554696
799,1.096441992558539,1.1182830203324556,0.5894510541111231,113.9790560118854,7.2485830169171095
800,0.5692800041288137,1.0842190822586417,0.5963640287518501,103.58733404427767,7.308545988053083
801,0.6449490319937468,1.1801410000771284,0.6304909475147724,98.14549703150988,7.523590000346303
802,0.24142093025147915,0.6966379005461931,1.1967129539698362,139.06050799414515,0.426329905167222
803,0.6199079798534513,0.9490730008110404,0.5463500274345279,94.4055930012837,7.0517080603167415
804,0.6374110234901309,1.0734520619735122,0.5843669641762972,97.3269019741565,7.180043030530214
805,0.627635046839714,1.0884760413318872,0.615336000919342,116.68903299141675,7.3681880021467805
806,0.6233809981495142,1.0797380236908793,0.610252027399838,103.06842206045985,7.39202497061342
807,0.6214890163391829,1.0860980255529284,0.5766920512542129,97.65132202301174,7.273155031725764
808,0.6330920150503516,1.1865439591929317,0.6068350048735738,99.32123206090182,7.144417031668127
809,0.6394620286300778,1.0769270593300462,0.6021349690854549,107.47239692136645,7.248269044794142
810,0.6213419837877154,1.068869954906404,0.58285694103688,102.82178793568164,7.3827930027619
811,0.6271579768508673,1.0878359898924828,0.6433409871533513,117.20163200516254,7.165480055846274
812,0.6296909414231777,1.052947947755456,0.5889339372515678,99.96410005260259,7.129289908334613
813,0.6339889951050282,1.0669510811567307,0.592803000472486,98.30803307704628,7.289447006769478
814,0.632039038464427,1.0616619838401675,0.5710700061172247,96.27058601472527,7.245927001349628
815,0.7143589900806546,1.0739910649135709,0.5726839881390333,101.76685091573745,7.259138044901192
816,0.6326999282464385,1.0777569841593504,0.6027190247550607,98.35193189792335,7.277818978764117
817,0.6371879717335105,1.0460219345986843,0.592013937421143,115.33686402253807,7.41172896232456
818,0.6926910718902946,0.739720999263227,1.6322239534929395,168.92972693312913,0.4055360332131386
819,0.6543879862874746,0.9268180001527071,0.541417975910008,90.97049408592284,7.185445982031524
820,0.6114160642027855,1.095800893381238,0.5844359984621406,107.32998896855861,7.441141060553491
821,0.6300450768321753,1.116580911912024,0.6108329398557544,109.23401301261038,7.182511035352945
822,0.5548050394281745,1.112049096263945,0.5860609235242009,100.72552901692688,7.330885040573776
823,0.6221540970727801,1.070703030563891,0.5803159438073635,114.31984801311046,7.363701006397605
824,0.6197950569912791,1.0953900637105107,0.5923210410401225,105.71361496113241,7.254070951603353
825,0.6438830168917775,1.0729309869930148,0.5951259518042207,99.32116488926113,7.625123951584101
826,0.3123159985989332,0.8282909402623773,1.7235069535672665,206.18922798894346,0.4085889086127281
827,0.6443499587476254,1.0228910250589252,0.5673948908224702,95.1510319719091,7.418461027555168
828,0.6383730797097087,1.2261290103197098,0.5904099671170115,98.97153405472636,7.226959918625653
829,0.5657629808411002,1.0851570405066013,0.6077350117266178,114.40562491770834,7.320720003917813
830,0.6169289117679,1.057585934177041,0.6112719420343637,111.55490193050355,7.289344095624983
831,0.6196280010044575,1.1492820922285318,0.5856769857928157,102.21259295940399,7.276182994246483
832,0.5609439685940742,1.0779680451378226,0.576474005356431,100.01419298350811,7.447771029546857
833,0.346560962498188,0.731579028069973,2.0300530595704913,239.5533180097118,0.40818704292178154
834,0.6288390140980482,0.9672510204836726,0.5331130232661963,89.15047405753285,7.394243963062763
835,0.6218269700184464,1.0704380692914128,0.634844065643847,107.26002103183419,7.27066898252815
836,0.6279749795794487,1.0680509731173515,0.597391976043582,107.8249589772895,7.29673495516181
837,0.6413450464606285,1.0942070512101054,0.6074960110709071,97.44729194790125,7.115660002455115
838,0.6314499769359827,1.2731679016724229,0.599076971411705,114.69733901321888,7.221336010843515
839,0.6215609610080719,1.1017810320481658,0.6277710199356079,106.28202697262168,7.215040968731046
840,0.6176729220896959,1.084081013686955,0.6047339411452413,102.5481540709734,7.098246947862208
841,0.6148989778012037,1.094906940124929,0.5992850055918097,116.0301169147715,7.224133005365729
842,0.6306449649855494,1.4312609564512968,0.5849869921803474,103.95498503930867,7.253041956573725
843,0.5592909874394536,1.0950620053336024,0.5930420011281967,98.65156305022538,7.212856085970998
844,0.6142409984022379,1.0656779631972313,0.5727329989895225,111.69211997184902,7.280813995748758
845,0.6254420150071383,1.081470982171595,0.6275669438764453,104.3775079306215,7.198011036962271
846,0.6240250077098608,1.0749510256573558,0.5974079249426723,98.79636601544917,7.357574999332428
847,0.6252530729398131,1.1203420581296086,0.597998034209013,111.6629249881953,7.278804085217416
848,0.6213940214365721,1.0851050028577447,0.6035739788785577,102.7606779243797,7.328187930397689
849,0.6110809044912457,1.0447889799252152,0.5770560819655657,102.66202106140554,7.329865940846503
850,0.6341609405353665,1.1012590257450938,0.6106989458203316,118.25397191569209,7.240918930619955
851,0.6297390209510922,1.0783920297399163,0.5846499698236585,103.77740499097854,7.329263957217336
852,0.6402450380846858,1.094021019525826,0.6058369763195515,103.99567696731538,7.5616639805957675
853,0.6524850614368916,1.0812230175361037,0.6337849190458655,116.77304399199784,7.343951030634344
854,0.6475819973275065,1.0927130933851004,0.6066530477255583,105.63333600293845,7.5012920424342155
855,0.6077680736780167,1.0882050264626741,0.6016709376126528,101.54705797322094,7.245304062962532
856,0.6299179513007402,1.0853270068764687,0.6000349530950189,111.93522997200489,7.313839974813163
857,0.6297989748418331,1.10004807356745,0.6470399675890803,106.16809804923832,7.298014941625297
858,0.6242769304662943,1.068170997314155,0.5942139541730285,98.8654859829694,7.325103972107172
859,0.6282959366217256,1.0713980300351977,0.5858009681105614,114.09946193452924,7.391892024315894
860,0.6440109573304653,1.0822790209203959,0.6040610605850816,102.59321599733084,7.256997050717473
861,0.6330820033326745,1.0605138959363103,0.5964799784123898,98.72654092032462,7.342124939896166
862,0.6492889951914549,1.085850060917437,0.5851169116795063,112.98524297308177,7.3375459760427475
863,0.5614259280264378,1.0548599530011415,0.6025689654052258,103.60821289941669,7.3050920618698
864,0.6199789931997657,1.176401972770691,0.6091149989515543,99.14751397445798,7.318422896787524
865,0.6214689929038286,1.1445600539445877,0.6624090019613504,115.82565307617188,7.329163956455886
866,0.6411290960386395,1.107107033021748,0.5993060767650604,104.22297497279942,7.382826996035874
867,0.5212919786572456,1.1146239703521132,0.5928640021011233,101.55165893957019,7.470040000043809
868,0.6181730423122644,1.109556993469596,0.592400087043643,112.77129093650728,7.536128046922386
869,0.680259894579649,1.0993370087817311,0.596354017034173,106.99177405331284,7.465048925951123
870,0.607977039180696,1.1119120754301548,0.5860649980604649,98.05774001870304,7.270638947375119
871,0.6310769822448492,1.4492810005322099,0.5916079971939325,113.413006067276,7.203920045867562
872,0.5998979322612286,1.064985990524292,0.5817880155518651,105.77681008726358,7.186362985521555
873,0.6112649571150541,1.073335064575076,0.5774389719590545,97.80638490337878,7.143749971874058
874,0.6311589386314154,1.1234910925850272,0.5807569250464439,111.62322910968214,7.362182950600982
875,0.956843956373632,0.7318570278584957,2.2662419360131025,253.998166997917,0.4100159276276827
876,0.6198449991643429,0.961525016464293,0.5409430013969541,88.42462103348225,7.215562975034118
877,0.6173639558255672,1.0879739420488477,0.5730619886890054,109.49186491779983,7.129332050681114
878,0.6929240189492702,1.046678051352501,0.6185569800436497,102.2146240575239,7.252605981193483
879,0.6065149791538715,1.0625909781083465,0.6179279880598187,97.06240298692137,7.231088005937636
880,0.6100320024415851,1.0617619846016169,0.6042430177330971,111.66720499750227,7.176144048571587
881,0.6246470147743821,1.050708000548184,0.6085899658501148,103.20930497255176,7.351886015385389
882,0.6211450090631843,1.077562919817865,0.5990079371258616,97.93852898292243,7.406876073218882
883,0.4556950880214572,0.7751330267637968,2.584115951322019,328.2185890711844,0.5125320749357343
884,0.6431490182876587,1.003067009150982,0.5539030535146594,97.61293896008283,7.598788011819124
885,0.6511181127279997,1.0705080348998308,0.5978060653433204,102.23217296879739,7.435166975483298
886,0.635100994259119,1.1012930190190673,0.6089310627430677,113.46891499124467,7.405697018839419
887,0.6610871059820056,1.0803319746628404,0.6176989991217852,105.57329200673848,7.434674073010683
888,0.6453570676967502,1.0868569370359182,0.6043319590389729,101.67193796951324,7.481643930077553
889,0.6580150220543146,1.0950129944831133,0.5951509810984135,111.03402799926698,7.439438020810485
890,0.5147899501025677,1.087559969164431,0.5913299974054098,102.11952205281705,7.4423340847715735
891,0.6435379618778825,1.0773909743875265,0.6033510435372591,101.81722906418145,7.4199470691382885
892,0.6493210094049573,1.0940220672637224,0.5912970518693328,111.05439392849803,7.320256088860333
893,0.6614230806007981,1.0622909758239985,0.598668004386127,102.19461796805263,7.423672010190785
894,0.6426130421459675,1.114235958084464,0.5825759144499898,98.27429195865989,7.3826719308272
895,0.6403690204024315,1.095136976800859,0.5715281004086137,112.37069591879845,7.418722962029278
896,0.6516280118376017,1.0954850586131215,0.5794699536636472,104.32581894565374,7.5652929954230785
897,0.6413529627025127,1.0922469664365053,0.6007450865581632,97.81157493125647,7.4192009633407
898,0.6439330754801631,1.0827119695022702,0.5929060280323029,115.4653929406777,7.493801997043192
899,0.6443989695981145,1.1194120161235332,0.5928829777985811,101.71851993072778,7.562687038443983
900,0.6479180883616209,1.0791959939524531,0.5976930260658264,98.6233149887994,7.522667990997434
901,0.6402840372174978,1.175051904283464,0.5946439923718572,117.0881970319897,7.460874039679766
902,0.6650889990851283,1.118976972065866,0.6178490584716201,98.55872299522161,7.494149962440133
903,0.5923809949308634,1.1072210036218166,0.6115729920566082,97.98669593874365,7.425711024552584
904,0.6446590414270759,1.0958039201796055,0.5923950811848044,112.6509519526735,7.523122010752559
905,0.6449250504374504,1.0952750453725457,0.6128000095486641,99.51262595131993,7.3988629737868905
906,0.639328034594655,1.1158109409734607,0.6345090223476291,97.59873303119093,7.499660947360098
907,0.6518400041386485,1.0728159686550498,0.5831531016156077,114.54296100419015,7.439045934006572
908,0.6316779181361198,1.0864170035347342,0.6035090191289783,100.20373901352286,7.39565200638026
909,0.6493009859696031,1.1009370209649205,0.6112209521234035,97.32113301288337,7.510731928050518
910,0.6516100838780403,1.0550679871812463,0.5968339974060655,112.61287401430309,7.412170991301537
911,0.6388459587469697,1.0648129973560572,0.5988889606669545,99.25584308803082,7.616591057740152
912,0.640563084743917,1.086479052901268,0.5872290348634124,97.89745695888996,7.639375980943441
913,1.3014300493523479,1.0863360948860645,0.5861850222572684,113.14161797054112,7.453500991687179
914,0.5495731020346284,1.5499889850616455,0.6097819423303008,99.7235900722444,7.440685061737895
915,0.6208369741216302,1.0993060423061252,0.6067939102649689,99.00421707425267,7.40769796539098
916,0.5845159757882357,1.0956310434266925,0.585592002607882,113.8079600641504,7.403652067296207
917,0.6420529680326581,1.0890350677073002,0.5935679655522108,107.57207195274532,7.440843968652189
918,0.6445179460570216,1.0807400103658438,0.6061389576643705,98.51578797679394,7.388469995930791
919,0.622310908511281,1.1154459789395332,0.5832380848005414,114.9823929881677,7.388130063191056
920,0.6338470848277211,1.0801329044625163,0.6040430162101984,102.7488709660247,7.458854001015425
921,0.6335630314424634,1.1140829883515835,0.5984590388834476,107.57246392313391,7.575636031106114
922,0.6522800540551543,1.1181350564584136,0.5823459941893816,114.19821996241808,7.513742079026997
923,0.7847679080441594,1.0500280186533928,0.606287969276309,106.13863298203796,7.419471978209913
924,0.6541209295392036,1.1137580731883645,0.6292479811236262,98.94644096493721,7.442625006660819
925,0.5172189557924867,1.0942360386252403,0.6295179482549429,113.74892701860517,7.460751920007169
926,0.5896099610254169,1.055039931088686,0.590863055549562,104.5512940036133,7.460081949830055
927,0.5966040771454573,1.0869349353015423,0.6133100250735879,99.57332699559629,7.372027030214667
928,0.6204259116202593,1.090032048523426,0.5856140051037073,114.69181906431913,7.28590099606663
929,0.663122977130115,1.0731560178101063,0.6190339336171746,100.58291396126151,7.268459070473909
930,0.568173942156136,1.0927789844572544,0.5994610255584121,96.58261702861637,7.349162013269961
931,0.5676340078935027,1.0562960524111986,0.600314000621438,112.45201795827597,7.257403107360005
932,0.6905860500410199,1.079182024113834,0.6111690308898687,100.16655700746924,7.361178053542972
933,0.6578309694305062,1.4630550285801291,0.5973940715193748,95.58825509157032,7.442060043103993
934,0.6252450402826071,1.0642190463840961,0.5853179609403014,115.88443501386791,7.354460074566305
935,0.5667350487783551,1.0973269818350673,0.5973631050437689,99.3264849530533,7.386571960523725
936,0.6241670344024897,1.0704000014811754,0.590250943787396,101.06331796851009,7.44296598713845
937,0.6309520686045289,1.1658909497782588,0.6274449406191707,112.56899801082909,7.272051996551454
938,0.6215079920366406,1.0790849337354302,0.63094194047153,99.42506905645132,7.386810961179435
939,0.6356829544529319,1.1470320168882608,0.5672629922628403,99.96245696675032,7.2609089547768235
940,0.6187630351632833,1.1120060225948691,0.6392169743776321,118.17291798070073,7.330273976549506
941,0.5582890007644892,1.10602006316185,0.5852030590176582,99.59922498092055,7.251183968037367
942,0.618141028098762,1.0665199952200055,0.5903749261051416,97.02240000478923,7.279941928572953
943,0.6333199562504888,1.0783140314742923,0.5955209489911795,113.51578799076378,7.399120950140059
944,0.6312319310382009,1.0959779610857368,0.5971009377390146,111.33885604795069,7.38644297234714
945,0.6160360062494874,1.1049510212615132,0.6222359370440245,96.04236704763025,7.353906985372305
946,0.6113770650699735,1.0964289540424943,0.6121430778875947,112.93152708094567,7.435371051542461
947,0.6232830928638577,1.1635429691523314,0.7852319395169616,111.22872703708708,7.427370990626514
948,0.6328700110316277,1.061862101778388,0.6088269874453545,97.92462398763746,7.39370402880013
949,0.6187290418893099,1.480116043239832,0.5826120031997561,112.98207892104983,7.933914894238114
950,0.5460839020088315,1.1396039044484496,0.7502820808440447,109.62036007549614,7.094688015058637
951,0.6253869505599141,1.0469730477780104,0.5836689379066229,95.8177390275523,7.654809975065291
952,0.47067005652934313,0.7839420577511191,4.105675034224987,555.2268660394475,0.4236149834468961
953,0.44097204227000475,0.7819129386916757,3.5233149537816644,448.8108840305358,0.43549295514822006
954,0.6258171051740646,0.9672489250078797,0.5947269964963198,88.91278493683785,8.905695052817464
955,0.6517660804092884,1.0418519377708435,0.5891340551897883,115.10648299008608,7.322944002225995
956,0.6388860056176782,1.0660859989002347,0.29133004136383533,108.8500099722296,7.330772001296282
957,0.65381801687181,1.1137209367007017,0.6044560577720404,99.0903259953484,7.266183034516871
958,0.642877072095871,1.0364360641688108,0.5984490271657705,113.06420899927616,7.301486097276211
959,0.6226360565051436,1.0790519881993532,0.2958460245281458,108.92984294332564,7.3346339631825686
960,0.6379539845511317,1.0578189976513386,0.577680068090558,95.75461992062628,7.221791078336537
961,0.6175899179652333,1.0559529764577746,0.5788570269942284,112.04858694691211,7.717831991612911
962,0.4595140926539898,0.8286499651148915,1.9562749657779932,615.4016359942034,0.4897279432043433
963,0.6554010324180126,0.9991519618779421,0.5639010341838002,93.49036403000355,7.709678960964084
964,0.6578690372407436,1.1052970075979829,0.5986720789223909,109.31116004940122,7.5487319845706224
965,0.6564230425283313,1.1063970159739256,0.32910704612731934,109.9668339593336,7.588723907247186
966,0.6681759841740131,1.105115981772542,0.6261339876800776,97.17685100622475,7.6602729968726635
967,0.5549810593947768,1.0930319549515843,0.6020170403644443,111.78239795845002,7.604319020174444
968,0.659830984659493,1.0985360713675618,0.29347999952733517,110.36686704028398,8.127991110086441
969,0.4824450006708503,0.7974921027198434,4.1179710533469915,485.58329010847956,0.44954894110560417
970,0.6544350180774927,1.1057041119784117,0.5565499886870384,106.3651799922809,7.817619945853949
971,0.6556760054081678,1.1100400006398559,0.3095099236816168,108.72751905117184,7.831644965335727
972,0.6716540083289146,1.5252830926328897,0.5903219571337104,96.11830697394907,8.022122900001705
973,0.5584589671343565,1.0553710162639618,0.6081120809540153,115.91627798043191,7.664030999876559
974,0.6724519189447165,1.075976062566042,0.304199056699872,108.39237994514406,7.733745034784079
975,0.6672090385109186,1.0463689686730504,0.5816409830003977,98.82867999840528,7.790660951286554
976,0.6603510119020939,1.0764889884740114,0.6054460536688566,110.05029699299484,7.743437075987458
977,0.6547699449583888,1.1030270252376795,0.29994803480803967,107.60481003671885,7.7486439840868115
978,0.6644170498475432,1.0650829644873738,0.6092500407248735,95.13532801065594,7.74188491050154
979,0.6576960440725088,1.0516069596633315,0.6029000505805016,111.6388930240646,7.792955031618476
980,0.6125669460743666,1.0988489957526326,0.29272492974996567,106.90106404945254,7.734272046945989
981,0.6804870208725333,1.064176089130342,0.6353720091283321,100.46910494565964,8.31505295354873
982,0.5583899328485131,0.7331719389185309,4.329088027589023,567.9138969862834,0.48250099644064903
983,0.6863640155643225,0.9970290120691061,0.23837201297283173,100.56070203427225,7.672271924093366
984,0.6777950329706073,1.0696039535105228,0.5831839516758919,96.59502108115703,7.800680003128946
985,0.5894859787076712,1.081352005712688,0.5920589901506901,109.57895708270371,7.609684020280838
986,0.6647610571235418,1.0786739876493812,0.29049802105873823,102.69061906728894,7.553584990091622
987,0.6497920257970691,1.0746339103206992,0.6310369353741407,94.19392002746463,7.507098955102265
988,0.6607050308957696,1.079940004274249,0.5811610026285052,108.85233106091619,7.461350061930716
989,0.6457580020651221,1.0858919704332948,0.2925270237028599,107.8570419922471,7.462241919711232
990,0.7502470398321748,1.047950005158782,0.645982101559639,98.23149803560227,7.257947931066155
991,0.6495469715446234,1.0914920130744576,0.5914979847148061,111.01918492931873,7.317375973798335
992,0.6493290420621634,1.120439963415265,0.2885679714381695,107.35946206841618,7.4447509832680225
993,0.6065280176699162,1.051301951520145,0.5801019724458456,93.34563103038818,7.533682975918055
994,0.6397189572453499,1.4176919357851148,0.6100470200181007,111.60375003237277,7.320735952816904
995,0.637336983345449,1.048848032951355,0.2897920785471797,106.15136497654021,7.318628951907158
996,0.6711529567837715,1.0600549867376685,0.5916779628023505,94.34254397638142,7.53257202450186
997,0.6433159578591585,1.0632709600031376,0.5895529175177217,97.83992904704064,7.750145974569023
998,0.5895800422877073,1.1161139700561762,0.3032579552382231,102.98095794860274,7.359817042015493
999,0.6355679361149669,1.077825902029872,0.5884571000933647,97.64984506182373,7.623405894264579
1000,0.7094689644873142,1.072946935892105,0.594518962316215,94.1893799463287,7.113653933629394
1001,0.6356299854815006,1.0722629958763719,0.3027939237654209,101.89610300585628,7.473203004337847
1002,0.625861925072968,1.1879089288413525,0.5870599998161197,94.92591000162065,7.090063998475671
1003,0.6136399460956454,1.1096650268882513,0.6196399917826056,99.9915919965133,7.1748640621080995
1004,0.6483639590442181,1.0960180079564452,0.2956909593194723,102.64308995101601,7.242862018756568
1005,0.6286569405347109,1.0759880533441901,0.6259309593588114,92.91758306790143,7.2299790335819125
1006,0.5498729879036546,1.067601959221065,0.6350910989567637,93.67410792037845,7.18969595618546
1007,0.6324879359453917,1.0988200083374977,0.3128950484097004,102.21273789647967,7.140369969420135
1008,0.6239869398996234,1.1076710652559996,0.6017130799591541,94.82894698157907,7.233701995573938
1009,0.6365570006892085,1.0578519431874156,0.6004340248182416,98.53628510609269,7.195860962383449
1010,0.5592439556494355,1.0544599499553442,0.2898209495469928,109.56801695283502,7.358234957791865
1011,0.6275349296629429,1.0459580225870013,0.5861360114067793,94.29834398906678,7.1862529730424285
1012,0.6386800669133663,1.0695679811760783,0.5956619279459119,103.99829794187099,7.172864978201687
1013,0.621429062448442,1.050674938596785,0.2972300862893462,107.00869699940085,7.287468062713742
1014,0.5660050082951784,1.0711950017139316,0.6338070379570127,94.2795209120959,7.238648016937077
1015,0.6228609709069133,1.1101210257038474,0.57878193911165,95.64193699043244,7.243978092446923
1016,0.6398230325430632,1.060327049344778,0.32340793404728174,102.86686604376882,7.27035803720355
1017,0.5773480515927076,1.1131149949505925,0.5921840202063322,94.65639700647444,7.314564078114927
1018,0.6139080505818129,1.0347389616072178,0.5755210295319557,95.11095599737018,7.306309067644179
1019,0.6319460226222873,1.0511960135772824,0.31903607305139303,105.55924603249878,7.4210199527442455
1020,0.7118220673874021,1.0830360697582364,0.7124870317056775,92.89272199384868,7.069048006087542
1021,0.6150039844214916,1.046236022375524,0.5865161074325442,93.7145680654794,7.141569978557527
1022,0.6063119508326054,1.0566790588200092,0.302579952403903,102.0672470331192,7.153773098252714
1023,0.5620600422844291,1.0559230577200651,0.5924890283495188,97.09418704733253,7.063645054586232
1024,0.5403850227594376,1.0469519766047597,0.5938539979979396,93.3402479859069,7.280729943886399
1025,0.6156549789011478,1.0539500508457422,0.2895110519602895,105.53787101525813,7.070181076414883
1026,0.6016619736328721,1.047978992573917,0.5844379775226116,92.25099196191877,7.109583937563002
1027,0.6296189967542887,1.0305240284651518,0.5914339562878013,93.14868599176407,7.064598961733282
1028,0.6153379799798131,1.0432550916448236,0.29084901325404644,105.6857060175389,7.137208944186568
1029,0.6030899239704013,1.0372619144618511,0.5740560591220856,93.62906799651682,7.194523932412267
1030,0.6565999938175082,1.0541279334574938,0.581849948503077,95.3417579876259,6.959134014323354
1031,0.636223005130887,1.0408980306237936,0.28431904502213,100.70818406529725,7.030579028651118
1032,0.5899890093132854,1.0703939478844404,0.5709079559892416,93.7082200543955,6.918217986822128
1033,0.5999630084261298,1.0469979606568813,0.5868460284546018,93.77677598968148,6.914683035574853
1034,0.5386219127103686,1.0517180198803544,0.28240191750228405,104.03549100738019,6.87718007247895
1035,0.5962540162727237,1.064014039002359,0.5891770124435425,94.35207000933588,6.948794005438685
1036,0.5911280168220401,1.0276020038872957,0.5993630038574338,102.49945300165564,7.022441015578806
1037,0.5888970335945487,1.029307022690773,0.3004620084539056,101.06311994604766,7.091402891092002
1038,0.6141120102256536,1.0458249598741531,0.5867319414392114,91.66999696753919,6.999427103437483
1039,0.6100520258769393,1.0660870466381311,0.594594981521368,94.02041300199926,7.069370010867715
1040,0.5386529956012964,1.053919899277389,0.2990060020238161,105.98953301087022,7.0038760313764215
1041,0.5960440030321479,1.0512879816815257,0.5981629947200418,91.97168902028352,6.987289059907198
1042,0.49540994223207235,1.0375280398875475,0.592679949477315,93.09834009036422,7.162508089095354
1043,0.6030900403857231,1.080828020349145,0.2920710248872638,104.14963099174201,7.058190065436065
1044,0.590973999351263,1.4437779318541288,0.6559640169143677,95.12563596945256,7.1880570612847805
1045,0.6125420331954956,1.0640280088409781,0.5829769652336836,94.17910897172987,6.88773300498724
1046,0.5930530605837703,1.0428890818729997,0.29604893643409014,100.49623099621385,6.852942984551191
1047,0.5823859246447682,1.0992849711328745,0.5785870598629117,92.88910799659789,6.878181942738593
1048,0.5881800316274166,1.0518970666453242,0.5889169406145811,93.11768703628331,6.892740027979016
1049,0.5821320228278637,1.0591860627755523,0.32160093542188406,103.79199299495667,6.771304062567651
1050,0.4874540027230978,1.0853359708562493,0.5988259799778461,94.79797806125134,6.796739995479584
1051,0.5970250349491835,1.0375180281698704,0.5694989813491702,97.75395796168596,6.92246004473418
1052,0.588471069931984,1.0237370152026415,0.2832600148394704,105.19083600956947,6.811192957684398
1053,0.5919549148529768,1.07660295907408,0.6092149997130036,93.52260699961334,6.845618016086519
1054,0.5784209351986647,1.0326300980523229,0.567579991184175,94.46148399729282,6.7665999522432685
1055,0.584909925237298,3.3521890873089433,0.28912106063216925,100.3084930125624,6.885148934088647
1056,0.580401043407619,1.080833957530558,0.5904420977458358,92.88050595205277,6.808107020333409
1057,0.5890419706702232,1.024401979520917,0.587422982789576,92.4467999720946,6.779863964766264
1058,0.6000669673085213,1.0371500393375754,0.2839780645444989,100.55963997729123,6.796737900003791
1059,0.5837850039824843,1.0423590429127216,0.5961329443380237,92.52496203407645,6.772367982193828
1060,0.581410015001893,1.0384779889136553,0.5668529774993658,92.99405908677727,6.857878994196653
1061,0.5937840323895216,1.020141993649304,0.29017101041972637,102.09764295723289,7.175297010689974
1062,0.6422910373657942,1.120507949963212,0.6024399772286415,94.29906297009438,6.657127058133483
1063,0.577020924538374,0.9997410234063864,0.5770110292360187,91.85234096366912,6.702590966597199
1064,0.5734870210289955,0.9986100485548377,0.27877092361450195,103.33015804644674,6.666236091405153
1065,0.5806500557810068,1.035533961839974,0.5934369983151555,92.59291901253164,6.675972021184862
1066,0.5714750150218606,1.0505609679967165,0.5797139601781964,91.86627203598619,6.596421007998288
1067,0.5796719342470169,1.0061269858852029,0.2930189948529005,103.39830908924341,6.664659944362938
1068,0.5628990475088358,1.0465229861438274,0.5794739117845893,93.01745507400483,6.685896078124642
1069,0.5736959865316749,0.996612012386322,0.5618969444185495,92.04162494279444,6.7518799332901835
1070,0.5799899809062481,1.019143033772707,0.29353098943829536,104.17722794227302,6.7779290257021785
1071,0.5795219913125038,1.0593640618026257,0.5772489821538329,92.12798601947725,6.637578015215695
1072,0.5770829739049077,1.011660904623568,0.5754680605605245,91.86480497010052,6.744615035131574
1073,0.5690190009772778,1.012630993500352,0.28377596754580736,99.05008890200406,6.708761095069349
1074,0.5858360091224313,1.0421730112284422,0.6056389538571239,93.73486996628344,6.823266041465104
1075,0.5871369503438473,1.013769069686532,0.5723719950765371,92.89231605362147,6.617547944188118
1076,0.5687399534508586,1.0169920278713107,0.27856603264808655,98.76555798109621,6.7673069424927235
1077,0.5695209838449955,1.0438980534672737,0.5696609150618315,93.0589969502762,6.710093934088945
1078,0.5797399207949638,1.0187530424445868,0.5892988992854953,96.27133805770427,6.743939942680299
1079,0.5799949867650867,1.007667975500226,0.2927030436694622,99.68063398264349,6.73785200342536
1080,0.5827220156788826,1.0796020505949855,0.59769197832793,92.21384802367538,6.750053958967328
1081,0.5946099990978837,1.0880050249397755,0.6162719801068306,92.66705997288227,6.7219180054962635
1082,0.5831199232488871,1.0595800122246146,0.5925849545747042,94.09246407449245,6.683451938442886
1083,0.579464016482234,1.0923920199275017,0.6146010709926486,93.256332911551,6.719617987982929
1084,0.6223800592124462,1.0575109627097845,0.5798140773549676,95.1173409121111,6.832228973507881
1085,0.6416680989786983,1.1667389189824462,0.5923380376771092,95.99393792450428,6.649376009590924
1086,0.5650860257446766,1.1253809789195657,0.5729779368266463,93.49580807611346,6.734861992299557
1087,0.5614920519292355,1.0987850837409496,0.613351003266871,94.00206699501723,6.625054054893553
1088,0.5231780232861638,1.097818952985108,0.5889470921829343,96.32967598736286,6.679131998680532
1089,0.5609089275822043,1.0820640018209815,0.5864030681550503,100.76945694163442,6.542421062476933
1090,0.5526099121198058,1.0677030077204108,0.5732220597565174,92.3298770794645,6.545302923768759
1091,0.5611529340967536,1.084822928532958,0.5674969870597124,93.88690395280719,6.662238040007651
1092,0.5676329601556063,1.079901005141437,0.5658770678564906,90.5030049616471,6.626019952818751
1093,0.5919550312682986,1.1208569630980492,0.5760629428550601,93.16585108172148,6.649445975199342
1094,0.55614800658077,1.0577059583738446,0.5648239748552442,92.343489988707,6.635923986323178
1095,0.5808620480820537,1.004306017421186,0.57471904437989,92.0208670431748,6.8318399135023355
1096,0.5694290157407522,1.0523049859330058,0.56548195425421,97.08734089508653,6.6084329737350345
1097,0.5825090920552611,1.0396549478173256,0.7119170622900128,95.52486496977508,6.567977950908244
1098,0.5790030118077993,1.07476394623518,0.5539879202842712,91.16886707488447,6.625573965720832
1099,0.5812359740957618,1.0774959810078144,0.5930169718340039,91.70010592788458,6.519857910461724
1100,0.5656629800796509,1.0349079966545105,0.5818379577249289,93.93650002311915,6.586310104466975
1101,0.5652699619531631,1.0232410859316587,0.5567279877141118,93.74128305353224,6.686930079013109
1102,0.5605079932138324,1.0995370103046298,0.5974089726805687,97.56781696341932,6.656844983808696
1103,0.5648989463225007,1.0422200430184603,0.5613709799945354,97.80048299580812,6.725627928972244
1104,0.4979779478162527,1.0255819652229548,0.552781973965466,90.47156304586679,6.584191927686334
1105,0.570570002309978,1.061170012690127,0.5934881046414375,91.39943297486752,6.546749966219068
1106,0.5508860340341926,1.0321050649508834,0.5564859602600336,94.01276404969394,6.602839101105928
1107,0.5707739619538188,1.0099499486386776,0.5722070345655084,91.5670869871974,6.637566955760121
1108,0.5705519579350948,1.0882350616157055,0.5906239384785295,99.16006296407431,6.6365000093355775
1109,0.5456579383462667,1.0515459580346942,0.5639380542561412,93.55041303206235,6.572493934072554
1110,0.5717759486287832,1.0274209780618548,0.5529350601136684,89.63652502279729,6.65352598298341
1111,0.554138096049428,1.071454957127571,0.5910269683226943,93.68881699629128,6.73068396281451
1112,0.5701219197362661,1.0391799733042717,0.5598670104518533,92.9059850750491,6.608773022890091
1113,0.5643870681524277,1.0412510018795729,0.5462159169837832,92.16181200463325,6.5675959922373295
1114,0.5872260080650449,1.0714760283008218,0.5581650184467435,95.02747992519289,6.527437944896519
1115,0.5657379515469074,1.0136449709534645,0.5613539833575487,97.1486100461334,6.543608964420855
1116,0.5585410399362445,1.0607900330796838,0.5617060232907534,90.67074803169817,6.543627008795738
1117,0.568432966247201,1.0749560315161943,0.6021530134603381,91.5872489567846,6.61360495723784
1118,0.5210450617596507,1.0284270392730832,0.5663599586114287,93.90417905524373,6.664130021817982
1119,0.549537013284862,1.0423839557915926,0.5823919782415032,92.35772199463099,6.694486015476286
1120,0.5545549793168902,1.0680790292099118,0.5849889712408185,97.68779098521918,6.720068980939686
1121,0.549995107576251,1.0506199905648828,0.5618960130959749,93.88757101260126,6.68505800422281
1122,0.5638879956677556,1.0609410237520933,0.5470550386235118,91.14317502826452,6.726294057443738
1123,0.5661920877173543,1.0976260527968407,0.625459011644125,92.330505955033,6.580256042070687
1124,0.5530560156330466,1.0556079214438796,0.5607459461316466,93.6587949981913,6.677819998003542
1125,0.5767160328105092,1.073495950549841,0.5591610679402947,91.2961820140481,6.705856998451054
1126,0.5718329921364784,1.0579479858279228,0.5914929788559675,98.25713199097663,6.625512964092195
1127,0.5494119832292199,1.0317449923604727,0.5713349673897028,93.65065395832062,6.77649094723165
1128,0.6332789780572057,1.1016199132427573,0.5966729950159788,90.07610694970936,6.551098078489304
1129,0.5493800854310393,1.8192220013588667,0.5590770160779357,94.08460394479334,6.465042009949684
1130,0.5605340702459216,1.1180320288985968,0.6027900381013751,94.10512808244675,6.577556021511555
1131,0.5533199291676283,1.0882460046559572,0.5806909175589681,95.72531399317086,6.471594097092748
1132,0.5637160502374172,1.0744980536401272,0.6034080870449543,93.61450397409499,6.536624976433814
1133,0.5542290164157748,1.0258270194754004,0.5552429938688874,93.26316299848258,6.633644923567772
1134,0.5734860897064209,1.0433410061523318,0.5883449921384454,90.58564307633787,6.58229598775506
1135,0.5544140003621578,1.0883599752560258,0.6010199431329966,92.22305996809155,6.497112102806568
1136,0.5342359654605389,1.0719849960878491,0.573373050428927,94.5587590103969,6.653195014223456
1137,0.552697922103107,1.0271139908581972,0.5811830051243305,91.57290996517986,6.64512999355793
1138,0.5550550995394588,1.0773390531539917,0.5766870453953743,97.97706105746329,6.5698480466380715
1139,0.5520249251276255,1.02212093770504,0.5851710448041558,94.26223998889327,6.4743689727038145
1140,0.5497110541909933,1.0554620530456305,0.5551360081881285,91.89627994783223,6.564809009432793
1141,0.5491880001500249,1.7216160194948316,0.5641330499202013,93.06305507197976,6.708156084641814
1142,0.5964200245216489,1.0914290323853493,0.5683359922841191,95.06218100432307,6.425054976716638
1143,0.5483359564095736,1.0651519987732172,0.5582849262282252,91.57952095847577,6.519921938888729
1144,0.5530460039153695,1.027367077767849,0.5554779199883342,89.90495605394244,6.492804968729615
1145,0.5507810274139047,1.0034589795395732,0.27756800409406424,97.36474405508488,6.396940094418824
1146,0.5355459870770574,1.0898230830207467,0.5574919050559402,92.73837495129555,7.5341269839555025
1147,0.5332190776243806,1.0448069078847766,0.5923049757257104,90.3107759077102,6.6029520239681005
1148,0.5345449317246675,1.0411340044811368,0.30544702894985676,99.47336500044912,6.454933085478842
1149,0.545844086445868,1.4263249468058348,0.6153580034151673,91.26017498783767,6.5896009327843785
1150,0.5463249981403351,1.004674006253481,0.5751629360020161,97.52275003120303,2.9894019244238734
1151,0.21994207054376602,1.0488239349797368,0.266446964815259,98.35151105653495,6.438357988372445
1152,0.5495930090546608,1.0499600321054459,0.5642130272462964,93.87140802573413,6.419721990823746
1153,0.6413270020857453,1.0154919000342488,0.5763460649177432,91.4581740507856,2.7803080156445503
1154,0.2188419457525015,1.0357939172536135,0.2867429284378886,97.64123696368188,6.661028019152582
1155,0.6066890200600028,1.137093990109861,0.5598770221695304,92.17348298989236,6.320295040495694
1156,0.5507840542122722,1.017807051539421,0.5552299553528428,91.7658880352974,2.730470965616405
1157,0.2223100746050477,1.008274033665657,0.30431500636041164,99.27697398234159,6.449128035455942
1158,0.5240649916231632,1.0315580293536186,0.5717860767617822,90.962411952205,6.264586001634598
1159,0.5349789280444384,1.1113539803773165,0.5487470189109445,88.22929195594043,2.9011189471930265
1160,0.2370199654251337,1.0391150135546923,0.2711879787966609,96.26002504955977,6.2913630390539765
1161,0.5301909986883402,1.022881013341248,0.5584099562838674,91.41103306319565,6.22871401719749
1162,0.5235710414126515,1.0351439705118537,0.5937879905104637,89.34325608424842,2.659937017597258
1163,0.23147498723119497,1.0125800035893917,0.2837920328602195,95.55671806447208,6.203380064107478
1164,0.5449419841170311,1.031018909998238,0.5833229515701532,92.53537002950907,6.238650996237993
1165,0.5547250621020794,1.0335410479456186,0.5543490406125784,94.28231499623507,2.7966819470748305
1166,0.2136450493708253,0.9977229638025165,0.28259900864213705,100.02837795764208,6.298734922893345
1167,0.535076018422842,1.0308749042451382,0.5565959727391601,91.15999599453062,6.239867070689797
1168,0.5270009860396385,1.066372962668538,0.5686479853466153,91.13050997257233,2.705974970012903
1169,0.21439394913613796,1.028544967994094,0.26394601445645094,100.67191405687481,6.2051150016486645
1170,0.5332139553502202,1.0231260675936937,0.5885839927941561,90.8303790492937,6.354017066769302
1171,0.5348019767552614,1.0171160101890564,0.5529889604076743,89.35751591343433,2.7221699710935354
1172,0.23271504323929548,1.0051389690488577,0.27006398886442184,96.13284398801625,6.266948999837041
1173,0.5307220853865147,1.0294560343027115,0.5486200097948313,96.56673006247729,6.215790053829551
1174,0.5268650129437447,1.098227920010686,0.5998580018058419,91.41928306780756,2.7560469461604953
1175,0.21387694869190454,1.072679995559156,0.29831996653229,113.54831792414188,6.317263003438711
1176,0.5833929171785712,1.139607047662139,0.5781719228252769,92.24581299349666,6.189116975292563
1177,0.5335271125659347,1.4881780371069908,0.5549350753426552,89.9143060669303,2.660742960870266
1178,0.21286599803715944,1.0712059447541833,0.5573800299316645,96.03963699191809,6.199866998940706
1179,0.5343810189515352,1.0510280262678862,0.5591230001300573,91.50397405028343,6.122219958342612
1180,0.5236549768596888,1.0163940023630857,0.5752360448241234,93.55879295617342,2.6568890316411853
1181,0.21648698020726442,1.04850297793746,0.5603049648925662,94.85759702511132,6.166519015096128
1182,0.5332789150997996,1.0750920046120882,0.551766948774457,91.28428099211305,6.169704953208566
1183,0.5379950162023306,1.0085980175063014,0.5690969992429018,91.74207900650799,2.664942992851138
1184,0.2198430011048913,1.0444179642945528,0.5743220681324601,94.26717192400247,6.450800923630595
1185,0.5376440240070224,1.0424049105495214,0.5519230617210269,95.91633197851479,6.223876960575581
1186,0.5389269208535552,1.0341800516471267,0.5495280493050814,93.54895201977342,2.7097020065411925
1187,0.21992996335029602,1.0385910281911492,0.577291939407587,95.99164198152721,6.596393999643624
1188,0.5381039809435606,1.0189919266849756,0.5678479792550206,93.23335695080459,6.196132977493107
1189,0.5497180391103029,1.010764972306788,0.559623003937304,90.31571797095239,2.6916249189525843
1190,0.23029197473078966,1.3884230284020305,0.5662390030920506,95.39461100939661,6.2340679578483105
1191,0.5103020230308175,1.0231459746137261,0.5580210126936436,94.48760596569628,6.224646000191569
1192,0.5312489811331034,1.0042769135907292,0.5466860020533204,90.44986905064434,2.669162000529468
1193,0.21295191254466772,1.0410330723971128,0.5431170575320721,107.77452995534986,6.149035994894803
1194,0.5176570266485214,1.0728540364652872,0.572892022319138,92.65532100107521,6.1669350834563375
1195,0.5432169418781996,1.0167260188609362,0.5767290713265538,95.10556003078818,2.67951306886971
1196,0.2536639804020524,1.0550840524956584,0.5458099767565727,98.58149092178792,6.229056976735592
1197,0.5484230350703001,1.0167669970542192,0.5465439753606915,90.82914306782186,6.1760470271110535
1198,0.5233630072325468,1.0109719587489963,0.5433179903775454,89.55864992458373,2.7889040065929294
1199,0.2600939478725195,1.0692250216379762,0.5496669327840209,95.6275740172714,6.0282370541244745
1200,0.5174189573153853,1.0304449824616313,0.5803810199722648,91.59517905209213,6.073232972994447
1201,0.5176459671929479,1.033602049574256,0.5813839379698038,90.88518307544291,2.6307959342375398
1202,0.21054595708847046,1.1763180373236537,0.5515370285138488,103.4890681039542,6.022055982612073
1203,0.5417169304564595,1.0853660060092807,0.6073960103094578,89.68935604207218,6.066475063562393
1204,0.5763369845226407,1.00449298042804,0.5677980370819569,106.06763104442507,2.6092559564858675
1205,0.22146000992506742,1.0883560171350837,0.5909370956942439,96.82137600611895,5.996277905069292
1206,0.5061890697106719,1.0312199592590332,0.5682469345629215,91.05137002188712,6.088044960051775
1207,0.516807078383863,1.0426510125398636,0.5453069461509585,93.63606804981828,2.6773969875648618
1208,0.2069389447569847,1.1727469973266125,0.5508459871634841,93.82808289956301,6.0926759615540504
1209,0.523144961334765,1.0759499855339527,0.5964209558442235,103.44442096538842,6.099984049797058
1210,0.5134259117767215,1.0351450182497501,0.5776109173893929,89.56421504262835,2.6320370379835367
1211,0.21058297716081142,1.042907009832561,0.5516730016097426,93.13663106877357,6.016956991516054
1212,0.5397709319368005,1.0391450487077236,0.5538070108741522,91.70200501102954,6.286233896389604
1213,0.5309849511831999,1.0296260006725788,0.5411329912021756,92.22664299886674,2.722993027418852
1214,0.275871017947793,1.0899039916694164,0.5771280266344547,99.2796909995377,6.056685000658035
1215,0.509277917444706,1.0250749764963984,0.5531460046768188,91.11703501548618,6.017772015184164
1216,0.5014849593862891,1.1666810605674982,0.563835958018899,101.36432095896453,2.5705540319904685
1217,0.20436604972928762,1.0466129751875997,0.6115490105003119,108.13640395645052,7.46199197601527
1218,0.49251492600888014,1.081692986190319,0.5903299897909164,92.00593596324325,5.958710913546383
1219,0.5131199723109603,1.0539749637246132,0.5757630569860339,97.2555079497397,2.622591913677752
1220,0.2225849311798811,1.0733999079093337,0.5820529768243432,92.65265101566911,5.917638074606657
1221,0.5291559500619769,1.0337189305573702,0.5814399337396026,90.42862302158028,5.969243007712066
1222,0.49662089440971613,0.998280942440033,0.5743650253862143,89.2917619785294,2.6785118971019983
1223,0.22407504729926586,1.025745994411409,0.27866894379258156,99.75874703377485,5.973303923383355
1224,0.5118000553920865,1.0688580805435777,0.5611740052700043,90.54469398688525,5.96748199313879
1225,0.5124809686094522,1.0371870594099164,0.5474319914355874,88.57468503993005,2.561817062087357
1226,0.21681701764464378,1.1978220427408814,0.2653819974511862,97.81168901827186,5.995086976327002
1227,0.5041490076109767,1.0495070600882173,0.6142299389466643,103.10017899610102,5.979183944873512
1228,0.49542600754648447,1.014358946122229,0.5840279627591372,89.78593593928963,2.5359299033880234
1229,0.20229199435561895,1.0210209293290973,0.26452296879142523,95.8792099263519,5.8721109526231885
1230,0.5084129516035318,1.0491210268810391,0.5445199785754085,94.14993296377361,5.932942032814026
1231,0.5149380303919315,1.0133979376405478,0.5696319276466966,89.22820596490055,2.549182972870767
1232,0.210078083910048,1.0024899384006858,0.2647540532052517,97.99735795240849,6.008430034853518
1233,0.5193860270082951,1.0639620013535023,0.5603849422186613,91.08104195911437,6.418262026272714
1234,0.5531589267775416,1.027168007567525,0.5626699421554804,89.17697099968791,2.9653849778696895
1235,0.2088329056277871,0.9920629672706127,0.2664000494405627,95.92577896546572,5.972989019937813
1236,0.5068109603598714,1.0358940344303846,0.54890604224056,94.9679110199213,5.8918779250234365
1237,0.5055040819570422,0.9748520096763968,0.5595870316028595,86.9340889621526,2.858938998542726
1238,0.2128160558640957,1.012318069115281,0.28040900360792875,98.74861198477447,5.960570997558534
1239,0.49534300342202187,1.0313650127500296,0.5728739779442549,91.55899693723768,6.0451970202848315
1240,0.4938810598105192,1.0149249574169517,0.541202025488019,89.08102090936154,2.5888349628075957
1241,0.20908901933580637,0.9929530788213015,0.2640730235725641,99.13921600673348,6.055728066712618
1242,0.5031810142099857,1.064013922587037,0.5976021056994796,89.90097499918193,6.008654017932713
1243,0.5033250199630857,1.018458977341652,0.5594550166279078,91.69642510823905,2.7490310603752732
1244,0.25124591775238514,1.0496029863134027,0.26569003239274025,92.85274299327284,5.864702048711479
1245,0.511499005369842,1.0360609740018845,0.5431469762697816,89.46065604686737,5.777013022452593
1246,0.5074349464848638,0.9791949996724725,0.5682039773091674,87.44638809002936,2.712610992603004
1247,0.20874699112027884,1.016890979371965,0.26827992405742407,95.65454302355647,5.664549069479108
1248,0.48962095752358437,1.0206580627709627,0.5626910133287311,88.05908798240125,5.715375067666173
1249,0.5047930171713233,1.0183070553466678,0.5731160053983331,86.78860892541707,2.451901091262698
1250,0.20328594837337732,1.0073239682242274,0.2644299529492855,92.61801303364336,5.65656996332109
1251,0.49925700295716524,1.0212339693680406,0.5419179797172546,90.12793400324881,5.747889983467758
1252,0.497814966365695,1.0348849464207888,0.5295099690556526,87.20425993669778,2.5060620391741395
1253,0.21070404909551144,1.006733044050634,0.26511691976338625,96.86043194960803,6.012792000547051
1254,0.5313970614224672,1.7041469691321254,0.6184489466249943,103.94419205840677,5.495209014043212
1255,0.4910120042040944,1.0019910987466574,0.5473630735650659,87.4464459484443,2.4751570308580995
1256,0.22216001525521278,0.9960889583453536,0.27037702966481447,92.13417605496943,5.6946760741993785
1257,0.54190494120121,1.0634239297360182,0.5542930448427796,97.27885806933045,5.4678990272805095
1258,0.475014909170568,0.9944320190697908,0.5452800542116165,88.66949705407023,2.4088340578600764
1259,0.19457098096609116,0.9705520933493972,0.260855071246624,94.33097904548049,5.427264957688749
1260,0.4655569791793823,1.0086160618811846,0.5309459520503879,89.99568596482277,6.679409998469055
1261,0.4615490324795246,1.0048260446637869,0.5586589686572552,88.19501800462604,2.407422987744212
1262,0.19813096150755882,0.9948390070348978,0.26442401576787233,92.29902108199894,5.499540013261139
1263,0.48387201968580484,1.1054700007662177,0.5525089800357819,95.25333100464195,13.045063009485602
1264,0.41799794416874647,1.0217829840257764,0.5878480151295662,87.61440904345363,2.4804099230095744
1265,0.2046750159934163,1.0172680485993624,0.2845160197466612,96.68426995631307,5.644690943881869
1266,0.4729160573333502,1.0202489793300629,0.5386600969359279,94.64160504285246,5.584647064097226
1267,0.4900320200249553,0.9994619758799672,0.5268539534881711,85.65976098179817,2.4585609789937735
1268,0.20030804444104433,0.9959490271285176,0.26479701045900583,93.84474600665271,5.493024014867842
1269,0.49162597861140966,1.0428709210827947,0.5594060057774186,97.26916498038918,6.776302005164325
1270,0.489551923237741,0.9974049171432853,0.5562530132010579,90.46348906122148,2.4725559633225203
1271,0.19744399469345808,0.9861900471150875,0.26298395823687315,91.11856599338353,5.5471890373155475
1272,0.4690949572250247,1.0248320177197456,0.5511660128831863,94.7665449930355,6.052720942534506
1273,0.5327160470187664,1.0183040285483003,0.5612840177491307,87.29566808324307,2.3658890277147293
1274,0.1964980037882924,0.9859229903668165,0.2587779890745878,93.74083997681737,5.337344016879797
1275,0.4751100204885006,1.0402329498901963,0.5466260481625795,93.5039350297302,5.462826928123832
1276,0.46449899673461914,1.0587269207462668,0.5367560079321265,89.23951408360153,2.3904750123620033
1277,0.1983949914574623,0.9676660411059856,0.5504790460690856,88.49430503323674,5.36116398870945
1278,0.5283519858494401,1.0087870759889483,0.5295099690556526,98.44951506238431,5.38958702236414
1279,0.45032799243927,1.4225819613784552,0.5352459847927094,88.25022506061941,2.4228510446846485
1280,0.19352592062205076,0.9757149964570999,0.5342810181900859,89.27099499851465,5.356327979825437
1281,0.4552840255200863,1.0228969622403383,0.6401239661499858,94.34044093359262,5.3037869511172175
1282,0.4651660565286875,1.0066269896924496,0.5486600566655397,90.34764091484249,2.517408924177289
1283,0.2488209865987301,1.0626550065353513,0.5423600086942315,88.78591004759073,5.149233038537204
1284,0.46534708235412836,1.007289974950254,0.554834958165884,94.27645104005933,5.236961995251477
1285,0.44882704969495535,1.0003549978137016,0.5518409889191389,87.86299603525549,2.2954950109124184
1286,0.18875999376177788,0.9638359770178795,0.5317849572747946,87.58894796483219,6.544235977344215
1287,0.4764499608427286,1.0692289797589183,0.5849570734426379,99.43980304524302,5.30965207144618
1288,0.49001502338796854,1.0847179219126701,0.538064050488174,87.14768604841083,2.2329799830913544
1289,0.18637103494256735,0.956367002800107,0.5176459671929479,87.29723596479744,5.654474021866918
1290,0.4102359525859356,1.0086799738928676,0.5402510287240148,92.59410900995135,4.2632450349628925
1291,0.3971279365941882,0.9751890320330858,0.5269369576126337,86.86723804567009,2.226248965598643
1292,0.17352704890072346,0.9538930607959628,0.5358599592000246,87.32086699455976,4.389403038658202
1293,0.403611920773983,0.9626230457797647,0.500835943967104,89.71508394461125,4.624181892722845
1294,0.46918599400669336,1.040837960317731,0.5352830048650503,85.98236599937081,1.8815729999914765
1295,0.17586699686944485,0.9614899754524231,0.5220269085839391,84.42881202790886,4.138429998420179
1296,0.4157290095463395,1.0003020288422704,0.5155510734766722,89.9510639719665,4.162561963312328
1297,0.4009909462183714,0.9769650641828775,0.50447101239115,88.03800400346518,1.864454010501504
1298,0.15979004092514515,0.9334010537713766,0.4941250663250685,81.8588730180636,4.16100793518126
1299,0.39901304990053177,0.9977800073102117,0.5455630598589778,89.26927798893303,4.120707977563143
1300,0.38919097278267145,0.9859759593382478,0.5083659198135138,81.85976999811828,1.9149539293721318
1301,0.16364199109375477,0.9579729521647096,0.4989269655197859,83.80586002022028,4.146124003455043
1302,0.4001340130344033,0.9791799820959568,0.5065270233899355,89.84398597385734,4.106421954929829
1303,0.39553793612867594,0.9861630387604237,0.5009430460631847,80.97605605144054,1.9088879926130176
1304,0.19303802400827408,0.9258040226995945,0.49914000555872917,83.94569298252463,4.1316780261695385
1305,0.3806930035352707,0.9691289160400629,0.506053096614778,90.69587104022503,4.085813066922128
1306,0.37538702599704266,0.9746720315888524,0.5203030304983258,82.23674795590341,1.8897340632975101
1307,0.15763298142701387,0.9328300366178155,0.4980509402230382,83.56812002602965,4.05983894597739
1308,0.37623499520123005,0.9791910415515304,0.534060993231833,89.3811050336808,4.122561076655984
1309,0.39391894824802876,1.0055379243567586,0.5057830130681396,82.51838991418481,1.9006129587069154
1310,0.16457901801913977,0.9491740493103862,0.5057969829067588,81.259188009426,4.16111305821687
1311,0.42450299952179193,1.0178149677813053,0.5019250093027949,89.15299002546817,4.20878897421062
1312,0.39757497143000364,1.0010279947891831,0.5523250438272953,82.40502793341875,1.8789020832628012
1313,0.1610700273886323,0.9747919393703341,0.49768900498747826,87.02907501719892,4.1394110303372145
1314,0.39265293162316084,0.9735559578984976,0.4974730545654893,89.02842993848026,4.246421973221004
1315,0.3934829728677869,1.010171021334827,0.5052760243415833,84.88264807965606,1.9052800489589572
1316,0.1620040275156498,0.9439819259569049,0.5000339588150382,82.3454629862681,4.133031005039811
1317,0.39486598689109087,0.9681129595264792,0.5013779737055302,93.85321696754545,4.093524068593979
1318,0.3785759909078479,1.026662066578865,0.5144029855728149,83.86747702024877,1.8794300267472863
1319,0.16653991769999266,0.9980930481106043,0.5219759186729789,83.0570999532938,4.145381040871143
1320,0.38046506233513355,0.9596850723028183,0.5204180488362908,92.91171294171363,4.337038961239159
1321,0.3930699313059449,1.0253879008814692,0.5276619922369719,84.09336907789111,1.8421070417389274
1322,0.16209401655942202,0.945382984355092,0.5269189132377505,86.11266897059977,4.1417330503463745
1323,0.3873619716614485,0.9717170614749193,0.508174067363143,92.08415099419653,4.153727903030813
1324,0.3956500440835953,0.9879890130832791,0.5057960515841842,81.34863409213722,1.890862942673266
1325,0.16505899839103222,0.9494749829173088,0.4970870213583112,85.38526599295437,4.158867057412863
1326,0.39171904791146517,0.9671080624684691,0.4986509447917342,89.89249600563198,4.114515031687915
1327,0.3931440878659487,0.985932070761919,0.5091410130262375,81.52562193572521,1.8812388880178332
1328,0.1629899488762021,0.9290879825130105,0.5211998941376805,88.11392402276397,4.1014039888978004
1329,0.4887490067631006,0.9578119497746229,0.5147699266672134,91.9581230264157,4.0962540078908205
1330,0.38050394505262375,0.9666980477049947,0.5017450312152505,81.07360498979688,1.8956430722028017
1331,0.16898103058338165,0.9784570429474115,0.5116870161145926,86.11462893895805,4.14627103600651
1332,0.38058392237871885,0.9656789479777217,0.5027599399909377,91.83959197252989,4.083066945895553
1333,0.3796720411628485,0.9956179419532418,0.524642993696034,83.02508795168251,1.8913099775090814
1334,0.1620870316401124,0.9216120233759284,0.49725803546607494,85.92072501778603,4.557179054245353
1335,0.42547599878162146,1.0202329140156507,0.5269719986245036,89.28695099893957,4.007773008197546
1336,0.3808529581874609,0.9893079986795783,0.5243719788268209,80.27715305797756,1.805451000109315
1337,0.164108001627028,0.9317339863628149,0.5172990495339036,81.07905404176563,3.8670089561492205
1338,0.36100903525948524,0.9736949577927589,0.5205230554565787,91.27772401552647,4.686878062784672
1339,0.3755829529836774,0.9667449630796909,0.5001549143344164,84.6243689302355,1.8006620230153203
1340,0.16229692846536636,0.9295950876548886,0.5182279273867607,81.0838850447908,3.9344369433820248
1341,0.3756319638341665,0.9613470174372196,0.526932068169117,91.12506301607937,3.958793939091265
1342,0.36437995731830597,0.977216986939311,0.5180870648473501,84.16038192808628,1.8544510239735246
1343,0.15822402201592922,0.934625044465065,0.51112100481987,82.17135805170983,3.8570750039070845
1344,0.3614190500229597,0.9557619923725724,0.5216799909248948,91.8346659746021,3.934617037884891
1345,0.39228005334734917,0.9684129618108273,0.5048889433965087,85.05784603767097,1.7610989743843675
1346,0.1570020103827119,0.9463640162721276,0.49934606067836285,91.03576792404056,1.7945379950106144
1347,0.1572860637679696,0.9581180056557059,0.507830991409719,89.29404302034527,3.8861020002514124
1348,0.42269600089639425,0.9638069896027446,0.5000849487259984,84.64103296864778,1.8660560017451644
1349,0.16229506582021713,0.9389229817315936,0.5166800692677498,78.26724392361939,1.836035051383078
1350,0.16012298874557018,0.9690610459074378,0.4958129720762372,86.51143894530833,3.9849309250712395
1351,0.37912698462605476,0.9752199985086918,0.5057179369032383,79.68732994049788,1.8480540020391345
1352,0.20697398576885462,1.001424971036613,0.4897010512650013,80.90080495458096,1.7733789281919599
1353,0.172556028701365,0.9670890867710114,0.5034289788454771,88.87219394091517,3.791042952798307
1354,0.3685860428959131,0.9526279754936695,0.5018420051783323,91.30969701800495,1.74194504506886
1355,0.14994293451309204,0.9255199693143368,0.24377100635319948,71.52584695722908,1.7247849609702826
1356,0.1712780212983489,0.9557440644130111,0.49627304542809725,87.56531390827149,3.8165899459272623
1357,0.3719209926202893,0.9246330009773374,0.48632000107318163,82.04634999856353,1.7492360202595592
1358,0.15727709978818893,0.9604580700397491,0.23977796081453562,70.54239697754383,1.723248977214098
1359,0.15715498011559248,0.9832429932430387,0.49435498658567667,87.382000987418,3.7862929748371243
1360,0.3703800030052662,0.960127916187048,0.498229986988008,79.27378301974386,1.7253569094464183
1361,0.15200593043118715,0.9336229413747787,0.2558949636295438,70.44930395204574,1.70984398573637
1362,0.16169599257409573,1.0191160254180431,0.49371703062206507,88.52702006697655,3.849492990411818
1363,0.3588249674066901,0.9727929718792439,0.5428970325738192,85.25303495116532,1.7753929132595658
1364,0.16637006774544716,1.0078860213980079,0.24180696345865726,69.8469269555062,1.755165052600205
1365,0.15428499318659306,1.0199430398643017,0.49419503193348646,88.59002299141139,3.8473180029541254
1366,0.3675390034914017,0.9539860766381025,0.49190898425877094,78.53790500666946,1.7780190100893378
1367,0.15343294944614172,0.9818070102483034,0.24288310669362545,72.20233499538153,1.7985659651458263
1368,0.17132097855210304,1.5615359880030155,0.4811809631064534,88.9848459046334,3.8198931142687798
1369,0.36850490141659975,1.018475042656064,0.5066989688202739,81.9678968982771,1.8506670603528619
1370,0.19680196419358253,0.9945620549842715,0.5039869574829936,79.15948599111289,4.846716998144984
1371,0.17237209249287844,0.9509940864518285,0.48592290841042995,86.6487929597497,3.9792099269106984
1372,0.3709760494530201,0.9676159825176001,0.5004550330340862,81.00858505349606,1.7813529120758176
1373,0.15730597078800201,0.9433249942958355,0.5258970195427537,78.69844895321876,1.7683670157566667
1374,0.16507902182638645,0.9243430104106665,0.48167898785322905,83.99959793314338,3.8172670174390078
1375,0.365649932064116,0.985504942946136,0.5210930248722434,82.6490189647302,1.7367389518767595
1376,0.14837796334177256,0.9406700264662504,0.4937340272590518,80.95179009251297,1.7952549969777465
1377,0.16543094534426928,0.9343029232695699,0.48163498286157846,91.37399890460074,3.733064979314804
1378,0.3461498999968171,0.9735799394547939,0.5157029954716563,82.86929910536855,1.7376310424879193
1379,0.15069893561303616,0.9192200377583504,0.4867049865424633,83.15030799712986,1.7258049920201302
1380,0.14682498294860125,0.9477629791945219,0.49423996824771166,87.61272497940809,3.786914050579071
1381,0.36587798967957497,0.9550029644742608,0.49421004951000214,81.4522160217166,1.6961030196398497
1382,0.15143095515668392,0.9564170613884926,0.5167759954929352,83.20443006232381,1.785733038559556
1383,0.15489105135202408,0.933655072003603,0.5073930369690061,87.04132097773254,3.8021039217710495
1384,0.3742689732462168,0.9535209974274039,0.49613905139267445,84.24070093315095,1.7199169378727674
1385,0.1586690777912736,0.9377780370414257,0.5157120758667588,82.58826402015984,1.7221120651811361
1386,0.15193293802440166,0.9312611073255539,0.5066599696874619,86.59532095771283,3.6624929634854198
1387,0.3431109944358468,0.9566519875079393,0.4939099308103323,79.8811730928719,1.7285729991272092
1388,0.1433769939467311,0.9438269771635532,0.49611798021942377,81.11047802958637,1.746817957609892
1389,0.16208994202315807,0.9400969138368964,0.4857899621129036,88.39027199428529,3.784970031119883
1390,0.3613230073824525,0.9729739977046847,0.5201790481805801,81.83109597302973,1.7394110327586532
1391,0.15030894428491592,0.949608045630157,0.5096099339425564,82.11920293979347,1.7006139969453216
1392,0.14712405391037464,0.9381319396197796,0.4975080955773592,87.75069389957935,3.709863987751305
1393,0.34451892133802176,0.9532140102237463,0.5254850257188082,79.71209404058754,1.6724399756640196
1394,0.14503300189971924,0.9518599836155772,0.4881910281255841,85.33782802987844,1.7499360255897045
1395,0.14985702000558376,0.924302963539958,0.4822839982807636,87.63933391310275,3.742240951396525
1396,0.3436719998717308,0.9619039483368397,0.5229039816185832,86.37523802462965,1.7271300312131643
1397,0.1676370156928897,1.5222979709506035,0.5118170520290732,83.60945899039507,1.716118073090911
1398,0.1573469489812851,0.9236930636689067,0.48570497892796993,89.77898198645562,3.6785609554499388
1399,0.3518650773912668,0.9457649430260062,0.5055189831182361,79.02706495951861,1.845560036599636
1400,0.21577300503849983,1.0126270353794098,0.49140898045152426,81.0331020038575,1.7240219749510288
1401,0.1497400226071477,0.9768370073288679,0.5415590712800622,88.29402504488826,3.65479604806751
1402,0.34286302980035543,0.9360440308228135,0.48941001296043396,80.0332180224359,1.661636051721871
1403,0.14587200712412596,0.9664118988439441,0.4882009234279394,83.77976703923196,1.6938450280576944
1404,0.15105900820344687,0.9490150259807706,0.5214369157329202,87.5074629439041,3.5959479864686728
1405,0.3349559847265482,0.9296090574935079,0.5128460470587015,78.45764502417296,1.6823020996525884
1406,0.16259693074971437,0.964062986895442,0.48440799582749605,86.31547109689564,1.643473980948329
1407,0.1472980948165059,0.9733119513839483,0.5060649709776044,88.9698249520734,3.6094519309699535
1408,0.3465880872681737,0.9505529887974262,0.4884799709543586,78.61496496479958,1.646061078645289
1409,0.1413719728589058,0.9363859426230192,0.521106063388288,82.94523798394948,1.7273379489779472
1410,0.18866709433495998,0.991760054603219,0.506708980537951,91.54548600781709,3.5251789959147573
1411,0.34441601019352674,0.9317350341007113,0.4886200185865164,79.68807697761804,1.6047240933403373
1412,0.14286302030086517,0.9232619777321815,0.49255602061748505,81.56841294839978,1.5793910715728998
1413,0.1412790734320879,0.9362889686599374,0.5090800113976002,85.61252593062818,3.471684060059488
1414,0.3264850238338113,0.939138000831008,0.5029670428484678,78.17806792445481,1.6159149818122387
1415,0.18489907961338758,1.0003229836001992,0.5226179491728544,87.0016609551385,1.6404769849032164
1416,0.14128698967397213,0.9494679979979992,0.5070570623502135,90.85557900834829,3.4612749004736543
1417,0.3554329741746187,0.9571090340614319,0.4954610485583544,77.58364803157747,1.8749999580904841
1418,0.1428989926353097,1.0008260142058134,0.4838480381295085,80.81735798623413,1.5708321006968617
1419,0.134518020786345,0.9259110083803535,0.5051959306001663,86.26395894680172,3.4092169953510165
1420,0.32694602850824594,0.9306109277531505,0.4846380325034261,78.40663008391857,1.571404980495572
1421,0.14411495067179203,1.0186030995100737,0.4862650530412793,82.37641002051532,1.635249936953187
1422,0.14973501674830914,1.03891605976969,0.47493400052189827,87.7438229508698,3.4591450821608305
1423,0.32963696867227554,0.9529539383947849,0.48494001384824514,82.04507594928145,1.86176598072052
1424,0.14277792070060968,0.9486470371484756,0.5063680000603199,89.14796495810151,1.5984489582479
1425,0.1381520414724946,0.9288419969379902,0.5260698962956667,89.0136290108785,3.4075529547408223
1426,0.3200210630893707,0.9509579977020621,0.4974029725417495,79.27174994256347,1.711216988041997
1427,0.1422649947926402,0.9900310542434454,0.5100249545648694,80.12178703211248,1.612969907000661
1428,0.14167593326419592,0.9340269025415182,0.4907919792458415,88.01213197875768,3.516193013638258
1429,0.3441090229898691,0.9266060078516603,0.48771698493510485,78.79545504692942,1.6371519304811954
1430,0.14543591532856226,0.9530569659546018,0.48273801803588867,85.76647308655083,1.6410870011895895
1431,0.14559202827513218,0.9389329934492707,0.484214979223907,87.96820300631225,3.4732689382508397
1432,0.32497604843229055,0.9231659350916743,0.4792000399902463,78.92818097025156,1.6356619307771325
1433,0.15944801270961761,0.9835580131039023,0.4832390695810318,88.0242979619652,1.5658820047974586
1434,0.14269701205193996,1.4627659693360329,0.5046209553256631,93.47725391853601,3.4456849098205566
1435,0.3267499851062894,0.957883894443512,0.514002051204443,89.26683408208191,1.6240689437836409
1436,0.14707399532198906,0.944100902415812,0.5215330747887492,89.76803999394178,1.713422010652721
1437,0.19683106802403927,0.9716309141367674,0.5166869377717376,87.55061007104814,3.3487840555608273
1438,0.3282309044152498,0.9395340457558632,0.4922359948977828,78.4874859964475,1.6381120076403022
1439,0.14288804959505796,0.9450059151276946,0.5079569527879357,81.71604003291577,1.6460519982501864
1440,0.1824579667299986,0.958796008490026,0.49832300283014774,86.0759939532727,3.1145799439400434
1441,0.3120260080322623,0.9314370108768344,0.47225295566022396,76.61072607152164,1.4928729506209493
1442,0.1309370854869485,1.1176649713888764,0.5015330389142036,82.84966798964888,1.4931659679859877
1443,0.13732200022786856,0.9266939014196396,0.5625629564747214,89.44723603781313,3.1550980638712645
1444,0.3213279414921999,0.9148370008915663,0.5060679977759719,84.76171502843499,1.4700369210913777
1445,0.14611706137657166,0.9451040532439947,0.48038794193416834,80.80792997498065,1.501907012425363
1446,0.13351894449442625,0.9000079007819295,0.4651790950447321,86.12635394092649,3.1595149775967
1447,0.30201091431081295,0.9187980322167277,0.47761888708919287,76.902813045308,1.4997939579188824
1448,0.1343459589406848,0.930615933611989,0.5089270416647196,83.32537696696818,1.5228289412334561
1449,0.13789406511932611,0.9472899837419391,0.23658701684325933,88.43836199957877,3.1499520409852266
1450,0.30377903021872044,0.9358569514006376,0.4693360533565283,75.7441590540111,1.496451091952622
1451,0.13690697960555553,0.9454679675400257,0.5407419521361589,79.93529492523521,1.52528693433851
1452,0.134211964905262,0.9596870513632894,0.25234802160412073,89.07372900284827,3.2260550651699305
1453,0.3151530399918556,0.9270230075344443,0.4946559201925993,77.42460898589343,1.6069120028987527
1454,0.14405697584152222,0.9491519303992391,0.5021539982408285,79.34399496298283,1.5270670410245657
1455,0.18475903198122978,1.0025979718193412,0.24643796496093273,88.65561103448272,3.0179310124367476
1456,0.31146896071732044,0.9456659900024533,0.4899569321423769,78.80110992118716,1.553495996631682
1457,2.454665955156088,1.009404077194631,0.493339030072093,84.16411001235247,1.6416010912507772
1458,0.124010955914855,0.924417981877923,0.2476610243320465,87.31878106482327,2.867253962904215
1459,0.298134982585907,0.9163978975266218,0.48785493709146976,76.22132101096213,1.435993006452918
1460,0.17471099272370338,0.9885890176519752,0.504279974848032,78.53766100015491,1.2992830015718937
1461,0.12383796274662018,0.9193820878863335,0.4862779751420021,85.79215698409826,2.802594914101064
1462,0.27180404867976904,0.9153579594567418,0.5114410305395722,75.63102501444519,1.2893889797851443
1463,0.13232091441750526,0.9390469640493393,0.4670770140364766,78.95570702385157,1.3172560138627887
1464,0.1371350372210145,0.9508819784969091,0.4760769661515951,83.63717794418335,2.9734199633821845
1465,0.32905000261962414,0.9939769515767694,0.48288004472851753,79.53088008798659,1.2196899624541402
1466,0.12694590259343386,0.9053940884768963,0.4688550252467394,79.20044707134366,1.2054600520059466
1467,0.1328370999544859,0.9080809541046619,0.4744799807667732,88.12355191912502,2.5613760808482766
1468,0.2593039534986019,0.9812220232561231,0.4694809904322028,82.093570032157,1.302447053603828
1469,0.13522501103579998,0.9443929884582758,0.47353398986160755,81.5990730188787,1.218341989442706
1470,0.12050708755850792,0.9376270463690162,0.46931300312280655,85.60863602906466,2.578306943178177
1471,0.26712799444794655,0.9235530160367489,0.46870496589690447,78.86489108204842,1.2229880085214972
1472,0.11236302088946104,0.9021040750667453,0.45747205149382353,77.26963504683226,1.2689309660345316
1473,0.17209106590598822,0.9913489921018481,0.4822920309379697,85.80831997096539,2.484914963133633
1474,0.2677550073713064,0.9276870405301452,0.49706397112458944,78.0703139025718,1.1475569335743785
1475,0.11324405204504728,0.9020200232043862,0.4712690133601427,77.76748400647193,1.1429829755797982
1476,0.11288700625300407,0.9459740249440074,0.46252389438450336,84.55512300133705,2.375602023676038
1477,0.24996395222842693,0.926024978980422,0.4866259405389428,78.02404498215765,1.160674961283803
1478,0.11473800987005234,0.9019880089908838,0.452054082415998,80.53610206115991,1.1518769897520542
1479,0.1263289013877511,0.9053130634129047,0.4629160976037383,82.79737702105194,2.4956079432740808
1480,0.25282404385507107,0.9036980336531997,0.45847799628973007,80.42463299352676,1.1632120003923774
1481,0.11277897283434868,0.8987680776044726,0.45323302038013935,85.6379020260647,1.1393189197406173
1482,0.12421596329659224,0.8744710357859731,0.46562706120312214,86.21681807562709,2.4234961019828916
1483,0.2505179727450013,0.9047810453921556,0.48376910854130983,77.76112610008568,1.1607849737629294
1484,0.11010293383151293,0.8758970070630312,0.48729695845395327,78.55662202928215,1.1593959061428905
1485,0.11154194362461567,0.8820880902931094,0.46487501822412014,86.13341907039285,2.495605032891035
1486,0.27373398188501596,0.8886890718713403,0.4811779363080859,81.69049595016986,1.1943680001422763
1487,0.11274497956037521,0.8947139140218496,0.4838239401578903,77.9882789356634,1.1666500940918922
1488,0.10714901145547628,0.8994879899546504,0.4557330394163728,85.75047494377941,2.4320929078385234
1489,0.2774049062281847,0.9117959998548031,0.48422999680042267,79.74435901269317,1.1717570014297962
1490,0.11039292439818382,0.8982259314507246,0.47460501082241535,77.1661379840225,1.165210036560893
1491,0.11751707643270493,0.908202026039362,0.45641500037163496,84.68299394007772,2.5242179399356246
1492,0.32724300399422646,0.9238760685548186,0.5268390523269773,79.63072007987648,1.22196099255234
1493,0.1169049646705389,0.9188400581479073,0.5032920744270086,76.82994310744107,1.2564490316435695
1494,0.8083779830485582,0.9701780509203672,0.46018592547625303,86.6449469467625,2.3195750545710325
1495,0.24455110542476177,0.9149969555437565,0.4691299982368946,77.24768901243806,1.1262689949944615
1496,0.11406198609620333,0.8784569799900055,0.4789389204233885,77.72256596945226,1.4648940414190292
1497,0.1154440687969327,0.9016809053719044,0.4519940121099353,87.71339105442166,2.3644149769097567
1498,0.24434004444628954,0.9089879458770156,0.46288000885397196,79.71555495169014,1.126268063671887
1499,0.1078189816325903,0.8890089811757207,0.45019504614174366,79.5286379288882,1.0947809787467122
1500,0.11064799036830664,0.930576934479177,0.48089504707604647,85.8282019617036,2.3365309461951256
1501,0.2882980043068528,0.9022689191624522,0.48224302008748055,79.25780897494406,1.1242160107940435
1502,0.11470494791865349,0.8825799450278282,0.45334803871810436,77.635444002226,1.1066979495808482
1503,0.11015601921826601,0.9222739608958364,0.4572489997372031,86.26469399314374,2.306391019374132
1504,0.24288007989525795,0.8848820580169559,0.45138399582356215,79.55407199915498,1.1654379777610302
1505,0.1101240050047636,0.9249880677089095,0.4842570051550865,76.33919396903366,1.3171699829399586
1506,0.7833919953554869,0.9729029843583703,0.45568705536425114,88.48099398892373,2.095588017255068
1507,0.24108891375362873,0.9213000303134322,0.4777939757332206,78.2492799917236,1.0290349600836635
1508,0.10636402294039726,0.910287955775857,0.470875995233655,77.11372897028923,1.0041209170594811
1509,0.10087806731462479,0.9143019560724497,0.447675003670156,84.8293979652226,2.1429730113595724
1510,0.23832195438444614,0.9084289195016026,0.4824419738724828,77.86998001392931,1.0268400656059384
1511,0.10447599925100803,0.8924739668145776,0.4465789534151554,77.05985591746867,1.041098963469267
1512,0.10817800648510456,0.8941689739003778,0.44992391485720873,84.44820297881961,2.1364110289141536
1513,0.2554650418460369,0.9056939743459225,0.4566939314827323,79.52659809961915,1.0387439979240298
1514,0.0994920264929533,0.8814820321276784,0.49823406152427197,78.73855100478977,0.9960980387404561
1515,0.10207598097622395,0.9007059270516038,0.463558011688292,82.8157460782677,2.1037280093878508
1516,0.22563408128917217,0.874871970154345,0.451302039436996,77.40810397081077,1.0304040042683482
1517,0.10168005246669054,0.8913519559428096,0.4627699963748455,79.6983289765194,1.0063000954687595
1518,0.1060370123013854,0.8930759504437447,0.4755340050905943,85.89495799969882,2.116258954629302
1519,0.23301399778574705,0.9024259634315968,0.4587669391185045,78.40136392042041,1.0217720409855247
1520,0.09865895844995975,0.8818380301818252,0.4860939225181937,78.53263500146568,1.0064810048788786
1521,0.1033049775287509,0.8962890133261681,0.4647820023819804,85.67486493848264,2.075391006655991
1522,0.22897205781191587,0.8947349851951003,0.45641197357326746,82.20035000704229,1.0149639565497637
1523,0.11062598787248135,0.9494790574535728,0.4658729303628206,79.52561904676259,1.0180959943681955
1524,0.10324700269848108,0.9461570298299193,0.4673160146921873,87.51275099348277,2.1187940146774054
1525,0.31173299066722393,0.9291480528190732,0.4596979124471545,89.1616630833596,2.123194048181176
1526,0.24861202109605074,0.8966360474005342,0.4631869960576296,79.74211603868753,1.0073910234495997
1527,0.1200579572468996,0.8982840226963162,0.46821089927107096,85.91376699041575,2.140732016414404
1528,0.23303297348320484,0.9444119641557336,0.4705030005425215,75.01760497689247,2.131536020897329
1529,0.25123602245002985,0.8992190705612302,0.45534991659224033,78.8806730415672,1.009474042803049
1530,0.12304203119128942,0.9224979439750314,0.456014066003263,87.56489597726613,2.07290006801486
1531,0.25821197777986526,0.8947310270741582,0.4606490256264806,79.80295096058398,2.107021980918944
1532,0.23925700224936008,0.8881239918991923,0.447905040346086,80.01920499373227,1.0953909950330853
1533,0.10034802835434675,0.9126190561801195,0.4486760590225458,84.07165599055588,2.3113409988582134
1534,0.30282302759587765,0.7301840232685208,0.45088992919772863,70.42865001130849,1.873495988547802
1535,0.2261040499433875,0.670555979013443,0.398611999116838,70.46685402747244,0.7774300174787641
1536,0.09145599324256182,0.6870279321447015,0.396782997995615,71.02773408405483,1.783581916242838
1537,0.21279207430779934,0.6871309597045183,0.40204497054219246,68.40525602456182,1.8579569878056645
1538,0.2106109168380499,0.6807059980928898,0.4058070480823517,65.90417900588363,0.795127940364182
1539,0.08846598211675882,0.6833280203863978,0.41675695683807135,73.59854504466057,1.8226539250463247
1540,0.20631798543035984,0.6700810045003891,0.3987889504060149,63.47721896599978,1.8291838932782412
1541,0.20950997713953257,0.6760329706594348,0.4168449668213725,67.24225904326886,0.7776010315865278
1542,0.08473708294332027,0.6889479700475931,0.4584949929267168,72.68945302348584,1.821857993490994
1543,0.2079870318993926,0.6850250065326691,0.41540199890732765,64.69834595918655,1.9802880706265569
1544,0.24712004233151674,0.680156983435154,0.3991679986938834,68.1379419984296,0.7363720797002316
1545,0.08613406680524349,0.670147011987865,0.41136995423585176,70.99580101203173,1.7231799429282546
1546,0.19163789693266153,0.7151149911805987,0.3997610183432698,63.03781596943736,1.712010009214282
1547,0.202828086912632,0.6808380130678415,0.3995239967480302,70.78902097418904,0.7108889985829592
1548,0.08136697579175234,0.6815369706600904,0.412078108638525,74.26760205999017,1.7352369613945484
1549,0.21197705063968897,0.6830299971625209,0.41823997162282467,62.978447997011244,1.7029040027409792
1550,0.19489903934299946,0.6775920046493411,0.417854986153543,66.84099708218127,0.7294529350474477
1551,0.08246803190559149,0.6826799362897873,0.41240500286221504,72.15601101052016,1.6483799554407597
1552,0.20723300985991955,0.6663179956376553,0.4305819747969508,66.95508596021682,2.074542921036482
1553,0.22892397828400135,0.6844489835202694,0.39286992978304625,67.66071205493063,0.6219850620254874
1554,0.09107205551117659,0.6730329478159547,0.41585497092455626,73.04859207943082,1.4498319942504168
1555,0.18524297047406435,0.6913580000400543,0.396215938962996,63.1414579693228,1.4623330207541585
1556,0.1880759373307228,0.6760710384696722,0.3955649444833398,67.38565897103399,0.6307229632511735
1557,0.07633096538484097,0.6889950018376112,0.40161400102078915,72.1537129720673,1.6621300019323826
1558,0.22225489374250174,0.674222013913095,0.40094193536788225,65.3386659687385,1.3208650052547455
1559,0.19313092343509197,0.6854870589450002,0.3872249508276582,65.8610409591347,0.5662409821525216
1560,0.07316796109080315,0.68191799800843,0.39083592128008604,73.22842301800847,1.3059059856459498
1561,0.17253204714506865,0.6827760953456163,0.39002695120871067,63.71095706708729,1.3560670195147395
1562,0.17318595200777054,0.6701389793306589,0.4061940126121044,66.54967099893838,0.5727630341425538
1563,0.0733609776943922,0.7002010243013501,0.3860719734802842,72.29298097081482,1.304798061028123
1564,0.20066392607986927,0.7069309940561652,0.39648707024753094,66.7433129856363,1.2780990218743682
1565,0.17216301057487726,0.690220040269196,0.39844296406954527,67.05696508288383,0.6466660415753722
1566,0.10043103247880936,0.6613630102947354,0.40473195258527994,72.16592808254063,1.6280210111290216
1567,0.1714759273454547,0.6815050728619099,0.385981984436512,63.872823026031256,1.1332450667396188
1568,0.16069202683866024,0.6755549693480134,0.4126490093767643,67.02051707543433,0.4894629819318652
1569,0.06953603588044643,0.6698999786749482,0.3848240012302995,73.56777600944042,1.13145902287215
1570,0.1618419773876667,0.6536940345540643,0.4017599858343601,65.18176000099629,1.4074030332267284
1571,0.5372980376705527,0.6552629638463259,0.3834000090137124,67.95324594713748,0.5304799415171146
1572,0.06478000432252884,0.6744969869032502,0.38070499431341887,74.523538001813,0.9285429259762168
1573,0.1489140558987856,0.6662949454039335,0.3984509967267513,66.4410199970007,0.9681020164862275
1574,0.1528200227767229,0.6636970210820436,0.37986994720995426,67.70616606809199,0.5146639887243509
1575,0.06630807183682919,0.6625530077144504,0.14363904483616352,75.66633494570851,0.9295529453083873
1576,0.15337695367634296,0.6804730510339141,0.4098720382899046,63.2871181005612,1.1484540300443769
1577,0.18744298722594976,0.6633250741288066,0.40259608067572117,71.33852399419993,0.3584480145946145
1578,0.06196799222379923,0.649338006041944,0.14684803318232298,77.65518804080784,0.7088880520313978
1579,0.13559707440435886,0.6668010028079152,0.3806480672210455,63.11532901600003,0.7440811023116112
1580,0.1589029561728239,0.7279779529199004,0.3997039748355746,82.4641709914431,0.3677019849419594
1581,0.0564999645575881,0.6811600178480148,0.14285207726061344,72.43140402715653,0.7363969925791025
1582,0.1315240515395999,0.6654370808973908,0.38816698361188173,65.10587607044727,0.7023330545052886
1583,0.14117197133600712,0.6567509844899178,0.37957506719976664,67.43705493863672,0.34386105835437775
1584,0.058625941164791584,0.6414769450202584,0.14559796545654535,73.7893080804497,0.7444670191034675
1585,0.13112195301800966,0.6645619869232178,0.40576106403023005,65.048947930336,0.7003200007602572
1586,0.13701198622584343,0.6639149505645037,0.409667962230742,66.64029497187585,0.32771704718470573
1587,0.05829299334436655,0.6477589486166835,0.17190701328217983,72.6060630986467,0.7161180255934596
1588,0.13421697076410055,0.6842759903520346,0.37763500586152077,64.41496103070676,0.7128940196707845
1589,0.13470801059156656,0.6580899935215712,0.40143297519534826,67.73710995912552,0.3450610674917698
1590,0.06025400944054127,0.6691099843010306,0.15130999963730574,72.6173350121826,0.7132960017770529
1591,0.1346429344266653,0.6717710057273507,0.3970479592680931,62.875390984117985,0.7534250617027283
1592,0.14007301069796085,0.6661189254373312,0.38729002699255943,66.6211440693587,0.34101505298167467
1593,0.05772593431174755,0.6773560307919979,0.15372002962976694,74.7769990703091,0.7313990499824286
1594,0.13581197708845139,0.6978310411795974,0.42981200385838747,63.296147040091455,0.7198540261015296
1595,0.13527495320886374,0.6702679675072432,0.4059199709445238,66.93526392336935,0.3469019429758191
1596,0.05797808989882469,0.679028918966651,0.14494999777525663,73.18915496580303,0.6972410483285785
1597,0.14294194988906384,0.6965299835428596,0.38111000321805477,75.38085000123829,0.3319940296933055
1598,0.0581829808652401,0.6408389890566468,0.4055750323459506,67.58191797416657,0.3364670556038618
1599,0.05783792585134506,0.6630740826949477,0.14907994773238897,76.111193979159,0.7301090518012643
1600,0.15140301547944546,0.6541709881275892,0.37746201269328594,67.10850296076387,0.33445400185883045
1601,0.05660508759319782,0.6686500273644924,0.3777740057557821,70.02144795842469,0.33728801645338535
1602,0.05843397229909897,0.6689641159027815,0.14110293705016375,74.22591198701411,0.702595105394721
1603,0.1380379544571042,0.6573909195140004,0.3775119548663497,67.1468690270558,0.33032894134521484
1604,0.05708902608603239,0.6669369759038091,0.3959760069847107,67.30368896387517,0.3546379739418626
1605,0.05865504499524832,0.6542999763041735,0.14879601076245308,78.32732901442796,0.7569160079583526
1606,0.13853097334504128,0.6619360065087676,0.38152793422341347,65.62437792308629,0.3391420468688011
1607,0.059679034166038036,0.6574729923158884,0.40373392403125763,66.62724993657321,0.3376969834789634
1608,0.06118603050708771,0.6592649733647704,0.16222195699810982,73.18467099685222,0.6953399861231446
1609,0.13712490908801556,0.6576200248673558,0.3783059073612094,67.05778604373336,0.34227396827191114
1610,0.05790905561298132,0.6561930058524013,0.38335402496159077,65.29024802148342,0.3502740291878581
1611,0.056724995374679565,1.077977940440178,0.16602803952991962,74.89679800346494,0.710805063135922
1612,0.13768498320132494,0.6709389854222536,0.378655968233943,65.6299019465223,0.39361906237900257
1613,0.05709996912628412,0.6743579870089889,0.396743998862803,66.97044591419399,0.33231894485652447
1614,0.06933091208338737,0.6681920494884253,0.1428250689059496,73.65159201435745,0.7356249261647463
1615,0.13801292516291142,0.6645260145887733,0.4146900027990341,67.8882059874013,0.346419052220881
1616,0.05692197009921074,0.6678219651803374,0.39594608824700117,66.91487308125943,0.36140892188996077
1617,0.05774910096079111,0.6542630726471543,0.14838192146271467,75.26777300518006,0.728880986571312
1618,0.1335489796474576,0.6544779753312469,0.39412302430719137,66.37672102078795,0.6574830040335655
1619,0.058191013522446156,0.6583399372175336,0.395698007196188,65.5050310306251,0.3326700534671545
1620,0.05596305709332228,0.6517859874293208,0.14334195293486118,70.45691192615777,0.7264900486916304
1621,0.21601293701678514,0.6744390120729804,0.3776960074901581,68.53147596120834,0.33447600435465574
1622,0.05904701538383961,0.6509789964184165,0.3779809921979904,66.75828900188208,0.34567504189908504
1623,0.055706012062728405,0.6665439577773213,0.14264299534261227,72.04257603734732,0.7084549870342016
1624,0.15146599616855383,0.6746100261807442,0.3803529543802142,66.64974300656468,0.3452299861237407
1625,0.05848298314958811,0.6661859806627035,0.3843581071123481,67.19507498200983,0.34152797888964415
1626,0.058057019487023354,0.6556499283760786,0.1432189019396901,72.67558993771672,0.6954109994694591
1627,0.1388370292261243,0.6787149468436837,0.39335398469120264,66.99744192883372,0.34957192838191986
1628,0.05646201316267252,0.6507990183308721,0.38315204437822104,66.11165695358068,0.4155118949711323
1629,0.06577698513865471,0.659045996144414,0.15065900515764952,75.93338191509247,0.7244970183819532
1630,0.1349169760942459,0.6589239928871393,0.3890179796144366,67.47683300636709,0.34936703741550446
1631,0.05918706301599741,0.6608819821849465,0.39620103780180216,70.66409499384463,0.33928605262190104
1632,0.05836202763020992,0.6648569833487272,0.3815660020336509,75.33806003630161,0.6872010417282581
1633,0.13631710316985846,0.6667920388281345,0.3779990365728736,67.74586101528257,0.3476020647212863
1634,0.05737796891480684,0.6579149048775434,0.3743390552699566,67.13301606941968,0.33571000676602125
1635,0.056647928431630135,0.6891869707033038,0.37778704427182674,74.25897906068712,0.7182959234341979
1636,0.13266701716929674,0.6801469717174768,0.40613801684230566,65.89506310410798,0.5049760220572352
1637,0.05573499947786331,0.6749460007995367,0.37675502244383097,70.17635891679674,0.3841209691017866
1638,0.06047904025763273,0.6515689892694354,0.14344695955514908,75.07805910427123,0.6986879743635654
1639,0.13838405720889568,0.6704980041831732,0.3797688987106085,65.7453789608553,0.3371450584381819
1640,0.05837006028741598,0.6679079961031675,0.4219389520585537,66.7032569181174,0.32653799280524254
1641,0.05635106936097145,0.6645390531048179,0.1594959758222103,75.16821706667542,0.7206059526652098
1642,0.13672106433659792,0.647270935587585,0.37739297840744257,69.71382501069456,0.330525916069746
1643,0.05749496631324291,1.5867960173636675,0.4101580707356334,73.24827800039202,0.7045780075713992
1644,0.13768905773758888,0.6795929512009025,0.1526350388303399,73.8429989432916,0.7115319604054093
1645,0.13394607231020927,0.6687530549243093,0.37727796006947756,75.21542499307543,0.5118899280205369
1646,0.0580870546400547,0.6530899554491043,0.3817719407379627,66.53532199561596,0.7226059678941965
1647,0.15983195044100285,0.6626240210607648,0.1484589884057641,73.7268440425396,0.7209019968286157
1648,0.1351110404357314,0.6664509419351816,0.37701998371630907,66.88362499698997,0.33556006383150816
1649,0.061422004364430904,0.6727869622409344,0.39903796277940273,69.07497299835086,0.7037959294393659
1650,0.13566401321440935,0.6549010286107659,0.16862095799297094,75.95523202326149,0.7320280419662595
1651,0.134964007884264,0.6509480299428105,0.4038210026919842,65.39944105315953,0.3431979566812515
1652,0.05671102553606033,0.6681019440293312,0.3809540066868067,68.17770597990602,0.7430739933624864
1653,0.13714807573705912,0.6588080432265997,0.1451080897822976,75.80791297368705,0.7274129893630743
1654,0.1370270038023591,0.6519899470731616,0.38271304219961166,67.19799793791026,0.33314991742372513
1655,0.07186399307101965,0.6473540561273694,0.3976720618084073,67.3631310928613,0.7262229919433594
1656,0.13209600001573563,0.669587985612452,0.3767210291698575,73.11983499675989,0.7288849446922541
1657,0.14846900012344122,0.6598419276997447,0.3793260548263788,66.87433901242912,0.3532799892127514
1658,0.0580779742449522,0.6570529658347368,0.375341041944921,67.64540798030794,0.7075599860399961
1659,0.1359789166599512,0.645369989797473,0.37550495471805334,76.36172603815794,0.7237030658870935
1660,0.15296507626771927,0.6931460229679942,0.38341700565069914,66.40639703255147,0.34777901601046324
1661,0.06005598697811365,0.6917109712958336,0.40196499321609735,68.17946291994303,0.7278129924088717
1662,0.13566005509346724,0.6777719827368855,0.37989800330251455,73.56627599801868,0.7432689890265465
1663,0.15220395289361477,0.6914460100233555,0.37873792462050915,66.22212997172028,0.35563099663704634
1664,0.060079037211835384,0.6740379612892866,0.4124200204387307,69.29091806523502,0.723346951417625
1665,0.13541197404265404,0.7000139448791742,0.39923295844346285,71.66107301600277,0.73209498077631
1666,0.13595796190202236,0.6645630346611142,0.3831509966403246,67.47304205782712,0.340108061209321
1667,0.0580749474465847,0.8953181095421314,0.3966758958995342,83.01840210333467,0.771748018451035
1668,0.16794598195701838,0.7038130424916744,0.18336204811930656,71.01278402842581,0.5885460413992405
1669,0.11869391892105341,0.6783579010516405,0.39374898187816143,67.29887798428535,0.30878791585564613
1670,0.0535289291292429,0.6638399790972471,0.40979194454848766,67.46011495124549,0.5616949638351798
1671,0.11698598973453045,0.6678409408777952,0.15711493324488401,72.79971602838486,0.5392770981416106
1672,0.12906792107969522,0.6686140550300479,0.37945189978927374,67.04753905069083,0.2741200150921941
1673,0.049230060540139675,0.6606680108234286,0.3755070501938462,68.01143696065992,0.5494889337569475
1674,0.13453001156449318,0.6705779815092683,0.1481589861214161,74.99264506623149,0.5599589785560966
1675,0.12065889313817024,0.6653610616922379,0.37646200507879257,67.40077794529498,0.2778720809146762
1676,0.05087594036012888,0.6517450092360377,0.3904959885403514,67.84048094414175,0.5736390594393015
1677,0.11566898319870234,0.6542719202116132,0.15926908235996962,73.37788003496826,0.5753120640292764
1678,0.11524197179824114,0.668687978759408,0.39898091927170753,66.03941798675805,0.5838189972564578
1679,0.06825197488069534,0.6715359631925821,0.37639099173247814,67.56094901356846,0.5435330094769597
1680,0.12070906814187765,0.6409389898180962,0.14088605530560017,78.20262701716274,0.5481139523908496
1681,0.11789496056735516,0.6655659526586533,0.3737560473382473,67.66863202210516,0.28344301972538233
1682,0.05403195973485708,0.6780850235372782,0.43005403131246567,67.33031501062214,0.5579229909926653
1683,0.11982594151049852,0.6663110107183456,0.1516650663688779,73.40656593441963,0.5486690206453204
1684,0.11683895718306303,0.661577912978828,0.3751310287043452,76.1175740044564,0.2861450193449855
1685,0.05181599408388138,0.6352219497784972,0.3889049403369427,68.64695600233972,0.5735399900004268
1686,0.11729996185749769,0.6801730487495661,0.16825797501951456,72.50889693386853,0.5427009891718626
1687,0.11566898319870234,0.6624129600822926,0.37669495213776827,66.9387880479917,0.272996025159955
1688,0.05120108835399151,0.6551080150529742,0.37007906939834356,68.8347719842568,0.5978689296171069
1689,0.11502497363835573,0.6417989498004317,0.15711202286183834,72.81777204480022,0.5588099593296647
1690,0.11579797137528658,0.6766399601474404,0.37348398473113775,65.98764704540372,0.28574292082339525
1691,0.05135906394571066,0.6624620873481035,0.4054050659760833,67.0819419901818,0.5578509299084544
1692,0.11607701890170574,0.6723148981109262,0.14994502998888493,72.60276307351887,0.5437619984149933
1693,0.11851696763187647,0.6679049693048,0.37592300213873386,66.92520808428526,0.37682708352804184
1694,0.050666043534874916,0.6668689893558621,0.37606304977089167,68.18160403054208,0.5554179660975933
1695,0.11678889859467745,0.6857169792056084,0.1464890083298087,74.81036602985114,0.554249039851129
1696,0.12797699309885502,0.663083977997303,0.37616200279444456,66.03038311004639,0.26532704941928387
1697,0.049971044063568115,0.6546051008626819,0.3743240376934409,68.60255601350218,0.5671089747920632
1698,0.11502800043672323,0.6926999194547534,0.15030603390187025,72.69712095148861,0.5930829793214798
1699,0.1167739974334836,0.6683049723505974,0.37323206197470427,66.84708804823458,0.29009999707341194
1700,0.0504710478708148,0.650001922622323,0.3943759948015213,71.36803900357336,0.5361359799280763
1701,0.11769100092351437,0.6612869910895824,0.14897901564836502,75.58302604593337,0.6122640334069729
1702,0.11755106970667839,0.6615219172090292,0.40042109321802855,68.03085398860276,0.28623302932828665
1703,0.05108292680233717,0.659154960885644,0.3781659761443734,67.39513401407748,0.5552610382437706
1704,0.11835305485874414,0.6618000334128737,0.1426829257979989,74.77703597396612,0.5901419790461659
1705,0.12582901399582624,0.6671790033578873,0.40486501529812813,66.02958601433784,0.2796959597617388
1706,0.04965404514223337,0.6518230075016618,0.4001240013167262,66.89551705494523,0.58122503105551
1707,0.11484907008707523,0.6655399920418859,0.1524880062788725,78.20070709567517,0.5539479898288846
1708,0.1168509479612112,0.6718100048601627,0.37897995207458735,66.05191994458437,0.2812360180541873
1709,0.05067395977675915,0.6722229300066829,0.3829830093309283,67.51003803219646,0.5733909783884883
1710,0.11476303916424513,0.6704980041831732,0.14093995559960604,73.57429608236998,0.5491100018844008
1711,0.11510495096445084,0.6578799802809954,0.37322298157960176,71.28862291574478,0.27751107700169086
1712,0.049527036026120186,0.6501360330730677,0.39717694744467735,67.75108294095844,0.5782271036878228
1713,0.11522602289915085,0.6538040470331907,0.1720560248941183,73.2137729646638,0.5487420130521059
1714,0.11921999976038933,0.6650789873674512,0.37284905556589365,67.22473294939846,0.2847629366442561
1715,0.050767092034220695,0.6654480239376426,0.3850549692288041,72.9337849188596,0.5704470677301288
1716,0.11743593495339155,0.658454024232924,0.14174997340887785,73.97816295269877,0.5889399908483028
1717,0.11714990250766277,0.6599710322916508,0.37558493204414845,66.63052598014474,0.300940009765327
1718,0.05238305311650038,0.6697630742564797,0.3757840022444725,68.6913130339235,0.5857970099896193
1719,0.1147240400314331,0.665334053337574,0.14387397095561028,79.10321594681591,0.5526309832930565
1720,0.13363896869122982,0.6568119861185551,0.38368802051991224,67.54313502460718,0.2812290331348777
1721,0.050412025302648544,0.6485020276159048,0.4009969998151064,67.72760103922337,0.5600519943982363
1722,0.11877494398504496,0.6611320422962308,0.1388409873470664,75.0061379512772,0.5495210643857718
1723,0.1158650266006589,0.6672589806839824,0.3894729306921363,68.20746103767306,0.28752803336828947
1724,0.04988501314073801,0.6724919658154249,0.37342298310250044,68.16073996014893,0.5850109737366438
1725,0.11615094263106585,0.6423810264095664,0.16241602133959532,75.9647770319134,0.5756749305874109
1726,0.11731707490980625,0.6722729885950685,0.3806619206443429,67.074308055453,0.27200300246477127
1727,0.05192903336137533,0.6853459635749459,0.4061659565195441,68.13957309350371,0.5536009557545185
1728,0.13106607366353273,0.6959409220144153,0.15192304272204638,74.16509906761348,0.5519349360838532
1729,0.1163629349321127,0.6776159862056375,0.37640996742993593,68.84604995138943,0.2926930319517851
1730,0.05174602847546339,0.6640169303864241,0.39249996189028025,67.45247903745621,0.5687579978257418
1731,0.11555303353816271,0.6673509487882257,0.15122198965400457,75.1484059728682,0.9114770218729973
