Batch Id,mlp_up_proj,mlp_up_proj_all_gather,mlp_activation,mlp_down_proj,mlp_down_proj_all_reduce,attn_pre_proj,attn_pre_proj_all_gather,attn_post_proj,attn_post_proj_all_reduce,attn_kv_cache_save,attn,attn_prefill,attn_decode,attn_rope,attn_input_reshape,attn_output_reshape,embed_linear,embed_all_reduce,lm_head_linear,lm_head_all_gather,input_layernorm,post_attention_layernorm,norm,add,nccl_send,nccl_recv
0,2.673,,0.32,1.335,6.156000000000001,1.493,,0.493,9.092,,,0.15901785714285716,,,0.0,0.0024107142857142856,,,,,0.201,0.1965,,,,
1,2.9905,,0.3585,1.5225,4.862,1.6385,,0.5645,5.1585,,,0.2279761904761905,,,0.0,0.002833333333333333,,,,,0.22,0.2135,,,,
2,2.848,,0.34750000000000003,1.3675000000000002,6.058,1.6145,,0.4975,5.327,,,0.5805,,,0.0,0.005416666666666667,,,,,0.217,0.2095,,,,
3,2.4895,,0.295,1.189,4.3895,1.3305,,0.432,4.3055,,,2.705,,,0.0,0.034,,,,,0.1815,0.178,,,,
4,2.015,,0.249,1.125,6.8549999999999995,1.13,,0.41300000000000003,6.211,,,0.2557999999999999,,,0.0,0.0032500000000000003,,,,,0.10550000000000001,0.10750000000000001,,,,
5,2.3905000000000003,,0.2945,1.172,6.723000000000001,1.313,,0.425,4.532,,,0.7808333333333334,,,0.0,0.007,,,,,0.1775,0.174,,,,
6,1.153,,0.1405,0.584,2.5555,0.6920000000000001,,0.22,2.523,,,0.2901666666666667,,,0.0,0.0033333333333333335,,,,,0.0405,0.041,,,,
7,2.0220000000000002,,0.252,1.124,8.1175,1.1445,,0.41200000000000003,6.994,,,2.031,,,0.0,0.0235,,,,,0.1095,0.114,,,,
8,2.1795,,0.2685,1.1315,5.8389999999999995,1.2760000000000002,,0.42,3.9355,,,2.2425,,,0.0,0.027,,,,,0.1395,0.1395,,,,
9,2.3575,,0.28500000000000003,1.151,4.287,1.3115,,0.4265,4.007,,,0.33259999999999995,,,0.0,0.0033,,,,,0.1715,0.1685,,,,
10,2.9370000000000003,,0.358,1.5195,16.378500000000003,1.6255000000000002,,0.549,8.621500000000001,,,1.407333333333333,,,0.0,0.0175,,,,,0.22,0.2125,,,,
11,2.973,,0.366,1.5255,9.525,1.6405,,0.554,8.367,,,1.1321666666666665,,,0.0,0.009666666666666669,,,,,0.2255,0.2185,,,,
12,1.4625,,0.1905,0.7455,5.5365,0.835,,0.281,2.8525,,,0.2779166666666667,,,0.0,0.003,,,,,0.0535,0.053,,,,
13,2.646,,0.3155,1.331,8.599,1.4655,,0.4895,7.3685,,,1.0208333333333333,,,0.0,0.011333333333333334,,,,,0.1975,0.196,,,,
14,2.684,,0.3185,1.33,7.015000000000001,1.463,,0.4925,4.6425,,,0.20473809523809525,,,0.0,0.0028333333333333335,,,,,0.199,0.1965,,,,
15,2.015,,0.245,0.9715,3.5875000000000004,1.1325,,0.3645,3.962,,,0.4686666666666667,,,0.0,0.005166666666666667,,,,,0.096,0.0945,,,,
16,2.4604999999999997,,0.2945,1.1895,8.6885,1.3365,,0.445,7.4830000000000005,,,2.715,,,0.0,0.033,,,,,0.18,0.1775,,,,
17,2.547,,0.312,1.33,7.157500000000001,1.4605000000000001,,0.4895,4.912000000000001,,,0.5980833333333334,,,0.0,0.006666666666666666,,,,,0.195,0.1915,,,,
18,2.5465,,0.3085,1.331,4.7379999999999995,1.4569999999999999,,0.489,4.6655,,,2.9635,,,0.0,0.037000000000000005,,,,,0.193,0.189,,,,
19,0.1385,,0.002,0.066,1.582,0.075,,0.025,5.535,,,,1.4665,,0.0,0.001,,,,,0.003,0.003,,,,
20,0.1385,,0.002,0.066,3.137,0.0755,,0.025,0.235,,,,1.4615,,0.0,0.001,,,,,0.003,0.003,,,,
21,0.1385,,0.002,0.066,0.435,0.0755,,0.025,0.778,,,,1.46,,0.0,0.001,,,,,0.003,0.003,,,,
22,0.139,,0.002,0.066,4.9805,0.0755,,0.025,3.7535,,,,1.4655,,0.0,0.001,,,,,0.003,0.003,,,,
23,0.1385,,0.002,0.066,3.3985000000000003,0.0755,,0.025,0.3145,,,,1.466,,0.0,0.001,,,,,0.003,0.003,,,,
24,0.138,,0.002,0.066,0.662,0.0755,,0.025,1.7825000000000002,,,,1.4660000000000002,,0.0,0.001,,,,,0.003,0.003,,,,
25,0.1385,,0.002,0.066,4.8555,0.0755,,0.025,4.005,,,,1.4625,,0.0,0.001,,,,,0.003,0.003,,,,
26,0.138,,0.002,0.066,3.2190000000000003,0.075,,0.025,0.2485,,,,1.4655,,0.0,0.0015,,,,,0.003,0.003,,,,
27,0.139,,0.002,0.066,0.3185,0.0755,,0.025,0.6035,,,,1.4655,,0.0,0.001,,,,,0.003,0.003,,,,
28,0.1385,,0.002,0.066,4.855499999999999,0.0755,,0.025,4.434,,,,1.467,,0.0,0.001,,,,,0.003,0.003,,,,
29,0.138,,0.002,0.066,3.0715,0.0755,,0.025,0.3015,,,,1.4649999999999999,,0.0,0.001,,,,,0.003,0.003,,,,
30,0.1385,,0.002,0.066,0.4195,0.0755,,0.025,0.1625,,,,1.4645000000000001,,0.0,0.001,,,,,0.003,0.003,,,,
31,0.1385,,0.002,0.066,6.28,0.075,,0.025,4.074000000000001,,,,1.4705,,0.0,0.001,,,,,0.003,0.003,,,,
32,0.1385,,0.002,0.066,3.556,0.0755,,0.025,0.498,,,,1.4695,,0.0,0.001,,,,,0.003,0.003,,,,
33,0.138,,0.002,0.066,0.59,0.0755,,0.025,0.5375,,,,1.467,,0.0,0.001,,,,,0.003,0.003,,,,
34,0.139,,0.002,0.066,4.6875,0.076,,0.025,3.947,,,,1.468,,0.0,0.001,,,,,0.003,0.003,,,,
35,0.1385,,0.002,0.066,3.51,0.076,,0.025,0.363,,,,1.4715,,0.0,0.001,,,,,0.003,0.003,,,,
36,0.1385,,0.002,0.066,0.7030000000000001,0.075,,0.025,3.054,,,,1.4715,,0.0,0.001,,,,,0.003,0.003,,,,
37,0.1385,,0.002,0.066,4.8375,0.075,,0.025,3.9845,,,,1.4715,,0.0,0.001,,,,,0.003,0.003,,,,
38,0.138,,0.002,0.066,3.5825,0.0755,,0.025,0.267,,,,1.471,,0.0,0.001,,,,,0.003,0.003,,,,
39,0.1385,,0.002,0.066,0.648,0.0755,,0.025,1.706,,,,1.472,,0.0,0.001,,,,,0.003,0.003,,,,
40,0.1385,,0.002,0.066,4.779,0.075,,0.025,5.8275,,,,1.4735,,0.0,0.001,,,,,0.003,0.003,,,,
41,0.1385,,0.002,0.066,3.5000000000000004,0.0755,,0.025,0.5,,,,1.474,,0.0,0.001,,,,,0.003,0.003,,,,
42,0.1385,,0.002,0.066,0.2015,0.0755,,0.025,0.14150000000000001,,,,1.4775,,0.0,0.001,,,,,0.003,0.003,,,,
43,0.139,,0.002,0.066,4.8845,0.075,,0.025,3.5540000000000003,,,,1.4795,,0.0,0.001,,,,,0.003,0.003,,,,
44,0.138,,0.002,0.066,3.475,0.0755,,0.025,0.099,,,,1.4755,,0.0,0.001,,,,,0.003,0.003,,,,
45,0.139,,0.002,0.066,3.7495000000000003,0.0755,,0.025,4.0015,,,,1.475,,0.0,0.001,,,,,0.003,0.003,,,,
46,0.1385,,0.002,0.066,4.979,0.075,,0.025,4.121,,,,1.4715,,0.0,0.001,,,,,0.003,0.003,,,,
47,0.138,,0.002,0.066,3.0215,0.0755,,0.025,0.6130000000000001,,,,1.4805000000000001,,0.0,0.001,,,,,0.003,0.003,,,,
48,0.138,,0.002,0.066,0.9125,0.0755,,0.025,1.86,,,,1.484,,0.0,0.001,,,,,0.003,0.003,,,,
49,0.1385,,0.002,0.066,2.0335,0.076,,0.025,4.0695,,,,1.4035000000000002,,0.0,0.001,,,,,0.003,0.003,,,,
50,0.1385,,0.002,0.066,3.5025,0.0755,,0.025,0.3215,,,,1.4020000000000001,,0.0,0.001,,,,,0.003,0.003,,,,
51,0.139,,0.002,0.066,0.9525,0.075,,0.025,2.111,,,,1.397,,0.0,0.001,,,,,0.003,0.003,,,,
52,0.139,,0.002,0.066,4.5584999999999996,0.0755,,0.025,3.794,,,,1.4,,0.0,0.001,,,,,0.003,0.003,,,,
53,0.1385,,0.002,0.066,3.4459999999999997,0.0755,,0.025,1.313,,,,1.4015,,0.0,0.001,,,,,0.003,0.003,,,,
54,0.1395,,0.002,0.066,0.8315,0.075,,0.025,2.316,,,,1.4064999999999999,,0.0,0.001,,,,,0.003,0.003,,,,
55,0.139,,0.002,0.066,4.539,0.0755,,0.025,3.5635000000000003,,,,1.4035000000000002,,0.0,0.001,,,,,0.003,0.003,,,,
56,0.139,,0.002,0.066,2.978,0.075,,0.025,0.5665,,,,1.4025,,0.0,0.001,,,,,0.003,0.003,,,,
57,0.139,,0.002,0.066,1.0565,0.075,,0.025,1.465,,,,1.4075,,0.0,0.001,,,,,0.003,0.003,,,,
58,0.139,,0.002,0.066,4.6930000000000005,0.0755,,0.025,3.4765,,,,1.4045,,0.0,0.001,,,,,0.003,0.003,,,,
59,0.1385,,0.002,0.066,3.2315,0.075,,0.025,0.291,,,,1.4050000000000002,,0.0,0.001,,,,,0.003,0.003,,,,
60,0.1395,,0.002,0.066,1.5355,0.0755,,0.025,4.4005,,,,1.4060000000000001,,0.0,0.001,,,,,0.003,0.003,,,,
61,0.1385,,0.002,0.066,4.662,0.075,,0.025,3.3515,,,,1.4085,,0.0,0.001,,,,,0.003,0.003,,,,
62,0.1385,,0.002,0.066,3.3575,0.0755,,0.025,0.14250000000000002,,,,1.4065,,0.0,0.001,,,,,0.003,0.003,,,,
63,0.139,,0.002,0.066,3.3905000000000003,0.075,,0.025,2.322,,,,1.414,,0.0,0.001,,,,,0.003,0.003,,,,
64,2.519,,0.3115,1.3285,8.554,1.4495,,0.4905,10.1215,,,2.963,,,0.0,0.036500000000000005,,,,,0.194,0.191,,,,
65,0.138,,0.002,0.066,2.608,0.076,,0.025,0.516,,,,1.4529999999999998,,0.0,0.001,,,,,0.003,0.003,,,,
66,0.1385,,0.002,0.066,1.425,0.076,,0.025,1.5405000000000002,,,,1.455,,0.0,0.001,,,,,0.003,0.003,,,,
67,0.1385,,0.002,0.066,3.5735,0.076,,0.025,3.853,,,,1.4545,,0.0,0.001,,,,,0.003,0.003,,,,
68,0.139,,0.002,0.066,2.1505,0.0755,,0.025,0.376,,,,1.4515,,0.0,0.001,,,,,0.003,0.003,,,,
69,0.1385,,0.002,0.066,0.2975,0.075,,0.025,2.5045,,,,1.4435,,0.0,0.001,,,,,0.003,0.003,,,,
70,0.138,,0.002,0.066,0.836,0.0755,,0.025,0.199,,,,1.4435,,0.0,0.001,,,,,0.003,0.003,,,,
71,0.138,,0.002,0.066,2.1734999999999998,0.0755,,0.025,0.3705,,,,1.4485000000000001,,0.0,0.001,,,,,0.003,0.003,,,,
72,0.139,,0.002,0.066,0.424,0.0755,,0.025,1.9789999999999999,,,,1.4465,,0.0,0.001,,,,,0.003,0.003,,,,
73,0.1385,,0.002,0.066,4.706,0.0755,,0.025,1.4255,,,,1.4425,,0.0,0.001,,,,,0.003,0.003,,,,
74,0.1385,,0.002,0.066,4.2299999999999995,0.0755,,0.025,3.543,,,,1.4455,,0.0,0.001,,,,,0.003,0.003,,,,
75,0.1385,,0.002,0.066,0.45,0.075,,0.025,0.10400000000000001,,,,1.4449999999999998,,0.0,0.001,,,,,0.003,0.003,,,,
76,0.139,,0.002,0.066,0.35,0.0755,,0.025,0.6765,,,,1.4465,,0.0,0.001,,,,,0.003,0.003,,,,
77,0.138,,0.002,0.066,1.7175,0.075,,0.025,2.0375,,,,1.451,,0.0,0.001,,,,,0.003,0.003,,,,
78,0.138,,0.002,0.066,0.3315,0.075,,0.025,0.184,,,,1.4500000000000002,,0.0,0.001,,,,,0.003,0.003,,,,
79,0.1385,,0.002,0.066,4.6545,0.0755,,0.025,3.2345,,,,1.4475,,0.0,0.001,,,,,0.003,0.003,,,,
80,0.1385,,0.002,0.066,1.7805,0.0755,,0.025,0.4945,,,,1.4505,,0.0,0.001,,,,,0.003,0.003,,,,
81,0.1385,,0.002,0.066,0.7965000000000001,0.0755,,0.025,0.34149999999999997,,,,1.4525000000000001,,0.0,0.001,,,,,0.003,0.003,,,,
82,0.138,,0.002,0.066,4.5415,0.075,,0.025,0.9745,,,,1.4515,,0.0,0.001,,,,,0.003,0.003,,,,
83,1.2825,,0.162,0.741,4.093500000000001,0.706,,0.275,2.5789999999999997,,,0.18333333333333335,,,0.0,0.002666666666666667,,,,,0.0445,0.045,,,,
84,0.1385,,0.002,0.066,0.467,0.0755,,0.025,0.48550000000000004,,,,1.4525000000000001,,0.0,0.001,,,,,0.003,0.003,,,,
85,0.139,,0.002,0.066,2.1225,0.075,,0.025,4.586,,,,1.4525000000000001,,0.0,0.001,,,,,0.003,0.003,,,,
86,0.1385,,0.002,0.066,3.546,0.0755,,0.025,0.511,,,,1.4505,,0.0,0.001,,,,,0.003,0.003,,,,
87,0.1385,,0.002,0.066,0.5605,0.0755,,0.025,0.20950000000000002,,,,1.4545,,0.0,0.001,,,,,0.003,0.003,,,,
88,0.138,,0.002,0.066,4.7745,0.0755,,0.025,3.9565,,,,1.4565000000000001,,0.0,0.001,,,,,0.003,0.003,,,,
89,0.138,,0.002,0.066,4.5865,0.076,,0.025,0.161,,,,1.4555,,0.0,0.001,,,,,0.003,0.003,,,,
90,0.139,,0.002,0.066,4.147,0.075,,0.025,2.813,,,,1.458,,0.0,0.001,,,,,0.003,0.003,,,,
91,0.139,,0.002,0.066,5.055,0.0755,,0.025,4.3745,,,,1.46,,0.0,0.001,,,,,0.003,0.003,,,,
92,0.139,,0.002,0.066,4.4515,0.0755,,0.025,1.0315,,,,1.4609999999999999,,0.0,0.001,,,,,0.003,0.003,,,,
93,0.1385,,0.002,0.066,0.39949999999999997,0.075,,0.025,0.6055,,,,1.4575,,0.0,0.001,,,,,0.003,0.003,,,,
94,0.1395,,0.002,0.066,4.783,0.0755,,0.025,3.5345,,,,1.4555,,0.0,0.001,,,,,0.003,0.003,,,,
95,0.1385,,0.002,0.066,4.6005,0.0755,,0.025,0.1785,,,,1.4545,,0.0,0.001,,,,,0.003,0.003,,,,
96,0.138,,0.002,0.066,0.7225,0.0755,,0.025,0.387,,,,1.4529999999999998,,0.0,0.001,,,,,0.003,0.003,,,,
97,0.1385,,0.002,0.066,4.862,0.0755,,0.025,3.7055000000000002,,,,1.455,,0.0,0.001,,,,,0.003,0.003,,,,
98,0.1385,,0.002,0.066,4.5525,0.075,,0.025,0.45,,,,1.4555,,0.0,0.001,,,,,0.003,0.003,,,,
99,0.1385,,0.002,0.066,0.7015,0.0755,,0.025,0.4865,,,,1.4525000000000001,,0.0,0.001,,,,,0.003,0.003,,,,
100,0.139,,0.0025,0.066,4.857,0.075,,0.025,3.504,,,,1.4555,,0.0,0.001,,,,,0.003,0.003,,,,
101,0.138,,0.002,0.066,3.9205,0.0755,,0.025,0.616,,,,1.4569999999999999,,0.0,0.001,,,,,0.003,0.003,,,,
102,0.138,,0.002,0.066,3.3625000000000003,0.0755,,0.025,0.2405,,,,1.459,,0.0,0.0015,,,,,0.003,0.003,,,,
103,0.139,,0.002,0.066,4.6955,0.075,,0.025,3.6905,,,,1.4545,,0.0,0.001,,,,,0.003,0.003,,,,
104,0.1385,,0.002,0.066,5.0115,0.0755,,0.025,0.34149999999999997,,,,1.459,,0.0,0.001,,,,,0.003,0.003,,,,
105,0.138,,0.002,0.066,1.0750000000000002,0.075,,0.025,0.3675,,,,1.4555,,0.0,0.001,,,,,0.003,0.003,,,,
106,0.1385,,0.002,0.066,4.876,0.0755,,0.025,3.6005000000000003,,,,1.4575,,0.0,0.001,,,,,0.003,0.003,,,,
107,0.138,,0.002,0.066,4.4705,0.075,,0.025,0.6415,,,,1.4605000000000001,,0.0,0.001,,,,,0.003,0.003,,,,
108,0.138,,0.002,0.0665,1.5374999999999999,0.0755,,0.025,2.2319999999999998,,,,1.4615,,0.0,0.001,,,,,0.003,0.003,,,,
109,0.1385,,0.002,0.066,4.504499999999999,0.0755,,0.025,3.2525,,,,1.4625,,0.0,0.001,,,,,0.003,0.003,,,,
110,0.1385,,0.0025,0.066,2.9365,0.076,,0.025,0.23299999999999998,,,,1.4585,,0.0,0.001,,,,,0.003,0.003,,,,
111,0.1385,,0.002,0.066,1.032,0.075,,0.025,0.1325,,,,1.4595,,0.0,0.001,,,,,0.003,0.003,,,,
112,0.139,,0.002,0.066,4.6785000000000005,0.075,,0.025,2.8475,,,,1.462,,0.0,0.001,,,,,0.003,0.003,,,,
113,0.1395,,0.002,0.066,3.367,0.0755,,0.025,0.481,,,,1.461,,0.0,0.001,,,,,0.003,0.003,,,,
114,0.139,,0.002,0.066,0.8595,0.0755,,0.025,0.8085,,,,1.4620000000000002,,0.0,0.001,,,,,0.003,0.003,,,,
115,0.1395,,0.002,0.066,4.8265,0.075,,0.025,3.521,,,,1.4615,,0.0,0.001,,,,,0.003,0.003,,,,
116,0.1385,,0.002,0.066,3.8465000000000003,0.075,,0.025,0.949,,,,1.4645000000000001,,0.0,0.001,,,,,0.003,0.003,,,,
117,0.1385,,0.002,0.066,1.047,0.075,,0.025,0.40449999999999997,,,,1.4649999999999999,,0.0,0.001,,,,,0.003,0.003,,,,
118,0.1385,,0.002,0.066,4.3385,0.075,,0.025,3.746,,,,1.4655,,0.0,0.001,,,,,0.003,0.003,,,,
119,0.139,,0.002,0.066,4.2745,0.0755,,0.025,0.8540000000000001,,,,1.4675,,0.0,0.001,,,,,0.003,0.003,,,,
120,0.139,,0.002,0.066,0.7185,0.075,,0.025,2.0965000000000003,,,,1.4685000000000001,,0.0,0.001,,,,,0.003,0.003,,,,
121,0.1395,,0.002,0.066,4.6985,0.0755,,0.025,3.6085000000000003,,,,1.463,,0.0,0.001,,,,,0.003,0.003,,,,
122,0.139,,0.002,0.066,4.101999999999999,0.075,,0.025,0.8105000000000001,,,,1.4705,,0.0,0.001,,,,,0.003,0.003,,,,
123,0.1385,,0.002,0.066,0.8075000000000001,0.075,,0.025,1.3545,,,,1.4700000000000002,,0.0,0.001,,,,,0.003,0.003,,,,
124,0.139,,0.002,0.066,4.6705000000000005,0.075,,0.025,3.1365,,,,1.467,,0.0,0.001,,,,,0.003,0.003,,,,
125,0.1385,,0.002,0.066,4.314500000000001,0.075,,0.025,0.2615,,,,1.4689999999999999,,0.0,0.001,,,,,0.003,0.003,,,,
126,0.1385,,0.002,0.066,1.0795,0.076,,0.025,2.77,,,,1.4700000000000002,,0.0,0.001,,,,,0.003,0.003,,,,
127,0.138,,0.002,0.066,4.763,0.0755,,0.025,2.588,,,,1.4645000000000001,,0.0,0.001,,,,,0.003,0.003,,,,
128,0.1385,,0.002,0.066,4.2925,0.0755,,0.025,0.535,,,,1.4609999999999999,,0.0,0.001,,,,,0.003,0.003,,,,
129,0.1385,,0.002,0.066,1.0615,0.076,,0.025,0.2485,,,,1.46,,0.0,0.001,,,,,0.003,0.003,,,,
130,0.139,,0.002,0.066,4.7545,0.0755,,0.025,3.0685,,,,1.459,,0.0,0.001,,,,,0.003,0.003,,,,
131,0.1385,,0.002,0.066,4.251,0.075,,0.025,0.33999999999999997,,,,1.4625,,0.0,0.001,,,,,0.003,0.003,,,,
132,0.1385,,0.002,0.066,0.8185,0.0755,,0.025,0.547,,,,1.4620000000000002,,0.0,0.001,,,,,0.003,0.003,,,,
133,0.139,,0.002,0.066,4.6850000000000005,0.0755,,0.025,3.3865000000000003,,,,1.4655,,0.0,0.001,,,,,0.003,0.003,,,,
134,0.1385,,0.002,0.066,4.3265,0.075,,0.025,0.246,,,,1.4635,,0.0,0.001,,,,,0.003,0.003,,,,
135,0.1385,,0.002,0.066,0.7605000000000001,0.076,,0.025,0.927,,,,1.4555,,0.0,0.001,,,,,0.003,0.003,,,,
136,0.139,,0.002,0.066,4.755,0.0755,,0.025,2.931,,,,1.4489999999999998,,0.0,0.001,,,,,0.003,0.003,,,,
137,0.139,,0.002,0.066,4.3420000000000005,0.076,,0.025,1.2045000000000001,,,,1.4525000000000001,,0.0,0.001,,,,,0.003,0.003,,,,
138,0.139,,0.002,0.066,0.87,0.075,,0.025,0.457,,,,1.456,,0.0,0.001,,,,,0.003,0.003,,,,
139,0.138,,0.002,0.066,4.702500000000001,0.076,,0.025,2.9745000000000004,,,,1.4545,,0.0,0.001,,,,,0.003,0.003,,,,
140,0.1385,,0.002,0.066,4.1855,0.0755,,0.025,0.375,,,,1.452,,0.0,0.001,,,,,0.003,0.003,,,,
141,0.139,,0.002,0.066,1.0355,0.076,,0.025,0.266,,,,1.455,,0.0,0.001,,,,,0.003,0.003,,,,
142,0.139,,0.002,0.066,4.745500000000001,0.0755,,0.025,3.572,,,,1.455,,0.0,0.001,,,,,0.003,0.003,,,,
143,0.1385,,0.002,0.066,4.225499999999999,0.0755,,0.025,0.22999999999999998,,,,1.457,,0.0,0.001,,,,,0.003,0.003,,,,
144,0.1385,,0.002,0.066,0.7865,0.075,,0.025,0.9845,,,,1.46,,0.0,0.001,,,,,0.003,0.003,,,,
145,0.1385,,0.002,0.066,4.803,0.0755,,0.025,2.9245,,,,1.4595,,0.0,0.001,,,,,0.003,0.003,,,,
146,0.139,,0.002,0.066,4.210500000000001,0.075,,0.025,1.1445,,,,1.4555,,0.0,0.001,,,,,0.003,0.003,,,,
147,0.1385,,0.002,0.066,0.913,0.0755,,0.025,0.474,,,,1.459,,0.0,0.001,,,,,0.003,0.003,,,,
148,0.139,,0.002,0.066,4.7025,0.0755,,0.025,2.6370000000000005,,,,1.4565000000000001,,0.0,0.001,,,,,0.003,0.003,,,,
149,0.1385,,0.002,0.066,4.114,0.076,,0.025,0.927,,,,1.4605000000000001,,0.0,0.001,,,,,0.003,0.003,,,,
150,0.1385,,0.002,0.066,0.836,0.075,,0.025,0.39849999999999997,,,,1.4585,,0.0,0.001,,,,,0.003,0.003,,,,
151,0.1385,,0.002,0.066,4.683,0.0755,,0.025,3.2030000000000003,,,,1.457,,0.0,0.001,,,,,0.003,0.003,,,,
152,0.1385,,0.002,0.066,4.382499999999999,0.075,,0.025,0.1085,,,,1.4625,,0.0,0.001,,,,,0.003,0.003,,,,
153,0.1385,,0.002,0.066,0.9075,0.075,,0.025,0.6180000000000001,,,,1.4620000000000002,,0.0,0.001,,,,,0.003,0.003,,,,
154,0.1385,,0.002,0.066,4.661,0.0755,,0.025,3.5730000000000004,,,,1.4665,,0.0,0.001,,,,,0.003,0.003,,,,
155,0.139,,0.002,0.066,4.3035000000000005,0.076,,0.025,0.17099999999999999,,,,1.4649999999999999,,0.0,0.001,,,,,0.003,0.003,,,,
156,0.138,,0.002,0.066,0.8290000000000001,0.075,,0.025,0.7105,,,,1.459,,0.0,0.001,,,,,0.003,0.003,,,,
157,0.1385,,0.002,0.066,4.7305,0.0755,,0.025,3.2980000000000005,,,,1.455,,0.0,0.001,,,,,0.003,0.003,,,,
158,0.139,,0.002,0.066,4.3215,0.075,,0.025,0.8365,,,,1.451,,0.0,0.001,,,,,0.003,0.003,,,,
159,0.1395,,0.002,0.066,0.7315,0.075,,0.025,0.2465,,,,1.45,,0.0,0.001,,,,,0.003,0.003,,,,
160,0.139,,0.002,0.066,4.6785,0.0755,,0.025,3.0965,,,,1.4545,,0.0,0.001,,,,,0.003,0.003,,,,
161,0.139,,0.002,0.066,4.2295,0.076,,0.025,0.305,,,,1.4500000000000002,,0.0,0.001,,,,,0.003,0.003,,,,
162,0.138,,0.002,0.066,0.9725,0.0755,,0.025,0.411,,,,1.455,,0.0,0.001,,,,,0.003,0.003,,,,
163,0.139,,0.002,0.066,4.680499999999999,0.076,,0.025,3.3545,,,,1.4575,,0.0,0.001,,,,,0.003,0.003,,,,
164,0.139,,0.002,0.066,4.2895,0.0755,,0.025,1.2385000000000002,,,,1.456,,0.0,0.001,,,,,0.003,0.003,,,,
165,0.139,,0.002,0.066,0.748,0.0755,,0.025,0.26,,,,1.457,,0.0,0.001,,,,,0.003,0.003,,,,
166,0.139,,0.002,0.066,4.6475,0.075,,0.025,3.734,,,,1.4535,,0.0,0.001,,,,,0.003,0.003,,,,
167,0.139,,0.002,0.066,4.412,0.0755,,0.025,0.9405,,,,1.459,,0.0,0.001,,,,,0.003,0.003,,,,
168,0.1385,,0.002,0.066,0.9245000000000001,0.076,,0.025,1.2245,,,,1.46,,0.0,0.001,,,,,0.003,0.003,,,,
169,0.139,,0.002,0.066,4.6370000000000005,0.0755,,0.025,3.258,,,,1.4635,,0.0,0.001,,,,,0.003,0.003,,,,
170,0.1385,,0.002,0.066,4.3790000000000004,0.075,,0.025,0.28150000000000003,,,,1.46,,0.0,0.001,,,,,0.003,0.003,,,,
171,0.1385,,0.002,0.066,0.902,0.075,,0.025,0.8335,,,,1.4605000000000001,,0.0,0.001,,,,,0.003,0.003,,,,
172,0.139,,0.002,0.066,4.612,0.075,,0.025,0.7955,,,,1.464,,0.0,0.001,,,,,0.003,0.003,,,,
173,0.139,,0.002,0.066,4.1555,0.075,,0.025,0.33,,,,1.462,,0.0,0.001,,,,,0.003,0.003,,,,
174,0.139,,0.002,0.066,0.49,0.075,,0.025,0.1695,,,,1.464,,0.0,0.001,,,,,0.003,0.003,,,,
175,0.1385,,0.002,0.066,4.6274999999999995,0.075,,0.025,3.0845000000000002,,,,1.4615,,0.0,0.001,,,,,0.003,0.003,,,,
176,0.1385,,0.002,0.066,4.268,0.075,,0.025,1.1335,,,,1.4575,,0.0,0.001,,,,,0.003,0.003,,,,
177,0.139,,0.002,0.066,0.6435000000000001,0.076,,0.025,0.15000000000000002,,,,1.4575,,0.0,0.001,,,,,0.003,0.003,,,,
178,0.139,,0.002,0.066,4.633,0.0755,,0.025,3.0095,,,,1.4655,,0.0,0.001,,,,,0.003,0.003,,,,
179,0.1385,,0.002,0.066,4.277,0.0755,,0.025,0.8475,,,,1.4645000000000001,,0.0,0.001,,,,,0.003,0.003,,,,
180,0.1385,,0.002,0.066,1.0725,0.0755,,0.025,0.1255,,,,1.469,,0.0,0.001,,,,,0.003,0.003,,,,
181,0.1385,,0.002,0.066,6.61,0.075,,0.025,1.2935,,,,1.4649999999999999,,0.0,0.001,,,,,0.003,0.003,,,,
182,0.139,,0.002,0.066,4.329000000000001,0.075,,0.025,0.552,,,,1.467,,0.0,0.001,,,,,0.003,0.003,,,,
183,0.139,,0.002,0.066,0.9915,0.075,,0.025,0.247,,,,1.4649999999999999,,0.0,0.001,,,,,0.003,0.003,,,,
184,0.139,,0.002,0.066,4.833,0.075,,0.025,2.9405,,,,1.4705,,0.0,0.001,,,,,0.003,0.003,,,,
185,0.875,,0.093,0.5385,6.1695,0.5585,,0.21050000000000002,5.73,,,0.10466666666666667,,,0.0,0.002,,,,,0.031,0.03,,,,
186,0.1385,,0.002,0.066,0.47550000000000003,0.075,,0.025,1.056,,,,1.461,,0.0,0.001,,,,,0.003,0.003,,,,
187,0.1385,,0.002,0.066,4.0874999999999995,0.076,,0.025,0.458,,,,1.4625,,0.0,0.001,,,,,0.003,0.003,,,,
188,0.138,,0.002,0.066,4.2065,0.0755,,0.025,0.3795,,,,1.4655,,0.0,0.001,,,,,0.003,0.003,,,,
189,0.139,,0.002,0.066,1.2340000000000002,0.075,,0.025,0.196,,,,1.4605000000000001,,0.0,0.001,,,,,0.003,0.003,,,,
190,0.1385,,0.002,0.066,4.6685,0.076,,0.025,3.576,,,,1.4625,,0.0,0.001,,,,,0.003,0.003,,,,
191,0.1385,,0.002,0.066,4.362,0.0755,,0.025,0.7715,,,,1.467,,0.0,0.001,,,,,0.003,0.003,,,,
192,0.1385,,0.002,0.066,0.9695,0.076,,0.025,0.5745,,,,1.4660000000000002,,0.0,0.001,,,,,0.003,0.003,,,,
193,0.138,,0.002,0.066,4.6065000000000005,0.0755,,0.025,2.8930000000000002,,,,1.4689999999999999,,0.0,0.001,,,,,0.003,0.003,,,,
194,0.1385,,0.002,0.066,4.263,0.075,,0.025,1.701,,,,1.467,,0.0,0.001,,,,,0.003,0.003,,,,
195,0.1385,,0.002,0.066,0.9410000000000001,0.075,,0.025,0.53,,,,1.4685000000000001,,0.0,0.001,,,,,0.003,0.003,,,,
196,0.138,,0.002,0.066,4.647,0.0755,,0.025,4.206,,,,1.4685000000000001,,0.0,0.001,,,,,0.003,0.003,,,,
197,0.139,,0.002,0.066,6.2090000000000005,0.0755,,0.025,1.7495,,,,1.471,,0.0,0.001,,,,,0.003,0.003,,,,
198,0.1385,,0.002,0.066,1.1620000000000001,0.075,,0.025,0.386,,,,1.4660000000000002,,0.0,0.001,,,,,0.003,0.003,,,,
199,0.138,,0.002,0.066,4.609500000000001,0.075,,0.025,3.274,,,,1.469,,0.0,0.001,,,,,0.003,0.003,,,,
200,0.1385,,0.002,0.066,6.1674999999999995,0.075,,0.025,1.1515,,,,1.4705,,0.0,0.001,,,,,0.003,0.003,,,,
201,0.1385,,0.002,0.066,1.045,0.076,,0.025,0.384,,,,1.4695,,0.0,0.001,,,,,0.003,0.003,,,,
202,0.1385,,0.002,0.066,4.835,0.075,,0.025,3.6470000000000002,,,,1.4685000000000001,,0.0,0.001,,,,,0.003,0.003,,,,
203,0.139,,0.002,0.066,4.571,0.0755,,0.025,1.4529999999999998,,,,1.471,,0.0,0.001,,,,,0.003,0.003,,,,
204,0.138,,0.002,0.066,0.9530000000000001,0.0755,,0.025,0.434,,,,1.4755,,0.0,0.001,,,,,0.003,0.003,,,,
205,0.139,,0.002,0.066,4.596,0.075,,0.025,4.109999999999999,,,,1.4695,,0.0,0.001,,,,,0.003,0.003,,,,
206,0.1385,,0.0025,0.066,3.936,0.076,,0.025,0.414,,,,1.474,,0.0,0.001,,,,,0.003,0.003,,,,
207,0.138,,0.002,0.066,0.5960000000000001,0.075,,0.025,0.791,,,,1.4729999999999999,,0.0,0.001,,,,,0.003,0.003,,,,
208,0.139,,0.002,0.066,4.546,0.0755,,0.025,3.487,,,,1.472,,0.0,0.001,,,,,0.003,0.003,,,,
209,0.139,,0.002,0.066,3.9354999999999998,0.075,,0.025,1.1735,,,,1.475,,0.0,0.001,,,,,0.003,0.003,,,,
210,0.1385,,0.002,0.066,2.9545000000000003,0.0755,,0.025,0.362,,,,1.4745,,0.0,0.001,,,,,0.003,0.003,,,,
211,0.139,,0.002,0.066,4.6745,0.075,,0.025,3.524,,,,1.4725000000000001,,0.0,0.001,,,,,0.003,0.003,,,,
212,0.1385,,0.002,0.066,4.2775,0.075,,0.025,1.017,,,,1.473,,0.0,0.001,,,,,0.003,0.003,,,,
213,0.1385,,0.002,0.066,3.044,0.075,,0.025,0.6835,,,,1.4780000000000002,,0.0,0.001,,,,,0.003,0.003,,,,
214,0.138,,0.002,0.066,4.6585,0.076,,0.025,3.294,,,,1.4780000000000002,,0.0,0.001,,,,,0.003,0.003,,,,
215,0.1385,,0.002,0.066,3.9595,0.075,,0.025,0.6735000000000001,,,,1.4595,,0.0,0.001,,,,,0.003,0.003,,,,
216,0.1385,,0.002,0.066,0.9715,0.0755,,0.025,0.786,,,,1.462,,0.0,0.001,,,,,0.003,0.003,,,,
217,0.138,,0.002,0.066,4.4885,0.076,,0.025,3.928,,,,1.4620000000000002,,0.0,0.001,,,,,0.003,0.003,,,,
218,0.1395,,0.002,0.066,3.66,0.075,,0.025,0.913,,,,1.463,,0.0,0.001,,,,,0.003,0.003,,,,
219,0.139,,0.002,0.066,2.8265000000000002,0.0755,,0.025,2.2520000000000002,,,,1.4625,,0.0,0.001,,,,,0.003,0.003,,,,
220,0.138,,0.002,0.066,4.5969999999999995,0.076,,0.025,3.7030000000000003,,,,1.4645000000000001,,0.0,0.001,,,,,0.003,0.003,,,,
221,0.138,,0.002,0.066,4.2235000000000005,0.075,,0.025,0.75,,,,1.467,,0.0,0.001,,,,,0.003,0.003,,,,
222,0.1385,,0.002,0.066,2.609,0.075,,0.025,2.5445,,,,1.463,,0.0,0.001,,,,,0.003,0.003,,,,
223,0.138,,0.002,0.066,2.174,0.075,,0.025,0.3825,,,,1.4675,,0.0,0.001,,,,,0.003,0.003,,,,
224,0.139,,0.002,0.066,4.3815,0.075,,0.025,0.8510000000000001,,,,1.462,,0.0,0.001,,,,,0.003,0.003,,,,
225,0.1385,,0.002,0.066,2.6815,0.075,,0.025,1.818,,,,1.4609999999999999,,0.0,0.001,,,,,0.003,0.003,,,,
226,0.138,,0.002,0.066,4.311,0.0755,,0.025,3.6075000000000004,,,,1.4515,,0.0,0.001,,,,,0.003,0.003,,,,
227,0.1385,,0.002,0.066,4.3365,0.075,,0.025,0.7480000000000001,,,,1.453,,0.0,0.001,,,,,0.003,0.003,,,,
228,0.138,,0.002,0.066,0.7055,0.0755,,0.025,1.2695,,,,1.4475,,0.0,0.001,,,,,0.003,0.003,,,,
229,0.1385,,0.002,0.066,4.1245,0.0755,,0.025,5.6025,,,,1.455,,0.0,0.001,,,,,0.003,0.003,,,,
230,0.1385,,0.0025,0.066,4.4079999999999995,0.0755,,0.025,0.4385,,,,1.4515,,0.0,0.001,,,,,0.003,0.003,,,,
231,0.139,,0.002,0.066,0.8045,0.0755,,0.025,0.523,,,,1.4580000000000002,,0.0,0.001,,,,,0.003,0.003,,,,
232,0.138,,0.002,0.066,4.2675,0.0755,,0.025,3.3275,,,,1.4545,,0.0,0.001,,,,,0.003,0.003,,,,
233,0.1385,,0.002,0.066,4.382499999999999,0.075,,0.025,0.2865,,,,1.4540000000000002,,0.0,0.001,,,,,0.003,0.003,,,,
234,0.138,,0.002,0.066,0.512,0.0755,,0.025,0.2345,,,,1.4515,,0.0,0.001,,,,,0.003,0.003,,,,
235,0.1395,,0.002,0.066,4.349,0.075,,0.025,2.9985,,,,1.4525000000000001,,0.0,0.001,,,,,0.003,0.003,,,,
236,0.138,,0.002,0.066,4.234,0.076,,0.025,0.525,,,,1.4585,,0.0,0.001,,,,,0.003,0.003,,,,
237,0.139,,0.002,0.066,0.78,0.0755,,0.025,0.5465,,,,1.4545,,0.0,0.001,,,,,0.003,0.003,,,,
238,0.1385,,0.0025,0.066,2.879,0.0755,,0.025,3.359,,,,1.4565000000000001,,0.0,0.001,,,,,0.003,0.003,,,,
239,0.1385,,0.002,0.066,4.537999999999999,0.0755,,0.025,0.226,,,,1.4529999999999998,,0.0,0.001,,,,,0.003,0.003,,,,
240,0.1385,,0.002,0.066,1.1444999999999999,0.0755,,0.025,0.5750000000000001,,,,1.4609999999999999,,0.0,0.001,,,,,0.003,0.003,,,,
241,0.1385,,0.002,0.066,3.956,0.076,,0.025,3.319,,,,1.4620000000000002,,0.0,0.001,,,,,0.003,0.003,,,,
242,0.138,,0.002,0.066,6.100499999999999,0.0755,,0.025,2.6315000000000004,,,,1.4595,,0.0,0.001,,,,,0.003,0.003,,,,
243,0.138,,0.002,0.066,1.1995,0.0755,,0.025,0.303,,,,1.4565000000000001,,0.0,0.001,,,,,0.003,0.003,,,,
244,0.138,,0.002,0.066,4.4025,0.075,,0.025,3.4770000000000003,,,,1.4595,,0.0,0.001,,,,,0.003,0.003,,,,
245,0.1395,,0.002,0.066,4.649,0.0755,,0.025,0.634,,,,1.463,,0.0,0.001,,,,,0.003,0.003,,,,
246,0.139,,0.002,0.066,0.8175,0.0755,,0.025,0.3645,,,,1.4605000000000001,,0.0,0.001,,,,,0.003,0.003,,,,
247,0.1395,,0.002,0.066,4.3629999999999995,0.0755,,0.025,2.8865,,,,1.4605000000000001,,0.0,0.001,,,,,0.003,0.003,,,,
248,0.138,,0.002,0.066,4.057,0.075,,0.025,0.503,,,,1.464,,0.0,0.001,,,,,0.003,0.003,,,,
249,0.1385,,0.002,0.066,0.8500000000000001,0.075,,0.025,0.6695,,,,1.4620000000000002,,0.0,0.001,,,,,0.003,0.003,,,,
250,0.1385,,0.002,0.066,4.2245,0.0755,,0.025,2.9145000000000003,,,,1.4649999999999999,,0.0,0.001,,,,,0.003,0.003,,,,
251,0.1385,,0.002,0.0665,4.3905,0.075,,0.025,0.564,,,,1.465,,0.0,0.001,,,,,0.003,0.003,,,,
252,0.139,,0.002,0.066,3.417,0.0755,,0.025,2.57,,,,1.46,,0.0,0.001,,,,,0.003,0.003,,,,
253,0.1385,,0.002,0.066,4.394,0.0755,,0.025,2.4835000000000003,,,,1.4700000000000002,,0.0,0.001,,,,,0.003,0.003,,,,
254,0.1385,,0.002,0.066,4.471,0.0755,,0.025,0.7695,,,,1.4615,,0.0,0.001,,,,,0.003,0.003,,,,
255,0.138,,0.002,0.066,2.6785,0.0755,,0.025,2.6295,,,,1.4649999999999999,,0.0,0.001,,,,,0.003,0.003,,,,
256,0.1385,,0.002,0.066,4.439500000000001,0.0755,,0.025,3.0655,,,,1.467,,0.0,0.001,,,,,0.003,0.003,,,,
257,0.1385,,0.002,0.066,4.395,0.075,,0.025,0.531,,,,1.4635,,0.0,0.001,,,,,0.003,0.003,,,,
258,0.139,,0.002,0.066,1.0495,0.0755,,0.025,0.2855,,,,1.468,,0.0,0.001,,,,,0.003,0.003,,,,
259,0.138,,0.002,0.066,4.2755,0.0755,,0.025,5.1325,,,,1.468,,0.0,0.001,,,,,0.003,0.003,,,,
260,0.1385,,0.002,0.066,4.353,0.076,,0.025,0.108,,,,1.467,,0.0,0.001,,,,,0.003,0.003,,,,
261,0.1385,,0.002,0.066,0.8045000000000001,0.0755,,0.025,0.6795000000000001,,,,1.4689999999999999,,0.0,0.001,,,,,0.003,0.003,,,,
262,0.1385,,0.002,0.066,4.375,0.075,,0.025,3.291,,,,1.467,,0.0,0.001,,,,,0.003,0.003,,,,
263,0.138,,0.002,0.066,4.141500000000001,0.0755,,0.025,0.733,,,,1.4725000000000001,,0.0,0.001,,,,,0.003,0.003,,,,
264,0.139,,0.002,0.066,1.083,0.0755,,0.025,0.1605,,,,1.4725000000000001,,0.0,0.001,,,,,0.003,0.003,,,,
265,0.1385,,0.002,0.066,4.209499999999999,0.0755,,0.025,1.2665,,,,1.4685000000000001,,0.0,0.001,,,,,0.003,0.003,,,,
266,0.138,,0.002,0.066,4.258,0.075,,0.025,0.9690000000000001,,,,1.472,,0.0,0.001,,,,,0.003,0.003,,,,
267,0.1385,,0.002,0.066,0.7190000000000001,0.075,,0.025,0.16499999999999998,,,,1.4740000000000002,,0.0,0.001,,,,,0.003,0.003,,,,
268,0.139,,0.002,0.066,4.316,0.0755,,0.025,2.637,,,,1.476,,0.0,0.001,,,,,0.003,0.003,,,,
269,0.1385,,0.002,0.066,4.314,0.075,,0.025,1.553,,,,1.474,,0.0,0.001,,,,,0.003,0.003,,,,
270,0.139,,0.002,0.066,0.9420000000000001,0.075,,0.025,0.3045,,,,1.4795,,0.0,0.001,,,,,0.003,0.003,,,,
271,0.139,,0.002,0.066,1.707,0.076,,0.025,3.241,,,,1.4595,,0.0,0.001,,,,,0.003,0.003,,,,
272,0.139,,0.002,0.065,4.5075,0.076,,0.025,0.191,,,,1.464,,0.0,0.001,,,,,0.003,0.003,,,,
273,0.139,,0.002,0.0655,0.9105,0.076,,0.025,0.39949999999999997,,,,1.459,,0.0,0.001,,,,,0.003,0.003,,,,
274,2.013,,0.2415,0.9735,7.9035,1.125,,0.358,5.675,,,0.16590000000000002,,,0.0,0.0026000000000000003,,,,,0.091,0.0925,,,,
275,0.138,,0.002,0.066,3.2384999999999997,0.075,,0.025,1.1320000000000001,,,,1.4515,,0.0,0.001,,,,,0.003,0.003,,,,
276,0.139,,0.002,0.066,0.7935,0.0755,,0.025,0.164,,,,1.454,,0.0,0.001,,,,,0.003,0.003,,,,
277,0.139,,0.002,0.066,4.5360000000000005,0.0755,,0.025,3.369,,,,1.4545,,0.0,0.001,,,,,0.003,0.003,,,,
278,0.1385,,0.002,0.066,3.501,0.076,,0.025,2.245,,,,1.4555,,0.0,0.001,,,,,0.003,0.003,,,,
279,0.1395,,0.002,0.066,0.7150000000000001,0.075,,0.025,0.39849999999999997,,,,1.455,,0.0,0.001,,,,,0.003,0.003,,,,
280,0.1385,,0.002,0.066,2.4975,0.0755,,0.025,3.2225,,,,1.454,,0.0,0.001,,,,,0.003,0.003,,,,
281,0.139,,0.002,0.066,3.565,0.0755,,0.025,0.46249999999999997,,,,1.4385,,0.0,0.001,,,,,0.003,0.003,,,,
282,0.1385,,0.002,0.066,0.643,0.0755,,0.025,0.615,,,,1.4395,,0.0,0.001,,,,,0.003,0.003,,,,
283,0.1385,,0.002,0.066,4.2065,0.075,,0.025,2.8165,,,,1.4395,,0.0,0.001,,,,,0.003,0.003,,,,
284,0.1385,,0.002,0.066,3.5835,0.075,,0.025,1.29,,,,1.4395,,0.0,0.001,,,,,0.003,0.003,,,,
285,0.1385,,0.002,0.066,0.752,0.075,,0.025,2.005,,,,1.4385,,0.0,0.001,,,,,0.003,0.003,,,,
286,0.139,,0.002,0.066,4.2605,0.0755,,0.025,2.886,,,,1.439,,0.0,0.001,,,,,0.003,0.003,,,,
287,0.1385,,0.002,0.066,1.135,0.075,,0.025,0.272,,,,1.442,,0.0,0.001,,,,,0.003,0.003,,,,
288,0.1385,,0.002,0.066,0.731,0.0755,,0.025,0.0975,,,,1.445,,0.0,0.001,,,,,0.003,0.003,,,,
289,0.139,,0.002,0.066,2.7645,0.075,,0.025,1.2425,,,,1.443,,0.0,0.001,,,,,0.003,0.003,,,,
290,0.1385,,0.002,0.066,1.1355000000000002,0.0755,,0.025,4.754,,,,1.4455,,0.0,0.001,,,,,0.003,0.003,,,,
291,0.1385,,0.002,0.066,0.669,0.075,,0.025,1.307,,,,1.442,,0.0,0.001,,,,,0.003,0.003,,,,
292,0.1385,,0.002,0.066,4.3004999999999995,0.075,,0.025,3.3735000000000004,,,,1.4435,,0.0,0.001,,,,,0.003,0.003,,,,
293,0.1385,,0.002,0.066,4.015000000000001,0.076,,0.025,0.9705,,,,1.4455,,0.0,0.001,,,,,0.003,0.003,,,,
294,0.139,,0.002,0.066,0.766,0.0755,,0.025,0.5950000000000001,,,,1.4445000000000001,,0.0,0.001,,,,,0.003,0.003,,,,
295,0.1385,,0.002,0.066,4.347,0.075,,0.025,2.5775,,,,1.4425,,0.0,0.001,,,,,0.003,0.003,,,,
296,0.138,,0.002,0.066,3.421,0.0755,,0.025,0.1135,,,,1.4465,,0.0,0.001,,,,,0.003,0.003,,,,
297,0.1385,,0.002,0.066,0.4555,0.075,,0.025,0.5225000000000001,,,,1.447,,0.0,0.001,,,,,0.003,0.003,,,,
298,0.139,,0.002,0.066,4.499499999999999,0.075,,0.025,3.9195,,,,1.4475,,0.0,0.001,,,,,0.003,0.003,,,,
299,0.1385,,0.002,0.066,3.468,0.0755,,0.025,0.7905000000000001,,,,1.419,,0.0,0.001,,,,,0.003,0.003,,,,
300,0.1385,,0.002,0.066,0.793,0.075,,0.025,0.6165,,,,1.4224999999999999,,0.0,0.001,,,,,0.003,0.003,,,,
301,0.1385,,0.0025,0.066,2.9255,0.075,,0.025,3.5045,,,,1.4205,,0.0,0.001,,,,,0.003,0.003,,,,
302,0.1385,,0.002,0.066,3.8240000000000003,0.0755,,0.025,0.7270000000000001,,,,1.4224999999999999,,0.0,0.001,,,,,0.003,0.003,,,,
303,0.139,,0.002,0.066,0.8735,0.0755,,0.025,0.386,,,,1.425,,0.0,0.001,,,,,0.003,0.003,,,,
304,0.139,,0.002,0.066,4.497,0.0755,,0.025,4.074000000000001,,,,1.4260000000000002,,0.0,0.001,,,,,0.003,0.003,,,,
305,0.1385,,0.002,0.066,3.754,0.075,,0.025,1.308,,,,1.4235,,0.0,0.001,,,,,0.003,0.003,,,,
306,0.139,,0.002,0.066,0.9025,0.0755,,0.025,0.8415,,,,1.4184999999999999,,0.0,0.001,,,,,0.003,0.003,,,,
307,0.139,,0.002,0.066,3.3895000000000004,0.075,,0.025,1.5895000000000001,,,,1.425,,0.0,0.001,,,,,0.003,0.003,,,,
308,0.1385,,0.002,0.066,3.5855,0.075,,0.025,0.233,,,,1.4264999999999999,,0.0,0.001,,,,,0.003,0.003,,,,
309,0.1385,,0.002,0.066,2.549,0.0755,,0.025,0.2415,,,,1.424,,0.0,0.001,,,,,0.003,0.003,,,,
310,0.1385,,0.002,0.066,4.2325,0.0755,,0.025,3.237,,,,1.4245,,0.0,0.001,,,,,0.003,0.003,,,,
311,0.1385,,0.002,0.066,4.0095,0.075,,0.025,0.8565,,,,1.4264999999999999,,0.0,0.001,,,,,0.003,0.003,,,,
312,0.138,,0.002,0.066,0.6525,0.0755,,0.025,0.553,,,,1.4249999999999998,,0.0,0.001,,,,,0.003,0.003,,,,
313,0.139,,0.002,0.066,4.0685,0.075,,0.025,6.392,,,,1.4260000000000002,,0.0,0.001,,,,,0.003,0.003,,,,
314,0.1385,,0.002,0.066,3.8235,0.0755,,0.025,0.18050000000000002,,,,1.4275,,0.0,0.001,,,,,0.003,0.003,,,,
315,0.1385,,0.002,0.066,0.5915,0.0755,,0.025,0.2715,,,,1.434,,0.0,0.001,,,,,0.003,0.003,,,,
316,0.138,,0.002,0.066,6.471,0.075,,0.025,1.1575,,,,1.4300000000000002,,0.0,0.001,,,,,0.003,0.003,,,,
317,0.138,,0.002,0.066,3.652,0.076,,0.025,0.158,,,,1.4289999999999998,,0.0,0.001,,,,,0.003,0.003,,,,
318,0.138,,0.002,0.066,1.1880000000000002,0.0755,,0.025,0.21550000000000002,,,,1.4300000000000002,,0.0,0.001,,,,,0.003,0.003,,,,
319,0.1385,,0.002,0.066,3.6725000000000003,0.0755,,0.025,3.4985000000000004,,,,1.4304999999999999,,0.0,0.001,,,,,0.003,0.003,,,,
320,0.1385,,0.0025,0.066,3.682,0.075,,0.025,1.7725000000000002,,,,1.4344999999999999,,0.0,0.001,,,,,0.003,0.003,,,,
321,0.139,,0.002,0.066,0.8730000000000001,0.0755,,0.025,0.3025,,,,1.4325,,0.0,0.001,,,,,0.003,0.003,,,,
322,0.139,,0.002,0.066,4.2185,0.075,,0.025,3.792,,,,1.437,,0.0,0.001,,,,,0.003,0.003,,,,
323,0.139,,0.002,0.066,2.568,0.076,,0.025,1.3675,,,,1.4344999999999999,,0.0,0.001,,,,,0.003,0.003,,,,
324,0.1395,,0.002,0.066,0.5860000000000001,0.075,,0.025,2.9675,,,,1.4264999999999999,,0.0,0.001,,,,,0.003,0.003,,,,
325,1.5535,,0.193,0.7615000000000001,7.225,0.8434999999999999,,0.29,4.8715,,,1.182,,,0.0,0.010499999999999999,,,,,0.0545,0.055,,,,
326,0.1385,,0.002,0.066,3.0635000000000003,0.075,,0.025,0.0775,,,,1.4605000000000001,,0.0,0.001,,,,,0.003,0.003,,,,
327,0.1385,,0.002,0.066,0.8455,0.075,,0.025,0.152,,,,1.4615,,0.0,0.001,,,,,0.003,0.003,,,,
328,0.1395,,0.002,0.066,5.2395000000000005,0.075,,0.025,3.246,,,,1.4625,,0.0,0.001,,,,,0.003,0.003,,,,
329,0.1385,,0.002,0.066,3.5810000000000004,0.075,,0.025,0.1975,,,,1.4605000000000001,,0.0,0.001,,,,,0.003,0.003,,,,
330,0.139,,0.002,0.066,0.761,0.0755,,0.025,0.2255,,,,1.4625,,0.0,0.001,,,,,0.003,0.003,,,,
331,2.54,,0.311,1.3365,8.449,1.4555,,0.49,6.587,,,0.44666666666666666,,,0.0,0.004916666666666667,,,,,0.193,0.1905,,,,
332,0.138,,0.002,0.066,3.1,0.075,,0.025,0.7135,,,,1.4705,,0.0,0.001,,,,,0.003,0.003,,,,
333,0.1385,,0.002,0.066,1.017,0.0755,,0.025,2.7955,,,,1.4700000000000002,,0.0,0.001,,,,,0.003,0.003,,,,
334,0.138,,0.002,0.066,4.276,0.0755,,0.025,3.115,,,,1.471,,0.0,0.001,,,,,0.003,0.003,,,,
335,0.1385,,0.002,0.066,3.6020000000000003,0.0755,,0.025,0.1945,,,,1.4705,,0.0,0.001,,,,,0.003,0.003,,,,
336,0.1385,,0.002,0.066,0.6685000000000001,0.076,,0.025,2.1270000000000002,,,,1.4665,,0.0,0.001,,,,,0.003,0.003,,,,
337,0.1385,,0.002,0.066,4.3895,0.0755,,0.025,5.964,,,,1.4695,,0.0,0.001,,,,,0.003,0.003,,,,
338,0.1385,,0.002,0.066,2.4115,0.0755,,0.025,0.936,,,,1.4695,,0.0,0.001,,,,,0.003,0.003,,,,
339,0.139,,0.002,0.066,0.6675,0.0755,,0.025,2.307,,,,1.4715,,0.0,0.001,,,,,0.003,0.003,,,,
340,0.138,,0.002,0.066,0.46799999999999997,0.075,,0.025,0.9205000000000001,,,,1.4740000000000002,,0.0,0.001,,,,,0.003,0.003,,,,
341,0.138,,0.002,0.0665,2.22,0.0755,,0.025,0.807,,,,1.471,,0.0,0.001,,,,,0.003,0.003,,,,
342,0.139,,0.002,0.066,0.7090000000000001,0.075,,0.025,0.1815,,,,1.4335,,0.0,0.001,,,,,0.003,0.003,,,,
343,0.1395,,0.002,0.066,0.447,0.075,,0.025,0.8575,,,,1.43,,0.0,0.001,,,,,0.003,0.003,,,,
344,2.0075000000000003,,0.2415,0.976,5.611,1.1340000000000001,,0.3615,3.487,,,1.8325,,,0.0,0.0205,,,,,0.0905,0.091,,,,
345,0.139,,0.002,0.066,2.361,0.075,,0.025,0.3315,,,,1.4535,,0.0,0.001,,,,,0.003,0.003,,,,
346,0.139,,0.002,0.066,1.2665,0.075,,0.025,4.3475,,,,1.457,,0.0,0.001,,,,,0.003,0.003,,,,
347,0.1395,,0.002,0.066,3.3135000000000003,0.075,,0.025,1.0614999999999999,,,,1.452,,0.0,0.001,,,,,0.003,0.003,,,,
348,0.139,,0.002,0.066,1.0,0.075,,0.025,0.3295,,,,1.4575,,0.0,0.001,,,,,0.003,0.003,,,,
349,0.1385,,0.002,0.066,0.5955,0.075,,0.025,0.445,,,,1.4585,,0.0,0.001,,,,,0.003,0.003,,,,
350,0.1385,,0.002,0.066,1.877,0.075,,0.025,0.6765000000000001,,,,1.4625,,0.0,0.001,,,,,0.003,0.003,,,,
351,0.1385,,0.002,0.066,1.0355,0.0755,,0.025,2.7835,,,,1.4585,,0.0,0.001,,,,,0.003,0.003,,,,
352,0.139,,0.002,0.066,0.2865,0.0755,,0.025,0.14600000000000002,,,,1.4580000000000002,,0.0,0.001,,,,,0.003,0.003,,,,
353,0.139,,0.002,0.066,3.2840000000000003,0.0755,,0.025,0.555,,,,1.457,,0.0,0.001,,,,,0.003,0.003,,,,
354,0.1385,,0.002,0.066,0.9805,0.0755,,0.025,0.369,,,,1.467,,0.0,0.001,,,,,0.003,0.003,,,,
355,0.1385,,0.002,0.066,0.528,0.0755,,0.025,0.12,,,,1.464,,0.0,0.001,,,,,0.003,0.003,,,,
356,0.1385,,0.002,0.066,3.043,0.0755,,0.025,0.798,,,,1.464,,0.0,0.001,,,,,0.003,0.003,,,,
357,0.139,,0.002,0.066,2.3825,0.0755,,0.025,2.846,,,,1.467,,0.0,0.001,,,,,0.003,0.003,,,,
358,0.139,,0.002,0.0655,0.6839999999999999,0.076,,0.025,0.9725,,,,1.4569999999999999,,0.0,0.001,,,,,0.003,0.003,,,,
359,0.139,,0.0025,0.0655,3.0845,0.076,,0.025,2.757,,,,1.4344999999999999,,0.0,0.001,,,,,0.003,0.003,,,,
360,0.139,,0.002,0.0655,0.9770000000000001,0.076,,0.025,1.9155,,,,1.44,,0.0,0.001,,,,,0.003,0.003,,,,
361,0.139,,0.002,0.066,0.2735,0.076,,0.025,0.2815,,,,1.4420000000000002,,0.0,0.001,,,,,0.003,0.003,,,,
362,0.139,,0.002,0.065,2.614,0.076,,0.025,0.375,,,,1.439,,0.0,0.001,,,,,0.003,0.003,,,,
363,0.139,,0.002,0.0655,0.8495,0.076,,0.025,2.1715,,,,1.4415,,0.0,0.001,,,,,0.003,0.003,,,,
364,0.1395,,0.002,0.0655,0.607,0.076,,0.025,0.8485,,,,1.44,,0.0,0.001,,,,,0.003,0.003,,,,
365,0.139,,0.002,0.0655,3.0825,0.076,,0.025,0.226,,,,1.4465,,0.0,0.001,,,,,0.003,0.003,,,,
366,0.139,,0.002,0.0655,1.058,0.076,,0.025,0.745,,,,1.441,,0.0,0.001,,,,,0.003,0.003,,,,
367,1.2879999999999998,,0.147,0.73,2.1334999999999997,0.7030000000000001,,0.277,2.569,,,0.793,,,0.0,0.0075,,,,,0.043000000000000003,0.0425,,,,
368,0.139,,0.002,0.0655,2.0605,0.076,,0.025,0.0945,,,,1.435,,0.0,0.001,,,,,0.003,0.003,,,,
369,0.139,,0.002,0.066,0.782,0.076,,0.025,2.726,,,,1.433,,0.0,0.001,,,,,0.003,0.003,,,,
370,0.139,,0.002,0.0655,0.945,0.076,,0.025,0.2335,,,,1.4365,,0.0,0.001,,,,,0.003,0.003,,,,
371,0.139,,0.002,0.0655,1.917,0.076,,0.025,0.228,,,,1.4375,,0.0,0.001,,,,,0.003,0.003,,,,
372,0.139,,0.002,0.0655,0.24300000000000002,0.076,,0.025,0.6165,,,,1.431,,0.0,0.001,,,,,0.003,0.003,,,,
373,0.139,,0.002,0.0655,0.2745,0.076,,0.025,0.6224999999999999,,,,1.4369999999999998,,0.0,0.001,,,,,0.003,0.003,,,,
374,0.139,,0.002,0.0655,1.8825,0.076,,0.025,0.6345000000000001,,,,1.4329999999999998,,0.0,0.001,,,,,0.003,0.003,,,,
375,0.1385,,0.002,0.0655,0.9085000000000001,0.076,,0.025,0.29,,,,1.4365,,0.0,0.001,,,,,0.003,0.003,,,,
376,0.139,,0.002,0.0655,0.375,0.076,,0.025,0.24350000000000002,,,,1.4380000000000002,,0.0,0.001,,,,,0.003,0.003,,,,
377,0.1395,,0.002,0.0655,2.04,0.076,,0.025,0.124,,,,1.439,,0.0,0.001,,,,,0.003,0.003,,,,
378,0.139,,0.002,0.066,0.539,0.076,,0.025,0.712,,,,1.443,,0.0,0.001,,,,,0.003,0.003,,,,
379,1.1680000000000001,,0.1385,0.5834999999999999,2.1235,0.7000000000000001,,0.2195,2.306,,,0.712,,,0.0,0.006,,,,,0.041,0.04,,,,
380,0.139,,0.002,0.065,1.8635000000000002,0.076,,0.025,1.342,,,,1.4595,,0.0,0.001,,,,,0.003,0.003,,,,
381,0.139,,0.002,0.066,0.753,0.0765,,0.025,0.24000000000000002,,,,1.4575,,0.0,0.001,,,,,0.003,0.003,,,,
382,0.139,,0.002,0.0655,0.126,0.076,,0.025,0.2605,,,,1.4575,,0.0,0.001,,,,,0.003,0.003,,,,
383,0.1385,,0.002,0.066,2.0490000000000004,0.076,,0.025,0.4085,,,,1.46,,0.0,0.001,,,,,0.003,0.003,,,,
384,0.139,,0.002,0.065,0.1675,0.076,,0.025,0.645,,,,1.4595,,0.0,0.001,,,,,0.003,0.003,,,,
385,0.139,,0.0025,0.066,0.11050000000000001,0.076,,0.025,0.7420000000000001,,,,1.4580000000000002,,0.0,0.001,,,,,0.003,0.003,,,,
386,0.139,,0.002,0.066,1.9625000000000001,0.076,,0.025,0.159,,,,1.4625,,0.0,0.001,,,,,0.003,0.003,,,,
387,0.139,,0.002,0.066,0.7215,0.076,,0.025,0.18150000000000002,,,,1.46,,0.0,0.001,,,,,0.003,0.003,,,,
388,0.139,,0.002,0.0655,0.321,0.076,,0.025,0.4095,,,,1.462,,0.0,0.001,,,,,0.003,0.003,,,,
389,0.139,,0.002,0.066,2.2824999999999998,0.076,,0.025,0.20550000000000002,,,,1.463,,0.0,0.001,,,,,0.003,0.003,,,,
390,0.139,,0.002,0.0655,0.8965,0.076,,0.025,2.698,,,,1.4635,,0.0,0.001,,,,,0.003,0.003,,,,
391,1.0150000000000001,,0.111,0.5405,2.4405,0.5730000000000001,,0.214,1.7325,,,0.53,,,0.0,0.005,,,,,0.0335,0.0345,,,,
392,0.139,,0.002,0.065,1.3925,0.076,,0.025,0.079,,,,1.4620000000000002,,0.0,0.001,,,,,0.003,0.003,,,,
393,0.139,,0.002,0.066,0.881,0.076,,0.025,0.4225,,,,1.4625,,0.0,0.001,,,,,0.003,0.003,,,,
394,0.1385,,0.002,0.0655,0.5785,0.076,,0.025,0.5415000000000001,,,,1.4635,,0.0,0.001,,,,,0.003,0.003,,,,
395,0.139,,0.002,0.0655,1.9480000000000002,0.076,,0.025,0.252,,,,1.464,,0.0,0.001,,,,,0.003,0.003,,,,
396,0.139,,0.0025,0.065,0.0995,0.076,,0.025,0.6985,,,,1.468,,0.0,0.001,,,,,0.003,0.003,,,,
397,0.139,,0.002,0.0655,1.9220000000000002,0.076,,0.025,0.4775,,,,1.4620000000000002,,0.0,0.001,,,,,0.003,0.003,,,,
398,0.1395,,0.002,0.0655,2.076,0.076,,0.025,1.0930000000000002,,,,1.467,,0.0,0.001,,,,,0.003,0.003,,,,
399,0.139,,0.002,0.0655,0.10800000000000001,0.076,,0.025,0.6890000000000001,,,,1.4689999999999999,,0.0,0.001,,,,,0.003,0.003,,,,
400,0.139,,0.002,0.066,0.217,0.076,,0.025,0.17600000000000002,,,,1.4665,,0.0,0.001,,,,,0.003,0.003,,,,
401,0.139,,0.002,0.0655,2.0604999999999998,0.076,,0.025,0.2935,,,,1.4715,,0.0,0.001,,,,,0.003,0.003,,,,
402,0.1395,,0.002,0.065,0.40399999999999997,0.076,,0.025,0.878,,,,1.467,,0.0,0.001,,,,,0.003,0.003,,,,
403,0.139,,0.002,0.0655,0.2255,0.076,,0.025,0.8315,,,,1.466,,0.0,0.001,,,,,0.003,0.003,,,,
404,0.139,,0.002,0.065,2.088,0.076,,0.025,0.17450000000000002,,,,1.4725000000000001,,0.0,0.001,,,,,0.003,0.003,,,,
405,0.1395,,0.002,0.066,0.8320000000000001,0.076,,0.025,1.9845,,,,1.4765000000000001,,0.0,0.001,,,,,0.003,0.003,,,,
406,0.139,,0.002,0.066,2.5655,0.076,,0.025,2.769,,,,1.4689999999999999,,0.0,0.001,,,,,0.003,0.003,,,,
407,0.1385,,0.002,0.0655,1.8745,0.076,,0.025,4.495,,,,1.4725000000000001,,0.0,0.001,,,,,0.003,0.003,,,,
408,0.726,,0.065,0.339,1.365,0.423,,0.1465,1.2814999999999999,,,0.28600000000000003,,,0.0,0.004,,,,,0.025,0.0245,,,,
409,0.139,,0.002,0.066,0.0955,0.076,,0.025,0.5950000000000001,,,,1.443,,0.0,0.001,,,,,0.003,0.003,,,,
410,0.139,,0.002,0.0655,1.796,0.076,,0.025,0.279,,,,1.448,,0.0,0.001,,,,,0.003,0.003,,,,
411,0.139,,0.002,0.066,0.18150000000000002,0.076,,0.025,0.3845,,,,1.4475,,0.0,0.001,,,,,0.003,0.003,,,,
412,0.139,,0.002,0.0655,0.65,0.076,,0.025,0.7945000000000001,,,,1.4475,,0.0,0.001,,,,,0.003,0.003,,,,
413,0.139,,0.002,0.066,2.1765000000000003,0.0755,,0.025,0.646,,,,1.4285,,0.0,0.001,,,,,0.003,0.003,,,,
414,0.139,,0.002,0.0655,0.3745,0.076,,0.025,0.25,,,,1.413,,0.0,0.001,,,,,0.003,0.003,,,,
415,0.1385,,0.002,0.0655,0.46099999999999997,0.076,,0.025,0.11150000000000002,,,,1.414,,0.0,0.001,,,,,0.003,0.003,,,,
416,0.1395,,0.002,0.0655,1.862,0.076,,0.025,0.5555,,,,1.4155,,0.0,0.001,,,,,0.003,0.003,,,,
417,0.1385,,0.002,0.0655,0.0815,0.076,,0.025,0.5505000000000001,,,,1.4144999999999999,,0.0,0.001,,,,,0.003,0.003,,,,
418,0.14,,0.002,0.065,0.1215,0.076,,0.025,0.319,,,,1.4144999999999999,,0.0,0.001,,,,,0.003,0.003,,,,
419,0.139,,0.002,0.066,1.215,0.076,,0.025,0.39749999999999996,,,,1.42,,0.0,0.001,,,,,0.003,0.003,,,,
420,0.139,,0.002,0.066,0.192,0.076,,0.025,0.21400000000000002,,,,1.4180000000000001,,0.0,0.001,,,,,0.003,0.003,,,,
421,0.139,,0.002,0.065,0.3065,0.076,,0.025,0.256,,,,1.4005,,0.0,0.001,,,,,0.003,0.003,,,,
422,0.1385,,0.002,0.0655,1.861,0.076,,0.025,0.548,,,,1.4005,,0.0,0.001,,,,,0.003,0.003,,,,
423,0.139,,0.002,0.0655,0.27949999999999997,0.0755,,0.025,0.2725,,,,1.3980000000000001,,0.0,0.001,,,,,0.003,0.003,,,,
424,0.139,,0.002,0.066,0.258,0.0755,,0.025,0.188,,,,1.403,,0.0,0.001,,,,,0.003,0.003,,,,
425,0.139,,0.002,0.0655,2.1355,0.0755,,0.025,1.693,,,,1.4055,,0.0,0.001,,,,,0.003,0.003,,,,
426,0.139,,0.002,0.066,0.33049999999999996,0.076,,0.025,0.5035000000000001,,,,1.405,,0.0,0.001,,,,,0.003,0.003,,,,
427,0.1385,,0.002,0.066,0.1995,0.076,,0.025,0.5105000000000001,,,,1.4035000000000002,,0.0,0.001,,,,,0.003,0.003,,,,
428,0.1385,,0.002,0.0655,2.0535,0.076,,0.025,0.24500000000000002,,,,1.4075,,0.0,0.001,,,,,0.003,0.003,,,,
429,0.139,,0.002,0.0655,0.7535000000000001,0.076,,0.025,1.03,,,,1.395,,0.0,0.001,,,,,0.003,0.003,,,,
430,0.139,,0.002,0.0655,2.8455000000000004,0.076,,0.025,1.799,,,,1.4015,,0.0,0.001,,,,,0.003,0.003,,,,
431,0.1385,,0.002,0.0655,2.017,0.076,,0.025,0.1625,,,,1.3980000000000001,,0.0,0.001,,,,,0.003,0.003,,,,
432,0.139,,0.002,0.0655,0.079,0.076,,0.025,0.648,,,,1.4,,0.0,0.001,,,,,0.003,0.003,,,,
433,0.139,,0.002,0.066,0.20750000000000002,0.076,,0.025500000000000002,0.3075,,,,1.4015,,0.0,0.001,,,,,0.003,0.003,,,,
434,0.139,,0.002,0.065,1.9205,0.076,,0.025,0.46399999999999997,,,,1.3985,,0.0,0.001,,,,,0.003,0.003,,,,
435,0.1385,,0.002,0.0655,0.40099999999999997,0.076,,0.025,0.469,,,,1.3985,,0.0,0.001,,,,,0.003,0.003,,,,
436,0.139,,0.002,0.0655,0.23500000000000001,0.076,,0.025,0.46749999999999997,,,,1.403,,0.0,0.001,,,,,0.003,0.003,,,,
437,3.045,,0.361,1.5390000000000001,6.663,1.6680000000000001,,0.5635000000000001,4.964499999999999,,,0.8520833333333333,,,0.0,0.010583333333333333,,,,,0.2235,0.217,,,,
438,0.1395,,0.002,0.0655,3.2255000000000003,0.0755,,0.025,3.677,,,,1.4329999999999998,,0.0,0.001,,,,,0.003,0.003,,,,
439,0.1385,,0.002,0.0655,2.354,0.076,,0.025,0.856,,,,1.438,,0.0,0.001,,,,,0.003,0.003,,,,
440,0.1385,,0.0025,0.066,2.1149999999999998,0.0755,,0.025,0.4125,,,,1.4344999999999999,,0.0,0.001,,,,,0.003,0.003,,,,
441,0.139,,0.002,0.0655,2.132,0.0755,,0.025,3.1105,,,,1.4335,,0.0,0.001,,,,,0.003,0.003,,,,
442,0.139,,0.002,0.0655,0.645,0.076,,0.025,0.5705,,,,1.4344999999999999,,0.0,0.001,,,,,0.003,0.003,,,,
443,0.139,,0.002,0.066,2.4885,0.076,,0.025,0.286,,,,1.4380000000000002,,0.0,0.001,,,,,0.003,0.003,,,,
444,0.139,,0.002,0.0655,0.895,0.076,,0.025,0.435,,,,1.439,,0.0,0.001,,,,,0.003,0.003,,,,
445,0.1385,,0.002,0.065,0.629,0.076,,0.025,0.6815000000000001,,,,1.438,,0.0,0.001,,,,,0.003,0.003,,,,
446,0.139,,0.002,0.066,2.8035,0.076,,0.025,0.23700000000000002,,,,1.441,,0.0,0.001,,,,,0.003,0.003,,,,
447,0.139,,0.002,0.0655,0.927,0.076,,0.025,0.5905,,,,1.435,,0.0,0.001,,,,,0.003,0.003,,,,
448,0.1385,,0.002,0.0655,1.0385,0.076,,0.025,1.0595,,,,1.4395,,0.0,0.001,,,,,0.003,0.003,,,,
449,0.139,,0.002,0.0655,3.155,0.076,,0.025,0.1645,,,,1.4375,,0.0,0.001,,,,,0.003,0.003,,,,
450,1.7805,,0.22,0.9380000000000001,3.4645,1.012,,0.35250000000000004,3.122,,,0.31166666666666665,,,0.0,0.003666666666666667,,,,,0.0675,0.0675,,,,
451,0.139,,0.002,0.066,0.222,0.076,,0.025,0.539,,,,1.4580000000000002,,0.0,0.001,,,,,0.003,0.003,,,,
452,0.139,,0.002,0.0655,1.9820000000000002,0.0755,,0.025,0.099,,,,1.4620000000000002,,0.0,0.001,,,,,0.003,0.003,,,,
453,0.139,,0.002,0.0655,0.8119999999999999,0.076,,0.025,0.33549999999999996,,,,1.4580000000000002,,0.0,0.001,,,,,0.003,0.003,,,,
454,0.1385,,0.002,0.066,0.225,0.076,,0.025,0.5625,,,,1.4635,,0.0,0.001,,,,,0.003,0.003,,,,
455,0.139,,0.002,0.066,1.9965,0.0755,,0.025,2.273,,,,1.4605000000000001,,0.0,0.001,,,,,0.003,0.003,,,,
456,0.1395,,0.002,0.0655,0.7135,0.076,,0.025,0.379,,,,1.461,,0.0,0.001,,,,,0.003,0.003,,,,
457,0.139,,0.002,0.0655,0.1895,0.0755,,0.025,0.1485,,,,1.462,,0.0,0.001,,,,,0.003,0.003,,,,
458,0.139,,0.0025,0.0655,1.594,0.0755,,0.025,0.17350000000000002,,,,1.4615,,0.0,0.001,,,,,0.003,0.003,,,,
459,0.139,,0.002,0.065,1.0965,0.076,,0.025,1.4204999999999999,,,,1.464,,0.0,0.001,,,,,0.003,0.003,,,,
460,0.139,,0.002,0.066,0.0905,0.076,,0.025,0.902,,,,1.466,,0.0,0.001,,,,,0.003,0.003,,,,
461,0.139,,0.002,0.0655,1.941,0.076,,0.025,0.1955,,,,1.4609999999999999,,0.0,0.001,,,,,0.003,0.003,,,,
462,0.1385,,0.002,0.066,0.8185,0.076,,0.025,0.524,,,,1.467,,0.0,0.001,,,,,0.003,0.003,,,,
463,0.1395,,0.002,0.0655,1.2815,0.0755,,0.025,1.901,,,,1.4615,,0.0,0.001,,,,,0.003,0.003,,,,
464,0.139,,0.002,0.065,2.1395000000000004,0.076,,0.025,2.351,,,,1.4645000000000001,,0.0,0.001,,,,,0.003,0.003,,,,
465,0.139,,0.002,0.0655,0.6465000000000001,0.076,,0.025,0.143,,,,1.467,,0.0,0.001,,,,,0.003,0.003,,,,
466,0.139,,0.002,0.065,0.8335,0.076,,0.025,1.0325,,,,1.4665,,0.0,0.001,,,,,0.003,0.003,,,,
467,0.139,,0.002,0.066,1.6035000000000001,0.076,,0.025,0.18400000000000002,,,,1.4665,,0.0,0.001,,,,,0.003,0.003,,,,
468,0.139,,0.002,0.066,0.627,0.0755,,0.025,0.9670000000000001,,,,1.451,,0.0,0.001,,,,,0.003,0.003,,,,
469,2.2285,,0.264,1.134,3.7325,1.1895,,0.41600000000000004,4.3305,,,0.33016666666666666,,,0.0,0.0038,,,,,0.137,0.137,,,,
470,0.987,,0.094,0.5405,3.31,0.5575000000000001,,0.216,2.1035,,,0.4435,,,0.0,0.005,,,,,0.031,0.0305,,,,
471,0.1385,,0.002,0.066,0.4365,0.075,,0.025,2.3600000000000003,,,,1.4545,,0.0,0.001,,,,,0.003,0.003,,,,
472,0.1395,,0.002,0.065,0.492,0.076,,0.025,0.8695,,,,1.434,,0.0,0.001,,,,,0.003,0.003,,,,
473,0.1385,,0.002,0.065,2.9939999999999998,0.075,,0.025,0.373,,,,1.4329999999999998,,0.0,0.001,,,,,0.003,0.003,,,,
474,0.139,,0.002,0.065,1.049,0.076,,0.025,0.2205,,,,1.4375,,0.0,0.001,,,,,0.003,0.003,,,,
475,0.139,,0.002,0.065,0.5225,0.0755,,0.025,0.4415,,,,1.432,,0.0,0.001,,,,,0.003,0.003,,,,
476,0.139,,0.002,0.066,2.895,0.076,,0.025,0.4235,,,,1.4380000000000002,,0.0,0.001,,,,,0.003,0.003,,,,
477,0.1385,,0.002,0.066,0.916,0.0755,,0.025,0.7415,,,,1.4385,,0.0,0.001,,,,,0.003,0.003,,,,
478,0.139,,0.002,0.066,0.6140000000000001,0.0755,,0.025,0.5245,,,,1.4344999999999999,,0.0,0.001,,,,,0.003,0.003,,,,
479,0.139,,0.002,0.0655,2.9735,0.076,,0.025,0.2335,,,,1.4344999999999999,,0.0,0.001,,,,,0.003,0.003,,,,
480,0.139,,0.002,0.065,1.9815,0.0755,,0.025,0.1395,,,,1.4405000000000001,,0.0,0.001,,,,,0.003,0.003,,,,
481,0.1385,,0.002,0.065,0.88,0.076,,0.025,1.133,,,,1.4375,,0.0,0.001,,,,,0.003,0.003,,,,
482,0.139,,0.002,0.065,3.105,0.076,,0.025,0.137,,,,1.4329999999999998,,0.0,0.001,,,,,0.003,0.003,,,,
483,0.139,,0.002,0.0655,0.786,0.076,,0.025,0.224,,,,1.4409999999999998,,0.0,0.001,,,,,0.003,0.003,,,,
484,0.139,,0.0025,0.065,2.5965000000000003,0.076,,0.025,0.39999999999999997,,,,1.435,,0.0,0.001,,,,,0.003,0.003,,,,
485,0.1395,,0.002,0.065,2.8415,0.076,,0.025,0.5175000000000001,,,,1.4375,,0.0,0.001,,,,,0.003,0.003,,,,
486,0.139,,0.002,0.0655,1.1085,0.076,,0.025,0.0925,,,,1.4344999999999999,,0.0,0.001,,,,,0.003,0.003,,,,
487,0.139,,0.002,0.0655,0.5975,0.076,,0.025,0.7285,,,,1.433,,0.0,0.001,,,,,0.003,0.003,,,,
488,0.139,,0.002,0.0655,2.9665,0.076,,0.025,0.0905,,,,1.436,,0.0,0.001,,,,,0.003,0.003,,,,
489,0.139,,0.002,0.066,1.284,0.076,,0.025,1.2495,,,,1.4395,,0.0,0.001,,,,,0.003,0.003,,,,
490,0.1385,,0.002,0.0655,0.521,0.076,,0.025,0.11100000000000002,,,,1.436,,0.0,0.001,,,,,0.003,0.003,,,,
491,0.139,,0.002,0.066,3.0155,0.076,,0.025,0.33399999999999996,,,,1.437,,0.0,0.001,,,,,0.003,0.003,,,,
492,0.139,,0.002,0.066,1.1420000000000001,0.076,,0.025,0.129,,,,1.436,,0.0,0.001,,,,,0.003,0.003,,,,
493,0.139,,0.002,0.066,1.0715000000000001,0.076,,0.025,1.09,,,,1.4375,,0.0,0.001,,,,,0.003,0.003,,,,
494,0.1395,,0.002,0.066,2.927,0.076,,0.025,0.6145,,,,1.4380000000000002,,0.0,0.001,,,,,0.003,0.003,,,,
495,0.139,,0.002,0.066,1.0085,0.076,,0.025,0.4805,,,,1.4375,,0.0,0.001,,,,,0.003,0.003,,,,
496,0.139,,0.002,0.0655,0.6,0.076,,0.025,1.362,,,,1.4435,,0.0,0.001,,,,,0.003,0.003,,,,
497,0.139,,0.002,0.0655,2.9050000000000002,0.076,,0.025,0.199,,,,1.4415,,0.0,0.001,,,,,0.003,0.003,,,,
498,0.139,,0.002,0.0655,1.2505,0.076,,0.025,0.4375,,,,1.4435,,0.0,0.001,,,,,0.003,0.003,,,,
499,0.139,,0.002,0.0655,0.6315,0.076,,0.025,0.602,,,,1.4405000000000001,,0.0,0.001,,,,,0.003,0.003,,,,
500,0.139,,0.002,0.0655,3.058,0.076,,0.025,0.21000000000000002,,,,1.4465,,0.0,0.001,,,,,0.003,0.003,,,,
501,0.139,,0.002,0.0655,1.1555,0.076,,0.025,0.775,,,,1.4445000000000001,,0.0,0.001,,,,,0.003,0.003,,,,
502,0.139,,0.002,0.0655,0.5735,0.076,,0.025,0.5559999999999999,,,,1.4445000000000001,,0.0,0.001,,,,,0.003,0.003,,,,
503,0.139,,0.002,0.0655,0.921,0.076,,0.025,0.20350000000000001,,,,1.4435,,0.0,0.001,,,,,0.003,0.003,,,,
504,0.139,,0.002,0.066,0.9390000000000001,0.076,,0.025,0.4355,,,,1.448,,0.0,0.001,,,,,0.003,0.003,,,,
505,0.1385,,0.002,0.0655,0.638,0.076,,0.025,0.46449999999999997,,,,1.4465,,0.0,0.001,,,,,0.003,0.003,,,,
506,0.139,,0.002,0.066,2.951,0.076,,0.025,0.1245,,,,1.4455,,0.0,0.001,,,,,0.003,0.003,,,,
507,0.139,,0.002,0.066,1.1025,0.076,,0.025,0.7190000000000001,,,,1.447,,0.0,0.001,,,,,0.003,0.003,,,,
508,0.139,,0.002,0.066,0.6345,0.076,,0.025,1.7295,,,,1.4465,,0.0,0.001,,,,,0.003,0.003,,,,
509,0.139,,0.002,0.066,3.0395,0.076,,0.025,2.0075000000000003,,,,1.4455,,0.0,0.001,,,,,0.003,0.003,,,,
510,0.139,,0.002,0.066,0.9930000000000001,0.076,,0.025,0.18450000000000003,,,,1.4495,,0.0,0.001,,,,,0.003,0.003,,,,
511,0.139,,0.002,0.066,0.576,0.076,,0.025,0.496,,,,1.448,,0.0,0.001,,,,,0.003,0.003,,,,
512,0.139,,0.002,0.066,2.8355,0.076,,0.025,0.1595,,,,1.452,,0.0,0.001,,,,,0.003,0.003,,,,
513,0.1385,,0.002,0.0655,0.969,0.076,,0.025,2.52,,,,1.45,,0.0,0.001,,,,,0.003,0.003,,,,
514,0.1385,,0.002,0.066,0.39999999999999997,0.076,,0.025,0.4285,,,,1.452,,0.0,0.001,,,,,0.003,0.003,,,,
515,0.139,,0.002,0.066,2.9250000000000003,0.076,,0.025,0.17650000000000002,,,,1.4555,,0.0,0.001,,,,,0.003,0.003,,,,
516,0.1395,,0.002,0.0655,1.0755000000000001,0.076,,0.025,0.3115,,,,1.4515,,0.0,0.001,,,,,0.003,0.003,,,,
517,0.139,,0.002,0.0655,4.313,0.076,,0.025,0.322,,,,1.453,,0.0,0.001,,,,,0.003,0.003,,,,
518,0.139,,0.002,0.0655,2.992,0.076,,0.025,0.415,,,,1.439,,0.0,0.001,,,,,0.003,0.003,,,,
519,0.139,,0.002,0.0655,1.0530000000000002,0.076,,0.025,0.1465,,,,1.4415,,0.0,0.001,,,,,0.003,0.003,,,,
520,0.14,,0.002,0.0655,0.8935000000000001,0.0755,,0.025,0.9820000000000001,,,,1.44,,0.0,0.001,,,,,0.003,0.003,,,,
521,0.139,,0.002,0.0655,3.046,0.0755,,0.025,0.20700000000000002,,,,1.4445000000000001,,0.0,0.001,,,,,0.003,0.003,,,,
522,0.1395,,0.002,0.0655,1.2025000000000001,0.076,,0.025,0.1885,,,,1.4449999999999998,,0.0,0.001,,,,,0.003,0.003,,,,
523,0.139,,0.002,0.0655,0.888,0.0755,,0.025,1.0645000000000002,,,,1.443,,0.0,0.001,,,,,0.003,0.003,,,,
524,0.1395,,0.002,0.0655,3.043,0.0755,,0.025,0.2845,,,,1.4415,,0.0,0.001,,,,,0.003,0.003,,,,
525,0.139,,0.002,0.065,1.1724999999999999,0.076,,0.025,0.2195,,,,1.4455,,0.0,0.001,,,,,0.003,0.003,,,,
526,0.139,,0.002,0.066,0.5445000000000001,0.076,,0.025,1.185,,,,1.4420000000000002,,0.0,0.001,,,,,0.003,0.003,,,,
527,0.139,,0.002,0.066,2.998,0.076,,0.025,2.2760000000000002,,,,1.4455,,0.0,0.001,,,,,0.003,0.003,,,,
528,2.5735,,0.3075,1.3355000000000001,4.62,1.4725000000000001,,0.489,4.444,,,0.33695,,,0.0,0.00375,,,,,0.1905,0.1875,,,,
529,0.583,,0.025,0.274,0.99,0.28,,0.1175,1.2785,,,0.148,,,0.0,0.003,,,,,0.0175,0.0165,,,,
530,0.1385,,0.002,0.066,1.817,0.075,,0.025,0.2545,,,,1.4655,,0.0,0.001,,,,,0.003,0.003,,,,
531,0.139,,0.002,0.066,0.954,0.076,,0.025,0.1495,,,,1.464,,0.0,0.001,,,,,0.003,0.003,,,,
532,0.139,,0.002,0.0655,0.2855,0.0755,,0.025,0.7380000000000001,,,,1.4224999999999999,,0.0,0.001,,,,,0.003,0.003,,,,
533,0.1385,,0.002,0.0655,2.0100000000000002,0.076,,0.025,0.292,,,,1.4169999999999998,,0.0,0.001,,,,,0.003,0.003,,,,
534,0.14,,0.002,0.0655,0.9630000000000001,0.0755,,0.025,0.5455,,,,1.425,,0.0,0.001,,,,,0.003,0.003,,,,
535,0.1385,,0.002,0.0655,0.537,0.076,,0.025,0.158,,,,1.4235,,0.0,0.001,,,,,0.003,0.003,,,,
536,0.1395,,0.002,0.0655,4.133500000000001,0.076,,0.025,0.191,,,,1.4220000000000002,,0.0,0.001,,,,,0.003,0.003,,,,
537,0.139,,0.002,0.0655,0.8425,0.0755,,0.025,0.5245,,,,1.429,,0.0,0.001,,,,,0.003,0.003,,,,
538,0.139,,0.002,0.066,0.23750000000000002,0.0755,,0.025,0.1385,,,,1.432,,0.0,0.001,,,,,0.003,0.003,,,,
539,0.139,,0.002,0.066,2.269,0.0755,,0.025,0.45849999999999996,,,,1.426,,0.0,0.001,,,,,0.003,0.003,,,,
540,0.139,,0.002,0.066,0.7020000000000001,0.076,,0.025,0.441,,,,1.4005,,0.0,0.001,,,,,0.003,0.003,,,,
541,0.139,,0.002,0.066,0.4975,0.076,,0.025,1.6960000000000002,,,,1.405,,0.0,0.001,,,,,0.003,0.003,,,,
542,0.139,,0.002,0.0655,1.9240000000000002,0.076,,0.025,0.26,,,,1.4035000000000002,,0.0,0.001,,,,,0.003,0.003,,,,
543,0.139,,0.002,0.065,0.8035,0.076,,0.025,0.652,,,,1.405,,0.0,0.001,,,,,0.003,0.003,,,,
544,0.139,,0.002,0.0655,0.5715,0.076,,0.025,0.185,,,,1.407,,0.0,0.001,,,,,0.003,0.003,,,,
545,0.139,,0.002,0.066,1.7415,0.076,,0.025,0.3775,,,,1.408,,0.0,0.001,,,,,0.003,0.003,,,,
546,0.1385,,0.002,0.065,0.6795,0.076,,0.025,1.3070000000000002,,,,1.4065,,0.0,0.001,,,,,0.003,0.003,,,,
547,0.139,,0.002,0.066,0.6015,0.076,,0.025,0.481,,,,1.408,,0.0,0.001,,,,,0.003,0.003,,,,
548,0.139,,0.002,0.066,1.9585000000000001,0.076,,0.025,0.157,,,,1.4095,,0.0,0.001,,,,,0.003,0.003,,,,
549,0.1385,,0.002,0.0655,0.8340000000000001,0.076,,0.025,0.24300000000000002,,,,1.412,,0.0,0.001,,,,,0.003,0.003,,,,
550,0.139,,0.002,0.0655,0.4115,0.076,,0.025,0.6355,,,,1.4085,,0.0,0.001,,,,,0.003,0.003,,,,
551,0.139,,0.002,0.065,2.228,0.076,,0.025,0.3715,,,,1.4085,,0.0,0.001,,,,,0.003,0.003,,,,
552,0.139,,0.002,0.065,0.785,0.076,,0.025,0.23900000000000002,,,,1.4104999999999999,,0.0,0.001,,,,,0.003,0.003,,,,
553,2.8935000000000004,,0.341,1.379,4.8415,1.6350000000000002,,0.503,5.3285,,,0.94225,,,0.0,0.012333333333333335,,,,,0.2145,0.20700000000000002,,,,
554,0.1395,,0.002,0.066,1.782,0.0755,,0.025,0.113,,,,1.438,,0.0,0.001,,,,,0.003,0.003,,,,
555,0.1385,,0.002,0.066,0.7945,0.075,,0.025,0.179,,,,1.439,,0.0,0.001,,,,,0.003,0.003,,,,
556,0.139,,0.0025,0.066,0.5895,0.075,,0.025,0.14750000000000002,,,,1.4344999999999999,,0.0,0.001,,,,,0.003,0.003,,,,
557,0.139,,0.002,0.066,4.1605,0.075,,0.025,0.16749999999999998,,,,1.4344999999999999,,0.0,0.001,,,,,0.003,0.003,,,,
558,0.1385,,0.002,0.066,0.9380000000000001,0.075,,0.025,0.3085,,,,1.435,,0.0,0.001,,,,,0.003,0.003,,,,
559,0.1385,,0.002,0.066,0.1925,0.075,,0.025,0.6425,,,,1.439,,0.0,0.001,,,,,0.003,0.003,,,,
560,2.4175,,0.29,1.1695,5.7395,1.3505,,0.4245,4.4485,,,1.0241666666666667,,,0.0,0.012000000000000002,,,,,0.1765,0.17300000000000001,,,,
561,0.1385,,0.002,0.066,0.516,0.075,,0.025,0.29650000000000004,,,,1.449,,0.0,0.001,,,,,0.003,0.003,,,,
562,0.138,,0.0025,0.066,0.301,0.075,,0.025,0.459,,,,1.4505,,0.0,0.001,,,,,0.003,0.003,,,,
563,0.1385,,0.002,0.066,3.096,0.076,,0.025,0.279,,,,1.434,,0.0,0.001,,,,,0.003,0.003,,,,
564,0.139,,0.002,0.066,1.614,0.076,,0.025,0.16549999999999998,,,,1.434,,0.0,0.001,,,,,0.003,0.003,,,,
565,0.138,,0.002,0.066,0.1785,0.0755,,0.025,0.651,,,,1.4329999999999998,,0.0,0.001,,,,,0.003,0.003,,,,
566,0.139,,0.002,0.0655,2.9215,0.076,,0.025,0.1315,,,,1.408,,0.0,0.001,,,,,0.003,0.003,,,,
567,0.139,,0.002,0.0655,1.15,0.076,,0.025,0.372,,,,1.412,,0.0,0.001,,,,,0.003,0.003,,,,
568,0.139,,0.002,0.0655,0.1515,0.076,,0.025,0.788,,,,1.4135,,0.0,0.001,,,,,0.003,0.003,,,,
569,0.139,,0.002,0.066,3.0345000000000004,0.076,,0.025,2.511,,,,1.4104999999999999,,0.0,0.001,,,,,0.003,0.003,,,,
570,0.139,,0.002,0.065,5.8885000000000005,0.076,,0.025,1.1199999999999999,,,,1.4095,,0.0,0.001,,,,,0.003,0.003,,,,
571,0.139,,0.002,0.066,1.9335,0.076,,0.025,5.651,,,,1.4125,,0.0,0.001,,,,,0.003,0.003,,,,
572,0.139,,0.002,0.065,3.0745,0.076,,0.025,2.1710000000000003,,,,1.416,,0.0,0.001,,,,,0.003,0.003,,,,
573,0.139,,0.002,0.0655,1.8570000000000002,0.076,,0.025,1.393,,,,1.412,,0.0,0.001,,,,,0.003,0.003,,,,
574,1.9220000000000002,,0.23700000000000002,0.9485000000000001,3.5875,1.1305,,0.3565,3.976,,,0.8866666666666667,,,0.0,0.010333333333333333,,,,,0.0885,0.087,,,,
575,0.1385,,0.002,0.066,2.02,0.0755,,0.025,0.3275,,,,1.4344999999999999,,0.0,0.001,,,,,0.003,0.003,,,,
576,0.1385,,0.002,0.066,0.8295,0.075,,0.025,0.6495,,,,1.4365,,0.0,0.001,,,,,0.003,0.003,,,,
577,0.1385,,0.002,0.066,0.384,0.075,,0.025,0.8320000000000001,,,,1.44,,0.0,0.001,,,,,0.003,0.003,,,,
578,0.139,,0.002,0.066,1.8475,0.0755,,0.025,0.3945,,,,1.4344999999999999,,0.0,0.001,,,,,0.003,0.003,,,,
579,0.138,,0.002,0.066,0.827,0.0755,,0.025,0.2885,,,,1.4415,,0.0,0.001,,,,,0.003,0.003,,,,
580,0.1385,,0.002,0.066,0.4875,0.075,,0.025,0.738,,,,1.4425,,0.0,0.001,,,,,0.003,0.003,,,,
581,0.1385,,0.002,0.066,2.059,0.0755,,0.025,0.439,,,,1.443,,0.0,0.001,,,,,0.003,0.003,,,,
582,0.139,,0.0025,0.066,0.9125,0.0755,,0.025,0.3825,,,,1.4405000000000001,,0.0,0.001,,,,,0.003,0.003,,,,
583,0.139,,0.002,0.066,0.383,0.0755,,0.025,0.898,,,,1.4405000000000001,,0.0,0.001,,,,,0.003,0.003,,,,
584,0.1385,,0.002,0.066,2.1550000000000002,0.075,,0.025,1.429,,,,1.4425,,0.0,0.001,,,,,0.003,0.003,,,,
585,0.1395,,0.002,0.066,1.5290000000000001,0.0755,,0.025,1.417,,,,1.443,,0.0,0.001,,,,,0.003,0.003,,,,
586,0.1385,,0.002,0.066,0.506,0.076,,0.025,1.059,,,,1.442,,0.0,0.001,,,,,0.003,0.003,,,,
587,0.1385,,0.002,0.066,1.8385,0.075,,0.025,0.2395,,,,1.441,,0.0,0.001,,,,,0.003,0.003,,,,
588,0.138,,0.002,0.066,1.5070000000000001,0.0755,,0.025,1.744,,,,1.444,,0.0,0.001,,,,,0.003,0.003,,,,
589,0.138,,0.002,0.066,0.33299999999999996,0.075,,0.025,0.546,,,,1.4495,,0.0,0.001,,,,,0.003,0.003,,,,
590,0.139,,0.002,0.066,2.1300000000000003,0.075,,0.025,0.20350000000000001,,,,1.4465,,0.0,0.001,,,,,0.003,0.003,,,,
591,0.138,,0.002,0.066,1.492,0.075,,0.025,1.1455,,,,1.4475,,0.0,0.001,,,,,0.003,0.003,,,,
592,0.138,,0.002,0.066,0.4525,0.0755,,0.025,1.1165,,,,1.4449999999999998,,0.0,0.001,,,,,0.003,0.003,,,,
593,0.1385,,0.002,0.066,2.0995,0.075,,0.025,0.14600000000000002,,,,1.448,,0.0,0.001,,,,,0.003,0.003,,,,
594,0.1385,,0.002,0.066,1.422,0.0755,,0.025,1.137,,,,1.4465,,0.0,0.001,,,,,0.003,0.003,,,,
595,0.139,,0.002,0.066,0.8225,0.0755,,0.025,0.5840000000000001,,,,1.4465,,0.0,0.001,,,,,0.003,0.003,,,,
596,0.1385,,0.002,0.066,2.1095,0.0755,,0.025,1.9055,,,,1.4489999999999998,,0.0,0.001,,,,,0.003,0.003,,,,
597,0.138,,0.002,0.066,1.558,0.075,,0.025,1.35,,,,1.449,,0.0,0.001,,,,,0.003,0.003,,,,
598,0.139,,0.002,0.0655,0.5915,0.076,,0.025,0.8295,,,,1.439,,0.0,0.001,,,,,0.003,0.003,,,,
599,0.1385,,0.002,0.0655,1.897,0.076,,0.025,0.0985,,,,1.4445000000000001,,0.0,0.001,,,,,0.003,0.003,,,,
600,0.139,,0.002,0.0655,1.519,0.0755,,0.025,1.3875,,,,1.4425,,0.0,0.001,,,,,0.003,0.003,,,,
601,0.1395,,0.002,0.0655,0.5529999999999999,0.076,,0.025,1.21,,,,1.443,,0.0,0.001,,,,,0.003,0.003,,,,
602,0.139,,0.002,0.0655,2.051,0.076,,0.025,0.137,,,,1.4435,,0.0,0.001,,,,,0.003,0.003,,,,
603,0.139,,0.002,0.066,1.5075,0.076,,0.025,1.6844999999999999,,,,1.4455,,0.0,0.001,,,,,0.003,0.003,,,,
604,0.139,,0.002,0.066,0.2025,0.076,,0.025,1.9640000000000002,,,,1.4449999999999998,,0.0,0.001,,,,,0.003,0.003,,,,
605,0.139,,0.0025,0.0655,2.2975,0.076,,0.025,0.3765,,,,1.443,,0.0,0.001,,,,,0.003,0.003,,,,
606,0.139,,0.002,0.0655,1.7235,0.076,,0.025,1.365,,,,1.447,,0.0,0.001,,,,,0.003,0.003,,,,
607,0.139,,0.002,0.0655,0.0915,0.076,,0.025,0.454,,,,1.4475,,0.0,0.001,,,,,0.003,0.003,,,,
608,0.1385,,0.002,0.066,2.125,0.076,,0.025,0.947,,,,1.4449999999999998,,0.0,0.001,,,,,0.003,0.003,,,,
609,1.62,,0.20450000000000002,0.936,2.807,0.984,,0.35,3.2175000000000002,,,0.3323333333333333,,,0.0,0.0033333333333333335,,,,,0.06,0.0595,,,,
610,0.139,,0.002,0.066,0.135,0.076,,0.025,0.34700000000000003,,,,1.463,,0.0,0.001,,,,,0.003,0.003,,,,
611,0.1385,,0.002,0.066,2.1785,0.075,,0.025,0.2545,,,,1.4655,,0.0,0.001,,,,,0.003,0.003,,,,
612,0.139,,0.002,0.066,1.0095,0.076,,0.025,0.273,,,,1.463,,0.0,0.001,,,,,0.003,0.003,,,,
613,0.1385,,0.002,0.066,0.2765,0.0755,,0.025,0.33899999999999997,,,,1.464,,0.0,0.001,,,,,0.003,0.003,,,,
614,0.139,,0.0025,0.066,2.041,0.0755,,0.025,0.22999999999999998,,,,1.4605000000000001,,0.0,0.001,,,,,0.003,0.003,,,,
615,0.138,,0.002,0.066,0.476,0.076,,0.025,0.17099999999999999,,,,1.444,,0.0,0.001,,,,,0.003,0.003,,,,
616,0.139,,0.002,0.066,0.5585,0.0755,,0.025,1.1935,,,,1.439,,0.0,0.001,,,,,0.003,0.003,,,,
617,0.1385,,0.002,0.066,2.1395,0.075,,0.025,4.3705,,,,1.444,,0.0,0.001,,,,,0.003,0.003,,,,
618,0.1385,,0.002,0.066,1.2925000000000002,0.075,,0.025,0.31,,,,1.4395,,0.0,0.001,,,,,0.003,0.003,,,,
619,0.1385,,0.002,0.066,2.4110000000000005,0.0755,,0.025,3.322,,,,1.4465,,0.0,0.001,,,,,0.003,0.003,,,,
620,0.139,,0.002,0.0655,2.0755,0.076,,0.025,0.126,,,,1.435,,0.0,0.001,,,,,0.003,0.003,,,,
621,0.139,,0.002,0.0655,0.5505000000000001,0.076,,0.025,0.73,,,,1.4395,,0.0,0.001,,,,,0.003,0.003,,,,
622,0.1385,,0.002,0.066,0.198,0.076,,0.025,0.4155,,,,1.44,,0.0,0.001,,,,,0.003,0.003,,,,
623,0.139,,0.002,0.0655,1.947,0.076,,0.025,0.419,,,,1.4385,,0.0,0.001,,,,,0.003,0.003,,,,
624,0.1385,,0.002,0.0655,0.4095,0.076,,0.025,0.17750000000000002,,,,1.4365,,0.0,0.001,,,,,0.003,0.003,,,,
625,0.139,,0.002,0.0655,4.5760000000000005,0.076,,0.025,1.8575,,,,1.4385,,0.0,0.001,,,,,0.003,0.003,,,,
626,0.1385,,0.002,0.065,1.977,0.0755,,0.025,0.121,,,,1.436,,0.0,0.001,,,,,0.003,0.003,,,,
627,0.139,,0.002,0.0655,0.373,0.076,,0.025,0.39449999999999996,,,,1.4129999999999998,,0.0,0.001,,,,,0.003,0.003,,,,
628,0.139,,0.002,0.066,0.9925,0.0755,,0.025,2.3795,,,,1.4144999999999999,,0.0,0.001,,,,,0.003,0.003,,,,
629,0.139,,0.002,0.066,4.061,0.0755,,0.025,0.33949999999999997,,,,1.4169999999999998,,0.0,0.001,,,,,0.003,0.003,,,,
630,0.139,,0.0025,0.066,0.3545,0.076,,0.025,0.3575,,,,1.4135,,0.0,0.001,,,,,0.003,0.003,,,,
631,0.1385,,0.002,0.066,2.533,0.076,,0.025,7.5335,,,,1.4129999999999998,,0.0,0.001,,,,,0.003,0.003,,,,
632,0.139,,0.002,0.066,3.7305,0.076,,0.025,3.0555000000000003,,,,1.416,,0.0,0.001,,,,,0.003,0.003,,,,
633,0.1385,,0.002,0.066,1.2185,0.076,,0.025,1.0905,,,,1.412,,0.0,0.001,,,,,0.003,0.003,,,,
634,0.139,,0.002,0.065,4.3745,0.076,,0.025,3.4205,,,,1.4104999999999999,,0.0,0.001,,,,,0.003,0.003,,,,
635,0.1385,,0.002,0.0655,3.5105,0.076,,0.025,0.1615,,,,1.409,,0.0,0.001,,,,,0.003,0.003,,,,
636,0.139,,0.0025,0.0655,0.763,0.076,,0.025,0.279,,,,1.4125,,0.0,0.001,,,,,0.003,0.003,,,,
637,0.139,,0.002,0.065,5.1285,0.076,,0.025,4.398000000000001,,,,1.411,,0.0,0.001,,,,,0.003,0.003,,,,
638,0.139,,0.002,0.066,3.1555,0.076,,0.025,0.489,,,,1.415,,0.0,0.001,,,,,0.003,0.003,,,,
639,0.139,,0.002,0.0655,1.038,0.076,,0.025,0.39499999999999996,,,,1.415,,0.0,0.001,,,,,0.003,0.003,,,,
640,0.139,,0.002,0.0655,3.076,0.076,,0.025,3.7435,,,,1.4125,,0.0,0.001,,,,,0.003,0.003,,,,
641,0.139,,0.002,0.0655,3.2765,0.076,,0.025,0.7585000000000001,,,,1.4144999999999999,,0.0,0.001,,,,,0.003,0.003,,,,
642,0.1395,,0.002,0.0655,1.0365,0.076,,0.025,0.4965,,,,1.4129999999999998,,0.0,0.001,,,,,0.003,0.003,,,,
643,0.139,,0.002,0.065,5.5735,0.076,,0.025,5.2395,,,,1.417,,0.0,0.001,,,,,0.003,0.003,,,,
644,0.139,,0.002,0.0655,2.443,0.076,,0.025,0.9755,,,,1.4140000000000001,,0.0,0.001,,,,,0.003,0.003,,,,
645,0.1395,,0.002,0.0655,1.12,0.0755,,0.025,0.448,,,,1.4184999999999999,,0.0,0.001,,,,,0.003,0.003,,,,
646,0.139,,0.002,0.066,5.0495,0.076,,0.025,4.224500000000001,,,,1.414,,0.0,0.001,,,,,0.003,0.003,,,,
647,0.139,,0.002,0.066,3.229,0.076,,0.025,0.10950000000000001,,,,1.418,,0.0,0.001,,,,,0.003,0.003,,,,
648,0.139,,0.002,0.0655,1.005,0.076,,0.025,3.593,,,,1.4175,,0.0,0.001,,,,,0.003,0.003,,,,
649,0.139,,0.002,0.0655,5.224500000000001,0.076,,0.025,4.013,,,,1.4205,,0.0,0.001,,,,,0.003,0.003,,,,
650,0.139,,0.002,0.0655,3.3794999999999997,0.0755,,0.025,0.20400000000000001,,,,1.4115,,0.0,0.001,,,,,0.003,0.003,,,,
651,0.139,,0.002,0.0655,1.1035,0.076,,0.025,1.8599999999999999,,,,1.4055,,0.0,0.001,,,,,0.003,0.003,,,,
652,0.1385,,0.002,0.0655,5.032500000000001,0.0755,,0.025,4.184,,,,1.414,,0.0,0.001,,,,,0.003,0.003,,,,
653,0.139,,0.002,0.0655,5.3165000000000004,0.076,,0.025,3.853,,,,1.411,,0.0,0.001,,,,,0.003,0.003,,,,
654,0.139,,0.002,0.0655,0.947,0.0755,,0.025,3.1715,,,,1.413,,0.0,0.001,,,,,0.003,0.003,,,,
655,0.1395,,0.0025,0.0655,5.5105,0.076,,0.025,4.960500000000001,,,,1.4144999999999999,,0.0,0.001,,,,,0.003,0.003,,,,
656,0.139,,0.002,0.066,3.236,0.076,,0.025,0.3265,,,,1.4135,,0.0,0.001,,,,,0.003,0.003,,,,
657,0.139,,0.002,0.066,0.315,0.076,,0.025,0.327,,,,1.4104999999999999,,0.0,0.001,,,,,0.003,0.003,,,,
658,0.139,,0.002,0.066,5.4185,0.076,,0.025,4.5125,,,,1.4140000000000001,,0.0,0.001,,,,,0.003,0.003,,,,
659,0.139,,0.002,0.065,3.2935000000000003,0.076,,0.025,0.548,,,,1.416,,0.0,0.001,,,,,0.003,0.003,,,,
660,0.139,,0.002,0.0655,0.727,0.076,,0.025,0.2325,,,,1.4144999999999999,,0.0,0.001,,,,,0.003,0.003,,,,
661,0.139,,0.002,0.065,3.5495,0.0755,,0.025,7.264,,,,1.414,,0.0,0.001,,,,,0.003,0.003,,,,
662,0.139,,0.002,0.066,3.6905,0.076,,0.025,1.5270000000000001,,,,1.417,,0.0,0.001,,,,,0.003,0.003,,,,
663,0.139,,0.002,0.066,0.17700000000000002,0.076,,0.025,0.24500000000000002,,,,1.4215,,0.0,0.001,,,,,0.003,0.003,,,,
664,0.139,,0.002,0.066,5.511,0.076,,0.025,4.9990000000000006,,,,1.3995000000000002,,0.0,0.001,,,,,0.003,0.003,,,,
665,0.139,,0.002,0.066,3.3585000000000003,0.076,,0.025,1.574,,,,1.3935,,0.0,0.001,,,,,0.003,0.003,,,,
666,0.139,,0.002,0.0655,0.9395,0.076,,0.025,0.5605,,,,1.4005,,0.0,0.001,,,,,0.003,0.003,,,,
667,0.139,,0.002,0.066,5.287,0.076,,0.025,5.0615000000000006,,,,1.4005,,0.0,0.001,,,,,0.003,0.003,,,,
668,0.139,,0.002,0.065,5.2085,0.076,,0.025,0.7385,,,,1.4015,,0.0,0.001,,,,,0.003,0.003,,,,
669,0.139,,0.002,0.066,0.1915,0.076,,0.025,0.7585,,,,1.4025,,0.0,0.001,,,,,0.003,0.003,,,,
670,0.139,,0.002,0.0655,5.2055,0.0765,,0.025,5.0104999999999995,,,,1.4060000000000001,,0.0,0.001,,,,,0.003,0.003,,,,
671,0.139,,0.002,0.0655,3.3930000000000002,0.076,,0.025,0.21250000000000002,,,,1.4060000000000001,,0.0,0.001,,,,,0.003,0.003,,,,
672,0.1395,,0.002,0.065,0.40349999999999997,0.076,,0.025,1.5055,,,,1.4055,,0.0,0.001,,,,,0.003,0.003,,,,
673,0.1385,,0.002,0.065,5.525,0.076,,0.025,4.6385000000000005,,,,1.4075,,0.0,0.001,,,,,0.003,0.003,,,,
674,0.139,,0.002,0.0655,3.236,0.076,,0.025,0.33549999999999996,,,,1.4040000000000001,,0.0,0.001,,,,,0.003,0.003,,,,
675,0.139,,0.002,0.065,0.2665,0.076,,0.025,0.573,,,,1.4085,,0.0,0.001,,,,,0.003,0.003,,,,
676,0.1395,,0.002,0.065,5.4085,0.076,,0.025,5.345000000000001,,,,1.411,,0.0,0.001,,,,,0.003,0.003,,,,
677,0.139,,0.002,0.065,3.3675,0.076,,0.025,0.356,,,,1.407,,0.0,0.001,,,,,0.003,0.003,,,,
678,0.1385,,0.002,0.0655,0.2015,0.076,,0.025,0.523,,,,1.4045,,0.0,0.001,,,,,0.003,0.003,,,,
679,0.139,,0.002,0.0655,3.7239999999999998,0.076,,0.025,5.1370000000000005,,,,1.409,,0.0,0.001,,,,,0.003,0.003,,,,
680,0.139,,0.002,0.0655,3.5375,0.076,,0.025,1.9665000000000001,,,,1.4064999999999999,,0.0,0.001,,,,,0.003,0.003,,,,
681,0.139,,0.0025,0.066,0.7370000000000001,0.076,,0.025,0.0915,,,,1.4095,,0.0,0.001,,,,,0.003,0.003,,,,
682,0.139,,0.002,0.066,5.3415,0.076,,0.025,5.03,,,,1.407,,0.0,0.001,,,,,0.003,0.003,,,,
683,0.139,,0.002,0.066,3.8195,0.076,,0.025,1.9765,,,,1.4105,,0.0,0.001,,,,,0.003,0.003,,,,
684,0.139,,0.002,0.0655,1.5935,0.076,,0.025,3.9765,,,,1.408,,0.0,0.001,,,,,0.003,0.003,,,,
685,0.1385,,0.002,0.0655,4.6775,0.076,,0.025,5.139,,,,1.397,,0.0,0.001,,,,,0.003,0.003,,,,
686,0.139,,0.002,0.0655,4.716,0.076,,0.025,1.843,,,,1.3970000000000002,,0.0,0.001,,,,,0.003,0.003,,,,
687,0.1385,,0.002,0.0655,0.793,0.076,,0.025,0.367,,,,1.3995000000000002,,0.0,0.001,,,,,0.003,0.003,,,,
688,0.139,,0.002,0.0655,5.3839999999999995,0.076,,0.025,5.2075,,,,1.3985,,0.0,0.001,,,,,0.003,0.003,,,,
689,0.1395,,0.002,0.0655,2.3674999999999997,0.076,,0.025,0.5435000000000001,,,,1.3985,,0.0,0.001,,,,,0.003,0.003,,,,
690,0.1385,,0.002,0.0655,1.1955,0.076,,0.025,2.5475,,,,1.4025,,0.0,0.001,,,,,0.003,0.003,,,,
691,0.139,,0.002,0.066,5.445,0.076,,0.025,4.899000000000001,,,,1.4025,,0.0,0.001,,,,,0.003,0.003,,,,
692,0.1385,,0.002,0.066,1.652,0.076,,0.025,4.764,,,,1.399,,0.0,0.001,,,,,0.003,0.003,,,,
693,0.139,,0.002,0.066,0.5415,0.076,,0.025,1.5090000000000001,,,,1.3980000000000001,,0.0,0.001,,,,,0.003,0.003,,,,
694,0.139,,0.002,0.0655,5.237500000000001,0.076,,0.025,5.188,,,,1.3995000000000002,,0.0,0.001,,,,,0.003,0.003,,,,
695,0.1385,,0.002,0.0655,3.388,0.0755,,0.025,0.3635,,,,1.4025,,0.0,0.001,,,,,0.003,0.003,,,,
696,0.1385,,0.002,0.0655,0.1005,0.076,,0.025,0.29,,,,1.401,,0.0,0.001,,,,,0.003,0.003,,,,
697,0.139,,0.002,0.065,5.364000000000001,0.076,,0.025,5.1995,,,,1.4000000000000001,,0.0,0.001,,,,,0.003,0.003,,,,
698,0.1395,,0.002,0.0655,3.6195,0.076,,0.025,0.257,,,,1.407,,0.0,0.001,,,,,0.003,0.003,,,,
699,0.139,,0.002,0.066,0.636,0.076,,0.025,0.2,,,,1.4,,0.0,0.001,,,,,0.003,0.003,,,,
700,2.0995,,0.26,1.1320000000000001,7.9045,1.1705,,0.4215,7.2989999999999995,,,2.1254999999999997,,,0.0,0.025,,,,,0.1235,0.1235,,,,
701,1.9015,,0.232,0.9375,6.306,1.0245,,0.3545,3.945,,,1.6880000000000002,,,0.0,0.018000000000000002,,,,,0.0765,0.08,,,,
702,0.1385,,0.002,0.0655,0.333,0.076,,0.025,0.9635,,,,1.4485000000000001,,0.0,0.001,,,,,0.003,0.003,,,,
703,0.139,,0.002,0.066,6.5745,0.076,,0.025,3.912,,,,1.452,,0.0,0.001,,,,,0.003,0.003,,,,
704,0.1385,,0.002,0.066,3.6765,0.076,,0.025,0.3275,,,,1.4515,,0.0,0.001,,,,,0.003,0.003,,,,
705,0.1385,,0.002,0.066,0.32,0.0755,,0.025,0.4905,,,,1.4545,,0.0,0.001,,,,,0.003,0.003,,,,
706,0.139,,0.002,0.066,4.321000000000001,0.076,,0.025,3.7715,,,,1.4475,,0.0,0.001,,,,,0.003,0.003,,,,
707,0.139,,0.002,0.0655,4.1935,0.076,,0.025,0.169,,,,1.4535,,0.0,0.001,,,,,0.003,0.003,,,,
708,0.139,,0.002,0.066,0.08549999999999999,0.0755,,0.025,0.0865,,,,1.4565000000000001,,0.0,0.001,,,,,0.003,0.003,,,,
709,0.139,,0.002,0.0655,4.66,0.076,,0.025,3.9835000000000003,,,,1.454,,0.0,0.001,,,,,0.003,0.003,,,,
710,0.139,,0.002,0.0655,3.727,0.0755,,0.025,0.4125,,,,1.4540000000000002,,0.0,0.001,,,,,0.003,0.003,,,,
711,0.605,,0.046,0.34400000000000003,1.3775,0.4165,,0.14250000000000002,2.8855,,,0.2255,,,0.0,0.004,,,,,0.0215,0.021,,,,
712,0.1385,,0.002,0.0655,4.3315,0.0755,,0.025,2.828,,,,1.4535,,0.0,0.001,,,,,0.003,0.003,,,,
713,0.139,,0.002,0.066,3.2735000000000003,0.0755,,0.025,0.9875,,,,1.4569999999999999,,0.0,0.001,,,,,0.003,0.003,,,,
714,0.139,,0.002,0.0655,0.1835,0.076,,0.025,0.68,,,,1.4595,,0.0,0.001,,,,,0.003,0.003,,,,
715,0.139,,0.002,0.0655,4.4675,0.076,,0.025,3.396,,,,1.4635,,0.0,0.001,,,,,0.003,0.003,,,,
716,0.139,,0.002,0.066,3.737,0.076,,0.025,0.20750000000000002,,,,1.4625,,0.0,0.001,,,,,0.003,0.003,,,,
717,0.139,,0.002,0.066,1.177,0.0755,,0.025,0.555,,,,1.4605000000000001,,0.0,0.001,,,,,0.003,0.003,,,,
718,0.1395,,0.002,0.0655,4.594,0.0755,,0.025,4.224,,,,1.4595,,0.0,0.001,,,,,0.003,0.003,,,,
719,0.139,,0.002,0.0655,3.3725,0.0755,,0.025,0.2845,,,,1.4625,,0.0,0.001,,,,,0.003,0.003,,,,
720,0.139,,0.002,0.0655,0.5295,0.076,,0.025,0.8475,,,,1.4615,,0.0,0.001,,,,,0.003,0.003,,,,
721,0.139,,0.0025,0.0655,4.7035,0.076,,0.025,4.449,,,,1.463,,0.0,0.001,,,,,0.003,0.003,,,,
722,0.139,,0.002,0.0655,3.672,0.076,,0.025,0.371,,,,1.4605000000000001,,0.0,0.001,,,,,0.003,0.003,,,,
723,0.9895,,0.0955,0.5415000000000001,1.7360000000000002,0.5635000000000001,,0.217,2.4130000000000003,,,0.4445,,,0.0,0.005,,,,,0.0325,0.0305,,,,
724,0.139,,0.002,0.065,4.8735,0.076,,0.025,3.3095,,,,1.4100000000000001,,0.0,0.001,,,,,0.003,0.003,,,,
725,0.1385,,0.002,0.066,3.609,0.0755,,0.025,0.308,,,,1.412,,0.0,0.001,,,,,0.003,0.003,,,,
726,0.139,,0.002,0.0655,0.6575000000000001,0.076,,0.025,0.1565,,,,1.414,,0.0,0.001,,,,,0.003,0.003,,,,
727,0.1385,,0.002,0.0655,5.087,0.0755,,0.025,4.6615,,,,1.411,,0.0,0.001,,,,,0.003,0.003,,,,
728,2.8795,,0.3365,1.357,7.695,1.6365,,0.499,4.814500000000001,,,3.444,,,0.0,0.0455,,,,,0.2095,0.20350000000000001,,,,
729,0.5765,,0.023,0.266,0.8125,0.2785,,0.1205,2.532,,,0.14200000000000002,,,0.0,0.003,,,,,0.017,0.016,,,,
730,0.138,,0.002,0.065,4.7865,0.076,,0.025,3.07,,,,1.4645000000000001,,0.0,0.001,,,,,0.003,0.003,,,,
731,0.139,,0.002,0.0655,3.455,0.076,,0.025,0.122,,,,1.4620000000000002,,0.0,0.001,,,,,0.003,0.003,,,,
732,0.139,,0.002,0.066,1.967,0.076,,0.025,0.304,,,,1.4609999999999999,,0.0,0.001,,,,,0.003,0.003,,,,
733,0.1385,,0.002,0.0655,4.791,0.076,,0.025,1.0725,,,,1.462,,0.0,0.001,,,,,0.003,0.003,,,,
734,0.139,,0.002,0.0655,3.4525,0.076,,0.025,0.1275,,,,1.46,,0.0,0.001,,,,,0.003,0.003,,,,
735,0.1385,,0.002,0.065,0.096,0.076,,0.025,0.4305,,,,1.462,,0.0,0.001,,,,,0.003,0.003,,,,
736,0.139,,0.002,0.0655,6.7645,0.076,,0.025,4.041,,,,1.4645000000000001,,0.0,0.001,,,,,0.003,0.003,,,,
737,0.1385,,0.002,0.065,3.3875,0.076,,0.025,0.123,,,,1.464,,0.0,0.001,,,,,0.003,0.003,,,,
738,0.139,,0.002,0.0655,0.313,0.076,,0.025,0.2025,,,,1.4625,,0.0,0.001,,,,,0.003,0.003,,,,
739,0.139,,0.002,0.065,2.0549999999999997,0.076,,0.025,0.1525,,,,1.4649999999999999,,0.0,0.001,,,,,0.003,0.003,,,,
740,0.139,,0.002,0.066,3.192,0.076,,0.025,0.5790000000000001,,,,1.468,,0.0,0.001,,,,,0.003,0.003,,,,
741,0.1385,,0.002,0.0655,5.1160000000000005,0.076,,0.025,0.6795000000000001,,,,1.469,,0.0,0.001,,,,,0.003,0.003,,,,
742,0.1385,,0.002,0.066,5.1365,0.076,,0.025,4.195,,,,1.4695,,0.0,0.001,,,,,0.003,0.003,,,,
743,0.139,,0.002,0.066,3.0105000000000004,0.076,,0.025,1.7345,,,,1.4715,,0.0,0.001,,,,,0.003,0.003,,,,
744,0.139,,0.002,0.066,0.5750000000000001,0.076,,0.025,0.288,,,,1.4665,,0.0,0.001,,,,,0.003,0.003,,,,
745,0.139,,0.002,0.066,4.835,0.076,,0.025,4.5815,,,,1.4725000000000001,,0.0,0.001,,,,,0.003,0.003,,,,
746,0.139,,0.002,0.066,3.049,0.076,,0.025,0.24200000000000002,,,,1.468,,0.0,0.001,,,,,0.003,0.003,,,,
747,0.139,,0.002,0.065,0.719,0.076,,0.025,0.23550000000000001,,,,1.4700000000000002,,0.0,0.001,,,,,0.003,0.003,,,,
748,0.139,,0.002,0.0655,5.030500000000001,0.076,,0.025,3.968,,,,1.4685000000000001,,0.0,0.001,,,,,0.003,0.003,,,,
749,0.139,,0.002,0.0655,3.2395,0.076,,0.025,1.833,,,,1.4705,,0.0,0.001,,,,,0.003,0.003,,,,
750,0.139,,0.0025,0.066,0.8975000000000001,0.076,,0.025,0.303,,,,1.473,,0.0,0.001,,,,,0.003,0.003,,,,
751,0.139,,0.002,0.0655,5.2465,0.076,,0.025,4.496,,,,1.4729999999999999,,0.0,0.001,,,,,0.003,0.003,,,,
752,0.1385,,0.002,0.0655,2.1225,0.076,,0.025,0.533,,,,1.4689999999999999,,0.0,0.001,,,,,0.003,0.003,,,,
753,0.139,,0.002,0.0655,0.447,0.076,,0.025,0.7065,,,,1.472,,0.0,0.001,,,,,0.003,0.003,,,,
754,0.139,,0.002,0.0655,5.172000000000001,0.076,,0.025,4.3035000000000005,,,,1.471,,0.0,0.001,,,,,0.003,0.003,,,,
755,0.139,,0.002,0.066,3.159,0.076,,0.025,0.7215,,,,1.476,,0.0,0.001,,,,,0.003,0.003,,,,
756,0.139,,0.002,0.0655,0.7240000000000001,0.0755,,0.025,0.8480000000000001,,,,1.4755,,0.0,0.001,,,,,0.003,0.003,,,,
757,0.139,,0.002,0.066,5.268,0.076,,0.025,4.796,,,,1.4705,,0.0,0.001,,,,,0.003,0.003,,,,
758,0.1395,,0.002,0.065,2.7665,0.076,,0.025,0.727,,,,1.473,,0.0,0.001,,,,,0.003,0.003,,,,
759,0.1385,,0.002,0.0655,2.595,0.076,,0.025,1.1885000000000001,,,,1.4795,,0.0,0.001,,,,,0.003,0.003,,,,
760,0.139,,0.002,0.0655,5.096,0.076,,0.025,4.63,,,,1.4765000000000001,,0.0,0.001,,,,,0.003,0.003,,,,
761,0.139,,0.002,0.0655,3.1665,0.076,,0.025,0.761,,,,1.48,,0.0,0.001,,,,,0.003,0.003,,,,
762,0.139,,0.002,0.066,2.3625000000000003,0.076,,0.025,2.0225,,,,1.475,,0.0,0.001,,,,,0.003,0.003,,,,
763,0.139,,0.002,0.066,5.106,0.076,,0.025,4.123,,,,1.4785,,0.0,0.001,,,,,0.003,0.003,,,,
764,0.139,,0.002,0.065,3.0955,0.076,,0.025,0.548,,,,1.481,,0.0,0.001,,,,,0.003,0.003,,,,
765,0.1385,,0.002,0.066,2.1745,0.076,,0.025,3.559,,,,1.479,,0.0,0.001,,,,,0.003,0.003,,,,
766,0.139,,0.002,0.065,5.117,0.076,,0.025,4.075,,,,1.484,,0.0,0.001,,,,,0.003,0.003,,,,
767,0.1395,,0.002,0.0655,2.9115,0.076,,0.025,0.7484999999999999,,,,1.4805000000000001,,0.0,0.001,,,,,0.003,0.003,,,,
768,0.1385,,0.002,0.065,2.326,0.076,,0.025,1.738,,,,1.4780000000000002,,0.0,0.001,,,,,0.003,0.003,,,,
769,0.139,,0.002,0.066,5.007499999999999,0.076,,0.025,4.008,,,,1.481,,0.0,0.001,,,,,0.003,0.003,,,,
770,0.139,,0.002,0.0655,3.2584999999999997,0.076,,0.025,0.894,,,,1.479,,0.0,0.001,,,,,0.003,0.003,,,,
771,0.139,,0.002,0.066,2.3255,0.076,,0.025,0.706,,,,1.479,,0.0,0.001,,,,,0.003,0.003,,,,
772,0.139,,0.002,0.0655,5.037000000000001,0.076,,0.025,4.1365,,,,1.48,,0.0,0.001,,,,,0.003,0.003,,,,
773,0.139,,0.002,0.0655,3.33,0.076,,0.025,0.8735,,,,1.4849999999999999,,0.0,0.001,,,,,0.003,0.003,,,,
774,0.139,,0.002,0.0655,1.5805,0.076,,0.025,4.409000000000001,,,,1.4845000000000002,,0.0,0.001,,,,,0.003,0.003,,,,
775,0.139,,0.002,0.0655,5.093,0.076,,0.025,4.473000000000001,,,,1.4825,,0.0,0.001,,,,,0.003,0.003,,,,
776,0.139,,0.002,0.0655,3.2784999999999997,0.0755,,0.025,0.5045000000000001,,,,1.4705,,0.0,0.001,,,,,0.003,0.003,,,,
777,0.1385,,0.002,0.0655,1.6185,0.076,,0.025,0.097,,,,1.4705,,0.0,0.001,,,,,0.003,0.003,,,,
778,0.139,,0.002,0.066,5.071,0.076,,0.025,3.941,,,,1.47,,0.0,0.001,,,,,0.003,0.003,,,,
779,0.139,,0.002,0.066,3.5865,0.076,,0.025,0.37,,,,1.4745,,0.0,0.001,,,,,0.003,0.003,,,,
780,0.139,,0.002,0.0655,0.6005,0.076,,0.025,1.0865,,,,1.4725000000000001,,0.0,0.001,,,,,0.003,0.003,,,,
781,0.139,,0.002,0.066,4.9965,0.076,,0.025,5.614000000000001,,,,1.47,,0.0,0.001,,,,,0.003,0.003,,,,
782,0.1385,,0.002,0.0655,3.5215,0.076,,0.025,0.126,,,,1.4735,,0.0,0.001,,,,,0.003,0.003,,,,
783,0.1385,,0.002,0.065,0.7395,0.076,,0.025,0.1585,,,,1.4745,,0.0,0.001,,,,,0.003,0.003,,,,
784,0.139,,0.002,0.0655,5.2045,0.076,,0.025,1.7765000000000002,,,,1.4700000000000002,,0.0,0.001,,,,,0.003,0.003,,,,
785,0.139,,0.002,0.065,3.6334999999999997,0.076,,0.025,0.2945,,,,1.4729999999999999,,0.0,0.001,,,,,0.003,0.003,,,,
786,0.139,,0.002,0.0655,0.4115,0.0755,,0.025,0.7060000000000001,,,,1.4705,,0.0,0.001,,,,,0.003,0.003,,,,
787,0.139,,0.002,0.0655,5.0615000000000006,0.076,,0.025,1.739,,,,1.48,,0.0,0.001,,,,,0.003,0.003,,,,
788,0.139,,0.0025,0.0655,3.5585,0.076,,0.025,0.376,,,,1.4785,,0.0,0.001,,,,,0.003,0.003,,,,
789,0.139,,0.002,0.0655,0.972,0.076,,0.025,0.6829999999999999,,,,1.4820000000000002,,0.0,0.001,,,,,0.003,0.003,,,,
790,0.1395,,0.002,0.066,5.139,0.076,,0.025,4.389,,,,1.4865,,0.0,0.001,,,,,0.003,0.003,,,,
791,0.139,,0.002,0.066,3.5265,0.076,,0.025,0.24400000000000002,,,,1.478,,0.0,0.001,,,,,0.003,0.003,,,,
792,0.139,,0.002,0.0655,0.601,0.076,,0.025,0.27,,,,1.482,,0.0,0.001,,,,,0.003,0.003,,,,
793,0.139,,0.002,0.066,5.4375,0.076,,0.025,3.9410000000000003,,,,1.4769999999999999,,0.0,0.001,,,,,0.003,0.003,,,,
794,0.139,,0.002,0.0655,3.6985,0.076,,0.025,0.185,,,,1.476,,0.0,0.001,,,,,0.003,0.003,,,,
795,0.1395,,0.002,0.066,0.7255,0.076,,0.025,0.1355,,,,1.4805000000000001,,0.0,0.001,,,,,0.003,0.003,,,,
796,0.139,,0.002,0.066,3.481,0.076,,0.025,4.242500000000001,,,,1.4809999999999999,,0.0,0.001,,,,,0.003,0.003,,,,
797,0.139,,0.002,0.0655,3.5495,0.076,,0.025,3.0765,,,,1.4865,,0.0,0.001,,,,,0.003,0.003,,,,
798,0.139,,0.002,0.0655,0.6945,0.076,,0.025,0.1195,,,,1.4835,,0.0,0.001,,,,,0.003,0.003,,,,
799,0.1385,,0.002,0.0655,3.49,0.0755,,0.025,4.2555,,,,1.4725000000000001,,0.0,0.001,,,,,0.003,0.003,,,,
800,0.139,,0.0025,0.066,3.533,0.076,,0.025,0.093,,,,1.4685000000000001,,0.0,0.001,,,,,0.003,0.003,,,,
801,0.1395,,0.002,0.066,0.712,0.076,,0.025,0.7200000000000001,,,,1.476,,0.0,0.001,,,,,0.003,0.003,,,,
802,0.579,,0.024,0.269,4.0535,0.28150000000000003,,0.1155,3.834,,,0.1485,,,0.0,0.003,,,,,0.017,0.016,,,,
803,0.139,,0.002,0.0655,2.971,0.076,,0.025,0.1565,,,,1.4620000000000002,,0.0,0.001,,,,,0.003,0.003,,,,
804,0.139,,0.002,0.066,0.7075,0.076,,0.025,0.155,,,,1.4565000000000001,,0.0,0.001,,,,,0.003,0.003,,,,
805,0.1385,,0.002,0.066,4.3645000000000005,0.076,,0.025,4.6690000000000005,,,,1.4585,,0.0,0.001,,,,,0.003,0.003,,,,
806,0.1385,,0.002,0.066,2.0140000000000002,0.076,,0.025,2.291,,,,1.4609999999999999,,0.0,0.001,,,,,0.003,0.003,,,,
807,0.139,,0.002,0.065,0.553,0.076,,0.025,0.139,,,,1.4625,,0.0,0.001,,,,,0.003,0.003,,,,
808,0.139,,0.002,0.0655,1.209,0.076,,0.025,0.742,,,,1.46,,0.0,0.001,,,,,0.003,0.003,,,,
809,0.1385,,0.002,0.066,3.7030000000000003,0.076,,0.025,2.9405,,,,1.459,,0.0,0.001,,,,,0.003,0.003,,,,
810,0.1385,,0.002,0.0655,1.46,0.076,,0.025,2.032,,,,1.467,,0.0,0.001,,,,,0.003,0.003,,,,
811,0.139,,0.002,0.066,4.5755,0.076,,0.025,5.4715,,,,1.462,,0.0,0.001,,,,,0.003,0.003,,,,
812,0.1385,,0.002,0.065,2.121,0.076,,0.025,0.0995,,,,1.4665,,0.0,0.001,,,,,0.003,0.003,,,,
813,0.139,,0.002,0.0655,0.6275,0.076,,0.025,1.1345,,,,1.463,,0.0,0.001,,,,,0.003,0.003,,,,
814,0.139,,0.002,0.066,0.8935000000000001,0.076,,0.025,0.1975,,,,1.4660000000000002,,0.0,0.001,,,,,0.003,0.003,,,,
815,0.1385,,0.002,0.0655,3.3395,0.0755,,0.025,0.269,,,,1.462,,0.0,0.001,,,,,0.003,0.003,,,,
816,0.139,,0.002,0.0655,0.447,0.076,,0.025,0.685,,,,1.4620000000000002,,0.0,0.001,,,,,0.003,0.003,,,,
817,0.139,,0.002,0.065,6.7785,0.076,,0.025,1.2275,,,,1.463,,0.0,0.001,,,,,0.003,0.003,,,,
818,0.719,,0.0565,0.3405,4.16,0.41200000000000003,,0.14200000000000002,1.114,,,0.258,,,0.0,0.004,,,,,0.023,0.023,,,,
819,0.139,,0.002,0.0655,0.43850000000000006,0.076,,0.025,1.5190000000000001,,,,1.4540000000000002,,0.0,0.001,,,,,0.003,0.003,,,,
820,0.139,,0.002,0.065,4.6445,0.076,,0.025,2.026,,,,1.455,,0.0,0.001,,,,,0.003,0.003,,,,
821,0.1395,,0.002,0.066,5.0175,0.076,,0.025,1.127,,,,1.4505,,0.0,0.001,,,,,0.003,0.003,,,,
822,0.139,,0.002,0.0655,0.7045,0.076,,0.025,2.1195,,,,1.4565000000000001,,0.0,0.001,,,,,0.003,0.003,,,,
823,0.139,,0.002,0.065,4.686000000000001,0.076,,0.025500000000000002,5.2835,,,,1.4535,,0.0,0.001,,,,,0.003,0.003,,,,
824,0.139,,0.002,0.066,4.132499999999999,0.076,,0.025,0.20950000000000002,,,,1.457,,0.0,0.001,,,,,0.003,0.003,,,,
825,0.139,,0.002,0.066,1.119,0.076,,0.025,0.0945,,,,1.4575,,0.0,0.001,,,,,0.003,0.003,,,,
826,0.8574999999999999,,0.0745,0.384,5.7045,0.44,,0.1535,6.7695,,,0.3365,,,0.0,0.004,,,,,0.027000000000000003,0.027,,,,
827,0.139,,0.002,0.0655,3.1445,0.076,,0.025,0.36350000000000005,,,,1.4529999999999998,,0.0,0.001,,,,,0.003,0.003,,,,
828,0.1395,,0.002,0.065,0.951,0.076,,0.025,0.134,,,,1.455,,0.0,0.001,,,,,0.003,0.003,,,,
829,0.139,,0.002,0.066,2.815,0.076,,0.025,3.662,,,,1.457,,0.0,0.001,,,,,0.003,0.003,,,,
830,0.1395,,0.002,0.065,4.028,0.076,,0.025,4.269,,,,1.4609999999999999,,0.0,0.001,,,,,0.003,0.003,,,,
831,0.139,,0.0025,0.0655,1.6464999999999999,0.076,,0.025,1.7625000000000002,,,,1.459,,0.0,0.001,,,,,0.003,0.003,,,,
832,0.139,,0.002,0.065,1.54,0.076,,0.025,0.4115,,,,1.457,,0.0,0.001,,,,,0.003,0.003,,,,
833,1.0020000000000002,,0.10300000000000001,0.542,4.441000000000001,0.5665,,0.2145,4.125,,,0.4815,,,0.0,0.005,,,,,0.0315,0.0325,,,,
834,0.139,,0.002,0.066,0.3305,0.076,,0.025,0.1575,,,,1.4545,,0.0,0.001,,,,,0.003,0.003,,,,
835,0.1395,,0.002,0.066,4.436000000000001,0.076,,0.025,1.7705000000000002,,,,1.457,,0.0,0.001,,,,,0.003,0.003,,,,
836,0.1395,,0.002,0.0655,4.215,0.076,,0.025,2.701,,,,1.46,,0.0,0.001,,,,,0.003,0.003,,,,
837,0.139,,0.002,0.066,0.8725,0.076,,0.025,0.4245,,,,1.459,,0.0,0.001,,,,,0.003,0.003,,,,
838,0.139,,0.002,0.066,4.6285,0.076,,0.025,3.866,,,,1.4620000000000002,,0.0,0.001,,,,,0.003,0.003,,,,
839,0.1385,,0.002,0.065,4.797,0.076,,0.025,0.33599999999999997,,,,1.463,,0.0,0.001,,,,,0.003,0.003,,,,
840,0.139,,0.002,0.066,0.8065000000000001,0.076,,0.025,2.7095,,,,1.4635,,0.0,0.001,,,,,0.003,0.003,,,,
841,0.139,,0.002,0.066,4.642,0.076,,0.025,4.9705,,,,1.46,,0.0,0.001,,,,,0.003,0.003,,,,
842,0.139,,0.002,0.066,4.229500000000001,0.076,,0.025,0.8460000000000001,,,,1.4595,,0.0,0.001,,,,,0.003,0.003,,,,
843,0.1395,,0.002,0.066,0.8310000000000001,0.076,,0.025,0.371,,,,1.461,,0.0,0.001,,,,,0.003,0.003,,,,
844,0.1395,,0.002,0.066,4.6015,0.076,,0.025,3.6645,,,,1.4620000000000002,,0.0,0.001,,,,,0.003,0.003,,,,
845,0.139,,0.002,0.066,3.9655,0.076,,0.025,1.5134999999999998,,,,1.4609999999999999,,0.0,0.001,,,,,0.003,0.003,,,,
846,0.139,,0.002,0.0655,0.9755,0.076,,0.025,0.9905,,,,1.4655,,0.0,0.001,,,,,0.003,0.003,,,,
847,0.139,,0.002,0.0655,4.6965,0.076,,0.025,3.263,,,,1.4660000000000002,,0.0,0.001,,,,,0.003,0.003,,,,
848,0.1385,,0.002,0.0655,3.7675,0.076,,0.025,0.766,,,,1.466,,0.0,0.001,,,,,0.003,0.003,,,,
849,0.139,,0.002,0.0655,1.5325,0.076,,0.025,1.9025,,,,1.4665,,0.0,0.001,,,,,0.003,0.003,,,,
850,0.1395,,0.002,0.066,4.675000000000001,0.076,,0.025,6.655,,,,1.4635,,0.0,0.001,,,,,0.003,0.003,,,,
851,0.1395,,0.002,0.066,3.892,0.0755,,0.025,0.8755,,,,1.467,,0.0,0.001,,,,,0.003,0.003,,,,
852,0.139,,0.002,0.065,1.214,0.076,,0.025,2.6035,,,,1.471,,0.0,0.001,,,,,0.003,0.003,,,,
853,0.139,,0.002,0.066,4.696,0.076,,0.025,6.067500000000001,,,,1.4705,,0.0,0.001,,,,,0.003,0.003,,,,
854,0.1385,,0.002,0.066,3.9965,0.076,,0.025,0.773,,,,1.467,,0.0,0.001,,,,,0.003,0.003,,,,
855,0.139,,0.002,0.066,0.786,0.076,,0.025,2.0795000000000003,,,,1.4725000000000001,,0.0,0.001,,,,,0.003,0.003,,,,
856,0.139,,0.002,0.0655,4.6295,0.076,,0.025,3.5705,,,,1.4705,,0.0,0.001,,,,,0.003,0.003,,,,
857,0.1385,,0.002,0.065,4.1625,0.076,,0.025,0.8495,,,,1.471,,0.0,0.001,,,,,0.003,0.003,,,,
858,0.139,,0.0025,0.066,1.034,0.0755,,0.025,0.6325,,,,1.4705,,0.0,0.001,,,,,0.003,0.003,,,,
859,0.139,,0.002,0.065,4.535,0.076,,0.025,4.6405,,,,1.469,,0.0,0.001,,,,,0.003,0.003,,,,
860,0.1385,,0.002,0.0655,3.9865,0.076,,0.025,0.5625,,,,1.4725000000000001,,0.0,0.001,,,,,0.003,0.003,,,,
861,0.139,,0.002,0.066,0.7645,0.076,,0.025,0.4915,,,,1.4765000000000001,,0.0,0.001,,,,,0.003,0.003,,,,
862,0.1385,,0.002,0.066,6.362,0.076,,0.025,0.092,,,,1.4725000000000001,,0.0,0.001,,,,,0.003,0.003,,,,
863,0.139,,0.002,0.0655,3.6925,0.076,,0.025,1.0805,,,,1.4775,,0.0,0.001,,,,,0.003,0.003,,,,
864,0.139,,0.002,0.0655,0.7755,0.076,,0.025,0.15,,,,1.4735,,0.0,0.001,,,,,0.003,0.003,,,,
865,0.139,,0.002,0.0655,5.165,0.076,,0.025,4.7425,,,,1.476,,0.0,0.001,,,,,0.003,0.003,,,,
866,0.1385,,0.002,0.065,4.0405,0.076,,0.025,0.695,,,,1.4795,,0.0,0.001,,,,,0.003,0.003,,,,
867,0.139,,0.002,0.0655,0.8895000000000001,0.076,,0.025,0.3155,,,,1.4745,,0.0,0.001,,,,,0.003,0.003,,,,
868,0.139,,0.002,0.066,4.8895,0.076,,0.025,3.4190000000000005,,,,1.485,,0.0,0.001,,,,,0.003,0.003,,,,
869,0.139,,0.002,0.0655,4.183,0.0755,,0.025,1.7890000000000001,,,,1.4485000000000001,,0.0,0.001,,,,,0.003,0.003,,,,
870,0.139,,0.002,0.066,0.9795,0.076,,0.025,0.7180000000000001,,,,1.4525000000000001,,0.0,0.001,,,,,0.003,0.003,,,,
871,0.139,,0.002,0.066,4.640499999999999,0.076,,0.025,3.3905000000000003,,,,1.444,,0.0,0.001,,,,,0.003,0.003,,,,
872,0.139,,0.002,0.0655,4.180499999999999,0.076,,0.025,1.3695,,,,1.4525000000000001,,0.0,0.001,,,,,0.003,0.003,,,,
873,0.139,,0.002,0.0655,1.0145,0.0755,,0.025,0.256,,,,1.4495,,0.0,0.001,,,,,0.003,0.003,,,,
874,0.139,,0.002,0.0655,2.9955000000000003,0.076,,0.025,3.5989999999999998,,,,1.4505,,0.0,0.001,,,,,0.003,0.003,,,,
875,1.045,,0.11900000000000001,0.539,4.3085,0.579,,0.2135,2.902,,,0.5994999999999999,,,0.0,0.006,,,,,0.035500000000000004,0.037,,,,
876,0.1385,,0.002,0.066,0.08600000000000001,0.076,,0.025,0.3905,,,,1.4489999999999998,,0.0,0.001,,,,,0.003,0.003,,,,
877,0.139,,0.002,0.066,4.691,0.0755,,0.025,0.4325,,,,1.445,,0.0,0.001,,,,,0.003,0.003,,,,
878,0.139,,0.002,0.066,3.9025,0.076,,0.025,0.234,,,,1.447,,0.0,0.001,,,,,0.003,0.003,,,,
879,0.1385,,0.002,0.0655,0.9255,0.0755,,0.025,0.2895,,,,1.4500000000000002,,0.0,0.001,,,,,0.003,0.003,,,,
880,0.139,,0.002,0.066,4.5045,0.076,,0.025,3.7935000000000003,,,,1.451,,0.0,0.001,,,,,0.003,0.003,,,,
881,0.139,,0.002,0.066,3.933,0.076,,0.025,0.863,,,,1.4475,,0.0,0.001,,,,,0.003,0.003,,,,
882,0.1385,,0.002,0.066,0.9625,0.076,,0.025,0.3455,,,,1.449,,0.0,0.001,,,,,0.003,0.003,,,,
883,1.2959999999999998,,0.158,0.7375,6.53,0.7175,,0.277,4.973,,,0.1478,,,0.0,0.00225,,,,,0.044,0.0455,,,,
884,0.139,,0.002,0.0655,2.6385,0.076,,0.025,2.371,,,,1.4645000000000001,,0.0,0.001,,,,,0.003,0.003,,,,
885,0.139,,0.002,0.0655,0.7935,0.076,,0.025,2.5625000000000004,,,,1.462,,0.0,0.001,,,,,0.003,0.003,,,,
886,0.14,,0.002,0.066,4.6225,0.076,,0.025,3.9785,,,,1.466,,0.0,0.001,,,,,0.003,0.003,,,,
887,0.1385,,0.002,0.066,1.6640000000000001,0.076,,0.025,4.1475,,,,1.4649999999999999,,0.0,0.001,,,,,0.003,0.003,,,,
888,0.139,,0.002,0.066,0.653,0.076,,0.025,2.3095,,,,1.4635,,0.0,0.001,,,,,0.003,0.003,,,,
889,0.1395,,0.002,0.065,4.63,0.076,,0.025,3.5935,,,,1.4665,,0.0,0.001,,,,,0.003,0.003,,,,
890,0.139,,0.002,0.0655,3.3465000000000003,0.076,,0.025,1.053,,,,1.4660000000000002,,0.0,0.001,,,,,0.003,0.003,,,,
891,0.139,,0.002,0.0655,2.6905,0.076,,0.025,0.1395,,,,1.4655,,0.0,0.001,,,,,0.003,0.003,,,,
892,0.139,,0.002,0.066,4.6275,0.076,,0.025,3.509,,,,1.465,,0.0,0.001,,,,,0.003,0.003,,,,
893,0.1385,,0.002,0.0655,3.0885,0.076,,0.025,1.094,,,,1.4665,,0.0,0.001,,,,,0.003,0.003,,,,
894,0.139,,0.002,0.066,1.173,0.076,,0.025,0.366,,,,1.461,,0.0,0.001,,,,,0.003,0.003,,,,
895,0.139,,0.002,0.066,4.6175,0.076,,0.025,3.697,,,,1.468,,0.0,0.001,,,,,0.003,0.003,,,,
896,0.139,,0.002,0.0655,3.0445,0.076,,0.025,0.5665,,,,1.4649999999999999,,0.0,0.001,,,,,0.003,0.003,,,,
897,0.139,,0.002,0.0655,0.619,0.076,,0.025,0.14100000000000001,,,,1.4675,,0.0,0.001,,,,,0.003,0.003,,,,
898,0.1385,,0.002,0.0655,4.6215,0.076,,0.025,5.5695,,,,1.4695,,0.0,0.001,,,,,0.003,0.003,,,,
899,0.1385,,0.002,0.0655,2.918,0.076,,0.025,0.557,,,,1.4675,,0.0,0.001,,,,,0.003,0.003,,,,
900,0.139,,0.002,0.0655,0.486,0.076,,0.025,0.28,,,,1.4660000000000002,,0.0,0.001,,,,,0.003,0.003,,,,
901,0.139,,0.002,0.066,7.083,0.076,,0.025,1.8305000000000002,,,,1.4695,,0.0,0.001,,,,,0.003,0.003,,,,
902,0.139,,0.002,0.0655,1.7630000000000001,0.076,,0.025,0.517,,,,1.4715,,0.0,0.001,,,,,0.003,0.003,,,,
903,0.139,,0.002,0.0655,0.4705,0.076,,0.025,0.5045000000000001,,,,1.4705,,0.0,0.001,,,,,0.003,0.003,,,,
904,0.139,,0.002,0.066,5.039000000000001,0.076,,0.025,1.8425,,,,1.4785,,0.0,0.001,,,,,0.003,0.003,,,,
905,0.139,,0.002,0.066,1.7705000000000002,0.076,,0.025,0.7290000000000001,,,,1.4735,,0.0,0.001,,,,,0.003,0.003,,,,
906,0.139,,0.002,0.066,0.747,0.076,,0.025,0.7695000000000001,,,,1.4729999999999999,,0.0,0.001,,,,,0.003,0.003,,,,
907,0.1395,,0.002,0.0655,4.717,0.076,,0.025,1.2125,,,,1.473,,0.0,0.001,,,,,0.003,0.003,,,,
908,0.1395,,0.002,0.0655,1.7295,0.076,,0.025,0.577,,,,1.472,,0.0,0.001,,,,,0.003,0.003,,,,
909,0.1385,,0.002,0.0655,0.7705000000000001,0.076,,0.025,0.349,,,,1.4765000000000001,,0.0,0.001,,,,,0.003,0.003,,,,
910,0.139,,0.002,0.0655,2.6825,0.076,,0.025,3.955,,,,1.471,,0.0,0.001,,,,,0.003,0.003,,,,
911,0.139,,0.002,0.065,1.6215,0.076,,0.025,0.734,,,,1.474,,0.0,0.001,,,,,0.003,0.003,,,,
912,0.139,,0.002,0.0655,0.7295,0.076,,0.025,0.265,,,,1.4725000000000001,,0.0,0.001,,,,,0.003,0.003,,,,
913,0.1385,,0.002,0.0655,4.4895,0.076,,0.025,4.055000000000001,,,,1.4675,,0.0,0.001,,,,,0.003,0.003,,,,
914,0.139,,0.002,0.066,1.9175,0.076,,0.025,0.8885,,,,1.4660000000000002,,0.0,0.001,,,,,0.003,0.003,,,,
915,0.139,,0.002,0.0655,0.7215,0.076,,0.025,0.9770000000000001,,,,1.467,,0.0,0.001,,,,,0.003,0.003,,,,
916,0.139,,0.002,0.0655,4.698,0.076,,0.025,3.1225,,,,1.4735,,0.0,0.001,,,,,0.003,0.003,,,,
917,0.139,,0.002,0.066,1.715,0.076,,0.025,3.2465,,,,1.4700000000000002,,0.0,0.001,,,,,0.003,0.003,,,,
918,0.139,,0.002,0.065,0.777,0.076,,0.025,0.9815,,,,1.465,,0.0,0.001,,,,,0.003,0.003,,,,
919,0.139,,0.002,0.0655,4.655,0.076,,0.025,3.628,,,,1.4685000000000001,,0.0,0.001,,,,,0.003,0.003,,,,
920,0.139,,0.002,0.066,1.693,0.076,,0.025,2.959,,,,1.4685000000000001,,0.0,0.001,,,,,0.003,0.003,,,,
921,0.139,,0.002,0.066,2.8925,0.076,,0.025,3.0115,,,,1.4715,,0.0,0.001,,,,,0.003,0.003,,,,
922,0.1385,,0.002,0.066,4.728,0.076,,0.025,4.055,,,,1.474,,0.0,0.001,,,,,0.003,0.003,,,,
923,0.139,,0.002,0.066,1.7914999999999999,0.076,,0.025,3.131,,,,1.4785,,0.0,0.001,,,,,0.003,0.003,,,,
924,0.1385,,0.002,0.065,0.712,0.076,,0.025,1.0045,,,,1.4775,,0.0,0.001,,,,,0.003,0.003,,,,
925,0.139,,0.002,0.0655,4.6945,0.076,,0.025,3.4425000000000003,,,,1.4775,,0.0,0.001,,,,,0.003,0.003,,,,
926,0.139,,0.002,0.066,1.7745,0.076,,0.025,3.2675,,,,1.4775,,0.0,0.001,,,,,0.003,0.003,,,,
927,0.139,,0.002,0.065,0.725,0.076,,0.025,0.7715000000000001,,,,1.4595,,0.0,0.001,,,,,0.003,0.003,,,,
928,0.139,,0.002,0.066,4.6935,0.0755,,0.025,3.736,,,,1.4635,,0.0,0.001,,,,,0.003,0.003,,,,
929,0.139,,0.002,0.066,1.739,0.076,,0.025,1.8535000000000001,,,,1.4715,,0.0,0.001,,,,,0.003,0.003,,,,
930,0.139,,0.002,0.065,0.142,0.0755,,0.025,0.2785,,,,1.4660000000000002,,0.0,0.001,,,,,0.003,0.003,,,,
931,0.139,,0.002,0.066,4.589,0.076,,0.025,3.9555,,,,1.4625,,0.0,0.001,,,,,0.003,0.003,,,,
932,0.139,,0.002,0.065,1.747,0.0755,,0.025,1.3855,,,,1.4645000000000001,,0.0,0.001,,,,,0.003,0.003,,,,
933,0.139,,0.002,0.065,0.20350000000000001,0.0755,,0.025,0.17950000000000002,,,,1.4685000000000001,,0.0,0.001,,,,,0.003,0.003,,,,
934,0.139,,0.0025,0.066,4.656499999999999,0.0755,,0.025,5.9315,,,,1.4655,,0.0,0.001,,,,,0.003,0.003,,,,
935,0.139,,0.002,0.066,1.6575000000000002,0.076,,0.025,0.7735,,,,1.475,,0.0,0.001,,,,,0.003,0.003,,,,
936,0.1395,,0.002,0.0655,0.1395,0.0755,,0.025,2.57,,,,1.4645000000000001,,0.0,0.001,,,,,0.003,0.003,,,,
937,0.139,,0.002,0.066,4.8805000000000005,0.0755,,0.025,4.0695,,,,1.4729999999999999,,0.0,0.001,,,,,0.003,0.003,,,,
938,0.139,,0.002,0.066,1.829,0.076,,0.025,1.015,,,,1.4785,,0.0,0.001,,,,,0.003,0.003,,,,
939,0.139,,0.002,0.066,0.34199999999999997,0.076,,0.025,2.5435,,,,1.4705,,0.0,0.001,,,,,0.003,0.003,,,,
940,0.1385,,0.002,0.066,6.7175,0.0755,,0.025,4.3625,,,,1.4735,,0.0,0.001,,,,,0.003,0.003,,,,
941,0.139,,0.002,0.066,1.8755,0.076,,0.025,0.6615,,,,1.476,,0.0,0.001,,,,,0.003,0.003,,,,
942,0.139,,0.002,0.066,0.1595,0.076,,0.025,0.356,,,,1.474,,0.0,0.001,,,,,0.003,0.003,,,,
943,0.1385,,0.002,0.0655,5.1345,0.076,,0.025,0.9705,,,,1.472,,0.0,0.001,,,,,0.003,0.003,,,,
944,0.1385,,0.002,0.066,7.6075,0.0755,,0.025,0.5205,,,,1.4725000000000001,,0.0,0.001,,,,,0.003,0.003,,,,
945,0.1395,,0.002,0.066,0.3875,0.076,,0.025,0.131,,,,1.4735,,0.0,0.001,,,,,0.003,0.003,,,,
946,0.139,,0.002,0.0655,5.0680000000000005,0.0755,,0.025,1.5254999999999999,,,,1.475,,0.0,0.001,,,,,0.003,0.003,,,,
947,0.139,,0.002,0.0655,2.9170000000000003,0.076,,0.025,4.4015,,,,1.476,,0.0,0.001,,,,,0.003,0.003,,,,
948,0.139,,0.002,0.065,0.39799999999999996,0.076,,0.025,0.551,,,,1.4715,,0.0,0.001,,,,,0.003,0.003,,,,
949,0.139,,0.002,0.066,4.91,0.076,,0.025,1.282,,,,1.479,,0.0,0.001,,,,,0.003,0.003,,,,
950,0.1385,,0.002,0.0655,3.1350000000000002,0.076,,0.025,4.4510000000000005,,,,1.419,,0.0,0.001,,,,,0.003,0.003,,,,
951,0.1395,,0.002,0.066,0.19,0.076,,0.025,0.6085,,,,1.4144999999999999,,0.0,0.001,,,,,0.003,0.003,,,,
952,2.216,,0.269,1.1345,8.0825,1.301,,0.4215,5.207,,,1.1121666666666665,,,0.0,0.013500000000000003,,,,,0.14100000000000001,0.1405,,,,
953,1.9180000000000001,,0.234,0.9585,5.990500000000001,1.1400000000000001,,0.3555,4.4190000000000005,,,0.5483333333333333,,,0.0,0.0055000000000000005,,,,,0.08449999999999999,0.083,,,,
954,0.1385,,0.002,0.066,0.1555,0.076,,0.025,0.1675,,,,1.454,,0.0,0.001,,,,,0.003,0.003,,,,
955,0.139,,0.002,0.0655,4.7385,0.076,,0.025,5.0985000000000005,,,,1.456,,0.0,0.001,,,,,0.003,0.003,,,,
956,0.1385,,0.002,0.0655,4.2835,0.076,,0.025,0.1355,,,,1.46,,0.0,0.001,,,,,0.003,0.003,,,,
957,0.1395,,0.002,0.066,0.423,0.076,,0.025,0.6100000000000001,,,,1.457,,0.0,0.001,,,,,0.003,0.003,,,,
958,0.1385,,0.002,0.0655,4.546,0.076,,0.025,4.0855,,,,1.4555,,0.0,0.001,,,,,0.003,0.003,,,,
959,0.139,,0.002,0.0655,4.1435,0.076,,0.025,0.2565,,,,1.46,,0.0,0.001,,,,,0.003,0.003,,,,
960,0.139,,0.002,0.066,0.33199999999999996,0.076,,0.025,0.20950000000000002,,,,1.46,,0.0,0.001,,,,,0.003,0.003,,,,
961,0.139,,0.002,0.066,4.5825,0.076,,0.025,4.187500000000001,,,,1.4585,,0.0,0.001,,,,,0.003,0.003,,,,
962,2.5915,,0.309,1.3395000000000001,7.0715,1.4905,,0.489,5.12,,,0.46585,,,0.0,0.005050000000000001,,,,,0.191,0.188,,,,
963,0.139,,0.002,0.0655,0.278,0.076,,0.025,0.865,,,,1.464,,0.0,0.001,,,,,0.003,0.003,,,,
964,0.139,,0.002,0.066,4.753500000000001,0.076,,0.025,0.498,,,,1.4635,,0.0,0.001,,,,,0.003,0.003,,,,
965,0.139,,0.002,0.0655,4.4235,0.076,,0.025,0.1195,,,,1.4675,,0.0,0.001,,,,,0.003,0.003,,,,
966,0.1395,,0.002,0.066,0.667,0.076,,0.025,0.18250000000000002,,,,1.4645000000000001,,0.0,0.001,,,,,0.003,0.003,,,,
967,0.139,,0.002,0.0655,4.692500000000001,0.076,,0.025,2.7430000000000003,,,,1.4605000000000001,,0.0,0.001,,,,,0.003,0.003,,,,
968,0.1385,,0.002,0.0655,4.409,0.076,,0.025,0.40599999999999997,,,,1.4645000000000001,,0.0,0.001,,,,,0.003,0.003,,,,
969,2.0564999999999998,,0.2465,0.982,3.7155,1.147,,0.3615,4.3285,,,0.9451666666666667,,,0.0,0.011833333333333335,,,,,0.094,0.096,,,,
970,0.1395,,0.002,0.0655,4.5325,0.076,,0.025,3.789,,,,1.4565000000000001,,0.0,0.001,,,,,0.003,0.003,,,,
971,0.139,,0.002,0.066,3.5035,0.076,,0.025,0.501,,,,1.458,,0.0,0.001,,,,,0.003,0.003,,,,
972,0.139,,0.002,0.0655,0.5589999999999999,0.076,,0.025,0.4435,,,,1.4525000000000001,,0.0,0.001,,,,,0.003,0.003,,,,
973,0.1395,,0.002,0.0655,4.6850000000000005,0.076,,0.025,5.913,,,,1.455,,0.0,0.001,,,,,0.003,0.003,,,,
974,0.1385,,0.002,0.066,3.3205,0.076,,0.025,0.6705000000000001,,,,1.4540000000000002,,0.0,0.001,,,,,0.003,0.003,,,,
975,0.138,,0.002,0.0655,1.153,0.076,,0.025,0.2635,,,,1.4545,,0.0,0.001,,,,,0.003,0.003,,,,
976,0.139,,0.002,0.0655,5.0809999999999995,0.076,,0.025,3.1935000000000002,,,,1.4565000000000001,,0.0,0.001,,,,,0.003,0.003,,,,
977,0.139,,0.002,0.0655,2.7495000000000003,0.076,,0.025,0.134,,,,1.457,,0.0,0.001,,,,,0.003,0.003,,,,
978,0.139,,0.002,0.066,0.17500000000000002,0.076,,0.025,0.3595,,,,1.4569999999999999,,0.0,0.001,,,,,0.003,0.003,,,,
979,0.139,,0.002,0.066,4.8815,0.076,,0.025,3.5015,,,,1.4605000000000001,,0.0,0.001,,,,,0.003,0.003,,,,
980,0.139,,0.002,0.0655,3.2415000000000003,0.076,,0.025,0.275,,,,1.456,,0.0,0.001,,,,,0.003,0.003,,,,
981,0.139,,0.002,0.0655,0.24850000000000003,0.076,,0.025,2.943,,,,1.4540000000000002,,0.0,0.001,,,,,0.003,0.003,,,,
982,2.398,,0.28650000000000003,1.1485,8.113,1.3490000000000002,,0.4285,8.73,,,0.4970833333333333,,,0.0,0.004666666666666667,,,,,0.17300000000000001,0.17,,,,
983,0.138,,0.002,0.066,3.1,0.076,,0.025,1.2510000000000001,,,,1.4095,,0.0,0.001,,,,,0.003,0.003,,,,
984,0.138,,0.002,0.066,0.5705,0.076,,0.025,0.097,,,,1.408,,0.0,0.001,,,,,0.003,0.003,,,,
985,0.139,,0.0025,0.0655,4.7185,0.076,,0.025,3.693,,,,1.3915000000000002,,0.0,0.001,,,,,0.003,0.003,,,,
986,0.139,,0.002,0.066,1.6744999999999999,0.076,,0.025,0.2535,,,,1.3965,,0.0,0.001,,,,,0.003,0.003,,,,
987,0.139,,0.002,0.0655,0.148,0.076,,0.025,0.24850000000000003,,,,1.3905,,0.0,0.001,,,,,0.003,0.003,,,,
988,0.139,,0.002,0.066,4.6485,0.076,,0.025,3.3285000000000005,,,,1.3975,,0.0,0.001,,,,,0.003,0.003,,,,
989,0.139,,0.002,0.066,2.0145,0.076,,0.025,3.0055,,,,1.3935,,0.0,0.001,,,,,0.003,0.003,,,,
990,0.139,,0.002,0.066,0.229,0.0755,,0.025,2.6585,,,,1.383,,0.0,0.001,,,,,0.003,0.003,,,,
991,0.139,,0.002,0.066,5.272,0.076,,0.025,4.1275,,,,1.3855,,0.0,0.001,,,,,0.003,0.003,,,,
992,0.139,,0.002,0.0655,1.808,0.0755,,0.025,2.4785,,,,1.3855,,0.0,0.001,,,,,0.003,0.003,,,,
993,0.139,,0.002,0.066,0.092,0.076,,0.025,0.21350000000000002,,,,1.3875000000000002,,0.0,0.001,,,,,0.003,0.003,,,,
994,0.139,,0.002,0.065,4.6045,0.076,,0.025,1.0930000000000002,,,,1.392,,0.0,0.001,,,,,0.003,0.003,,,,
995,0.1385,,0.002,0.0655,2.0925,0.0755,,0.025,2.2840000000000003,,,,1.3935,,0.0,0.001,,,,,0.003,0.003,,,,
996,0.139,,0.002,0.0655,0.20500000000000002,0.0755,,0.025,0.3275,,,,1.391,,0.0,0.001,,,,,0.003,0.003,,,,
997,0.139,,0.002,0.065,1.5385,0.076,,0.025,0.8895000000000001,,,,1.3895,,0.0,0.001,,,,,0.003,0.003,,,,
998,0.139,,0.002,0.0655,2.0515,0.076,,0.025,0.121,,,,1.3875000000000002,,0.0,0.001,,,,,0.003,0.003,,,,
999,0.1385,,0.002,0.0655,2.231,0.076,,0.025,0.2765,,,,1.395,,0.0,0.001,,,,,0.003,0.003,,,,
1000,0.139,,0.0025,0.0655,0.7255,0.076,,0.025,0.367,,,,1.366,,0.0,0.001,,,,,0.003,0.003,,,,
1001,0.1385,,0.002,0.066,1.885,0.076,,0.025,0.125,,,,1.367,,0.0,0.001,,,,,0.003,0.003,,,,
1002,0.139,,0.002,0.065,0.45,0.076,,0.025,0.224,,,,1.3715000000000002,,0.0,0.001,,,,,0.003,0.003,,,,
1003,0.139,,0.002,0.066,0.9115,0.076,,0.025,0.1275,,,,1.3695,,0.0,0.001,,,,,0.003,0.003,,,,
1004,0.139,,0.002,0.0655,2.2945,0.076,,0.025,0.24750000000000003,,,,1.373,,0.0,0.001,,,,,0.003,0.003,,,,
1005,0.139,,0.002,0.066,0.1665,0.076,,0.025,0.515,,,,1.3745,,0.0,0.001,,,,,0.003,0.003,,,,
1006,0.139,,0.0025,0.066,0.5585,0.076,,0.025,0.508,,,,1.3755000000000002,,0.0,0.001,,,,,0.003,0.003,,,,
1007,0.138,,0.002,0.0655,2.277,0.076,,0.025,0.1515,,,,1.3765,,0.0,0.001,,,,,0.003,0.003,,,,
1008,0.139,,0.002,0.0655,0.513,0.076,,0.025,0.518,,,,1.3810000000000002,,0.0,0.001,,,,,0.003,0.003,,,,
1009,0.1385,,0.002,0.0655,0.894,0.076,,0.025,2.202,,,,1.3760000000000001,,0.0,0.001,,,,,0.003,0.003,,,,
1010,0.1385,,0.002,0.066,2.1875,0.076,,0.025,1.9649999999999999,,,,1.3760000000000001,,0.0,0.001,,,,,0.003,0.003,,,,
1011,0.139,,0.002,0.0655,0.161,0.076,,0.025,0.603,,,,1.374,,0.0,0.001,,,,,0.003,0.003,,,,
1012,0.1395,,0.002,0.065,0.8530000000000001,0.076,,0.025,3.6500000000000004,,,,1.369,,0.0,0.001,,,,,0.003,0.003,,,,
1013,0.139,,0.002,0.066,2.0525,0.076,,0.025,2.3465000000000003,,,,1.3705,,0.0,0.001,,,,,0.003,0.003,,,,
1014,0.14,,0.002,0.0655,0.15,0.076,,0.025,0.7615,,,,1.3765,,0.0,0.001,,,,,0.003,0.003,,,,
1015,0.1385,,0.002,0.065,0.7615000000000001,0.076,,0.025,1.423,,,,1.3719999999999999,,0.0,0.001,,,,,0.003,0.003,,,,
1016,0.1395,,0.002,0.066,2.08,0.076,,0.025,0.39799999999999996,,,,1.3805,,0.0,0.001,,,,,0.003,0.003,,,,
1017,0.139,,0.002,0.0655,0.5475000000000001,0.076,,0.025,0.482,,,,1.3820000000000001,,0.0,0.001,,,,,0.003,0.003,,,,
1018,0.1395,,0.002,0.066,0.798,0.076,,0.025,0.379,,,,1.3800000000000001,,0.0,0.001,,,,,0.003,0.003,,,,
1019,0.139,,0.002,0.0655,1.8135,0.076,,0.025,0.14300000000000002,,,,1.3805,,0.0,0.001,,,,,0.003,0.003,,,,
1020,0.139,,0.002,0.066,0.347,0.076,,0.025,0.10200000000000001,,,,1.3465,,0.0,0.001,,,,,0.003,0.003,,,,
1021,0.139,,0.002,0.0655,0.7305,0.076,,0.025,0.525,,,,1.348,,0.0,0.001,,,,,0.003,0.003,,,,
1022,0.139,,0.002,0.0655,2.3595,0.076,,0.025,0.5890000000000001,,,,1.348,,0.0,0.001,,,,,0.003,0.003,,,,
1023,0.139,,0.002,0.0655,0.321,0.076,,0.025,1.9045,,,,1.3485,,0.0,0.001,,,,,0.003,0.003,,,,
1024,0.139,,0.002,0.066,0.4955,0.0765,,0.025,0.407,,,,1.351,,0.0,0.001,,,,,0.003,0.003,,,,
1025,0.139,,0.002,0.066,2.0095,0.076,,0.025,2.6295,,,,1.3490000000000002,,0.0,0.001,,,,,0.003,0.003,,,,
1026,0.139,,0.002,0.0655,0.2165,0.076,,0.025,0.2855,,,,1.35,,0.0,0.001,,,,,0.003,0.003,,,,
1027,0.139,,0.002,0.066,0.9275,0.076,,0.025,0.10400000000000001,,,,1.3485,,0.0,0.001,,,,,0.003,0.003,,,,
1028,0.139,,0.002,0.066,2.1189999999999998,0.076,,0.025,2.588,,,,1.351,,0.0,0.001,,,,,0.003,0.003,,,,
1029,0.1385,,0.002,0.0655,0.283,0.076,,0.025,0.35,,,,1.3505,,0.0,0.001,,,,,0.003,0.003,,,,
1030,0.139,,0.002,0.0655,0.779,0.075,,0.025,1.51,,,,1.3445,,0.0,0.001,,,,,0.003,0.003,,,,
1031,0.1395,,0.002,0.066,2.042,0.076,,0.025,0.384,,,,1.3385,,0.0,0.001,,,,,0.003,0.003,,,,
1032,0.139,,0.002,0.0655,0.2005,0.0755,,0.025,0.8025,,,,1.342,,0.0,0.001,,,,,0.003,0.003,,,,
1033,0.139,,0.002,0.065,0.9525,0.076,,0.025,0.149,,,,1.3435000000000001,,0.0,0.001,,,,,0.003,0.003,,,,
1034,0.139,,0.002,0.066,2.071,0.0755,,0.025,0.217,,,,1.3445,,0.0,0.001,,,,,0.003,0.003,,,,
1035,0.1385,,0.002,0.065,0.08349999999999999,0.076,,0.025,1.34,,,,1.343,,0.0,0.001,,,,,0.003,0.003,,,,
1036,0.139,,0.002,0.0655,0.762,0.076,,0.025,2.9155,,,,1.3399999999999999,,0.0,0.001,,,,,0.003,0.003,,,,
1037,0.139,,0.002,0.066,2.1025,0.076,,0.025,0.137,,,,1.347,,0.0,0.001,,,,,0.003,0.003,,,,
1038,0.139,,0.002,0.066,0.322,0.0755,,0.025,0.17650000000000002,,,,1.345,,0.0,0.001,,,,,0.003,0.003,,,,
1039,0.139,,0.002,0.066,0.5945,0.076,,0.025,0.083,,,,1.345,,0.0,0.001,,,,,0.003,0.003,,,,
1040,0.139,,0.002,0.066,2.1734999999999998,0.0755,,0.025,2.688,,,,1.348,,0.0,0.001,,,,,0.003,0.003,,,,
1041,0.139,,0.002,0.0655,0.34299999999999997,0.076,,0.025,0.10250000000000001,,,,1.3445,,0.0,0.001,,,,,0.003,0.003,,,,
1042,0.1385,,0.002,0.066,0.24200000000000002,0.076,,0.025,0.776,,,,1.35,,0.0,0.001,,,,,0.003,0.003,,,,
1043,0.139,,0.002,0.066,1.9795,0.076,,0.025,2.047,,,,1.3515000000000001,,0.0,0.001,,,,,0.003,0.003,,,,
1044,0.1395,,0.002,0.0655,1.0075,0.0755,,0.025,0.292,,,,1.349,,0.0,0.001,,,,,0.003,0.003,,,,
1045,0.139,,0.002,0.066,0.984,0.076,,0.025,1.304,,,,1.311,,0.0,0.001,,,,,0.003,0.003,,,,
1046,0.1395,,0.002,0.065,2.0444999999999998,0.076,,0.025,0.1535,,,,1.311,,0.0,0.001,,,,,0.003,0.003,,,,
1047,0.139,,0.002,0.066,0.8725,0.076,,0.025,0.40399999999999997,,,,1.3065,,0.0,0.001,,,,,0.003,0.003,,,,
1048,0.139,,0.002,0.0655,0.8605,0.076,,0.025,0.33249999999999996,,,,1.3085,,0.0,0.001,,,,,0.003,0.003,,,,
1049,0.139,,0.002,0.066,2.06,0.0755,,0.025,0.151,,,,1.3125,,0.0,0.001,,,,,0.003,0.003,,,,
1050,0.139,,0.002,0.0655,0.772,0.076,,0.025,0.483,,,,1.3090000000000002,,0.0,0.001,,,,,0.003,0.003,,,,
1051,0.139,,0.002,0.0655,1.0245,0.076,,0.025,2.947,,,,1.315,,0.0,0.001,,,,,0.003,0.003,,,,
1052,0.1385,,0.002,0.0655,4.388,0.076,,0.025,0.601,,,,1.3125,,0.0,0.001,,,,,0.003,0.003,,,,
1053,0.139,,0.002,0.0655,0.7200000000000001,0.076,,0.025,0.5865,,,,1.3119999999999998,,0.0,0.001,,,,,0.003,0.003,,,,
1054,0.1395,,0.0025,0.0655,0.772,0.076,,0.025,0.1315,,,,1.3135,,0.0,0.001,,,,,0.003,0.003,,,,
1055,0.139,,0.0025,0.065,1.9120000000000001,0.076,,0.025,0.798,,,,1.3135,,0.0,0.001,,,,,0.003,0.003,,,,
1056,0.1385,,0.002,0.0655,0.8170000000000001,0.076,,0.025,0.2595,,,,1.3135,,0.0,0.001,,,,,0.003,0.003,,,,
1057,0.139,,0.002,0.0655,0.40349999999999997,0.076,,0.025,0.0875,,,,1.3165,,0.0,0.001,,,,,0.003,0.003,,,,
1058,0.1385,,0.002,0.0655,2.0135,0.076,,0.025,0.833,,,,1.317,,0.0,0.001,,,,,0.003,0.003,,,,
1059,0.1395,,0.002,0.066,0.7380000000000001,0.076,,0.025,0.364,,,,1.3205,,0.0,0.001,,,,,0.003,0.003,,,,
1060,0.139,,0.002,0.066,0.5545,0.076,,0.025,0.23600000000000002,,,,1.3185,,0.0,0.001,,,,,0.003,0.003,,,,
1061,0.139,,0.002,0.065,2.138,0.0755,,0.025,1.4020000000000001,,,,1.325,,0.0,0.001,,,,,0.003,0.003,,,,
1062,0.139,,0.002,0.0655,1.1680000000000001,0.076,,0.025,0.45749999999999996,,,,1.2705000000000002,,0.0,0.001,,,,,0.003,0.003,,,,
1063,0.139,,0.002,0.0655,0.9715,0.076,,0.025,0.39799999999999996,,,,1.2655,,0.0,0.001,,,,,0.003,0.003,,,,
1064,0.139,,0.002,0.0655,2.1350000000000002,0.0755,,0.025,2.191,,,,1.2690000000000001,,0.0,0.001,,,,,0.003,0.003,,,,
1065,0.139,,0.002,0.066,0.775,0.0755,,0.025,0.35,,,,1.267,,0.0,0.001,,,,,0.003,0.003,,,,
1066,0.1385,,0.002,0.065,1.0195,0.076,,0.025,0.20400000000000001,,,,1.271,,0.0,0.001,,,,,0.003,0.003,,,,
1067,0.1385,,0.002,0.066,2.1745,0.076,,0.025,2.5505,,,,1.2720000000000002,,0.0,0.001,,,,,0.003,0.003,,,,
1068,0.139,,0.002,0.066,1.0165,0.0755,,0.025,0.421,,,,1.2675,,0.0,0.001,,,,,0.003,0.003,,,,
1069,0.139,,0.002,0.066,0.8615,0.076,,0.025,0.4195,,,,1.2695,,0.0,0.001,,,,,0.003,0.003,,,,
1070,0.139,,0.002,0.065,2.117,0.076,,0.025,2.7495000000000003,,,,1.2690000000000001,,0.0,0.001,,,,,0.003,0.003,,,,
1071,0.1385,,0.002,0.0655,0.493,0.076,,0.025,0.7445,,,,1.27,,0.0,0.001,,,,,0.003,0.003,,,,
1072,0.1385,,0.002,0.0655,0.823,0.076,,0.025,0.7125,,,,1.2730000000000001,,0.0,0.001,,,,,0.003,0.003,,,,
1073,0.1385,,0.002,0.0655,2.1625,0.076,,0.025,0.217,,,,1.2760000000000002,,0.0,0.001,,,,,0.003,0.003,,,,
1074,0.139,,0.002,0.0655,1.3860000000000001,0.076,,0.025,0.33099999999999996,,,,1.2690000000000001,,0.0,0.001,,,,,0.003,0.003,,,,
1075,0.139,,0.002,0.0655,1.064,0.076,,0.025,0.4065,,,,1.2715,,0.0,0.001,,,,,0.003,0.003,,,,
1076,0.139,,0.002,0.066,2.1255,0.076,,0.025,0.128,,,,1.2675,,0.0,0.001,,,,,0.003,0.003,,,,
1077,0.139,,0.002,0.0655,0.473,0.076,,0.025,0.305,,,,1.266,,0.0,0.001,,,,,0.003,0.003,,,,
1078,0.139,,0.002,0.0655,0.813,0.0755,,0.025,2.3634999999999997,,,,1.271,,0.0,0.001,,,,,0.003,0.003,,,,
1079,0.1385,,0.002,0.0655,1.2690000000000001,0.076,,0.025,0.366,,,,1.2695,,0.0,0.001,,,,,0.003,0.003,,,,
1080,0.139,,0.002,0.0655,0.7200000000000001,0.076,,0.025,0.5705,,,,1.2715,,0.0,0.001,,,,,0.003,0.003,,,,
1081,0.1385,,0.002,0.0655,1.1695000000000002,0.076,,0.025,0.2195,,,,1.2730000000000001,,0.0,0.001,,,,,0.003,0.003,,,,
1082,0.139,,0.002,0.066,2.104,0.076,,0.025,0.1715,,,,1.2705000000000002,,0.0,0.001,,,,,0.003,0.003,,,,
1083,0.139,,0.002,0.066,0.8915000000000001,0.076,,0.025,0.45,,,,1.2735,,0.0,0.001,,,,,0.003,0.003,,,,
1084,0.139,,0.002,0.0655,1.419,0.076,,0.025,1.0595,,,,1.2735,,0.0,0.001,,,,,0.003,0.003,,,,
1085,0.139,,0.003,0.065,2.5205,0.078,,0.025,0.4085,,,,1.2495,,0.0,0.001,,,,,0.003,0.003,,,,
1086,0.139,,0.003,0.065,1.0250000000000001,0.078,,0.025,1.2505000000000002,,,,1.2505000000000002,,0.0,0.001,,,,,0.003,0.003,,,,
1087,0.139,,0.003,0.065,1.4455,0.078,,0.025,0.45949999999999996,,,,1.2535,,0.0,0.001,,,,,0.003,0.003,,,,
1088,0.139,,0.003,0.065,2.3595,0.078,,0.025,0.1465,,,,1.2515,,0.0,0.001,,,,,0.003,0.003,,,,
1089,0.139,,0.003,0.065,1.4200000000000002,0.078,,0.025,2.8485,,,,1.249,,0.0,0.001,,,,,0.003,0.003,,,,
1090,0.139,,0.003,0.065,1.6655000000000002,0.078,,0.025,0.4375,,,,1.258,,0.0,0.001,,,,,0.003,0.003,,,,
1091,0.1395,,0.003,0.065,2.278,0.0785,,0.025,0.569,,,,1.254,,0.0,0.001,,,,,0.003,0.003,,,,
1092,0.139,,0.003,0.065,0.376,0.078,,0.025,0.6345,,,,1.256,,0.0,0.001,,,,,0.003,0.003,,,,
1093,0.139,,0.003,0.065,1.4755,0.078,,0.025,0.294,,,,1.2545000000000002,,0.0,0.001,,,,,0.003,0.003,,,,
1094,0.1395,,0.003,0.0655,1.5355,0.078,,0.025,0.33499999999999996,,,,1.2575,,0.0,0.001,,,,,0.003,0.003,,,,
1095,0.139,,0.003,0.065,0.15200000000000002,0.078,,0.025,1.304,,,,1.2565,,0.0,0.001,,,,,0.003,0.003,,,,
1096,0.14,,0.003,0.066,1.4835,0.078,,0.025,2.708,,,,1.258,,0.0,0.001,,,,,0.003,0.003,,,,
1097,0.139,,0.003,0.065,2.2185,0.078,,0.025,0.7115,,,,1.26,,0.0,0.001,,,,,0.003,0.003,,,,
1098,0.139,,0.003,0.065,0.2115,0.078,,0.025,0.5405000000000001,,,,1.2575,,0.0,0.001,,,,,0.003,0.003,,,,
1099,0.139,,0.003,0.065,1.404,0.078,,0.025,0.14150000000000001,,,,1.2555,,0.0,0.001,,,,,0.003,0.003,,,,
1100,0.139,,0.003,0.065,1.32,0.078,,0.025,0.166,,,,1.2570000000000001,,0.0,0.001,,,,,0.003,0.003,,,,
1101,0.139,,0.003,0.065,0.6315,0.078,,0.025,0.1535,,,,1.2595,,0.0,0.001,,,,,0.003,0.003,,,,
1102,0.1395,,0.003,0.065,1.7035,0.078,,0.025,2.2675,,,,1.26,,0.0,0.001,,,,,0.003,0.003,,,,
1103,0.1385,,0.003,0.065,2.2595,0.078,,0.025,2.067,,,,1.26,,0.0,0.001,,,,,0.003,0.003,,,,
1104,0.139,,0.003,0.065,0.12000000000000001,0.078,,0.025,0.40249999999999997,,,,1.2630000000000001,,0.0,0.001,,,,,0.003,0.003,,,,
1105,0.14,,0.003,0.0655,1.417,0.078,,0.025,0.3345,,,,1.2640000000000002,,0.0,0.001,,,,,0.003,0.003,,,,
1106,0.139,,0.003,0.065,2.1495,0.078,,0.025,0.40349999999999997,,,,1.2625000000000002,,0.0,0.001,,,,,0.003,0.003,,,,
1107,0.139,,0.003,0.0655,0.32100000000000006,0.078,,0.025,1.162,,,,1.264,,0.0,0.001,,,,,0.003,0.003,,,,
1108,0.139,,0.003,0.0655,1.668,0.078,,0.025,2.918,,,,1.2615,,0.0,0.001,,,,,0.003,0.003,,,,
1109,0.139,,0.003,0.066,2.056,0.078,,0.025,0.1545,,,,1.2670000000000001,,0.0,0.001,,,,,0.003,0.003,,,,
1110,0.139,,0.003,0.065,0.1965,0.078,,0.025,0.08099999999999999,,,,1.2640000000000002,,0.0,0.001,,,,,0.003,0.003,,,,
1111,0.139,,0.003,0.065,1.375,0.078,,0.025,1.1675,,,,1.2655,,0.0,0.001,,,,,0.003,0.003,,,,
1112,0.139,,0.003,0.065,1.6525,0.078,,0.025,0.27649999999999997,,,,1.264,,0.0,0.001,,,,,0.003,0.003,,,,
1113,0.1395,,0.003,0.0655,0.221,0.078,,0.025,1.1840000000000002,,,,1.2690000000000001,,0.0,0.001,,,,,0.003,0.003,,,,
1114,0.1395,,0.003,0.065,0.656,0.078,,0.025,1.8265,,,,1.2665000000000002,,0.0,0.001,,,,,0.003,0.003,,,,
1115,0.1395,,0.003,0.065,2.149,0.078,,0.025,2.1925000000000003,,,,1.27,,0.0,0.001,,,,,0.003,0.003,,,,
1116,0.1395,,0.003,0.065,0.276,0.078,,0.025,0.1295,,,,1.2665000000000002,,0.0,0.001,,,,,0.003,0.003,,,,
1117,0.139,,0.003,0.065,1.2815,0.078,,0.025,0.1515,,,,1.2680000000000002,,0.0,0.001,,,,,0.003,0.003,,,,
1118,0.139,,0.003,0.0655,1.687,0.078,,0.025,0.35350000000000004,,,,1.2675,,0.0,0.001,,,,,0.003,0.003,,,,
1119,0.1395,,0.003,0.065,0.11800000000000001,0.078,,0.025,1.7255,,,,1.2695,,0.0,0.001,,,,,0.003,0.003,,,,
1120,0.139,,0.003,0.065,1.6575000000000002,0.078,,0.025,2.5105,,,,1.2690000000000001,,0.0,0.001,,,,,0.003,0.003,,,,
1121,0.139,,0.003,0.065,2.1205000000000003,0.078,,0.025,0.1425,,,,1.274,,0.0,0.001,,,,,0.003,0.003,,,,
1122,0.139,,0.003,0.065,0.2925,0.078,,0.025,0.5815,,,,1.2695,,0.0,0.001,,,,,0.003,0.003,,,,
1123,0.139,,0.003,0.0655,1.397,0.078,,0.025,0.199,,,,1.2670000000000001,,0.0,0.001,,,,,0.003,0.003,,,,
1124,0.139,,0.003,0.065,1.755,0.078,,0.025,0.09,,,,1.2735,,0.0,0.001,,,,,0.003,0.003,,,,
1125,0.139,,0.003,0.065,0.276,0.0785,,0.025,1.0315,,,,1.266,,0.0,0.001,,,,,0.003,0.003,,,,
1126,0.139,,0.003,0.0655,1.4565000000000001,0.0785,,0.025,2.3200000000000003,,,,1.2690000000000001,,0.0,0.001,,,,,0.003,0.003,,,,
1127,0.139,,0.003,0.0655,2.052,0.078,,0.025,0.393,,,,1.2685,,0.0,0.001,,,,,0.003,0.003,,,,
1128,0.1395,,0.003,0.065,0.221,0.078,,0.025,0.4155,,,,1.2695,,0.0,0.001,,,,,0.003,0.003,,,,
1129,0.139,,0.003,0.0655,1.4385,0.0775,,0.025,0.5135000000000001,,,,1.262,,0.0,0.001,,,,,0.003,0.003,,,,
1130,0.139,,0.003,0.065,1.176,0.0775,,0.025,0.4445,,,,1.2640000000000002,,0.0,0.001,,,,,0.003,0.003,,,,
1131,0.139,,0.003,0.065,0.3125,0.0775,,0.025,2.5180000000000002,,,,1.268,,0.0,0.001,,,,,0.003,0.003,,,,
1132,0.139,,0.003,0.065,1.3335,0.0775,,0.025,0.5935,,,,1.2675,,0.0,0.001,,,,,0.003,0.003,,,,
1133,0.139,,0.003,0.065,2.188,0.078,,0.025,0.246,,,,1.2665000000000002,,0.0,0.001,,,,,0.003,0.003,,,,
1134,0.139,,0.003,0.0655,0.2205,0.0775,,0.025,0.2195,,,,1.2670000000000001,,0.0,0.001,,,,,0.003,0.003,,,,
1135,0.139,,0.003,0.0655,1.421,0.0775,,0.025,0.647,,,,1.27,,0.0,0.001,,,,,0.003,0.003,,,,
1136,0.139,,0.003,0.065,1.889,0.0775,,0.025,0.1335,,,,1.2665000000000002,,0.0,0.001,,,,,0.003,0.003,,,,
1137,0.139,,0.003,0.065,0.11850000000000001,0.078,,0.025,0.778,,,,1.2715,,0.0,0.001,,,,,0.003,0.003,,,,
1138,0.1395,,0.003,0.065,1.2514999999999998,0.078,,0.025,2.5164999999999997,,,,1.2725,,0.0,0.001,,,,,0.003,0.003,,,,
1139,0.139,,0.003,0.065,2.055,0.078,,0.025,0.1305,,,,1.2725,,0.0,0.001,,,,,0.003,0.003,,,,
1140,0.139,,0.003,0.065,0.7395,0.078,,0.025,0.4445,,,,1.274,,0.0,0.001,,,,,0.003,0.003,,,,
1141,0.14,,0.003,0.065,1.359,0.078,,0.025,0.20450000000000002,,,,1.27,,0.0,0.001,,,,,0.003,0.003,,,,
1142,0.139,,0.003,0.065,0.2585,0.0775,,0.025,0.273,,,,1.238,,0.0,0.001,,,,,0.003,0.003,,,,
1143,0.139,,0.003,0.065,0.5770000000000001,0.077,,0.025,0.5549999999999999,,,,1.2425000000000002,,0.0,0.001,,,,,0.003,0.003,,,,
1144,0.139,,0.003,0.065,0.212,0.0775,,0.025,0.2,,,,1.2395,,0.0,0.001,,,,,0.003,0.003,,,,
1145,0.1385,,0.003,0.065,2.0315,0.0775,,0.025,0.38949999999999996,,,,1.2405,,0.0,0.001,,,,,0.003,0.003,,,,
1146,0.139,,0.003,0.0655,0.839,0.078,,0.025,0.076,,,,1.2415,,0.0,0.001,,,,,0.003,0.003,,,,
1147,0.1395,,0.003,0.065,0.7705,0.078,,0.025,0.1845,,,,1.241,,0.0,0.001,,,,,0.003,0.003,,,,
1148,0.1385,,0.003,0.065,1.7695,0.0775,,0.025,0.767,,,,1.243,,0.0,0.001,,,,,0.003,0.003,,,,
1149,0.1385,,0.003,0.065,0.7515,0.077,,0.025,0.1935,,,,1.2465000000000002,,0.0,0.001,,,,,0.003,0.003,,,,
1150,0.139,,0.003,0.0655,0.5745,0.0775,,0.025,2.293,,,,1.2455,,0.0,0.001,,,,,0.003,0.003,,,,
1151,0.139,,0.003,0.0655,2.1695,0.077,,0.025,0.6134999999999999,,,,1.2435,,0.0,0.001,,,,,0.003,0.003,,,,
1152,0.1385,,0.003,0.0655,0.9085000000000001,0.0775,,0.025,0.7545000000000001,,,,1.245,,0.0,0.001,,,,,0.003,0.003,,,,
1153,0.1395,,0.003,0.065,0.4785,0.0775,,0.025,0.124,,,,1.2435,,0.0,0.001,,,,,0.003,0.003,,,,
1154,0.139,,0.003,0.065,1.9915,0.0775,,0.025,0.765,,,,1.2405,,0.0,0.001,,,,,0.003,0.003,,,,
1155,0.139,,0.003,0.0655,0.249,0.078,,0.025,0.32100000000000006,,,,1.212,,0.0,0.001,,,,,0.003,0.003,,,,
1156,0.139,,0.003,0.066,0.41300000000000003,0.078,,0.025,0.8865000000000001,,,,1.214,,0.0,0.001,,,,,0.003,0.003,,,,
1157,0.139,,0.003,0.066,2.0540000000000003,0.078,,0.025,1.894,,,,1.215,,0.0,0.001,,,,,0.003,0.003,,,,
1158,0.139,,0.003,0.066,0.8635,0.078,,0.025,0.4105,,,,1.213,,0.0,0.001,,,,,0.003,0.003,,,,
1159,0.139,,0.003,0.066,0.508,0.078,,0.025,0.086,,,,1.214,,0.0,0.001,,,,,0.003,0.003,,,,
1160,0.139,,0.003,0.066,2.0495,0.078,,0.025,0.7050000000000001,,,,1.2120000000000002,,0.0,0.001,,,,,0.003,0.003,,,,
1161,0.139,,0.003,0.066,0.7875000000000001,0.078,,0.025,0.2905,,,,1.218,,0.0,0.001,,,,,0.003,0.003,,,,
1162,0.139,,0.003,0.066,0.7310000000000001,0.078,,0.025,0.215,,,,1.2155,,0.0,0.001,,,,,0.003,0.003,,,,
1163,0.139,,0.003,0.066,2.001,0.078,,0.025,0.6015,,,,1.2155,,0.0,0.001,,,,,0.003,0.003,,,,
1164,0.1395,,0.003,0.0655,0.49150000000000005,0.078,,0.025,0.3295,,,,1.2165,,0.0,0.001,,,,,0.003,0.003,,,,
1165,0.1395,,0.003,0.066,0.47,0.078,,0.025,2.3115,,,,1.2200000000000002,,0.0,0.001,,,,,0.003,0.003,,,,
1166,0.139,,0.003,0.066,2.2935000000000003,0.078,,0.025,0.996,,,,1.217,,0.0,0.001,,,,,0.003,0.003,,,,
1167,0.139,,0.003,0.066,0.686,0.078,,0.025,0.34299999999999997,,,,1.2225000000000001,,0.0,0.001,,,,,0.003,0.003,,,,
1168,0.139,,0.003,0.066,0.528,0.078,,0.025,1.0815000000000001,,,,1.2145000000000001,,0.0,0.001,,,,,0.003,0.003,,,,
1169,0.139,,0.003,0.066,2.193,0.078,,0.025,1.2510000000000001,,,,1.2185000000000001,,0.0,0.001,,,,,0.003,0.003,,,,
1170,0.139,,0.003,0.066,0.7484999999999999,0.078,,0.025,0.0915,,,,1.2175,,0.0,0.001,,,,,0.003,0.003,,,,
1171,0.139,,0.003,0.066,0.4295,0.078,,0.025,0.1945,,,,1.2160000000000002,,0.0,0.001,,,,,0.003,0.003,,,,
1172,0.139,,0.003,0.066,1.723,0.078,,0.025,0.8965000000000001,,,,1.2165,,0.0,0.001,,,,,0.003,0.003,,,,
1173,0.139,,0.003,0.066,0.66,0.078,,0.025,2.8120000000000003,,,,1.2175,,0.0,0.001,,,,,0.003,0.003,,,,
1174,0.139,,0.003,0.066,1.1965,0.078,,0.025,0.231,,,,1.216,,0.0,0.001,,,,,0.003,0.003,,,,
1175,0.139,,0.003,0.066,10.373,0.078,,0.025,0.10500000000000001,,,,1.2195,,0.0,0.001,,,,,0.003,0.003,,,,
1176,0.1385,,0.003,0.065,0.8805000000000001,0.078,,0.025,0.8620000000000001,,,,1.2095,,0.0,0.001,,,,,0.003,0.003,,,,
1177,0.139,,0.003,0.065,0.7555,0.078,,0.025,0.288,,,,1.2115,,0.0,0.001,,,,,0.003,0.003,,,,
1178,0.139,,0.003,0.066,2.657,0.078,,0.025,0.5055000000000001,,,,1.213,,0.0,0.001,,,,,0.003,0.003,,,,
1179,0.139,,0.003,0.065,0.7635000000000001,0.078,,0.025,0.669,,,,1.2085,,0.0,0.001,,,,,0.003,0.003,,,,
1180,0.139,,0.003,0.0655,0.165,0.078,,0.025,2.2395,,,,1.211,,0.0,0.001,,,,,0.003,0.003,,,,
1181,0.139,,0.003,0.065,3.0475,0.078,,0.025,0.638,,,,1.2125,,0.0,0.001,,,,,0.003,0.003,,,,
1182,0.1385,,0.003,0.065,0.6955,0.078,,0.025,0.39749999999999996,,,,1.2145000000000001,,0.0,0.001,,,,,0.003,0.003,,,,
1183,0.1385,,0.003,0.0655,0.6775,0.078,,0.025,0.475,,,,1.2160000000000002,,0.0,0.001,,,,,0.003,0.003,,,,
1184,0.139,,0.003,0.065,2.5535,0.078,,0.025,0.2595,,,,1.2155,,0.0,0.001,,,,,0.003,0.003,,,,
1185,0.139,,0.003,0.065,0.777,0.078,,0.025,0.32699999999999996,,,,1.215,,0.0,0.001,,,,,0.003,0.003,,,,
1186,0.139,,0.003,0.065,1.3935000000000002,0.078,,0.025,0.0815,,,,1.21,,0.0,0.001,,,,,0.003,0.003,,,,
1187,0.139,,0.003,0.0655,2.3885,0.078,,0.025,1.2834999999999999,,,,1.218,,0.0,0.001,,,,,0.003,0.003,,,,
1188,0.139,,0.003,0.065,1.5775,0.078,,0.025,0.275,,,,1.2215,,0.0,0.001,,,,,0.003,0.003,,,,
1189,0.1385,,0.003,0.065,0.645,0.078,,0.025,0.1565,,,,1.2145000000000001,,0.0,0.001,,,,,0.003,0.003,,,,
1190,0.1385,,0.003,0.065,2.481,0.078,,0.025,0.20500000000000002,,,,1.2175,,0.0,0.001,,,,,0.003,0.003,,,,
1191,0.139,,0.003,0.0655,1.6225,0.078,,0.025,1.138,,,,1.221,,0.0,0.001,,,,,0.003,0.003,,,,
1192,0.139,,0.003,0.065,0.6980000000000001,0.078,,0.025,0.0945,,,,1.2189999999999999,,0.0,0.001,,,,,0.003,0.003,,,,
1193,0.139,,0.003,0.065,2.4285,0.078,,0.025,5.194999999999999,,,,1.221,,0.0,0.001,,,,,0.003,0.003,,,,
1194,0.139,,0.003,0.065,1.1760000000000002,0.078,,0.025,0.3315,,,,1.217,,0.0,0.001,,,,,0.003,0.003,,,,
1195,0.139,,0.003,0.065,0.5865,0.078,,0.025,2.5655,,,,1.2225000000000001,,0.0,0.001,,,,,0.003,0.003,,,,
1196,0.139,,0.003,0.065,2.862,0.078,,0.025,2.665,,,,1.2195,,0.0,0.001,,,,,0.003,0.003,,,,
1197,0.1385,,0.003,0.0655,0.7685000000000001,0.078,,0.025,0.6960000000000001,,,,1.2195,,0.0,0.001,,,,,0.003,0.003,,,,
1198,0.1385,,0.003,0.0655,0.653,0.078,,0.025,0.2865,,,,1.2175,,0.0,0.001,,,,,0.003,0.003,,,,
1199,0.139,,0.003,0.065,2.5690000000000004,0.078,,0.025,0.17850000000000002,,,,1.1815,,0.0,0.001,,,,,0.003,0.003,,,,
1200,0.139,,0.003,0.0655,0.6335000000000001,0.078,,0.025,0.7265,,,,1.183,,0.0,0.001,,,,,0.003,0.003,,,,
1201,0.139,,0.003,0.065,0.8815,0.078,,0.025,0.24300000000000002,,,,1.1880000000000002,,0.0,0.001,,,,,0.003,0.003,,,,
1202,0.139,,0.003,0.065,7.0045,0.078,,0.025,0.354,,,,1.1869999999999998,,0.0,0.001,,,,,0.003,0.003,,,,
1203,0.1395,,0.003,0.065,0.9375,0.078,,0.025,0.099,,,,1.183,,0.0,0.001,,,,,0.003,0.003,,,,
1204,0.1395,,0.003,0.065,3.4945000000000004,0.0775,,0.025,5.556,,,,1.1920000000000002,,0.0,0.001,,,,,0.003,0.003,,,,
1205,0.139,,0.003,0.065,2.5425,0.078,,0.025,0.8620000000000001,,,,1.187,,0.0,0.001,,,,,0.003,0.003,,,,
1206,0.1395,,0.003,0.065,0.7625,0.078,,0.025,0.5745,,,,1.188,,0.0,0.001,,,,,0.003,0.003,,,,
1207,0.1385,,0.003,0.065,0.658,0.0775,,0.025,0.3035,,,,1.1885,,0.0,0.001,,,,,0.003,0.003,,,,
1208,0.139,,0.003,0.065,2.712,0.078,,0.025,0.7120000000000001,,,,1.189,,0.0,0.001,,,,,0.003,0.003,,,,
1209,0.139,,0.003,0.0655,3.8465,0.0775,,0.025,3.4255,,,,1.191,,0.0,0.001,,,,,0.003,0.003,,,,
1210,0.139,,0.003,0.065,0.6225,0.078,,0.025,0.30900000000000005,,,,1.1920000000000002,,0.0,0.001,,,,,0.003,0.003,,,,
1211,0.139,,0.003,0.065,2.4785,0.078,,0.025,0.2165,,,,1.193,,0.0,0.001,,,,,0.003,0.003,,,,
1212,0.139,,0.003,0.0655,0.3085,0.078,,0.025,0.5810000000000001,,,,1.192,,0.0,0.001,,,,,0.003,0.003,,,,
1213,0.139,,0.003,0.065,1.764,0.0775,,0.025,0.1575,,,,1.188,,0.0,0.001,,,,,0.003,0.003,,,,
1214,0.139,,0.003,0.0655,2.381,0.0775,,0.025,1.4035,,,,1.157,,0.0,0.001,,,,,0.003,0.003,,,,
1215,0.14,,0.003,0.065,0.5840000000000001,0.078,,0.025,0.2895,,,,1.159,,0.0,0.001,,,,,0.003,0.003,,,,
1216,0.139,,0.003,0.065,3.9525,0.0775,,0.025,3.8275,,,,1.158,,0.0,0.001,,,,,0.003,0.003,,,,
1217,0.139,,0.003,0.065,4.7265,0.0775,,0.025,6.1045,,,,1.1555,,0.0,0.001,,,,,0.003,0.003,,,,
1218,0.1395,,0.003,0.0655,0.5660000000000001,0.077,,0.025,1.0025,,,,1.1595,,0.0,0.001,,,,,0.003,0.003,,,,
1219,0.139,,0.003,0.0655,0.679,0.0775,,0.025,4.198499999999999,,,,1.1575,,0.0,0.001,,,,,0.003,0.003,,,,
1220,0.139,,0.003,0.065,1.6335,0.077,,0.025,0.8185,,,,1.1665,,0.0,0.001,,,,,0.003,0.003,,,,
1221,0.139,,0.003,0.0655,0.836,0.077,,0.025,0.6234999999999999,,,,1.1575,,0.0,0.001,,,,,0.003,0.003,,,,
1222,0.1395,,0.003,0.065,0.349,0.0775,,0.025,1.5175,,,,1.1655,,0.0,0.001,,,,,0.003,0.003,,,,
1223,0.1395,,0.003,0.065,2.3474999999999997,0.0775,,0.025,1.404,,,,1.1555,,0.0,0.001,,,,,0.003,0.003,,,,
1224,0.139,,0.003,0.065,1.029,0.0775,,0.025,1.0935000000000001,,,,1.165,,0.0,0.001,,,,,0.003,0.003,,,,
1225,0.1395,,0.003,0.066,0.642,0.078,,0.025,0.3215,,,,1.1635,,0.0,0.001,,,,,0.003,0.003,,,,
1226,0.1395,,0.003,0.065,2.13,0.0775,,0.025,0.905,,,,1.1644999999999999,,0.0,0.001,,,,,0.003,0.003,,,,
1227,0.1385,,0.003,0.065,0.8109999999999999,0.078,,0.025,4.469,,,,1.1655,,0.0,0.001,,,,,0.003,0.003,,,,
1228,0.139,,0.003,0.065,0.8365,0.078,,0.025,0.492,,,,1.1644999999999999,,0.0,0.001,,,,,0.003,0.003,,,,
1229,0.139,,0.003,0.065,2.3529999999999998,0.078,,0.025,0.958,,,,1.1684999999999999,,0.0,0.001,,,,,0.003,0.003,,,,
1230,0.139,,0.003,0.0655,1.0,0.0775,,0.025,2.4855,,,,1.1705,,0.0,0.001,,,,,0.003,0.003,,,,
1231,0.139,,0.003,0.065,0.6950000000000001,0.078,,0.025,0.515,,,,1.1675,,0.0,0.001,,,,,0.003,0.003,,,,
1232,0.139,,0.003,0.0655,2.129,0.077,,0.025,1.774,,,,1.173,,0.0,0.001,,,,,0.003,0.003,,,,
1233,0.139,,0.003,0.065,0.8045,0.0775,,0.025,0.356,,,,1.169,,0.0,0.001,,,,,0.003,0.003,,,,
1234,0.1395,,0.003,0.065,0.2555,0.078,,0.025,0.47650000000000003,,,,1.166,,0.0,0.001,,,,,0.003,0.003,,,,
1235,0.139,,0.003,0.0655,1.5305,0.0775,,0.025,1.114,,,,1.1715,,0.0,0.001,,,,,0.003,0.003,,,,
1236,0.139,,0.003,0.0655,0.8099999999999999,0.078,,0.025,2.686,,,,1.168,,0.0,0.001,,,,,0.003,0.003,,,,
1237,0.139,,0.003,0.0655,0.15300000000000002,0.0775,,0.025,0.138,,,,1.1705,,0.0,0.001,,,,,0.003,0.003,,,,
1238,0.139,,0.003,0.065,2.5305,0.0775,,0.025,1.5355,,,,1.169,,0.0,0.001,,,,,0.003,0.003,,,,
1239,0.139,,0.003,0.0655,0.856,0.078,,0.025,1.409,,,,1.172,,0.0,0.001,,,,,0.003,0.003,,,,
1240,0.139,,0.003,0.065,0.656,0.0775,,0.025,0.369,,,,1.1680000000000001,,0.0,0.001,,,,,0.003,0.003,,,,
1241,0.14,,0.003,0.0655,2.1135,0.0775,,0.025,1.457,,,,1.1709999999999998,,0.0,0.001,,,,,0.003,0.003,,,,
1242,0.1395,,0.003,0.0655,0.8795000000000001,0.0775,,0.025,0.8395,,,,1.1715,,0.0,0.001,,,,,0.003,0.003,,,,
1243,0.139,,0.003,0.065,0.7005,0.078,,0.025,0.33549999999999996,,,,1.1680000000000001,,0.0,0.001,,,,,0.003,0.003,,,,
1244,0.139,,0.003,0.0655,1.44,0.078,,0.025,1.3375000000000001,,,,1.059,,0.0,0.001,,,,,0.003,0.003,,,,
1245,0.139,,0.003,0.065,0.6815,0.078,,0.025,0.6030000000000001,,,,1.057,,0.0,0.001,,,,,0.003,0.003,,,,
1246,0.1395,,0.003,0.065,0.473,0.078,,0.025,0.6234999999999999,,,,1.0585,,0.0,0.001,,,,,0.003,0.003,,,,
1247,0.139,,0.003,0.0655,2.2664999999999997,0.0775,,0.025,2.4715,,,,1.0565,,0.0,0.001,,,,,0.003,0.003,,,,
1248,0.139,,0.003,0.065,0.8530000000000001,0.078,,0.025,0.499,,,,1.0579999999999998,,0.0,0.001,,,,,0.003,0.003,,,,
1249,0.1385,,0.003,0.065,0.5945,0.0775,,0.025,0.8089999999999999,,,,1.0615,,0.0,0.001,,,,,0.003,0.003,,,,
1250,0.139,,0.003,0.065,2.0785,0.0775,,0.025,1.2305,,,,1.0594999999999999,,0.0,0.001,,,,,0.003,0.003,,,,
1251,0.1395,,0.003,0.066,0.7180000000000001,0.078,,0.025,1.2260000000000002,,,,1.0594999999999999,,0.0,0.001,,,,,0.003,0.003,,,,
1252,0.139,,0.003,0.0655,0.525,0.0775,,0.025,0.44700000000000006,,,,1.0630000000000002,,0.0,0.001,,,,,0.003,0.003,,,,
1253,0.1385,,0.003,0.065,2.117,0.078,,0.025,1.316,,,,1.0585,,0.0,0.001,,,,,0.003,0.003,,,,
1254,0.129,,0.002,0.069,1.2215,0.073,,0.025,0.089,,,,1.0205000000000002,,0.0,0.001,,,,,0.003,0.003,,,,
1255,0.13,,0.002,0.0695,0.4555,0.07250000000000001,,0.025,0.7185,,,,1.0220000000000002,,0.0,0.001,,,,,0.003,0.003,,,,
1256,0.1295,,0.002,0.0695,1.5665000000000002,0.073,,0.025,1.5945,,,,1.0205,,0.0,0.001,,,,,0.003,0.003,,,,
1257,0.129,,0.002,0.07,0.2535,0.07200000000000001,,0.025,0.214,,,,1.016,,0.0,0.001,,,,,0.003,0.003,,,,
1258,0.128,,0.002,0.07,0.271,0.073,,0.025,1.554,,,,1.0125000000000002,,0.0,0.001,,,,,0.003,0.003,,,,
1259,0.128,,0.002,0.07,2.4065,0.073,,0.025,1.404,,,,1.0150000000000001,,0.0,0.001,,,,,0.003,0.003,,,,
1260,0.128,,0.002,0.07,0.795,0.07200000000000001,,0.025,0.36350000000000005,,,,1.0135,,0.0,0.001,,,,,0.003,0.003,,,,
1261,0.128,,0.002,0.07,0.3155,0.07250000000000001,,0.025,1.0839999999999999,,,,1.0115,,0.0,0.001,,,,,0.003,0.003,,,,
1262,0.128,,0.002,0.07,2.1505,0.073,,0.025,0.081,,,,1.016,,0.0,0.001,,,,,0.003,0.003,,,,
1263,0.128,,0.002,0.07,0.5835,0.07200000000000001,,0.025,0.6695000000000001,,,,1.017,,0.0,0.001,,,,,0.003,0.003,,,,
1264,0.128,,0.002,0.07,0.29700000000000004,0.07250000000000001,,0.025,1.066,,,,1.016,,0.0,0.001,,,,,0.003,0.003,,,,
1265,0.1285,,0.002,0.07,1.981,0.073,,0.025,1.5665,,,,1.017,,0.0,0.001,,,,,0.003,0.003,,,,
1266,0.129,,0.002,0.07,0.1055,0.07250000000000001,,0.025,0.7454999999999999,,,,1.014,,0.0,0.001,,,,,0.003,0.003,,,,
1267,0.128,,0.002,0.07,0.271,0.073,,0.025,0.107,,,,1.0170000000000001,,0.0,0.001,,,,,0.003,0.003,,,,
1268,0.1285,,0.002,0.07,2.0675,0.073,,0.025,1.318,,,,1.0155,,0.0,0.001,,,,,0.003,0.003,,,,
1269,0.128,,0.002,0.07,0.8375,0.07200000000000001,,0.025,0.943,,,,1.0180000000000002,,0.0,0.001,,,,,0.003,0.003,,,,
1270,0.1285,,0.002,0.0695,0.277,0.07250000000000001,,0.025,2.803,,,,1.0155,,0.0,0.001,,,,,0.003,0.003,,,,
1271,0.128,,0.002,0.0695,1.988,0.073,,0.025,0.5415,,,,1.0190000000000001,,0.0,0.001,,,,,0.003,0.003,,,,
1272,0.128,,0.002,0.07,0.42600000000000005,0.07250000000000001,,0.025,0.8570000000000001,,,,1.021,,0.0,0.001,,,,,0.003,0.003,,,,
1273,0.1275,,0.002,0.07,0.2135,0.07250000000000001,,0.025,1.1105,,,,0.9975,,0.0,0.001,,,,,0.003,0.003,,,,
1274,0.128,,0.002,0.07,1.8965,0.073,,0.025,2.6345,,,,0.999,,0.0,0.001,,,,,0.003,0.003,,,,
1275,0.1285,,0.002,0.07,0.5589999999999999,0.07250000000000001,,0.025,0.276,,,,0.9995,,0.0,0.001,,,,,0.003,0.003,,,,
1276,0.1275,,0.002,0.0695,0.5820000000000001,0.07250000000000001,,0.025,1.1175,,,,1.0035,,0.0,0.001,,,,,0.003,0.003,,,,
1277,0.128,,0.002,0.07,1.535,0.073,,0.025,0.7545000000000001,,,,0.9984999999999999,,0.0,0.001,,,,,0.003,0.003,,,,
1278,0.128,,0.002,0.07,2.098,0.07200000000000001,,0.025,0.686,,,,1.0045000000000002,,0.0,0.001,,,,,0.003,0.003,,,,
1279,0.128,,0.002,0.0695,1.3715000000000002,0.07250000000000001,,0.025,0.7815,,,,1.0025,,0.0,0.001,,,,,0.003,0.003,,,,
1280,0.1275,,0.002,0.0695,2.6010000000000004,0.073,,0.025,0.155,,,,1.0045000000000002,,0.0,0.001,,,,,0.003,0.003,,,,
1281,0.1275,,0.002,0.07,0.406,0.07200000000000001,,0.025,0.1395,,,,1.0035,,0.0,0.001,,,,,0.003,0.003,,,,
1282,0.128,,0.002,0.07,0.893,0.073,,0.025,1.8745,,,,1.0,,0.0,0.001,,,,,0.003,0.003,,,,
1283,0.1275,,0.002,0.069,1.865,0.073,,0.025,0.37050000000000005,,,,0.9664999999999999,,0.0,0.001,,,,,0.003,0.003,,,,
1284,0.1285,,0.002,0.07,0.7935,0.07200000000000001,,0.025,0.62,,,,0.964,,0.0,0.001,,,,,0.003,0.003,,,,
1285,0.128,,0.002,0.069,0.674,0.07250000000000001,,0.025,0.884,,,,0.9664999999999999,,0.0,0.001,,,,,0.003,0.003,,,,
1286,0.128,,0.002,0.0695,1.9925000000000002,0.073,,0.025,0.676,,,,0.965,,0.0,0.001,,,,,0.003,0.003,,,,
1287,0.1285,,0.002,0.0695,0.6625000000000001,0.07200000000000001,,0.025,0.635,,,,0.9595,,0.0,0.001,,,,,0.003,0.003,,,,
1288,0.128,,0.002,0.07,0.2485,0.07250000000000001,,0.025,1.27,,,,0.921,,0.0,0.001,,,,,0.003,0.003,,,,
1289,0.128,,0.002,0.0695,1.4240000000000002,0.073,,0.025,0.747,,,,0.9225000000000001,,0.0,0.001,,,,,0.003,0.003,,,,
1290,0.1385,,0.003,0.069,0.695,0.077,,0.025,0.2075,,,,0.7735000000000001,,0.0,0.001,,,,,0.003,0.003,,,,
1291,0.139,,0.003,0.069,1.024,0.0765,,0.025,0.924,,,,0.7705,,0.0,0.001,,,,,0.003,0.003,,,,
1292,0.1375,,0.003,0.069,2.41,0.077,,0.025,1.6335,,,,0.7725,,0.0,0.001,,,,,0.003,0.003,,,,
1293,0.1385,,0.003,0.069,0.35150000000000003,0.0775,,0.025,0.2065,,,,0.7755000000000001,,0.0,0.001,,,,,0.003,0.003,,,,
1294,0.138,,0.003,0.0685,0.7215,0.0765,,0.025,1.6775,,,,0.71,,0.0,0.001,,,,,0.003,0.003,,,,
1295,0.138,,0.003,0.069,2.4065,0.076,,0.025,0.815,,,,0.709,,0.0,0.001,,,,,0.003,0.003,,,,
1296,0.137,,0.003,0.069,0.2115,0.0775,,0.025,1.1675,,,,0.7055,,0.0,0.001,,,,,0.003,0.003,,,,
1297,0.138,,0.003,0.069,4.282500000000001,0.076,,0.025,0.7115,,,,0.709,,0.0,0.001,,,,,0.003,0.003,,,,
1298,0.138,,0.003,0.069,2.3035,0.0765,,0.025,0.081,,,,0.707,,0.0,0.001,,,,,0.003,0.003,,,,
1299,0.138,,0.003,0.069,3.62,0.077,,0.025,0.43950000000000006,,,,0.7064999999999999,,0.0,0.001,,,,,0.003,0.003,,,,
1300,0.138,,0.003,0.069,0.623,0.0765,,0.025,0.996,,,,0.708,,0.0,0.001,,,,,0.003,0.003,,,,
1301,0.138,,0.003,0.069,2.3979999999999997,0.0765,,0.025,0.325,,,,0.707,,0.0,0.001,,,,,0.003,0.003,,,,
1302,0.138,,0.003,0.069,3.293,0.0775,,0.025,0.41500000000000004,,,,0.7135,,0.0,0.001,,,,,0.003,0.003,,,,
1303,0.138,,0.003,0.0685,0.1645,0.076,,0.025,0.7270000000000001,,,,0.7084999999999999,,0.0,0.001,,,,,0.003,0.003,,,,
1304,0.138,,0.003,0.069,2.317,0.0765,,0.025,0.7525,,,,0.708,,0.0,0.001,,,,,0.003,0.003,,,,
1305,0.1385,,0.003,0.069,0.382,0.077,,0.025,0.387,,,,0.7084999999999999,,0.0,0.001,,,,,0.003,0.003,,,,
1306,0.138,,0.003,0.069,0.661,0.0765,,0.025,0.29450000000000004,,,,0.709,,0.0,0.001,,,,,0.003,0.003,,,,
1307,0.1385,,0.003,0.069,2.165,0.0765,,0.025,1.473,,,,0.71,,0.0,0.001,,,,,0.003,0.003,,,,
1308,0.138,,0.003,0.0685,1.3760000000000001,0.077,,0.025,0.1785,,,,0.7084999999999999,,0.0,0.001,,,,,0.003,0.003,,,,
1309,0.138,,0.003,0.069,0.41100000000000003,0.076,,0.025,1.1475000000000002,,,,0.713,,0.0,0.001,,,,,0.003,0.003,,,,
1310,0.1375,,0.003,0.069,2.0465,0.076,,0.025,0.259,,,,0.7135,,0.0,0.001,,,,,0.003,0.003,,,,
1311,0.138,,0.003,0.069,1.8095,0.0775,,0.025,1.2215,,,,0.7104999999999999,,0.0,0.001,,,,,0.003,0.003,,,,
1312,0.138,,0.003,0.069,1.7425000000000002,0.076,,0.025,1.141,,,,0.7124999999999999,,0.0,0.001,,,,,0.003,0.003,,,,
1313,0.138,,0.003,0.0685,2.2895,0.0765,,0.025,0.129,,,,0.7144999999999999,,0.0,0.001,,,,,0.003,0.003,,,,
1314,0.138,,0.003,0.069,3.9555,0.077,,0.025,0.2715,,,,0.7104999999999999,,0.0,0.001,,,,,0.003,0.003,,,,
1315,0.138,,0.003,0.0695,0.34550000000000003,0.0765,,0.025,1.0765,,,,0.716,,0.0,0.001,,,,,0.003,0.003,,,,
1316,0.1375,,0.003,0.069,2.1025,0.076,,0.025,0.42300000000000004,,,,0.7084999999999999,,0.0,0.001,,,,,0.003,0.003,,,,
1317,0.138,,0.003,0.069,1.5425,0.077,,0.025,0.6955,,,,0.712,,0.0,0.001,,,,,0.003,0.003,,,,
1318,0.139,,0.003,0.069,0.509,0.076,,0.025,1.3765,,,,0.7155,,0.0,0.001,,,,,0.003,0.003,,,,
1319,0.1385,,0.003,0.069,2.106,0.0765,,0.025,0.465,,,,0.7124999999999999,,0.0,0.001,,,,,0.003,0.003,,,,
1320,0.1385,,0.003,0.069,3.4115,0.077,,0.025,0.594,,,,0.7164999999999999,,0.0,0.001,,,,,0.003,0.003,,,,
1321,0.1375,,0.003,0.069,1.228,0.076,,0.025,0.639,,,,0.715,,0.0,0.001,,,,,0.003,0.003,,,,
1322,0.138,,0.003,0.069,2.463,0.0765,,0.025,1.5055,,,,0.7155,,0.0,0.001,,,,,0.003,0.003,,,,
1323,0.138,,0.003,0.069,0.8560000000000001,0.077,,0.025,1.0825,,,,0.7164999999999999,,0.0,0.001,,,,,0.003,0.003,,,,
1324,0.138,,0.003,0.069,0.124,0.0765,,0.025,1.4305,,,,0.714,,0.0,0.001,,,,,0.003,0.003,,,,
1325,0.138,,0.003,0.069,0.9590000000000001,0.0765,,0.025,0.7655,,,,0.7144999999999999,,0.0,0.001,,,,,0.003,0.003,,,,
1326,0.138,,0.003,0.069,0.924,0.077,,0.025,0.4495,,,,0.7135,,0.0,0.001,,,,,0.003,0.003,,,,
1327,0.138,,0.003,0.069,0.5845,0.0765,,0.025,0.9269999999999999,,,,0.7184999999999999,,0.0,0.001,,,,,0.003,0.003,,,,
1328,0.138,,0.003,0.069,2.1375,0.0765,,0.025,0.644,,,,0.716,,0.0,0.001,,,,,0.003,0.003,,,,
1329,0.138,,0.003,0.069,4.3575,0.077,,0.025,0.191,,,,0.7175,,0.0,0.001,,,,,0.003,0.003,,,,
1330,0.138,,0.003,0.069,0.49050000000000005,0.077,,0.025,1.3045000000000002,,,,0.72,,0.0,0.001,,,,,0.003,0.003,,,,
1331,0.138,,0.003,0.069,1.941,0.076,,0.025,0.1385,,,,0.718,,0.0,0.001,,,,,0.003,0.003,,,,
1332,0.138,,0.003,0.069,3.3895000000000004,0.0775,,0.025,0.517,,,,0.7175,,0.0,0.001,,,,,0.003,0.003,,,,
1333,0.137,,0.003,0.0695,0.30800000000000005,0.0765,,0.025,1.05,,,,0.7184999999999999,,0.0,0.001,,,,,0.003,0.003,,,,
1334,0.138,,0.003,0.069,1.9625,0.076,,0.025,0.533,,,,0.719,,0.0,0.001,,,,,0.003,0.003,,,,
1335,0.1385,,0.003,0.069,0.513,0.077,,0.025,0.9299999999999999,,,,0.6525000000000001,,0.0,0.001,,,,,0.003,0.003,,,,
1336,0.138,,0.003,0.069,0.262,0.076,,0.025,0.2065,,,,0.6535,,0.0,0.001,,,,,0.003,0.003,,,,
1337,0.138,,0.003,0.0695,1.8815,0.076,,0.025,0.42400000000000004,,,,0.654,,0.0,0.001,,,,,0.003,0.003,,,,
1338,0.1385,,0.003,0.069,0.5575,0.077,,0.025,0.1895,,,,0.6565000000000001,,0.0,0.001,,,,,0.003,0.003,,,,
1339,0.1385,,0.003,0.069,0.8865,0.076,,0.025,1.1925000000000001,,,,0.6525000000000001,,0.0,0.001,,,,,0.003,0.003,,,,
1340,0.1385,,0.003,0.069,2.1655,0.076,,0.025,0.725,,,,0.657,,0.0,0.001,,,,,0.003,0.003,,,,
1341,0.138,,0.003,0.069,0.5145,0.077,,0.025,0.154,,,,0.6555,,0.0,0.001,,,,,0.003,0.003,,,,
1342,0.1385,,0.003,0.069,0.6635,0.0765,,0.025,0.5625,,,,0.6595,,0.0,0.001,,,,,0.003,0.003,,,,
1343,0.1385,,0.003,0.069,2.1385,0.076,,0.025,0.7455,,,,0.6575,,0.0,0.001,,,,,0.003,0.003,,,,
1344,0.1385,,0.003,0.069,0.653,0.077,,0.025,0.271,,,,0.657,,0.0,0.001,,,,,0.003,0.003,,,,
1345,0.1375,,0.003,0.069,0.6074999999999999,0.076,,0.025,0.4675,,,,0.656,,0.0,0.001,,,,,0.003,0.003,,,,
1346,0.138,,0.003,0.069,1.548,0.0765,,0.025,3.3975,,,,0.656,,0.0,0.001,,,,,0.003,0.003,,,,
1347,0.138,,0.003,0.069,1.445,0.077,,0.025,0.1695,,,,0.659,,0.0,0.001,,,,,0.003,0.003,,,,
1348,0.138,,0.003,0.069,0.0655,0.076,,0.025,1.276,,,,0.659,,0.0,0.001,,,,,0.003,0.003,,,,
1349,0.138,,0.003,0.069,1.7300000000000002,0.076,,0.025,0.7115,,,,0.658,,0.0,0.001,,,,,0.003,0.003,,,,
1350,0.1385,,0.003,0.069,3.4195,0.077,,0.025,0.107,,,,0.659,,0.0,0.001,,,,,0.003,0.003,,,,
1351,0.138,,0.003,0.069,0.5565,0.076,,0.025,0.072,,,,0.6615,,0.0,0.001,,,,,0.003,0.003,,,,
1352,0.1385,,0.003,0.0695,1.6885000000000001,0.076,,0.025,1.3155000000000001,,,,0.6425000000000001,,0.0,0.001,,,,,0.003,0.003,,,,
1353,0.1375,,0.003,0.0695,0.8025,0.077,,0.025,0.6094999999999999,,,,0.6445000000000001,,0.0,0.001,,,,,0.003,0.003,,,,
1354,0.1385,,0.003,0.069,0.611,0.0765,,0.025,0.199,,,,0.646,,0.0,0.001,,,,,0.003,0.003,,,,
1355,0.138,,0.003,0.0695,1.694,0.076,,0.025,0.76,,,,0.6455,,0.0,0.001,,,,,0.003,0.003,,,,
1356,0.138,,0.003,0.0695,0.2505,0.078,,0.025,0.621,,,,0.646,,0.0,0.001,,,,,0.003,0.003,,,,
1357,0.1375,,0.003,0.0695,1.0925,0.076,,0.025,1.1835,,,,0.649,,0.0,0.001,,,,,0.003,0.003,,,,
1358,0.138,,0.003,0.0695,1.5445,0.076,,0.025,0.703,,,,0.6455,,0.0,0.001,,,,,0.003,0.003,,,,
1359,0.1375,,0.003,0.069,4.032,0.077,,0.025,0.213,,,,0.6465000000000001,,0.0,0.001,,,,,0.003,0.003,,,,
1360,0.138,,0.003,0.069,0.893,0.076,,0.025,0.8270000000000001,,,,0.6465000000000001,,0.0,0.001,,,,,0.003,0.003,,,,
1361,0.1375,,0.003,0.0695,1.4625000000000001,0.076,,0.025,0.30750000000000005,,,,0.645,,0.0,0.001,,,,,0.003,0.003,,,,
1362,0.1375,,0.003,0.069,3.732,0.0775,,0.025,1.0830000000000002,,,,0.6425000000000001,,0.0,0.001,,,,,0.003,0.003,,,,
1363,0.138,,0.003,0.069,2.383,0.077,,0.025,1.245,,,,0.6445000000000001,,0.0,0.001,,,,,0.003,0.003,,,,
1364,0.138,,0.003,0.0695,1.5865,0.076,,0.025,0.1405,,,,0.644,,0.0,0.001,,,,,0.003,0.003,,,,
1365,0.1375,,0.003,0.0695,0.6769999999999999,0.077,,0.025,0.7545,,,,0.65,,0.0,0.001,,,,,0.003,0.003,,,,
1366,0.1375,,0.003,0.069,0.137,0.077,,0.025,0.9155,,,,0.647,,0.0,0.001,,,,,0.003,0.003,,,,
1367,0.1375,,0.003,0.0695,1.5615,0.076,,0.025,0.635,,,,0.652,,0.0,0.001,,,,,0.003,0.003,,,,
1368,0.139,,0.003,0.07,1.379,0.078,,0.025,1.3840000000000001,,,,0.647,,0.0,0.001,,,,,0.003,0.003,,,,
1369,0.138,,0.003,0.0695,0.7344999999999999,0.0765,,0.025,0.6759999999999999,,,,0.65,,0.0,0.001,,,,,0.003,0.003,,,,
1370,0.138,,0.003,0.0695,1.653,0.076,,0.025,1.133,,,,0.64,,0.0,0.001,,,,,0.003,0.003,,,,
1371,0.1385,,0.003,0.069,0.157,0.077,,0.025,1.047,,,,0.6405000000000001,,0.0,0.001,,,,,0.003,0.003,,,,
1372,0.139,,0.003,0.069,1.662,0.076,,0.025,0.6955,,,,0.639,,0.0,0.001,,,,,0.003,0.003,,,,
1373,0.138,,0.003,0.069,1.675,0.076,,0.025,0.8125,,,,0.641,,0.0,0.001,,,,,0.003,0.003,,,,
1374,0.138,,0.003,0.069,3.4975,0.077,,0.025,0.3965,,,,0.643,,0.0,0.001,,,,,0.003,0.003,,,,
1375,0.138,,0.003,0.069,1.4485000000000001,0.076,,0.025,1.2475,,,,0.638,,0.0,0.001,,,,,0.003,0.003,,,,
1376,0.138,,0.003,0.0695,0.9765,0.076,,0.025,1.575,,,,0.639,,0.0,0.001,,,,,0.003,0.003,,,,
1377,0.138,,0.003,0.069,2.91,0.077,,0.025,0.334,,,,0.641,,0.0,0.001,,,,,0.003,0.003,,,,
1378,0.137,,0.003,0.0695,0.402,0.076,,0.025,0.327,,,,0.643,,0.0,0.001,,,,,0.003,0.003,,,,
1379,0.1375,,0.003,0.069,1.48,0.076,,0.025,2.6,,,,0.644,,0.0,0.001,,,,,0.003,0.003,,,,
1380,0.138,,0.003,0.069,4.905,0.077,,0.025,0.5045000000000001,,,,0.6395,,0.0,0.001,,,,,0.003,0.003,,,,
1381,0.138,,0.003,0.069,0.9850000000000001,0.076,,0.025,1.683,,,,0.6425000000000001,,0.0,0.001,,,,,0.003,0.003,,,,
1382,0.137,,0.003,0.069,2.0245,0.076,,0.025,1.9505,,,,0.638,,0.0,0.001,,,,,0.003,0.003,,,,
1383,0.138,,0.003,0.069,4.4635,0.077,,0.025,0.2645,,,,0.6385000000000001,,0.0,0.001,,,,,0.003,0.003,,,,
1384,0.138,,0.003,0.069,2.4815,0.076,,0.025,0.8430000000000001,,,,0.643,,0.0,0.001,,,,,0.003,0.003,,,,
1385,0.138,,0.003,0.069,2.1310000000000002,0.076,,0.025,1.7750000000000001,,,,0.643,,0.0,0.001,,,,,0.003,0.003,,,,
1386,0.138,,0.003,0.0695,4.043,0.0775,,0.025,0.6055,,,,0.64,,0.0,0.001,,,,,0.003,0.003,,,,
1387,0.138,,0.003,0.069,0.069,0.076,,0.025,1.04,,,,0.644,,0.0,0.001,,,,,0.003,0.003,,,,
1388,0.138,,0.003,0.0695,2.0345,0.076,,0.025,1.9445000000000001,,,,0.6435,,0.0,0.001,,,,,0.003,0.003,,,,
1389,0.138,,0.003,0.0695,1.3395000000000001,0.077,,0.025,1.363,,,,0.6415,,0.0,0.001,,,,,0.003,0.003,,,,
1390,0.1385,,0.003,0.069,0.6555,0.076,,0.025,1.1825,,,,0.645,,0.0,0.001,,,,,0.003,0.003,,,,
1391,0.1375,,0.003,0.069,1.982,0.076,,0.025,1.952,,,,0.642,,0.0,0.001,,,,,0.003,0.003,,,,
1392,0.139,,0.003,0.0695,1.1475000000000002,0.077,,0.025,1.3645,,,,0.6425000000000001,,0.0,0.001,,,,,0.003,0.003,,,,
1393,0.1375,,0.003,0.069,0.48300000000000004,0.076,,0.025,0.1205,,,,0.64,,0.0,0.001,,,,,0.003,0.003,,,,
1394,0.138,,0.003,0.069,1.833,0.076,,0.025,1.4480000000000002,,,,0.644,,0.0,0.001,,,,,0.003,0.003,,,,
1395,0.138,,0.003,0.069,1.2229999999999999,0.077,,0.025,1.259,,,,0.6425000000000001,,0.0,0.001,,,,,0.003,0.003,,,,
1396,0.1375,,0.003,0.069,0.187,0.076,,0.025,2.6905,,,,0.6455,,0.0,0.001,,,,,0.003,0.003,,,,
1397,0.138,,0.003,0.069,2.124,0.076,,0.025,0.884,,,,0.6475,,0.0,0.001,,,,,0.003,0.003,,,,
1398,0.138,,0.003,0.069,1.2925,0.077,,0.025,1.1480000000000001,,,,0.6435,,0.0,0.001,,,,,0.003,0.003,,,,
1399,0.138,,0.003,0.069,0.1535,0.076,,0.025,0.605,,,,0.6475,,0.0,0.001,,,,,0.003,0.003,,,,
1400,0.1375,,0.003,0.069,2.055,0.0765,,0.025,1.336,,,,0.6154999999999999,,0.0,0.001,,,,,0.003,0.003,,,,
1401,0.138,,0.003,0.069,0.7160000000000001,0.077,,0.025,1.394,,,,0.617,,0.0,0.001,,,,,0.003,0.003,,,,
1402,0.1375,,0.003,0.069,0.3225,0.076,,0.025,0.653,,,,0.608,,0.0,0.001,,,,,0.003,0.003,,,,
1403,0.138,,0.003,0.069,0.26,0.076,,0.025,1.9420000000000002,,,,0.6125,,0.0,0.001,,,,,0.003,0.003,,,,
1404,0.138,,0.003,0.069,0.8945000000000001,0.077,,0.025,0.21,,,,0.6134999999999999,,0.0,0.001,,,,,0.003,0.003,,,,
1405,0.138,,0.003,0.069,0.28550000000000003,0.077,,0.025,0.5,,,,0.6154999999999999,,0.0,0.001,,,,,0.003,0.003,,,,
1406,0.138,,0.003,0.069,2.1185,0.076,,0.025,1.9829999999999999,,,,0.6165,,0.0,0.001,,,,,0.003,0.003,,,,
1407,0.138,,0.003,0.069,1.098,0.0775,,0.025,0.7735000000000001,,,,0.6085,,0.0,0.001,,,,,0.003,0.003,,,,
1408,0.1375,,0.003,0.069,0.07150000000000001,0.076,,0.025,0.164,,,,0.616,,0.0,0.001,,,,,0.003,0.003,,,,
1409,0.138,,0.003,0.069,2.0875,0.0765,,0.025,2.723,,,,0.619,,0.0,0.001,,,,,0.003,0.003,,,,
1410,0.1385,,0.003,0.069,0.7045,0.0775,,0.025,2.132,,,,0.6034999999999999,,0.0,0.001,,,,,0.003,0.003,,,,
1411,0.138,,0.003,0.069,0.124,0.076,,0.025,0.858,,,,0.602,,0.0,0.001,,,,,0.003,0.003,,,,
1412,0.1385,,0.003,0.069,2.0695,0.076,,0.025,2.1585,,,,0.604,,0.0,0.001,,,,,0.003,0.003,,,,
1413,0.138,,0.003,0.069,0.959,0.077,,0.025,0.263,,,,0.6045,,0.0,0.001,,,,,0.003,0.003,,,,
1414,0.138,,0.003,0.069,1.6815,0.076,,0.025,0.6025,,,,0.6045,,0.0,0.001,,,,,0.003,0.003,,,,
1415,0.138,,0.003,0.069,2.3365,0.076,,0.025,1.9435000000000002,,,,0.6045,,0.0,0.001,,,,,0.003,0.003,,,,
1416,0.138,,0.003,0.069,3.148,0.0775,,0.025,0.8125,,,,0.6054999999999999,,0.0,0.001,,,,,0.003,0.003,,,,
1417,0.138,,0.003,0.069,0.268,0.0765,,0.025,0.254,,,,0.605,,0.0,0.001,,,,,0.003,0.003,,,,
1418,0.138,,0.003,0.069,2.2585,0.0765,,0.025,1.6605,,,,0.603,,0.0,0.001,,,,,0.003,0.003,,,,
1419,0.1375,,0.003,0.069,1.0815,0.077,,0.025,1.2160000000000002,,,,0.6034999999999999,,0.0,0.001,,,,,0.003,0.003,,,,
1420,0.1385,,0.003,0.069,0.572,0.076,,0.025,0.44400000000000006,,,,0.603,,0.0,0.001,,,,,0.003,0.003,,,,
1421,0.138,,0.003,0.069,1.854,0.0765,,0.025,0.9380000000000001,,,,0.6025,,0.0,0.001,,,,,0.003,0.003,,,,
1422,0.138,,0.003,0.069,0.7959999999999999,0.0775,,0.025,0.2045,,,,0.605,,0.0,0.001,,,,,0.003,0.003,,,,
1423,0.138,,0.003,0.069,0.149,0.077,,0.025,1.9515,,,,0.6045,,0.0,0.001,,,,,0.003,0.003,,,,
1424,0.139,,0.003,0.069,2.257,0.0765,,0.025,3.774,,,,0.605,,0.0,0.001,,,,,0.003,0.003,,,,
1425,0.138,,0.003,0.069,1.1235000000000002,0.077,,0.025,0.46,,,,0.6025,,0.0,0.001,,,,,0.003,0.003,,,,
1426,0.138,,0.003,0.069,0.3885,0.077,,0.025,1.0285000000000002,,,,0.6054999999999999,,0.0,0.001,,,,,0.003,0.003,,,,
1427,0.138,,0.003,0.0695,0.44250000000000006,0.0765,,0.025,1.6335,,,,0.604,,0.0,0.001,,,,,0.003,0.003,,,,
1428,0.1375,,0.003,0.069,1.5334999999999999,0.077,,0.025,0.9055,,,,0.604,,0.0,0.001,,,,,0.003,0.003,,,,
1429,0.138,,0.003,0.069,0.4035,0.0765,,0.025,0.249,,,,0.607,,0.0,0.001,,,,,0.003,0.003,,,,
1430,0.138,,0.003,0.069,2.078,0.077,,0.025,1.7995,,,,0.6054999999999999,,0.0,0.001,,,,,0.003,0.003,,,,
1431,0.1385,,0.003,0.0685,0.991,0.077,,0.025,0.0805,,,,0.6065,,0.0,0.001,,,,,0.003,0.003,,,,
1432,0.138,,0.003,0.069,0.343,0.077,,0.025,0.24,,,,0.6065,,0.0,0.001,,,,,0.003,0.003,,,,
1433,0.1385,,0.003,0.069,4.368,0.0765,,0.025,2.5175,,,,0.608,,0.0,0.001,,,,,0.003,0.003,,,,
1434,0.138,,0.003,0.0685,0.787,0.0775,,0.025,0.6965,,,,0.609,,0.0,0.001,,,,,0.003,0.003,,,,
1435,0.1375,,0.003,0.069,0.572,0.076,,0.025,5.014,,,,0.606,,0.0,0.001,,,,,0.003,0.003,,,,
1436,0.138,,0.003,0.069,1.997,0.077,,0.025,3.1390000000000002,,,,0.6074999999999999,,0.0,0.001,,,,,0.003,0.003,,,,
1437,0.138,,0.003,0.069,1.411,0.077,,0.025,0.738,,,,0.586,,0.0,0.001,,,,,0.003,0.003,,,,
1438,0.1375,,0.003,0.069,0.1945,0.0765,,0.025,0.1185,,,,0.5854999999999999,,0.0,0.001,,,,,0.003,0.003,,,,
1439,0.138,,0.003,0.069,2.08,0.076,,0.025,1.5885,,,,0.587,,0.0,0.001,,,,,0.003,0.003,,,,
1440,0.127,,0.002,0.065,0.9545,0.07200000000000001,,0.025,0.257,,,,0.5630000000000001,,0.0,0.001,,,,,0.003,0.003,,,,
1441,0.1265,,0.002,0.0655,1.0234999999999999,0.07200000000000001,,0.025,0.2625,,,,0.5615000000000001,,0.0,0.001,,,,,0.003,0.003,,,,
1442,0.127,,0.002,0.065,3.807,0.07200000000000001,,0.025,1.3945,,,,0.5640000000000001,,0.0,0.001,,,,,0.003,0.003,,,,
1443,0.127,,0.002,0.065,0.0995,0.07200000000000001,,0.025,3.1239999999999997,,,,0.5670000000000001,,0.0,0.001,,,,,0.003,0.003,,,,
1444,0.127,,0.002,0.065,3.1185,0.07200000000000001,,0.025,1.5150000000000001,,,,0.5615000000000001,,0.0,0.001,,,,,0.003,0.003,,,,
1445,0.127,,0.002,0.0655,2.266,0.07200000000000001,,0.025,2.0455,,,,0.5645,,0.0,0.001,,,,,0.003,0.003,,,,
1446,0.127,,0.002,0.065,1.1715,0.07200000000000001,,0.025,1.4260000000000002,,,,0.5625,,0.0,0.001,,,,,0.003,0.003,,,,
1447,0.1265,,0.002,0.065,0.12250000000000001,0.07200000000000001,,0.025,0.8535,,,,0.5615000000000001,,0.0,0.001,,,,,0.003,0.003,,,,
1448,0.1275,,0.002,0.066,1.977,0.07200000000000001,,0.025,1.7945000000000002,,,,0.5640000000000001,,0.0,0.001,,,,,0.003,0.003,,,,
1449,0.127,,0.002,0.065,0.63,0.07200000000000001,,0.025,2.387,,,,0.561,,0.0,0.001,,,,,0.003,0.003,,,,
1450,0.127,,0.002,0.0655,0.255,0.07200000000000001,,0.025,0.1425,,,,0.5635000000000001,,0.0,0.001,,,,,0.003,0.003,,,,
1451,0.1265,,0.002,0.065,0.845,0.07200000000000001,,0.025,2.1335,,,,0.5660000000000001,,0.0,0.001,,,,,0.003,0.003,,,,
1452,0.1265,,0.002,0.065,1.144,0.07200000000000001,,0.025,1.7985,,,,0.5635000000000001,,0.0,0.001,,,,,0.003,0.003,,,,
1453,0.127,,0.002,0.065,0.0765,0.07200000000000001,,0.025,0.48500000000000004,,,,0.5630000000000001,,0.0,0.001,,,,,0.003,0.003,,,,
1454,0.127,,0.002,0.0655,2.1295,0.07200000000000001,,0.025,1.4965,,,,0.561,,0.0,0.001,,,,,0.003,0.003,,,,
1455,0.127,,0.002,0.0655,0.7484999999999999,0.07200000000000001,,0.025,1.0825,,,,0.5545,,0.0,0.001,,,,,0.003,0.003,,,,
1456,0.1275,,0.002,0.065,0.07,0.07200000000000001,,0.025,1.53,,,,0.559,,0.0,0.001,,,,,0.003,0.003,,,,
1457,0.128,,0.002,0.065,2.533,0.07200000000000001,,0.025,2.9065000000000003,,,,0.4995,,0.0,0.001,,,,,0.003,0.003,,,,
1458,0.1275,,0.002,0.065,1.1335,0.07200000000000001,,0.025,1.473,,,,0.4995,,0.0,0.001,,,,,0.003,0.003,,,,
1459,0.1275,,0.002,0.065,0.5435,0.07200000000000001,,0.025,0.1895,,,,0.4995,,0.0,0.001,,,,,0.003,0.003,,,,
1460,0.127,,0.002,0.065,1.675,0.07200000000000001,,0.025,1.83,,,,0.47950000000000004,,0.0,0.001,,,,,0.003,0.003,,,,
1461,0.1275,,0.002,0.065,3.0010000000000003,0.07200000000000001,,0.025,0.5205,,,,0.481,,0.0,0.001,,,,,0.003,0.003,,,,
1462,0.127,,0.002,0.065,0.12050000000000001,0.07200000000000001,,0.025,0.2405,,,,0.4805,,0.0,0.001,,,,,0.003,0.003,,,,
1463,0.127,,0.002,0.065,1.7615,0.07200000000000001,,0.025,1.5570000000000002,,,,0.4815,,0.0,0.001,,,,,0.003,0.003,,,,
1464,0.128,,0.002,0.065,0.218,0.07200000000000001,,0.025,0.43050000000000005,,,,0.4805,,0.0,0.001,,,,,0.003,0.003,,,,
1465,0.128,,0.002,0.0655,0.9655,0.07200000000000001,,0.025,0.8140000000000001,,,,0.4545,,0.0,0.001,,,,,0.003,0.003,,,,
1466,0.1275,,0.002,0.0655,1.56,0.07200000000000001,,0.025,1.2835,,,,0.454,,0.0,0.001,,,,,0.003,0.003,,,,
1467,0.1275,,0.002,0.065,3.2525,0.07200000000000001,,0.025,0.5630000000000001,,,,0.454,,0.0,0.001,,,,,0.003,0.003,,,,
1468,0.128,,0.002,0.065,0.582,0.07200000000000001,,0.025,2.087,,,,0.4545,,0.0,0.001,,,,,0.003,0.003,,,,
1469,0.1275,,0.002,0.065,1.888,0.07200000000000001,,0.025,2.8665000000000003,,,,0.456,,0.0,0.001,,,,,0.003,0.003,,,,
1470,0.128,,0.002,0.0655,0.5875,0.07200000000000001,,0.025,0.22,,,,0.456,,0.0,0.001,,,,,0.003,0.003,,,,
1471,0.128,,0.002,0.0655,0.509,0.07200000000000001,,0.025,0.9555,,,,0.4565,,0.0,0.001,,,,,0.003,0.003,,,,
1472,0.128,,0.002,0.0655,1.7345,0.07200000000000001,,0.025,1.9035000000000002,,,,0.4575,,0.0,0.001,,,,,0.003,0.0025,,,,
1473,0.127,,0.002,0.0655,0.62,0.07200000000000001,,0.025,0.2485,,,,0.447,,0.0,0.001,,,,,0.003,0.003,,,,
1474,0.1275,,0.002,0.0655,0.0465,0.07200000000000001,,0.025,0.37050000000000005,,,,0.448,,0.0,0.001,,,,,0.003,0.003,,,,
1475,0.127,,0.002,0.065,1.7155,0.07200000000000001,,0.025,0.383,,,,0.4465,,0.0,0.001,,,,,0.003,0.003,,,,
1476,0.127,,0.002,0.065,0.29100000000000004,0.07200000000000001,,0.025,1.9735,,,,0.4495,,0.0,0.001,,,,,0.003,0.003,,,,
1477,0.127,,0.002,0.065,0.6635,0.07200000000000001,,0.025,0.329,,,,0.449,,0.0,0.001,,,,,0.003,0.003,,,,
1478,0.1275,,0.002,0.065,1.737,0.07200000000000001,,0.025,1.5975000000000001,,,,0.4475,,0.0,0.001,,,,,0.003,0.003,,,,
1479,0.127,,0.002,0.0655,2.7784999999999997,0.07200000000000001,,0.025,0.468,,,,0.446,,0.0,0.001,,,,,0.003,0.003,,,,
1480,0.127,,0.002,0.066,0.3915,0.07200000000000001,,0.025,1.782,,,,0.4475,,0.0,0.001,,,,,0.003,0.003,,,,
1481,0.128,,0.002,0.0655,4.5295,0.07200000000000001,,0.025,1.8285,,,,0.4475,,0.0,0.001,,,,,0.003,0.003,,,,
1482,0.127,,0.002,0.065,3.805,0.07200000000000001,,0.025,1.2665,,,,0.4475,,0.0,0.001,,,,,0.003,0.003,,,,
1483,0.127,,0.002,0.0655,0.29550000000000004,0.07200000000000001,,0.025,0.3145,,,,0.4485,,0.0,0.001,,,,,0.003,0.003,,,,
1484,0.128,,0.002,0.0655,1.6315,0.07200000000000001,,0.025,1.1635,,,,0.4455,,0.0,0.001,,,,,0.003,0.003,,,,
1485,0.127,,0.002,0.0655,1.2725,0.07200000000000001,,0.025,1.29,,,,0.4475,,0.0,0.001,,,,,0.003,0.0025,,,,
1486,0.1275,,0.002,0.066,0.3725,0.07200000000000001,,0.025,1.6595,,,,0.4485,,0.0,0.001,,,,,0.003,0.003,,,,
1487,0.1275,,0.002,0.0655,1.72,0.07200000000000001,,0.025,0.785,,,,0.448,,0.0,0.001,,,,,0.003,0.003,,,,
1488,0.127,,0.002,0.066,0.799,0.07200000000000001,,0.025,0.403,,,,0.447,,0.0,0.001,,,,,0.003,0.003,,,,
1489,0.127,,0.002,0.065,0.113,0.07200000000000001,,0.025,1.3645,,,,0.4475,,0.0,0.001,,,,,0.003,0.0025,,,,
1490,0.127,,0.002,0.065,1.574,0.07200000000000001,,0.025,0.7805,,,,0.4475,,0.0,0.001,,,,,0.003,0.003,,,,
1491,0.127,,0.002,0.065,0.7255,0.07200000000000001,,0.025,0.11549999999999999,,,,0.4495,,0.0,0.001,,,,,0.003,0.003,,,,
1492,0.127,,0.002,0.065,0.3975,0.07200000000000001,,0.025,0.5519999999999999,,,,0.4485,,0.0,0.001,,,,,0.003,0.003,,,,
1493,0.127,,0.002,0.066,1.6785,0.07200000000000001,,0.025,0.618,,,,0.4485,,0.0,0.001,,,,,0.003,0.003,,,,
1494,0.1275,,0.002,0.0655,0.3845,0.07200000000000001,,0.025,0.93,,,,0.441,,0.0,0.001,,,,,0.003,0.003,,,,
1495,0.127,,0.002,0.065,0.0615,0.07200000000000001,,0.025,0.5670000000000001,,,,0.4425,,0.0,0.001,,,,,0.003,0.003,,,,
1496,0.127,,0.002,0.0655,1.6455,0.07200000000000001,,0.025,0.644,,,,0.4435,,0.0,0.001,,,,,0.003,0.003,,,,
1497,0.1275,,0.002,0.0655,0.73,0.07200000000000001,,0.025,1.2295,,,,0.443,,0.0,0.001,,,,,0.003,0.0025,,,,
1498,0.1275,,0.002,0.065,0.095,0.07200000000000001,,0.025,0.9085,,,,0.443,,0.0,0.001,,,,,0.003,0.003,,,,
1499,0.1275,,0.002,0.065,1.594,0.07200000000000001,,0.025,0.633,,,,0.4435,,0.0,0.001,,,,,0.003,0.003,,,,
1500,0.127,,0.002,0.0655,0.573,0.07200000000000001,,0.025,0.7125,,,,0.4425,,0.0,0.001,,,,,0.003,0.003,,,,
1501,0.1275,,0.002,0.0655,0.125,0.07200000000000001,,0.025,0.8685,,,,0.443,,0.0,0.001,,,,,0.003,0.0025,,,,
1502,0.127,,0.002,0.066,1.6605,0.07200000000000001,,0.025,0.602,,,,0.443,,0.0,0.001,,,,,0.003,0.003,,,,
1503,0.127,,0.002,0.0655,0.5860000000000001,0.07200000000000001,,0.025,0.7140000000000001,,,,0.444,,0.0,0.001,,,,,0.003,0.003,,,,
1504,0.127,,0.002,0.065,0.48950000000000005,0.07200000000000001,,0.025,1.989,,,,0.444,,0.0,0.001,,,,,0.003,0.003,,,,
1505,0.127,,0.002,0.065,1.165,0.07200000000000001,,0.025,1.0,,,,0.4435,,0.0,0.001,,,,,0.003,0.003,,,,
1506,0.128,,0.002,0.0655,0.6495000000000001,0.07200000000000001,,0.025,0.627,,,,0.375,,0.0,0.001,,,,,0.003,0.003,,,,
1507,0.1275,,0.002,0.065,0.1555,0.07200000000000001,,0.025,0.562,,,,0.3755,,0.0,0.001,,,,,0.003,0.003,,,,
1508,0.128,,0.002,0.065,1.651,0.07200000000000001,,0.025,0.3275,,,,0.3755,,0.0,0.001,,,,,0.003,0.003,,,,
1509,0.1285,,0.002,0.065,0.5645,0.07200000000000001,,0.025,0.249,,,,0.3765,,0.0,0.001,,,,,0.003,0.003,,,,
1510,0.128,,0.002,0.065,0.1095,0.07200000000000001,,0.025,0.8430000000000001,,,,0.3765,,0.0,0.001,,,,,0.003,0.003,,,,
1511,0.128,,0.002,0.065,1.3935,0.07200000000000001,,0.025,0.5435,,,,0.376,,0.0,0.001,,,,,0.003,0.003,,,,
1512,0.128,,0.002,0.0655,0.047,0.07200000000000001,,0.025,0.7989999999999999,,,,0.377,,0.0,0.001,,,,,0.003,0.003,,,,
1513,0.128,,0.002,0.065,0.7125,0.07200000000000001,,0.025,1.9715,,,,0.376,,0.0,0.001,,,,,0.003,0.003,,,,
1514,0.1285,,0.002,0.065,1.7195,0.07200000000000001,,0.025,0.8245,,,,0.376,,0.0,0.001,,,,,0.003,0.003,,,,
1515,0.128,,0.002,0.065,2.6310000000000002,0.07200000000000001,,0.025,0.8275,,,,0.3775,,0.0,0.001,,,,,0.003,0.003,,,,
1516,0.128,,0.002,0.0655,0.7745,0.07200000000000001,,0.025,0.9675,,,,0.3775,,0.0,0.001,,,,,0.003,0.003,,,,
1517,0.1285,,0.002,0.065,1.6355,0.07200000000000001,,0.025,0.603,,,,0.3775,,0.0,0.001,,,,,0.003,0.003,,,,
1518,0.128,,0.002,0.065,3.2625,0.07200000000000001,,0.025,0.49950000000000006,,,,0.377,,0.0,0.001,,,,,0.003,0.003,,,,
1519,0.128,,0.002,0.065,0.20199999999999999,0.07200000000000001,,0.025,1.3715,,,,0.377,,0.0,0.001,,,,,0.003,0.003,,,,
1520,0.128,,0.002,0.065,1.6265,0.07200000000000001,,0.025,0.734,,,,0.3775,,0.0,0.001,,,,,0.003,0.003,,,,
1521,0.128,,0.002,0.0655,1.0619999999999998,0.07200000000000001,,0.025,0.28650000000000003,,,,0.378,,0.0,0.001,,,,,0.003,0.003,,,,
1522,0.128,,0.002,0.065,0.275,0.07200000000000001,,0.025,0.8605,,,,0.3775,,0.0,0.001,,,,,0.003,0.003,,,,
1523,0.1285,,0.002,0.065,1.844,0.07200000000000001,,0.025,0.917,,,,0.3775,,0.0,0.001,,,,,0.003,0.003,,,,
1524,0.1285,,0.002,0.0655,0.601,0.07200000000000001,,0.025,1.3865,,,,0.3775,,0.0,0.001,,,,,0.003,0.003,,,,
1525,0.128,,0.002,0.0655,1.7385,0.07200000000000001,,0.025,2.9465,,,,0.378,,0.0,0.001,,,,,0.003,0.003,,,,
1526,0.128,,0.002,0.065,1.719,0.07200000000000001,,0.025,1.1504999999999999,,,,0.377,,0.0,0.001,,,,,0.003,0.003,,,,
1527,0.128,,0.002,0.065,1.5825,0.07200000000000001,,0.025,0.7065,,,,0.3785,,0.0,0.001,,,,,0.003,0.003,,,,
1528,0.128,,0.002,0.0655,0.529,0.07200000000000001,,0.025,0.0665,,,,0.378,,0.0,0.001,,,,,0.003,0.003,,,,
1529,0.128,,0.002,0.0655,1.6975,0.07200000000000001,,0.025,0.6114999999999999,,,,0.3785,,0.0,0.001,,,,,0.003,0.003,,,,
1530,0.128,,0.002,0.0655,3.181,0.07200000000000001,,0.025,1.1215,,,,0.3775,,0.0,0.001,,,,,0.003,0.003,,,,
1531,0.128,,0.002,0.065,0.30150000000000005,0.07200000000000001,,0.025,2.505,,,,0.3775,,0.0,0.001,,,,,0.003,0.003,,,,
1532,0.128,,0.002,0.065,1.5115,0.07200000000000001,,0.025,1.489,,,,0.378,,0.0,0.001,,,,,0.003,0.003,,,,
1533,0.128,,0.002,0.065,0.2425,0.07200000000000001,,0.025,0.1395,,,,0.377,,0.0,0.001,,,,,0.003,0.003,,,,
1534,0.127,,0.002,0.064,1.1345,0.07100000000000001,,0.025,0.9175,,,,0.366,,0.0,0.001,,,,,0.003,0.003,,,,
1535,0.127,,0.002,0.064,1.7075,0.07150000000000001,,0.025,2.3520000000000003,,,,0.365,,0.0,0.001,,,,,0.003,0.003,,,,
1536,0.1265,,0.002,0.064,1.867,0.07150000000000001,,0.025,0.1555,,,,0.3665,,0.0,0.001,,,,,0.003,0.003,,,,
1537,0.127,,0.002,0.064,0.3095,0.07150000000000001,,0.025,3.048,,,,0.366,,0.0,0.001,,,,,0.003,0.003,,,,
1538,0.1265,,0.002,0.064,1.211,0.07150000000000001,,0.025,1.278,,,,0.3655,,0.0,0.001,,,,,0.003,0.003,,,,
1539,0.1275,,0.002,0.064,3.5575,0.07150000000000001,,0.0245,0.8855000000000001,,,,0.3655,,0.0,0.001,,,,,0.003,0.003,,,,
1540,0.127,,0.002,0.064,0.612,0.07100000000000001,,0.025,0.636,,,,0.366,,0.0,0.001,,,,,0.003,0.003,,,,
1541,0.1265,,0.002,0.064,1.6159999999999999,0.07200000000000001,,0.025,0.34,,,,0.3655,,0.0,0.001,,,,,0.003,0.003,,,,
1542,0.127,,0.0025,0.065,2.7765000000000004,0.07150000000000001,,0.025,1.3235,,,,0.365,,0.0,0.001,,,,,0.003,0.003,,,,
1543,0.127,,0.002,0.064,1.31,0.07150000000000001,,0.025,0.1535,,,,0.3665,,0.0,0.001,,,,,0.003,0.003,,,,
1544,0.128,,0.002,0.0645,1.8465,0.07200000000000001,,0.025,2.151,,,,0.3275,,0.0,0.001,,,,,0.003,0.003,,,,
1545,0.127,,0.002,0.064,2.7475,0.07100000000000001,,0.025,0.10550000000000001,,,,0.3275,,0.0,0.001,,,,,0.003,0.003,,,,
1546,0.127,,0.002,0.064,0.0535,0.07100000000000001,,0.025,0.2325,,,,0.3285,,0.0,0.001,,,,,0.003,0.003,,,,
1547,0.1275,,0.002,0.064,1.9949999999999999,0.07100000000000001,,0.025,1.1385,,,,0.327,,0.0,0.001,,,,,0.003,0.003,,,,
1548,0.1275,,0.002,0.064,0.9105,0.07150000000000001,,0.025,0.171,,,,0.3275,,0.0,0.001,,,,,0.003,0.003,,,,
1549,0.1275,,0.002,0.064,0.24050000000000002,0.07100000000000001,,0.025,0.1585,,,,0.328,,0.0,0.001,,,,,0.003,0.003,,,,
1550,0.127,,0.002,0.064,1.7525,0.07150000000000001,,0.025,0.18200000000000002,,,,0.328,,0.0,0.001,,,,,0.003,0.003,,,,
1551,0.127,,0.002,0.064,3.12,0.07150000000000001,,0.025,0.444,,,,0.3275,,0.0,0.001,,,,,0.003,0.003,,,,
1552,0.127,,0.002,0.064,1.2175,0.07150000000000001,,0.025,1.8485,,,,0.3275,,0.0,0.001,,,,,0.003,0.003,,,,
1553,0.1275,,0.002,0.064,2.1685000000000003,0.07150000000000001,,0.025,1.404,,,,0.2615,,0.0,0.001,,,,,0.003,0.003,,,,
1554,0.127,,0.002,0.064,2.949,0.07150000000000001,,0.025,0.6615,,,,0.2615,,0.0,0.001,,,,,0.003,0.003,,,,
1555,0.1275,,0.002,0.064,0.097,0.07200000000000001,,0.025,0.161,,,,0.2615,,0.0,0.001,,,,,0.003,0.003,,,,
1556,0.127,,0.002,0.064,1.9635,0.07100000000000001,,0.025,0.867,,,,0.2605,,0.0,0.001,,,,,0.003,0.003,,,,
1557,0.1275,,0.002,0.0645,0.602,0.07150000000000001,,0.025,0.2505,,,,0.261,,0.0,0.001,,,,,0.003,0.003,,,,
1558,0.1275,,0.002,0.064,0.091,0.07100000000000001,,0.025,0.155,,,,0.2235,,0.0,0.001,,,,,0.003,0.003,,,,
1559,0.1275,,0.002,0.064,1.6925,0.07100000000000001,,0.025,0.2195,,,,0.224,,0.0,0.001,,,,,0.003,0.003,,,,
1560,0.1275,,0.002,0.064,0.72,0.07150000000000001,,0.025,0.595,,,,0.2235,,0.0,0.001,,,,,0.003,0.003,,,,
1561,0.128,,0.002,0.064,0.5589999999999999,0.07150000000000001,,0.025,0.2655,,,,0.224,,0.0,0.001,,,,,0.003,0.003,,,,
1562,0.127,,0.002,0.0645,1.9204999999999999,0.07200000000000001,,0.025,0.29300000000000004,,,,0.2245,,0.0,0.001,,,,,0.003,0.003,,,,
1563,0.1275,,0.002,0.0645,0.0655,0.07150000000000001,,0.025,0.2545,,,,0.2245,,0.0,0.001,,,,,0.003,0.003,,,,
1564,0.127,,0.002,0.064,1.0295,0.07200000000000001,,0.025,1.022,,,,0.224,,0.0,0.001,,,,,0.003,0.003,,,,
1565,0.127,,0.002,0.064,1.6975,0.07100000000000001,,0.025,0.0175,,,,0.2255,,0.0,0.001,,,,,0.003,0.003,,,,
1566,0.127,,0.002,0.064,2.7355,0.07150000000000001,,0.025,1.2655,,,,0.1925,,0.0,0.001,,,,,0.003,0.003,,,,
1567,0.1265,,0.002,0.064,0.07500000000000001,0.07100000000000001,,0.025,0.6265,,,,0.192,,0.0,0.001,,,,,0.003,0.003,,,,
1568,0.127,,0.002,0.065,2.033,0.07150000000000001,,0.025,0.3685,,,,0.1925,,0.0,0.001,,,,,0.003,0.003,,,,
1569,0.127,,0.002,0.064,0.724,0.07100000000000001,,0.025,0.9835,,,,0.1915,,0.0,0.001,,,,,0.003,0.003,,,,
1570,0.1265,,0.002,0.0645,0.2665,0.07100000000000001,,0.025,0.579,,,,0.1925,,0.0,0.001,,,,,0.003,0.003,,,,
1571,0.127,,0.002,0.064,1.6855,0.07100000000000001,,0.025,1.561,,,,0.146,,0.0,0.001,,,,,0.003,0.003,,,,
1572,0.1275,,0.002,0.064,1.1135,0.07100000000000001,,0.025,1.091,,,,0.146,,0.0,0.001,,,,,0.003,0.003,,,,
1573,0.127,,0.002,0.064,0.705,0.07200000000000001,,0.025,1.8335,,,,0.1465,,0.0,0.001,,,,,0.003,0.003,,,,
1574,0.1275,,0.002,0.064,1.6864999999999999,0.07200000000000001,,0.025,0.5660000000000001,,,,0.1465,,0.0,0.001,,,,,0.003,0.003,,,,
1575,0.1275,,0.002,0.0645,1.386,0.07150000000000001,,0.025,3.284,,,,0.1465,,0.0,0.001,,,,,0.003,0.003,,,,
1576,0.127,,0.002,0.064,0.10900000000000001,0.07150000000000001,,0.025,0.14300000000000002,,,,0.1455,,0.0,0.001,,,,,0.003,0.003,,,,
1577,0.127,,0.002,0.064,1.615,0.07150000000000001,,0.025,2.6795,,,,0.0945,,0.0,0.001,,,,,0.003,0.003,,,,
1578,0.127,,0.002,0.064,1.721,0.07200000000000001,,0.025,2.8735,,,,0.0945,,0.0,0.001,,,,,0.003,0.003,,,,
1579,0.127,,0.002,0.064,0.41650000000000004,0.07100000000000001,,0.025,0.1215,,,,0.095,,0.0,0.001,,,,,0.003,0.003,,,,
1580,0.127,,0.002,0.0645,1.304,0.07100000000000001,,0.025,5.870500000000001,,,,0.0945,,0.0,0.001,,,,,0.003,0.003,,,,
1581,0.127,,0.002,0.064,0.818,0.07150000000000001,,0.025,0.28900000000000003,,,,0.095,,0.0,0.001,,,,,0.003,0.003,,,,
1582,0.127,,0.002,0.064,0.8584999999999999,0.07150000000000001,,0.025,1.5125,,,,0.0955,,0.0,0.001,,,,,0.003,0.003,,,,
1583,0.1275,,0.002,0.064,1.832,0.07100000000000001,,0.025,0.5539999999999999,,,,0.096,,0.0,0.001,,,,,0.003,0.003,,,,
1584,0.127,,0.002,0.064,3.576,0.07150000000000001,,0.025,3.869,,,,0.097,,0.0,0.001,,,,,0.003,0.003,,,,
1585,0.127,,0.002,0.064,1.408,0.07150000000000001,,0.025,0.2205,,,,0.097,,0.0,0.001,,,,,0.003,0.003,,,,
1586,0.127,,0.002,0.064,2.0385000000000004,0.07100000000000001,,0.025,0.3325,,,,0.097,,0.0,0.001,,,,,0.003,0.003,,,,
1587,0.1275,,0.002,0.0645,2.614,0.07100000000000001,,0.025,2.8145000000000002,,,,0.0965,,0.0,0.001,,,,,0.003,0.003,,,,
1588,0.127,,0.002,0.064,0.596,0.07150000000000001,,0.025,1.2035,,,,0.0965,,0.0,0.001,,,,,0.003,0.003,,,,
1589,0.127,,0.002,0.064,1.9655,0.07150000000000001,,0.025,0.4975,,,,0.097,,0.0,0.001,,,,,0.003,0.003,,,,
1590,0.127,,0.002,0.064,0.8945,0.07150000000000001,,0.025,2.721,,,,0.0975,,0.0,0.001,,,,,0.003,0.003,,,,
1591,0.1275,,0.002,0.064,0.2315,0.07100000000000001,,0.025,0.35250000000000004,,,,0.097,,0.0,0.001,,,,,0.003,0.003,,,,
1592,0.127,,0.002,0.064,0.622,0.07200000000000001,,0.025,0.591,,,,0.097,,0.0,0.001,,,,,0.003,0.003,,,,
1593,0.1275,,0.002,0.064,0.85,0.07150000000000001,,0.025,2.6750000000000003,,,,0.098,,0.0,0.001,,,,,0.003,0.003,,,,
1594,0.127,,0.002,0.064,0.3365,0.07200000000000001,,0.025,0.4425,,,,0.0975,,0.0,0.001,,,,,0.003,0.003,,,,
1595,0.1275,,0.002,0.064,1.966,0.07150000000000001,,0.025,0.6295000000000001,,,,0.0975,,0.0,0.001,,,,,0.003,0.003,,,,
1596,0.127,,0.002,0.0645,3.866,0.07150000000000001,,0.025,2.5355000000000003,,,,0.097,,0.0,0.001,,,,,0.003,0.003,,,,
1597,0.127,,0.002,0.064,2.11,0.07150000000000001,,0.025,1.9989999999999999,,,,0.097,,0.0,0.001,,,,,0.003,0.003,,,,
1598,0.127,,0.002,0.064,1.1219999999999999,0.07150000000000001,,0.025,1.0875,,,,0.097,,0.0,0.001,,,,,0.003,0.003,,,,
1599,0.127,,0.002,0.064,0.7445,0.07100000000000001,,0.025,2.9885,,,,0.098,,0.0,0.001,,,,,0.003,0.003,,,,
1600,0.127,,0.002,0.0645,0.249,0.07150000000000001,,0.025,0.07350000000000001,,,,0.097,,0.0,0.001,,,,,0.003,0.003,,,,
1601,0.127,,0.002,0.064,2.0580000000000003,0.07100000000000001,,0.025,1.9605000000000001,,,,0.0975,,0.0,0.001,,,,,0.003,0.003,,,,
1602,0.127,,0.002,0.0645,1.455,0.07100000000000001,,0.025,3.3335000000000004,,,,0.097,,0.0,0.001,,,,,0.003,0.003,,,,
1603,0.127,,0.002,0.064,0.3385,0.07100000000000001,,0.025,0.913,,,,0.0975,,0.0,0.001,,,,,0.003,0.003,,,,
1604,0.127,,0.002,0.0645,2.0345000000000004,0.07150000000000001,,0.025,1.134,,,,0.097,,0.0,0.001,,,,,0.003,0.003,,,,
1605,0.127,,0.002,0.064,3.2005000000000003,0.07150000000000001,,0.025,1.1815,,,,0.097,,0.0,0.001,,,,,0.003,0.003,,,,
1606,0.127,,0.002,0.064,0.6074999999999999,0.07100000000000001,,0.025,0.3875,,,,0.098,,0.0,0.001,,,,,0.003,0.003,,,,
1607,0.127,,0.002,0.064,1.5605,0.07150000000000001,,0.025,1.533,,,,0.097,,0.0,0.001,,,,,0.003,0.003,,,,
1608,0.1275,,0.002,0.064,0.9299999999999999,0.07100000000000001,,0.025,2.9690000000000003,,,,0.097,,0.0,0.001,,,,,0.003,0.003,,,,
1609,0.127,,0.002,0.0645,0.6515,0.07100000000000001,,0.025,0.8065,,,,0.0975,,0.0,0.001,,,,,0.003,0.003,,,,
1610,0.1275,,0.002,0.064,2.0775,0.07100000000000001,,0.025,1.2535,,,,0.0975,,0.0,0.001,,,,,0.003,0.003,,,,
1611,0.1265,,0.002,0.064,1.027,0.07150000000000001,,0.025,2.6715,,,,0.0975,,0.0,0.001,,,,,0.003,0.003,,,,
1612,0.1275,,0.002,0.064,0.3885,0.07100000000000001,,0.025,0.2285,,,,0.097,,0.0,0.001,,,,,0.003,0.003,,,,
1613,0.127,,0.002,0.064,1.9335,0.07100000000000001,,0.025,1.476,,,,0.097,,0.0,0.001,,,,,0.003,0.003,,,,
1614,0.1275,,0.002,0.0645,0.5645,0.07100000000000001,,0.025,3.1525000000000003,,,,0.098,,0.0,0.001,,,,,0.003,0.003,,,,
1615,0.127,,0.002,0.0645,0.5205,0.07150000000000001,,0.025,0.7444999999999999,,,,0.097,,0.0,0.001,,,,,0.003,0.003,,,,
1616,0.1275,,0.002,0.064,1.864,0.07100000000000001,,0.025,0.8584999999999999,,,,0.098,,0.0,0.001,,,,,0.003,0.003,,,,
1617,0.127,,0.002,0.0645,1.029,0.07100000000000001,,0.025,2.438,,,,0.097,,0.0,0.001,,,,,0.003,0.003,,,,
1618,0.127,,0.002,0.064,1.055,0.07150000000000001,,0.025,0.038000000000000006,,,,0.098,,0.0,0.001,,,,,0.003,0.003,,,,
1619,0.127,,0.002,0.064,1.63,0.07100000000000001,,0.025,0.8444999999999999,,,,0.0975,,0.0,0.001,,,,,0.003,0.003,,,,
1620,0.1275,,0.002,0.064,3.1630000000000003,0.07150000000000001,,0.025,2.3310000000000004,,,,0.098,,0.0,0.001,,,,,0.003,0.003,,,,
1621,0.1275,,0.002,0.064,1.3465,0.07100000000000001,,0.025,0.755,,,,0.098,,0.0,0.001,,,,,0.003,0.003,,,,
1622,0.127,,0.002,0.064,1.853,0.07100000000000001,,0.025,0.887,,,,0.0985,,0.0,0.001,,,,,0.003,0.003,,,,
1623,0.127,,0.002,0.064,2.4915000000000003,0.07150000000000001,,0.025,2.7135000000000002,,,,0.098,,0.0,0.001,,,,,0.003,0.003,,,,
1624,0.1275,,0.002,0.064,0.606,0.07200000000000001,,0.025,0.17900000000000002,,,,0.0985,,0.0,0.001,,,,,0.003,0.003,,,,
1625,0.127,,0.002,0.0645,1.8615,0.07100000000000001,,0.025,1.0425,,,,0.0975,,0.0,0.001,,,,,0.003,0.003,,,,
1626,0.1275,,0.002,0.064,0.9724999999999999,0.07150000000000001,,0.025,2.6135,,,,0.098,,0.0,0.001,,,,,0.003,0.003,,,,
1627,0.127,,0.002,0.064,0.3265,0.07100000000000001,,0.025,0.848,,,,0.0975,,0.0,0.001,,,,,0.003,0.003,,,,
1628,0.1275,,0.002,0.064,1.629,0.07100000000000001,,0.025,1.4705000000000001,,,,0.0985,,0.0,0.001,,,,,0.003,0.003,,,,
1629,0.127,,0.002,0.064,0.3135,0.07150000000000001,,0.025,2.713,,,,0.0975,,0.0,0.001,,,,,0.003,0.003,,,,
1630,0.1275,,0.002,0.064,0.366,0.07150000000000001,,0.025,1.0979999999999999,,,,0.0985,,0.0,0.001,,,,,0.003,0.003,,,,
1631,0.127,,0.002,0.065,1.6225,0.07150000000000001,,0.025,2.5284999999999997,,,,0.098,,0.0,0.001,,,,,0.003,0.003,,,,
1632,0.1275,,0.002,0.064,0.592,0.07200000000000001,,0.025,1.559,,,,0.099,,0.0,0.001,,,,,0.003,0.003,,,,
1633,0.127,,0.002,0.0645,0.222,0.07150000000000001,,0.025,1.875,,,,0.0985,,0.0,0.001,,,,,0.003,0.003,,,,
1634,0.127,,0.002,0.064,1.902,0.07150000000000001,,0.025,1.2665,,,,0.099,,0.0,0.001,,,,,0.003,0.003,,,,
1635,0.127,,0.002,0.064,1.137,0.07150000000000001,,0.025,0.631,,,,0.099,,0.0,0.001,,,,,0.003,0.003,,,,
1636,0.127,,0.002,0.064,0.021,0.07150000000000001,,0.025,0.9219999999999999,,,,0.0985,,0.0,0.001,,,,,0.003,0.003,,,,
1637,0.127,,0.002,0.0645,2.2385,0.07100000000000001,,0.025,2.4625000000000004,,,,0.098,,0.0,0.001,,,,,0.003,0.003,,,,
1638,0.127,,0.002,0.064,1.716,0.07150000000000001,,0.025,1.5145,,,,0.092,,0.0,0.001,,,,,0.003,0.003,,,,
1639,0.1275,,0.002,0.064,0.40650000000000003,0.07150000000000001,,0.025,0.6809999999999999,,,,0.0925,,0.0,0.001,,,,,0.003,0.003,,,,
1640,0.127,,0.002,0.064,0.5845,0.07150000000000001,,0.025,1.093,,,,0.092,,0.0,0.001,,,,,0.003,0.003,,,,
1641,0.127,,0.002,0.0645,3.5415,0.07100000000000001,,0.025,1.436,,,,0.092,,0.0,0.001,,,,,0.003,0.003,,,,
1642,0.127,,0.002,0.064,0.10950000000000001,0.07100000000000001,,0.025,1.185,,,,0.0925,,0.0,0.001,,,,,0.003,0.003,,,,
1643,0.127,,0.002,0.064,0.1535,0.07100000000000001,,0.025,3.3425,,,,0.0935,,0.0,0.001,,,,,0.003,0.003,,,,
1644,0.127,,0.002,0.065,0.328,0.07150000000000001,,0.025,2.7,,,,0.093,,0.0,0.001,,,,,0.003,0.003,,,,
1645,0.127,,0.002,0.064,1.6295,0.07150000000000001,,0.025,3.6725000000000003,,,,0.0925,,0.0,0.001,,,,,0.003,0.003,,,,
1646,0.1275,,0.002,0.064,2.015,0.07200000000000001,,0.025,0.3205,,,,0.0925,,0.0,0.001,,,,,0.003,0.003,,,,
1647,0.127,,0.002,0.064,2.7375000000000003,0.07150000000000001,,0.025,1.7875,,,,0.092,,0.0,0.001,,,,,0.003,0.003,,,,
1648,0.127,,0.002,0.064,0.28950000000000004,0.07150000000000001,,0.025,1.0030000000000001,,,,0.0925,,0.0,0.001,,,,,0.003,0.003,,,,
1649,0.1275,,0.002,0.064,1.9405,0.07150000000000001,,0.025,0.047,,,,0.0925,,0.0,0.001,,,,,0.003,0.003,,,,
1650,0.1275,,0.002,0.064,1.265,0.07200000000000001,,0.025,1.6335,,,,0.0925,,0.0,0.001,,,,,0.003,0.003,,,,
1651,0.1275,,0.002,0.064,0.394,0.07100000000000001,,0.025,0.35450000000000004,,,,0.0925,,0.0,0.001,,,,,0.003,0.003,,,,
1652,0.127,,0.002,0.064,1.7409999999999999,0.07100000000000001,,0.025,0.7875,,,,0.093,,0.0,0.001,,,,,0.003,0.003,,,,
1653,0.127,,0.002,0.064,3.4074999999999998,0.07100000000000001,,0.025,1.6315,,,,0.093,,0.0,0.001,,,,,0.003,0.003,,,,
1654,0.1265,,0.002,0.064,0.35100000000000003,0.07150000000000001,,0.025,0.5605,,,,0.093,,0.0,0.001,,,,,0.003,0.003,,,,
1655,0.127,,0.002,0.064,1.6585,0.07150000000000001,,0.025,1.336,,,,0.093,,0.0,0.001,,,,,0.003,0.003,,,,
1656,0.127,,0.002,0.064,1.1425,0.07150000000000001,,0.025,0.248,,,,0.0925,,0.0,0.001,,,,,0.003,0.003,,,,
1657,0.128,,0.002,0.064,0.29550000000000004,0.07100000000000001,,0.025,0.7595000000000001,,,,0.092,,0.0,0.001,,,,,0.003,0.003,,,,
1658,0.127,,0.002,0.0645,1.8985,0.07150000000000001,,0.025,0.864,,,,0.093,,0.0,0.001,,,,,0.003,0.003,,,,
1659,0.1275,,0.002,0.065,1.719,0.07150000000000001,,0.025,1.168,,,,0.0925,,0.0,0.001,,,,,0.003,0.003,,,,
1660,0.127,,0.002,0.064,0.1675,0.07150000000000001,,0.025,1.113,,,,0.0925,,0.0,0.001,,,,,0.003,0.003,,,,
1661,0.1275,,0.002,0.064,1.551,0.07150000000000001,,0.025,1.5414999999999999,,,,0.093,,0.0,0.001,,,,,0.003,0.003,,,,
1662,0.127,,0.002,0.064,3.4050000000000002,0.07100000000000001,,0.025,0.2615,,,,0.093,,0.0,0.001,,,,,0.003,0.003,,,,
1663,0.1275,,0.002,0.064,0.07050000000000001,0.07100000000000001,,0.025,0.2585,,,,0.0925,,0.0,0.001,,,,,0.003,0.003,,,,
1664,0.1265,,0.002,0.0645,1.793,0.07150000000000001,,0.025,1.136,,,,0.0925,,0.0,0.001,,,,,0.003,0.003,,,,
1665,0.127,,0.002,0.064,0.060500000000000005,0.07150000000000001,,0.025,0.7805,,,,0.093,,0.0,0.001,,,,,0.003,0.003,,,,
1666,0.127,,0.002,0.064,1.521,0.07100000000000001,,0.025,0.1545,,,,0.093,,0.0,0.001,,,,,0.003,0.003,,,,
1667,0.1275,,0.002,0.064,1.3425,0.07200000000000001,,0.025,1.0405,,,,0.093,,0.0,0.001,,,,,0.003,0.003,,,,
1668,0.127,,0.002,0.064,2.5970000000000004,0.07200000000000001,,0.025,0.28900000000000003,,,,0.0875,,0.0,0.001,,,,,0.003,0.003,,,,
1669,0.1265,,0.002,0.0645,0.29150000000000004,0.07150000000000001,,0.025,1.2405,,,,0.08700000000000001,,0.0,0.001,,,,,0.003,0.003,,,,
1670,0.1275,,0.002,0.064,1.5855,0.07100000000000001,,0.025,0.1015,,,,0.0875,,0.0,0.001,,,,,0.003,0.003,,,,
1671,0.1265,,0.002,0.064,0.7919999999999999,0.07200000000000001,,0.025,0.9680000000000001,,,,0.0875,,0.0,0.001,,,,,0.003,0.003,,,,
1672,0.127,,0.002,0.064,0.504,0.07150000000000001,,0.025,0.48250000000000004,,,,0.08700000000000001,,0.0,0.001,,,,,0.003,0.003,,,,
1673,0.1265,,0.002,0.064,1.974,0.07100000000000001,,0.025,0.604,,,,0.08700000000000001,,0.0,0.001,,,,,0.003,0.003,,,,
1674,0.1275,,0.002,0.0645,0.72,0.07150000000000001,,0.025,0.8350000000000001,,,,0.08700000000000001,,0.0,0.001,,,,,0.003,0.003,,,,
1675,0.1265,,0.002,0.0645,0.41250000000000003,0.07200000000000001,,0.025,0.1575,,,,0.08700000000000001,,0.0,0.001,,,,,0.003,0.003,,,,
1676,0.127,,0.002,0.064,1.825,0.07100000000000001,,0.025,1.27,,,,0.0875,,0.0,0.001,,,,,0.003,0.003,,,,
1677,0.1265,,0.002,0.0645,0.8594999999999999,0.07100000000000001,,0.025,1.359,,,,0.08700000000000001,,0.0,0.001,,,,,0.003,0.003,,,,
1678,0.1265,,0.002,0.064,0.577,0.07150000000000001,,0.025,0.17650000000000002,,,,0.08700000000000001,,0.0,0.001,,,,,0.003,0.003,,,,
1679,0.1265,,0.002,0.064,1.9355,0.07150000000000001,,0.025,0.6685,,,,0.08700000000000001,,0.0,0.001,,,,,0.003,0.003,,,,
1680,0.1265,,0.002,0.064,0.8775,0.07200000000000001,,0.025,1.418,,,,0.088,,0.0,0.001,,,,,0.003,0.003,,,,
1681,0.127,,0.002,0.064,0.342,0.07100000000000001,,0.025,1.4845,,,,0.08700000000000001,,0.0,0.001,,,,,0.003,0.003,,,,
1682,0.127,,0.002,0.064,0.1555,0.07150000000000001,,0.025,0.4025,,,,0.08700000000000001,,0.0,0.001,,,,,0.003,0.003,,,,
1683,0.1265,,0.002,0.065,1.1005,0.07150000000000001,,0.025,0.9630000000000001,,,,0.08700000000000001,,0.0,0.001,,,,,0.003,0.003,,,,
1684,0.1265,,0.002,0.064,2.7565000000000004,0.07100000000000001,,0.025,3.388,,,,0.08700000000000001,,0.0,0.001,,,,,0.003,0.003,,,,
1685,0.1265,,0.002,0.064,1.8435,0.07100000000000001,,0.025,0.8045,,,,0.087,,0.0,0.001,,,,,0.003,0.003,,,,
1686,0.127,,0.002,0.064,0.0685,0.07100000000000001,,0.025,1.5245,,,,0.08700000000000001,,0.0,0.001,,,,,0.003,0.003,,,,
1687,0.127,,0.002,0.064,1.3895,0.07100000000000001,,0.025,0.3005,,,,0.0875,,0.0,0.001,,,,,0.003,0.003,,,,
1688,0.127,,0.002,0.064,2.3155,0.07150000000000001,,0.025,1.072,,,,0.0875,,0.0,0.001,,,,,0.003,0.003,,,,
1689,0.1275,,0.002,0.064,2.709,0.07100000000000001,,0.025,1.3565,,,,0.0875,,0.0,0.001,,,,,0.003,0.003,,,,
1690,0.1265,,0.002,0.0645,0.5115000000000001,0.07100000000000001,,0.025,1.385,,,,0.08700000000000001,,0.0,0.001,,,,,0.003,0.003,,,,
1691,0.127,,0.002,0.064,1.9245,0.07150000000000001,,0.025,0.448,,,,0.088,,0.0,0.001,,,,,0.003,0.003,,,,
1692,0.1265,,0.002,0.064,1.6360000000000001,0.07100000000000001,,0.025,1.1179999999999999,,,,0.0875,,0.0,0.001,,,,,0.003,0.003,,,,
1693,0.127,,0.002,0.064,0.3245,0.07100000000000001,,0.025,1.1945,,,,0.0875,,0.0,0.001,,,,,0.003,0.003,,,,
1694,0.127,,0.002,0.064,1.9725,0.07100000000000001,,0.025,0.305,,,,0.0875,,0.0,0.001,,,,,0.003,0.003,,,,
1695,0.1265,,0.002,0.0645,3.3045000000000004,0.07150000000000001,,0.025,0.4615,,,,0.08700000000000001,,0.0,0.001,,,,,0.003,0.003,,,,
1696,0.1265,,0.002,0.065,0.6104999999999999,0.07200000000000001,,0.025,0.6649999999999999,,,,0.08700000000000001,,0.0,0.001,,,,,0.003,0.003,,,,
1697,0.127,,0.002,0.064,1.6595,0.07150000000000001,,0.025,1.4204999999999999,,,,0.0875,,0.0,0.001,,,,,0.003,0.003,,,,
1698,0.127,,0.002,0.0645,3.4880000000000004,0.07150000000000001,,0.025,1.6219999999999999,,,,0.08700000000000001,,0.0,0.001,,,,,0.003,0.003,,,,
1699,0.127,,0.002,0.064,0.433,0.07100000000000001,,0.025,0.28700000000000003,,,,0.0875,,0.0,0.001,,,,,0.003,0.003,,,,
1700,0.127,,0.002,0.0645,2.0765000000000002,0.07150000000000001,,0.025,0.10300000000000001,,,,0.08700000000000001,,0.0,0.001,,,,,0.003,0.003,,,,
1701,0.127,,0.002,0.0645,1.0305,0.07100000000000001,,0.025,1.209,,,,0.0875,,0.0,0.001,,,,,0.003,0.003,,,,
1702,0.1265,,0.002,0.0645,0.5615,0.07100000000000001,,0.025,1.74,,,,0.08700000000000001,,0.0,0.001,,,,,0.003,0.003,,,,
1703,0.127,,0.002,0.064,2.2655000000000003,0.07100000000000001,,0.025,0.6164999999999999,,,,0.0875,,0.0,0.001,,,,,0.003,0.003,,,,
1704,0.127,,0.002,0.0645,0.8105,0.07100000000000001,,0.025,1.847,,,,0.0875,,0.0,0.001,,,,,0.003,0.003,,,,
1705,0.127,,0.002,0.0645,0.4565,0.07100000000000001,,0.025,0.72,,,,0.0875,,0.0,0.001,,,,,0.003,0.003,,,,
1706,0.1265,,0.002,0.0645,1.4809999999999999,0.07150000000000001,,0.025,0.1625,,,,0.088,,0.0,0.001,,,,,0.003,0.003,,,,
1707,0.127,,0.002,0.0645,0.7865,0.07200000000000001,,0.025,0.6645,,,,0.0875,,0.0,0.001,,,,,0.003,0.003,,,,
1708,0.1265,,0.002,0.064,0.9455,0.07150000000000001,,0.025,0.5795,,,,0.0885,,0.0,0.001,,,,,0.003,0.003,,,,
1709,0.1265,,0.002,0.064,2.001,0.07150000000000001,,0.025,0.3685,,,,0.0875,,0.0,0.001,,,,,0.003,0.003,,,,
1710,0.127,,0.002,0.064,0.9265,0.07150000000000001,,0.025,1.459,,,,0.08700000000000001,,0.0,0.001,,,,,0.003,0.003,,,,
1711,0.1265,,0.002,0.064,0.8594999999999999,0.07150000000000001,,0.025,1.1755,,,,0.0875,,0.0,0.001,,,,,0.003,0.003,,,,
1712,0.1265,,0.002,0.064,2.3415000000000004,0.07100000000000001,,0.025,0.7354999999999999,,,,0.088,,0.0,0.001,,,,,0.003,0.003,,,,
1713,0.1265,,0.002,0.0645,0.8265,0.07100000000000001,,0.025,1.5735,,,,0.08700000000000001,,0.0,0.001,,,,,0.003,0.003,,,,
1714,0.1265,,0.002,0.0645,0.455,0.07200000000000001,,0.025,1.0005,,,,0.088,,0.0,0.001,,,,,0.003,0.003,,,,
1715,0.127,,0.002,0.0645,1.9355,0.07150000000000001,,0.025,1.341,,,,0.088,,0.0,0.001,,,,,0.003,0.003,,,,
1716,0.127,,0.002,0.064,0.7935,0.07200000000000001,,0.025,1.3335,,,,0.088,,0.0,0.001,,,,,0.003,0.003,,,,
1717,0.1275,,0.002,0.064,0.49,0.07100000000000001,,0.025,0.29300000000000004,,,,0.0875,,0.0,0.001,,,,,0.003,0.003,,,,
1718,0.1265,,0.002,0.0645,1.8085,0.07150000000000001,,0.025,0.332,,,,0.0875,,0.0,0.001,,,,,0.003,0.003,,,,
1719,0.1265,,0.002,0.0645,1.0015,0.07150000000000001,,0.025,2.386,,,,0.088,,0.0,0.001,,,,,0.003,0.003,,,,
1720,0.1265,,0.002,0.064,0.6865,0.07200000000000001,,0.025,0.4455,,,,0.088,,0.0,0.001,,,,,0.003,0.003,,,,
1721,0.1265,,0.002,0.064,1.9055,0.07150000000000001,,0.025,0.8265,,,,0.0885,,0.0,0.001,,,,,0.003,0.003,,,,
1722,0.1265,,0.002,0.0645,0.833,0.07150000000000001,,0.025,1.2954999999999999,,,,0.0875,,0.0,0.001,,,,,0.003,0.003,,,,
1723,0.127,,0.002,0.064,0.47950000000000004,0.07100000000000001,,0.025,1.378,,,,0.088,,0.0,0.001,,,,,0.003,0.003,,,,
1724,0.126,,0.002,0.0645,2.0645000000000002,0.07150000000000001,,0.025,0.454,,,,0.0875,,0.0,0.001,,,,,0.003,0.003,,,,
1725,0.1265,,0.002,0.064,0.8785,0.07150000000000001,,0.025,1.1165,,,,0.088,,0.0,0.001,,,,,0.003,0.003,,,,
1726,0.127,,0.002,0.0645,0.515,0.07150000000000001,,0.025,0.266,,,,0.0875,,0.0,0.001,,,,,0.003,0.003,,,,
1727,0.127,,0.002,0.064,2.027,0.07200000000000001,,0.025,0.11000000000000001,,,,0.0885,,0.0,0.001,,,,,0.003,0.003,,,,
1728,0.127,,0.002,0.0645,0.813,0.07100000000000001,,0.025,0.6529999999999999,,,,0.0875,,0.0,0.001,,,,,0.003,0.003,,,,
1729,0.127,,0.002,0.064,0.3345,0.07100000000000001,,0.025,0.5725,,,,0.088,,0.0,0.001,,,,,0.003,0.003,,,,
1730,0.1275,,0.002,0.0645,1.7585,0.07100000000000001,,0.025,0.4385,,,,0.0875,,0.0,0.001,,,,,0.003,0.003,,,,
1731,0.127,,0.002,0.0645,0.8039999999999999,0.07100000000000001,,0.025,1.3699999999999999,,,,0.088,,0.0,0.001,,,,,0.003,0.003,,,,
